2026-03-02 01:42:39 [INFO] File logging enabled: C:\Users\bwang\Documents\GitHub\CL_Analyst\data\logs\live_trader_cid13.log
2026-03-02 01:42:39 [INFO] ============================================================
2026-03-02 01:42:39 [INFO] LiveTrader starting (dry_run=False)
2026-03-02 01:42:39 [INFO] ============================================================
2026-03-02 01:42:39 [INFO] Connecting to IBKR at 127.0.0.1:4002 ...
2026-03-02 01:42:39 [INFO] Attempting IBKR connection on 127.0.0.1:4002 (clientId=13) ...
2026-03-02 01:42:39 [INFO] Connecting to 127.0.0.1:4002 with clientId 13...
2026-03-02 01:42:39 [INFO] Connected
2026-03-02 01:42:39 [INFO] Logged on to server version 176
2026-03-02 01:42:39 [INFO] openOrder: Trade(contract=Future(conId=304037436, symbol='CL', lastTradeDateOrContractMonth='20260320', right='?', multiplier='1000', exchange='NYMEX', currency='USD', localSymbol='CLJ6', tradingClass='CL'), order=Order(orderId=13, clientId=13, permId=1360351957, action='BUY', totalQuantity=2.0, orderType='STP', lmtPrice=0.0, auxPrice=72.85, tif='GTC', ocaGroup='1360351955', ocaType=3, parentId=11, displaySize=2147483647, triggerMethod=1, outsideRth=True, trailStopPrice=72.85, openClose='', volatilityType=0, deltaNeutralOrderType='None', referencePriceType=0, account='DU1899929', clearingIntent='IB', adjustedOrderType='None', cashQty=0.0, dontUseAutoPriceForHedge=True), orderStatus=OrderStatus(orderId=13, status='PreSubmitted', filled=0.0, remaining=0.0, avgFillPrice=0.0, permId=0, parentId=0, lastFillPrice=0.0, clientId=0, whyHeld='', mktCapPrice=0.0), fills=[], log=[], advancedError='')
2026-03-02 01:42:39 [INFO] orderStatus: Trade(contract=Future(conId=304037436, symbol='CL', lastTradeDateOrContractMonth='20260320', right='?', multiplier='1000', exchange='NYMEX', currency='USD', localSymbol='CLJ6', tradingClass='CL'), order=Order(orderId=13, clientId=13, permId=1360351957, action='BUY', totalQuantity=2.0, orderType='STP', lmtPrice=0.0, auxPrice=72.85, tif='GTC', ocaGroup='1360351955', ocaType=3, parentId=11, displaySize=2147483647, triggerMethod=1, outsideRth=True, trailStopPrice=72.85, openClose='', volatilityType=0, deltaNeutralOrderType='None', referencePriceType=0, account='DU1899929', clearingIntent='IB', adjustedOrderType='None', cashQty=0.0, dontUseAutoPriceForHedge=True), orderStatus=OrderStatus(orderId=13, status='PreSubmitted', filled=0.0, remaining=2.0, avgFillPrice=0.0, permId=1360351957, parentId=11, lastFillPrice=0.0, clientId=13, whyHeld='trigger', mktCapPrice=0.0), fills=[], log=[TradeLogEntry(time=datetime.datetime(2026, 3, 2, 9, 42, 39, 549746, tzinfo=datetime.timezone.utc), status='PreSubmitted', message='', errorCode=0)], advancedError='')
2026-03-02 01:42:39 [INFO] openOrder: Trade(contract=Future(conId=304037436, symbol='CL', lastTradeDateOrContractMonth='20260320', right='?', multiplier='1000', exchange='NYMEX', currency='USD', localSymbol='CLJ6', tradingClass='CL'), order=Order(orderId=12, clientId=13, permId=1360351956, action='BUY', totalQuantity=2.0, orderType='LMT', lmtPrice=70.78, auxPrice=0.0, tif='GTC', ocaGroup='1360351955', ocaType=3, parentId=11, displaySize=2147483647, trailStopPrice=71.78, openClose='', volatilityType=0, deltaNeutralOrderType='None', referencePriceType=0, account='DU1899929', clearingIntent='IB', adjustedOrderType='None', cashQty=0.0, dontUseAutoPriceForHedge=True), orderStatus=OrderStatus(orderId=12, status='Submitted', filled=0.0, remaining=0.0, avgFillPrice=0.0, permId=0, parentId=0, lastFillPrice=0.0, clientId=0, whyHeld='', mktCapPrice=0.0), fills=[], log=[], advancedError='')
2026-03-02 01:42:39 [INFO] orderStatus: Trade(contract=Future(conId=304037436, symbol='CL', lastTradeDateOrContractMonth='20260320', right='?', multiplier='1000', exchange='NYMEX', currency='USD', localSymbol='CLJ6', tradingClass='CL'), order=Order(orderId=12, clientId=13, permId=1360351956, action='BUY', totalQuantity=2.0, orderType='LMT', lmtPrice=70.78, auxPrice=0.0, tif='GTC', ocaGroup='1360351955', ocaType=3, parentId=11, displaySize=2147483647, trailStopPrice=71.78, openClose='', volatilityType=0, deltaNeutralOrderType='None', referencePriceType=0, account='DU1899929', clearingIntent='IB', adjustedOrderType='None', cashQty=0.0, dontUseAutoPriceForHedge=True), orderStatus=OrderStatus(orderId=12, status='Submitted', filled=0.0, remaining=2.0, avgFillPrice=0.0, permId=1360351956, parentId=11, lastFillPrice=0.0, clientId=13, whyHeld='', mktCapPrice=0.0), fills=[], log=[TradeLogEntry(time=datetime.datetime(2026, 3, 2, 9, 42, 39, 550756, tzinfo=datetime.timezone.utc), status='Submitted', message='', errorCode=0)], advancedError='')
2026-03-02 01:42:39 [INFO] openOrder: Trade(contract=Future(conId=304037436, symbol='CL', lastTradeDateOrContractMonth='20260320', right='?', multiplier='1000', exchange='NYMEX', currency='USD', localSymbol='CLJ6', tradingClass='CL'), order=Order(orderId=10, clientId=13, permId=1360351952, action='BUY', totalQuantity=2.0, orderType='STP', lmtPrice=0.0, auxPrice=73.17, tif='GTC', ocaGroup='1360351950', ocaType=3, parentId=8, displaySize=2147483647, triggerMethod=1, outsideRth=True, trailStopPrice=73.17, openClose='', volatilityType=0, deltaNeutralOrderType='None', referencePriceType=0, account='DU1899929', clearingIntent='IB', adjustedOrderType='None', cashQty=0.0, dontUseAutoPriceForHedge=True), orderStatus=OrderStatus(orderId=10, status='PreSubmitted', filled=0.0, remaining=0.0, avgFillPrice=0.0, permId=0, parentId=0, lastFillPrice=0.0, clientId=0, whyHeld='', mktCapPrice=0.0), fills=[], log=[], advancedError='')
2026-03-02 01:42:39 [INFO] orderStatus: Trade(contract=Future(conId=304037436, symbol='CL', lastTradeDateOrContractMonth='20260320', right='?', multiplier='1000', exchange='NYMEX', currency='USD', localSymbol='CLJ6', tradingClass='CL'), order=Order(orderId=10, clientId=13, permId=1360351952, action='BUY', totalQuantity=2.0, orderType='STP', lmtPrice=0.0, auxPrice=73.17, tif='GTC', ocaGroup='1360351950', ocaType=3, parentId=8, displaySize=2147483647, triggerMethod=1, outsideRth=True, trailStopPrice=73.17, openClose='', volatilityType=0, deltaNeutralOrderType='None', referencePriceType=0, account='DU1899929', clearingIntent='IB', adjustedOrderType='None', cashQty=0.0, dontUseAutoPriceForHedge=True), orderStatus=OrderStatus(orderId=10, status='PreSubmitted', filled=0.0, remaining=2.0, avgFillPrice=0.0, permId=1360351952, parentId=8, lastFillPrice=0.0, clientId=13, whyHeld='trigger', mktCapPrice=0.0), fills=[], log=[TradeLogEntry(time=datetime.datetime(2026, 3, 2, 9, 42, 39, 552285, tzinfo=datetime.timezone.utc), status='PreSubmitted', message='', errorCode=0)], advancedError='')
2026-03-02 01:42:39 [INFO] openOrder: Trade(contract=Future(conId=304037436, symbol='CL', lastTradeDateOrContractMonth='20260320', right='?', multiplier='1000', exchange='NYMEX', currency='USD', localSymbol='CLJ6', tradingClass='CL'), order=Order(orderId=9, clientId=13, permId=1360351951, action='BUY', totalQuantity=2.0, orderType='LMT', lmtPrice=71.1, auxPrice=0.0, tif='GTC', ocaGroup='1360351950', ocaType=3, parentId=8, displaySize=2147483647, trailStopPrice=72.1, openClose='', volatilityType=0, deltaNeutralOrderType='None', referencePriceType=0, account='DU1899929', clearingIntent='IB', adjustedOrderType='None', cashQty=0.0, dontUseAutoPriceForHedge=True), orderStatus=OrderStatus(orderId=9, status='Submitted', filled=0.0, remaining=0.0, avgFillPrice=0.0, permId=0, parentId=0, lastFillPrice=0.0, clientId=0, whyHeld='', mktCapPrice=0.0), fills=[], log=[], advancedError='')
2026-03-02 01:42:39 [INFO] orderStatus: Trade(contract=Future(conId=304037436, symbol='CL', lastTradeDateOrContractMonth='20260320', right='?', multiplier='1000', exchange='NYMEX', currency='USD', localSymbol='CLJ6', tradingClass='CL'), order=Order(orderId=9, clientId=13, permId=1360351951, action='BUY', totalQuantity=2.0, orderType='LMT', lmtPrice=71.1, auxPrice=0.0, tif='GTC', ocaGroup='1360351950', ocaType=3, parentId=8, displaySize=2147483647, trailStopPrice=72.1, openClose='', volatilityType=0, deltaNeutralOrderType='None', referencePriceType=0, account='DU1899929', clearingIntent='IB', adjustedOrderType='None', cashQty=0.0, dontUseAutoPriceForHedge=True), orderStatus=OrderStatus(orderId=9, status='Submitted', filled=0.0, remaining=2.0, avgFillPrice=0.0, permId=1360351951, parentId=8, lastFillPrice=0.0, clientId=13, whyHeld='', mktCapPrice=0.0), fills=[], log=[TradeLogEntry(time=datetime.datetime(2026, 3, 2, 9, 42, 39, 552285, tzinfo=datetime.timezone.utc), status='Submitted', message='', errorCode=0)], advancedError='')
2026-03-02 01:42:39 [INFO] Warning 2104, reqId -1: Market data farm connection is OK:usfarm
2026-03-02 01:42:39 [INFO] Warning 2106, reqId -1: HMDS data farm connection is OK:ushmds
2026-03-02 01:42:39 [INFO] Warning 2158, reqId -1: Sec-def data farm connection is OK:secdefnj
2026-03-02 01:42:39 [INFO] API connection ready
2026-03-02 01:42:39 [INFO] position: Position(account='DU1899929', contract=Future(conId=304037436, symbol='CL', lastTradeDateOrContractMonth='20260320', multiplier='1000', currency='USD', localSymbol='CLJ6', tradingClass='CL'), position=-4.0, avgCost=72072.63)
2026-03-02 01:42:39 [INFO] updatePortfolio: PortfolioItem(contract=Future(conId=304037436, symbol='CL', lastTradeDateOrContractMonth='20260320', right='0', multiplier='1000', primaryExchange='NYMEX', currency='USD', localSymbol='CLJ6', tradingClass='CL'), position=-4.0, marketPrice=72.05999755, marketValue=-288239.99, averageCost=72072.63, unrealizedPNL=50.53, realizedPNL=0.0, account='DU1899929')
2026-03-02 01:42:39 [INFO] execDetails Execution(execId='0000e1a7.69a54fc5.01.01', time=datetime.datetime(2026, 3, 2, 9, 10, 13, tzinfo=datetime.timezone.utc), acctNumber='DU1899929', exchange='NYMEX', side='SLD', shares=1.0, price=71.92, permId=1360351955, clientId=13, orderId=11, liquidation=0, cumQty=1.0, avgPrice=71.92, orderRef='', evRule='', evMultiplier=0.0, modelCode='', lastLiquidity=1)
2026-03-02 01:42:39 [INFO] execDetails Execution(execId='0000e1a7.69a54fc6.01.01', time=datetime.datetime(2026, 3, 2, 9, 10, 13, tzinfo=datetime.timezone.utc), acctNumber='DU1899929', exchange='NYMEX', side='SLD', shares=1.0, price=71.92, permId=1360351955, clientId=13, orderId=11, liquidation=0, cumQty=2.0, avgPrice=71.92, orderRef='', evRule='', evMultiplier=0.0, modelCode='', lastLiquidity=1)
2026-03-02 01:42:39 [INFO] execDetails Execution(execId='0000e1a7.69a55356.01.01', time=datetime.datetime(2026, 3, 2, 9, 24, 24, tzinfo=datetime.timezone.utc), acctNumber='DU1899929', exchange='NYMEX', side='SLD', shares=1.0, price=72.23, permId=1360351950, clientId=13, orderId=8, liquidation=0, cumQty=1.0, avgPrice=72.23, orderRef='', evRule='', evMultiplier=0.0, modelCode='', lastLiquidity=1)
2026-03-02 01:42:39 [INFO] execDetails Execution(execId='0000e1a7.69a55357.01.01', time=datetime.datetime(2026, 3, 2, 9, 24, 24, tzinfo=datetime.timezone.utc), acctNumber='DU1899929', exchange='NYMEX', side='SLD', shares=1.0, price=72.23, permId=1360351950, clientId=13, orderId=8, liquidation=0, cumQty=2.0, avgPrice=72.23, orderRef='', evRule='', evMultiplier=0.0, modelCode='', lastLiquidity=1)
2026-03-02 01:42:39 [INFO] commissionReport: CommissionReport(execId='0000e1a7.69a54fc5.01.01', commission=2.37, currency='USD', realizedPNL=0.0, yield_=0.0, yieldRedemptionDate=0)
2026-03-02 01:42:39 [INFO] commissionReport: CommissionReport(execId='0000e1a7.69a54fc6.01.01', commission=2.37, currency='USD', realizedPNL=0.0, yield_=0.0, yieldRedemptionDate=0)
2026-03-02 01:42:39 [INFO] commissionReport: CommissionReport(execId='0000e1a7.69a55356.01.01', commission=2.37, currency='USD', realizedPNL=0.0, yield_=0.0, yieldRedemptionDate=0)
2026-03-02 01:42:39 [INFO] commissionReport: CommissionReport(execId='0000e1a7.69a55357.01.01', commission=2.37, currency='USD', realizedPNL=0.0, yield_=0.0, yieldRedemptionDate=0)
2026-03-02 01:42:39 [INFO] Synchronization complete
2026-03-02 01:42:39 [INFO] Connected to IBKR on port 4002 with clientId 13
2026-03-02 01:42:39 [INFO] Connected to IBKR
2026-03-02 01:42:39 [INFO] Qualified CL continuous contract: ContFuture(conId=304037436, symbol='CL', lastTradeDateOrContractMonth='20260320', multiplier='1000', exchange='NYMEX', currency='USD', localSymbol='CLJ6', tradingClass='CL')
2026-03-02 01:42:39 [INFO] Front-month CL contract: CLJ6 (conId=304037436, month=202603)
2026-03-02 01:42:39 [INFO] Front-month contract: CLJ6 (month=202603)
2026-03-02 01:42:40 [INFO] ============================================================
2026-03-02 01:42:40 [INFO]                  ACCOUNT SUMMARY (CL Only)                  
2026-03-02 01:42:40 [INFO] ============================================================
2026-03-02 01:42:40 [INFO]   Account:           DU1899929
2026-03-02 01:42:40 [INFO]   Net Liquidation:   $  1,190,047.33
2026-03-02 01:42:40 [INFO]   Available Funds:   $  1,124,104.41
2026-03-02 01:42:40 [INFO] ------------------------------------------------------------
2026-03-02 01:42:40 [INFO]   CL Position:       SHORT (-4 contracts)
2026-03-02 01:42:40 [INFO]   CL Market Value:   $   -288,239.99
2026-03-02 01:42:40 [INFO]   CL Avg Cost:       $     72,072.63
2026-03-02 01:42:40 [INFO]   CL Unrealized PnL: $         50.53
2026-03-02 01:42:40 [INFO]   CL Realized PnL:   $          0.00
2026-03-02 01:42:40 [INFO] ------------------------------------------------------------
2026-03-02 01:42:40 [INFO]   Trade History (telemetry):
2026-03-02 01:42:40 [INFO]     Total Signals:     10
2026-03-02 01:42:40 [INFO]     Executed Trades:   2
2026-03-02 01:42:40 [INFO]     Bars Recorded:     10
2026-03-02 01:42:40 [INFO]     Date Range:        2026-03-02 → 2026-03-02
2026-03-02 01:42:40 [INFO] ============================================================
2026-03-02 01:42:40 [INFO] Warm-start: initializing via DataManager...
2026-03-02 01:42:40 [INFO] Loading warm-start cache from C:\Users\bwang\Documents\GitHub\CL_Analyst\data\processed\warm_start_cache_cid13.parquet
2026-03-02 01:42:40 [INFO] Cache loaded: 13808 bars, range 2025-12-17 23:50:00 → 2026-03-02 08:50:00
2026-03-02 01:42:40 [INFO] Front-month unchanged: CLJ6 — no rollover.
2026-03-02 01:42:40 [INFO] Backfill gap: 2026-03-02 08:50:00 → 2026-03-02 01:42:40.148806 (-7.1 hours)
2026-03-02 01:42:40 [INFO] Gap < 10 minutes — no backfill needed.
2026-03-02 01:42:40 [INFO] Master ledger loaded: 1221233 bars, range 2008-11-20 00:00:00 → 2026-03-02 08:50:00
2026-03-02 01:42:40 [INFO] Ledger gap < 10 minutes — no IBKR fetch needed.
2026-03-02 01:42:40 [INFO] Master ledger saved: 1221233 bars → C:\Users\bwang\Documents\GitHub\CL_Analyst\data\processed\cl_continuous_master.parquet
2026-03-02 01:42:40 [INFO] Mirrored cl_continuous_master.parquet → C:\CL_Analyst_Data\processed\cl_continuous_master.parquet
2026-03-02 01:42:40 [INFO] Roll metadata saved: front_month=CLJ6
2026-03-02 01:42:40 [INFO] Rolling window initialized: 13808 bars, latest=2026-03-02 08:50:00
2026-03-02 01:42:40 [INFO] Subscribing to live 5-min bars (Brain stream)...
2026-03-02 01:42:41 [INFO] Subscribed to continuous contract live bars
2026-03-02 01:42:41 [INFO] Subscribing to front-month bars (Hands stream: 202603)...
2026-03-02 01:42:41 [INFO] Subscribed to front-month live bars
2026-03-02 01:42:41 [INFO] Entering event loop (poll every 5.0s) ...
2026-03-02 01:42:41 [INFO] Press Ctrl+C to stop.
2026-03-02 01:45:05 [INFO] NEW BAR: 2026-03-02 09:45:00  O=72.14 H=72.14 L=72.11 C=72.13 V=37
2026-03-02 01:45:15 [INFO] INFERENCE [ManateeKoala_Conservative] BOTH: buy_prob=0.1360  sell_prob=0.7597  signal=Sell  action=HOLD  skip=POSITION_OPEN
2026-03-02 01:45:15 [INFO] >>> Sell signal TRIGGERED (prob=0.7597) but SKIPPED: already holding -4 contracts
2026-03-02 01:45:25 [INFO] updatePortfolio: PortfolioItem(contract=Future(conId=304037436, symbol='CL', lastTradeDateOrContractMonth='20260320', right='0', multiplier='1000', primaryExchange='NYMEX', currency='USD', localSymbol='CLJ6', tradingClass='CL'), position=-4.0, marketPrice=72.12999725, marketValue=-288519.99, averageCost=72072.63, unrealizedPNL=-229.47, realizedPNL=0.0, account='DU1899929')
2026-03-02 01:48:25 [INFO] updatePortfolio: PortfolioItem(contract=Future(conId=304037436, symbol='CL', lastTradeDateOrContractMonth='20260320', right='0', multiplier='1000', primaryExchange='NYMEX', currency='USD', localSymbol='CLJ6', tradingClass='CL'), position=-4.0, marketPrice=71.98000335, marketValue=-287920.01, averageCost=72072.63, unrealizedPNL=370.51, realizedPNL=0.0, account='DU1899929')
2026-03-02 01:50:05 [INFO] NEW BAR: 2026-03-02 09:50:00  O=72.09 H=72.09 L=72.08 C=72.08 V=7
2026-03-02 01:50:12 [INFO] INFERENCE [ManateeKoala_Conservative] BOTH: buy_prob=0.1455  sell_prob=0.7443  signal=Sell  action=HOLD  skip=POSITION_OPEN
2026-03-02 01:50:12 [INFO] >>> Sell signal TRIGGERED (prob=0.7443) but SKIPPED: already holding -4 contracts
2026-03-02 01:51:25 [INFO] updatePortfolio: PortfolioItem(contract=Future(conId=304037436, symbol='CL', lastTradeDateOrContractMonth='20260320', right='0', multiplier='1000', primaryExchange='NYMEX', currency='USD', localSymbol='CLJ6', tradingClass='CL'), position=-4.0, marketPrice=72.23000335, marketValue=-288920.01, averageCost=72072.63, unrealizedPNL=-629.49, realizedPNL=0.0, account='DU1899929')
2026-03-02 01:54:25 [INFO] updatePortfolio: PortfolioItem(contract=Future(conId=304037436, symbol='CL', lastTradeDateOrContractMonth='20260320', right='0', multiplier='1000', primaryExchange='NYMEX', currency='USD', localSymbol='CLJ6', tradingClass='CL'), position=-4.0, marketPrice=72.2200012, marketValue=-288880.0, averageCost=72072.63, unrealizedPNL=-589.48, realizedPNL=0.0, account='DU1899929')
2026-03-02 01:55:04 [INFO] NEW BAR: 2026-03-02 09:55:00  O=72.24 H=72.27 L=72.23 C=72.27 V=40
2026-03-02 01:55:10 [INFO] INFERENCE [ManateeKoala_Conservative] BOTH: buy_prob=0.1486  sell_prob=0.7663  signal=Sell  action=HOLD  skip=POSITION_OPEN
2026-03-02 01:55:10 [INFO] >>> Sell signal TRIGGERED (prob=0.7663) but SKIPPED: already holding -4 contracts
2026-03-02 01:55:14 [INFO] File logging enabled: C:\Users\bwang\Documents\GitHub\CL_Analyst\data\logs\live_trader_cid13.log
2026-03-02 01:55:14 [INFO] ============================================================
2026-03-02 01:55:14 [INFO] LiveTrader starting (dry_run=False)
2026-03-02 01:55:14 [INFO] ============================================================
2026-03-02 01:55:14 [INFO] Connecting to IBKR at 127.0.0.1:4002 ...
2026-03-02 01:55:14 [INFO] Attempting IBKR connection on 127.0.0.1:4002 (clientId=13) ...
2026-03-02 01:55:14 [INFO] Connecting to 127.0.0.1:4002 with clientId 13...
2026-03-02 01:55:14 [INFO] Connected
2026-03-02 01:55:14 [INFO] Logged on to server version 176
2026-03-02 01:55:14 [INFO] openOrder: Trade(contract=Future(conId=304037436, symbol='CL', lastTradeDateOrContractMonth='20260320', right='?', multiplier='1000', exchange='NYMEX', currency='USD', localSymbol='CLJ6', tradingClass='CL'), order=Order(orderId=13, clientId=13, permId=1360351957, action='BUY', totalQuantity=2.0, orderType='STP', lmtPrice=0.0, auxPrice=72.85, tif='GTC', ocaGroup='1360351955', ocaType=3, parentId=11, displaySize=2147483647, triggerMethod=1, outsideRth=True, trailStopPrice=72.85, openClose='', volatilityType=0, deltaNeutralOrderType='None', referencePriceType=0, account='DU1899929', clearingIntent='IB', adjustedOrderType='None', cashQty=0.0, dontUseAutoPriceForHedge=True), orderStatus=OrderStatus(orderId=13, status='PreSubmitted', filled=0.0, remaining=0.0, avgFillPrice=0.0, permId=0, parentId=0, lastFillPrice=0.0, clientId=0, whyHeld='', mktCapPrice=0.0), fills=[], log=[], advancedError='')
2026-03-02 01:55:14 [INFO] orderStatus: Trade(contract=Future(conId=304037436, symbol='CL', lastTradeDateOrContractMonth='20260320', right='?', multiplier='1000', exchange='NYMEX', currency='USD', localSymbol='CLJ6', tradingClass='CL'), order=Order(orderId=13, clientId=13, permId=1360351957, action='BUY', totalQuantity=2.0, orderType='STP', lmtPrice=0.0, auxPrice=72.85, tif='GTC', ocaGroup='1360351955', ocaType=3, parentId=11, displaySize=2147483647, triggerMethod=1, outsideRth=True, trailStopPrice=72.85, openClose='', volatilityType=0, deltaNeutralOrderType='None', referencePriceType=0, account='DU1899929', clearingIntent='IB', adjustedOrderType='None', cashQty=0.0, dontUseAutoPriceForHedge=True), orderStatus=OrderStatus(orderId=13, status='PreSubmitted', filled=0.0, remaining=2.0, avgFillPrice=0.0, permId=1360351957, parentId=11, lastFillPrice=0.0, clientId=13, whyHeld='trigger', mktCapPrice=0.0), fills=[], log=[TradeLogEntry(time=datetime.datetime(2026, 3, 2, 9, 55, 14, 580268, tzinfo=datetime.timezone.utc), status='PreSubmitted', message='', errorCode=0)], advancedError='')
2026-03-02 01:55:14 [INFO] openOrder: Trade(contract=Future(conId=304037436, symbol='CL', lastTradeDateOrContractMonth='20260320', right='?', multiplier='1000', exchange='NYMEX', currency='USD', localSymbol='CLJ6', tradingClass='CL'), order=Order(orderId=12, clientId=13, permId=1360351956, action='BUY', totalQuantity=2.0, orderType='LMT', lmtPrice=70.78, auxPrice=0.0, tif='GTC', ocaGroup='1360351955', ocaType=3, parentId=11, displaySize=2147483647, trailStopPrice=71.78, openClose='', volatilityType=0, deltaNeutralOrderType='None', referencePriceType=0, account='DU1899929', clearingIntent='IB', adjustedOrderType='None', cashQty=0.0, dontUseAutoPriceForHedge=True), orderStatus=OrderStatus(orderId=12, status='Submitted', filled=0.0, remaining=0.0, avgFillPrice=0.0, permId=0, parentId=0, lastFillPrice=0.0, clientId=0, whyHeld='', mktCapPrice=0.0), fills=[], log=[], advancedError='')
2026-03-02 01:55:14 [INFO] orderStatus: Trade(contract=Future(conId=304037436, symbol='CL', lastTradeDateOrContractMonth='20260320', right='?', multiplier='1000', exchange='NYMEX', currency='USD', localSymbol='CLJ6', tradingClass='CL'), order=Order(orderId=12, clientId=13, permId=1360351956, action='BUY', totalQuantity=2.0, orderType='LMT', lmtPrice=70.78, auxPrice=0.0, tif='GTC', ocaGroup='1360351955', ocaType=3, parentId=11, displaySize=2147483647, trailStopPrice=71.78, openClose='', volatilityType=0, deltaNeutralOrderType='None', referencePriceType=0, account='DU1899929', clearingIntent='IB', adjustedOrderType='None', cashQty=0.0, dontUseAutoPriceForHedge=True), orderStatus=OrderStatus(orderId=12, status='Submitted', filled=0.0, remaining=2.0, avgFillPrice=0.0, permId=1360351956, parentId=11, lastFillPrice=0.0, clientId=13, whyHeld='', mktCapPrice=0.0), fills=[], log=[TradeLogEntry(time=datetime.datetime(2026, 3, 2, 9, 55, 14, 581781, tzinfo=datetime.timezone.utc), status='Submitted', message='', errorCode=0)], advancedError='')
2026-03-02 01:55:14 [INFO] openOrder: Trade(contract=Future(conId=304037436, symbol='CL', lastTradeDateOrContractMonth='20260320', right='?', multiplier='1000', exchange='NYMEX', currency='USD', localSymbol='CLJ6', tradingClass='CL'), order=Order(orderId=10, clientId=13, permId=1360351952, action='BUY', totalQuantity=2.0, orderType='STP', lmtPrice=0.0, auxPrice=73.17, tif='GTC', ocaGroup='1360351950', ocaType=3, parentId=8, displaySize=2147483647, triggerMethod=1, outsideRth=True, trailStopPrice=73.17, openClose='', volatilityType=0, deltaNeutralOrderType='None', referencePriceType=0, account='DU1899929', clearingIntent='IB', adjustedOrderType='None', cashQty=0.0, dontUseAutoPriceForHedge=True), orderStatus=OrderStatus(orderId=10, status='PreSubmitted', filled=0.0, remaining=0.0, avgFillPrice=0.0, permId=0, parentId=0, lastFillPrice=0.0, clientId=0, whyHeld='', mktCapPrice=0.0), fills=[], log=[], advancedError='')
2026-03-02 01:55:14 [INFO] orderStatus: Trade(contract=Future(conId=304037436, symbol='CL', lastTradeDateOrContractMonth='20260320', right='?', multiplier='1000', exchange='NYMEX', currency='USD', localSymbol='CLJ6', tradingClass='CL'), order=Order(orderId=10, clientId=13, permId=1360351952, action='BUY', totalQuantity=2.0, orderType='STP', lmtPrice=0.0, auxPrice=73.17, tif='GTC', ocaGroup='1360351950', ocaType=3, parentId=8, displaySize=2147483647, triggerMethod=1, outsideRth=True, trailStopPrice=73.17, openClose='', volatilityType=0, deltaNeutralOrderType='None', referencePriceType=0, account='DU1899929', clearingIntent='IB', adjustedOrderType='None', cashQty=0.0, dontUseAutoPriceForHedge=True), orderStatus=OrderStatus(orderId=10, status='PreSubmitted', filled=0.0, remaining=2.0, avgFillPrice=0.0, permId=1360351952, parentId=8, lastFillPrice=0.0, clientId=13, whyHeld='trigger', mktCapPrice=0.0), fills=[], log=[TradeLogEntry(time=datetime.datetime(2026, 3, 2, 9, 55, 14, 582787, tzinfo=datetime.timezone.utc), status='PreSubmitted', message='', errorCode=0)], advancedError='')
2026-03-02 01:55:14 [INFO] openOrder: Trade(contract=Future(conId=304037436, symbol='CL', lastTradeDateOrContractMonth='20260320', right='?', multiplier='1000', exchange='NYMEX', currency='USD', localSymbol='CLJ6', tradingClass='CL'), order=Order(orderId=9, clientId=13, permId=1360351951, action='BUY', totalQuantity=2.0, orderType='LMT', lmtPrice=71.1, auxPrice=0.0, tif='GTC', ocaGroup='1360351950', ocaType=3, parentId=8, displaySize=2147483647, trailStopPrice=72.1, openClose='', volatilityType=0, deltaNeutralOrderType='None', referencePriceType=0, account='DU1899929', clearingIntent='IB', adjustedOrderType='None', cashQty=0.0, dontUseAutoPriceForHedge=True), orderStatus=OrderStatus(orderId=9, status='Submitted', filled=0.0, remaining=0.0, avgFillPrice=0.0, permId=0, parentId=0, lastFillPrice=0.0, clientId=0, whyHeld='', mktCapPrice=0.0), fills=[], log=[], advancedError='')
2026-03-02 01:55:14 [INFO] orderStatus: Trade(contract=Future(conId=304037436, symbol='CL', lastTradeDateOrContractMonth='20260320', right='?', multiplier='1000', exchange='NYMEX', currency='USD', localSymbol='CLJ6', tradingClass='CL'), order=Order(orderId=9, clientId=13, permId=1360351951, action='BUY', totalQuantity=2.0, orderType='LMT', lmtPrice=71.1, auxPrice=0.0, tif='GTC', ocaGroup='1360351950', ocaType=3, parentId=8, displaySize=2147483647, trailStopPrice=72.1, openClose='', volatilityType=0, deltaNeutralOrderType='None', referencePriceType=0, account='DU1899929', clearingIntent='IB', adjustedOrderType='None', cashQty=0.0, dontUseAutoPriceForHedge=True), orderStatus=OrderStatus(orderId=9, status='Submitted', filled=0.0, remaining=2.0, avgFillPrice=0.0, permId=1360351951, parentId=8, lastFillPrice=0.0, clientId=13, whyHeld='', mktCapPrice=0.0), fills=[], log=[TradeLogEntry(time=datetime.datetime(2026, 3, 2, 9, 55, 14, 582787, tzinfo=datetime.timezone.utc), status='Submitted', message='', errorCode=0)], advancedError='')
2026-03-02 01:55:14 [INFO] Warning 2104, reqId -1: Market data farm connection is OK:usfarm
2026-03-02 01:55:14 [INFO] Warning 2106, reqId -1: HMDS data farm connection is OK:ushmds
2026-03-02 01:55:14 [INFO] Warning 2158, reqId -1: Sec-def data farm connection is OK:secdefnj
2026-03-02 01:55:14 [INFO] API connection ready
2026-03-02 01:55:14 [INFO] position: Position(account='DU1899929', contract=Future(conId=304037436, symbol='CL', lastTradeDateOrContractMonth='20260320', multiplier='1000', currency='USD', localSymbol='CLJ6', tradingClass='CL'), position=-4.0, avgCost=72072.63)
2026-03-02 01:55:14 [INFO] updatePortfolio: PortfolioItem(contract=Future(conId=304037436, symbol='CL', lastTradeDateOrContractMonth='20260320', right='0', multiplier='1000', primaryExchange='NYMEX', currency='USD', localSymbol='CLJ6', tradingClass='CL'), position=-4.0, marketPrice=72.2200012, marketValue=-288880.0, averageCost=72072.63, unrealizedPNL=-589.48, realizedPNL=0.0, account='DU1899929')
2026-03-02 01:55:14 [INFO] execDetails Execution(execId='0000e1a7.69a54fc5.01.01', time=datetime.datetime(2026, 3, 2, 9, 10, 13, tzinfo=datetime.timezone.utc), acctNumber='DU1899929', exchange='NYMEX', side='SLD', shares=1.0, price=71.92, permId=1360351955, clientId=13, orderId=11, liquidation=0, cumQty=1.0, avgPrice=71.92, orderRef='', evRule='', evMultiplier=0.0, modelCode='', lastLiquidity=1)
2026-03-02 01:55:14 [INFO] execDetails Execution(execId='0000e1a7.69a54fc6.01.01', time=datetime.datetime(2026, 3, 2, 9, 10, 13, tzinfo=datetime.timezone.utc), acctNumber='DU1899929', exchange='NYMEX', side='SLD', shares=1.0, price=71.92, permId=1360351955, clientId=13, orderId=11, liquidation=0, cumQty=2.0, avgPrice=71.92, orderRef='', evRule='', evMultiplier=0.0, modelCode='', lastLiquidity=1)
2026-03-02 01:55:14 [INFO] execDetails Execution(execId='0000e1a7.69a55356.01.01', time=datetime.datetime(2026, 3, 2, 9, 24, 24, tzinfo=datetime.timezone.utc), acctNumber='DU1899929', exchange='NYMEX', side='SLD', shares=1.0, price=72.23, permId=1360351950, clientId=13, orderId=8, liquidation=0, cumQty=1.0, avgPrice=72.23, orderRef='', evRule='', evMultiplier=0.0, modelCode='', lastLiquidity=1)
2026-03-02 01:55:14 [INFO] execDetails Execution(execId='0000e1a7.69a55357.01.01', time=datetime.datetime(2026, 3, 2, 9, 24, 24, tzinfo=datetime.timezone.utc), acctNumber='DU1899929', exchange='NYMEX', side='SLD', shares=1.0, price=72.23, permId=1360351950, clientId=13, orderId=8, liquidation=0, cumQty=2.0, avgPrice=72.23, orderRef='', evRule='', evMultiplier=0.0, modelCode='', lastLiquidity=1)
2026-03-02 01:55:14 [INFO] commissionReport: CommissionReport(execId='0000e1a7.69a54fc5.01.01', commission=2.37, currency='USD', realizedPNL=0.0, yield_=0.0, yieldRedemptionDate=0)
2026-03-02 01:55:14 [INFO] commissionReport: CommissionReport(execId='0000e1a7.69a54fc6.01.01', commission=2.37, currency='USD', realizedPNL=0.0, yield_=0.0, yieldRedemptionDate=0)
2026-03-02 01:55:14 [INFO] commissionReport: CommissionReport(execId='0000e1a7.69a55356.01.01', commission=2.37, currency='USD', realizedPNL=0.0, yield_=0.0, yieldRedemptionDate=0)
2026-03-02 01:55:14 [INFO] commissionReport: CommissionReport(execId='0000e1a7.69a55357.01.01', commission=2.37, currency='USD', realizedPNL=0.0, yield_=0.0, yieldRedemptionDate=0)
2026-03-02 01:55:14 [INFO] Synchronization complete
2026-03-02 01:55:14 [INFO] Connected to IBKR on port 4002 with clientId 13
2026-03-02 01:55:14 [INFO] Connected to IBKR
2026-03-02 01:55:15 [INFO] Qualified CL continuous contract: ContFuture(conId=304037436, symbol='CL', lastTradeDateOrContractMonth='20260320', multiplier='1000', exchange='NYMEX', currency='USD', localSymbol='CLJ6', tradingClass='CL')
2026-03-02 01:55:15 [INFO] Front-month CL contract: CLJ6 (conId=304037436, month=202603)
2026-03-02 01:55:15 [INFO] Front-month contract: CLJ6 (month=202603)
2026-03-02 01:55:15 [INFO] ============================================================
2026-03-02 01:55:15 [INFO]                  ACCOUNT SUMMARY (CL Only)                  
2026-03-02 01:55:15 [INFO] ============================================================
2026-03-02 01:55:15 [INFO]   Account:           DU1899929
2026-03-02 01:55:15 [INFO]   Net Liquidation:   $  1,189,407.30
2026-03-02 01:55:15 [INFO]   Available Funds:   $  1,123,464.38
2026-03-02 01:55:15 [INFO] ------------------------------------------------------------
2026-03-02 01:55:15 [INFO]   CL Position:       SHORT (-4 contracts)
2026-03-02 01:55:15 [INFO]   CL Market Value:   $   -288,880.00
2026-03-02 01:55:15 [INFO]   CL Avg Cost:       $     72,072.63
2026-03-02 01:55:15 [INFO]   CL Unrealized PnL: $       -589.48
2026-03-02 01:55:15 [INFO]   CL Realized PnL:   $          0.00
2026-03-02 01:55:15 [INFO] ------------------------------------------------------------
2026-03-02 01:55:15 [INFO]   Trade History (telemetry):
2026-03-02 01:55:15 [INFO]     Total Signals:     13
2026-03-02 01:55:15 [INFO]     Executed Trades:   2
2026-03-02 01:55:15 [INFO]     Bars Recorded:     13
2026-03-02 01:55:15 [INFO]     Date Range:        2026-03-02 → 2026-03-02
2026-03-02 01:55:15 [INFO] ============================================================
2026-03-02 01:55:15 [INFO] Warm-start: initializing via DataManager...
2026-03-02 01:55:15 [INFO] Loading warm-start cache from C:\Users\bwang\Documents\GitHub\CL_Analyst\data\processed\warm_start_cache_cid13.parquet
2026-03-02 01:55:15 [INFO] Cache loaded: 13808 bars, range 2025-12-17 23:50:00 → 2026-03-02 08:50:00
2026-03-02 01:55:15 [INFO] Front-month unchanged: CLJ6 — no rollover.
2026-03-02 01:55:15 [INFO] Backfill gap: 2026-03-02 08:50:00 → 2026-03-02 01:55:15.338461 (-6.9 hours)
2026-03-02 01:55:15 [INFO] Gap < 10 minutes — no backfill needed.
2026-03-02 01:55:15 [INFO] Master ledger loaded: 1221233 bars, range 2008-11-20 00:00:00 → 2026-03-02 08:50:00
2026-03-02 01:55:15 [INFO] Ledger gap < 10 minutes — no IBKR fetch needed.
2026-03-02 01:55:15 [INFO] Master ledger saved: 1221233 bars → C:\Users\bwang\Documents\GitHub\CL_Analyst\data\processed\cl_continuous_master.parquet
2026-03-02 01:55:15 [INFO] Mirrored cl_continuous_master.parquet → C:\CL_Analyst_Data\processed\cl_continuous_master.parquet
2026-03-02 01:55:15 [INFO] Roll metadata saved: front_month=CLJ6
2026-03-02 01:55:15 [INFO] Rolling window initialized: 13808 bars, latest=2026-03-02 08:50:00
2026-03-02 01:55:15 [INFO] Subscribing to live 5-min bars (Brain stream)...
2026-03-02 01:55:16 [INFO] Subscribed to continuous contract live bars
2026-03-02 01:55:16 [INFO] Subscribing to front-month bars (Hands stream: 202603)...
2026-03-02 01:55:16 [INFO] Subscribed to front-month live bars
2026-03-02 01:55:16 [INFO] Entering event loop (poll every 5.0s) ...
2026-03-02 01:55:16 [INFO] Press Ctrl+C to stop.
2026-03-02 01:55:28 [INFO] File logging enabled: C:\Users\bwang\Documents\GitHub\CL_Analyst\data\logs\live_trader_cid13.log
2026-03-02 01:55:28 [INFO] ============================================================
2026-03-02 01:55:28 [INFO] LiveTrader starting (dry_run=False)
2026-03-02 01:55:28 [INFO] ============================================================
2026-03-02 01:55:28 [INFO] Connecting to IBKR at 127.0.0.1:4002 ...
2026-03-02 01:55:28 [INFO] Attempting IBKR connection on 127.0.0.1:4002 (clientId=13) ...
2026-03-02 01:55:28 [INFO] Connecting to 127.0.0.1:4002 with clientId 13...
2026-03-02 01:55:28 [INFO] Connected
2026-03-02 01:55:28 [INFO] Logged on to server version 176
2026-03-02 01:55:28 [INFO] openOrder: Trade(contract=Future(conId=304037436, symbol='CL', lastTradeDateOrContractMonth='20260320', right='?', multiplier='1000', exchange='NYMEX', currency='USD', localSymbol='CLJ6', tradingClass='CL'), order=Order(orderId=13, clientId=13, permId=1360351957, action='BUY', totalQuantity=2.0, orderType='STP', lmtPrice=0.0, auxPrice=72.85, tif='GTC', ocaGroup='1360351955', ocaType=3, parentId=11, displaySize=2147483647, triggerMethod=1, outsideRth=True, trailStopPrice=72.85, openClose='', volatilityType=0, deltaNeutralOrderType='None', referencePriceType=0, account='DU1899929', clearingIntent='IB', adjustedOrderType='None', cashQty=0.0, dontUseAutoPriceForHedge=True), orderStatus=OrderStatus(orderId=13, status='PreSubmitted', filled=0.0, remaining=0.0, avgFillPrice=0.0, permId=0, parentId=0, lastFillPrice=0.0, clientId=0, whyHeld='', mktCapPrice=0.0), fills=[], log=[], advancedError='')
2026-03-02 01:55:28 [INFO] orderStatus: Trade(contract=Future(conId=304037436, symbol='CL', lastTradeDateOrContractMonth='20260320', right='?', multiplier='1000', exchange='NYMEX', currency='USD', localSymbol='CLJ6', tradingClass='CL'), order=Order(orderId=13, clientId=13, permId=1360351957, action='BUY', totalQuantity=2.0, orderType='STP', lmtPrice=0.0, auxPrice=72.85, tif='GTC', ocaGroup='1360351955', ocaType=3, parentId=11, displaySize=2147483647, triggerMethod=1, outsideRth=True, trailStopPrice=72.85, openClose='', volatilityType=0, deltaNeutralOrderType='None', referencePriceType=0, account='DU1899929', clearingIntent='IB', adjustedOrderType='None', cashQty=0.0, dontUseAutoPriceForHedge=True), orderStatus=OrderStatus(orderId=13, status='PreSubmitted', filled=0.0, remaining=2.0, avgFillPrice=0.0, permId=1360351957, parentId=11, lastFillPrice=0.0, clientId=13, whyHeld='trigger', mktCapPrice=0.0), fills=[], log=[TradeLogEntry(time=datetime.datetime(2026, 3, 2, 9, 55, 28, 772944, tzinfo=datetime.timezone.utc), status='PreSubmitted', message='', errorCode=0)], advancedError='')
2026-03-02 01:55:28 [INFO] openOrder: Trade(contract=Future(conId=304037436, symbol='CL', lastTradeDateOrContractMonth='20260320', right='?', multiplier='1000', exchange='NYMEX', currency='USD', localSymbol='CLJ6', tradingClass='CL'), order=Order(orderId=12, clientId=13, permId=1360351956, action='BUY', totalQuantity=2.0, orderType='LMT', lmtPrice=70.78, auxPrice=0.0, tif='GTC', ocaGroup='1360351955', ocaType=3, parentId=11, displaySize=2147483647, trailStopPrice=71.78, openClose='', volatilityType=0, deltaNeutralOrderType='None', referencePriceType=0, account='DU1899929', clearingIntent='IB', adjustedOrderType='None', cashQty=0.0, dontUseAutoPriceForHedge=True), orderStatus=OrderStatus(orderId=12, status='Submitted', filled=0.0, remaining=0.0, avgFillPrice=0.0, permId=0, parentId=0, lastFillPrice=0.0, clientId=0, whyHeld='', mktCapPrice=0.0), fills=[], log=[], advancedError='')
2026-03-02 01:55:28 [INFO] orderStatus: Trade(contract=Future(conId=304037436, symbol='CL', lastTradeDateOrContractMonth='20260320', right='?', multiplier='1000', exchange='NYMEX', currency='USD', localSymbol='CLJ6', tradingClass='CL'), order=Order(orderId=12, clientId=13, permId=1360351956, action='BUY', totalQuantity=2.0, orderType='LMT', lmtPrice=70.78, auxPrice=0.0, tif='GTC', ocaGroup='1360351955', ocaType=3, parentId=11, displaySize=2147483647, trailStopPrice=71.78, openClose='', volatilityType=0, deltaNeutralOrderType='None', referencePriceType=0, account='DU1899929', clearingIntent='IB', adjustedOrderType='None', cashQty=0.0, dontUseAutoPriceForHedge=True), orderStatus=OrderStatus(orderId=12, status='Submitted', filled=0.0, remaining=2.0, avgFillPrice=0.0, permId=1360351956, parentId=11, lastFillPrice=0.0, clientId=13, whyHeld='', mktCapPrice=0.0), fills=[], log=[TradeLogEntry(time=datetime.datetime(2026, 3, 2, 9, 55, 28, 774468, tzinfo=datetime.timezone.utc), status='Submitted', message='', errorCode=0)], advancedError='')
2026-03-02 01:55:28 [INFO] openOrder: Trade(contract=Future(conId=304037436, symbol='CL', lastTradeDateOrContractMonth='20260320', right='?', multiplier='1000', exchange='NYMEX', currency='USD', localSymbol='CLJ6', tradingClass='CL'), order=Order(orderId=10, clientId=13, permId=1360351952, action='BUY', totalQuantity=2.0, orderType='STP', lmtPrice=0.0, auxPrice=73.17, tif='GTC', ocaGroup='1360351950', ocaType=3, parentId=8, displaySize=2147483647, triggerMethod=1, outsideRth=True, trailStopPrice=73.17, openClose='', volatilityType=0, deltaNeutralOrderType='None', referencePriceType=0, account='DU1899929', clearingIntent='IB', adjustedOrderType='None', cashQty=0.0, dontUseAutoPriceForHedge=True), orderStatus=OrderStatus(orderId=10, status='PreSubmitted', filled=0.0, remaining=0.0, avgFillPrice=0.0, permId=0, parentId=0, lastFillPrice=0.0, clientId=0, whyHeld='', mktCapPrice=0.0), fills=[], log=[], advancedError='')
2026-03-02 01:55:28 [INFO] orderStatus: Trade(contract=Future(conId=304037436, symbol='CL', lastTradeDateOrContractMonth='20260320', right='?', multiplier='1000', exchange='NYMEX', currency='USD', localSymbol='CLJ6', tradingClass='CL'), order=Order(orderId=10, clientId=13, permId=1360351952, action='BUY', totalQuantity=2.0, orderType='STP', lmtPrice=0.0, auxPrice=73.17, tif='GTC', ocaGroup='1360351950', ocaType=3, parentId=8, displaySize=2147483647, triggerMethod=1, outsideRth=True, trailStopPrice=73.17, openClose='', volatilityType=0, deltaNeutralOrderType='None', referencePriceType=0, account='DU1899929', clearingIntent='IB', adjustedOrderType='None', cashQty=0.0, dontUseAutoPriceForHedge=True), orderStatus=OrderStatus(orderId=10, status='PreSubmitted', filled=0.0, remaining=2.0, avgFillPrice=0.0, permId=1360351952, parentId=8, lastFillPrice=0.0, clientId=13, whyHeld='trigger', mktCapPrice=0.0), fills=[], log=[TradeLogEntry(time=datetime.datetime(2026, 3, 2, 9, 55, 28, 776002, tzinfo=datetime.timezone.utc), status='PreSubmitted', message='', errorCode=0)], advancedError='')
2026-03-02 01:55:28 [INFO] openOrder: Trade(contract=Future(conId=304037436, symbol='CL', lastTradeDateOrContractMonth='20260320', right='?', multiplier='1000', exchange='NYMEX', currency='USD', localSymbol='CLJ6', tradingClass='CL'), order=Order(orderId=9, clientId=13, permId=1360351951, action='BUY', totalQuantity=2.0, orderType='LMT', lmtPrice=71.1, auxPrice=0.0, tif='GTC', ocaGroup='1360351950', ocaType=3, parentId=8, displaySize=2147483647, trailStopPrice=72.1, openClose='', volatilityType=0, deltaNeutralOrderType='None', referencePriceType=0, account='DU1899929', clearingIntent='IB', adjustedOrderType='None', cashQty=0.0, dontUseAutoPriceForHedge=True), orderStatus=OrderStatus(orderId=9, status='Submitted', filled=0.0, remaining=0.0, avgFillPrice=0.0, permId=0, parentId=0, lastFillPrice=0.0, clientId=0, whyHeld='', mktCapPrice=0.0), fills=[], log=[], advancedError='')
2026-03-02 01:55:28 [INFO] orderStatus: Trade(contract=Future(conId=304037436, symbol='CL', lastTradeDateOrContractMonth='20260320', right='?', multiplier='1000', exchange='NYMEX', currency='USD', localSymbol='CLJ6', tradingClass='CL'), order=Order(orderId=9, clientId=13, permId=1360351951, action='BUY', totalQuantity=2.0, orderType='LMT', lmtPrice=71.1, auxPrice=0.0, tif='GTC', ocaGroup='1360351950', ocaType=3, parentId=8, displaySize=2147483647, trailStopPrice=72.1, openClose='', volatilityType=0, deltaNeutralOrderType='None', referencePriceType=0, account='DU1899929', clearingIntent='IB', adjustedOrderType='None', cashQty=0.0, dontUseAutoPriceForHedge=True), orderStatus=OrderStatus(orderId=9, status='Submitted', filled=0.0, remaining=2.0, avgFillPrice=0.0, permId=1360351951, parentId=8, lastFillPrice=0.0, clientId=13, whyHeld='', mktCapPrice=0.0), fills=[], log=[TradeLogEntry(time=datetime.datetime(2026, 3, 2, 9, 55, 28, 776002, tzinfo=datetime.timezone.utc), status='Submitted', message='', errorCode=0)], advancedError='')
2026-03-02 01:55:28 [INFO] Warning 2104, reqId -1: Market data farm connection is OK:usfarm
2026-03-02 01:55:28 [INFO] Warning 2106, reqId -1: HMDS data farm connection is OK:ushmds
2026-03-02 01:55:28 [INFO] Warning 2158, reqId -1: Sec-def data farm connection is OK:secdefnj
2026-03-02 01:55:28 [INFO] API connection ready
2026-03-02 01:55:28 [INFO] position: Position(account='DU1899929', contract=Future(conId=304037436, symbol='CL', lastTradeDateOrContractMonth='20260320', multiplier='1000', currency='USD', localSymbol='CLJ6', tradingClass='CL'), position=-4.0, avgCost=72072.63)
2026-03-02 01:55:28 [INFO] updatePortfolio: PortfolioItem(contract=Future(conId=304037436, symbol='CL', lastTradeDateOrContractMonth='20260320', right='0', multiplier='1000', primaryExchange='NYMEX', currency='USD', localSymbol='CLJ6', tradingClass='CL'), position=-4.0, marketPrice=72.2200012, marketValue=-288880.0, averageCost=72072.63, unrealizedPNL=-589.48, realizedPNL=0.0, account='DU1899929')
2026-03-02 01:55:28 [INFO] execDetails Execution(execId='0000e1a7.69a54fc5.01.01', time=datetime.datetime(2026, 3, 2, 9, 10, 13, tzinfo=datetime.timezone.utc), acctNumber='DU1899929', exchange='NYMEX', side='SLD', shares=1.0, price=71.92, permId=1360351955, clientId=13, orderId=11, liquidation=0, cumQty=1.0, avgPrice=71.92, orderRef='', evRule='', evMultiplier=0.0, modelCode='', lastLiquidity=1)
2026-03-02 01:55:28 [INFO] execDetails Execution(execId='0000e1a7.69a54fc6.01.01', time=datetime.datetime(2026, 3, 2, 9, 10, 13, tzinfo=datetime.timezone.utc), acctNumber='DU1899929', exchange='NYMEX', side='SLD', shares=1.0, price=71.92, permId=1360351955, clientId=13, orderId=11, liquidation=0, cumQty=2.0, avgPrice=71.92, orderRef='', evRule='', evMultiplier=0.0, modelCode='', lastLiquidity=1)
2026-03-02 01:55:28 [INFO] execDetails Execution(execId='0000e1a7.69a55356.01.01', time=datetime.datetime(2026, 3, 2, 9, 24, 24, tzinfo=datetime.timezone.utc), acctNumber='DU1899929', exchange='NYMEX', side='SLD', shares=1.0, price=72.23, permId=1360351950, clientId=13, orderId=8, liquidation=0, cumQty=1.0, avgPrice=72.23, orderRef='', evRule='', evMultiplier=0.0, modelCode='', lastLiquidity=1)
2026-03-02 01:55:28 [INFO] execDetails Execution(execId='0000e1a7.69a55357.01.01', time=datetime.datetime(2026, 3, 2, 9, 24, 24, tzinfo=datetime.timezone.utc), acctNumber='DU1899929', exchange='NYMEX', side='SLD', shares=1.0, price=72.23, permId=1360351950, clientId=13, orderId=8, liquidation=0, cumQty=2.0, avgPrice=72.23, orderRef='', evRule='', evMultiplier=0.0, modelCode='', lastLiquidity=1)
2026-03-02 01:55:28 [INFO] commissionReport: CommissionReport(execId='0000e1a7.69a54fc5.01.01', commission=2.37, currency='USD', realizedPNL=0.0, yield_=0.0, yieldRedemptionDate=0)
2026-03-02 01:55:28 [INFO] commissionReport: CommissionReport(execId='0000e1a7.69a54fc6.01.01', commission=2.37, currency='USD', realizedPNL=0.0, yield_=0.0, yieldRedemptionDate=0)
2026-03-02 01:55:28 [INFO] commissionReport: CommissionReport(execId='0000e1a7.69a55356.01.01', commission=2.37, currency='USD', realizedPNL=0.0, yield_=0.0, yieldRedemptionDate=0)
2026-03-02 01:55:28 [INFO] commissionReport: CommissionReport(execId='0000e1a7.69a55357.01.01', commission=2.37, currency='USD', realizedPNL=0.0, yield_=0.0, yieldRedemptionDate=0)
2026-03-02 01:55:28 [INFO] Synchronization complete
2026-03-02 01:55:28 [INFO] Connected to IBKR on port 4002 with clientId 13
2026-03-02 01:55:28 [INFO] Connected to IBKR
2026-03-02 01:55:28 [INFO] Qualified CL continuous contract: ContFuture(conId=304037436, symbol='CL', lastTradeDateOrContractMonth='20260320', multiplier='1000', exchange='NYMEX', currency='USD', localSymbol='CLJ6', tradingClass='CL')
2026-03-02 01:55:29 [INFO] Front-month CL contract: CLJ6 (conId=304037436, month=202603)
2026-03-02 01:55:29 [INFO] Front-month contract: CLJ6 (month=202603)
2026-03-02 01:55:29 [INFO] ============================================================
2026-03-02 01:55:29 [INFO]                  ACCOUNT SUMMARY (CL Only)                  
2026-03-02 01:55:29 [INFO] ============================================================
2026-03-02 01:55:29 [INFO]   Account:           DU1899929
2026-03-02 01:55:29 [INFO]   Net Liquidation:   $  1,189,407.30
2026-03-02 01:55:29 [INFO]   Available Funds:   $  1,123,464.38
2026-03-02 01:55:29 [INFO] ------------------------------------------------------------
2026-03-02 01:55:29 [INFO]   CL Position:       SHORT (-4 contracts)
2026-03-02 01:55:29 [INFO]   CL Market Value:   $   -288,880.00
2026-03-02 01:55:29 [INFO]   CL Avg Cost:       $     72,072.63
2026-03-02 01:55:29 [INFO]   CL Unrealized PnL: $       -589.48
2026-03-02 01:55:29 [INFO]   CL Realized PnL:   $          0.00
2026-03-02 01:55:29 [INFO] ------------------------------------------------------------
2026-03-02 01:55:29 [INFO]   Trade History (telemetry):
2026-03-02 01:55:29 [INFO]     Total Signals:     13
2026-03-02 01:55:29 [INFO]     Executed Trades:   2
2026-03-02 01:55:29 [INFO]     Bars Recorded:     13
2026-03-02 01:55:29 [INFO]     Date Range:        2026-03-02 → 2026-03-02
2026-03-02 01:55:29 [INFO] ============================================================
2026-03-02 01:55:29 [INFO] Warm-start: initializing via DataManager...
2026-03-02 01:55:29 [INFO] Loading warm-start cache from C:\Users\bwang\Documents\GitHub\CL_Analyst\data\processed\warm_start_cache_cid13.parquet
2026-03-02 01:55:29 [INFO] Cache loaded: 13808 bars, range 2025-12-17 23:50:00 → 2026-03-02 08:50:00
2026-03-02 01:55:29 [INFO] Front-month unchanged: CLJ6 — no rollover.
2026-03-02 01:55:29 [INFO] Backfill gap: 2026-03-02 08:50:00 → 2026-03-02 01:55:29.291319 (-6.9 hours)
2026-03-02 01:55:29 [INFO] Gap < 10 minutes — no backfill needed.
2026-03-02 01:55:29 [INFO] Master ledger loaded: 1221233 bars, range 2008-11-20 00:00:00 → 2026-03-02 08:50:00
2026-03-02 01:55:29 [INFO] Ledger gap < 10 minutes — no IBKR fetch needed.
2026-03-02 01:55:29 [INFO] Master ledger saved: 1221233 bars → C:\Users\bwang\Documents\GitHub\CL_Analyst\data\processed\cl_continuous_master.parquet
2026-03-02 01:55:29 [INFO] Mirrored cl_continuous_master.parquet → C:\CL_Analyst_Data\processed\cl_continuous_master.parquet
2026-03-02 01:55:29 [INFO] Roll metadata saved: front_month=CLJ6
2026-03-02 01:55:29 [INFO] Rolling window initialized: 13808 bars, latest=2026-03-02 08:50:00
2026-03-02 01:55:29 [INFO] Subscribing to live 5-min bars (Brain stream)...
2026-03-02 01:55:30 [INFO] Subscribed to continuous contract live bars
2026-03-02 01:55:30 [INFO] Subscribing to front-month bars (Hands stream: 202603)...
2026-03-02 01:55:30 [INFO] Subscribed to front-month live bars
2026-03-02 01:55:30 [INFO] Entering event loop (poll every 5.0s) ...
2026-03-02 01:55:30 [INFO] Press Ctrl+C to stop.
2026-03-02 01:57:25 [INFO] updatePortfolio: PortfolioItem(contract=Future(conId=304037436, symbol='CL', lastTradeDateOrContractMonth='20260320', right='0', multiplier='1000', primaryExchange='NYMEX', currency='USD', localSymbol='CLJ6', tradingClass='CL'), position=-4.0, marketPrice=72.2900009, marketValue=-289160.0, averageCost=72072.63, unrealizedPNL=-869.48, realizedPNL=0.0, account='DU1899929')
2026-03-02 02:00:04 [INFO] NEW BAR: 2026-03-02 10:00:00  O=72.43 H=72.45 L=72.17 C=72.22 V=472
2026-03-02 02:00:15 [INFO] INFERENCE [ManateeKoala_Conservative] BOTH: buy_prob=0.1348  sell_prob=0.7586  signal=Sell  action=HOLD  skip=POSITION_OPEN
2026-03-02 02:00:15 [INFO] >>> Sell signal TRIGGERED (prob=0.7586) but SKIPPED: already holding -4 contracts
2026-03-02 02:00:25 [INFO] updatePortfolio: PortfolioItem(contract=Future(conId=304037436, symbol='CL', lastTradeDateOrContractMonth='20260320', right='0', multiplier='1000', primaryExchange='NYMEX', currency='USD', localSymbol='CLJ6', tradingClass='CL'), position=-4.0, marketPrice=72.17463685, marketValue=-288698.55, averageCost=72072.63, unrealizedPNL=-408.03, realizedPNL=0.0, account='DU1899929')
2026-03-02 02:03:25 [INFO] updatePortfolio: PortfolioItem(contract=Future(conId=304037436, symbol='CL', lastTradeDateOrContractMonth='20260320', right='0', multiplier='1000', primaryExchange='NYMEX', currency='USD', localSymbol='CLJ6', tradingClass='CL'), position=-4.0, marketPrice=71.42873385, marketValue=-285714.94, averageCost=72072.63, unrealizedPNL=2575.58, realizedPNL=0.0, account='DU1899929')
2026-03-02 02:05:04 [INFO] NEW BAR: 2026-03-02 10:05:00  O=71.63 H=71.65 L=71.60 C=71.62 V=45
2026-03-02 02:05:12 [INFO] INFERENCE [ManateeKoala_Conservative] BOTH: buy_prob=0.1677  sell_prob=0.7639  signal=Sell  action=HOLD  skip=POSITION_OPEN
2026-03-02 02:05:12 [INFO] >>> Sell signal TRIGGERED (prob=0.7639) but SKIPPED: already holding -4 contracts
2026-03-02 02:06:25 [INFO] updatePortfolio: PortfolioItem(contract=Future(conId=304037436, symbol='CL', lastTradeDateOrContractMonth='20260320', right='0', multiplier='1000', primaryExchange='NYMEX', currency='USD', localSymbol='CLJ6', tradingClass='CL'), position=-4.0, marketPrice=71.58891295, marketValue=-286355.65, averageCost=72072.63, unrealizedPNL=1934.87, realizedPNL=0.0, account='DU1899929')
2026-03-02 02:08:22 [INFO] File logging enabled: C:\Users\bwang\Documents\GitHub\CL_Analyst\data\logs\live_trader_cid13.log
2026-03-02 02:08:22 [INFO] ============================================================
2026-03-02 02:08:22 [INFO] LiveTrader starting (dry_run=False)
2026-03-02 02:08:22 [INFO] ============================================================
2026-03-02 02:08:22 [INFO] Connecting to IBKR at 127.0.0.1:4002 ...
2026-03-02 02:08:22 [INFO] Attempting IBKR connection on 127.0.0.1:4002 (clientId=13) ...
2026-03-02 02:08:22 [INFO] Connecting to 127.0.0.1:4002 with clientId 13...
2026-03-02 02:08:22 [INFO] Connected
2026-03-02 02:08:22 [INFO] Logged on to server version 176
2026-03-02 02:08:22 [INFO] openOrder: Trade(contract=Future(conId=304037436, symbol='CL', lastTradeDateOrContractMonth='20260320', right='?', multiplier='1000', exchange='NYMEX', currency='USD', localSymbol='CLJ6', tradingClass='CL'), order=Order(orderId=13, clientId=13, permId=1360351957, action='BUY', totalQuantity=2.0, orderType='STP', lmtPrice=0.0, auxPrice=72.85, tif='GTC', ocaGroup='1360351955', ocaType=3, parentId=11, displaySize=2147483647, triggerMethod=1, outsideRth=True, trailStopPrice=72.85, openClose='', volatilityType=0, deltaNeutralOrderType='None', referencePriceType=0, account='DU1899929', clearingIntent='IB', adjustedOrderType='None', cashQty=0.0, dontUseAutoPriceForHedge=True), orderStatus=OrderStatus(orderId=13, status='PreSubmitted', filled=0.0, remaining=0.0, avgFillPrice=0.0, permId=0, parentId=0, lastFillPrice=0.0, clientId=0, whyHeld='', mktCapPrice=0.0), fills=[], log=[], advancedError='')
2026-03-02 02:08:22 [INFO] orderStatus: Trade(contract=Future(conId=304037436, symbol='CL', lastTradeDateOrContractMonth='20260320', right='?', multiplier='1000', exchange='NYMEX', currency='USD', localSymbol='CLJ6', tradingClass='CL'), order=Order(orderId=13, clientId=13, permId=1360351957, action='BUY', totalQuantity=2.0, orderType='STP', lmtPrice=0.0, auxPrice=72.85, tif='GTC', ocaGroup='1360351955', ocaType=3, parentId=11, displaySize=2147483647, triggerMethod=1, outsideRth=True, trailStopPrice=72.85, openClose='', volatilityType=0, deltaNeutralOrderType='None', referencePriceType=0, account='DU1899929', clearingIntent='IB', adjustedOrderType='None', cashQty=0.0, dontUseAutoPriceForHedge=True), orderStatus=OrderStatus(orderId=13, status='PreSubmitted', filled=0.0, remaining=2.0, avgFillPrice=0.0, permId=1360351957, parentId=11, lastFillPrice=0.0, clientId=13, whyHeld='trigger', mktCapPrice=0.0), fills=[], log=[TradeLogEntry(time=datetime.datetime(2026, 3, 2, 10, 8, 22, 448080, tzinfo=datetime.timezone.utc), status='PreSubmitted', message='', errorCode=0)], advancedError='')
2026-03-02 02:08:22 [INFO] openOrder: Trade(contract=Future(conId=304037436, symbol='CL', lastTradeDateOrContractMonth='20260320', right='?', multiplier='1000', exchange='NYMEX', currency='USD', localSymbol='CLJ6', tradingClass='CL'), order=Order(orderId=12, clientId=13, permId=1360351956, action='BUY', totalQuantity=2.0, orderType='LMT', lmtPrice=70.78, auxPrice=0.0, tif='GTC', ocaGroup='1360351955', ocaType=3, parentId=11, displaySize=2147483647, trailStopPrice=71.78, openClose='', volatilityType=0, deltaNeutralOrderType='None', referencePriceType=0, account='DU1899929', clearingIntent='IB', adjustedOrderType='None', cashQty=0.0, dontUseAutoPriceForHedge=True), orderStatus=OrderStatus(orderId=12, status='Submitted', filled=0.0, remaining=0.0, avgFillPrice=0.0, permId=0, parentId=0, lastFillPrice=0.0, clientId=0, whyHeld='', mktCapPrice=0.0), fills=[], log=[], advancedError='')
2026-03-02 02:08:22 [INFO] orderStatus: Trade(contract=Future(conId=304037436, symbol='CL', lastTradeDateOrContractMonth='20260320', right='?', multiplier='1000', exchange='NYMEX', currency='USD', localSymbol='CLJ6', tradingClass='CL'), order=Order(orderId=12, clientId=13, permId=1360351956, action='BUY', totalQuantity=2.0, orderType='LMT', lmtPrice=70.78, auxPrice=0.0, tif='GTC', ocaGroup='1360351955', ocaType=3, parentId=11, displaySize=2147483647, trailStopPrice=71.78, openClose='', volatilityType=0, deltaNeutralOrderType='None', referencePriceType=0, account='DU1899929', clearingIntent='IB', adjustedOrderType='None', cashQty=0.0, dontUseAutoPriceForHedge=True), orderStatus=OrderStatus(orderId=12, status='Submitted', filled=0.0, remaining=2.0, avgFillPrice=0.0, permId=1360351956, parentId=11, lastFillPrice=0.0, clientId=13, whyHeld='', mktCapPrice=0.0), fills=[], log=[TradeLogEntry(time=datetime.datetime(2026, 3, 2, 10, 8, 22, 450110, tzinfo=datetime.timezone.utc), status='Submitted', message='', errorCode=0)], advancedError='')
2026-03-02 02:08:22 [INFO] openOrder: Trade(contract=Future(conId=304037436, symbol='CL', lastTradeDateOrContractMonth='20260320', right='?', multiplier='1000', exchange='NYMEX', currency='USD', localSymbol='CLJ6', tradingClass='CL'), order=Order(orderId=10, clientId=13, permId=1360351952, action='BUY', totalQuantity=2.0, orderType='STP', lmtPrice=0.0, auxPrice=73.17, tif='GTC', ocaGroup='1360351950', ocaType=3, parentId=8, displaySize=2147483647, triggerMethod=1, outsideRth=True, trailStopPrice=73.17, openClose='', volatilityType=0, deltaNeutralOrderType='None', referencePriceType=0, account='DU1899929', clearingIntent='IB', adjustedOrderType='None', cashQty=0.0, dontUseAutoPriceForHedge=True), orderStatus=OrderStatus(orderId=10, status='PreSubmitted', filled=0.0, remaining=0.0, avgFillPrice=0.0, permId=0, parentId=0, lastFillPrice=0.0, clientId=0, whyHeld='', mktCapPrice=0.0), fills=[], log=[], advancedError='')
2026-03-02 02:08:22 [INFO] orderStatus: Trade(contract=Future(conId=304037436, symbol='CL', lastTradeDateOrContractMonth='20260320', right='?', multiplier='1000', exchange='NYMEX', currency='USD', localSymbol='CLJ6', tradingClass='CL'), order=Order(orderId=10, clientId=13, permId=1360351952, action='BUY', totalQuantity=2.0, orderType='STP', lmtPrice=0.0, auxPrice=73.17, tif='GTC', ocaGroup='1360351950', ocaType=3, parentId=8, displaySize=2147483647, triggerMethod=1, outsideRth=True, trailStopPrice=73.17, openClose='', volatilityType=0, deltaNeutralOrderType='None', referencePriceType=0, account='DU1899929', clearingIntent='IB', adjustedOrderType='None', cashQty=0.0, dontUseAutoPriceForHedge=True), orderStatus=OrderStatus(orderId=10, status='PreSubmitted', filled=0.0, remaining=2.0, avgFillPrice=0.0, permId=1360351952, parentId=8, lastFillPrice=0.0, clientId=13, whyHeld='trigger', mktCapPrice=0.0), fills=[], log=[TradeLogEntry(time=datetime.datetime(2026, 3, 2, 10, 8, 22, 451428, tzinfo=datetime.timezone.utc), status='PreSubmitted', message='', errorCode=0)], advancedError='')
2026-03-02 02:08:22 [INFO] openOrder: Trade(contract=Future(conId=304037436, symbol='CL', lastTradeDateOrContractMonth='20260320', right='?', multiplier='1000', exchange='NYMEX', currency='USD', localSymbol='CLJ6', tradingClass='CL'), order=Order(orderId=9, clientId=13, permId=1360351951, action='BUY', totalQuantity=2.0, orderType='LMT', lmtPrice=71.1, auxPrice=0.0, tif='GTC', ocaGroup='1360351950', ocaType=3, parentId=8, displaySize=2147483647, trailStopPrice=72.1, openClose='', volatilityType=0, deltaNeutralOrderType='None', referencePriceType=0, account='DU1899929', clearingIntent='IB', adjustedOrderType='None', cashQty=0.0, dontUseAutoPriceForHedge=True), orderStatus=OrderStatus(orderId=9, status='Submitted', filled=0.0, remaining=0.0, avgFillPrice=0.0, permId=0, parentId=0, lastFillPrice=0.0, clientId=0, whyHeld='', mktCapPrice=0.0), fills=[], log=[], advancedError='')
2026-03-02 02:08:22 [INFO] orderStatus: Trade(contract=Future(conId=304037436, symbol='CL', lastTradeDateOrContractMonth='20260320', right='?', multiplier='1000', exchange='NYMEX', currency='USD', localSymbol='CLJ6', tradingClass='CL'), order=Order(orderId=9, clientId=13, permId=1360351951, action='BUY', totalQuantity=2.0, orderType='LMT', lmtPrice=71.1, auxPrice=0.0, tif='GTC', ocaGroup='1360351950', ocaType=3, parentId=8, displaySize=2147483647, trailStopPrice=72.1, openClose='', volatilityType=0, deltaNeutralOrderType='None', referencePriceType=0, account='DU1899929', clearingIntent='IB', adjustedOrderType='None', cashQty=0.0, dontUseAutoPriceForHedge=True), orderStatus=OrderStatus(orderId=9, status='Submitted', filled=0.0, remaining=2.0, avgFillPrice=0.0, permId=1360351951, parentId=8, lastFillPrice=0.0, clientId=13, whyHeld='', mktCapPrice=0.0), fills=[], log=[TradeLogEntry(time=datetime.datetime(2026, 3, 2, 10, 8, 22, 451428, tzinfo=datetime.timezone.utc), status='Submitted', message='', errorCode=0)], advancedError='')
2026-03-02 02:08:22 [INFO] Warning 2104, reqId -1: Market data farm connection is OK:usfarm
2026-03-02 02:08:22 [INFO] Warning 2106, reqId -1: HMDS data farm connection is OK:ushmds
2026-03-02 02:08:22 [INFO] Warning 2158, reqId -1: Sec-def data farm connection is OK:secdefnj
2026-03-02 02:08:22 [INFO] API connection ready
2026-03-02 02:08:22 [INFO] position: Position(account='DU1899929', contract=Future(conId=304037436, symbol='CL', lastTradeDateOrContractMonth='20260320', multiplier='1000', currency='USD', localSymbol='CLJ6', tradingClass='CL'), position=-4.0, avgCost=72072.63)
2026-03-02 02:08:22 [INFO] updatePortfolio: PortfolioItem(contract=Future(conId=304037436, symbol='CL', lastTradeDateOrContractMonth='20260320', right='0', multiplier='1000', primaryExchange='NYMEX', currency='USD', localSymbol='CLJ6', tradingClass='CL'), position=-4.0, marketPrice=71.58891295, marketValue=-286355.65, averageCost=72072.63, unrealizedPNL=1934.87, realizedPNL=0.0, account='DU1899929')
2026-03-02 02:08:22 [INFO] execDetails Execution(execId='0000e1a7.69a54fc5.01.01', time=datetime.datetime(2026, 3, 2, 9, 10, 13, tzinfo=datetime.timezone.utc), acctNumber='DU1899929', exchange='NYMEX', side='SLD', shares=1.0, price=71.92, permId=1360351955, clientId=13, orderId=11, liquidation=0, cumQty=1.0, avgPrice=71.92, orderRef='', evRule='', evMultiplier=0.0, modelCode='', lastLiquidity=1)
2026-03-02 02:08:22 [INFO] execDetails Execution(execId='0000e1a7.69a54fc6.01.01', time=datetime.datetime(2026, 3, 2, 9, 10, 13, tzinfo=datetime.timezone.utc), acctNumber='DU1899929', exchange='NYMEX', side='SLD', shares=1.0, price=71.92, permId=1360351955, clientId=13, orderId=11, liquidation=0, cumQty=2.0, avgPrice=71.92, orderRef='', evRule='', evMultiplier=0.0, modelCode='', lastLiquidity=1)
2026-03-02 02:08:22 [INFO] execDetails Execution(execId='0000e1a7.69a55356.01.01', time=datetime.datetime(2026, 3, 2, 9, 24, 24, tzinfo=datetime.timezone.utc), acctNumber='DU1899929', exchange='NYMEX', side='SLD', shares=1.0, price=72.23, permId=1360351950, clientId=13, orderId=8, liquidation=0, cumQty=1.0, avgPrice=72.23, orderRef='', evRule='', evMultiplier=0.0, modelCode='', lastLiquidity=1)
2026-03-02 02:08:22 [INFO] execDetails Execution(execId='0000e1a7.69a55357.01.01', time=datetime.datetime(2026, 3, 2, 9, 24, 24, tzinfo=datetime.timezone.utc), acctNumber='DU1899929', exchange='NYMEX', side='SLD', shares=1.0, price=72.23, permId=1360351950, clientId=13, orderId=8, liquidation=0, cumQty=2.0, avgPrice=72.23, orderRef='', evRule='', evMultiplier=0.0, modelCode='', lastLiquidity=1)
2026-03-02 02:08:22 [INFO] commissionReport: CommissionReport(execId='0000e1a7.69a54fc5.01.01', commission=2.37, currency='USD', realizedPNL=0.0, yield_=0.0, yieldRedemptionDate=0)
2026-03-02 02:08:22 [INFO] commissionReport: CommissionReport(execId='0000e1a7.69a54fc6.01.01', commission=2.37, currency='USD', realizedPNL=0.0, yield_=0.0, yieldRedemptionDate=0)
2026-03-02 02:08:22 [INFO] commissionReport: CommissionReport(execId='0000e1a7.69a55356.01.01', commission=2.37, currency='USD', realizedPNL=0.0, yield_=0.0, yieldRedemptionDate=0)
2026-03-02 02:08:22 [INFO] commissionReport: CommissionReport(execId='0000e1a7.69a55357.01.01', commission=2.37, currency='USD', realizedPNL=0.0, yield_=0.0, yieldRedemptionDate=0)
2026-03-02 02:08:22 [INFO] Synchronization complete
2026-03-02 02:08:22 [INFO] Connected to IBKR on port 4002 with clientId 13
2026-03-02 02:08:22 [INFO] Connected to IBKR
2026-03-02 02:08:22 [INFO] Qualified CL continuous contract: ContFuture(conId=304037436, symbol='CL', lastTradeDateOrContractMonth='20260320', multiplier='1000', exchange='NYMEX', currency='USD', localSymbol='CLJ6', tradingClass='CL')
2026-03-02 02:08:23 [INFO] Front-month CL contract: CLJ6 (conId=304037436, month=202603)
2026-03-02 02:08:23 [INFO] Front-month contract: CLJ6 (month=202603)
2026-03-02 02:08:23 [INFO] ============================================================
2026-03-02 02:08:23 [INFO]                  ACCOUNT SUMMARY (CL Only)                  
2026-03-02 02:08:23 [INFO] ============================================================
2026-03-02 02:08:23 [INFO]   Account:           DU1899929
2026-03-02 02:08:23 [INFO]   Net Liquidation:   $  1,191,931.64
2026-03-02 02:08:23 [INFO]   Available Funds:   $  1,125,988.72
2026-03-02 02:08:23 [INFO] ------------------------------------------------------------
2026-03-02 02:08:23 [INFO]   CL Position:       SHORT (-4 contracts)
2026-03-02 02:08:23 [INFO]   CL Market Value:   $   -286,355.65
2026-03-02 02:08:23 [INFO]   CL Avg Cost:       $     72,072.63
2026-03-02 02:08:23 [INFO]   CL Unrealized PnL: $      1,934.87
2026-03-02 02:08:23 [INFO]   CL Realized PnL:   $          0.00
2026-03-02 02:08:23 [INFO] ------------------------------------------------------------
2026-03-02 02:08:23 [INFO]   Trade History (telemetry):
2026-03-02 02:08:23 [INFO]     Total Signals:     15
2026-03-02 02:08:23 [INFO]     Executed Trades:   2
2026-03-02 02:08:23 [INFO]     Bars Recorded:     15
2026-03-02 02:08:23 [INFO]     Date Range:        2026-03-02 → 2026-03-02
2026-03-02 02:08:23 [INFO] ============================================================
2026-03-02 02:08:23 [INFO] Warm-start: initializing via DataManager...
2026-03-02 02:08:23 [INFO] Loading warm-start cache from C:\Users\bwang\Documents\GitHub\CL_Analyst\data\processed\warm_start_cache_cid13.parquet
2026-03-02 02:08:23 [INFO] Cache loaded: 13808 bars, range 2025-12-17 23:50:00 → 2026-03-02 08:50:00
2026-03-02 02:08:23 [INFO] Front-month unchanged: CLJ6 — no rollover.
2026-03-02 02:08:23 [INFO] Backfill gap: 2026-03-02 08:50:00 → 2026-03-02 02:08:23.196861 (-6.7 hours)
2026-03-02 02:08:23 [INFO] Gap < 10 minutes — no backfill needed.
2026-03-02 02:08:23 [INFO] Master ledger loaded: 1221233 bars, range 2008-11-20 00:00:00 → 2026-03-02 08:50:00
2026-03-02 02:08:23 [INFO] Ledger gap < 10 minutes — no IBKR fetch needed.
2026-03-02 02:08:23 [INFO] Master ledger saved: 1221233 bars → C:\Users\bwang\Documents\GitHub\CL_Analyst\data\processed\cl_continuous_master.parquet
2026-03-02 02:08:23 [INFO] Mirrored cl_continuous_master.parquet → C:\CL_Analyst_Data\processed\cl_continuous_master.parquet
2026-03-02 02:08:23 [INFO] Roll metadata saved: front_month=CLJ6
2026-03-02 02:08:23 [INFO] Rolling window initialized: 13808 bars, latest=2026-03-02 08:50:00
2026-03-02 02:08:23 [INFO] Subscribing to live 5-min bars (Brain stream)...
2026-03-02 02:08:24 [INFO] Subscribed to continuous contract live bars
2026-03-02 02:08:24 [INFO] Subscribing to front-month bars (Hands stream: 202603)...
2026-03-02 02:08:24 [INFO] Subscribed to front-month live bars
2026-03-02 02:08:24 [INFO] Entering event loop (poll every 5.0s) ...
2026-03-02 02:08:24 [INFO] Press Ctrl+C to stop.
2026-03-02 02:09:25 [INFO] updatePortfolio: PortfolioItem(contract=Future(conId=304037436, symbol='CL', lastTradeDateOrContractMonth='20260320', right='0', multiplier='1000', primaryExchange='NYMEX', currency='USD', localSymbol='CLJ6', tradingClass='CL'), position=-4.0, marketPrice=71.9599991, marketValue=-287840.0, averageCost=72072.63, unrealizedPNL=450.52, realizedPNL=0.0, account='DU1899929')
2026-03-02 02:10:04 [INFO] NEW BAR: 2026-03-02 10:10:00  O=71.98 H=72.02 L=71.98 C=72.02 V=25
2026-03-02 02:10:13 [INFO] INFERENCE [ManateeKoala_Conservative] BOTH: buy_prob=0.1470  sell_prob=0.7462  signal=Sell  action=HOLD  skip=POSITION_OPEN
2026-03-02 02:10:13 [INFO] >>> Sell signal TRIGGERED (prob=0.7462) but SKIPPED: already holding -4 contracts
2026-03-02 02:12:25 [INFO] updatePortfolio: PortfolioItem(contract=Future(conId=304037436, symbol='CL', lastTradeDateOrContractMonth='20260320', right='0', multiplier='1000', primaryExchange='NYMEX', currency='USD', localSymbol='CLJ6', tradingClass='CL'), position=-4.0, marketPrice=72.12999725, marketValue=-288519.99, averageCost=72072.63, unrealizedPNL=-229.47, realizedPNL=0.0, account='DU1899929')
2026-03-02 02:15:04 [INFO] NEW BAR: 2026-03-02 10:15:00  O=72.03 H=72.09 L=72.03 C=72.05 V=24
2026-03-02 02:15:11 [INFO] INFERENCE [ManateeKoala_Conservative] BOTH: buy_prob=0.1511  sell_prob=0.7578  signal=Sell  action=HOLD  skip=POSITION_OPEN
2026-03-02 02:15:11 [INFO] >>> Sell signal TRIGGERED (prob=0.7578) but SKIPPED: already holding -4 contracts
2026-03-02 02:15:25 [INFO] updatePortfolio: PortfolioItem(contract=Future(conId=304037436, symbol='CL', lastTradeDateOrContractMonth='20260320', right='0', multiplier='1000', primaryExchange='NYMEX', currency='USD', localSymbol='CLJ6', tradingClass='CL'), position=-4.0, marketPrice=72.05999755, marketValue=-288239.99, averageCost=72072.63, unrealizedPNL=50.53, realizedPNL=0.0, account='DU1899929')
2026-03-02 02:18:25 [INFO] updatePortfolio: PortfolioItem(contract=Future(conId=304037436, symbol='CL', lastTradeDateOrContractMonth='20260320', right='0', multiplier='1000', primaryExchange='NYMEX', currency='USD', localSymbol='CLJ6', tradingClass='CL'), position=-4.0, marketPrice=72.0699997, marketValue=-288280.0, averageCost=72072.63, unrealizedPNL=10.52, realizedPNL=0.0, account='DU1899929')
2026-03-02 02:20:05 [INFO] NEW BAR: 2026-03-02 10:20:00  O=72.02 H=72.02 L=72.01 C=72.01 V=3
2026-03-02 02:20:12 [INFO] INFERENCE [ManateeKoala_Conservative] BOTH: buy_prob=0.1510  sell_prob=0.7404  signal=Sell  action=HOLD  skip=POSITION_OPEN
2026-03-02 02:20:12 [INFO] >>> Sell signal TRIGGERED (prob=0.7404) but SKIPPED: already holding -4 contracts
2026-03-02 02:20:52 [INFO] File logging enabled: C:\Users\bwang\Documents\GitHub\CL_Analyst\data\logs\live_trader_cid13.log
2026-03-02 02:20:52 [INFO] ============================================================
2026-03-02 02:20:52 [INFO] LiveTrader starting (dry_run=False)
2026-03-02 02:20:52 [INFO] ============================================================
2026-03-02 02:20:52 [INFO] Connecting to IBKR at 127.0.0.1:4002 ...
2026-03-02 02:20:52 [INFO] Attempting IBKR connection on 127.0.0.1:4002 (clientId=13) ...
2026-03-02 02:20:52 [INFO] Connecting to 127.0.0.1:4002 with clientId 13...
2026-03-02 02:20:52 [INFO] Connected
2026-03-02 02:20:52 [INFO] Logged on to server version 176
2026-03-02 02:20:52 [INFO] openOrder: Trade(contract=Future(conId=304037436, symbol='CL', lastTradeDateOrContractMonth='20260320', right='?', multiplier='1000', exchange='NYMEX', currency='USD', localSymbol='CLJ6', tradingClass='CL'), order=Order(orderId=13, clientId=13, permId=1360351957, action='BUY', totalQuantity=2.0, orderType='STP', lmtPrice=0.0, auxPrice=72.85, tif='GTC', ocaGroup='1360351955', ocaType=3, parentId=11, displaySize=2147483647, triggerMethod=1, outsideRth=True, trailStopPrice=72.85, openClose='', volatilityType=0, deltaNeutralOrderType='None', referencePriceType=0, account='DU1899929', clearingIntent='IB', adjustedOrderType='None', cashQty=0.0, dontUseAutoPriceForHedge=True), orderStatus=OrderStatus(orderId=13, status='PreSubmitted', filled=0.0, remaining=0.0, avgFillPrice=0.0, permId=0, parentId=0, lastFillPrice=0.0, clientId=0, whyHeld='', mktCapPrice=0.0), fills=[], log=[], advancedError='')
2026-03-02 02:20:52 [INFO] orderStatus: Trade(contract=Future(conId=304037436, symbol='CL', lastTradeDateOrContractMonth='20260320', right='?', multiplier='1000', exchange='NYMEX', currency='USD', localSymbol='CLJ6', tradingClass='CL'), order=Order(orderId=13, clientId=13, permId=1360351957, action='BUY', totalQuantity=2.0, orderType='STP', lmtPrice=0.0, auxPrice=72.85, tif='GTC', ocaGroup='1360351955', ocaType=3, parentId=11, displaySize=2147483647, triggerMethod=1, outsideRth=True, trailStopPrice=72.85, openClose='', volatilityType=0, deltaNeutralOrderType='None', referencePriceType=0, account='DU1899929', clearingIntent='IB', adjustedOrderType='None', cashQty=0.0, dontUseAutoPriceForHedge=True), orderStatus=OrderStatus(orderId=13, status='PreSubmitted', filled=0.0, remaining=2.0, avgFillPrice=0.0, permId=1360351957, parentId=11, lastFillPrice=0.0, clientId=13, whyHeld='trigger', mktCapPrice=0.0), fills=[], log=[TradeLogEntry(time=datetime.datetime(2026, 3, 2, 10, 20, 52, 488471, tzinfo=datetime.timezone.utc), status='PreSubmitted', message='', errorCode=0)], advancedError='')
2026-03-02 02:20:52 [INFO] openOrder: Trade(contract=Future(conId=304037436, symbol='CL', lastTradeDateOrContractMonth='20260320', right='?', multiplier='1000', exchange='NYMEX', currency='USD', localSymbol='CLJ6', tradingClass='CL'), order=Order(orderId=12, clientId=13, permId=1360351956, action='BUY', totalQuantity=2.0, orderType='LMT', lmtPrice=70.78, auxPrice=0.0, tif='GTC', ocaGroup='1360351955', ocaType=3, parentId=11, displaySize=2147483647, trailStopPrice=71.78, openClose='', volatilityType=0, deltaNeutralOrderType='None', referencePriceType=0, account='DU1899929', clearingIntent='IB', adjustedOrderType='None', cashQty=0.0, dontUseAutoPriceForHedge=True), orderStatus=OrderStatus(orderId=12, status='Submitted', filled=0.0, remaining=0.0, avgFillPrice=0.0, permId=0, parentId=0, lastFillPrice=0.0, clientId=0, whyHeld='', mktCapPrice=0.0), fills=[], log=[], advancedError='')
2026-03-02 02:20:52 [INFO] orderStatus: Trade(contract=Future(conId=304037436, symbol='CL', lastTradeDateOrContractMonth='20260320', right='?', multiplier='1000', exchange='NYMEX', currency='USD', localSymbol='CLJ6', tradingClass='CL'), order=Order(orderId=12, clientId=13, permId=1360351956, action='BUY', totalQuantity=2.0, orderType='LMT', lmtPrice=70.78, auxPrice=0.0, tif='GTC', ocaGroup='1360351955', ocaType=3, parentId=11, displaySize=2147483647, trailStopPrice=71.78, openClose='', volatilityType=0, deltaNeutralOrderType='None', referencePriceType=0, account='DU1899929', clearingIntent='IB', adjustedOrderType='None', cashQty=0.0, dontUseAutoPriceForHedge=True), orderStatus=OrderStatus(orderId=12, status='Submitted', filled=0.0, remaining=2.0, avgFillPrice=0.0, permId=1360351956, parentId=11, lastFillPrice=0.0, clientId=13, whyHeld='', mktCapPrice=0.0), fills=[], log=[TradeLogEntry(time=datetime.datetime(2026, 3, 2, 10, 20, 52, 490480, tzinfo=datetime.timezone.utc), status='Submitted', message='', errorCode=0)], advancedError='')
2026-03-02 02:20:52 [INFO] openOrder: Trade(contract=Future(conId=304037436, symbol='CL', lastTradeDateOrContractMonth='20260320', right='?', multiplier='1000', exchange='NYMEX', currency='USD', localSymbol='CLJ6', tradingClass='CL'), order=Order(orderId=10, clientId=13, permId=1360351952, action='BUY', totalQuantity=2.0, orderType='STP', lmtPrice=0.0, auxPrice=73.17, tif='GTC', ocaGroup='1360351950', ocaType=3, parentId=8, displaySize=2147483647, triggerMethod=1, outsideRth=True, trailStopPrice=73.17, openClose='', volatilityType=0, deltaNeutralOrderType='None', referencePriceType=0, account='DU1899929', clearingIntent='IB', adjustedOrderType='None', cashQty=0.0, dontUseAutoPriceForHedge=True), orderStatus=OrderStatus(orderId=10, status='PreSubmitted', filled=0.0, remaining=0.0, avgFillPrice=0.0, permId=0, parentId=0, lastFillPrice=0.0, clientId=0, whyHeld='', mktCapPrice=0.0), fills=[], log=[], advancedError='')
2026-03-02 02:20:52 [INFO] orderStatus: Trade(contract=Future(conId=304037436, symbol='CL', lastTradeDateOrContractMonth='20260320', right='?', multiplier='1000', exchange='NYMEX', currency='USD', localSymbol='CLJ6', tradingClass='CL'), order=Order(orderId=10, clientId=13, permId=1360351952, action='BUY', totalQuantity=2.0, orderType='STP', lmtPrice=0.0, auxPrice=73.17, tif='GTC', ocaGroup='1360351950', ocaType=3, parentId=8, displaySize=2147483647, triggerMethod=1, outsideRth=True, trailStopPrice=73.17, openClose='', volatilityType=0, deltaNeutralOrderType='None', referencePriceType=0, account='DU1899929', clearingIntent='IB', adjustedOrderType='None', cashQty=0.0, dontUseAutoPriceForHedge=True), orderStatus=OrderStatus(orderId=10, status='PreSubmitted', filled=0.0, remaining=2.0, avgFillPrice=0.0, permId=1360351952, parentId=8, lastFillPrice=0.0, clientId=13, whyHeld='trigger', mktCapPrice=0.0), fills=[], log=[TradeLogEntry(time=datetime.datetime(2026, 3, 2, 10, 20, 52, 491491, tzinfo=datetime.timezone.utc), status='PreSubmitted', message='', errorCode=0)], advancedError='')
2026-03-02 02:20:52 [INFO] openOrder: Trade(contract=Future(conId=304037436, symbol='CL', lastTradeDateOrContractMonth='20260320', right='?', multiplier='1000', exchange='NYMEX', currency='USD', localSymbol='CLJ6', tradingClass='CL'), order=Order(orderId=9, clientId=13, permId=1360351951, action='BUY', totalQuantity=2.0, orderType='LMT', lmtPrice=71.1, auxPrice=0.0, tif='GTC', ocaGroup='1360351950', ocaType=3, parentId=8, displaySize=2147483647, trailStopPrice=72.1, openClose='', volatilityType=0, deltaNeutralOrderType='None', referencePriceType=0, account='DU1899929', clearingIntent='IB', adjustedOrderType='None', cashQty=0.0, dontUseAutoPriceForHedge=True), orderStatus=OrderStatus(orderId=9, status='Submitted', filled=0.0, remaining=0.0, avgFillPrice=0.0, permId=0, parentId=0, lastFillPrice=0.0, clientId=0, whyHeld='', mktCapPrice=0.0), fills=[], log=[], advancedError='')
2026-03-02 02:20:52 [INFO] orderStatus: Trade(contract=Future(conId=304037436, symbol='CL', lastTradeDateOrContractMonth='20260320', right='?', multiplier='1000', exchange='NYMEX', currency='USD', localSymbol='CLJ6', tradingClass='CL'), order=Order(orderId=9, clientId=13, permId=1360351951, action='BUY', totalQuantity=2.0, orderType='LMT', lmtPrice=71.1, auxPrice=0.0, tif='GTC', ocaGroup='1360351950', ocaType=3, parentId=8, displaySize=2147483647, trailStopPrice=72.1, openClose='', volatilityType=0, deltaNeutralOrderType='None', referencePriceType=0, account='DU1899929', clearingIntent='IB', adjustedOrderType='None', cashQty=0.0, dontUseAutoPriceForHedge=True), orderStatus=OrderStatus(orderId=9, status='Submitted', filled=0.0, remaining=2.0, avgFillPrice=0.0, permId=1360351951, parentId=8, lastFillPrice=0.0, clientId=13, whyHeld='', mktCapPrice=0.0), fills=[], log=[TradeLogEntry(time=datetime.datetime(2026, 3, 2, 10, 20, 52, 491491, tzinfo=datetime.timezone.utc), status='Submitted', message='', errorCode=0)], advancedError='')
2026-03-02 02:20:52 [INFO] Warning 2104, reqId -1: Market data farm connection is OK:usfarm
2026-03-02 02:20:52 [INFO] Warning 2106, reqId -1: HMDS data farm connection is OK:ushmds
2026-03-02 02:20:52 [INFO] Warning 2158, reqId -1: Sec-def data farm connection is OK:secdefnj
2026-03-02 02:20:52 [INFO] API connection ready
2026-03-02 02:20:52 [INFO] position: Position(account='DU1899929', contract=Future(conId=304037436, symbol='CL', lastTradeDateOrContractMonth='20260320', multiplier='1000', currency='USD', localSymbol='CLJ6', tradingClass='CL'), position=-4.0, avgCost=72072.63)
2026-03-02 02:20:52 [INFO] updatePortfolio: PortfolioItem(contract=Future(conId=304037436, symbol='CL', lastTradeDateOrContractMonth='20260320', right='0', multiplier='1000', primaryExchange='NYMEX', currency='USD', localSymbol='CLJ6', tradingClass='CL'), position=-4.0, marketPrice=72.0699997, marketValue=-288280.0, averageCost=72072.63, unrealizedPNL=10.52, realizedPNL=0.0, account='DU1899929')
2026-03-02 02:20:52 [INFO] execDetails Execution(execId='0000e1a7.69a54fc5.01.01', time=datetime.datetime(2026, 3, 2, 9, 10, 13, tzinfo=datetime.timezone.utc), acctNumber='DU1899929', exchange='NYMEX', side='SLD', shares=1.0, price=71.92, permId=1360351955, clientId=13, orderId=11, liquidation=0, cumQty=1.0, avgPrice=71.92, orderRef='', evRule='', evMultiplier=0.0, modelCode='', lastLiquidity=1)
2026-03-02 02:20:52 [INFO] execDetails Execution(execId='0000e1a7.69a54fc6.01.01', time=datetime.datetime(2026, 3, 2, 9, 10, 13, tzinfo=datetime.timezone.utc), acctNumber='DU1899929', exchange='NYMEX', side='SLD', shares=1.0, price=71.92, permId=1360351955, clientId=13, orderId=11, liquidation=0, cumQty=2.0, avgPrice=71.92, orderRef='', evRule='', evMultiplier=0.0, modelCode='', lastLiquidity=1)
2026-03-02 02:20:52 [INFO] execDetails Execution(execId='0000e1a7.69a55356.01.01', time=datetime.datetime(2026, 3, 2, 9, 24, 24, tzinfo=datetime.timezone.utc), acctNumber='DU1899929', exchange='NYMEX', side='SLD', shares=1.0, price=72.23, permId=1360351950, clientId=13, orderId=8, liquidation=0, cumQty=1.0, avgPrice=72.23, orderRef='', evRule='', evMultiplier=0.0, modelCode='', lastLiquidity=1)
2026-03-02 02:20:52 [INFO] execDetails Execution(execId='0000e1a7.69a55357.01.01', time=datetime.datetime(2026, 3, 2, 9, 24, 24, tzinfo=datetime.timezone.utc), acctNumber='DU1899929', exchange='NYMEX', side='SLD', shares=1.0, price=72.23, permId=1360351950, clientId=13, orderId=8, liquidation=0, cumQty=2.0, avgPrice=72.23, orderRef='', evRule='', evMultiplier=0.0, modelCode='', lastLiquidity=1)
2026-03-02 02:20:52 [INFO] commissionReport: CommissionReport(execId='0000e1a7.69a54fc5.01.01', commission=2.37, currency='USD', realizedPNL=0.0, yield_=0.0, yieldRedemptionDate=0)
2026-03-02 02:20:52 [INFO] commissionReport: CommissionReport(execId='0000e1a7.69a54fc6.01.01', commission=2.37, currency='USD', realizedPNL=0.0, yield_=0.0, yieldRedemptionDate=0)
2026-03-02 02:20:52 [INFO] commissionReport: CommissionReport(execId='0000e1a7.69a55356.01.01', commission=2.37, currency='USD', realizedPNL=0.0, yield_=0.0, yieldRedemptionDate=0)
2026-03-02 02:20:52 [INFO] commissionReport: CommissionReport(execId='0000e1a7.69a55357.01.01', commission=2.37, currency='USD', realizedPNL=0.0, yield_=0.0, yieldRedemptionDate=0)
2026-03-02 02:20:52 [INFO] Synchronization complete
2026-03-02 02:20:52 [INFO] Connected to IBKR on port 4002 with clientId 13
2026-03-02 02:20:52 [INFO] Connected to IBKR
2026-03-02 02:20:52 [INFO] Qualified CL continuous contract: ContFuture(conId=304037436, symbol='CL', lastTradeDateOrContractMonth='20260320', multiplier='1000', exchange='NYMEX', currency='USD', localSymbol='CLJ6', tradingClass='CL')
2026-03-02 02:20:52 [INFO] Front-month CL contract: CLJ6 (conId=304037436, month=202603)
2026-03-02 02:20:52 [INFO] Front-month contract: CLJ6 (month=202603)
2026-03-02 02:20:52 [INFO] ============================================================
2026-03-02 02:20:52 [INFO]                  ACCOUNT SUMMARY (CL Only)                  
2026-03-02 02:20:52 [INFO] ============================================================
2026-03-02 02:20:52 [INFO]   Account:           DU1899929
2026-03-02 02:20:52 [INFO]   Net Liquidation:   $  1,190,007.32
2026-03-02 02:20:52 [INFO]   Available Funds:   $  1,124,064.40
2026-03-02 02:20:52 [INFO] ------------------------------------------------------------
2026-03-02 02:20:52 [INFO]   CL Position:       SHORT (-4 contracts)
2026-03-02 02:20:52 [INFO]   CL Market Value:   $   -288,280.00
2026-03-02 02:20:52 [INFO]   CL Avg Cost:       $     72,072.63
2026-03-02 02:20:52 [INFO]   CL Unrealized PnL: $         10.52
2026-03-02 02:20:52 [INFO]   CL Realized PnL:   $          0.00
2026-03-02 02:20:52 [INFO] ------------------------------------------------------------
2026-03-02 02:20:52 [INFO]   Trade History (telemetry):
2026-03-02 02:20:52 [INFO]     Total Signals:     18
2026-03-02 02:20:52 [INFO]     Executed Trades:   2
2026-03-02 02:20:52 [INFO]     Bars Recorded:     18
2026-03-02 02:20:52 [INFO]     Date Range:        2026-03-02 → 2026-03-02
2026-03-02 02:20:52 [INFO] ============================================================
2026-03-02 02:20:52 [INFO] Warm-start: initializing via DataManager...
2026-03-02 02:20:52 [INFO] Loading warm-start cache from C:\Users\bwang\Documents\GitHub\CL_Analyst\data\processed\warm_start_cache_cid13.parquet
2026-03-02 02:20:53 [INFO] Cache loaded: 13808 bars, range 2025-12-17 23:50:00 → 2026-03-02 08:50:00
2026-03-02 02:20:53 [INFO] Front-month unchanged: CLJ6 — no rollover.
2026-03-02 02:20:53 [INFO] Backfill gap: 2026-03-02 08:50:00 → 2026-03-02 02:20:53.035937 (-6.5 hours)
2026-03-02 02:20:53 [INFO] Gap < 10 minutes — no backfill needed.
2026-03-02 02:20:53 [INFO] Master ledger loaded: 1221233 bars, range 2008-11-20 00:00:00 → 2026-03-02 08:50:00
2026-03-02 02:20:53 [INFO] Ledger gap < 10 minutes — no IBKR fetch needed.
2026-03-02 02:20:53 [INFO] Master ledger saved: 1221233 bars → C:\Users\bwang\Documents\GitHub\CL_Analyst\data\processed\cl_continuous_master.parquet
2026-03-02 02:20:53 [INFO] Mirrored cl_continuous_master.parquet → C:\CL_Analyst_Data\processed\cl_continuous_master.parquet
2026-03-02 02:20:53 [INFO] Roll metadata saved: front_month=CLJ6
2026-03-02 02:20:53 [INFO] Rolling window initialized: 13808 bars, latest=2026-03-02 08:50:00
2026-03-02 02:20:53 [INFO] Subscribing to live 5-min bars (Brain stream)...
2026-03-02 02:20:53 [INFO] Subscribed to continuous contract live bars
2026-03-02 02:20:53 [INFO] Subscribing to front-month bars (Hands stream: 202603)...
2026-03-02 02:20:54 [INFO] Subscribed to front-month live bars
2026-03-02 02:20:54 [INFO] Entering event loop (poll every 5.0s) ...
2026-03-02 02:20:54 [INFO] Press Ctrl+C to stop.
2026-03-02 02:21:25 [INFO] updatePortfolio: PortfolioItem(contract=Future(conId=304037436, symbol='CL', lastTradeDateOrContractMonth='20260320', right='0', multiplier='1000', primaryExchange='NYMEX', currency='USD', localSymbol='CLJ6', tradingClass='CL'), position=-4.0, marketPrice=71.91999815, marketValue=-287679.99, averageCost=72072.63, unrealizedPNL=610.53, realizedPNL=0.0, account='DU1899929')
2026-03-02 02:24:25 [INFO] updatePortfolio: PortfolioItem(contract=Future(conId=304037436, symbol='CL', lastTradeDateOrContractMonth='20260320', right='0', multiplier='1000', primaryExchange='NYMEX', currency='USD', localSymbol='CLJ6', tradingClass='CL'), position=-4.0, marketPrice=71.91000365, marketValue=-287640.01, averageCost=72072.63, unrealizedPNL=650.51, realizedPNL=0.0, account='DU1899929')
2026-03-02 02:25:05 [INFO] NEW BAR: 2026-03-02 10:25:00  O=71.91 H=71.91 L=71.91 C=71.91 V=3
2026-03-02 02:25:14 [INFO] INFERENCE [ManateeKoala_Conservative] BOTH: buy_prob=0.1647  sell_prob=0.7529  signal=Sell  action=HOLD  skip=POSITION_OPEN
2026-03-02 02:25:14 [INFO] >>> Sell signal TRIGGERED (prob=0.7529) but SKIPPED: already holding -4 contracts
2026-03-02 02:28:17 [INFO] File logging enabled: C:\Users\bwang\Documents\GitHub\CL_Analyst\data\logs\live_trader_cid13.log
2026-03-02 02:28:17 [INFO] ============================================================
2026-03-02 02:28:17 [INFO] LiveTrader starting (dry_run=False)
2026-03-02 02:28:17 [INFO] ============================================================
2026-03-02 02:28:17 [INFO] Connecting to IBKR at 127.0.0.1:4002 ...
2026-03-02 02:28:17 [INFO] Attempting IBKR connection on 127.0.0.1:4002 (clientId=13) ...
2026-03-02 02:28:17 [INFO] Connecting to 127.0.0.1:4002 with clientId 13...
2026-03-02 02:28:17 [INFO] Connected
2026-03-02 02:28:17 [INFO] Logged on to server version 176
2026-03-02 02:28:17 [INFO] openOrder: Trade(contract=Future(conId=304037436, symbol='CL', lastTradeDateOrContractMonth='20260320', right='?', multiplier='1000', exchange='NYMEX', currency='USD', localSymbol='CLJ6', tradingClass='CL'), order=Order(orderId=13, clientId=13, permId=1360351957, action='BUY', totalQuantity=2.0, orderType='STP', lmtPrice=0.0, auxPrice=72.85, tif='GTC', ocaGroup='1360351955', ocaType=3, parentId=11, displaySize=2147483647, triggerMethod=1, outsideRth=True, trailStopPrice=72.85, openClose='', volatilityType=0, deltaNeutralOrderType='None', referencePriceType=0, account='DU1899929', clearingIntent='IB', adjustedOrderType='None', cashQty=0.0, dontUseAutoPriceForHedge=True), orderStatus=OrderStatus(orderId=13, status='PreSubmitted', filled=0.0, remaining=0.0, avgFillPrice=0.0, permId=0, parentId=0, lastFillPrice=0.0, clientId=0, whyHeld='', mktCapPrice=0.0), fills=[], log=[], advancedError='')
2026-03-02 02:28:17 [INFO] orderStatus: Trade(contract=Future(conId=304037436, symbol='CL', lastTradeDateOrContractMonth='20260320', right='?', multiplier='1000', exchange='NYMEX', currency='USD', localSymbol='CLJ6', tradingClass='CL'), order=Order(orderId=13, clientId=13, permId=1360351957, action='BUY', totalQuantity=2.0, orderType='STP', lmtPrice=0.0, auxPrice=72.85, tif='GTC', ocaGroup='1360351955', ocaType=3, parentId=11, displaySize=2147483647, triggerMethod=1, outsideRth=True, trailStopPrice=72.85, openClose='', volatilityType=0, deltaNeutralOrderType='None', referencePriceType=0, account='DU1899929', clearingIntent='IB', adjustedOrderType='None', cashQty=0.0, dontUseAutoPriceForHedge=True), orderStatus=OrderStatus(orderId=13, status='PreSubmitted', filled=0.0, remaining=2.0, avgFillPrice=0.0, permId=1360351957, parentId=11, lastFillPrice=0.0, clientId=13, whyHeld='trigger', mktCapPrice=0.0), fills=[], log=[TradeLogEntry(time=datetime.datetime(2026, 3, 2, 10, 28, 17, 983616, tzinfo=datetime.timezone.utc), status='PreSubmitted', message='', errorCode=0)], advancedError='')
2026-03-02 02:28:17 [INFO] openOrder: Trade(contract=Future(conId=304037436, symbol='CL', lastTradeDateOrContractMonth='20260320', right='?', multiplier='1000', exchange='NYMEX', currency='USD', localSymbol='CLJ6', tradingClass='CL'), order=Order(orderId=12, clientId=13, permId=1360351956, action='BUY', totalQuantity=2.0, orderType='LMT', lmtPrice=70.78, auxPrice=0.0, tif='GTC', ocaGroup='1360351955', ocaType=3, parentId=11, displaySize=2147483647, trailStopPrice=71.78, openClose='', volatilityType=0, deltaNeutralOrderType='None', referencePriceType=0, account='DU1899929', clearingIntent='IB', adjustedOrderType='None', cashQty=0.0, dontUseAutoPriceForHedge=True), orderStatus=OrderStatus(orderId=12, status='Submitted', filled=0.0, remaining=0.0, avgFillPrice=0.0, permId=0, parentId=0, lastFillPrice=0.0, clientId=0, whyHeld='', mktCapPrice=0.0), fills=[], log=[], advancedError='')
2026-03-02 02:28:17 [INFO] orderStatus: Trade(contract=Future(conId=304037436, symbol='CL', lastTradeDateOrContractMonth='20260320', right='?', multiplier='1000', exchange='NYMEX', currency='USD', localSymbol='CLJ6', tradingClass='CL'), order=Order(orderId=12, clientId=13, permId=1360351956, action='BUY', totalQuantity=2.0, orderType='LMT', lmtPrice=70.78, auxPrice=0.0, tif='GTC', ocaGroup='1360351955', ocaType=3, parentId=11, displaySize=2147483647, trailStopPrice=71.78, openClose='', volatilityType=0, deltaNeutralOrderType='None', referencePriceType=0, account='DU1899929', clearingIntent='IB', adjustedOrderType='None', cashQty=0.0, dontUseAutoPriceForHedge=True), orderStatus=OrderStatus(orderId=12, status='Submitted', filled=0.0, remaining=2.0, avgFillPrice=0.0, permId=1360351956, parentId=11, lastFillPrice=0.0, clientId=13, whyHeld='', mktCapPrice=0.0), fills=[], log=[TradeLogEntry(time=datetime.datetime(2026, 3, 2, 10, 28, 17, 984127, tzinfo=datetime.timezone.utc), status='Submitted', message='', errorCode=0)], advancedError='')
2026-03-02 02:28:17 [INFO] openOrder: Trade(contract=Future(conId=304037436, symbol='CL', lastTradeDateOrContractMonth='20260320', right='?', multiplier='1000', exchange='NYMEX', currency='USD', localSymbol='CLJ6', tradingClass='CL'), order=Order(orderId=10, clientId=13, permId=1360351952, action='BUY', totalQuantity=2.0, orderType='STP', lmtPrice=0.0, auxPrice=73.17, tif='GTC', ocaGroup='1360351950', ocaType=3, parentId=8, displaySize=2147483647, triggerMethod=1, outsideRth=True, trailStopPrice=73.17, openClose='', volatilityType=0, deltaNeutralOrderType='None', referencePriceType=0, account='DU1899929', clearingIntent='IB', adjustedOrderType='None', cashQty=0.0, dontUseAutoPriceForHedge=True), orderStatus=OrderStatus(orderId=10, status='PreSubmitted', filled=0.0, remaining=0.0, avgFillPrice=0.0, permId=0, parentId=0, lastFillPrice=0.0, clientId=0, whyHeld='', mktCapPrice=0.0), fills=[], log=[], advancedError='')
2026-03-02 02:28:17 [INFO] orderStatus: Trade(contract=Future(conId=304037436, symbol='CL', lastTradeDateOrContractMonth='20260320', right='?', multiplier='1000', exchange='NYMEX', currency='USD', localSymbol='CLJ6', tradingClass='CL'), order=Order(orderId=10, clientId=13, permId=1360351952, action='BUY', totalQuantity=2.0, orderType='STP', lmtPrice=0.0, auxPrice=73.17, tif='GTC', ocaGroup='1360351950', ocaType=3, parentId=8, displaySize=2147483647, triggerMethod=1, outsideRth=True, trailStopPrice=73.17, openClose='', volatilityType=0, deltaNeutralOrderType='None', referencePriceType=0, account='DU1899929', clearingIntent='IB', adjustedOrderType='None', cashQty=0.0, dontUseAutoPriceForHedge=True), orderStatus=OrderStatus(orderId=10, status='PreSubmitted', filled=0.0, remaining=2.0, avgFillPrice=0.0, permId=1360351952, parentId=8, lastFillPrice=0.0, clientId=13, whyHeld='trigger', mktCapPrice=0.0), fills=[], log=[TradeLogEntry(time=datetime.datetime(2026, 3, 2, 10, 28, 17, 985715, tzinfo=datetime.timezone.utc), status='PreSubmitted', message='', errorCode=0)], advancedError='')
2026-03-02 02:28:17 [INFO] openOrder: Trade(contract=Future(conId=304037436, symbol='CL', lastTradeDateOrContractMonth='20260320', right='?', multiplier='1000', exchange='NYMEX', currency='USD', localSymbol='CLJ6', tradingClass='CL'), order=Order(orderId=9, clientId=13, permId=1360351951, action='BUY', totalQuantity=2.0, orderType='LMT', lmtPrice=71.1, auxPrice=0.0, tif='GTC', ocaGroup='1360351950', ocaType=3, parentId=8, displaySize=2147483647, trailStopPrice=72.1, openClose='', volatilityType=0, deltaNeutralOrderType='None', referencePriceType=0, account='DU1899929', clearingIntent='IB', adjustedOrderType='None', cashQty=0.0, dontUseAutoPriceForHedge=True), orderStatus=OrderStatus(orderId=9, status='Submitted', filled=0.0, remaining=0.0, avgFillPrice=0.0, permId=0, parentId=0, lastFillPrice=0.0, clientId=0, whyHeld='', mktCapPrice=0.0), fills=[], log=[], advancedError='')
2026-03-02 02:28:17 [INFO] orderStatus: Trade(contract=Future(conId=304037436, symbol='CL', lastTradeDateOrContractMonth='20260320', right='?', multiplier='1000', exchange='NYMEX', currency='USD', localSymbol='CLJ6', tradingClass='CL'), order=Order(orderId=9, clientId=13, permId=1360351951, action='BUY', totalQuantity=2.0, orderType='LMT', lmtPrice=71.1, auxPrice=0.0, tif='GTC', ocaGroup='1360351950', ocaType=3, parentId=8, displaySize=2147483647, trailStopPrice=72.1, openClose='', volatilityType=0, deltaNeutralOrderType='None', referencePriceType=0, account='DU1899929', clearingIntent='IB', adjustedOrderType='None', cashQty=0.0, dontUseAutoPriceForHedge=True), orderStatus=OrderStatus(orderId=9, status='Submitted', filled=0.0, remaining=2.0, avgFillPrice=0.0, permId=1360351951, parentId=8, lastFillPrice=0.0, clientId=13, whyHeld='', mktCapPrice=0.0), fills=[], log=[TradeLogEntry(time=datetime.datetime(2026, 3, 2, 10, 28, 17, 985715, tzinfo=datetime.timezone.utc), status='Submitted', message='', errorCode=0)], advancedError='')
2026-03-02 02:28:17 [INFO] Warning 2104, reqId -1: Market data farm connection is OK:usfarm
2026-03-02 02:28:17 [INFO] Warning 2106, reqId -1: HMDS data farm connection is OK:ushmds
2026-03-02 02:28:17 [INFO] Warning 2158, reqId -1: Sec-def data farm connection is OK:secdefnj
2026-03-02 02:28:17 [INFO] API connection ready
2026-03-02 02:28:17 [INFO] position: Position(account='DU1899929', contract=Future(conId=304037436, symbol='CL', lastTradeDateOrContractMonth='20260320', multiplier='1000', currency='USD', localSymbol='CLJ6', tradingClass='CL'), position=-4.0, avgCost=72072.63)
2026-03-02 02:28:18 [INFO] updatePortfolio: PortfolioItem(contract=Future(conId=304037436, symbol='CL', lastTradeDateOrContractMonth='20260320', right='0', multiplier='1000', primaryExchange='NYMEX', currency='USD', localSymbol='CLJ6', tradingClass='CL'), position=-4.0, marketPrice=71.8600006, marketValue=-287440.0, averageCost=72072.63, unrealizedPNL=850.52, realizedPNL=0.0, account='DU1899929')
2026-03-02 02:28:18 [INFO] execDetails Execution(execId='0000e1a7.69a54fc5.01.01', time=datetime.datetime(2026, 3, 2, 9, 10, 13, tzinfo=datetime.timezone.utc), acctNumber='DU1899929', exchange='NYMEX', side='SLD', shares=1.0, price=71.92, permId=1360351955, clientId=13, orderId=11, liquidation=0, cumQty=1.0, avgPrice=71.92, orderRef='', evRule='', evMultiplier=0.0, modelCode='', lastLiquidity=1)
2026-03-02 02:28:18 [INFO] execDetails Execution(execId='0000e1a7.69a54fc6.01.01', time=datetime.datetime(2026, 3, 2, 9, 10, 13, tzinfo=datetime.timezone.utc), acctNumber='DU1899929', exchange='NYMEX', side='SLD', shares=1.0, price=71.92, permId=1360351955, clientId=13, orderId=11, liquidation=0, cumQty=2.0, avgPrice=71.92, orderRef='', evRule='', evMultiplier=0.0, modelCode='', lastLiquidity=1)
2026-03-02 02:28:18 [INFO] execDetails Execution(execId='0000e1a7.69a55356.01.01', time=datetime.datetime(2026, 3, 2, 9, 24, 24, tzinfo=datetime.timezone.utc), acctNumber='DU1899929', exchange='NYMEX', side='SLD', shares=1.0, price=72.23, permId=1360351950, clientId=13, orderId=8, liquidation=0, cumQty=1.0, avgPrice=72.23, orderRef='', evRule='', evMultiplier=0.0, modelCode='', lastLiquidity=1)
2026-03-02 02:28:18 [INFO] execDetails Execution(execId='0000e1a7.69a55357.01.01', time=datetime.datetime(2026, 3, 2, 9, 24, 24, tzinfo=datetime.timezone.utc), acctNumber='DU1899929', exchange='NYMEX', side='SLD', shares=1.0, price=72.23, permId=1360351950, clientId=13, orderId=8, liquidation=0, cumQty=2.0, avgPrice=72.23, orderRef='', evRule='', evMultiplier=0.0, modelCode='', lastLiquidity=1)
2026-03-02 02:28:18 [INFO] commissionReport: CommissionReport(execId='0000e1a7.69a54fc5.01.01', commission=2.37, currency='USD', realizedPNL=0.0, yield_=0.0, yieldRedemptionDate=0)
2026-03-02 02:28:18 [INFO] commissionReport: CommissionReport(execId='0000e1a7.69a54fc6.01.01', commission=2.37, currency='USD', realizedPNL=0.0, yield_=0.0, yieldRedemptionDate=0)
2026-03-02 02:28:18 [INFO] commissionReport: CommissionReport(execId='0000e1a7.69a55356.01.01', commission=2.37, currency='USD', realizedPNL=0.0, yield_=0.0, yieldRedemptionDate=0)
2026-03-02 02:28:18 [INFO] commissionReport: CommissionReport(execId='0000e1a7.69a55357.01.01', commission=2.37, currency='USD', realizedPNL=0.0, yield_=0.0, yieldRedemptionDate=0)
2026-03-02 02:28:18 [INFO] Synchronization complete
2026-03-02 02:28:18 [INFO] Connected to IBKR on port 4002 with clientId 13
2026-03-02 02:28:18 [INFO] Connected to IBKR
2026-03-02 02:28:18 [INFO] Qualified CL continuous contract: ContFuture(conId=304037436, symbol='CL', lastTradeDateOrContractMonth='20260320', multiplier='1000', exchange='NYMEX', currency='USD', localSymbol='CLJ6', tradingClass='CL')
2026-03-02 02:28:18 [INFO] Front-month CL contract: CLJ6 (conId=304037436, month=202603)
2026-03-02 02:28:18 [INFO] Front-month contract: CLJ6 (month=202603)
2026-03-02 02:28:18 [INFO] ============================================================
2026-03-02 02:28:18 [INFO]                  ACCOUNT SUMMARY (CL Only)                  
2026-03-02 02:28:18 [INFO] ============================================================
2026-03-02 02:28:18 [INFO]   Account:           DU1899929
2026-03-02 02:28:18 [INFO]   Net Liquidation:   $  1,190,847.33
2026-03-02 02:28:18 [INFO]   Available Funds:   $  1,124,904.41
2026-03-02 02:28:18 [INFO] ------------------------------------------------------------
2026-03-02 02:28:18 [INFO]   CL Position:       SHORT (-4 contracts)
2026-03-02 02:28:18 [INFO]   CL Market Value:   $   -287,440.00
2026-03-02 02:28:18 [INFO]   CL Avg Cost:       $     72,072.63
2026-03-02 02:28:18 [INFO]   CL Unrealized PnL: $        850.52
2026-03-02 02:28:18 [INFO]   CL Realized PnL:   $          0.00
2026-03-02 02:28:18 [INFO] ------------------------------------------------------------
2026-03-02 02:28:18 [INFO]   Trade History (telemetry):
2026-03-02 02:28:18 [INFO]     Total Signals:     19
2026-03-02 02:28:18 [INFO]     Executed Trades:   2
2026-03-02 02:28:18 [INFO]     Bars Recorded:     19
2026-03-02 02:28:18 [INFO]     Date Range:        2026-03-02 → 2026-03-02
2026-03-02 02:28:18 [INFO] ============================================================
2026-03-02 02:28:18 [INFO] Warm-start: initializing via DataManager...
2026-03-02 02:28:18 [INFO] Loading warm-start cache from C:\Users\bwang\Documents\GitHub\CL_Analyst\data\processed\warm_start_cache_cid13.parquet
2026-03-02 02:28:18 [INFO] Cache loaded: 13808 bars, range 2025-12-17 23:50:00 → 2026-03-02 08:50:00
2026-03-02 02:28:18 [INFO] Front-month unchanged: CLJ6 — no rollover.
2026-03-02 02:28:18 [INFO] Backfill gap: 2026-03-02 08:50:00 → 2026-03-02 02:28:18.750897 (-6.4 hours)
2026-03-02 02:28:18 [INFO] Gap < 10 minutes — no backfill needed.
2026-03-02 02:28:18 [INFO] Master ledger loaded: 1221233 bars, range 2008-11-20 00:00:00 → 2026-03-02 08:50:00
2026-03-02 02:28:18 [INFO] Ledger gap < 10 minutes — no IBKR fetch needed.
2026-03-02 02:28:19 [INFO] Master ledger saved: 1221233 bars → C:\Users\bwang\Documents\GitHub\CL_Analyst\data\processed\cl_continuous_master.parquet
2026-03-02 02:28:19 [INFO] Mirrored cl_continuous_master.parquet → C:\CL_Analyst_Data\processed\cl_continuous_master.parquet
2026-03-02 02:28:19 [INFO] Roll metadata saved: front_month=CLJ6
2026-03-02 02:28:19 [INFO] Rolling window initialized: 13808 bars, latest=2026-03-02 08:50:00
2026-03-02 02:28:19 [INFO] Subscribing to live 5-min bars (Brain stream)...
2026-03-02 02:28:19 [INFO] Subscribed to continuous contract live bars
2026-03-02 02:28:19 [INFO] Subscribing to front-month bars (Hands stream: 202603)...
2026-03-02 02:28:19 [INFO] Subscribed to front-month live bars
2026-03-02 02:28:19 [INFO] Entering event loop (poll every 5.0s) ...
2026-03-02 02:28:19 [INFO] Press Ctrl+C to stop.
2026-03-02 02:30:05 [INFO] NEW BAR: 2026-03-02 10:30:00  O=72.02 H=72.03 L=72.02 C=72.03 V=7
2026-03-02 02:30:14 [INFO] [PNL] position=-4  mktPrice=72.03  SL=73.17  TP=71.10  ATR=0.3922  held=0 bars
2026-03-02 02:30:14 [WARNING] get_account_summary() failed
Traceback (most recent call last):
  File "C:\Users\bwang\Documents\GitHub\CL_Analyst\src\live_execution\live_trader.py", line 1162, in _on_new_bar
    acct = self.manager.get_account_summary()
  File "C:\Users\bwang\Documents\GitHub\CL_Analyst\src\live_execution\ibkr_client.py", line 389, in get_account_summary
    acct_values = self.ib.accountSummary()
  File "C:\Users\bwang\anaconda3\envs\trader\lib\site-packages\ib_insync\ib.py", line 413, in accountSummary
    return self._run(self.accountSummaryAsync(account))
  File "C:\Users\bwang\anaconda3\envs\trader\lib\site-packages\ib_insync\ib.py", line 318, in _run
    return util.run(*awaitables, timeout=self.RequestTimeout)
  File "C:\Users\bwang\anaconda3\envs\trader\lib\site-packages\ib_insync\util.py", line 341, in run
    result = loop.run_until_complete(task)
  File "C:\Users\bwang\anaconda3\envs\trader\lib\asyncio\base_events.py", line 625, in run_until_complete
    self._check_running()
  File "C:\Users\bwang\anaconda3\envs\trader\lib\asyncio\base_events.py", line 584, in _check_running
    raise RuntimeError('This event loop is already running')
RuntimeError: This event loop is already running
2026-03-02 02:30:14 [INFO] INFERENCE [ManateeKoala_Conservative] BOTH: buy_prob=0.1465  sell_prob=0.7362  signal=Sell  action=HOLD  skip=POSITION_OPEN
2026-03-02 02:30:14 [INFO] >>> Sell signal TRIGGERED (prob=0.7362) but SKIPPED: already holding -4 contracts
2026-03-02 02:30:25 [INFO] updatePortfolio: PortfolioItem(contract=Future(conId=304037436, symbol='CL', lastTradeDateOrContractMonth='20260320', right='0', multiplier='1000', primaryExchange='NYMEX', currency='USD', localSymbol='CLJ6', tradingClass='CL'), position=-4.0, marketPrice=72.01999665, marketValue=-288079.99, averageCost=72072.63, unrealizedPNL=210.53, realizedPNL=0.0, account='DU1899929')
2026-03-02 02:33:25 [INFO] updatePortfolio: PortfolioItem(contract=Future(conId=304037436, symbol='CL', lastTradeDateOrContractMonth='20260320', right='0', multiplier='1000', primaryExchange='NYMEX', currency='USD', localSymbol='CLJ6', tradingClass='CL'), position=-4.0, marketPrice=72.02459715, marketValue=-288098.39, averageCost=72072.63, unrealizedPNL=192.13, realizedPNL=0.0, account='DU1899929')
2026-03-02 02:35:05 [INFO] NEW BAR: 2026-03-02 10:35:00  O=71.88 H=71.90 L=71.88 C=71.90 V=3
2026-03-02 02:35:12 [INFO] [PNL] position=-4  mktPrice=71.90  SL=73.17  TP=71.10  ATR=0.3749  held=1 bars
2026-03-02 02:35:12 [WARNING] get_account_summary() failed
Traceback (most recent call last):
  File "C:\Users\bwang\Documents\GitHub\CL_Analyst\src\live_execution\live_trader.py", line 1162, in _on_new_bar
    # Use cached portfolio (sync) — NOT get_account_summary()
  File "C:\Users\bwang\Documents\GitHub\CL_Analyst\src\live_execution\ibkr_client.py", line 389, in get_account_summary
    acct_values = self.ib.accountSummary()
  File "C:\Users\bwang\anaconda3\envs\trader\lib\site-packages\ib_insync\ib.py", line 413, in accountSummary
    return self._run(self.accountSummaryAsync(account))
  File "C:\Users\bwang\anaconda3\envs\trader\lib\site-packages\ib_insync\ib.py", line 318, in _run
    return util.run(*awaitables, timeout=self.RequestTimeout)
  File "C:\Users\bwang\anaconda3\envs\trader\lib\site-packages\ib_insync\util.py", line 341, in run
    result = loop.run_until_complete(task)
  File "C:\Users\bwang\anaconda3\envs\trader\lib\asyncio\base_events.py", line 625, in run_until_complete
    self._check_running()
  File "C:\Users\bwang\anaconda3\envs\trader\lib\asyncio\base_events.py", line 584, in _check_running
    raise RuntimeError('This event loop is already running')
RuntimeError: This event loop is already running
2026-03-02 02:35:12 [INFO] INFERENCE [ManateeKoala_Conservative] BOTH: buy_prob=0.1780  sell_prob=0.9424  signal=Sell  action=HOLD  skip=POSITION_OPEN
2026-03-02 02:35:12 [INFO] >>> Sell signal TRIGGERED (prob=0.9424) but SKIPPED: already holding -4 contracts
2026-03-02 02:36:25 [INFO] updatePortfolio: PortfolioItem(contract=Future(conId=304037436, symbol='CL', lastTradeDateOrContractMonth='20260320', right='0', multiplier='1000', primaryExchange='NYMEX', currency='USD', localSymbol='CLJ6', tradingClass='CL'), position=-4.0, marketPrice=72.0400009, marketValue=-288160.0, averageCost=72072.63, unrealizedPNL=130.52, realizedPNL=0.0, account='DU1899929')
2026-03-02 02:37:17 [INFO] File logging enabled: C:\Users\bwang\Documents\GitHub\CL_Analyst\data\logs\live_trader_cid13.log
2026-03-02 02:37:17 [INFO] ============================================================
2026-03-02 02:37:17 [INFO] LiveTrader starting (dry_run=False)
2026-03-02 02:37:17 [INFO] ============================================================
2026-03-02 02:37:17 [INFO] Connecting to IBKR at 127.0.0.1:4002 ...
2026-03-02 02:37:17 [INFO] Attempting IBKR connection on 127.0.0.1:4002 (clientId=13) ...
2026-03-02 02:37:17 [INFO] Connecting to 127.0.0.1:4002 with clientId 13...
2026-03-02 02:37:17 [INFO] Connected
2026-03-02 02:37:17 [INFO] Logged on to server version 176
2026-03-02 02:37:17 [INFO] openOrder: Trade(contract=Future(conId=304037436, symbol='CL', lastTradeDateOrContractMonth='20260320', right='?', multiplier='1000', exchange='NYMEX', currency='USD', localSymbol='CLJ6', tradingClass='CL'), order=Order(orderId=13, clientId=13, permId=1360351957, action='BUY', totalQuantity=2.0, orderType='STP', lmtPrice=0.0, auxPrice=72.85, tif='GTC', ocaGroup='1360351955', ocaType=3, parentId=11, displaySize=2147483647, triggerMethod=1, outsideRth=True, trailStopPrice=72.85, openClose='', volatilityType=0, deltaNeutralOrderType='None', referencePriceType=0, account='DU1899929', clearingIntent='IB', adjustedOrderType='None', cashQty=0.0, dontUseAutoPriceForHedge=True), orderStatus=OrderStatus(orderId=13, status='PreSubmitted', filled=0.0, remaining=0.0, avgFillPrice=0.0, permId=0, parentId=0, lastFillPrice=0.0, clientId=0, whyHeld='', mktCapPrice=0.0), fills=[], log=[], advancedError='')
2026-03-02 02:37:17 [INFO] orderStatus: Trade(contract=Future(conId=304037436, symbol='CL', lastTradeDateOrContractMonth='20260320', right='?', multiplier='1000', exchange='NYMEX', currency='USD', localSymbol='CLJ6', tradingClass='CL'), order=Order(orderId=13, clientId=13, permId=1360351957, action='BUY', totalQuantity=2.0, orderType='STP', lmtPrice=0.0, auxPrice=72.85, tif='GTC', ocaGroup='1360351955', ocaType=3, parentId=11, displaySize=2147483647, triggerMethod=1, outsideRth=True, trailStopPrice=72.85, openClose='', volatilityType=0, deltaNeutralOrderType='None', referencePriceType=0, account='DU1899929', clearingIntent='IB', adjustedOrderType='None', cashQty=0.0, dontUseAutoPriceForHedge=True), orderStatus=OrderStatus(orderId=13, status='PreSubmitted', filled=0.0, remaining=2.0, avgFillPrice=0.0, permId=1360351957, parentId=11, lastFillPrice=0.0, clientId=13, whyHeld='trigger', mktCapPrice=0.0), fills=[], log=[TradeLogEntry(time=datetime.datetime(2026, 3, 2, 10, 37, 17, 522385, tzinfo=datetime.timezone.utc), status='PreSubmitted', message='', errorCode=0)], advancedError='')
2026-03-02 02:37:17 [INFO] openOrder: Trade(contract=Future(conId=304037436, symbol='CL', lastTradeDateOrContractMonth='20260320', right='?', multiplier='1000', exchange='NYMEX', currency='USD', localSymbol='CLJ6', tradingClass='CL'), order=Order(orderId=12, clientId=13, permId=1360351956, action='BUY', totalQuantity=2.0, orderType='LMT', lmtPrice=70.78, auxPrice=0.0, tif='GTC', ocaGroup='1360351955', ocaType=3, parentId=11, displaySize=2147483647, trailStopPrice=71.78, openClose='', volatilityType=0, deltaNeutralOrderType='None', referencePriceType=0, account='DU1899929', clearingIntent='IB', adjustedOrderType='None', cashQty=0.0, dontUseAutoPriceForHedge=True), orderStatus=OrderStatus(orderId=12, status='Submitted', filled=0.0, remaining=0.0, avgFillPrice=0.0, permId=0, parentId=0, lastFillPrice=0.0, clientId=0, whyHeld='', mktCapPrice=0.0), fills=[], log=[], advancedError='')
2026-03-02 02:37:17 [INFO] orderStatus: Trade(contract=Future(conId=304037436, symbol='CL', lastTradeDateOrContractMonth='20260320', right='?', multiplier='1000', exchange='NYMEX', currency='USD', localSymbol='CLJ6', tradingClass='CL'), order=Order(orderId=12, clientId=13, permId=1360351956, action='BUY', totalQuantity=2.0, orderType='LMT', lmtPrice=70.78, auxPrice=0.0, tif='GTC', ocaGroup='1360351955', ocaType=3, parentId=11, displaySize=2147483647, trailStopPrice=71.78, openClose='', volatilityType=0, deltaNeutralOrderType='None', referencePriceType=0, account='DU1899929', clearingIntent='IB', adjustedOrderType='None', cashQty=0.0, dontUseAutoPriceForHedge=True), orderStatus=OrderStatus(orderId=12, status='Submitted', filled=0.0, remaining=2.0, avgFillPrice=0.0, permId=1360351956, parentId=11, lastFillPrice=0.0, clientId=13, whyHeld='', mktCapPrice=0.0), fills=[], log=[TradeLogEntry(time=datetime.datetime(2026, 3, 2, 10, 37, 17, 522894, tzinfo=datetime.timezone.utc), status='Submitted', message='', errorCode=0)], advancedError='')
2026-03-02 02:37:17 [INFO] openOrder: Trade(contract=Future(conId=304037436, symbol='CL', lastTradeDateOrContractMonth='20260320', right='?', multiplier='1000', exchange='NYMEX', currency='USD', localSymbol='CLJ6', tradingClass='CL'), order=Order(orderId=10, clientId=13, permId=1360351952, action='BUY', totalQuantity=2.0, orderType='STP', lmtPrice=0.0, auxPrice=73.17, tif='GTC', ocaGroup='1360351950', ocaType=3, parentId=8, displaySize=2147483647, triggerMethod=1, outsideRth=True, trailStopPrice=73.17, openClose='', volatilityType=0, deltaNeutralOrderType='None', referencePriceType=0, account='DU1899929', clearingIntent='IB', adjustedOrderType='None', cashQty=0.0, dontUseAutoPriceForHedge=True), orderStatus=OrderStatus(orderId=10, status='PreSubmitted', filled=0.0, remaining=0.0, avgFillPrice=0.0, permId=0, parentId=0, lastFillPrice=0.0, clientId=0, whyHeld='', mktCapPrice=0.0), fills=[], log=[], advancedError='')
2026-03-02 02:37:17 [INFO] orderStatus: Trade(contract=Future(conId=304037436, symbol='CL', lastTradeDateOrContractMonth='20260320', right='?', multiplier='1000', exchange='NYMEX', currency='USD', localSymbol='CLJ6', tradingClass='CL'), order=Order(orderId=10, clientId=13, permId=1360351952, action='BUY', totalQuantity=2.0, orderType='STP', lmtPrice=0.0, auxPrice=73.17, tif='GTC', ocaGroup='1360351950', ocaType=3, parentId=8, displaySize=2147483647, triggerMethod=1, outsideRth=True, trailStopPrice=73.17, openClose='', volatilityType=0, deltaNeutralOrderType='None', referencePriceType=0, account='DU1899929', clearingIntent='IB', adjustedOrderType='None', cashQty=0.0, dontUseAutoPriceForHedge=True), orderStatus=OrderStatus(orderId=10, status='PreSubmitted', filled=0.0, remaining=2.0, avgFillPrice=0.0, permId=1360351952, parentId=8, lastFillPrice=0.0, clientId=13, whyHeld='trigger', mktCapPrice=0.0), fills=[], log=[TradeLogEntry(time=datetime.datetime(2026, 3, 2, 10, 37, 17, 523932, tzinfo=datetime.timezone.utc), status='PreSubmitted', message='', errorCode=0)], advancedError='')
2026-03-02 02:37:17 [INFO] openOrder: Trade(contract=Future(conId=304037436, symbol='CL', lastTradeDateOrContractMonth='20260320', right='?', multiplier='1000', exchange='NYMEX', currency='USD', localSymbol='CLJ6', tradingClass='CL'), order=Order(orderId=9, clientId=13, permId=1360351951, action='BUY', totalQuantity=2.0, orderType='LMT', lmtPrice=71.1, auxPrice=0.0, tif='GTC', ocaGroup='1360351950', ocaType=3, parentId=8, displaySize=2147483647, trailStopPrice=72.1, openClose='', volatilityType=0, deltaNeutralOrderType='None', referencePriceType=0, account='DU1899929', clearingIntent='IB', adjustedOrderType='None', cashQty=0.0, dontUseAutoPriceForHedge=True), orderStatus=OrderStatus(orderId=9, status='Submitted', filled=0.0, remaining=0.0, avgFillPrice=0.0, permId=0, parentId=0, lastFillPrice=0.0, clientId=0, whyHeld='', mktCapPrice=0.0), fills=[], log=[], advancedError='')
2026-03-02 02:37:17 [INFO] orderStatus: Trade(contract=Future(conId=304037436, symbol='CL', lastTradeDateOrContractMonth='20260320', right='?', multiplier='1000', exchange='NYMEX', currency='USD', localSymbol='CLJ6', tradingClass='CL'), order=Order(orderId=9, clientId=13, permId=1360351951, action='BUY', totalQuantity=2.0, orderType='LMT', lmtPrice=71.1, auxPrice=0.0, tif='GTC', ocaGroup='1360351950', ocaType=3, parentId=8, displaySize=2147483647, trailStopPrice=72.1, openClose='', volatilityType=0, deltaNeutralOrderType='None', referencePriceType=0, account='DU1899929', clearingIntent='IB', adjustedOrderType='None', cashQty=0.0, dontUseAutoPriceForHedge=True), orderStatus=OrderStatus(orderId=9, status='Submitted', filled=0.0, remaining=2.0, avgFillPrice=0.0, permId=1360351951, parentId=8, lastFillPrice=0.0, clientId=13, whyHeld='', mktCapPrice=0.0), fills=[], log=[TradeLogEntry(time=datetime.datetime(2026, 3, 2, 10, 37, 17, 523932, tzinfo=datetime.timezone.utc), status='Submitted', message='', errorCode=0)], advancedError='')
2026-03-02 02:37:17 [INFO] Warning 2104, reqId -1: Market data farm connection is OK:usfarm
2026-03-02 02:37:17 [INFO] Warning 2106, reqId -1: HMDS data farm connection is OK:ushmds
2026-03-02 02:37:17 [INFO] Warning 2158, reqId -1: Sec-def data farm connection is OK:secdefnj
2026-03-02 02:37:17 [INFO] API connection ready
2026-03-02 02:37:17 [INFO] position: Position(account='DU1899929', contract=Future(conId=304037436, symbol='CL', lastTradeDateOrContractMonth='20260320', multiplier='1000', currency='USD', localSymbol='CLJ6', tradingClass='CL'), position=-4.0, avgCost=72072.63)
2026-03-02 02:37:17 [INFO] updatePortfolio: PortfolioItem(contract=Future(conId=304037436, symbol='CL', lastTradeDateOrContractMonth='20260320', right='0', multiplier='1000', primaryExchange='NYMEX', currency='USD', localSymbol='CLJ6', tradingClass='CL'), position=-4.0, marketPrice=72.0400009, marketValue=-288160.0, averageCost=72072.63, unrealizedPNL=130.52, realizedPNL=0.0, account='DU1899929')
2026-03-02 02:37:17 [INFO] execDetails Execution(execId='0000e1a7.69a54fc5.01.01', time=datetime.datetime(2026, 3, 2, 9, 10, 13, tzinfo=datetime.timezone.utc), acctNumber='DU1899929', exchange='NYMEX', side='SLD', shares=1.0, price=71.92, permId=1360351955, clientId=13, orderId=11, liquidation=0, cumQty=1.0, avgPrice=71.92, orderRef='', evRule='', evMultiplier=0.0, modelCode='', lastLiquidity=1)
2026-03-02 02:37:17 [INFO] execDetails Execution(execId='0000e1a7.69a54fc6.01.01', time=datetime.datetime(2026, 3, 2, 9, 10, 13, tzinfo=datetime.timezone.utc), acctNumber='DU1899929', exchange='NYMEX', side='SLD', shares=1.0, price=71.92, permId=1360351955, clientId=13, orderId=11, liquidation=0, cumQty=2.0, avgPrice=71.92, orderRef='', evRule='', evMultiplier=0.0, modelCode='', lastLiquidity=1)
2026-03-02 02:37:17 [INFO] execDetails Execution(execId='0000e1a7.69a55356.01.01', time=datetime.datetime(2026, 3, 2, 9, 24, 24, tzinfo=datetime.timezone.utc), acctNumber='DU1899929', exchange='NYMEX', side='SLD', shares=1.0, price=72.23, permId=1360351950, clientId=13, orderId=8, liquidation=0, cumQty=1.0, avgPrice=72.23, orderRef='', evRule='', evMultiplier=0.0, modelCode='', lastLiquidity=1)
2026-03-02 02:37:17 [INFO] execDetails Execution(execId='0000e1a7.69a55357.01.01', time=datetime.datetime(2026, 3, 2, 9, 24, 24, tzinfo=datetime.timezone.utc), acctNumber='DU1899929', exchange='NYMEX', side='SLD', shares=1.0, price=72.23, permId=1360351950, clientId=13, orderId=8, liquidation=0, cumQty=2.0, avgPrice=72.23, orderRef='', evRule='', evMultiplier=0.0, modelCode='', lastLiquidity=1)
2026-03-02 02:37:17 [INFO] commissionReport: CommissionReport(execId='0000e1a7.69a54fc5.01.01', commission=2.37, currency='USD', realizedPNL=0.0, yield_=0.0, yieldRedemptionDate=0)
2026-03-02 02:37:17 [INFO] commissionReport: CommissionReport(execId='0000e1a7.69a54fc6.01.01', commission=2.37, currency='USD', realizedPNL=0.0, yield_=0.0, yieldRedemptionDate=0)
2026-03-02 02:37:17 [INFO] commissionReport: CommissionReport(execId='0000e1a7.69a55356.01.01', commission=2.37, currency='USD', realizedPNL=0.0, yield_=0.0, yieldRedemptionDate=0)
2026-03-02 02:37:17 [INFO] commissionReport: CommissionReport(execId='0000e1a7.69a55357.01.01', commission=2.37, currency='USD', realizedPNL=0.0, yield_=0.0, yieldRedemptionDate=0)
2026-03-02 02:37:17 [INFO] Synchronization complete
2026-03-02 02:37:17 [INFO] Connected to IBKR on port 4002 with clientId 13
2026-03-02 02:37:17 [INFO] Connected to IBKR
2026-03-02 02:37:17 [INFO] Qualified CL continuous contract: ContFuture(conId=304037436, symbol='CL', lastTradeDateOrContractMonth='20260320', multiplier='1000', exchange='NYMEX', currency='USD', localSymbol='CLJ6', tradingClass='CL')
2026-03-02 02:37:18 [INFO] Front-month CL contract: CLJ6 (conId=304037436, month=202603)
2026-03-02 02:37:18 [INFO] Front-month contract: CLJ6 (month=202603)
2026-03-02 02:37:18 [INFO] ============================================================
2026-03-02 02:37:18 [INFO]                  ACCOUNT SUMMARY (CL Only)                  
2026-03-02 02:37:18 [INFO] ============================================================
2026-03-02 02:37:18 [INFO]   Account:           DU1899929
2026-03-02 02:37:18 [INFO]   Net Liquidation:   $  1,190,127.34
2026-03-02 02:37:18 [INFO]   Available Funds:   $  1,124,184.42
2026-03-02 02:37:18 [INFO] ------------------------------------------------------------
2026-03-02 02:37:18 [INFO]   CL Position:       SHORT (-4 contracts)
2026-03-02 02:37:18 [INFO]   CL Market Value:   $   -288,160.00
2026-03-02 02:37:18 [INFO]   CL Avg Cost:       $     72,072.63
2026-03-02 02:37:18 [INFO]   CL Unrealized PnL: $        130.52
2026-03-02 02:37:18 [INFO]   CL Realized PnL:   $          0.00
2026-03-02 02:37:18 [INFO] ------------------------------------------------------------
2026-03-02 02:37:18 [INFO]   Trade History (telemetry):
2026-03-02 02:37:18 [INFO]     Total Signals:     21
2026-03-02 02:37:18 [INFO]     Executed Trades:   2
2026-03-02 02:37:18 [INFO]     Bars Recorded:     21
2026-03-02 02:37:18 [INFO]     Date Range:        2026-03-02 → 2026-03-02
2026-03-02 02:37:18 [INFO] ============================================================
2026-03-02 02:37:18 [INFO] Warm-start: initializing via DataManager...
2026-03-02 02:37:18 [INFO] Loading warm-start cache from C:\Users\bwang\Documents\GitHub\CL_Analyst\data\processed\warm_start_cache_cid13.parquet
2026-03-02 02:37:18 [INFO] Cache loaded: 13808 bars, range 2025-12-17 23:50:00 → 2026-03-02 08:50:00
2026-03-02 02:37:18 [INFO] Front-month unchanged: CLJ6 — no rollover.
2026-03-02 02:37:18 [INFO] Backfill gap: 2026-03-02 08:50:00 → 2026-03-02 02:37:18.272836 (-6.2 hours)
2026-03-02 02:37:18 [INFO] Gap < 10 minutes — no backfill needed.
2026-03-02 02:37:18 [INFO] Master ledger loaded: 1221233 bars, range 2008-11-20 00:00:00 → 2026-03-02 08:50:00
2026-03-02 02:37:18 [INFO] Ledger gap < 10 minutes — no IBKR fetch needed.
2026-03-02 02:37:18 [INFO] Master ledger saved: 1221233 bars → C:\Users\bwang\Documents\GitHub\CL_Analyst\data\processed\cl_continuous_master.parquet
2026-03-02 02:37:18 [INFO] Mirrored cl_continuous_master.parquet → C:\CL_Analyst_Data\processed\cl_continuous_master.parquet
2026-03-02 02:37:18 [INFO] Roll metadata saved: front_month=CLJ6
2026-03-02 02:37:18 [INFO] Rolling window initialized: 13808 bars, latest=2026-03-02 08:50:00
2026-03-02 02:37:18 [INFO] Subscribing to live 5-min bars (Brain stream)...
2026-03-02 02:37:19 [INFO] Subscribed to continuous contract live bars
2026-03-02 02:37:19 [INFO] Subscribing to front-month bars (Hands stream: 202603)...
2026-03-02 02:37:19 [INFO] Subscribed to front-month live bars
2026-03-02 02:37:19 [INFO] Entering event loop (poll every 5.0s) ...
2026-03-02 02:37:19 [INFO] Press Ctrl+C to stop.
2026-03-02 02:39:25 [INFO] updatePortfolio: PortfolioItem(contract=Future(conId=304037436, symbol='CL', lastTradeDateOrContractMonth='20260320', right='0', multiplier='1000', primaryExchange='NYMEX', currency='USD', localSymbol='CLJ6', tradingClass='CL'), position=-4.0, marketPrice=71.68341065, marketValue=-286733.64, averageCost=72072.63, unrealizedPNL=1556.88, realizedPNL=0.0, account='DU1899929')
2026-03-02 02:39:41 [INFO] Warning 2105, reqId -1: HMDS data farm connection is broken:ushmds
2026-03-02 02:39:41 [INFO] Warning 2103, reqId -1: Market data farm connection is broken:usfarm
2026-03-02 02:39:41 [ERROR] Error 10182, reqId 19: Failed to request live updates (disconnected).
2026-03-02 02:39:41 [WARNING] SUBSCRIPTIONS LOST (Error 10182) — will resubscribe on reconnect
2026-03-02 02:39:41 [ERROR] Error 10182, reqId 20: Failed to request live updates (disconnected).
2026-03-02 02:39:41 [WARNING] SUBSCRIPTIONS LOST (Error 10182) — will resubscribe on reconnect
2026-03-02 02:39:41 [INFO] Warning 2106, reqId -1: HMDS data farm connection is OK:ushmds
2026-03-02 02:39:42 [INFO] Warning 2104, reqId -1: Market data farm connection is OK:usfarm
2026-03-02 02:42:25 [INFO] updatePortfolio: PortfolioItem(contract=Future(conId=304037436, symbol='CL', lastTradeDateOrContractMonth='20260320', right='0', multiplier='1000', primaryExchange='NYMEX', currency='USD', localSymbol='CLJ6', tradingClass='CL'), position=-4.0, marketPrice=71.80257415, marketValue=-287210.3, averageCost=72072.63, unrealizedPNL=1080.22, realizedPNL=0.0, account='DU1899929')
2026-03-02 02:45:25 [INFO] updatePortfolio: PortfolioItem(contract=Future(conId=304037436, symbol='CL', lastTradeDateOrContractMonth='20260320', right='0', multiplier='1000', primaryExchange='NYMEX', currency='USD', localSymbol='CLJ6', tradingClass='CL'), position=-4.0, marketPrice=71.98000335, marketValue=-287920.01, averageCost=72072.63, unrealizedPNL=370.51, realizedPNL=0.0, account='DU1899929')
2026-03-02 02:48:25 [INFO] updatePortfolio: PortfolioItem(contract=Future(conId=304037436, symbol='CL', lastTradeDateOrContractMonth='20260320', right='0', multiplier='1000', primaryExchange='NYMEX', currency='USD', localSymbol='CLJ6', tradingClass='CL'), position=-4.0, marketPrice=72.01000215, marketValue=-288040.01, averageCost=72072.63, unrealizedPNL=250.51, realizedPNL=0.0, account='DU1899929')
2026-03-02 02:51:25 [INFO] updatePortfolio: PortfolioItem(contract=Future(conId=304037436, symbol='CL', lastTradeDateOrContractMonth='20260320', right='0', multiplier='1000', primaryExchange='NYMEX', currency='USD', localSymbol='CLJ6', tradingClass='CL'), position=-4.0, marketPrice=71.9700012, marketValue=-287880.0, averageCost=72072.63, unrealizedPNL=410.52, realizedPNL=0.0, account='DU1899929')
2026-03-02 02:54:25 [INFO] updatePortfolio: PortfolioItem(contract=Future(conId=304037436, symbol='CL', lastTradeDateOrContractMonth='20260320', right='0', multiplier='1000', primaryExchange='NYMEX', currency='USD', localSymbol='CLJ6', tradingClass='CL'), position=-4.0, marketPrice=72.0020218, marketValue=-288008.09, averageCost=72072.63, unrealizedPNL=282.43, realizedPNL=0.0, account='DU1899929')
2026-03-02 02:57:25 [INFO] updatePortfolio: PortfolioItem(contract=Future(conId=304037436, symbol='CL', lastTradeDateOrContractMonth='20260320', right='0', multiplier='1000', primaryExchange='NYMEX', currency='USD', localSymbol='CLJ6', tradingClass='CL'), position=-4.0, marketPrice=71.9732132, marketValue=-287892.85, averageCost=72072.63, unrealizedPNL=397.67, realizedPNL=0.0, account='DU1899929')
2026-03-02 03:00:25 [INFO] updatePortfolio: PortfolioItem(contract=Future(conId=304037436, symbol='CL', lastTradeDateOrContractMonth='20260320', right='0', multiplier='1000', primaryExchange='NYMEX', currency='USD', localSymbol='CLJ6', tradingClass='CL'), position=-4.0, marketPrice=72.09999845, marketValue=-288399.99, averageCost=72072.63, unrealizedPNL=-109.47, realizedPNL=0.0, account='DU1899929')
2026-03-02 03:03:25 [INFO] updatePortfolio: PortfolioItem(contract=Future(conId=304037436, symbol='CL', lastTradeDateOrContractMonth='20260320', right='0', multiplier='1000', primaryExchange='NYMEX', currency='USD', localSymbol='CLJ6', tradingClass='CL'), position=-4.0, marketPrice=72.0699997, marketValue=-288280.0, averageCost=72072.63, unrealizedPNL=10.52, realizedPNL=0.0, account='DU1899929')
2026-03-02 03:06:25 [INFO] updatePortfolio: PortfolioItem(contract=Future(conId=304037436, symbol='CL', lastTradeDateOrContractMonth='20260320', right='0', multiplier='1000', primaryExchange='NYMEX', currency='USD', localSymbol='CLJ6', tradingClass='CL'), position=-4.0, marketPrice=71.9599991, marketValue=-287840.0, averageCost=72072.63, unrealizedPNL=450.52, realizedPNL=0.0, account='DU1899929')
2026-03-02 03:09:25 [INFO] updatePortfolio: PortfolioItem(contract=Future(conId=304037436, symbol='CL', lastTradeDateOrContractMonth='20260320', right='0', multiplier='1000', primaryExchange='NYMEX', currency='USD', localSymbol='CLJ6', tradingClass='CL'), position=-4.0, marketPrice=71.9599991, marketValue=-287840.0, averageCost=72072.63, unrealizedPNL=450.52, realizedPNL=0.0, account='DU1899929')
2026-03-02 03:12:25 [INFO] updatePortfolio: PortfolioItem(contract=Future(conId=304037436, symbol='CL', lastTradeDateOrContractMonth='20260320', right='0', multiplier='1000', primaryExchange='NYMEX', currency='USD', localSymbol='CLJ6', tradingClass='CL'), position=-4.0, marketPrice=71.9700012, marketValue=-287880.0, averageCost=72072.63, unrealizedPNL=410.52, realizedPNL=0.0, account='DU1899929')
2026-03-02 03:14:47 [INFO] Warning 2105, reqId -1: HMDS data farm connection is broken:ushmds
2026-03-02 03:14:47 [INFO] Warning 2103, reqId -1: Market data farm connection is broken:usfarm
2026-03-02 03:14:48 [INFO] Warning 2104, reqId -1: Market data farm connection is OK:usfarm
2026-03-02 03:14:48 [INFO] Warning 2106, reqId -1: HMDS data farm connection is OK:ushmds
2026-03-02 03:15:25 [INFO] updatePortfolio: PortfolioItem(contract=Future(conId=304037436, symbol='CL', lastTradeDateOrContractMonth='20260320', right='0', multiplier='1000', primaryExchange='NYMEX', currency='USD', localSymbol='CLJ6', tradingClass='CL'), position=-4.0, marketPrice=72.25, marketValue=-289000.0, averageCost=72072.63, unrealizedPNL=-709.48, realizedPNL=0.0, account='DU1899929')
2026-03-02 03:18:25 [INFO] updatePortfolio: PortfolioItem(contract=Future(conId=304037436, symbol='CL', lastTradeDateOrContractMonth='20260320', right='0', multiplier='1000', primaryExchange='NYMEX', currency='USD', localSymbol='CLJ6', tradingClass='CL'), position=-4.0, marketPrice=72.15000155, marketValue=-288600.01, averageCost=72072.63, unrealizedPNL=-309.49, realizedPNL=0.0, account='DU1899929')
2026-03-02 03:21:25 [INFO] updatePortfolio: PortfolioItem(contract=Future(conId=304037436, symbol='CL', lastTradeDateOrContractMonth='20260320', right='0', multiplier='1000', primaryExchange='NYMEX', currency='USD', localSymbol='CLJ6', tradingClass='CL'), position=-4.0, marketPrice=72.0252533, marketValue=-288101.01, averageCost=72072.63, unrealizedPNL=189.51, realizedPNL=0.0, account='DU1899929')
2026-03-02 03:24:25 [INFO] updatePortfolio: PortfolioItem(contract=Future(conId=304037436, symbol='CL', lastTradeDateOrContractMonth='20260320', right='0', multiplier='1000', primaryExchange='NYMEX', currency='USD', localSymbol='CLJ6', tradingClass='CL'), position=-4.0, marketPrice=71.91999815, marketValue=-287679.99, averageCost=72072.63, unrealizedPNL=610.53, realizedPNL=0.0, account='DU1899929')
2026-03-02 03:27:25 [INFO] updatePortfolio: PortfolioItem(contract=Future(conId=304037436, symbol='CL', lastTradeDateOrContractMonth='20260320', right='0', multiplier='1000', primaryExchange='NYMEX', currency='USD', localSymbol='CLJ6', tradingClass='CL'), position=-4.0, marketPrice=71.83000185, marketValue=-287320.01, averageCost=72072.63, unrealizedPNL=970.51, realizedPNL=0.0, account='DU1899929')
2026-03-02 03:30:25 [INFO] updatePortfolio: PortfolioItem(contract=Future(conId=304037436, symbol='CL', lastTradeDateOrContractMonth='20260320', right='0', multiplier='1000', primaryExchange='NYMEX', currency='USD', localSymbol='CLJ6', tradingClass='CL'), position=-4.0, marketPrice=71.80000305, marketValue=-287200.01, averageCost=72072.63, unrealizedPNL=1090.51, realizedPNL=0.0, account='DU1899929')
2026-03-02 03:33:25 [INFO] updatePortfolio: PortfolioItem(contract=Future(conId=304037436, symbol='CL', lastTradeDateOrContractMonth='20260320', right='0', multiplier='1000', primaryExchange='NYMEX', currency='USD', localSymbol='CLJ6', tradingClass='CL'), position=-4.0, marketPrice=71.75, marketValue=-287000.0, averageCost=72072.63, unrealizedPNL=1290.52, realizedPNL=0.0, account='DU1899929')
2026-03-02 03:36:25 [INFO] updatePortfolio: PortfolioItem(contract=Future(conId=304037436, symbol='CL', lastTradeDateOrContractMonth='20260320', right='0', multiplier='1000', primaryExchange='NYMEX', currency='USD', localSymbol='CLJ6', tradingClass='CL'), position=-4.0, marketPrice=71.7900009, marketValue=-287160.0, averageCost=72072.63, unrealizedPNL=1130.52, realizedPNL=0.0, account='DU1899929')
2026-03-02 03:39:25 [INFO] updatePortfolio: PortfolioItem(contract=Future(conId=304037436, symbol='CL', lastTradeDateOrContractMonth='20260320', right='0', multiplier='1000', primaryExchange='NYMEX', currency='USD', localSymbol='CLJ6', tradingClass='CL'), position=-4.0, marketPrice=71.8199997, marketValue=-287280.0, averageCost=72072.63, unrealizedPNL=1010.52, realizedPNL=0.0, account='DU1899929')
2026-03-02 03:42:25 [INFO] updatePortfolio: PortfolioItem(contract=Future(conId=304037436, symbol='CL', lastTradeDateOrContractMonth='20260320', right='0', multiplier='1000', primaryExchange='NYMEX', currency='USD', localSymbol='CLJ6', tradingClass='CL'), position=-4.0, marketPrice=71.84999845, marketValue=-287399.99, averageCost=72072.63, unrealizedPNL=890.53, realizedPNL=0.0, account='DU1899929')
2026-03-02 03:45:25 [INFO] updatePortfolio: PortfolioItem(contract=Future(conId=304037436, symbol='CL', lastTradeDateOrContractMonth='20260320', right='0', multiplier='1000', primaryExchange='NYMEX', currency='USD', localSymbol='CLJ6', tradingClass='CL'), position=-4.0, marketPrice=71.76000215, marketValue=-287040.01, averageCost=72072.63, unrealizedPNL=1250.51, realizedPNL=0.0, account='DU1899929')
2026-03-02 03:48:25 [INFO] updatePortfolio: PortfolioItem(contract=Future(conId=304037436, symbol='CL', lastTradeDateOrContractMonth='20260320', right='0', multiplier='1000', primaryExchange='NYMEX', currency='USD', localSymbol='CLJ6', tradingClass='CL'), position=-4.0, marketPrice=71.2799988, marketValue=-285120.0, averageCost=72072.63, unrealizedPNL=3170.52, realizedPNL=0.0, account='DU1899929')
2026-03-02 03:51:25 [INFO] updatePortfolio: PortfolioItem(contract=Future(conId=304037436, symbol='CL', lastTradeDateOrContractMonth='20260320', right='0', multiplier='1000', primaryExchange='NYMEX', currency='USD', localSymbol='CLJ6', tradingClass='CL'), position=-4.0, marketPrice=71.5699997, marketValue=-286280.0, averageCost=72072.63, unrealizedPNL=2010.52, realizedPNL=0.0, account='DU1899929')
2026-03-02 03:54:25 [INFO] updatePortfolio: PortfolioItem(contract=Future(conId=304037436, symbol='CL', lastTradeDateOrContractMonth='20260320', right='0', multiplier='1000', primaryExchange='NYMEX', currency='USD', localSymbol='CLJ6', tradingClass='CL'), position=-4.0, marketPrice=71.76999665, marketValue=-287079.99, averageCost=72072.63, unrealizedPNL=1210.53, realizedPNL=0.0, account='DU1899929')
2026-03-02 03:57:25 [INFO] updatePortfolio: PortfolioItem(contract=Future(conId=304037436, symbol='CL', lastTradeDateOrContractMonth='20260320', right='0', multiplier='1000', primaryExchange='NYMEX', currency='USD', localSymbol='CLJ6', tradingClass='CL'), position=-4.0, marketPrice=71.90400695, marketValue=-287616.03, averageCost=72072.63, unrealizedPNL=674.49, realizedPNL=0.0, account='DU1899929')
2026-03-02 04:00:25 [INFO] updatePortfolio: PortfolioItem(contract=Future(conId=304037436, symbol='CL', lastTradeDateOrContractMonth='20260320', right='0', multiplier='1000', primaryExchange='NYMEX', currency='USD', localSymbol='CLJ6', tradingClass='CL'), position=-4.0, marketPrice=71.96299745, marketValue=-287851.99, averageCost=72072.63, unrealizedPNL=438.53, realizedPNL=0.0, account='DU1899929')
2026-03-02 04:03:25 [INFO] updatePortfolio: PortfolioItem(contract=Future(conId=304037436, symbol='CL', lastTradeDateOrContractMonth='20260320', right='0', multiplier='1000', primaryExchange='NYMEX', currency='USD', localSymbol='CLJ6', tradingClass='CL'), position=-4.0, marketPrice=72.19999695, marketValue=-288799.99, averageCost=72072.63, unrealizedPNL=-509.47, realizedPNL=0.0, account='DU1899929')
2026-03-02 04:06:25 [INFO] updatePortfolio: PortfolioItem(contract=Future(conId=304037436, symbol='CL', lastTradeDateOrContractMonth='20260320', right='0', multiplier='1000', primaryExchange='NYMEX', currency='USD', localSymbol='CLJ6', tradingClass='CL'), position=-4.0, marketPrice=72.44999695, marketValue=-289799.99, averageCost=72072.63, unrealizedPNL=-1509.47, realizedPNL=0.0, account='DU1899929')
2026-03-02 04:09:25 [INFO] updatePortfolio: PortfolioItem(contract=Future(conId=304037436, symbol='CL', lastTradeDateOrContractMonth='20260320', right='0', multiplier='1000', primaryExchange='NYMEX', currency='USD', localSymbol='CLJ6', tradingClass='CL'), position=-4.0, marketPrice=72.433609, marketValue=-289734.44, averageCost=72072.63, unrealizedPNL=-1443.92, realizedPNL=0.0, account='DU1899929')
2026-03-02 04:12:25 [INFO] updatePortfolio: PortfolioItem(contract=Future(conId=304037436, symbol='CL', lastTradeDateOrContractMonth='20260320', right='0', multiplier='1000', primaryExchange='NYMEX', currency='USD', localSymbol='CLJ6', tradingClass='CL'), position=-4.0, marketPrice=72.41000365, marketValue=-289640.01, averageCost=72072.63, unrealizedPNL=-1349.49, realizedPNL=0.0, account='DU1899929')
2026-03-02 04:15:25 [INFO] updatePortfolio: PortfolioItem(contract=Future(conId=304037436, symbol='CL', lastTradeDateOrContractMonth='20260320', right='0', multiplier='1000', primaryExchange='NYMEX', currency='USD', localSymbol='CLJ6', tradingClass='CL'), position=-4.0, marketPrice=72.41000365, marketValue=-289640.01, averageCost=72072.63, unrealizedPNL=-1349.49, realizedPNL=0.0, account='DU1899929')
2026-03-02 04:18:25 [INFO] updatePortfolio: PortfolioItem(contract=Future(conId=304037436, symbol='CL', lastTradeDateOrContractMonth='20260320', right='0', multiplier='1000', primaryExchange='NYMEX', currency='USD', localSymbol='CLJ6', tradingClass='CL'), position=-4.0, marketPrice=72.4839859, marketValue=-289935.94, averageCost=72072.63, unrealizedPNL=-1645.42, realizedPNL=0.0, account='DU1899929')
2026-03-02 04:21:25 [INFO] updatePortfolio: PortfolioItem(contract=Future(conId=304037436, symbol='CL', lastTradeDateOrContractMonth='20260320', right='0', multiplier='1000', primaryExchange='NYMEX', currency='USD', localSymbol='CLJ6', tradingClass='CL'), position=-4.0, marketPrice=72.71588135, marketValue=-290863.53, averageCost=72072.63, unrealizedPNL=-2573.01, realizedPNL=0.0, account='DU1899929')
2026-03-02 04:24:25 [INFO] updatePortfolio: PortfolioItem(contract=Future(conId=304037436, symbol='CL', lastTradeDateOrContractMonth='20260320', right='0', multiplier='1000', primaryExchange='NYMEX', currency='USD', localSymbol='CLJ6', tradingClass='CL'), position=-4.0, marketPrice=72.52833555, marketValue=-290113.34, averageCost=72072.63, unrealizedPNL=-1822.82, realizedPNL=0.0, account='DU1899929')
2026-03-02 04:27:25 [INFO] updatePortfolio: PortfolioItem(contract=Future(conId=304037436, symbol='CL', lastTradeDateOrContractMonth='20260320', right='0', multiplier='1000', primaryExchange='NYMEX', currency='USD', localSymbol='CLJ6', tradingClass='CL'), position=-4.0, marketPrice=72.68273165, marketValue=-290730.93, averageCost=72072.63, unrealizedPNL=-2440.41, realizedPNL=0.0, account='DU1899929')
2026-03-02 04:30:25 [INFO] updatePortfolio: PortfolioItem(contract=Future(conId=304037436, symbol='CL', lastTradeDateOrContractMonth='20260320', right='0', multiplier='1000', primaryExchange='NYMEX', currency='USD', localSymbol='CLJ6', tradingClass='CL'), position=-4.0, marketPrice=72.7799988, marketValue=-291120.0, averageCost=72072.63, unrealizedPNL=-2829.48, realizedPNL=0.0, account='DU1899929')
2026-03-02 04:31:43 [INFO] orderStatus: Trade(contract=Future(conId=304037436, symbol='CL', lastTradeDateOrContractMonth='20260320', right='?', multiplier='1000', exchange='NYMEX', currency='USD', localSymbol='CLJ6', tradingClass='CL'), order=Order(orderId=12, clientId=13, permId=1360351956, action='BUY', orderType='LMT', lmtPrice=70.78, auxPrice=0.0, tif='GTC', ocaGroup='1360351955', ocaType=3, parentId=11, displaySize=2147483647, trailStopPrice=71.78, openClose='', volatilityType=0, deltaNeutralOrderType='None', referencePriceType=0, account='DU1899929', clearingIntent='IB', adjustedOrderType='None', cashQty=0.0, dontUseAutoPriceForHedge=True), orderStatus=OrderStatus(orderId=12, status='PendingCancel', filled=0.0, remaining=0.0, avgFillPrice=0.0, permId=1360351956, parentId=11, lastFillPrice=0.0, clientId=13, whyHeld='', mktCapPrice=0.0), fills=[], log=[TradeLogEntry(time=datetime.datetime(2026, 3, 2, 10, 37, 17, 522894, tzinfo=datetime.timezone.utc), status='Submitted', message='', errorCode=0), TradeLogEntry(time=datetime.datetime(2026, 3, 2, 12, 31, 43, 282760, tzinfo=datetime.timezone.utc), status='PendingCancel', message='', errorCode=0)], advancedError='')
2026-03-02 04:31:43 [INFO] position: Position(account='DU1899929', contract=Future(conId=304037436, symbol='CL', lastTradeDateOrContractMonth='20260320', multiplier='1000', currency='USD', localSymbol='CLJ6', tradingClass='CL'), position=-2.0, avgCost=72072.63)
2026-03-02 04:31:43 [INFO] execDetails Execution(execId='0000e1a7.69a58542.01.01', time=datetime.datetime(2026, 3, 2, 20, 31, 43, tzinfo=datetime.timezone.utc), acctNumber='DU1899929', exchange='NYMEX', side='BOT', shares=2.0, price=72.86, permId=1360351957, clientId=13, orderId=13, liquidation=0, cumQty=2.0, avgPrice=72.86, orderRef='', evRule='', evMultiplier=0.0, modelCode='', lastLiquidity=1)
2026-03-02 04:31:43 [INFO] execDetails: Fill(contract=Future(conId=304037436, symbol='CL', lastTradeDateOrContractMonth='20260320', right='?', multiplier='1000', exchange='NYMEX', currency='USD', localSymbol='CLJ6', tradingClass='CL'), execution=Execution(execId='0000e1a7.69a58542.01.01', time=datetime.datetime(2026, 3, 2, 20, 31, 43, tzinfo=datetime.timezone.utc), acctNumber='DU1899929', exchange='NYMEX', side='BOT', shares=2.0, price=72.86, permId=1360351957, clientId=13, orderId=13, liquidation=0, cumQty=2.0, avgPrice=72.86, orderRef='', evRule='', evMultiplier=0.0, modelCode='', lastLiquidity=1), commissionReport=CommissionReport(execId='', commission=0.0, currency='', realizedPNL=0.0, yield_=0.0, yieldRedemptionDate=0), time=datetime.datetime(2026, 3, 2, 12, 31, 43, 298244, tzinfo=datetime.timezone.utc))
2026-03-02 04:31:43 [INFO] [TRADE] FILL: BOT 2 CLJ6 @ 72.86 (execId=0000e1a7.69a58542.01.01)
2026-03-02 04:31:43 [INFO] orderStatus: Trade(contract=Future(conId=304037436, symbol='CL', lastTradeDateOrContractMonth='20260320', right='?', multiplier='1000', exchange='NYMEX', currency='USD', localSymbol='CLJ6', tradingClass='CL'), order=Order(orderId=13, clientId=13, permId=1360351957, action='BUY', totalQuantity=2.0, orderType='STP', lmtPrice=0.0, auxPrice=72.85, tif='GTC', ocaGroup='1360351955', ocaType=3, parentId=11, displaySize=2147483647, triggerMethod=1, outsideRth=True, trailStopPrice=72.85, openClose='', volatilityType=0, deltaNeutralOrderType='None', referencePriceType=0, account='DU1899929', clearingIntent='IB', adjustedOrderType='None', cashQty=0.0, dontUseAutoPriceForHedge=True), orderStatus=OrderStatus(orderId=13, status='Filled', filled=2.0, remaining=0.0, avgFillPrice=72.86, permId=1360351957, parentId=11, lastFillPrice=72.86, clientId=13, whyHeld='', mktCapPrice=0.0), fills=[Fill(contract=Future(conId=304037436, symbol='CL', lastTradeDateOrContractMonth='20260320', right='?', multiplier='1000', exchange='NYMEX', currency='USD', localSymbol='CLJ6', tradingClass='CL'), execution=Execution(execId='0000e1a7.69a58542.01.01', time=datetime.datetime(2026, 3, 2, 20, 31, 43, tzinfo=datetime.timezone.utc), acctNumber='DU1899929', exchange='NYMEX', side='BOT', shares=2.0, price=72.86, permId=1360351957, clientId=13, orderId=13, liquidation=0, cumQty=2.0, avgPrice=72.86, orderRef='', evRule='', evMultiplier=0.0, modelCode='', lastLiquidity=1), commissionReport=CommissionReport(execId='', commission=0.0, currency='', realizedPNL=0.0, yield_=0.0, yieldRedemptionDate=0), time=datetime.datetime(2026, 3, 2, 12, 31, 43, 298244, tzinfo=datetime.timezone.utc))], log=[TradeLogEntry(time=datetime.datetime(2026, 3, 2, 10, 37, 17, 522385, tzinfo=datetime.timezone.utc), status='PreSubmitted', message='', errorCode=0), TradeLogEntry(time=datetime.datetime(2026, 3, 2, 12, 31, 43, 298244, tzinfo=datetime.timezone.utc), status='PreSubmitted', message='Fill 2.0@72.86', errorCode=0), TradeLogEntry(time=datetime.datetime(2026, 3, 2, 12, 31, 43, 298244, tzinfo=datetime.timezone.utc), status='Filled', message='', errorCode=0)], advancedError='')
2026-03-02 04:31:43 [INFO] [TRADE] EXIT: BUY 2 CLJ6 @ 72.86 (SL HIT)
2026-03-02 04:31:43 [INFO] orderStatus: Trade(contract=Future(conId=304037436, symbol='CL', lastTradeDateOrContractMonth='20260320', right='?', multiplier='1000', exchange='NYMEX', currency='USD', localSymbol='CLJ6', tradingClass='CL'), order=Order(orderId=12, clientId=13, permId=1360351956, action='BUY', orderType='LMT', lmtPrice=70.78, auxPrice=0.0, tif='GTC', ocaGroup='1360351955', ocaType=3, parentId=11, displaySize=2147483647, trailStopPrice=71.78, openClose='', volatilityType=0, deltaNeutralOrderType='None', referencePriceType=0, account='DU1899929', clearingIntent='IB', adjustedOrderType='None', cashQty=0.0, dontUseAutoPriceForHedge=True), orderStatus=OrderStatus(orderId=12, status='Cancelled', filled=0.0, remaining=0.0, avgFillPrice=0.0, permId=1360351956, parentId=11, lastFillPrice=0.0, clientId=13, whyHeld='', mktCapPrice=0.0), fills=[], log=[TradeLogEntry(time=datetime.datetime(2026, 3, 2, 10, 37, 17, 522894, tzinfo=datetime.timezone.utc), status='Submitted', message='', errorCode=0), TradeLogEntry(time=datetime.datetime(2026, 3, 2, 12, 31, 43, 282760, tzinfo=datetime.timezone.utc), status='PendingCancel', message='', errorCode=0), TradeLogEntry(time=datetime.datetime(2026, 3, 2, 12, 31, 43, 302679, tzinfo=datetime.timezone.utc), status='Cancelled', message='', errorCode=0)], advancedError='')
2026-03-02 04:31:43 [INFO] Warning 202, reqId 12: Order Canceled - reason:
2026-03-02 04:31:43 [INFO] commissionReport: CommissionReport(execId='0000e1a7.69a58542.01.01', commission=4.74, currency='USD', realizedPNL=-1579.48, yield_=0.0, yieldRedemptionDate=0)
2026-03-02 04:31:43 [INFO] position: Position(account='DU1899929', contract=Future(conId=304037436, symbol='CL', lastTradeDateOrContractMonth='20260320', multiplier='1000', currency='USD', localSymbol='CLJ6', tradingClass='CL'), position=-2.0, avgCost=72072.63)
2026-03-02 04:31:43 [INFO] position: Position(account='DU1899929', contract=Future(conId=304037436, symbol='CL', lastTradeDateOrContractMonth='20260320', multiplier='1000', currency='USD', localSymbol='CLJ6', tradingClass='CL'), position=-2.0, avgCost=72072.63)
2026-03-02 04:31:44 [INFO] updatePortfolio: PortfolioItem(contract=Future(conId=304037436, symbol='CL', lastTradeDateOrContractMonth='20260320', right='0', multiplier='1000', primaryExchange='NYMEX', currency='USD', localSymbol='CLJ6', tradingClass='CL'), position=-2.0, marketPrice=72.84999845, marketValue=-145700.0, averageCost=72072.63, unrealizedPNL=-1554.74, realizedPNL=-1579.48, account='DU1899929')
2026-03-02 04:34:45 [INFO] updatePortfolio: PortfolioItem(contract=Future(conId=304037436, symbol='CL', lastTradeDateOrContractMonth='20260320', right='0', multiplier='1000', primaryExchange='NYMEX', currency='USD', localSymbol='CLJ6', tradingClass='CL'), position=-2.0, marketPrice=72.69999695, marketValue=-145399.99, averageCost=72072.63, unrealizedPNL=-1254.73, realizedPNL=-1579.48, account='DU1899929')
2026-03-02 04:36:53 [INFO] position: Position(account='DU1899929', contract=Future(conId=304037436, symbol='CL', lastTradeDateOrContractMonth='20260320', multiplier='1000', currency='USD', localSymbol='CLJ6', tradingClass='CL'), position=-2.0, avgCost=72072.63)
2026-03-02 04:37:44 [INFO] updatePortfolio: PortfolioItem(contract=Future(conId=304037436, symbol='CL', lastTradeDateOrContractMonth='20260320', right='0', multiplier='1000', primaryExchange='NYMEX', currency='USD', localSymbol='CLJ6', tradingClass='CL'), position=-2.0, marketPrice=72.66768645, marketValue=-145335.37, averageCost=72072.63, unrealizedPNL=-1190.11, realizedPNL=-1579.48, account='DU1899929')
2026-03-02 04:40:44 [INFO] updatePortfolio: PortfolioItem(contract=Future(conId=304037436, symbol='CL', lastTradeDateOrContractMonth='20260320', right='0', multiplier='1000', primaryExchange='NYMEX', currency='USD', localSymbol='CLJ6', tradingClass='CL'), position=-2.0, marketPrice=72.7252426, marketValue=-145450.49, averageCost=72072.63, unrealizedPNL=-1305.23, realizedPNL=-1579.48, account='DU1899929')
2026-03-02 04:43:44 [INFO] updatePortfolio: PortfolioItem(contract=Future(conId=304037436, symbol='CL', lastTradeDateOrContractMonth='20260320', right='0', multiplier='1000', primaryExchange='NYMEX', currency='USD', localSymbol='CLJ6', tradingClass='CL'), position=-2.0, marketPrice=72.84259035, marketValue=-145685.18, averageCost=72072.63, unrealizedPNL=-1539.92, realizedPNL=-1579.48, account='DU1899929')
2026-03-02 04:46:44 [INFO] updatePortfolio: PortfolioItem(contract=Future(conId=304037436, symbol='CL', lastTradeDateOrContractMonth='20260320', right='0', multiplier='1000', primaryExchange='NYMEX', currency='USD', localSymbol='CLJ6', tradingClass='CL'), position=-2.0, marketPrice=72.8600006, marketValue=-145720.0, averageCost=72072.63, unrealizedPNL=-1574.74, realizedPNL=-1579.48, account='DU1899929')
2026-03-02 04:49:44 [INFO] updatePortfolio: PortfolioItem(contract=Future(conId=304037436, symbol='CL', lastTradeDateOrContractMonth='20260320', right='0', multiplier='1000', primaryExchange='NYMEX', currency='USD', localSymbol='CLJ6', tradingClass='CL'), position=-2.0, marketPrice=72.69999695, marketValue=-145399.99, averageCost=72072.63, unrealizedPNL=-1254.73, realizedPNL=-1579.48, account='DU1899929')
2026-03-02 04:52:44 [INFO] updatePortfolio: PortfolioItem(contract=Future(conId=304037436, symbol='CL', lastTradeDateOrContractMonth='20260320', right='0', multiplier='1000', primaryExchange='NYMEX', currency='USD', localSymbol='CLJ6', tradingClass='CL'), position=-2.0, marketPrice=72.60686495, marketValue=-145213.73, averageCost=72072.63, unrealizedPNL=-1068.47, realizedPNL=-1579.48, account='DU1899929')
2026-03-02 04:55:44 [INFO] updatePortfolio: PortfolioItem(contract=Future(conId=304037436, symbol='CL', lastTradeDateOrContractMonth='20260320', right='0', multiplier='1000', primaryExchange='NYMEX', currency='USD', localSymbol='CLJ6', tradingClass='CL'), position=-2.0, marketPrice=72.4599991, marketValue=-144920.0, averageCost=72072.63, unrealizedPNL=-774.74, realizedPNL=-1579.48, account='DU1899929')
2026-03-02 04:58:45 [INFO] updatePortfolio: PortfolioItem(contract=Future(conId=304037436, symbol='CL', lastTradeDateOrContractMonth='20260320', right='0', multiplier='1000', primaryExchange='NYMEX', currency='USD', localSymbol='CLJ6', tradingClass='CL'), position=-2.0, marketPrice=72.6100006, marketValue=-145220.0, averageCost=72072.63, unrealizedPNL=-1074.74, realizedPNL=-1579.48, account='DU1899929')
2026-03-02 05:01:44 [INFO] updatePortfolio: PortfolioItem(contract=Future(conId=304037436, symbol='CL', lastTradeDateOrContractMonth='20260320', right='0', multiplier='1000', primaryExchange='NYMEX', currency='USD', localSymbol='CLJ6', tradingClass='CL'), position=-2.0, marketPrice=72.15000155, marketValue=-144300.0, averageCost=72072.63, unrealizedPNL=-154.74, realizedPNL=-1579.48, account='DU1899929')
2026-03-02 05:04:44 [INFO] updatePortfolio: PortfolioItem(contract=Future(conId=304037436, symbol='CL', lastTradeDateOrContractMonth='20260320', right='0', multiplier='1000', primaryExchange='NYMEX', currency='USD', localSymbol='CLJ6', tradingClass='CL'), position=-2.0, marketPrice=72.417717, marketValue=-144835.43, averageCost=72072.63, unrealizedPNL=-690.17, realizedPNL=-1579.48, account='DU1899929')
2026-03-02 05:07:44 [INFO] updatePortfolio: PortfolioItem(contract=Future(conId=304037436, symbol='CL', lastTradeDateOrContractMonth='20260320', right='0', multiplier='1000', primaryExchange='NYMEX', currency='USD', localSymbol='CLJ6', tradingClass='CL'), position=-2.0, marketPrice=72.25, marketValue=-144500.0, averageCost=72072.63, unrealizedPNL=-354.74, realizedPNL=-1579.48, account='DU1899929')
2026-03-02 05:10:44 [INFO] updatePortfolio: PortfolioItem(contract=Future(conId=304037436, symbol='CL', lastTradeDateOrContractMonth='20260320', right='0', multiplier='1000', primaryExchange='NYMEX', currency='USD', localSymbol='CLJ6', tradingClass='CL'), position=-2.0, marketPrice=72.0299988, marketValue=-144060.0, averageCost=72072.63, unrealizedPNL=85.26, realizedPNL=-1579.48, account='DU1899929')
2026-03-02 05:13:44 [INFO] updatePortfolio: PortfolioItem(contract=Future(conId=304037436, symbol='CL', lastTradeDateOrContractMonth='20260320', right='0', multiplier='1000', primaryExchange='NYMEX', currency='USD', localSymbol='CLJ6', tradingClass='CL'), position=-2.0, marketPrice=71.76527405, marketValue=-143530.55, averageCost=72072.63, unrealizedPNL=614.71, realizedPNL=-1579.48, account='DU1899929')
2026-03-02 05:16:44 [INFO] updatePortfolio: PortfolioItem(contract=Future(conId=304037436, symbol='CL', lastTradeDateOrContractMonth='20260320', right='0', multiplier='1000', primaryExchange='NYMEX', currency='USD', localSymbol='CLJ6', tradingClass='CL'), position=-2.0, marketPrice=72.05999755, marketValue=-144120.0, averageCost=72072.63, unrealizedPNL=25.26, realizedPNL=-1579.48, account='DU1899929')
2026-03-02 05:19:44 [INFO] updatePortfolio: PortfolioItem(contract=Future(conId=304037436, symbol='CL', lastTradeDateOrContractMonth='20260320', right='0', multiplier='1000', primaryExchange='NYMEX', currency='USD', localSymbol='CLJ6', tradingClass='CL'), position=-2.0, marketPrice=72.19999695, marketValue=-144399.99, averageCost=72072.63, unrealizedPNL=-254.73, realizedPNL=-1579.48, account='DU1899929')
2026-03-02 05:22:45 [INFO] updatePortfolio: PortfolioItem(contract=Future(conId=304037436, symbol='CL', lastTradeDateOrContractMonth='20260320', right='0', multiplier='1000', primaryExchange='NYMEX', currency='USD', localSymbol='CLJ6', tradingClass='CL'), position=-2.0, marketPrice=72.41999815, marketValue=-144840.0, averageCost=72072.63, unrealizedPNL=-694.74, realizedPNL=-1579.48, account='DU1899929')
2026-03-02 05:25:44 [INFO] updatePortfolio: PortfolioItem(contract=Future(conId=304037436, symbol='CL', lastTradeDateOrContractMonth='20260320', right='0', multiplier='1000', primaryExchange='NYMEX', currency='USD', localSymbol='CLJ6', tradingClass='CL'), position=-2.0, marketPrice=72.16999815, marketValue=-144340.0, averageCost=72072.63, unrealizedPNL=-194.74, realizedPNL=-1579.48, account='DU1899929')
2026-03-02 05:28:44 [INFO] updatePortfolio: PortfolioItem(contract=Future(conId=304037436, symbol='CL', lastTradeDateOrContractMonth='20260320', right='0', multiplier='1000', primaryExchange='NYMEX', currency='USD', localSymbol='CLJ6', tradingClass='CL'), position=-2.0, marketPrice=72.30000305, marketValue=-144600.01, averageCost=72072.63, unrealizedPNL=-454.75, realizedPNL=-1579.48, account='DU1899929')
2026-03-02 05:31:44 [INFO] updatePortfolio: PortfolioItem(contract=Future(conId=304037436, symbol='CL', lastTradeDateOrContractMonth='20260320', right='0', multiplier='1000', primaryExchange='NYMEX', currency='USD', localSymbol='CLJ6', tradingClass='CL'), position=-2.0, marketPrice=72.19999695, marketValue=-144399.99, averageCost=72072.63, unrealizedPNL=-254.73, realizedPNL=-1579.48, account='DU1899929')
2026-03-02 05:34:44 [INFO] updatePortfolio: PortfolioItem(contract=Future(conId=304037436, symbol='CL', lastTradeDateOrContractMonth='20260320', right='0', multiplier='1000', primaryExchange='NYMEX', currency='USD', localSymbol='CLJ6', tradingClass='CL'), position=-2.0, marketPrice=72.3600006, marketValue=-144720.0, averageCost=72072.63, unrealizedPNL=-574.74, realizedPNL=-1579.48, account='DU1899929')
2026-03-02 05:37:44 [INFO] updatePortfolio: PortfolioItem(contract=Future(conId=304037436, symbol='CL', lastTradeDateOrContractMonth='20260320', right='0', multiplier='1000', primaryExchange='NYMEX', currency='USD', localSymbol='CLJ6', tradingClass='CL'), position=-2.0, marketPrice=72.5400009, marketValue=-145080.0, averageCost=72072.63, unrealizedPNL=-934.74, realizedPNL=-1579.48, account='DU1899929')
2026-03-02 05:40:44 [INFO] updatePortfolio: PortfolioItem(contract=Future(conId=304037436, symbol='CL', lastTradeDateOrContractMonth='20260320', right='0', multiplier='1000', primaryExchange='NYMEX', currency='USD', localSymbol='CLJ6', tradingClass='CL'), position=-2.0, marketPrice=72.41999815, marketValue=-144840.0, averageCost=72072.63, unrealizedPNL=-694.74, realizedPNL=-1579.48, account='DU1899929')
2026-03-02 05:43:44 [INFO] updatePortfolio: PortfolioItem(contract=Future(conId=304037436, symbol='CL', lastTradeDateOrContractMonth='20260320', right='0', multiplier='1000', primaryExchange='NYMEX', currency='USD', localSymbol='CLJ6', tradingClass='CL'), position=-2.0, marketPrice=72.3199997, marketValue=-144640.0, averageCost=72072.63, unrealizedPNL=-494.74, realizedPNL=-1579.48, account='DU1899929')
2026-03-02 05:46:44 [INFO] updatePortfolio: PortfolioItem(contract=Future(conId=304037436, symbol='CL', lastTradeDateOrContractMonth='20260320', right='0', multiplier='1000', primaryExchange='NYMEX', currency='USD', localSymbol='CLJ6', tradingClass='CL'), position=-2.0, marketPrice=72.30999755, marketValue=-144620.0, averageCost=72072.63, unrealizedPNL=-474.74, realizedPNL=-1579.48, account='DU1899929')
2026-03-02 05:49:44 [INFO] updatePortfolio: PortfolioItem(contract=Future(conId=304037436, symbol='CL', lastTradeDateOrContractMonth='20260320', right='0', multiplier='1000', primaryExchange='NYMEX', currency='USD', localSymbol='CLJ6', tradingClass='CL'), position=-2.0, marketPrice=72.12000275, marketValue=-144240.01, averageCost=72072.63, unrealizedPNL=-94.75, realizedPNL=-1579.48, account='DU1899929')
2026-03-02 05:52:44 [INFO] updatePortfolio: PortfolioItem(contract=Future(conId=304037436, symbol='CL', lastTradeDateOrContractMonth='20260320', right='0', multiplier='1000', primaryExchange='NYMEX', currency='USD', localSymbol='CLJ6', tradingClass='CL'), position=-2.0, marketPrice=72.16999815, marketValue=-144340.0, averageCost=72072.63, unrealizedPNL=-194.74, realizedPNL=-1579.48, account='DU1899929')
2026-03-02 05:55:44 [INFO] updatePortfolio: PortfolioItem(contract=Future(conId=304037436, symbol='CL', lastTradeDateOrContractMonth='20260320', right='0', multiplier='1000', primaryExchange='NYMEX', currency='USD', localSymbol='CLJ6', tradingClass='CL'), position=-2.0, marketPrice=72.1800003, marketValue=-144360.0, averageCost=72072.63, unrealizedPNL=-214.74, realizedPNL=-1579.48, account='DU1899929')
2026-03-02 05:58:44 [INFO] updatePortfolio: PortfolioItem(contract=Future(conId=304037436, symbol='CL', lastTradeDateOrContractMonth='20260320', right='0', multiplier='1000', primaryExchange='NYMEX', currency='USD', localSymbol='CLJ6', tradingClass='CL'), position=-2.0, marketPrice=72.33000185, marketValue=-144660.0, averageCost=72072.63, unrealizedPNL=-514.74, realizedPNL=-1579.48, account='DU1899929')
2026-03-02 06:01:44 [INFO] updatePortfolio: PortfolioItem(contract=Future(conId=304037436, symbol='CL', lastTradeDateOrContractMonth='20260320', right='0', multiplier='1000', primaryExchange='NYMEX', currency='USD', localSymbol='CLJ6', tradingClass='CL'), position=-2.0, marketPrice=72.0299988, marketValue=-144060.0, averageCost=72072.63, unrealizedPNL=85.26, realizedPNL=-1579.48, account='DU1899929')
2026-03-02 06:04:44 [INFO] updatePortfolio: PortfolioItem(contract=Future(conId=304037436, symbol='CL', lastTradeDateOrContractMonth='20260320', right='0', multiplier='1000', primaryExchange='NYMEX', currency='USD', localSymbol='CLJ6', tradingClass='CL'), position=-2.0, marketPrice=71.98999785, marketValue=-143980.0, averageCost=72072.63, unrealizedPNL=165.26, realizedPNL=-1579.48, account='DU1899929')
2026-03-02 06:07:44 [INFO] updatePortfolio: PortfolioItem(contract=Future(conId=304037436, symbol='CL', lastTradeDateOrContractMonth='20260320', right='0', multiplier='1000', primaryExchange='NYMEX', currency='USD', localSymbol='CLJ6', tradingClass='CL'), position=-2.0, marketPrice=71.9700012, marketValue=-143940.0, averageCost=72072.63, unrealizedPNL=205.26, realizedPNL=-1579.48, account='DU1899929')
2026-03-02 06:10:44 [INFO] updatePortfolio: PortfolioItem(contract=Future(conId=304037436, symbol='CL', lastTradeDateOrContractMonth='20260320', right='0', multiplier='1000', primaryExchange='NYMEX', currency='USD', localSymbol='CLJ6', tradingClass='CL'), position=-2.0, marketPrice=72.0400009, marketValue=-144080.0, averageCost=72072.63, unrealizedPNL=65.26, realizedPNL=-1579.48, account='DU1899929')
2026-03-02 06:13:44 [INFO] updatePortfolio: PortfolioItem(contract=Future(conId=304037436, symbol='CL', lastTradeDateOrContractMonth='20260320', right='0', multiplier='1000', primaryExchange='NYMEX', currency='USD', localSymbol='CLJ6', tradingClass='CL'), position=-2.0, marketPrice=72.15335085, marketValue=-144306.7, averageCost=72072.63, unrealizedPNL=-161.44, realizedPNL=-1579.48, account='DU1899929')
2026-03-02 06:16:44 [INFO] updatePortfolio: PortfolioItem(contract=Future(conId=304037436, symbol='CL', lastTradeDateOrContractMonth='20260320', right='0', multiplier='1000', primaryExchange='NYMEX', currency='USD', localSymbol='CLJ6', tradingClass='CL'), position=-2.0, marketPrice=72.26000215, marketValue=-144520.0, averageCost=72072.63, unrealizedPNL=-374.74, realizedPNL=-1579.48, account='DU1899929')
2026-03-02 06:19:44 [INFO] updatePortfolio: PortfolioItem(contract=Future(conId=304037436, symbol='CL', lastTradeDateOrContractMonth='20260320', right='0', multiplier='1000', primaryExchange='NYMEX', currency='USD', localSymbol='CLJ6', tradingClass='CL'), position=-2.0, marketPrice=72.19999695, marketValue=-144399.99, averageCost=72072.63, unrealizedPNL=-254.73, realizedPNL=-1579.48, account='DU1899929')
2026-03-02 06:22:44 [INFO] updatePortfolio: PortfolioItem(contract=Future(conId=304037436, symbol='CL', lastTradeDateOrContractMonth='20260320', right='0', multiplier='1000', primaryExchange='NYMEX', currency='USD', localSymbol='CLJ6', tradingClass='CL'), position=-2.0, marketPrice=72.23999785, marketValue=-144480.0, averageCost=72072.63, unrealizedPNL=-334.74, realizedPNL=-1579.48, account='DU1899929')
2026-03-02 06:25:44 [INFO] updatePortfolio: PortfolioItem(contract=Future(conId=304037436, symbol='CL', lastTradeDateOrContractMonth='20260320', right='0', multiplier='1000', primaryExchange='NYMEX', currency='USD', localSymbol='CLJ6', tradingClass='CL'), position=-2.0, marketPrice=72.1100006, marketValue=-144220.0, averageCost=72072.63, unrealizedPNL=-74.74, realizedPNL=-1579.48, account='DU1899929')
2026-03-02 06:28:44 [INFO] updatePortfolio: PortfolioItem(contract=Future(conId=304037436, symbol='CL', lastTradeDateOrContractMonth='20260320', right='0', multiplier='1000', primaryExchange='NYMEX', currency='USD', localSymbol='CLJ6', tradingClass='CL'), position=-2.0, marketPrice=71.9300003, marketValue=-143860.0, averageCost=72072.63, unrealizedPNL=285.26, realizedPNL=-1579.48, account='DU1899929')
2026-03-02 06:31:44 [INFO] updatePortfolio: PortfolioItem(contract=Future(conId=304037436, symbol='CL', lastTradeDateOrContractMonth='20260320', right='0', multiplier='1000', primaryExchange='NYMEX', currency='USD', localSymbol='CLJ6', tradingClass='CL'), position=-2.0, marketPrice=71.98000335, marketValue=-143960.01, averageCost=72072.63, unrealizedPNL=185.25, realizedPNL=-1579.48, account='DU1899929')
2026-03-02 06:34:44 [INFO] updatePortfolio: PortfolioItem(contract=Future(conId=304037436, symbol='CL', lastTradeDateOrContractMonth='20260320', right='0', multiplier='1000', primaryExchange='NYMEX', currency='USD', localSymbol='CLJ6', tradingClass='CL'), position=-2.0, marketPrice=71.4700012, marketValue=-142940.0, averageCost=72072.63, unrealizedPNL=1205.26, realizedPNL=-1579.48, account='DU1899929')
2026-03-02 06:37:44 [INFO] updatePortfolio: PortfolioItem(contract=Future(conId=304037436, symbol='CL', lastTradeDateOrContractMonth='20260320', right='0', multiplier='1000', primaryExchange='NYMEX', currency='USD', localSymbol='CLJ6', tradingClass='CL'), position=-2.0, marketPrice=71.48999785, marketValue=-142980.0, averageCost=72072.63, unrealizedPNL=1165.26, realizedPNL=-1579.48, account='DU1899929')
2026-03-02 06:40:44 [INFO] updatePortfolio: PortfolioItem(contract=Future(conId=304037436, symbol='CL', lastTradeDateOrContractMonth='20260320', right='0', multiplier='1000', primaryExchange='NYMEX', currency='USD', localSymbol='CLJ6', tradingClass='CL'), position=-2.0, marketPrice=71.51999665, marketValue=-143039.99, averageCost=72072.63, unrealizedPNL=1105.27, realizedPNL=-1579.48, account='DU1899929')
2026-03-02 06:43:44 [INFO] updatePortfolio: PortfolioItem(contract=Future(conId=304037436, symbol='CL', lastTradeDateOrContractMonth='20260320', right='0', multiplier='1000', primaryExchange='NYMEX', currency='USD', localSymbol='CLJ6', tradingClass='CL'), position=-2.0, marketPrice=71.4157486, marketValue=-142831.5, averageCost=72072.63, unrealizedPNL=1313.76, realizedPNL=-1579.48, account='DU1899929')
2026-03-02 06:46:26 [INFO] orderStatus: Trade(contract=Future(conId=304037436, symbol='CL', lastTradeDateOrContractMonth='20260320', right='?', multiplier='1000', exchange='NYMEX', currency='USD', localSymbol='CLJ6', tradingClass='CL'), order=Order(orderId=10, clientId=13, permId=1360351952, action='BUY', totalQuantity=1.0, orderType='STP', lmtPrice=0.0, auxPrice=73.17, tif='GTC', ocaGroup='1360351950', ocaType=3, parentId=8, displaySize=2147483647, triggerMethod=1, outsideRth=True, trailStopPrice=73.17, openClose='', volatilityType=0, deltaNeutralOrderType='None', referencePriceType=0, account='DU1899929', clearingIntent='IB', adjustedOrderType='None', cashQty=0.0, dontUseAutoPriceForHedge=True), orderStatus=OrderStatus(orderId=10, status='PreSubmitted', filled=0.0, remaining=1.0, avgFillPrice=0.0, permId=1360351952, parentId=8, lastFillPrice=0.0, clientId=13, whyHeld='trigger', mktCapPrice=0.0), fills=[], log=[TradeLogEntry(time=datetime.datetime(2026, 3, 2, 10, 37, 17, 523932, tzinfo=datetime.timezone.utc), status='PreSubmitted', message='', errorCode=0), TradeLogEntry(time=datetime.datetime(2026, 3, 2, 14, 46, 26, 484171, tzinfo=datetime.timezone.utc), status='PreSubmitted', message='', errorCode=0)], advancedError='')
2026-03-02 06:46:26 [INFO] position: Position(account='DU1899929', contract=Future(conId=304037436, symbol='CL', lastTradeDateOrContractMonth='20260320', multiplier='1000', currency='USD', localSymbol='CLJ6', tradingClass='CL'), position=-1.0, avgCost=72072.63)
2026-03-02 06:46:26 [INFO] execDetails Execution(execId='0000e1a7.69a5d9b2.01.01', time=datetime.datetime(2026, 3, 2, 22, 46, 27, tzinfo=datetime.timezone.utc), acctNumber='DU1899929', exchange='NYMEX', side='BOT', shares=1.0, price=71.1, permId=1360351951, clientId=13, orderId=9, liquidation=0, cumQty=1.0, avgPrice=71.1, orderRef='', evRule='', evMultiplier=0.0, modelCode='', lastLiquidity=1)
2026-03-02 06:46:26 [INFO] execDetails: Fill(contract=Future(conId=304037436, symbol='CL', lastTradeDateOrContractMonth='20260320', right='?', multiplier='1000', exchange='NYMEX', currency='USD', localSymbol='CLJ6', tradingClass='CL'), execution=Execution(execId='0000e1a7.69a5d9b2.01.01', time=datetime.datetime(2026, 3, 2, 22, 46, 27, tzinfo=datetime.timezone.utc), acctNumber='DU1899929', exchange='NYMEX', side='BOT', shares=1.0, price=71.1, permId=1360351951, clientId=13, orderId=9, liquidation=0, cumQty=1.0, avgPrice=71.1, orderRef='', evRule='', evMultiplier=0.0, modelCode='', lastLiquidity=1), commissionReport=CommissionReport(execId='', commission=0.0, currency='', realizedPNL=0.0, yield_=0.0, yieldRedemptionDate=0), time=datetime.datetime(2026, 3, 2, 14, 46, 26, 488419, tzinfo=datetime.timezone.utc))
2026-03-02 06:46:26 [INFO] [TRADE] FILL: BOT 1 CLJ6 @ 71.10 (execId=0000e1a7.69a5d9b2.01.01)
2026-03-02 06:46:26 [INFO] orderStatus: Trade(contract=Future(conId=304037436, symbol='CL', lastTradeDateOrContractMonth='20260320', right='?', multiplier='1000', exchange='NYMEX', currency='USD', localSymbol='CLJ6', tradingClass='CL'), order=Order(orderId=9, clientId=13, permId=1360351951, action='BUY', totalQuantity=2.0, orderType='LMT', lmtPrice=71.1, auxPrice=0.0, tif='GTC', ocaGroup='1360351950', ocaType=3, parentId=8, displaySize=2147483647, trailStopPrice=72.1, openClose='', volatilityType=0, deltaNeutralOrderType='None', referencePriceType=0, account='DU1899929', clearingIntent='IB', adjustedOrderType='None', cashQty=0.0, dontUseAutoPriceForHedge=True), orderStatus=OrderStatus(orderId=9, status='Submitted', filled=1.0, remaining=1.0, avgFillPrice=71.1, permId=1360351951, parentId=8, lastFillPrice=71.1, clientId=13, whyHeld='', mktCapPrice=0.0), fills=[Fill(contract=Future(conId=304037436, symbol='CL', lastTradeDateOrContractMonth='20260320', right='?', multiplier='1000', exchange='NYMEX', currency='USD', localSymbol='CLJ6', tradingClass='CL'), execution=Execution(execId='0000e1a7.69a5d9b2.01.01', time=datetime.datetime(2026, 3, 2, 22, 46, 27, tzinfo=datetime.timezone.utc), acctNumber='DU1899929', exchange='NYMEX', side='BOT', shares=1.0, price=71.1, permId=1360351951, clientId=13, orderId=9, liquidation=0, cumQty=1.0, avgPrice=71.1, orderRef='', evRule='', evMultiplier=0.0, modelCode='', lastLiquidity=1), commissionReport=CommissionReport(execId='', commission=0.0, currency='', realizedPNL=0.0, yield_=0.0, yieldRedemptionDate=0), time=datetime.datetime(2026, 3, 2, 14, 46, 26, 488419, tzinfo=datetime.timezone.utc))], log=[TradeLogEntry(time=datetime.datetime(2026, 3, 2, 10, 37, 17, 523932, tzinfo=datetime.timezone.utc), status='Submitted', message='', errorCode=0), TradeLogEntry(time=datetime.datetime(2026, 3, 2, 14, 46, 26, 488419, tzinfo=datetime.timezone.utc), status='Submitted', message='Fill 1.0@71.1', errorCode=0), TradeLogEntry(time=datetime.datetime(2026, 3, 2, 14, 46, 26, 489427, tzinfo=datetime.timezone.utc), status='Submitted', message='', errorCode=0)], advancedError='')
2026-03-02 06:46:26 [INFO] commissionReport: CommissionReport(execId='0000e1a7.69a5d9b2.01.01', commission=2.37, currency='USD', realizedPNL=970.26, yield_=0.0, yieldRedemptionDate=0)
2026-03-02 06:46:26 [INFO] position: Position(account='DU1899929', contract=Future(conId=304037436, symbol='CL', lastTradeDateOrContractMonth='20260320', multiplier='1000', currency='USD', localSymbol='CLJ6', tradingClass='CL'), position=-1.0, avgCost=72072.63)
2026-03-02 06:46:26 [INFO] position: Position(account='DU1899929', contract=Future(conId=304037436, symbol='CL', lastTradeDateOrContractMonth='20260320', multiplier='1000', currency='USD', localSymbol='CLJ6', tradingClass='CL'), position=-1.0, avgCost=72072.63)
2026-03-02 06:46:26 [INFO] orderStatus: Trade(contract=Future(conId=304037436, symbol='CL', lastTradeDateOrContractMonth='20260320', right='?', multiplier='1000', exchange='NYMEX', currency='USD', localSymbol='CLJ6', tradingClass='CL'), order=Order(orderId=10, clientId=13, permId=1360351952, action='BUY', totalQuantity=1.0, orderType='STP', lmtPrice=0.0, auxPrice=73.17, tif='GTC', ocaGroup='1360351950', ocaType=3, parentId=8, displaySize=2147483647, triggerMethod=1, outsideRth=True, trailStopPrice=73.17, openClose='', volatilityType=0, deltaNeutralOrderType='None', referencePriceType=0, account='DU1899929', clearingIntent='IB', adjustedOrderType='None', cashQty=0.0, dontUseAutoPriceForHedge=True), orderStatus=OrderStatus(orderId=10, status='Cancelled', filled=0.0, remaining=1.0, avgFillPrice=0.0, permId=1360351952, parentId=8, lastFillPrice=0.0, clientId=13, whyHeld='', mktCapPrice=0.0), fills=[], log=[TradeLogEntry(time=datetime.datetime(2026, 3, 2, 10, 37, 17, 523932, tzinfo=datetime.timezone.utc), status='PreSubmitted', message='', errorCode=0), TradeLogEntry(time=datetime.datetime(2026, 3, 2, 14, 46, 26, 484171, tzinfo=datetime.timezone.utc), status='PreSubmitted', message='', errorCode=0), TradeLogEntry(time=datetime.datetime(2026, 3, 2, 14, 46, 26, 492445, tzinfo=datetime.timezone.utc), status='Cancelled', message='', errorCode=0)], advancedError='')
2026-03-02 06:46:26 [INFO] Warning 202, reqId 10: Order Canceled - reason:
2026-03-02 06:46:26 [INFO] Warning 202, reqId 10: Order Canceled - reason:
2026-03-02 06:46:26 [INFO] position: Position(account='DU1899929', contract=Future(conId=304037436, symbol='CL', lastTradeDateOrContractMonth='20260320', multiplier='1000', currency='USD', localSymbol='CLJ6', tradingClass='CL'), position=0.0, avgCost=0.0)
2026-03-02 06:46:26 [INFO] execDetails Execution(execId='0000e1a7.69a5d9b3.01.01', time=datetime.datetime(2026, 3, 2, 22, 46, 27, tzinfo=datetime.timezone.utc), acctNumber='DU1899929', exchange='NYMEX', side='BOT', shares=1.0, price=71.1, permId=1360351951, clientId=13, orderId=9, liquidation=0, cumQty=2.0, avgPrice=71.1, orderRef='', evRule='', evMultiplier=0.0, modelCode='', lastLiquidity=1)
2026-03-02 06:46:26 [INFO] execDetails: Fill(contract=Future(conId=304037436, symbol='CL', lastTradeDateOrContractMonth='20260320', right='?', multiplier='1000', exchange='NYMEX', currency='USD', localSymbol='CLJ6', tradingClass='CL'), execution=Execution(execId='0000e1a7.69a5d9b3.01.01', time=datetime.datetime(2026, 3, 2, 22, 46, 27, tzinfo=datetime.timezone.utc), acctNumber='DU1899929', exchange='NYMEX', side='BOT', shares=1.0, price=71.1, permId=1360351951, clientId=13, orderId=9, liquidation=0, cumQty=2.0, avgPrice=71.1, orderRef='', evRule='', evMultiplier=0.0, modelCode='', lastLiquidity=1), commissionReport=CommissionReport(execId='', commission=0.0, currency='', realizedPNL=0.0, yield_=0.0, yieldRedemptionDate=0), time=datetime.datetime(2026, 3, 2, 14, 46, 26, 505257, tzinfo=datetime.timezone.utc))
2026-03-02 06:46:26 [INFO] [TRADE] FILL: BOT 1 CLJ6 @ 71.10 (execId=0000e1a7.69a5d9b3.01.01)
2026-03-02 06:46:26 [INFO] orderStatus: Trade(contract=Future(conId=304037436, symbol='CL', lastTradeDateOrContractMonth='20260320', right='?', multiplier='1000', exchange='NYMEX', currency='USD', localSymbol='CLJ6', tradingClass='CL'), order=Order(orderId=9, clientId=13, permId=1360351951, action='BUY', totalQuantity=2.0, orderType='LMT', lmtPrice=71.1, auxPrice=0.0, tif='GTC', ocaGroup='1360351950', ocaType=3, parentId=8, displaySize=2147483647, trailStopPrice=72.1, openClose='', volatilityType=0, deltaNeutralOrderType='None', referencePriceType=0, account='DU1899929', clearingIntent='IB', adjustedOrderType='None', cashQty=0.0, dontUseAutoPriceForHedge=True), orderStatus=OrderStatus(orderId=9, status='Filled', filled=2.0, remaining=0.0, avgFillPrice=71.1, permId=1360351951, parentId=8, lastFillPrice=71.1, clientId=13, whyHeld='', mktCapPrice=0.0), fills=[Fill(contract=Future(conId=304037436, symbol='CL', lastTradeDateOrContractMonth='20260320', right='?', multiplier='1000', exchange='NYMEX', currency='USD', localSymbol='CLJ6', tradingClass='CL'), execution=Execution(execId='0000e1a7.69a5d9b2.01.01', time=datetime.datetime(2026, 3, 2, 22, 46, 27, tzinfo=datetime.timezone.utc), acctNumber='DU1899929', exchange='NYMEX', side='BOT', shares=1.0, price=71.1, permId=1360351951, clientId=13, orderId=9, liquidation=0, cumQty=1.0, avgPrice=71.1, orderRef='', evRule='', evMultiplier=0.0, modelCode='', lastLiquidity=1), commissionReport=CommissionReport(execId='0000e1a7.69a5d9b2.01.01', commission=2.37, currency='USD', realizedPNL=970.26, yield_=0.0, yieldRedemptionDate=0), time=datetime.datetime(2026, 3, 2, 14, 46, 26, 488419, tzinfo=datetime.timezone.utc)), Fill(contract=Future(conId=304037436, symbol='CL', lastTradeDateOrContractMonth='20260320', right='?', multiplier='1000', exchange='NYMEX', currency='USD', localSymbol='CLJ6', tradingClass='CL'), execution=Execution(execId='0000e1a7.69a5d9b3.01.01', time=datetime.datetime(2026, 3, 2, 22, 46, 27, tzinfo=datetime.timezone.utc), acctNumber='DU1899929', exchange='NYMEX', side='BOT', shares=1.0, price=71.1, permId=1360351951, clientId=13, orderId=9, liquidation=0, cumQty=2.0, avgPrice=71.1, orderRef='', evRule='', evMultiplier=0.0, modelCode='', lastLiquidity=1), commissionReport=CommissionReport(execId='', commission=0.0, currency='', realizedPNL=0.0, yield_=0.0, yieldRedemptionDate=0), time=datetime.datetime(2026, 3, 2, 14, 46, 26, 505257, tzinfo=datetime.timezone.utc))], log=[TradeLogEntry(time=datetime.datetime(2026, 3, 2, 10, 37, 17, 523932, tzinfo=datetime.timezone.utc), status='Submitted', message='', errorCode=0), TradeLogEntry(time=datetime.datetime(2026, 3, 2, 14, 46, 26, 488419, tzinfo=datetime.timezone.utc), status='Submitted', message='Fill 1.0@71.1', errorCode=0), TradeLogEntry(time=datetime.datetime(2026, 3, 2, 14, 46, 26, 489427, tzinfo=datetime.timezone.utc), status='Submitted', message='', errorCode=0), TradeLogEntry(time=datetime.datetime(2026, 3, 2, 14, 46, 26, 505257, tzinfo=datetime.timezone.utc), status='Submitted', message='Fill 1.0@71.1', errorCode=0), TradeLogEntry(time=datetime.datetime(2026, 3, 2, 14, 46, 26, 507258, tzinfo=datetime.timezone.utc), status='Filled', message='', errorCode=0)], advancedError='')
2026-03-02 06:46:26 [INFO] [TRADE] EXIT: BUY 2 CLJ6 @ 71.10 (TP HIT)
2026-03-02 06:46:26 [INFO] commissionReport: CommissionReport(execId='0000e1a7.69a5d9b3.01.01', commission=2.37, currency='USD', realizedPNL=970.26, yield_=0.0, yieldRedemptionDate=0)
2026-03-02 06:46:26 [INFO] position: Position(account='DU1899929', contract=Future(conId=304037436, symbol='CL', lastTradeDateOrContractMonth='20260320', multiplier='1000', currency='USD', localSymbol='CLJ6', tradingClass='CL'), position=0.0, avgCost=0.0)
2026-03-02 06:46:26 [INFO] position: Position(account='DU1899929', contract=Future(conId=304037436, symbol='CL', lastTradeDateOrContractMonth='20260320', multiplier='1000', currency='USD', localSymbol='CLJ6', tradingClass='CL'), position=0.0, avgCost=0.0)
2026-03-02 06:46:27 [INFO] updatePortfolio: PortfolioItem(contract=Future(conId=304037436, symbol='CL', lastTradeDateOrContractMonth='20260320', right='0', multiplier='1000', primaryExchange='NYMEX', currency='USD', localSymbol='CLJ6', tradingClass='CL'), position=0.0, marketPrice=71.16999815, marketValue=0.0, averageCost=0.0, unrealizedPNL=0.0, realizedPNL=361.04, account='DU1899929')
2026-03-02 06:49:27 [INFO] updatePortfolio: PortfolioItem(contract=Future(conId=304037436, symbol='CL', lastTradeDateOrContractMonth='20260320', right='0', multiplier='1000', primaryExchange='NYMEX', currency='USD', localSymbol='CLJ6', tradingClass='CL'), position=0.0, marketPrice=70.96372985, marketValue=0.0, averageCost=0.0, unrealizedPNL=0.0, realizedPNL=361.04, account='DU1899929')
2026-03-02 06:52:12 [INFO] position: Position(account='DU1899929', contract=Future(conId=304037436, symbol='CL', lastTradeDateOrContractMonth='20260320', multiplier='1000', currency='USD', localSymbol='CLJ6', tradingClass='CL'), position=0.0, avgCost=0.0)
2026-03-02 06:52:28 [INFO] updatePortfolio: PortfolioItem(contract=Future(conId=304037436, symbol='CL', lastTradeDateOrContractMonth='20260320', right='0', multiplier='1000', primaryExchange='NYMEX', currency='USD', localSymbol='CLJ6', tradingClass='CL'), position=0.0, marketPrice=71.01020815, marketValue=0.0, averageCost=0.0, unrealizedPNL=0.0, realizedPNL=361.04, account='DU1899929')
2026-03-02 06:55:27 [INFO] updatePortfolio: PortfolioItem(contract=Future(conId=304037436, symbol='CL', lastTradeDateOrContractMonth='20260320', right='0', multiplier='1000', primaryExchange='NYMEX', currency='USD', localSymbol='CLJ6', tradingClass='CL'), position=0.0, marketPrice=70.8899994, marketValue=0.0, averageCost=0.0, unrealizedPNL=0.0, realizedPNL=361.04, account='DU1899929')
2026-03-02 06:58:27 [INFO] updatePortfolio: PortfolioItem(contract=Future(conId=304037436, symbol='CL', lastTradeDateOrContractMonth='20260320', right='0', multiplier='1000', primaryExchange='NYMEX', currency='USD', localSymbol='CLJ6', tradingClass='CL'), position=0.0, marketPrice=71.15000155, marketValue=0.0, averageCost=0.0, unrealizedPNL=0.0, realizedPNL=361.04, account='DU1899929')
2026-03-02 07:01:22 [INFO] File logging enabled: C:\Users\bwang\Documents\GitHub\CL_Analyst\data\logs\live_trader_cid13.log
2026-03-02 07:01:22 [INFO] ============================================================
2026-03-02 07:01:22 [INFO] LiveTrader starting (dry_run=False)
2026-03-02 07:01:22 [INFO] ============================================================
2026-03-02 07:01:22 [INFO] Connecting to IBKR at 127.0.0.1:4002 ...
2026-03-02 07:01:22 [INFO] Attempting IBKR connection on 127.0.0.1:4002 (clientId=13) ...
2026-03-02 07:01:22 [INFO] Connecting to 127.0.0.1:4002 with clientId 13...
2026-03-02 07:01:22 [INFO] Connected
2026-03-02 07:01:22 [INFO] Logged on to server version 176
2026-03-02 07:01:22 [INFO] Warning 2104, reqId -1: Market data farm connection is OK:usfarm
2026-03-02 07:01:22 [INFO] Warning 2106, reqId -1: HMDS data farm connection is OK:ushmds
2026-03-02 07:01:22 [INFO] Warning 2158, reqId -1: Sec-def data farm connection is OK:secdefnj
2026-03-02 07:01:22 [INFO] API connection ready
2026-03-02 07:01:22 [INFO] position: Position(account='DU1899929', contract=Future(conId=304037436, symbol='CL', lastTradeDateOrContractMonth='20260320', multiplier='1000', currency='USD', localSymbol='CLJ6', tradingClass='CL'), position=0.0, avgCost=0.0)
2026-03-02 07:01:22 [INFO] updatePortfolio: PortfolioItem(contract=Future(conId=304037436, symbol='CL', lastTradeDateOrContractMonth='20260320', right='0', multiplier='1000', primaryExchange='NYMEX', currency='USD', localSymbol='CLJ6', tradingClass='CL'), position=0.0, marketPrice=71.15000155, marketValue=0.0, averageCost=0.0, unrealizedPNL=0.0, realizedPNL=361.04, account='DU1899929')
2026-03-02 07:01:23 [INFO] execDetails Execution(execId='0000e1a7.69a54fc5.01.01', time=datetime.datetime(2026, 3, 2, 9, 10, 13, tzinfo=datetime.timezone.utc), acctNumber='DU1899929', exchange='NYMEX', side='SLD', shares=1.0, price=71.92, permId=1360351955, clientId=13, orderId=11, liquidation=0, cumQty=1.0, avgPrice=71.92, orderRef='', evRule='', evMultiplier=0.0, modelCode='', lastLiquidity=1)
2026-03-02 07:01:23 [INFO] execDetails Execution(execId='0000e1a7.69a54fc6.01.01', time=datetime.datetime(2026, 3, 2, 9, 10, 13, tzinfo=datetime.timezone.utc), acctNumber='DU1899929', exchange='NYMEX', side='SLD', shares=1.0, price=71.92, permId=1360351955, clientId=13, orderId=11, liquidation=0, cumQty=2.0, avgPrice=71.92, orderRef='', evRule='', evMultiplier=0.0, modelCode='', lastLiquidity=1)
2026-03-02 07:01:23 [INFO] execDetails Execution(execId='0000e1a7.69a55356.01.01', time=datetime.datetime(2026, 3, 2, 9, 24, 24, tzinfo=datetime.timezone.utc), acctNumber='DU1899929', exchange='NYMEX', side='SLD', shares=1.0, price=72.23, permId=1360351950, clientId=13, orderId=8, liquidation=0, cumQty=1.0, avgPrice=72.23, orderRef='', evRule='', evMultiplier=0.0, modelCode='', lastLiquidity=1)
2026-03-02 07:01:23 [INFO] execDetails Execution(execId='0000e1a7.69a55357.01.01', time=datetime.datetime(2026, 3, 2, 9, 24, 24, tzinfo=datetime.timezone.utc), acctNumber='DU1899929', exchange='NYMEX', side='SLD', shares=1.0, price=72.23, permId=1360351950, clientId=13, orderId=8, liquidation=0, cumQty=2.0, avgPrice=72.23, orderRef='', evRule='', evMultiplier=0.0, modelCode='', lastLiquidity=1)
2026-03-02 07:01:23 [INFO] execDetails Execution(execId='0000e1a7.69a58542.01.01', time=datetime.datetime(2026, 3, 2, 12, 31, 43, tzinfo=datetime.timezone.utc), acctNumber='DU1899929', exchange='NYMEX', side='BOT', shares=2.0, price=72.86, permId=1360351957, clientId=13, orderId=13, liquidation=0, cumQty=2.0, avgPrice=72.86, orderRef='', evRule='', evMultiplier=0.0, modelCode='', lastLiquidity=1)
2026-03-02 07:01:23 [INFO] execDetails Execution(execId='0000e1a7.69a5d9b2.01.01', time=datetime.datetime(2026, 3, 2, 14, 46, 27, tzinfo=datetime.timezone.utc), acctNumber='DU1899929', exchange='NYMEX', side='BOT', shares=1.0, price=71.1, permId=1360351951, clientId=13, orderId=9, liquidation=0, cumQty=1.0, avgPrice=71.1, orderRef='', evRule='', evMultiplier=0.0, modelCode='', lastLiquidity=1)
2026-03-02 07:01:23 [INFO] execDetails Execution(execId='0000e1a7.69a5d9b3.01.01', time=datetime.datetime(2026, 3, 2, 14, 46, 27, tzinfo=datetime.timezone.utc), acctNumber='DU1899929', exchange='NYMEX', side='BOT', shares=1.0, price=71.1, permId=1360351951, clientId=13, orderId=9, liquidation=0, cumQty=2.0, avgPrice=71.1, orderRef='', evRule='', evMultiplier=0.0, modelCode='', lastLiquidity=1)
2026-03-02 07:01:23 [INFO] commissionReport: CommissionReport(execId='0000e1a7.69a54fc5.01.01', commission=2.37, currency='USD', realizedPNL=0.0, yield_=0.0, yieldRedemptionDate=0)
2026-03-02 07:01:23 [INFO] commissionReport: CommissionReport(execId='0000e1a7.69a54fc6.01.01', commission=2.37, currency='USD', realizedPNL=0.0, yield_=0.0, yieldRedemptionDate=0)
2026-03-02 07:01:23 [INFO] commissionReport: CommissionReport(execId='0000e1a7.69a55356.01.01', commission=2.37, currency='USD', realizedPNL=0.0, yield_=0.0, yieldRedemptionDate=0)
2026-03-02 07:01:23 [INFO] commissionReport: CommissionReport(execId='0000e1a7.69a55357.01.01', commission=2.37, currency='USD', realizedPNL=0.0, yield_=0.0, yieldRedemptionDate=0)
2026-03-02 07:01:23 [INFO] commissionReport: CommissionReport(execId='0000e1a7.69a58542.01.01', commission=4.74, currency='USD', realizedPNL=-1579.48, yield_=0.0, yieldRedemptionDate=0)
2026-03-02 07:01:23 [INFO] commissionReport: CommissionReport(execId='0000e1a7.69a5d9b2.01.01', commission=2.37, currency='USD', realizedPNL=970.26, yield_=0.0, yieldRedemptionDate=0)
2026-03-02 07:01:23 [INFO] commissionReport: CommissionReport(execId='0000e1a7.69a5d9b3.01.01', commission=2.37, currency='USD', realizedPNL=970.26, yield_=0.0, yieldRedemptionDate=0)
2026-03-02 07:01:23 [INFO] Synchronization complete
2026-03-02 07:01:23 [INFO] Connected to IBKR on port 4002 with clientId 13
2026-03-02 07:01:23 [INFO] Connected to IBKR
2026-03-02 07:01:23 [INFO] Qualified CL continuous contract: ContFuture(conId=304037436, symbol='CL', lastTradeDateOrContractMonth='20260320', multiplier='1000', exchange='NYMEX', currency='USD', localSymbol='CLJ6', tradingClass='CL')
2026-03-02 07:01:23 [INFO] Front-month CL contract: CLJ6 (conId=304037436, month=202603)
2026-03-02 07:01:23 [INFO] Front-month contract: CLJ6 (month=202603)
2026-03-02 07:01:23 [INFO] ============================================================
2026-03-02 07:01:23 [INFO]                  ACCOUNT SUMMARY (CL Only)                  
2026-03-02 07:01:23 [INFO] ============================================================
2026-03-02 07:01:23 [INFO]   Account:           DU1899929
2026-03-02 07:01:23 [INFO]   Net Liquidation:   $  1,190,357.70
2026-03-02 07:01:23 [INFO]   Available Funds:   $  1,189,414.78
2026-03-02 07:01:23 [INFO] ------------------------------------------------------------
2026-03-02 07:01:23 [INFO]   CL Position:       FLAT (0 contracts)
2026-03-02 07:01:23 [INFO]   CL Market Value:   $          0.00
2026-03-02 07:01:23 [INFO]   CL Avg Cost:       $          0.00
2026-03-02 07:01:23 [INFO]   CL Unrealized PnL: $          0.00
2026-03-02 07:01:23 [INFO]   CL Realized PnL:   $          0.00
2026-03-02 07:01:23 [INFO] ------------------------------------------------------------
2026-03-02 07:01:23 [INFO]   Trade History (telemetry):
2026-03-02 07:01:23 [INFO]     Total Signals:     21
2026-03-02 07:01:23 [INFO]     Executed Trades:   2
2026-03-02 07:01:23 [INFO]     Bars Recorded:     21
2026-03-02 07:01:23 [INFO]     Date Range:        2026-03-02 → 2026-03-02
2026-03-02 07:01:23 [INFO] ============================================================
2026-03-02 07:01:23 [INFO] Warm-start: initializing via DataManager...
2026-03-02 07:01:23 [INFO] Loading warm-start cache from C:\Users\bwang\Documents\GitHub\CL_Analyst\data\processed\warm_start_cache_cid13.parquet
2026-03-02 07:01:23 [INFO] Cache loaded: 13808 bars, range 2025-12-17 23:50:00 → 2026-03-02 08:50:00
2026-03-02 07:01:23 [INFO] Front-month unchanged: CLJ6 — no rollover.
2026-03-02 07:01:23 [INFO] Backfill gap: 2026-03-02 08:50:00 → 2026-03-02 07:01:23.502752 (-1.8 hours)
2026-03-02 07:01:23 [INFO] Gap < 10 minutes — no backfill needed.
2026-03-02 07:01:23 [INFO] Master ledger loaded: 1221233 bars, range 2008-11-20 00:00:00 → 2026-03-02 08:50:00
2026-03-02 07:01:23 [INFO] Ledger gap < 10 minutes — no IBKR fetch needed.
2026-03-02 07:01:23 [INFO] Master ledger saved: 1221233 bars → C:\Users\bwang\Documents\GitHub\CL_Analyst\data\processed\cl_continuous_master.parquet
2026-03-02 07:01:23 [INFO] Mirrored cl_continuous_master.parquet → C:\CL_Analyst_Data\processed\cl_continuous_master.parquet
2026-03-02 07:01:23 [INFO] Roll metadata saved: front_month=CLJ6
2026-03-02 07:01:23 [INFO] Rolling window initialized: 13808 bars, latest=2026-03-02 08:50:00
2026-03-02 07:01:23 [INFO] Subscribing to live 5-min bars (Brain stream)...
2026-03-02 07:01:24 [INFO] Subscribed to continuous contract live bars
2026-03-02 07:01:24 [INFO] Subscribing to front-month bars (Hands stream: 202603)...
2026-03-02 07:01:24 [INFO] Subscribed to front-month live bars
2026-03-02 07:01:24 [INFO] Entering event loop (poll every 5.0s) ...
2026-03-02 07:01:24 [INFO] Press Ctrl+C to stop.
2026-03-02 07:01:27 [INFO] updatePortfolio: PortfolioItem(contract=Future(conId=304037436, symbol='CL', lastTradeDateOrContractMonth='20260320', right='0', multiplier='1000', primaryExchange='NYMEX', currency='USD', localSymbol='CLJ6', tradingClass='CL'), position=0.0, marketPrice=71.04792785, marketValue=0.0, averageCost=0.0, unrealizedPNL=0.0, realizedPNL=361.04, account='DU1899929')
2026-03-02 07:04:27 [INFO] updatePortfolio: PortfolioItem(contract=Future(conId=304037436, symbol='CL', lastTradeDateOrContractMonth='20260320', right='0', multiplier='1000', primaryExchange='NYMEX', currency='USD', localSymbol='CLJ6', tradingClass='CL'), position=0.0, marketPrice=71.2799988, marketValue=0.0, averageCost=0.0, unrealizedPNL=0.0, realizedPNL=361.04, account='DU1899929')
2026-03-02 07:05:04 [INFO] NEW BAR: 2026-03-02 15:05:00  O=71.22 H=71.22 L=71.18 C=71.19 V=69
2026-03-02 07:05:13 [INFO] INFERENCE [ManateeKoala_Conservative] BOTH: buy_prob=0.1971  sell_prob=0.7112  signal=Sell  action=SELL
2026-03-02 07:05:13 [INFO] BRACKET: price=71.19  TP=69.83  SL=72.32  lots=2  ATR=0.4522
2026-03-02 07:05:13 [ERROR] Failed to place bracket order: This event loop is already running
2026-03-02 07:05:13 [INFO] Warning 2119, reqId -1: Market data farm is connecting:usfuture
2026-03-02 07:05:14 [INFO] Warning 2104, reqId -1: Market data farm connection is OK:usfuture
2026-03-02 07:07:27 [INFO] updatePortfolio: PortfolioItem(contract=Future(conId=304037436, symbol='CL', lastTradeDateOrContractMonth='20260320', right='0', multiplier='1000', primaryExchange='NYMEX', currency='USD', localSymbol='CLJ6', tradingClass='CL'), position=0.0, marketPrice=71.30999755, marketValue=0.0, averageCost=0.0, unrealizedPNL=0.0, realizedPNL=361.04, account='DU1899929')
2026-03-02 07:10:04 [INFO] NEW BAR: 2026-03-02 15:10:00  O=71.40 H=71.41 L=71.38 C=71.38 V=60
2026-03-02 07:10:10 [INFO] INFERENCE [ManateeKoala_Conservative] BOTH: buy_prob=0.1982  sell_prob=0.9706  signal=Sell  action=SELL
2026-03-02 07:10:10 [INFO] BRACKET: price=71.38  TP=70.07  SL=72.47  lots=3  ATR=0.4357
2026-03-02 07:10:10 [ERROR] Failed to place bracket order: This event loop is already running
2026-03-02 07:10:27 [INFO] updatePortfolio: PortfolioItem(contract=Future(conId=304037436, symbol='CL', lastTradeDateOrContractMonth='20260320', right='0', multiplier='1000', primaryExchange='NYMEX', currency='USD', localSymbol='CLJ6', tradingClass='CL'), position=0.0, marketPrice=71.41999815, marketValue=0.0, averageCost=0.0, unrealizedPNL=0.0, realizedPNL=361.04, account='DU1899929')
2026-03-02 07:13:13 [INFO] Warning 2108, reqId -1: Market data farm connection is inactive but should be available upon demand.usfuture
2026-03-02 07:13:13 [INFO] Warning 2108, reqId -1: Market data farm connection is inactive but should be available upon demand.usfuture
2026-03-02 07:13:27 [INFO] updatePortfolio: PortfolioItem(contract=Future(conId=304037436, symbol='CL', lastTradeDateOrContractMonth='20260320', right='0', multiplier='1000', primaryExchange='NYMEX', currency='USD', localSymbol='CLJ6', tradingClass='CL'), position=0.0, marketPrice=71.1399994, marketValue=0.0, averageCost=0.0, unrealizedPNL=0.0, realizedPNL=361.04, account='DU1899929')
2026-03-02 07:15:05 [INFO] NEW BAR: 2026-03-02 15:15:00  O=71.41 H=71.45 L=71.41 C=71.45 V=84
2026-03-02 07:15:11 [INFO] INFERENCE [ManateeKoala_Conservative] BOTH: buy_prob=0.1921  sell_prob=0.7324  signal=Sell  action=SELL
2026-03-02 07:15:11 [INFO] BRACKET: price=71.45  TP=70.22  SL=72.47  lots=2  ATR=0.4095
2026-03-02 07:15:11 [ERROR] Failed to place bracket order: This event loop is already running
2026-03-02 07:15:12 [INFO] Warning 2119, reqId -1: Market data farm is connecting:usfuture
2026-03-02 07:15:12 [INFO] Warning 2104, reqId -1: Market data farm connection is OK:usfuture
2026-03-02 07:15:59 [INFO] File logging enabled: C:\Users\bwang\Documents\GitHub\CL_Analyst\data\logs\live_trader_cid13.log
2026-03-02 07:15:59 [INFO] ============================================================
2026-03-02 07:15:59 [INFO] LiveTrader starting (dry_run=False)
2026-03-02 07:15:59 [INFO] ============================================================
2026-03-02 07:15:59 [INFO] Connecting to IBKR at 127.0.0.1:4002 ...
2026-03-02 07:15:59 [INFO] Attempting IBKR connection on 127.0.0.1:4002 (clientId=13) ...
2026-03-02 07:15:59 [INFO] Connecting to 127.0.0.1:4002 with clientId 13...
2026-03-02 07:15:59 [INFO] Connected
2026-03-02 07:15:59 [INFO] Logged on to server version 176
2026-03-02 07:15:59 [INFO] API connection ready
2026-03-02 07:15:59 [INFO] Warning 2104, reqId -1: Market data farm connection is OK:usfuture
2026-03-02 07:15:59 [INFO] Warning 2104, reqId -1: Market data farm connection is OK:usfarm
2026-03-02 07:15:59 [INFO] Warning 2106, reqId -1: HMDS data farm connection is OK:ushmds
2026-03-02 07:15:59 [INFO] Warning 2158, reqId -1: Sec-def data farm connection is OK:secdefnj
2026-03-02 07:15:59 [INFO] position: Position(account='DU1899929', contract=Future(conId=304037436, symbol='CL', lastTradeDateOrContractMonth='20260320', multiplier='1000', currency='USD', localSymbol='CLJ6', tradingClass='CL'), position=0.0, avgCost=0.0)
2026-03-02 07:15:59 [INFO] updatePortfolio: PortfolioItem(contract=Future(conId=304037436, symbol='CL', lastTradeDateOrContractMonth='20260320', right='0', multiplier='1000', primaryExchange='NYMEX', currency='USD', localSymbol='CLJ6', tradingClass='CL'), position=0.0, marketPrice=71.1399994, marketValue=0.0, averageCost=0.0, unrealizedPNL=0.0, realizedPNL=361.04, account='DU1899929')
2026-03-02 07:15:59 [INFO] execDetails Execution(execId='0000e1a7.69a54fc5.01.01', time=datetime.datetime(2026, 3, 2, 9, 10, 13, tzinfo=datetime.timezone.utc), acctNumber='DU1899929', exchange='NYMEX', side='SLD', shares=1.0, price=71.92, permId=1360351955, clientId=13, orderId=11, liquidation=0, cumQty=1.0, avgPrice=71.92, orderRef='', evRule='', evMultiplier=0.0, modelCode='', lastLiquidity=1)
2026-03-02 07:15:59 [INFO] execDetails Execution(execId='0000e1a7.69a54fc6.01.01', time=datetime.datetime(2026, 3, 2, 9, 10, 13, tzinfo=datetime.timezone.utc), acctNumber='DU1899929', exchange='NYMEX', side='SLD', shares=1.0, price=71.92, permId=1360351955, clientId=13, orderId=11, liquidation=0, cumQty=2.0, avgPrice=71.92, orderRef='', evRule='', evMultiplier=0.0, modelCode='', lastLiquidity=1)
2026-03-02 07:15:59 [INFO] execDetails Execution(execId='0000e1a7.69a55356.01.01', time=datetime.datetime(2026, 3, 2, 9, 24, 24, tzinfo=datetime.timezone.utc), acctNumber='DU1899929', exchange='NYMEX', side='SLD', shares=1.0, price=72.23, permId=1360351950, clientId=13, orderId=8, liquidation=0, cumQty=1.0, avgPrice=72.23, orderRef='', evRule='', evMultiplier=0.0, modelCode='', lastLiquidity=1)
2026-03-02 07:15:59 [INFO] execDetails Execution(execId='0000e1a7.69a55357.01.01', time=datetime.datetime(2026, 3, 2, 9, 24, 24, tzinfo=datetime.timezone.utc), acctNumber='DU1899929', exchange='NYMEX', side='SLD', shares=1.0, price=72.23, permId=1360351950, clientId=13, orderId=8, liquidation=0, cumQty=2.0, avgPrice=72.23, orderRef='', evRule='', evMultiplier=0.0, modelCode='', lastLiquidity=1)
2026-03-02 07:15:59 [INFO] execDetails Execution(execId='0000e1a7.69a58542.01.01', time=datetime.datetime(2026, 3, 2, 12, 31, 43, tzinfo=datetime.timezone.utc), acctNumber='DU1899929', exchange='NYMEX', side='BOT', shares=2.0, price=72.86, permId=1360351957, clientId=13, orderId=13, liquidation=0, cumQty=2.0, avgPrice=72.86, orderRef='', evRule='', evMultiplier=0.0, modelCode='', lastLiquidity=1)
2026-03-02 07:15:59 [INFO] execDetails Execution(execId='0000e1a7.69a5d9b2.01.01', time=datetime.datetime(2026, 3, 2, 14, 46, 27, tzinfo=datetime.timezone.utc), acctNumber='DU1899929', exchange='NYMEX', side='BOT', shares=1.0, price=71.1, permId=1360351951, clientId=13, orderId=9, liquidation=0, cumQty=1.0, avgPrice=71.1, orderRef='', evRule='', evMultiplier=0.0, modelCode='', lastLiquidity=1)
2026-03-02 07:15:59 [INFO] execDetails Execution(execId='0000e1a7.69a5d9b3.01.01', time=datetime.datetime(2026, 3, 2, 14, 46, 27, tzinfo=datetime.timezone.utc), acctNumber='DU1899929', exchange='NYMEX', side='BOT', shares=1.0, price=71.1, permId=1360351951, clientId=13, orderId=9, liquidation=0, cumQty=2.0, avgPrice=71.1, orderRef='', evRule='', evMultiplier=0.0, modelCode='', lastLiquidity=1)
2026-03-02 07:15:59 [INFO] commissionReport: CommissionReport(execId='0000e1a7.69a54fc5.01.01', commission=2.37, currency='USD', realizedPNL=0.0, yield_=0.0, yieldRedemptionDate=0)
2026-03-02 07:15:59 [INFO] commissionReport: CommissionReport(execId='0000e1a7.69a54fc6.01.01', commission=2.37, currency='USD', realizedPNL=0.0, yield_=0.0, yieldRedemptionDate=0)
2026-03-02 07:15:59 [INFO] commissionReport: CommissionReport(execId='0000e1a7.69a55356.01.01', commission=2.37, currency='USD', realizedPNL=0.0, yield_=0.0, yieldRedemptionDate=0)
2026-03-02 07:15:59 [INFO] commissionReport: CommissionReport(execId='0000e1a7.69a55357.01.01', commission=2.37, currency='USD', realizedPNL=0.0, yield_=0.0, yieldRedemptionDate=0)
2026-03-02 07:15:59 [INFO] commissionReport: CommissionReport(execId='0000e1a7.69a58542.01.01', commission=4.74, currency='USD', realizedPNL=-1579.48, yield_=0.0, yieldRedemptionDate=0)
2026-03-02 07:15:59 [INFO] commissionReport: CommissionReport(execId='0000e1a7.69a5d9b2.01.01', commission=2.37, currency='USD', realizedPNL=970.26, yield_=0.0, yieldRedemptionDate=0)
2026-03-02 07:15:59 [INFO] commissionReport: CommissionReport(execId='0000e1a7.69a5d9b3.01.01', commission=2.37, currency='USD', realizedPNL=970.26, yield_=0.0, yieldRedemptionDate=0)
2026-03-02 07:15:59 [INFO] Synchronization complete
2026-03-02 07:15:59 [INFO] Connected to IBKR on port 4002 with clientId 13
2026-03-02 07:15:59 [INFO] Connected to IBKR
2026-03-02 07:15:59 [INFO] Qualified CL continuous contract: ContFuture(conId=304037436, symbol='CL', lastTradeDateOrContractMonth='20260320', multiplier='1000', exchange='NYMEX', currency='USD', localSymbol='CLJ6', tradingClass='CL')
2026-03-02 07:15:59 [INFO] Front-month CL contract: CLJ6 (conId=304037436, month=202603)
2026-03-02 07:15:59 [INFO] Front-month contract: CLJ6 (month=202603)
2026-03-02 07:16:00 [INFO] ============================================================
2026-03-02 07:16:00 [INFO]                  ACCOUNT SUMMARY (CL Only)                  
2026-03-02 07:16:00 [INFO] ============================================================
2026-03-02 07:16:00 [INFO]   Account:           DU1899929
2026-03-02 07:16:00 [INFO]   Net Liquidation:   $  1,190,357.71
2026-03-02 07:16:00 [INFO]   Available Funds:   $  1,189,414.79
2026-03-02 07:16:00 [INFO] ------------------------------------------------------------
2026-03-02 07:16:00 [INFO]   CL Position:       FLAT (0 contracts)
2026-03-02 07:16:00 [INFO]   CL Market Value:   $          0.00
2026-03-02 07:16:00 [INFO]   CL Avg Cost:       $          0.00
2026-03-02 07:16:00 [INFO]   CL Unrealized PnL: $          0.00
2026-03-02 07:16:00 [INFO]   CL Realized PnL:   $          0.00
2026-03-02 07:16:00 [INFO] ------------------------------------------------------------
2026-03-02 07:16:00 [INFO]   Trade History (telemetry):
2026-03-02 07:16:00 [INFO]     Total Signals:     24
2026-03-02 07:16:00 [INFO]     Executed Trades:   2
2026-03-02 07:16:00 [INFO]     Bars Recorded:     24
2026-03-02 07:16:00 [INFO]     Date Range:        2026-03-02 → 2026-03-02
2026-03-02 07:16:00 [INFO] ============================================================
2026-03-02 07:16:00 [INFO] Warm-start: initializing via DataManager...
2026-03-02 07:16:00 [INFO] Loading warm-start cache from C:\Users\bwang\Documents\GitHub\CL_Analyst\data\processed\warm_start_cache_cid13.parquet
2026-03-02 07:16:00 [INFO] Cache loaded: 13808 bars, range 2025-12-17 23:50:00 → 2026-03-02 08:50:00
2026-03-02 07:16:00 [INFO] Front-month unchanged: CLJ6 — no rollover.
2026-03-02 07:16:00 [INFO] Backfill gap: 2026-03-02 08:50:00 → 2026-03-02 07:16:00.141505 (-1.6 hours)
2026-03-02 07:16:00 [INFO] Gap < 10 minutes — no backfill needed.
2026-03-02 07:16:00 [INFO] Master ledger loaded: 1221233 bars, range 2008-11-20 00:00:00 → 2026-03-02 08:50:00
2026-03-02 07:16:00 [INFO] Ledger gap < 10 minutes — no IBKR fetch needed.
2026-03-02 07:16:00 [INFO] Master ledger saved: 1221233 bars → C:\Users\bwang\Documents\GitHub\CL_Analyst\data\processed\cl_continuous_master.parquet
2026-03-02 07:16:00 [INFO] Mirrored cl_continuous_master.parquet → C:\CL_Analyst_Data\processed\cl_continuous_master.parquet
2026-03-02 07:16:00 [INFO] Roll metadata saved: front_month=CLJ6
2026-03-02 07:16:00 [INFO] Rolling window initialized: 13808 bars, latest=2026-03-02 08:50:00
2026-03-02 07:16:00 [INFO] Subscribing to live 5-min bars (Brain stream)...
2026-03-02 07:16:01 [INFO] Subscribed to continuous contract live bars
2026-03-02 07:16:01 [INFO] Subscribing to front-month bars (Hands stream: 202603)...
2026-03-02 07:16:01 [INFO] Subscribed to front-month live bars
2026-03-02 07:16:01 [INFO] Entering event loop (poll every 5.0s) ...
2026-03-02 07:16:01 [INFO] Press Ctrl+C to stop.
2026-03-02 07:16:27 [INFO] updatePortfolio: PortfolioItem(contract=Future(conId=304037436, symbol='CL', lastTradeDateOrContractMonth='20260320', right='0', multiplier='1000', primaryExchange='NYMEX', currency='USD', localSymbol='CLJ6', tradingClass='CL'), position=0.0, marketPrice=71.51999665, marketValue=0.0, averageCost=0.0, unrealizedPNL=0.0, realizedPNL=361.04, account='DU1899929')
2026-03-02 07:17:13 [INFO] Warning 2108, reqId -1: Market data farm connection is inactive but should be available upon demand.usfuture
2026-03-02 07:17:13 [INFO] Warning 2108, reqId -1: Market data farm connection is inactive but should be available upon demand.usfuture
2026-03-02 07:19:27 [INFO] updatePortfolio: PortfolioItem(contract=Future(conId=304037436, symbol='CL', lastTradeDateOrContractMonth='20260320', right='0', multiplier='1000', primaryExchange='NYMEX', currency='USD', localSymbol='CLJ6', tradingClass='CL'), position=0.0, marketPrice=71.3809433, marketValue=0.0, averageCost=0.0, unrealizedPNL=0.0, realizedPNL=361.04, account='DU1899929')
2026-03-02 07:20:04 [INFO] NEW BAR: 2026-03-02 15:20:00  O=71.38 H=71.43 L=71.37 C=71.42 V=61
2026-03-02 07:20:13 [INFO] INFERENCE [ManateeKoala_Conservative] BOTH: buy_prob=0.1901  sell_prob=0.7321  signal=Sell  action=SELL
2026-03-02 07:20:13 [INFO] BRACKET: price=71.42  TP=70.10  SL=72.52  lots=2  ATR=0.4387
2026-03-02 07:20:13 [INFO] Entry mode: MARKETABLE_LIMIT SELL (price=71.42, limit=71.40, buffer=0.02)
2026-03-02 07:20:13 [INFO] placeOrder: New order Trade(contract=Contract(secType='FUT', conId=304037436, symbol='CL', lastTradeDateOrContractMonth='20260320', multiplier='1000', exchange='NYMEX', currency='USD', localSymbol='CLJ6', tradingClass='CL'), order=LimitOrder(orderId=21, clientId=13, action='SELL', totalQuantity=2, lmtPrice=71.4, tif='GTC', transmit=False, outsideRth=True), orderStatus=OrderStatus(orderId=21, status='PendingSubmit', filled=0.0, remaining=0.0, avgFillPrice=0.0, permId=0, parentId=0, lastFillPrice=0.0, clientId=0, whyHeld='', mktCapPrice=0.0), fills=[], log=[TradeLogEntry(time=datetime.datetime(2026, 3, 2, 15, 20, 13, 670254, tzinfo=datetime.timezone.utc), status='PendingSubmit', message='', errorCode=0)], advancedError='')
2026-03-02 07:20:13 [INFO] placeOrder: New order Trade(contract=Contract(secType='FUT', conId=304037436, symbol='CL', lastTradeDateOrContractMonth='20260320', multiplier='1000', exchange='NYMEX', currency='USD', localSymbol='CLJ6', tradingClass='CL'), order=LimitOrder(orderId=22, clientId=13, action='BUY', totalQuantity=2, lmtPrice=70.1, tif='GTC', transmit=False, parentId=21, outsideRth=True), orderStatus=OrderStatus(orderId=22, status='PendingSubmit', filled=0.0, remaining=0.0, avgFillPrice=0.0, permId=0, parentId=0, lastFillPrice=0.0, clientId=0, whyHeld='', mktCapPrice=0.0), fills=[], log=[TradeLogEntry(time=datetime.datetime(2026, 3, 2, 15, 20, 13, 671258, tzinfo=datetime.timezone.utc), status='PendingSubmit', message='', errorCode=0)], advancedError='')
2026-03-02 07:20:13 [INFO] placeOrder: New order Trade(contract=Contract(secType='FUT', conId=304037436, symbol='CL', lastTradeDateOrContractMonth='20260320', multiplier='1000', exchange='NYMEX', currency='USD', localSymbol='CLJ6', tradingClass='CL'), order=StopOrder(orderId=23, clientId=13, action='BUY', totalQuantity=2, auxPrice=72.52, tif='GTC', parentId=21, triggerMethod=1, outsideRth=True), orderStatus=OrderStatus(orderId=23, status='PendingSubmit', filled=0.0, remaining=0.0, avgFillPrice=0.0, permId=0, parentId=0, lastFillPrice=0.0, clientId=0, whyHeld='', mktCapPrice=0.0), fills=[], log=[TradeLogEntry(time=datetime.datetime(2026, 3, 2, 15, 20, 13, 671258, tzinfo=datetime.timezone.utc), status='PendingSubmit', message='', errorCode=0)], advancedError='')
2026-03-02 07:20:13 [INFO] [TRADE] ENTRY: SELL 2 CLJ6 @ LMT  TP=70.10  SL=72.52  (prob=0.73, orderId=21)
2026-03-02 07:20:13 [INFO] Warning 2109, reqId 21: Order Event Warning:Attribute 'Outside Regular Trading Hours' is ignored based on the order type and destination. PlaceOrder is now being processed.
2026-03-02 07:20:13 [INFO] Warning 2109, reqId 22: Order Event Warning:Attribute 'Outside Regular Trading Hours' is ignored based on the order type and destination. PlaceOrder is now being processed.
2026-03-02 07:20:13 [INFO] orderStatus: Trade(contract=Contract(secType='FUT', conId=304037436, symbol='CL', lastTradeDateOrContractMonth='20260320', multiplier='1000', exchange='NYMEX', currency='USD', localSymbol='CLJ6', tradingClass='CL'), order=LimitOrder(orderId=22, clientId=13, permId=1360352001, action='BUY', totalQuantity=2.0, lmtPrice=70.1, auxPrice=0.0, tif='GTC', transmit=False, parentId=21, outsideRth=True), orderStatus=OrderStatus(orderId=22, status='PreSubmitted', filled=0.0, remaining=2.0, avgFillPrice=0.0, permId=1360352001, parentId=21, lastFillPrice=0.0, clientId=13, whyHeld='child', mktCapPrice=0.0), fills=[], log=[TradeLogEntry(time=datetime.datetime(2026, 3, 2, 15, 20, 13, 671258, tzinfo=datetime.timezone.utc), status='PendingSubmit', message='', errorCode=0), TradeLogEntry(time=datetime.datetime(2026, 3, 2, 15, 20, 13, 888264, tzinfo=datetime.timezone.utc), status='PreSubmitted', message='', errorCode=0)], advancedError='')
2026-03-02 07:20:13 [INFO] orderStatus: Trade(contract=Contract(secType='FUT', conId=304037436, symbol='CL', lastTradeDateOrContractMonth='20260320', multiplier='1000', exchange='NYMEX', currency='USD', localSymbol='CLJ6', tradingClass='CL'), order=StopOrder(orderId=23, clientId=13, permId=1360352002, action='BUY', totalQuantity=2.0, lmtPrice=0.0, auxPrice=72.52, tif='GTC', parentId=21, triggerMethod=1, outsideRth=True), orderStatus=OrderStatus(orderId=23, status='PreSubmitted', filled=0.0, remaining=2.0, avgFillPrice=0.0, permId=1360352002, parentId=21, lastFillPrice=0.0, clientId=13, whyHeld='child,trigger', mktCapPrice=0.0), fills=[], log=[TradeLogEntry(time=datetime.datetime(2026, 3, 2, 15, 20, 13, 671258, tzinfo=datetime.timezone.utc), status='PendingSubmit', message='', errorCode=0), TradeLogEntry(time=datetime.datetime(2026, 3, 2, 15, 20, 13, 902989, tzinfo=datetime.timezone.utc), status='PreSubmitted', message='', errorCode=0)], advancedError='')
2026-03-02 07:20:13 [INFO] orderStatus: Trade(contract=Contract(secType='FUT', conId=304037436, symbol='CL', lastTradeDateOrContractMonth='20260320', multiplier='1000', exchange='NYMEX', currency='USD', localSymbol='CLJ6', tradingClass='CL'), order=LimitOrder(orderId=21, clientId=13, permId=1360352000, action='SELL', totalQuantity=2.0, lmtPrice=71.4, auxPrice=0.0, tif='GTC', transmit=False, outsideRth=True), orderStatus=OrderStatus(orderId=21, status='PreSubmitted', filled=0.0, remaining=2.0, avgFillPrice=0.0, permId=1360352000, parentId=0, lastFillPrice=0.0, clientId=13, whyHeld='', mktCapPrice=0.0), fills=[], log=[TradeLogEntry(time=datetime.datetime(2026, 3, 2, 15, 20, 13, 670254, tzinfo=datetime.timezone.utc), status='PendingSubmit', message='', errorCode=0), TradeLogEntry(time=datetime.datetime(2026, 3, 2, 15, 20, 13, 907417, tzinfo=datetime.timezone.utc), status='PreSubmitted', message='', errorCode=0)], advancedError='')
2026-03-02 07:20:13 [INFO] position: Position(account='DU1899929', contract=Future(conId=304037436, symbol='CL', lastTradeDateOrContractMonth='20260320', multiplier='1000', currency='USD', localSymbol='CLJ6', tradingClass='CL'), position=-2.0, avgCost=71420.0)
2026-03-02 07:20:13 [INFO] execDetails Execution(execId='0000e1a7.69a5fa68.01.01', time=datetime.datetime(2026, 3, 2, 23, 20, 14, tzinfo=datetime.timezone.utc), acctNumber='DU1899929', exchange='NYMEX', side='SLD', shares=2.0, price=71.42, permId=1360352000, clientId=13, orderId=21, liquidation=0, cumQty=2.0, avgPrice=71.42, orderRef='', evRule='', evMultiplier=0.0, modelCode='', lastLiquidity=1)
2026-03-02 07:20:13 [INFO] execDetails: Fill(contract=Contract(secType='FUT', conId=304037436, symbol='CL', lastTradeDateOrContractMonth='20260320', multiplier='1000', exchange='NYMEX', currency='USD', localSymbol='CLJ6', tradingClass='CL'), execution=Execution(execId='0000e1a7.69a5fa68.01.01', time=datetime.datetime(2026, 3, 2, 23, 20, 14, tzinfo=datetime.timezone.utc), acctNumber='DU1899929', exchange='NYMEX', side='SLD', shares=2.0, price=71.42, permId=1360352000, clientId=13, orderId=21, liquidation=0, cumQty=2.0, avgPrice=71.42, orderRef='', evRule='', evMultiplier=0.0, modelCode='', lastLiquidity=1), commissionReport=CommissionReport(execId='', commission=0.0, currency='', realizedPNL=0.0, yield_=0.0, yieldRedemptionDate=0), time=datetime.datetime(2026, 3, 2, 15, 20, 13, 907417, tzinfo=datetime.timezone.utc))
2026-03-02 07:20:13 [INFO] [TRADE] FILL: SLD 2 CLJ6 @ 71.42 (execId=0000e1a7.69a5fa68.01.01)
2026-03-02 07:20:13 [INFO] orderStatus: Trade(contract=Contract(secType='FUT', conId=304037436, symbol='CL', lastTradeDateOrContractMonth='20260320', multiplier='1000', exchange='NYMEX', currency='USD', localSymbol='CLJ6', tradingClass='CL'), order=LimitOrder(orderId=21, clientId=13, permId=1360352000, action='SELL', totalQuantity=2.0, lmtPrice=71.4, auxPrice=0.0, tif='GTC', transmit=False, outsideRth=True), orderStatus=OrderStatus(orderId=21, status='Filled', filled=2.0, remaining=0.0, avgFillPrice=71.42, permId=1360352000, parentId=0, lastFillPrice=71.42, clientId=13, whyHeld='', mktCapPrice=0.0), fills=[Fill(contract=Contract(secType='FUT', conId=304037436, symbol='CL', lastTradeDateOrContractMonth='20260320', multiplier='1000', exchange='NYMEX', currency='USD', localSymbol='CLJ6', tradingClass='CL'), execution=Execution(execId='0000e1a7.69a5fa68.01.01', time=datetime.datetime(2026, 3, 2, 23, 20, 14, tzinfo=datetime.timezone.utc), acctNumber='DU1899929', exchange='NYMEX', side='SLD', shares=2.0, price=71.42, permId=1360352000, clientId=13, orderId=21, liquidation=0, cumQty=2.0, avgPrice=71.42, orderRef='', evRule='', evMultiplier=0.0, modelCode='', lastLiquidity=1), commissionReport=CommissionReport(execId='', commission=0.0, currency='', realizedPNL=0.0, yield_=0.0, yieldRedemptionDate=0), time=datetime.datetime(2026, 3, 2, 15, 20, 13, 907417, tzinfo=datetime.timezone.utc))], log=[TradeLogEntry(time=datetime.datetime(2026, 3, 2, 15, 20, 13, 670254, tzinfo=datetime.timezone.utc), status='PendingSubmit', message='', errorCode=0), TradeLogEntry(time=datetime.datetime(2026, 3, 2, 15, 20, 13, 907417, tzinfo=datetime.timezone.utc), status='PreSubmitted', message='', errorCode=0), TradeLogEntry(time=datetime.datetime(2026, 3, 2, 15, 20, 13, 907417, tzinfo=datetime.timezone.utc), status='PreSubmitted', message='Fill 2.0@71.42', errorCode=0), TradeLogEntry(time=datetime.datetime(2026, 3, 2, 15, 20, 13, 907417, tzinfo=datetime.timezone.utc), status='Filled', message='', errorCode=0)], advancedError='')
2026-03-02 07:20:13 [INFO] [TRADE] FILLED: SELL 2 CLJ6 @ 71.42
2026-03-02 07:20:13 [INFO] commissionReport: CommissionReport(execId='0000e1a7.69a5fa68.01.01', commission=4.74, currency='USD', realizedPNL=0.0, yield_=0.0, yieldRedemptionDate=0)
2026-03-02 07:20:13 [INFO] orderStatus: Trade(contract=Contract(secType='FUT', conId=304037436, symbol='CL', lastTradeDateOrContractMonth='20260320', multiplier='1000', exchange='NYMEX', currency='USD', localSymbol='CLJ6', tradingClass='CL'), order=LimitOrder(orderId=22, clientId=13, permId=1360352001, action='BUY', totalQuantity=2.0, lmtPrice=70.1, auxPrice=0.0, tif='GTC', transmit=False, parentId=21, outsideRth=True), orderStatus=OrderStatus(orderId=22, status='PreSubmitted', filled=0.0, remaining=2.0, avgFillPrice=0.0, permId=1360352001, parentId=21, lastFillPrice=0.0, clientId=13, whyHeld='', mktCapPrice=0.0), fills=[], log=[TradeLogEntry(time=datetime.datetime(2026, 3, 2, 15, 20, 13, 671258, tzinfo=datetime.timezone.utc), status='PendingSubmit', message='', errorCode=0), TradeLogEntry(time=datetime.datetime(2026, 3, 2, 15, 20, 13, 888264, tzinfo=datetime.timezone.utc), status='PreSubmitted', message='', errorCode=0), TradeLogEntry(time=datetime.datetime(2026, 3, 2, 15, 20, 13, 907417, tzinfo=datetime.timezone.utc), status='PreSubmitted', message='', errorCode=0)], advancedError='')
2026-03-02 07:20:13 [INFO] position: Position(account='DU1899929', contract=Future(conId=304037436, symbol='CL', lastTradeDateOrContractMonth='20260320', multiplier='1000', currency='USD', localSymbol='CLJ6', tradingClass='CL'), position=-2.0, avgCost=71417.63)
2026-03-02 07:20:13 [INFO] orderStatus: Trade(contract=Contract(secType='FUT', conId=304037436, symbol='CL', lastTradeDateOrContractMonth='20260320', multiplier='1000', exchange='NYMEX', currency='USD', localSymbol='CLJ6', tradingClass='CL'), order=StopOrder(orderId=23, clientId=13, permId=1360352002, action='BUY', totalQuantity=2.0, lmtPrice=0.0, auxPrice=72.52, tif='GTC', parentId=21, triggerMethod=1, outsideRth=True), orderStatus=OrderStatus(orderId=23, status='PreSubmitted', filled=0.0, remaining=2.0, avgFillPrice=0.0, permId=1360352002, parentId=21, lastFillPrice=0.0, clientId=13, whyHeld='trigger', mktCapPrice=0.0), fills=[], log=[TradeLogEntry(time=datetime.datetime(2026, 3, 2, 15, 20, 13, 671258, tzinfo=datetime.timezone.utc), status='PendingSubmit', message='', errorCode=0), TradeLogEntry(time=datetime.datetime(2026, 3, 2, 15, 20, 13, 902989, tzinfo=datetime.timezone.utc), status='PreSubmitted', message='', errorCode=0), TradeLogEntry(time=datetime.datetime(2026, 3, 2, 15, 20, 13, 907417, tzinfo=datetime.timezone.utc), status='PreSubmitted', message='', errorCode=0)], advancedError='')
2026-03-02 07:20:13 [INFO] orderStatus: Trade(contract=Contract(secType='FUT', conId=304037436, symbol='CL', lastTradeDateOrContractMonth='20260320', multiplier='1000', exchange='NYMEX', currency='USD', localSymbol='CLJ6', tradingClass='CL'), order=LimitOrder(orderId=22, clientId=13, permId=1360352001, action='BUY', totalQuantity=2.0, lmtPrice=70.1, auxPrice=0.0, tif='GTC', transmit=False, parentId=21, outsideRth=True), orderStatus=OrderStatus(orderId=22, status='Submitted', filled=0.0, remaining=2.0, avgFillPrice=0.0, permId=1360352001, parentId=21, lastFillPrice=0.0, clientId=13, whyHeld='', mktCapPrice=0.0), fills=[], log=[TradeLogEntry(time=datetime.datetime(2026, 3, 2, 15, 20, 13, 671258, tzinfo=datetime.timezone.utc), status='PendingSubmit', message='', errorCode=0), TradeLogEntry(time=datetime.datetime(2026, 3, 2, 15, 20, 13, 888264, tzinfo=datetime.timezone.utc), status='PreSubmitted', message='', errorCode=0), TradeLogEntry(time=datetime.datetime(2026, 3, 2, 15, 20, 13, 907417, tzinfo=datetime.timezone.utc), status='PreSubmitted', message='', errorCode=0), TradeLogEntry(time=datetime.datetime(2026, 3, 2, 15, 20, 13, 907417, tzinfo=datetime.timezone.utc), status='Submitted', message='', errorCode=0)], advancedError='')
2026-03-02 07:20:14 [INFO] updatePortfolio: PortfolioItem(contract=Future(conId=304037436, symbol='CL', lastTradeDateOrContractMonth='20260320', right='0', multiplier='1000', primaryExchange='NYMEX', currency='USD', localSymbol='CLJ6', tradingClass='CL'), position=-2.0, marketPrice=71.4300003, marketValue=-142860.0, averageCost=71417.63, unrealizedPNL=-24.74, realizedPNL=361.04, account='DU1899929')
2026-03-02 07:22:16 [INFO] Warning 2104, reqId -1: Market data farm connection is OK:usfuture
2026-03-02 07:23:15 [INFO] updatePortfolio: PortfolioItem(contract=Future(conId=304037436, symbol='CL', lastTradeDateOrContractMonth='20260320', right='0', multiplier='1000', primaryExchange='NYMEX', currency='USD', localSymbol='CLJ6', tradingClass='CL'), position=-2.0, marketPrice=71.66999815, marketValue=-143340.0, averageCost=71417.63, unrealizedPNL=-504.74, realizedPNL=361.04, account='DU1899929')
2026-03-02 07:24:55 [INFO] Warning 2103, reqId -1: Market data farm connection is broken:usfuture
2026-03-02 07:24:55 [INFO] Warning 2108, reqId -1: Market data farm connection is inactive but should be available upon demand.usfuture
2026-03-02 07:24:55 [INFO] Warning 2103, reqId -1: Market data farm connection is broken:usfarm
2026-03-02 07:24:55 [INFO] Warning 2105, reqId -1: HMDS data farm connection is broken:ushmds
2026-03-02 07:24:55 [ERROR] Error 10182, reqId 19: Failed to request live updates (disconnected).
2026-03-02 07:24:55 [WARNING] SUBSCRIPTIONS LOST (Error 10182) — will resubscribe on reconnect
2026-03-02 07:24:55 [ERROR] Error 10182, reqId 20: Failed to request live updates (disconnected).
2026-03-02 07:24:55 [WARNING] SUBSCRIPTIONS LOST (Error 10182) — will resubscribe on reconnect
2026-03-02 07:24:56 [INFO] Warning 2106, reqId -1: HMDS data farm connection is OK:ushmds
2026-03-02 07:24:56 [INFO] CONNECTIVITY RESTORED (code 2106) — resubscribing...
2026-03-02 07:24:56 [ERROR] Resubscription failed — will retry on next reconnect
Traceback (most recent call last):
  File "C:\Users\bwang\Documents\GitHub\CL_Analyst\src\live_execution\live_trader.py", line 922, in _resubscribe_and_backfill
    gap = now_utc - self._last_bar_time
  File "pandas\_libs\tslibs\timestamps.pyx", line 558, in pandas._libs.tslibs.timestamps._Timestamp.__sub__
TypeError: Cannot subtract tz-naive and tz-aware datetime-like objects.
2026-03-02 07:24:56 [INFO] Warning 2104, reqId -1: Market data farm connection is OK:usfarm
2026-03-02 07:24:56 [INFO] CONNECTIVITY RESTORED (code 2104) — resubscribing...
2026-03-02 07:24:56 [ERROR] Resubscription failed — will retry on next reconnect
Traceback (most recent call last):
  File "C:\Users\bwang\Documents\GitHub\CL_Analyst\src\live_execution\live_trader.py", line 922, in _resubscribe_and_backfill
    gap = now_utc - self._last_bar_time
  File "pandas\_libs\tslibs\timestamps.pyx", line 558, in pandas._libs.tslibs.timestamps._Timestamp.__sub__
TypeError: Cannot subtract tz-naive and tz-aware datetime-like objects.
2026-03-02 07:25:58 [INFO] position: Position(account='DU1899929', contract=Future(conId=304037436, symbol='CL', lastTradeDateOrContractMonth='20260320', multiplier='1000', currency='USD', localSymbol='CLJ6', tradingClass='CL'), position=-2.0, avgCost=71417.63)
2026-03-02 07:26:15 [INFO] updatePortfolio: PortfolioItem(contract=Future(conId=304037436, symbol='CL', lastTradeDateOrContractMonth='20260320', right='0', multiplier='1000', primaryExchange='NYMEX', currency='USD', localSymbol='CLJ6', tradingClass='CL'), position=-2.0, marketPrice=71.50092315, marketValue=-143001.85, averageCost=71417.63, unrealizedPNL=-166.59, realizedPNL=361.04, account='DU1899929')
2026-03-02 07:29:15 [INFO] updatePortfolio: PortfolioItem(contract=Future(conId=304037436, symbol='CL', lastTradeDateOrContractMonth='20260320', right='0', multiplier='1000', primaryExchange='NYMEX', currency='USD', localSymbol='CLJ6', tradingClass='CL'), position=-2.0, marketPrice=71.66000365, marketValue=-143320.01, averageCost=71417.63, unrealizedPNL=-484.75, realizedPNL=361.04, account='DU1899929')
2026-03-02 07:32:15 [INFO] updatePortfolio: PortfolioItem(contract=Future(conId=304037436, symbol='CL', lastTradeDateOrContractMonth='20260320', right='0', multiplier='1000', primaryExchange='NYMEX', currency='USD', localSymbol='CLJ6', tradingClass='CL'), position=-2.0, marketPrice=71.58000185, marketValue=-143160.0, averageCost=71417.63, unrealizedPNL=-324.74, realizedPNL=361.04, account='DU1899929')
2026-03-02 07:35:15 [INFO] updatePortfolio: PortfolioItem(contract=Future(conId=304037436, symbol='CL', lastTradeDateOrContractMonth='20260320', right='0', multiplier='1000', primaryExchange='NYMEX', currency='USD', localSymbol='CLJ6', tradingClass='CL'), position=-2.0, marketPrice=71.48000335, marketValue=-142960.01, averageCost=71417.63, unrealizedPNL=-124.75, realizedPNL=361.04, account='DU1899929')
2026-03-02 07:38:15 [INFO] updatePortfolio: PortfolioItem(contract=Future(conId=304037436, symbol='CL', lastTradeDateOrContractMonth='20260320', right='0', multiplier='1000', primaryExchange='NYMEX', currency='USD', localSymbol='CLJ6', tradingClass='CL'), position=-2.0, marketPrice=71.51999665, marketValue=-143039.99, averageCost=71417.63, unrealizedPNL=-204.73, realizedPNL=361.04, account='DU1899929')
2026-03-02 07:41:15 [INFO] updatePortfolio: PortfolioItem(contract=Future(conId=304037436, symbol='CL', lastTradeDateOrContractMonth='20260320', right='0', multiplier='1000', primaryExchange='NYMEX', currency='USD', localSymbol='CLJ6', tradingClass='CL'), position=-2.0, marketPrice=71.5, marketValue=-143000.0, averageCost=71417.63, unrealizedPNL=-164.74, realizedPNL=361.04, account='DU1899929')
2026-03-02 07:42:22 [INFO] File logging enabled: C:\Users\bwang\Documents\GitHub\CL_Analyst\data\logs\live_trader_cid13.log
2026-03-02 07:42:22 [INFO] ============================================================
2026-03-02 07:42:22 [INFO] LiveTrader starting (dry_run=False)
2026-03-02 07:42:22 [INFO] ============================================================
2026-03-02 07:42:22 [INFO] Connecting to IBKR at 127.0.0.1:4002 ...
2026-03-02 07:42:22 [INFO] Attempting IBKR connection on 127.0.0.1:4002 (clientId=13) ...
2026-03-02 07:42:22 [INFO] Connecting to 127.0.0.1:4002 with clientId 13...
2026-03-02 07:42:22 [INFO] Connected
2026-03-02 07:42:22 [INFO] Logged on to server version 176
2026-03-02 07:42:22 [INFO] openOrder: Trade(contract=Future(conId=304037436, symbol='CL', lastTradeDateOrContractMonth='20260320', right='?', multiplier='1000', exchange='NYMEX', currency='USD', localSymbol='CLJ6', tradingClass='CL'), order=Order(orderId=22, clientId=13, permId=1360352001, action='BUY', totalQuantity=2.0, orderType='LMT', lmtPrice=70.1, auxPrice=0.0, tif='GTC', ocaGroup='1360352000', ocaType=3, parentId=21, displaySize=2147483647, trailStopPrice=71.1, openClose='', volatilityType=0, deltaNeutralOrderType='None', referencePriceType=0, account='DU1899929', clearingIntent='IB', adjustedOrderType='None', cashQty=0.0, dontUseAutoPriceForHedge=True), orderStatus=OrderStatus(orderId=22, status='Submitted', filled=0.0, remaining=0.0, avgFillPrice=0.0, permId=0, parentId=0, lastFillPrice=0.0, clientId=0, whyHeld='', mktCapPrice=0.0), fills=[], log=[], advancedError='')
2026-03-02 07:42:22 [INFO] orderStatus: Trade(contract=Future(conId=304037436, symbol='CL', lastTradeDateOrContractMonth='20260320', right='?', multiplier='1000', exchange='NYMEX', currency='USD', localSymbol='CLJ6', tradingClass='CL'), order=Order(orderId=22, clientId=13, permId=1360352001, action='BUY', totalQuantity=2.0, orderType='LMT', lmtPrice=70.1, auxPrice=0.0, tif='GTC', ocaGroup='1360352000', ocaType=3, parentId=21, displaySize=2147483647, trailStopPrice=71.1, openClose='', volatilityType=0, deltaNeutralOrderType='None', referencePriceType=0, account='DU1899929', clearingIntent='IB', adjustedOrderType='None', cashQty=0.0, dontUseAutoPriceForHedge=True), orderStatus=OrderStatus(orderId=22, status='Submitted', filled=0.0, remaining=2.0, avgFillPrice=0.0, permId=1360352001, parentId=21, lastFillPrice=0.0, clientId=13, whyHeld='', mktCapPrice=0.0), fills=[], log=[TradeLogEntry(time=datetime.datetime(2026, 3, 2, 15, 42, 22, 194843, tzinfo=datetime.timezone.utc), status='Submitted', message='', errorCode=0)], advancedError='')
2026-03-02 07:42:22 [INFO] openOrder: Trade(contract=Future(conId=304037436, symbol='CL', lastTradeDateOrContractMonth='20260320', right='?', multiplier='1000', exchange='NYMEX', currency='USD', localSymbol='CLJ6', tradingClass='CL'), order=Order(orderId=23, clientId=13, permId=1360352002, action='BUY', totalQuantity=2.0, orderType='STP', lmtPrice=0.0, auxPrice=72.52, tif='GTC', ocaGroup='1360352000', ocaType=3, parentId=21, displaySize=2147483647, triggerMethod=1, outsideRth=True, trailStopPrice=72.52, openClose='', volatilityType=0, deltaNeutralOrderType='None', referencePriceType=0, account='DU1899929', clearingIntent='IB', adjustedOrderType='None', cashQty=0.0, dontUseAutoPriceForHedge=True), orderStatus=OrderStatus(orderId=23, status='PreSubmitted', filled=0.0, remaining=0.0, avgFillPrice=0.0, permId=0, parentId=0, lastFillPrice=0.0, clientId=0, whyHeld='', mktCapPrice=0.0), fills=[], log=[], advancedError='')
2026-03-02 07:42:22 [INFO] orderStatus: Trade(contract=Future(conId=304037436, symbol='CL', lastTradeDateOrContractMonth='20260320', right='?', multiplier='1000', exchange='NYMEX', currency='USD', localSymbol='CLJ6', tradingClass='CL'), order=Order(orderId=23, clientId=13, permId=1360352002, action='BUY', totalQuantity=2.0, orderType='STP', lmtPrice=0.0, auxPrice=72.52, tif='GTC', ocaGroup='1360352000', ocaType=3, parentId=21, displaySize=2147483647, triggerMethod=1, outsideRth=True, trailStopPrice=72.52, openClose='', volatilityType=0, deltaNeutralOrderType='None', referencePriceType=0, account='DU1899929', clearingIntent='IB', adjustedOrderType='None', cashQty=0.0, dontUseAutoPriceForHedge=True), orderStatus=OrderStatus(orderId=23, status='PreSubmitted', filled=0.0, remaining=2.0, avgFillPrice=0.0, permId=1360352002, parentId=21, lastFillPrice=0.0, clientId=13, whyHeld='trigger', mktCapPrice=0.0), fills=[], log=[TradeLogEntry(time=datetime.datetime(2026, 3, 2, 15, 42, 22, 196372, tzinfo=datetime.timezone.utc), status='PreSubmitted', message='', errorCode=0)], advancedError='')
2026-03-02 07:42:22 [INFO] Warning 2104, reqId -1: Market data farm connection is OK:usfarm
2026-03-02 07:42:22 [INFO] Warning 2106, reqId -1: HMDS data farm connection is OK:ushmds
2026-03-02 07:42:22 [INFO] Warning 2158, reqId -1: Sec-def data farm connection is OK:secdefnj
2026-03-02 07:42:22 [INFO] API connection ready
2026-03-02 07:42:22 [INFO] position: Position(account='DU1899929', contract=Future(conId=304037436, symbol='CL', lastTradeDateOrContractMonth='20260320', multiplier='1000', currency='USD', localSymbol='CLJ6', tradingClass='CL'), position=-2.0, avgCost=71417.63)
2026-03-02 07:42:22 [INFO] updatePortfolio: PortfolioItem(contract=Future(conId=304037436, symbol='CL', lastTradeDateOrContractMonth='20260320', right='0', multiplier='1000', primaryExchange='NYMEX', currency='USD', localSymbol='CLJ6', tradingClass='CL'), position=-2.0, marketPrice=71.5, marketValue=-143000.0, averageCost=71417.63, unrealizedPNL=-164.74, realizedPNL=361.04, account='DU1899929')
2026-03-02 07:42:22 [INFO] execDetails Execution(execId='0000e1a7.69a54fc5.01.01', time=datetime.datetime(2026, 3, 2, 9, 10, 13, tzinfo=datetime.timezone.utc), acctNumber='DU1899929', exchange='NYMEX', side='SLD', shares=1.0, price=71.92, permId=1360351955, clientId=13, orderId=11, liquidation=0, cumQty=1.0, avgPrice=71.92, orderRef='', evRule='', evMultiplier=0.0, modelCode='', lastLiquidity=1)
2026-03-02 07:42:22 [INFO] execDetails Execution(execId='0000e1a7.69a54fc6.01.01', time=datetime.datetime(2026, 3, 2, 9, 10, 13, tzinfo=datetime.timezone.utc), acctNumber='DU1899929', exchange='NYMEX', side='SLD', shares=1.0, price=71.92, permId=1360351955, clientId=13, orderId=11, liquidation=0, cumQty=2.0, avgPrice=71.92, orderRef='', evRule='', evMultiplier=0.0, modelCode='', lastLiquidity=1)
2026-03-02 07:42:22 [INFO] execDetails Execution(execId='0000e1a7.69a55356.01.01', time=datetime.datetime(2026, 3, 2, 9, 24, 24, tzinfo=datetime.timezone.utc), acctNumber='DU1899929', exchange='NYMEX', side='SLD', shares=1.0, price=72.23, permId=1360351950, clientId=13, orderId=8, liquidation=0, cumQty=1.0, avgPrice=72.23, orderRef='', evRule='', evMultiplier=0.0, modelCode='', lastLiquidity=1)
2026-03-02 07:42:22 [INFO] execDetails Execution(execId='0000e1a7.69a55357.01.01', time=datetime.datetime(2026, 3, 2, 9, 24, 24, tzinfo=datetime.timezone.utc), acctNumber='DU1899929', exchange='NYMEX', side='SLD', shares=1.0, price=72.23, permId=1360351950, clientId=13, orderId=8, liquidation=0, cumQty=2.0, avgPrice=72.23, orderRef='', evRule='', evMultiplier=0.0, modelCode='', lastLiquidity=1)
2026-03-02 07:42:22 [INFO] execDetails Execution(execId='0000e1a7.69a58542.01.01', time=datetime.datetime(2026, 3, 2, 12, 31, 43, tzinfo=datetime.timezone.utc), acctNumber='DU1899929', exchange='NYMEX', side='BOT', shares=2.0, price=72.86, permId=1360351957, clientId=13, orderId=13, liquidation=0, cumQty=2.0, avgPrice=72.86, orderRef='', evRule='', evMultiplier=0.0, modelCode='', lastLiquidity=1)
2026-03-02 07:42:22 [INFO] execDetails Execution(execId='0000e1a7.69a5d9b2.01.01', time=datetime.datetime(2026, 3, 2, 14, 46, 27, tzinfo=datetime.timezone.utc), acctNumber='DU1899929', exchange='NYMEX', side='BOT', shares=1.0, price=71.1, permId=1360351951, clientId=13, orderId=9, liquidation=0, cumQty=1.0, avgPrice=71.1, orderRef='', evRule='', evMultiplier=0.0, modelCode='', lastLiquidity=1)
2026-03-02 07:42:22 [INFO] execDetails Execution(execId='0000e1a7.69a5d9b3.01.01', time=datetime.datetime(2026, 3, 2, 14, 46, 27, tzinfo=datetime.timezone.utc), acctNumber='DU1899929', exchange='NYMEX', side='BOT', shares=1.0, price=71.1, permId=1360351951, clientId=13, orderId=9, liquidation=0, cumQty=2.0, avgPrice=71.1, orderRef='', evRule='', evMultiplier=0.0, modelCode='', lastLiquidity=1)
2026-03-02 07:42:22 [INFO] execDetails Execution(execId='0000e1a7.69a5fa68.01.01', time=datetime.datetime(2026, 3, 2, 15, 20, 14, tzinfo=datetime.timezone.utc), acctNumber='DU1899929', exchange='NYMEX', side='SLD', shares=2.0, price=71.42, permId=1360352000, clientId=13, orderId=21, liquidation=0, cumQty=2.0, avgPrice=71.42, orderRef='', evRule='', evMultiplier=0.0, modelCode='', lastLiquidity=1)
2026-03-02 07:42:22 [INFO] commissionReport: CommissionReport(execId='0000e1a7.69a54fc5.01.01', commission=2.37, currency='USD', realizedPNL=0.0, yield_=0.0, yieldRedemptionDate=0)
2026-03-02 07:42:22 [INFO] commissionReport: CommissionReport(execId='0000e1a7.69a54fc6.01.01', commission=2.37, currency='USD', realizedPNL=0.0, yield_=0.0, yieldRedemptionDate=0)
2026-03-02 07:42:22 [INFO] commissionReport: CommissionReport(execId='0000e1a7.69a55356.01.01', commission=2.37, currency='USD', realizedPNL=0.0, yield_=0.0, yieldRedemptionDate=0)
2026-03-02 07:42:22 [INFO] commissionReport: CommissionReport(execId='0000e1a7.69a55357.01.01', commission=2.37, currency='USD', realizedPNL=0.0, yield_=0.0, yieldRedemptionDate=0)
2026-03-02 07:42:22 [INFO] commissionReport: CommissionReport(execId='0000e1a7.69a58542.01.01', commission=4.74, currency='USD', realizedPNL=-1579.48, yield_=0.0, yieldRedemptionDate=0)
2026-03-02 07:42:22 [INFO] commissionReport: CommissionReport(execId='0000e1a7.69a5d9b2.01.01', commission=2.37, currency='USD', realizedPNL=970.26, yield_=0.0, yieldRedemptionDate=0)
2026-03-02 07:42:22 [INFO] commissionReport: CommissionReport(execId='0000e1a7.69a5d9b3.01.01', commission=2.37, currency='USD', realizedPNL=970.26, yield_=0.0, yieldRedemptionDate=0)
2026-03-02 07:42:22 [INFO] commissionReport: CommissionReport(execId='0000e1a7.69a5fa68.01.01', commission=4.74, currency='USD', realizedPNL=0.0, yield_=0.0, yieldRedemptionDate=0)
2026-03-02 07:42:22 [INFO] Synchronization complete
2026-03-02 07:42:22 [INFO] Connected to IBKR on port 4002 with clientId 13
2026-03-02 07:42:22 [INFO] Connected to IBKR
2026-03-02 07:42:22 [INFO] Qualified CL continuous contract: ContFuture(conId=304037436, symbol='CL', lastTradeDateOrContractMonth='20260320', multiplier='1000', exchange='NYMEX', currency='USD', localSymbol='CLJ6', tradingClass='CL')
2026-03-02 07:42:22 [INFO] Front-month CL contract: CLJ6 (conId=304037436, month=202603)
2026-03-02 07:42:22 [INFO] Front-month contract: CLJ6 (month=202603)
2026-03-02 07:42:22 [INFO] ============================================================
2026-03-02 07:42:22 [INFO]                  ACCOUNT SUMMARY (CL Only)                  
2026-03-02 07:42:22 [INFO] ============================================================
2026-03-02 07:42:22 [INFO]   Account:           DU1899929
2026-03-02 07:42:22 [INFO]   Net Liquidation:   $  1,190,192.92
2026-03-02 07:42:22 [INFO]   Available Funds:   $  1,156,750.00
2026-03-02 07:42:22 [INFO] ------------------------------------------------------------
2026-03-02 07:42:22 [INFO]   CL Position:       SHORT (-2 contracts)
2026-03-02 07:42:22 [INFO]   CL Market Value:   $   -143,000.00
2026-03-02 07:42:22 [INFO]   CL Avg Cost:       $     71,417.63
2026-03-02 07:42:22 [INFO]   CL Unrealized PnL: $       -164.74
2026-03-02 07:42:22 [INFO]   CL Realized PnL:   $        361.04
2026-03-02 07:42:22 [INFO] ------------------------------------------------------------
2026-03-02 07:42:22 [INFO]   Trade History (telemetry):
2026-03-02 07:42:22 [INFO]     Total Signals:     25
2026-03-02 07:42:22 [INFO]     Executed Trades:   3
2026-03-02 07:42:22 [INFO]     Bars Recorded:     25
2026-03-02 07:42:22 [INFO]     Date Range:        2026-03-02 → 2026-03-02
2026-03-02 07:42:22 [INFO] ============================================================
2026-03-02 07:42:22 [INFO] Warm-start: initializing via DataManager...
2026-03-02 07:42:22 [INFO] Loading warm-start cache from C:\Users\bwang\Documents\GitHub\CL_Analyst\data\processed\warm_start_cache_cid13.parquet
2026-03-02 07:42:22 [INFO] Cache loaded: 13808 bars, range 2025-12-17 23:50:00 → 2026-03-02 08:50:00
2026-03-02 07:42:22 [INFO] Front-month unchanged: CLJ6 — no rollover.
2026-03-02 07:42:22 [INFO] Backfill gap: 2026-03-02 08:50:00 → 2026-03-02 07:42:22.941646 (-1.1 hours)
2026-03-02 07:42:22 [INFO] Gap < 10 minutes — no backfill needed.
2026-03-02 07:42:23 [INFO] Master ledger loaded: 1221233 bars, range 2008-11-20 00:00:00 → 2026-03-02 08:50:00
2026-03-02 07:42:23 [INFO] Ledger gap < 10 minutes — no IBKR fetch needed.
2026-03-02 07:42:23 [INFO] Master ledger saved: 1221233 bars → C:\Users\bwang\Documents\GitHub\CL_Analyst\data\processed\cl_continuous_master.parquet
2026-03-02 07:42:23 [INFO] Mirrored cl_continuous_master.parquet → C:\CL_Analyst_Data\processed\cl_continuous_master.parquet
2026-03-02 07:42:23 [INFO] Roll metadata saved: front_month=CLJ6
2026-03-02 07:42:23 [INFO] Rolling window initialized: 13808 bars, latest=2026-03-02 08:50:00
2026-03-02 07:42:23 [INFO] Subscribing to live 5-min bars (Brain stream)...
2026-03-02 07:42:23 [ERROR] Error 162, reqId 29: Historical Market Data Service error message:Trading TWS session is connected from a different IP address, contract: ContFuture(conId=304037436, symbol='CL', lastTradeDateOrContractMonth='20260320', multiplier='1000', exchange='NYMEX', currency='USD', localSymbol='CLJ6', tradingClass='CL')
2026-03-02 07:42:23 [INFO] Subscribed to continuous contract live bars
2026-03-02 07:42:23 [INFO] Subscribing to front-month bars (Hands stream: 202603)...
2026-03-02 07:42:23 [ERROR] Error 162, reqId 30: Historical Market Data Service error message:Trading TWS session is connected from a different IP address, contract: Contract(secType='FUT', conId=304037436, symbol='CL', lastTradeDateOrContractMonth='20260320', multiplier='1000', exchange='NYMEX', currency='USD', localSymbol='CLJ6', tradingClass='CL')
2026-03-02 07:42:23 [INFO] Subscribed to front-month live bars
2026-03-02 07:42:23 [INFO] Entering event loop (poll every 5.0s) ...
2026-03-02 07:42:23 [INFO] Press Ctrl+C to stop.
2026-03-02 07:44:15 [INFO] updatePortfolio: PortfolioItem(contract=Future(conId=304037436, symbol='CL', lastTradeDateOrContractMonth='20260320', right='0', multiplier='1000', primaryExchange='NYMEX', currency='USD', localSymbol='CLJ6', tradingClass='CL'), position=-2.0, marketPrice=71.3199997, marketValue=-142640.0, averageCost=71417.63, unrealizedPNL=195.26, realizedPNL=361.04, account='DU1899929')
2026-03-02 07:47:15 [INFO] updatePortfolio: PortfolioItem(contract=Future(conId=304037436, symbol='CL', lastTradeDateOrContractMonth='20260320', right='0', multiplier='1000', primaryExchange='NYMEX', currency='USD', localSymbol='CLJ6', tradingClass='CL'), position=-2.0, marketPrice=71.30999755, marketValue=-142620.0, averageCost=71417.63, unrealizedPNL=215.26, realizedPNL=361.04, account='DU1899929')
2026-03-02 07:50:15 [INFO] updatePortfolio: PortfolioItem(contract=Future(conId=304037436, symbol='CL', lastTradeDateOrContractMonth='20260320', right='0', multiplier='1000', primaryExchange='NYMEX', currency='USD', localSymbol='CLJ6', tradingClass='CL'), position=-2.0, marketPrice=71.44000245, marketValue=-142880.0, averageCost=71417.63, unrealizedPNL=-44.74, realizedPNL=361.04, account='DU1899929')
2026-03-02 07:53:15 [INFO] updatePortfolio: PortfolioItem(contract=Future(conId=304037436, symbol='CL', lastTradeDateOrContractMonth='20260320', right='0', multiplier='1000', primaryExchange='NYMEX', currency='USD', localSymbol='CLJ6', tradingClass='CL'), position=-2.0, marketPrice=71.3899994, marketValue=-142780.0, averageCost=71417.63, unrealizedPNL=55.26, realizedPNL=361.04, account='DU1899929')
2026-03-02 07:53:50 [INFO] File logging enabled: C:\Users\bwang\Documents\GitHub\CL_Analyst\data\logs\live_trader_cid13.log
2026-03-02 07:53:50 [INFO] ============================================================
2026-03-02 07:53:50 [INFO] LiveTrader starting (dry_run=False)
2026-03-02 07:53:50 [INFO] ============================================================
2026-03-02 07:53:50 [INFO] Connecting to IBKR at 127.0.0.1:4002 ...
2026-03-02 07:53:50 [INFO] Attempting IBKR connection on 127.0.0.1:4002 (clientId=13) ...
2026-03-02 07:53:50 [INFO] Connecting to 127.0.0.1:4002 with clientId 13...
2026-03-02 07:53:50 [INFO] Connected
2026-03-02 07:53:50 [INFO] Logged on to server version 176
2026-03-02 07:53:50 [INFO] openOrder: Trade(contract=Future(conId=304037436, symbol='CL', lastTradeDateOrContractMonth='20260320', right='?', multiplier='1000', exchange='NYMEX', currency='USD', localSymbol='CLJ6', tradingClass='CL'), order=Order(orderId=22, clientId=13, permId=1360352001, action='BUY', totalQuantity=2.0, orderType='LMT', lmtPrice=70.1, auxPrice=0.0, tif='GTC', ocaGroup='1360352000', ocaType=3, parentId=21, displaySize=2147483647, trailStopPrice=71.1, openClose='', volatilityType=0, deltaNeutralOrderType='None', referencePriceType=0, account='DU1899929', clearingIntent='IB', adjustedOrderType='None', cashQty=0.0, dontUseAutoPriceForHedge=True), orderStatus=OrderStatus(orderId=22, status='Submitted', filled=0.0, remaining=0.0, avgFillPrice=0.0, permId=0, parentId=0, lastFillPrice=0.0, clientId=0, whyHeld='', mktCapPrice=0.0), fills=[], log=[], advancedError='')
2026-03-02 07:53:50 [INFO] orderStatus: Trade(contract=Future(conId=304037436, symbol='CL', lastTradeDateOrContractMonth='20260320', right='?', multiplier='1000', exchange='NYMEX', currency='USD', localSymbol='CLJ6', tradingClass='CL'), order=Order(orderId=22, clientId=13, permId=1360352001, action='BUY', totalQuantity=2.0, orderType='LMT', lmtPrice=70.1, auxPrice=0.0, tif='GTC', ocaGroup='1360352000', ocaType=3, parentId=21, displaySize=2147483647, trailStopPrice=71.1, openClose='', volatilityType=0, deltaNeutralOrderType='None', referencePriceType=0, account='DU1899929', clearingIntent='IB', adjustedOrderType='None', cashQty=0.0, dontUseAutoPriceForHedge=True), orderStatus=OrderStatus(orderId=22, status='Submitted', filled=0.0, remaining=2.0, avgFillPrice=0.0, permId=1360352001, parentId=21, lastFillPrice=0.0, clientId=13, whyHeld='', mktCapPrice=0.0), fills=[], log=[TradeLogEntry(time=datetime.datetime(2026, 3, 2, 15, 53, 50, 52649, tzinfo=datetime.timezone.utc), status='Submitted', message='', errorCode=0)], advancedError='')
2026-03-02 07:53:50 [INFO] openOrder: Trade(contract=Future(conId=304037436, symbol='CL', lastTradeDateOrContractMonth='20260320', right='?', multiplier='1000', exchange='NYMEX', currency='USD', localSymbol='CLJ6', tradingClass='CL'), order=Order(orderId=23, clientId=13, permId=1360352002, action='BUY', totalQuantity=2.0, orderType='STP', lmtPrice=0.0, auxPrice=72.52, tif='GTC', ocaGroup='1360352000', ocaType=3, parentId=21, displaySize=2147483647, triggerMethod=1, outsideRth=True, trailStopPrice=72.52, openClose='', volatilityType=0, deltaNeutralOrderType='None', referencePriceType=0, account='DU1899929', clearingIntent='IB', adjustedOrderType='None', cashQty=0.0, dontUseAutoPriceForHedge=True), orderStatus=OrderStatus(orderId=23, status='PreSubmitted', filled=0.0, remaining=0.0, avgFillPrice=0.0, permId=0, parentId=0, lastFillPrice=0.0, clientId=0, whyHeld='', mktCapPrice=0.0), fills=[], log=[], advancedError='')
2026-03-02 07:53:50 [INFO] orderStatus: Trade(contract=Future(conId=304037436, symbol='CL', lastTradeDateOrContractMonth='20260320', right='?', multiplier='1000', exchange='NYMEX', currency='USD', localSymbol='CLJ6', tradingClass='CL'), order=Order(orderId=23, clientId=13, permId=1360352002, action='BUY', totalQuantity=2.0, orderType='STP', lmtPrice=0.0, auxPrice=72.52, tif='GTC', ocaGroup='1360352000', ocaType=3, parentId=21, displaySize=2147483647, triggerMethod=1, outsideRth=True, trailStopPrice=72.52, openClose='', volatilityType=0, deltaNeutralOrderType='None', referencePriceType=0, account='DU1899929', clearingIntent='IB', adjustedOrderType='None', cashQty=0.0, dontUseAutoPriceForHedge=True), orderStatus=OrderStatus(orderId=23, status='PreSubmitted', filled=0.0, remaining=2.0, avgFillPrice=0.0, permId=1360352002, parentId=21, lastFillPrice=0.0, clientId=13, whyHeld='trigger', mktCapPrice=0.0), fills=[], log=[TradeLogEntry(time=datetime.datetime(2026, 3, 2, 15, 53, 50, 52649, tzinfo=datetime.timezone.utc), status='PreSubmitted', message='', errorCode=0)], advancedError='')
2026-03-02 07:53:50 [INFO] Warning 2104, reqId -1: Market data farm connection is OK:usfarm
2026-03-02 07:53:50 [INFO] Warning 2106, reqId -1: HMDS data farm connection is OK:ushmds
2026-03-02 07:53:50 [INFO] Warning 2158, reqId -1: Sec-def data farm connection is OK:secdefnj
2026-03-02 07:53:50 [INFO] API connection ready
2026-03-02 07:53:50 [INFO] position: Position(account='DU1899929', contract=Future(conId=304037436, symbol='CL', lastTradeDateOrContractMonth='20260320', multiplier='1000', currency='USD', localSymbol='CLJ6', tradingClass='CL'), position=-2.0, avgCost=71417.63)
2026-03-02 07:53:50 [INFO] updatePortfolio: PortfolioItem(contract=Future(conId=304037436, symbol='CL', lastTradeDateOrContractMonth='20260320', right='0', multiplier='1000', primaryExchange='NYMEX', currency='USD', localSymbol='CLJ6', tradingClass='CL'), position=-2.0, marketPrice=71.3899994, marketValue=-142780.0, averageCost=71417.63, unrealizedPNL=55.26, realizedPNL=361.04, account='DU1899929')
2026-03-02 07:53:50 [INFO] execDetails Execution(execId='0000e1a7.69a54fc5.01.01', time=datetime.datetime(2026, 3, 2, 9, 10, 13, tzinfo=datetime.timezone.utc), acctNumber='DU1899929', exchange='NYMEX', side='SLD', shares=1.0, price=71.92, permId=1360351955, clientId=13, orderId=11, liquidation=0, cumQty=1.0, avgPrice=71.92, orderRef='', evRule='', evMultiplier=0.0, modelCode='', lastLiquidity=1)
2026-03-02 07:53:50 [INFO] execDetails Execution(execId='0000e1a7.69a54fc6.01.01', time=datetime.datetime(2026, 3, 2, 9, 10, 13, tzinfo=datetime.timezone.utc), acctNumber='DU1899929', exchange='NYMEX', side='SLD', shares=1.0, price=71.92, permId=1360351955, clientId=13, orderId=11, liquidation=0, cumQty=2.0, avgPrice=71.92, orderRef='', evRule='', evMultiplier=0.0, modelCode='', lastLiquidity=1)
2026-03-02 07:53:50 [INFO] execDetails Execution(execId='0000e1a7.69a55356.01.01', time=datetime.datetime(2026, 3, 2, 9, 24, 24, tzinfo=datetime.timezone.utc), acctNumber='DU1899929', exchange='NYMEX', side='SLD', shares=1.0, price=72.23, permId=1360351950, clientId=13, orderId=8, liquidation=0, cumQty=1.0, avgPrice=72.23, orderRef='', evRule='', evMultiplier=0.0, modelCode='', lastLiquidity=1)
2026-03-02 07:53:50 [INFO] execDetails Execution(execId='0000e1a7.69a55357.01.01', time=datetime.datetime(2026, 3, 2, 9, 24, 24, tzinfo=datetime.timezone.utc), acctNumber='DU1899929', exchange='NYMEX', side='SLD', shares=1.0, price=72.23, permId=1360351950, clientId=13, orderId=8, liquidation=0, cumQty=2.0, avgPrice=72.23, orderRef='', evRule='', evMultiplier=0.0, modelCode='', lastLiquidity=1)
2026-03-02 07:53:50 [INFO] execDetails Execution(execId='0000e1a7.69a58542.01.01', time=datetime.datetime(2026, 3, 2, 12, 31, 43, tzinfo=datetime.timezone.utc), acctNumber='DU1899929', exchange='NYMEX', side='BOT', shares=2.0, price=72.86, permId=1360351957, clientId=13, orderId=13, liquidation=0, cumQty=2.0, avgPrice=72.86, orderRef='', evRule='', evMultiplier=0.0, modelCode='', lastLiquidity=1)
2026-03-02 07:53:50 [INFO] execDetails Execution(execId='0000e1a7.69a5d9b2.01.01', time=datetime.datetime(2026, 3, 2, 14, 46, 27, tzinfo=datetime.timezone.utc), acctNumber='DU1899929', exchange='NYMEX', side='BOT', shares=1.0, price=71.1, permId=1360351951, clientId=13, orderId=9, liquidation=0, cumQty=1.0, avgPrice=71.1, orderRef='', evRule='', evMultiplier=0.0, modelCode='', lastLiquidity=1)
2026-03-02 07:53:50 [INFO] execDetails Execution(execId='0000e1a7.69a5d9b3.01.01', time=datetime.datetime(2026, 3, 2, 14, 46, 27, tzinfo=datetime.timezone.utc), acctNumber='DU1899929', exchange='NYMEX', side='BOT', shares=1.0, price=71.1, permId=1360351951, clientId=13, orderId=9, liquidation=0, cumQty=2.0, avgPrice=71.1, orderRef='', evRule='', evMultiplier=0.0, modelCode='', lastLiquidity=1)
2026-03-02 07:53:50 [INFO] execDetails Execution(execId='0000e1a7.69a5fa68.01.01', time=datetime.datetime(2026, 3, 2, 15, 20, 14, tzinfo=datetime.timezone.utc), acctNumber='DU1899929', exchange='NYMEX', side='SLD', shares=2.0, price=71.42, permId=1360352000, clientId=13, orderId=21, liquidation=0, cumQty=2.0, avgPrice=71.42, orderRef='', evRule='', evMultiplier=0.0, modelCode='', lastLiquidity=1)
2026-03-02 07:53:50 [INFO] commissionReport: CommissionReport(execId='0000e1a7.69a54fc5.01.01', commission=2.37, currency='USD', realizedPNL=0.0, yield_=0.0, yieldRedemptionDate=0)
2026-03-02 07:53:50 [INFO] commissionReport: CommissionReport(execId='0000e1a7.69a54fc6.01.01', commission=2.37, currency='USD', realizedPNL=0.0, yield_=0.0, yieldRedemptionDate=0)
2026-03-02 07:53:50 [INFO] commissionReport: CommissionReport(execId='0000e1a7.69a55356.01.01', commission=2.37, currency='USD', realizedPNL=0.0, yield_=0.0, yieldRedemptionDate=0)
2026-03-02 07:53:50 [INFO] commissionReport: CommissionReport(execId='0000e1a7.69a55357.01.01', commission=2.37, currency='USD', realizedPNL=0.0, yield_=0.0, yieldRedemptionDate=0)
2026-03-02 07:53:50 [INFO] commissionReport: CommissionReport(execId='0000e1a7.69a58542.01.01', commission=4.74, currency='USD', realizedPNL=-1579.48, yield_=0.0, yieldRedemptionDate=0)
2026-03-02 07:53:50 [INFO] commissionReport: CommissionReport(execId='0000e1a7.69a5d9b2.01.01', commission=2.37, currency='USD', realizedPNL=970.26, yield_=0.0, yieldRedemptionDate=0)
2026-03-02 07:53:50 [INFO] commissionReport: CommissionReport(execId='0000e1a7.69a5d9b3.01.01', commission=2.37, currency='USD', realizedPNL=970.26, yield_=0.0, yieldRedemptionDate=0)
2026-03-02 07:53:50 [INFO] commissionReport: CommissionReport(execId='0000e1a7.69a5fa68.01.01', commission=4.74, currency='USD', realizedPNL=0.0, yield_=0.0, yieldRedemptionDate=0)
2026-03-02 07:53:50 [INFO] Synchronization complete
2026-03-02 07:53:50 [INFO] Connected to IBKR on port 4002 with clientId 13
2026-03-02 07:53:50 [INFO] Connected to IBKR
2026-03-02 07:53:50 [INFO] Qualified CL continuous contract: ContFuture(conId=304037436, symbol='CL', lastTradeDateOrContractMonth='20260320', multiplier='1000', exchange='NYMEX', currency='USD', localSymbol='CLJ6', tradingClass='CL')
2026-03-02 07:53:50 [INFO] Front-month CL contract: CLJ6 (conId=304037436, month=202603)
2026-03-02 07:53:50 [INFO] Front-month contract: CLJ6 (month=202603)
2026-03-02 07:53:50 [INFO] ============================================================
2026-03-02 07:53:50 [INFO]                  ACCOUNT SUMMARY (CL Only)                  
2026-03-02 07:53:50 [INFO] ============================================================
2026-03-02 07:53:50 [INFO]   Account:           DU1899929
2026-03-02 07:53:50 [INFO]   Net Liquidation:   $  1,190,412.86
2026-03-02 07:53:50 [INFO]   Available Funds:   $  1,156,929.94
2026-03-02 07:53:50 [INFO] ------------------------------------------------------------
2026-03-02 07:53:50 [INFO]   CL Position:       SHORT (-2 contracts)
2026-03-02 07:53:50 [INFO]   CL Market Value:   $   -142,780.00
2026-03-02 07:53:50 [INFO]   CL Avg Cost:       $     71,417.63
2026-03-02 07:53:50 [INFO]   CL Unrealized PnL: $         55.26
2026-03-02 07:53:50 [INFO]   CL Realized PnL:   $        361.04
2026-03-02 07:53:50 [INFO] ------------------------------------------------------------
2026-03-02 07:53:50 [INFO]   Trade History (telemetry):
2026-03-02 07:53:50 [INFO]     Total Signals:     25
2026-03-02 07:53:50 [INFO]     Executed Trades:   3
2026-03-02 07:53:50 [INFO]     Bars Recorded:     25
2026-03-02 07:53:50 [INFO]     Date Range:        2026-03-02 → 2026-03-02
2026-03-02 07:53:50 [INFO] ============================================================
2026-03-02 07:53:50 [INFO] Warm-start: initializing via DataManager...
2026-03-02 07:53:50 [INFO] Loading warm-start cache from C:\Users\bwang\Documents\GitHub\CL_Analyst\data\processed\warm_start_cache_cid13.parquet
2026-03-02 07:53:50 [INFO] Cache loaded: 13808 bars, range 2025-12-17 23:50:00 → 2026-03-02 08:50:00
2026-03-02 07:53:50 [INFO] Front-month unchanged: CLJ6 — no rollover.
2026-03-02 07:53:50 [INFO] Backfill gap: 2026-03-02 08:50:00 → 2026-03-02 07:53:50.816870 (-0.9 hours)
2026-03-02 07:53:50 [INFO] Gap < 10 minutes — no backfill needed.
2026-03-02 07:53:50 [INFO] Master ledger loaded: 1221233 bars, range 2008-11-20 00:00:00 → 2026-03-02 08:50:00
2026-03-02 07:53:50 [INFO] Ledger gap < 10 minutes — no IBKR fetch needed.
2026-03-02 07:53:51 [INFO] Master ledger saved: 1221233 bars → C:\Users\bwang\Documents\GitHub\CL_Analyst\data\processed\cl_continuous_master.parquet
2026-03-02 07:53:51 [INFO] Mirrored cl_continuous_master.parquet → C:\CL_Analyst_Data\processed\cl_continuous_master.parquet
2026-03-02 07:53:51 [INFO] Roll metadata saved: front_month=CLJ6
2026-03-02 07:53:51 [INFO] Rolling window initialized: 13808 bars, latest=2026-03-02 08:50:00
2026-03-02 07:53:51 [INFO] Subscribing to live 5-min bars (Brain stream)...
2026-03-02 07:53:51 [ERROR] Error 162, reqId 29: Historical Market Data Service error message:Trading TWS session is connected from a different IP address, contract: ContFuture(conId=304037436, symbol='CL', lastTradeDateOrContractMonth='20260320', multiplier='1000', exchange='NYMEX', currency='USD', localSymbol='CLJ6', tradingClass='CL')
2026-03-02 07:53:51 [INFO] Subscribed to continuous contract live bars
2026-03-02 07:53:51 [INFO] Subscribing to front-month bars (Hands stream: 202603)...
2026-03-02 07:53:51 [ERROR] Error 162, reqId 30: Historical Market Data Service error message:Trading TWS session is connected from a different IP address, contract: Contract(secType='FUT', conId=304037436, symbol='CL', lastTradeDateOrContractMonth='20260320', multiplier='1000', exchange='NYMEX', currency='USD', localSymbol='CLJ6', tradingClass='CL')
2026-03-02 07:53:51 [INFO] Subscribed to front-month live bars
2026-03-02 07:53:51 [INFO] Entering event loop (poll every 5.0s) ...
2026-03-02 07:53:51 [INFO] Press Ctrl+C to stop.
2026-03-02 07:54:28 [INFO] File logging enabled: C:\Users\bwang\Documents\GitHub\CL_Analyst\data\logs\live_trader_cid13.log
2026-03-02 07:54:28 [INFO] ============================================================
2026-03-02 07:54:28 [INFO] LiveTrader starting (dry_run=False)
2026-03-02 07:54:28 [INFO] ============================================================
2026-03-02 07:54:28 [INFO] Connecting to IBKR at 127.0.0.1:4002 ...
2026-03-02 07:54:28 [INFO] Attempting IBKR connection on 127.0.0.1:4002 (clientId=13) ...
2026-03-02 07:54:28 [INFO] Connecting to 127.0.0.1:4002 with clientId 13...
2026-03-02 07:54:28 [INFO] Connected
2026-03-02 07:54:28 [INFO] Logged on to server version 176
2026-03-02 07:54:28 [INFO] openOrder: Trade(contract=Future(conId=304037436, symbol='CL', lastTradeDateOrContractMonth='20260320', right='?', multiplier='1000', exchange='NYMEX', currency='USD', localSymbol='CLJ6', tradingClass='CL'), order=Order(orderId=22, clientId=13, permId=1360352001, action='BUY', totalQuantity=2.0, orderType='LMT', lmtPrice=70.1, auxPrice=0.0, tif='GTC', ocaGroup='1360352000', ocaType=3, parentId=21, displaySize=2147483647, trailStopPrice=71.1, openClose='', volatilityType=0, deltaNeutralOrderType='None', referencePriceType=0, account='DU1899929', clearingIntent='IB', adjustedOrderType='None', cashQty=0.0, dontUseAutoPriceForHedge=True), orderStatus=OrderStatus(orderId=22, status='Submitted', filled=0.0, remaining=0.0, avgFillPrice=0.0, permId=0, parentId=0, lastFillPrice=0.0, clientId=0, whyHeld='', mktCapPrice=0.0), fills=[], log=[], advancedError='')
2026-03-02 07:54:28 [INFO] orderStatus: Trade(contract=Future(conId=304037436, symbol='CL', lastTradeDateOrContractMonth='20260320', right='?', multiplier='1000', exchange='NYMEX', currency='USD', localSymbol='CLJ6', tradingClass='CL'), order=Order(orderId=22, clientId=13, permId=1360352001, action='BUY', totalQuantity=2.0, orderType='LMT', lmtPrice=70.1, auxPrice=0.0, tif='GTC', ocaGroup='1360352000', ocaType=3, parentId=21, displaySize=2147483647, trailStopPrice=71.1, openClose='', volatilityType=0, deltaNeutralOrderType='None', referencePriceType=0, account='DU1899929', clearingIntent='IB', adjustedOrderType='None', cashQty=0.0, dontUseAutoPriceForHedge=True), orderStatus=OrderStatus(orderId=22, status='Submitted', filled=0.0, remaining=2.0, avgFillPrice=0.0, permId=1360352001, parentId=21, lastFillPrice=0.0, clientId=13, whyHeld='', mktCapPrice=0.0), fills=[], log=[TradeLogEntry(time=datetime.datetime(2026, 3, 2, 15, 54, 28, 902806, tzinfo=datetime.timezone.utc), status='Submitted', message='', errorCode=0)], advancedError='')
2026-03-02 07:54:28 [INFO] openOrder: Trade(contract=Future(conId=304037436, symbol='CL', lastTradeDateOrContractMonth='20260320', right='?', multiplier='1000', exchange='NYMEX', currency='USD', localSymbol='CLJ6', tradingClass='CL'), order=Order(orderId=23, clientId=13, permId=1360352002, action='BUY', totalQuantity=2.0, orderType='STP', lmtPrice=0.0, auxPrice=72.52, tif='GTC', ocaGroup='1360352000', ocaType=3, parentId=21, displaySize=2147483647, triggerMethod=1, outsideRth=True, trailStopPrice=72.52, openClose='', volatilityType=0, deltaNeutralOrderType='None', referencePriceType=0, account='DU1899929', clearingIntent='IB', adjustedOrderType='None', cashQty=0.0, dontUseAutoPriceForHedge=True), orderStatus=OrderStatus(orderId=23, status='PreSubmitted', filled=0.0, remaining=0.0, avgFillPrice=0.0, permId=0, parentId=0, lastFillPrice=0.0, clientId=0, whyHeld='', mktCapPrice=0.0), fills=[], log=[], advancedError='')
2026-03-02 07:54:28 [INFO] orderStatus: Trade(contract=Future(conId=304037436, symbol='CL', lastTradeDateOrContractMonth='20260320', right='?', multiplier='1000', exchange='NYMEX', currency='USD', localSymbol='CLJ6', tradingClass='CL'), order=Order(orderId=23, clientId=13, permId=1360352002, action='BUY', totalQuantity=2.0, orderType='STP', lmtPrice=0.0, auxPrice=72.52, tif='GTC', ocaGroup='1360352000', ocaType=3, parentId=21, displaySize=2147483647, triggerMethod=1, outsideRth=True, trailStopPrice=72.52, openClose='', volatilityType=0, deltaNeutralOrderType='None', referencePriceType=0, account='DU1899929', clearingIntent='IB', adjustedOrderType='None', cashQty=0.0, dontUseAutoPriceForHedge=True), orderStatus=OrderStatus(orderId=23, status='PreSubmitted', filled=0.0, remaining=2.0, avgFillPrice=0.0, permId=1360352002, parentId=21, lastFillPrice=0.0, clientId=13, whyHeld='trigger', mktCapPrice=0.0), fills=[], log=[TradeLogEntry(time=datetime.datetime(2026, 3, 2, 15, 54, 28, 905933, tzinfo=datetime.timezone.utc), status='PreSubmitted', message='', errorCode=0)], advancedError='')
2026-03-02 07:54:28 [INFO] Warning 2104, reqId -1: Market data farm connection is OK:usfarm
2026-03-02 07:54:28 [INFO] Warning 2106, reqId -1: HMDS data farm connection is OK:ushmds
2026-03-02 07:54:28 [INFO] Warning 2158, reqId -1: Sec-def data farm connection is OK:secdefnj
2026-03-02 07:54:28 [INFO] API connection ready
2026-03-02 07:54:28 [INFO] position: Position(account='DU1899929', contract=Future(conId=304037436, symbol='CL', lastTradeDateOrContractMonth='20260320', multiplier='1000', currency='USD', localSymbol='CLJ6', tradingClass='CL'), position=-2.0, avgCost=71417.63)
2026-03-02 07:54:29 [INFO] updatePortfolio: PortfolioItem(contract=Future(conId=304037436, symbol='CL', lastTradeDateOrContractMonth='20260320', right='0', multiplier='1000', primaryExchange='NYMEX', currency='USD', localSymbol='CLJ6', tradingClass='CL'), position=-2.0, marketPrice=71.3899994, marketValue=-142780.0, averageCost=71417.63, unrealizedPNL=55.26, realizedPNL=361.04, account='DU1899929')
2026-03-02 07:54:29 [INFO] execDetails Execution(execId='0000e1a7.69a54fc5.01.01', time=datetime.datetime(2026, 3, 2, 9, 10, 13, tzinfo=datetime.timezone.utc), acctNumber='DU1899929', exchange='NYMEX', side='SLD', shares=1.0, price=71.92, permId=1360351955, clientId=13, orderId=11, liquidation=0, cumQty=1.0, avgPrice=71.92, orderRef='', evRule='', evMultiplier=0.0, modelCode='', lastLiquidity=1)
2026-03-02 07:54:29 [INFO] execDetails Execution(execId='0000e1a7.69a54fc6.01.01', time=datetime.datetime(2026, 3, 2, 9, 10, 13, tzinfo=datetime.timezone.utc), acctNumber='DU1899929', exchange='NYMEX', side='SLD', shares=1.0, price=71.92, permId=1360351955, clientId=13, orderId=11, liquidation=0, cumQty=2.0, avgPrice=71.92, orderRef='', evRule='', evMultiplier=0.0, modelCode='', lastLiquidity=1)
2026-03-02 07:54:29 [INFO] execDetails Execution(execId='0000e1a7.69a55356.01.01', time=datetime.datetime(2026, 3, 2, 9, 24, 24, tzinfo=datetime.timezone.utc), acctNumber='DU1899929', exchange='NYMEX', side='SLD', shares=1.0, price=72.23, permId=1360351950, clientId=13, orderId=8, liquidation=0, cumQty=1.0, avgPrice=72.23, orderRef='', evRule='', evMultiplier=0.0, modelCode='', lastLiquidity=1)
2026-03-02 07:54:29 [INFO] execDetails Execution(execId='0000e1a7.69a55357.01.01', time=datetime.datetime(2026, 3, 2, 9, 24, 24, tzinfo=datetime.timezone.utc), acctNumber='DU1899929', exchange='NYMEX', side='SLD', shares=1.0, price=72.23, permId=1360351950, clientId=13, orderId=8, liquidation=0, cumQty=2.0, avgPrice=72.23, orderRef='', evRule='', evMultiplier=0.0, modelCode='', lastLiquidity=1)
2026-03-02 07:54:29 [INFO] execDetails Execution(execId='0000e1a7.69a58542.01.01', time=datetime.datetime(2026, 3, 2, 12, 31, 43, tzinfo=datetime.timezone.utc), acctNumber='DU1899929', exchange='NYMEX', side='BOT', shares=2.0, price=72.86, permId=1360351957, clientId=13, orderId=13, liquidation=0, cumQty=2.0, avgPrice=72.86, orderRef='', evRule='', evMultiplier=0.0, modelCode='', lastLiquidity=1)
2026-03-02 07:54:29 [INFO] execDetails Execution(execId='0000e1a7.69a5d9b2.01.01', time=datetime.datetime(2026, 3, 2, 14, 46, 27, tzinfo=datetime.timezone.utc), acctNumber='DU1899929', exchange='NYMEX', side='BOT', shares=1.0, price=71.1, permId=1360351951, clientId=13, orderId=9, liquidation=0, cumQty=1.0, avgPrice=71.1, orderRef='', evRule='', evMultiplier=0.0, modelCode='', lastLiquidity=1)
2026-03-02 07:54:29 [INFO] execDetails Execution(execId='0000e1a7.69a5d9b3.01.01', time=datetime.datetime(2026, 3, 2, 14, 46, 27, tzinfo=datetime.timezone.utc), acctNumber='DU1899929', exchange='NYMEX', side='BOT', shares=1.0, price=71.1, permId=1360351951, clientId=13, orderId=9, liquidation=0, cumQty=2.0, avgPrice=71.1, orderRef='', evRule='', evMultiplier=0.0, modelCode='', lastLiquidity=1)
2026-03-02 07:54:29 [INFO] execDetails Execution(execId='0000e1a7.69a5fa68.01.01', time=datetime.datetime(2026, 3, 2, 15, 20, 14, tzinfo=datetime.timezone.utc), acctNumber='DU1899929', exchange='NYMEX', side='SLD', shares=2.0, price=71.42, permId=1360352000, clientId=13, orderId=21, liquidation=0, cumQty=2.0, avgPrice=71.42, orderRef='', evRule='', evMultiplier=0.0, modelCode='', lastLiquidity=1)
2026-03-02 07:54:29 [INFO] commissionReport: CommissionReport(execId='0000e1a7.69a54fc5.01.01', commission=2.37, currency='USD', realizedPNL=0.0, yield_=0.0, yieldRedemptionDate=0)
2026-03-02 07:54:29 [INFO] commissionReport: CommissionReport(execId='0000e1a7.69a54fc6.01.01', commission=2.37, currency='USD', realizedPNL=0.0, yield_=0.0, yieldRedemptionDate=0)
2026-03-02 07:54:29 [INFO] commissionReport: CommissionReport(execId='0000e1a7.69a55356.01.01', commission=2.37, currency='USD', realizedPNL=0.0, yield_=0.0, yieldRedemptionDate=0)
2026-03-02 07:54:29 [INFO] commissionReport: CommissionReport(execId='0000e1a7.69a55357.01.01', commission=2.37, currency='USD', realizedPNL=0.0, yield_=0.0, yieldRedemptionDate=0)
2026-03-02 07:54:29 [INFO] commissionReport: CommissionReport(execId='0000e1a7.69a58542.01.01', commission=4.74, currency='USD', realizedPNL=-1579.48, yield_=0.0, yieldRedemptionDate=0)
2026-03-02 07:54:29 [INFO] commissionReport: CommissionReport(execId='0000e1a7.69a5d9b2.01.01', commission=2.37, currency='USD', realizedPNL=970.26, yield_=0.0, yieldRedemptionDate=0)
2026-03-02 07:54:29 [INFO] commissionReport: CommissionReport(execId='0000e1a7.69a5d9b3.01.01', commission=2.37, currency='USD', realizedPNL=970.26, yield_=0.0, yieldRedemptionDate=0)
2026-03-02 07:54:29 [INFO] commissionReport: CommissionReport(execId='0000e1a7.69a5fa68.01.01', commission=4.74, currency='USD', realizedPNL=0.0, yield_=0.0, yieldRedemptionDate=0)
2026-03-02 07:54:29 [INFO] Synchronization complete
2026-03-02 07:54:29 [INFO] Connected to IBKR on port 4002 with clientId 13
2026-03-02 07:54:29 [INFO] Connected to IBKR
2026-03-02 07:54:29 [INFO] Qualified CL continuous contract: ContFuture(conId=304037436, symbol='CL', lastTradeDateOrContractMonth='20260320', multiplier='1000', exchange='NYMEX', currency='USD', localSymbol='CLJ6', tradingClass='CL')
2026-03-02 07:54:29 [INFO] Front-month CL contract: CLJ6 (conId=304037436, month=202603)
2026-03-02 07:54:29 [INFO] Front-month contract: CLJ6 (month=202603)
2026-03-02 07:54:29 [INFO] ============================================================
2026-03-02 07:54:29 [INFO]                  ACCOUNT SUMMARY (CL Only)                  
2026-03-02 07:54:29 [INFO] ============================================================
2026-03-02 07:54:29 [INFO]   Account:           DU1899929
2026-03-02 07:54:29 [INFO]   Net Liquidation:   $  1,190,412.86
2026-03-02 07:54:29 [INFO]   Available Funds:   $  1,156,929.94
2026-03-02 07:54:29 [INFO] ------------------------------------------------------------
2026-03-02 07:54:29 [INFO]   CL Position:       SHORT (-2 contracts)
2026-03-02 07:54:29 [INFO]   CL Market Value:   $   -142,780.00
2026-03-02 07:54:29 [INFO]   CL Avg Cost:       $     71,417.63
2026-03-02 07:54:29 [INFO]   CL Unrealized PnL: $         55.26
2026-03-02 07:54:29 [INFO]   CL Realized PnL:   $        361.04
2026-03-02 07:54:29 [INFO] ------------------------------------------------------------
2026-03-02 07:54:29 [INFO]   Trade History (telemetry):
2026-03-02 07:54:29 [INFO]     Total Signals:     25
2026-03-02 07:54:29 [INFO]     Executed Trades:   3
2026-03-02 07:54:29 [INFO]     Bars Recorded:     25
2026-03-02 07:54:29 [INFO]     Date Range:        2026-03-02 → 2026-03-02
2026-03-02 07:54:29 [INFO] ============================================================
2026-03-02 07:54:29 [INFO] Warm-start: initializing via DataManager...
2026-03-02 07:54:29 [INFO] Loading warm-start cache from C:\Users\bwang\Documents\GitHub\CL_Analyst\data\processed\warm_start_cache_cid13.parquet
2026-03-02 07:54:29 [INFO] Cache loaded: 13808 bars, range 2025-12-17 23:50:00 → 2026-03-02 08:50:00
2026-03-02 07:54:29 [INFO] Front-month unchanged: CLJ6 — no rollover.
2026-03-02 07:54:29 [INFO] Backfill gap: 2026-03-02 08:50:00 → 2026-03-02 07:54:29.621408 (-0.9 hours)
2026-03-02 07:54:29 [INFO] Gap < 10 minutes — no backfill needed.
2026-03-02 07:54:29 [INFO] Master ledger loaded: 1221233 bars, range 2008-11-20 00:00:00 → 2026-03-02 08:50:00
2026-03-02 07:54:29 [INFO] Ledger gap < 10 minutes — no IBKR fetch needed.
2026-03-02 07:54:29 [INFO] Master ledger saved: 1221233 bars → C:\Users\bwang\Documents\GitHub\CL_Analyst\data\processed\cl_continuous_master.parquet
2026-03-02 07:54:29 [INFO] Mirrored cl_continuous_master.parquet → C:\CL_Analyst_Data\processed\cl_continuous_master.parquet
2026-03-02 07:54:29 [INFO] Roll metadata saved: front_month=CLJ6
2026-03-02 07:54:29 [INFO] Rolling window initialized: 13808 bars, latest=2026-03-02 08:50:00
2026-03-02 07:54:29 [INFO] Subscribing to live 5-min bars (Brain stream)...
2026-03-02 07:54:30 [INFO] Subscribed to continuous contract live bars
2026-03-02 07:54:30 [INFO] Subscribing to front-month bars (Hands stream: 202603)...
2026-03-02 07:54:30 [INFO] Subscribed to front-month live bars
2026-03-02 07:54:30 [INFO] Entering event loop (poll every 5.0s) ...
2026-03-02 07:54:30 [INFO] Press Ctrl+C to stop.
2026-03-02 07:55:04 [INFO] NEW BAR: 2026-03-02 15:55:00  O=71.46 H=71.47 L=71.45 C=71.47 V=24
2026-03-02 07:55:15 [INFO] [PNL] position=-2  unrealizedPnL=$55.26  entryPrice=71.42  mktPrice=71.47  SL=72.52  TP=70.10  ATR=0.4330  held=0 bars
2026-03-02 07:55:15 [INFO] INFERENCE [ManateeKoala_Conservative] BOTH: buy_prob=0.1847  sell_prob=0.7326  signal=Sell  action=HOLD  skip=POSITION_OPEN
2026-03-02 07:55:15 [INFO] >>> Sell signal TRIGGERED (prob=0.7326) but SKIPPED: already holding -2 contracts
2026-03-02 07:56:15 [INFO] updatePortfolio: PortfolioItem(contract=Future(conId=304037436, symbol='CL', lastTradeDateOrContractMonth='20260320', right='0', multiplier='1000', primaryExchange='NYMEX', currency='USD', localSymbol='CLJ6', tradingClass='CL'), position=-2.0, marketPrice=71.41999815, marketValue=-142840.0, averageCost=71417.63, unrealizedPNL=-4.74, realizedPNL=361.04, account='DU1899929')
2026-03-02 07:59:15 [INFO] updatePortfolio: PortfolioItem(contract=Future(conId=304037436, symbol='CL', lastTradeDateOrContractMonth='20260320', right='0', multiplier='1000', primaryExchange='NYMEX', currency='USD', localSymbol='CLJ6', tradingClass='CL'), position=-2.0, marketPrice=71.3199997, marketValue=-142640.0, averageCost=71417.63, unrealizedPNL=195.26, realizedPNL=361.04, account='DU1899929')
2026-03-02 08:00:04 [INFO] NEW BAR: 2026-03-02 16:00:00  O=71.25 H=71.26 L=71.24 C=71.25 V=49
2026-03-02 08:00:10 [INFO] [PNL] position=-2  unrealizedPnL=$195.26  entryPrice=71.42  mktPrice=71.25  SL=72.52  TP=70.10  ATR=0.4185  held=1 bars
2026-03-02 08:00:10 [INFO] INFERENCE [ManateeKoala_Conservative] BOTH: buy_prob=0.1966  sell_prob=0.8521  signal=Sell  action=HOLD  skip=POSITION_OPEN
2026-03-02 08:00:10 [INFO] >>> Sell signal TRIGGERED (prob=0.8521) but SKIPPED: already holding -2 contracts
2026-03-02 08:02:15 [INFO] updatePortfolio: PortfolioItem(contract=Future(conId=304037436, symbol='CL', lastTradeDateOrContractMonth='20260320', right='0', multiplier='1000', primaryExchange='NYMEX', currency='USD', localSymbol='CLJ6', tradingClass='CL'), position=-2.0, marketPrice=71.26999665, marketValue=-142539.99, averageCost=71417.63, unrealizedPNL=295.27, realizedPNL=361.04, account='DU1899929')
2026-03-02 08:05:04 [INFO] NEW BAR: 2026-03-02 16:05:00  O=71.00 H=71.00 L=70.96 C=70.98 V=77
2026-03-02 08:05:10 [INFO] [PNL] position=-2  unrealizedPnL=$295.27  entryPrice=71.42  mktPrice=70.98  SL=72.52  TP=70.10  ATR=0.4093  held=2 bars
2026-03-02 08:05:10 [INFO] INFERENCE [ManateeKoala_Conservative] BOTH: buy_prob=0.1881  sell_prob=0.7397  signal=Sell  action=HOLD  skip=POSITION_OPEN
2026-03-02 08:05:10 [INFO] >>> Sell signal TRIGGERED (prob=0.7397) but SKIPPED: already holding -2 contracts
2026-03-02 08:05:15 [INFO] updatePortfolio: PortfolioItem(contract=Future(conId=304037436, symbol='CL', lastTradeDateOrContractMonth='20260320', right='0', multiplier='1000', primaryExchange='NYMEX', currency='USD', localSymbol='CLJ6', tradingClass='CL'), position=-2.0, marketPrice=70.9300003, marketValue=-141860.0, averageCost=71417.63, unrealizedPNL=975.26, realizedPNL=361.04, account='DU1899929')
2026-03-02 08:08:15 [INFO] updatePortfolio: PortfolioItem(contract=Future(conId=304037436, symbol='CL', lastTradeDateOrContractMonth='20260320', right='0', multiplier='1000', primaryExchange='NYMEX', currency='USD', localSymbol='CLJ6', tradingClass='CL'), position=-2.0, marketPrice=70.90000155, marketValue=-141800.0, averageCost=71417.63, unrealizedPNL=1035.26, realizedPNL=361.04, account='DU1899929')
2026-03-02 08:10:05 [INFO] NEW BAR: 2026-03-02 16:10:00  O=70.90 H=70.90 L=70.88 C=70.88 V=33
2026-03-02 08:10:11 [INFO] [PNL] position=-2  unrealizedPnL=$1035.26  entryPrice=71.42  mktPrice=70.88  SL=72.52  TP=70.10  ATR=0.3872  held=3 bars
2026-03-02 08:10:11 [INFO] INFERENCE [ManateeKoala_Conservative] BOTH: buy_prob=0.2118  sell_prob=0.7794  signal=Sell  action=HOLD  skip=POSITION_OPEN
2026-03-02 08:10:11 [INFO] >>> Sell signal TRIGGERED (prob=0.7794) but SKIPPED: already holding -2 contracts
2026-03-02 08:11:15 [INFO] updatePortfolio: PortfolioItem(contract=Future(conId=304037436, symbol='CL', lastTradeDateOrContractMonth='20260320', right='0', multiplier='1000', primaryExchange='NYMEX', currency='USD', localSymbol='CLJ6', tradingClass='CL'), position=-2.0, marketPrice=70.9300003, marketValue=-141860.0, averageCost=71417.63, unrealizedPNL=975.26, realizedPNL=361.04, account='DU1899929')
2026-03-02 08:14:15 [INFO] updatePortfolio: PortfolioItem(contract=Future(conId=304037436, symbol='CL', lastTradeDateOrContractMonth='20260320', right='0', multiplier='1000', primaryExchange='NYMEX', currency='USD', localSymbol='CLJ6', tradingClass='CL'), position=-2.0, marketPrice=70.7799988, marketValue=-141560.0, averageCost=71417.63, unrealizedPNL=1275.26, realizedPNL=361.04, account='DU1899929')
2026-03-02 08:15:04 [INFO] NEW BAR: 2026-03-02 16:15:00  O=70.60 H=70.64 L=70.60 C=70.61 V=754
2026-03-02 08:15:10 [INFO] [PNL] position=-2  unrealizedPnL=$1275.26  entryPrice=71.42  mktPrice=70.61  SL=72.52  TP=70.10  ATR=0.3795  held=4 bars
2026-03-02 08:15:10 [INFO] INFERENCE [ManateeKoala_Conservative] BOTH: buy_prob=0.2074  sell_prob=0.9321  signal=Sell  action=HOLD  skip=POSITION_OPEN
2026-03-02 08:15:10 [INFO] >>> Sell signal TRIGGERED (prob=0.9321) but SKIPPED: already holding -2 contracts
2026-03-02 08:17:15 [INFO] updatePortfolio: PortfolioItem(contract=Future(conId=304037436, symbol='CL', lastTradeDateOrContractMonth='20260320', right='0', multiplier='1000', primaryExchange='NYMEX', currency='USD', localSymbol='CLJ6', tradingClass='CL'), position=-2.0, marketPrice=70.84999845, marketValue=-141700.0, averageCost=71417.63, unrealizedPNL=1135.26, realizedPNL=361.04, account='DU1899929')
2026-03-02 08:20:05 [INFO] NEW BAR: 2026-03-02 16:20:00  O=70.99 H=71.00 L=70.93 C=70.99 V=70
2026-03-02 08:20:10 [INFO] [PNL] position=-2  unrealizedPnL=$1135.26  entryPrice=71.42  mktPrice=70.99  SL=72.52  TP=70.10  ATR=0.3803  held=5 bars
2026-03-02 08:20:10 [INFO] INFERENCE [ManateeKoala_Conservative] BOTH: buy_prob=0.1937  sell_prob=0.7718  signal=Sell  action=HOLD  skip=POSITION_OPEN
2026-03-02 08:20:10 [INFO] >>> Sell signal TRIGGERED (prob=0.7718) but SKIPPED: already holding -2 contracts
2026-03-02 08:20:15 [INFO] updatePortfolio: PortfolioItem(contract=Future(conId=304037436, symbol='CL', lastTradeDateOrContractMonth='20260320', right='0', multiplier='1000', primaryExchange='NYMEX', currency='USD', localSymbol='CLJ6', tradingClass='CL'), position=-2.0, marketPrice=71.0699997, marketValue=-142140.0, averageCost=71417.63, unrealizedPNL=695.26, realizedPNL=361.04, account='DU1899929')
2026-03-02 08:23:15 [INFO] updatePortfolio: PortfolioItem(contract=Future(conId=304037436, symbol='CL', lastTradeDateOrContractMonth='20260320', right='0', multiplier='1000', primaryExchange='NYMEX', currency='USD', localSymbol='CLJ6', tradingClass='CL'), position=-2.0, marketPrice=71.2200012, marketValue=-142440.0, averageCost=71417.63, unrealizedPNL=395.26, realizedPNL=361.04, account='DU1899929')
2026-03-02 08:25:04 [INFO] NEW BAR: 2026-03-02 16:25:00  O=71.27 H=71.29 L=71.26 C=71.28 V=34
2026-03-02 08:25:10 [INFO] [PNL] position=-2  unrealizedPnL=$395.26  entryPrice=71.42  mktPrice=71.28  SL=72.52  TP=70.10  ATR=0.3746  held=6 bars
2026-03-02 08:25:10 [INFO] INFERENCE [ManateeKoala_Conservative] BOTH: buy_prob=0.1865  sell_prob=0.7395  signal=Sell  action=HOLD  skip=POSITION_OPEN
2026-03-02 08:25:10 [INFO] >>> Sell signal TRIGGERED (prob=0.7395) but SKIPPED: already holding -2 contracts
2026-03-02 08:26:15 [INFO] updatePortfolio: PortfolioItem(contract=Future(conId=304037436, symbol='CL', lastTradeDateOrContractMonth='20260320', right='0', multiplier='1000', primaryExchange='NYMEX', currency='USD', localSymbol='CLJ6', tradingClass='CL'), position=-2.0, marketPrice=71.2799988, marketValue=-142560.0, averageCost=71417.63, unrealizedPNL=275.26, realizedPNL=361.04, account='DU1899929')
2026-03-02 08:29:15 [INFO] updatePortfolio: PortfolioItem(contract=Future(conId=304037436, symbol='CL', lastTradeDateOrContractMonth='20260320', right='0', multiplier='1000', primaryExchange='NYMEX', currency='USD', localSymbol='CLJ6', tradingClass='CL'), position=-2.0, marketPrice=71.33000185, marketValue=-142660.0, averageCost=71417.63, unrealizedPNL=175.26, realizedPNL=361.04, account='DU1899929')
2026-03-02 08:30:04 [INFO] NEW BAR: 2026-03-02 16:30:00  O=71.11 H=71.15 L=71.10 C=71.15 V=124
2026-03-02 08:30:10 [INFO] [PNL] position=-2  unrealizedPnL=$175.26  entryPrice=71.42  mktPrice=71.15  SL=72.52  TP=70.10  ATR=0.3607  held=7 bars
2026-03-02 08:30:10 [INFO] INFERENCE [ManateeKoala_Conservative] BOTH: buy_prob=0.1856  sell_prob=0.7902  signal=Sell  action=HOLD  skip=POSITION_OPEN
2026-03-02 08:30:10 [INFO] >>> Sell signal TRIGGERED (prob=0.7902) but SKIPPED: already holding -2 contracts
2026-03-02 08:32:15 [INFO] updatePortfolio: PortfolioItem(contract=Future(conId=304037436, symbol='CL', lastTradeDateOrContractMonth='20260320', right='0', multiplier='1000', primaryExchange='NYMEX', currency='USD', localSymbol='CLJ6', tradingClass='CL'), position=-2.0, marketPrice=71.16999815, marketValue=-142340.0, averageCost=71417.63, unrealizedPNL=495.26, realizedPNL=361.04, account='DU1899929')
2026-03-02 08:35:05 [INFO] NEW BAR: 2026-03-02 16:35:00  O=71.07 H=71.13 L=71.06 C=71.09 V=189
2026-03-02 08:35:11 [INFO] [PNL] position=-2  unrealizedPnL=$495.26  entryPrice=71.42  mktPrice=71.09  SL=72.52  TP=70.10  ATR=0.3413  held=8 bars
2026-03-02 08:35:11 [INFO] INFERENCE [ManateeKoala_Conservative] BOTH: buy_prob=0.1838  sell_prob=0.8248  signal=Sell  action=HOLD  skip=POSITION_OPEN
2026-03-02 08:35:11 [INFO] >>> Sell signal TRIGGERED (prob=0.8248) but SKIPPED: already holding -2 contracts
2026-03-02 08:35:15 [INFO] updatePortfolio: PortfolioItem(contract=Future(conId=304037436, symbol='CL', lastTradeDateOrContractMonth='20260320', right='0', multiplier='1000', primaryExchange='NYMEX', currency='USD', localSymbol='CLJ6', tradingClass='CL'), position=-2.0, marketPrice=71.09999845, marketValue=-142200.0, averageCost=71417.63, unrealizedPNL=635.26, realizedPNL=361.04, account='DU1899929')
2026-03-02 08:38:15 [INFO] updatePortfolio: PortfolioItem(contract=Future(conId=304037436, symbol='CL', lastTradeDateOrContractMonth='20260320', right='0', multiplier='1000', primaryExchange='NYMEX', currency='USD', localSymbol='CLJ6', tradingClass='CL'), position=-2.0, marketPrice=71.08999635, marketValue=-142179.99, averageCost=71417.63, unrealizedPNL=655.27, realizedPNL=361.04, account='DU1899929')
2026-03-02 08:40:05 [INFO] NEW BAR: 2026-03-02 16:40:00  O=71.11 H=71.12 L=71.10 C=71.10 V=24
2026-03-02 08:40:10 [INFO] [PNL] position=-2  unrealizedPnL=$655.27  entryPrice=71.42  mktPrice=71.10  SL=72.52  TP=70.10  ATR=0.3191  held=9 bars
2026-03-02 08:40:11 [INFO] INFERENCE [ManateeKoala_Conservative] BOTH: buy_prob=0.2050  sell_prob=0.7826  signal=Sell  action=HOLD  skip=POSITION_OPEN
2026-03-02 08:40:11 [INFO] >>> Sell signal TRIGGERED (prob=0.7826) but SKIPPED: already holding -2 contracts
2026-03-02 08:41:15 [INFO] updatePortfolio: PortfolioItem(contract=Future(conId=304037436, symbol='CL', lastTradeDateOrContractMonth='20260320', right='0', multiplier='1000', primaryExchange='NYMEX', currency='USD', localSymbol='CLJ6', tradingClass='CL'), position=-2.0, marketPrice=71.19999695, marketValue=-142399.99, averageCost=71417.63, unrealizedPNL=435.27, realizedPNL=361.04, account='DU1899929')
2026-03-02 08:44:15 [INFO] updatePortfolio: PortfolioItem(contract=Future(conId=304037436, symbol='CL', lastTradeDateOrContractMonth='20260320', right='0', multiplier='1000', primaryExchange='NYMEX', currency='USD', localSymbol='CLJ6', tradingClass='CL'), position=-2.0, marketPrice=71.2799988, marketValue=-142560.0, averageCost=71417.63, unrealizedPNL=275.26, realizedPNL=361.04, account='DU1899929')
2026-03-02 08:45:05 [INFO] NEW BAR: 2026-03-02 16:45:00  O=71.29 H=71.29 L=71.24 C=71.25 V=70
2026-03-02 08:45:10 [INFO] [PNL] position=-2  unrealizedPnL=$275.26  entryPrice=71.42  mktPrice=71.25  SL=72.52  TP=70.10  ATR=0.3099  held=10 bars
2026-03-02 08:45:10 [INFO] INFERENCE [ManateeKoala_Conservative] BOTH: buy_prob=0.1946  sell_prob=0.9576  signal=Sell  action=HOLD  skip=POSITION_OPEN
2026-03-02 08:45:10 [INFO] >>> Sell signal TRIGGERED (prob=0.9576) but SKIPPED: already holding -2 contracts
2026-03-02 08:47:15 [INFO] updatePortfolio: PortfolioItem(contract=Future(conId=304037436, symbol='CL', lastTradeDateOrContractMonth='20260320', right='0', multiplier='1000', primaryExchange='NYMEX', currency='USD', localSymbol='CLJ6', tradingClass='CL'), position=-2.0, marketPrice=70.76999665, marketValue=-141539.99, averageCost=71417.63, unrealizedPNL=1295.27, realizedPNL=361.04, account='DU1899929')
2026-03-02 08:49:11 [INFO] orderStatus: Trade(contract=Future(conId=304037436, symbol='CL', lastTradeDateOrContractMonth='20260320', right='?', multiplier='1000', exchange='NYMEX', currency='USD', localSymbol='CLJ6', tradingClass='CL'), order=Order(orderId=23, clientId=13, permId=1360352002, action='BUY', totalQuantity=2.0, orderType='STP', lmtPrice=0.0, auxPrice=72.52, tif='GTC', ocaGroup='1360352000', ocaType=3, parentId=21, displaySize=2147483647, triggerMethod=1, outsideRth=True, trailStopPrice=72.52, openClose='', volatilityType=0, deltaNeutralOrderType='None', referencePriceType=0, account='DU1899929', clearingIntent='IB', adjustedOrderType='None', cashQty=0.0, dontUseAutoPriceForHedge=True), orderStatus=OrderStatus(orderId=23, status='Cancelled', filled=0.0, remaining=2.0, avgFillPrice=0.0, permId=1360352002, parentId=21, lastFillPrice=0.0, clientId=13, whyHeld='', mktCapPrice=0.0), fills=[], log=[TradeLogEntry(time=datetime.datetime(2026, 3, 2, 15, 54, 28, 905933, tzinfo=datetime.timezone.utc), status='PreSubmitted', message='', errorCode=0), TradeLogEntry(time=datetime.datetime(2026, 3, 2, 16, 49, 11, 708375, tzinfo=datetime.timezone.utc), status='Cancelled', message='', errorCode=0)], advancedError='')
2026-03-02 08:49:11 [INFO] Warning 202, reqId 23: Order Canceled - reason:
2026-03-02 08:49:11 [INFO] Warning 202, reqId 23: Order Canceled - reason:
2026-03-02 08:49:11 [INFO] position: Position(account='DU1899929', contract=Future(conId=304037436, symbol='CL', lastTradeDateOrContractMonth='20260320', multiplier='1000', currency='USD', localSymbol='CLJ6', tradingClass='CL'), position=0.0, avgCost=0.0)
2026-03-02 08:49:11 [INFO] execDetails Execution(execId='0000e1a7.69a6327e.01.01', time=datetime.datetime(2026, 3, 3, 0, 49, 12, tzinfo=datetime.timezone.utc), acctNumber='DU1899929', exchange='NYMEX', side='BOT', shares=2.0, price=70.1, permId=1360352001, clientId=13, orderId=22, liquidation=0, cumQty=2.0, avgPrice=70.1, orderRef='', evRule='', evMultiplier=0.0, modelCode='', lastLiquidity=1)
2026-03-02 08:49:11 [INFO] execDetails: Fill(contract=Future(conId=304037436, symbol='CL', lastTradeDateOrContractMonth='20260320', right='?', multiplier='1000', exchange='NYMEX', currency='USD', localSymbol='CLJ6', tradingClass='CL'), execution=Execution(execId='0000e1a7.69a6327e.01.01', time=datetime.datetime(2026, 3, 3, 0, 49, 12, tzinfo=datetime.timezone.utc), acctNumber='DU1899929', exchange='NYMEX', side='BOT', shares=2.0, price=70.1, permId=1360352001, clientId=13, orderId=22, liquidation=0, cumQty=2.0, avgPrice=70.1, orderRef='', evRule='', evMultiplier=0.0, modelCode='', lastLiquidity=1), commissionReport=CommissionReport(execId='', commission=0.0, currency='', realizedPNL=0.0, yield_=0.0, yieldRedemptionDate=0), time=datetime.datetime(2026, 3, 2, 16, 49, 11, 713018, tzinfo=datetime.timezone.utc))
2026-03-02 08:49:11 [INFO] [TRADE] FILL: BOT 2 CLJ6 @ 70.10 (execId=0000e1a7.69a6327e.01.01)
2026-03-02 08:49:11 [INFO] orderStatus: Trade(contract=Future(conId=304037436, symbol='CL', lastTradeDateOrContractMonth='20260320', right='?', multiplier='1000', exchange='NYMEX', currency='USD', localSymbol='CLJ6', tradingClass='CL'), order=Order(orderId=22, clientId=13, permId=1360352001, action='BUY', totalQuantity=2.0, orderType='LMT', lmtPrice=70.1, auxPrice=0.0, tif='GTC', ocaGroup='1360352000', ocaType=3, parentId=21, displaySize=2147483647, trailStopPrice=71.1, openClose='', volatilityType=0, deltaNeutralOrderType='None', referencePriceType=0, account='DU1899929', clearingIntent='IB', adjustedOrderType='None', cashQty=0.0, dontUseAutoPriceForHedge=True), orderStatus=OrderStatus(orderId=22, status='Filled', filled=2.0, remaining=0.0, avgFillPrice=70.1, permId=1360352001, parentId=21, lastFillPrice=70.1, clientId=13, whyHeld='', mktCapPrice=0.0), fills=[Fill(contract=Future(conId=304037436, symbol='CL', lastTradeDateOrContractMonth='20260320', right='?', multiplier='1000', exchange='NYMEX', currency='USD', localSymbol='CLJ6', tradingClass='CL'), execution=Execution(execId='0000e1a7.69a6327e.01.01', time=datetime.datetime(2026, 3, 3, 0, 49, 12, tzinfo=datetime.timezone.utc), acctNumber='DU1899929', exchange='NYMEX', side='BOT', shares=2.0, price=70.1, permId=1360352001, clientId=13, orderId=22, liquidation=0, cumQty=2.0, avgPrice=70.1, orderRef='', evRule='', evMultiplier=0.0, modelCode='', lastLiquidity=1), commissionReport=CommissionReport(execId='', commission=0.0, currency='', realizedPNL=0.0, yield_=0.0, yieldRedemptionDate=0), time=datetime.datetime(2026, 3, 2, 16, 49, 11, 713018, tzinfo=datetime.timezone.utc))], log=[TradeLogEntry(time=datetime.datetime(2026, 3, 2, 15, 54, 28, 902806, tzinfo=datetime.timezone.utc), status='Submitted', message='', errorCode=0), TradeLogEntry(time=datetime.datetime(2026, 3, 2, 16, 49, 11, 713018, tzinfo=datetime.timezone.utc), status='Submitted', message='Fill 2.0@70.1', errorCode=0), TradeLogEntry(time=datetime.datetime(2026, 3, 2, 16, 49, 11, 714527, tzinfo=datetime.timezone.utc), status='Filled', message='', errorCode=0)], advancedError='')
2026-03-02 08:49:11 [INFO] [TRADE] EXIT: BUY 2 CLJ6 @ 70.10 (TP HIT)
2026-03-02 08:49:11 [INFO] commissionReport: CommissionReport(execId='0000e1a7.69a6327e.01.01', commission=4.74, currency='USD', realizedPNL=2630.52, yield_=0.0, yieldRedemptionDate=0)
2026-03-02 08:49:11 [INFO] position: Position(account='DU1899929', contract=Future(conId=304037436, symbol='CL', lastTradeDateOrContractMonth='20260320', multiplier='1000', currency='USD', localSymbol='CLJ6', tradingClass='CL'), position=0.0, avgCost=0.0)
2026-03-02 08:49:11 [INFO] position: Position(account='DU1899929', contract=Future(conId=304037436, symbol='CL', lastTradeDateOrContractMonth='20260320', multiplier='1000', currency='USD', localSymbol='CLJ6', tradingClass='CL'), position=0.0, avgCost=0.0)
2026-03-02 08:49:12 [INFO] updatePortfolio: PortfolioItem(contract=Future(conId=304037436, symbol='CL', lastTradeDateOrContractMonth='20260320', right='0', multiplier='1000', primaryExchange='NYMEX', currency='USD', localSymbol='CLJ6', tradingClass='CL'), position=0.0, marketPrice=70.1399994, marketValue=0.0, averageCost=0.0, unrealizedPNL=0.0, realizedPNL=2991.56, account='DU1899929')
2026-03-02 08:50:04 [INFO] NEW BAR: 2026-03-02 16:50:00  O=70.51 H=70.59 L=70.51 C=70.59 V=77
2026-03-02 08:50:04 [INFO] Cache saved: 13820 bars → C:\Users\bwang\Documents\GitHub\CL_Analyst\data\processed\warm_start_cache_cid13.parquet
2026-03-02 08:50:04 [INFO] Mirrored warm_start_cache_cid13.parquet → C:\CL_Analyst_Data\processed\warm_start_cache_cid13.parquet
2026-03-02 08:50:10 [INFO] INFERENCE [ManateeKoala_Conservative] BOTH: buy_prob=0.2172  sell_prob=0.9011  signal=Sell  action=SELL
2026-03-02 08:50:10 [INFO] BRACKET: price=70.59  TP=69.57  SL=71.44  lots=3  ATR=0.3406
2026-03-02 08:50:10 [INFO] Entry mode: MARKETABLE_LIMIT SELL (price=70.59, limit=70.57, buffer=0.02)
2026-03-02 08:50:10 [INFO] placeOrder: New order Trade(contract=Contract(secType='FUT', conId=304037436, symbol='CL', lastTradeDateOrContractMonth='20260320', multiplier='1000', exchange='NYMEX', currency='USD', localSymbol='CLJ6', tradingClass='CL'), order=LimitOrder(orderId=31, clientId=13, action='SELL', totalQuantity=3, lmtPrice=70.57, tif='GTC', transmit=False, outsideRth=True), orderStatus=OrderStatus(orderId=31, status='PendingSubmit', filled=0.0, remaining=0.0, avgFillPrice=0.0, permId=0, parentId=0, lastFillPrice=0.0, clientId=0, whyHeld='', mktCapPrice=0.0), fills=[], log=[TradeLogEntry(time=datetime.datetime(2026, 3, 2, 16, 50, 10, 466679, tzinfo=datetime.timezone.utc), status='PendingSubmit', message='', errorCode=0)], advancedError='')
2026-03-02 08:50:10 [INFO] placeOrder: New order Trade(contract=Contract(secType='FUT', conId=304037436, symbol='CL', lastTradeDateOrContractMonth='20260320', multiplier='1000', exchange='NYMEX', currency='USD', localSymbol='CLJ6', tradingClass='CL'), order=LimitOrder(orderId=32, clientId=13, action='BUY', totalQuantity=3, lmtPrice=69.57, tif='GTC', transmit=False, parentId=31, outsideRth=True), orderStatus=OrderStatus(orderId=32, status='PendingSubmit', filled=0.0, remaining=0.0, avgFillPrice=0.0, permId=0, parentId=0, lastFillPrice=0.0, clientId=0, whyHeld='', mktCapPrice=0.0), fills=[], log=[TradeLogEntry(time=datetime.datetime(2026, 3, 2, 16, 50, 10, 467682, tzinfo=datetime.timezone.utc), status='PendingSubmit', message='', errorCode=0)], advancedError='')
2026-03-02 08:50:10 [INFO] placeOrder: New order Trade(contract=Contract(secType='FUT', conId=304037436, symbol='CL', lastTradeDateOrContractMonth='20260320', multiplier='1000', exchange='NYMEX', currency='USD', localSymbol='CLJ6', tradingClass='CL'), order=StopOrder(orderId=33, clientId=13, action='BUY', totalQuantity=3, auxPrice=71.44, tif='GTC', parentId=31, triggerMethod=1, outsideRth=True), orderStatus=OrderStatus(orderId=33, status='PendingSubmit', filled=0.0, remaining=0.0, avgFillPrice=0.0, permId=0, parentId=0, lastFillPrice=0.0, clientId=0, whyHeld='', mktCapPrice=0.0), fills=[], log=[TradeLogEntry(time=datetime.datetime(2026, 3, 2, 16, 50, 10, 467682, tzinfo=datetime.timezone.utc), status='PendingSubmit', message='', errorCode=0)], advancedError='')
2026-03-02 08:50:10 [INFO] [TRADE] ENTRY: SELL 3 CLJ6 @ LMT  TP=69.57  SL=71.44  (prob=0.90, orderId=31)
2026-03-02 08:50:10 [INFO] Warning 2109, reqId 31: Order Event Warning:Attribute 'Outside Regular Trading Hours' is ignored based on the order type and destination. PlaceOrder is now being processed.
2026-03-02 08:50:10 [INFO] Warning 2109, reqId 32: Order Event Warning:Attribute 'Outside Regular Trading Hours' is ignored based on the order type and destination. PlaceOrder is now being processed.
2026-03-02 08:50:10 [INFO] orderStatus: Trade(contract=Contract(secType='FUT', conId=304037436, symbol='CL', lastTradeDateOrContractMonth='20260320', multiplier='1000', exchange='NYMEX', currency='USD', localSymbol='CLJ6', tradingClass='CL'), order=LimitOrder(orderId=32, clientId=13, permId=1360352028, action='BUY', totalQuantity=3.0, lmtPrice=69.57, auxPrice=0.0, tif='GTC', transmit=False, parentId=31, outsideRth=True), orderStatus=OrderStatus(orderId=32, status='PreSubmitted', filled=0.0, remaining=3.0, avgFillPrice=0.0, permId=1360352028, parentId=31, lastFillPrice=0.0, clientId=13, whyHeld='child', mktCapPrice=0.0), fills=[], log=[TradeLogEntry(time=datetime.datetime(2026, 3, 2, 16, 50, 10, 467682, tzinfo=datetime.timezone.utc), status='PendingSubmit', message='', errorCode=0), TradeLogEntry(time=datetime.datetime(2026, 3, 2, 16, 50, 10, 679550, tzinfo=datetime.timezone.utc), status='PreSubmitted', message='', errorCode=0)], advancedError='')
2026-03-02 08:50:10 [INFO] orderStatus: Trade(contract=Contract(secType='FUT', conId=304037436, symbol='CL', lastTradeDateOrContractMonth='20260320', multiplier='1000', exchange='NYMEX', currency='USD', localSymbol='CLJ6', tradingClass='CL'), order=StopOrder(orderId=33, clientId=13, permId=1360352029, action='BUY', totalQuantity=3.0, lmtPrice=0.0, auxPrice=71.44, tif='GTC', parentId=31, triggerMethod=1, outsideRth=True), orderStatus=OrderStatus(orderId=33, status='PreSubmitted', filled=0.0, remaining=3.0, avgFillPrice=0.0, permId=1360352029, parentId=31, lastFillPrice=0.0, clientId=13, whyHeld='child,trigger', mktCapPrice=0.0), fills=[], log=[TradeLogEntry(time=datetime.datetime(2026, 3, 2, 16, 50, 10, 467682, tzinfo=datetime.timezone.utc), status='PendingSubmit', message='', errorCode=0), TradeLogEntry(time=datetime.datetime(2026, 3, 2, 16, 50, 10, 682966, tzinfo=datetime.timezone.utc), status='PreSubmitted', message='', errorCode=0)], advancedError='')
2026-03-02 08:50:10 [INFO] orderStatus: Trade(contract=Contract(secType='FUT', conId=304037436, symbol='CL', lastTradeDateOrContractMonth='20260320', multiplier='1000', exchange='NYMEX', currency='USD', localSymbol='CLJ6', tradingClass='CL'), order=LimitOrder(orderId=31, clientId=13, permId=1360352027, action='SELL', totalQuantity=3.0, lmtPrice=70.57, auxPrice=0.0, tif='GTC', transmit=False, outsideRth=True), orderStatus=OrderStatus(orderId=31, status='PreSubmitted', filled=0.0, remaining=3.0, avgFillPrice=0.0, permId=1360352027, parentId=0, lastFillPrice=0.0, clientId=13, whyHeld='', mktCapPrice=0.0), fills=[], log=[TradeLogEntry(time=datetime.datetime(2026, 3, 2, 16, 50, 10, 466679, tzinfo=datetime.timezone.utc), status='PendingSubmit', message='', errorCode=0), TradeLogEntry(time=datetime.datetime(2026, 3, 2, 16, 50, 10, 685074, tzinfo=datetime.timezone.utc), status='PreSubmitted', message='', errorCode=0)], advancedError='')
2026-03-02 08:50:10 [INFO] position: Position(account='DU1899929', contract=Future(conId=304037436, symbol='CL', lastTradeDateOrContractMonth='20260320', multiplier='1000', currency='USD', localSymbol='CLJ6', tradingClass='CL'), position=-3.0, avgCost=70620.0)
2026-03-02 08:50:10 [INFO] execDetails Execution(execId='0000e1a7.69a632d0.01.01', time=datetime.datetime(2026, 3, 3, 0, 50, 11, tzinfo=datetime.timezone.utc), acctNumber='DU1899929', exchange='NYMEX', side='SLD', shares=3.0, price=70.62, permId=1360352027, clientId=13, orderId=31, liquidation=0, cumQty=3.0, avgPrice=70.62, orderRef='', evRule='', evMultiplier=0.0, modelCode='', lastLiquidity=1)
2026-03-02 08:50:10 [INFO] execDetails: Fill(contract=Contract(secType='FUT', conId=304037436, symbol='CL', lastTradeDateOrContractMonth='20260320', multiplier='1000', exchange='NYMEX', currency='USD', localSymbol='CLJ6', tradingClass='CL'), execution=Execution(execId='0000e1a7.69a632d0.01.01', time=datetime.datetime(2026, 3, 3, 0, 50, 11, tzinfo=datetime.timezone.utc), acctNumber='DU1899929', exchange='NYMEX', side='SLD', shares=3.0, price=70.62, permId=1360352027, clientId=13, orderId=31, liquidation=0, cumQty=3.0, avgPrice=70.62, orderRef='', evRule='', evMultiplier=0.0, modelCode='', lastLiquidity=1), commissionReport=CommissionReport(execId='', commission=0.0, currency='', realizedPNL=0.0, yield_=0.0, yieldRedemptionDate=0), time=datetime.datetime(2026, 3, 2, 16, 50, 10, 688377, tzinfo=datetime.timezone.utc))
2026-03-02 08:50:10 [INFO] [TRADE] FILL: SLD 3 CLJ6 @ 70.62 (execId=0000e1a7.69a632d0.01.01)
2026-03-02 08:50:10 [INFO] orderStatus: Trade(contract=Contract(secType='FUT', conId=304037436, symbol='CL', lastTradeDateOrContractMonth='20260320', multiplier='1000', exchange='NYMEX', currency='USD', localSymbol='CLJ6', tradingClass='CL'), order=LimitOrder(orderId=31, clientId=13, permId=1360352027, action='SELL', totalQuantity=3.0, lmtPrice=70.57, auxPrice=0.0, tif='GTC', transmit=False, outsideRth=True), orderStatus=OrderStatus(orderId=31, status='Filled', filled=3.0, remaining=0.0, avgFillPrice=70.62, permId=1360352027, parentId=0, lastFillPrice=70.62, clientId=13, whyHeld='', mktCapPrice=0.0), fills=[Fill(contract=Contract(secType='FUT', conId=304037436, symbol='CL', lastTradeDateOrContractMonth='20260320', multiplier='1000', exchange='NYMEX', currency='USD', localSymbol='CLJ6', tradingClass='CL'), execution=Execution(execId='0000e1a7.69a632d0.01.01', time=datetime.datetime(2026, 3, 3, 0, 50, 11, tzinfo=datetime.timezone.utc), acctNumber='DU1899929', exchange='NYMEX', side='SLD', shares=3.0, price=70.62, permId=1360352027, clientId=13, orderId=31, liquidation=0, cumQty=3.0, avgPrice=70.62, orderRef='', evRule='', evMultiplier=0.0, modelCode='', lastLiquidity=1), commissionReport=CommissionReport(execId='', commission=0.0, currency='', realizedPNL=0.0, yield_=0.0, yieldRedemptionDate=0), time=datetime.datetime(2026, 3, 2, 16, 50, 10, 688377, tzinfo=datetime.timezone.utc))], log=[TradeLogEntry(time=datetime.datetime(2026, 3, 2, 16, 50, 10, 466679, tzinfo=datetime.timezone.utc), status='PendingSubmit', message='', errorCode=0), TradeLogEntry(time=datetime.datetime(2026, 3, 2, 16, 50, 10, 685074, tzinfo=datetime.timezone.utc), status='PreSubmitted', message='', errorCode=0), TradeLogEntry(time=datetime.datetime(2026, 3, 2, 16, 50, 10, 688377, tzinfo=datetime.timezone.utc), status='PreSubmitted', message='Fill 3.0@70.62', errorCode=0), TradeLogEntry(time=datetime.datetime(2026, 3, 2, 16, 50, 10, 691313, tzinfo=datetime.timezone.utc), status='Filled', message='', errorCode=0)], advancedError='')
2026-03-02 08:50:10 [INFO] [TRADE] FILLED: SELL 3 CLJ6 @ 70.62
2026-03-02 08:50:10 [INFO] commissionReport: CommissionReport(execId='0000e1a7.69a632d0.01.01', commission=7.11, currency='USD', realizedPNL=0.0, yield_=0.0, yieldRedemptionDate=0)
2026-03-02 08:50:10 [INFO] position: Position(account='DU1899929', contract=Future(conId=304037436, symbol='CL', lastTradeDateOrContractMonth='20260320', multiplier='1000', currency='USD', localSymbol='CLJ6', tradingClass='CL'), position=-3.0, avgCost=70617.63)
2026-03-02 08:50:10 [INFO] orderStatus: Trade(contract=Contract(secType='FUT', conId=304037436, symbol='CL', lastTradeDateOrContractMonth='20260320', multiplier='1000', exchange='NYMEX', currency='USD', localSymbol='CLJ6', tradingClass='CL'), order=LimitOrder(orderId=32, clientId=13, permId=1360352028, action='BUY', totalQuantity=3.0, lmtPrice=69.57, auxPrice=0.0, tif='GTC', transmit=False, parentId=31, outsideRth=True), orderStatus=OrderStatus(orderId=32, status='PreSubmitted', filled=0.0, remaining=3.0, avgFillPrice=0.0, permId=1360352028, parentId=31, lastFillPrice=0.0, clientId=13, whyHeld='', mktCapPrice=0.0), fills=[], log=[TradeLogEntry(time=datetime.datetime(2026, 3, 2, 16, 50, 10, 467682, tzinfo=datetime.timezone.utc), status='PendingSubmit', message='', errorCode=0), TradeLogEntry(time=datetime.datetime(2026, 3, 2, 16, 50, 10, 679550, tzinfo=datetime.timezone.utc), status='PreSubmitted', message='', errorCode=0), TradeLogEntry(time=datetime.datetime(2026, 3, 2, 16, 50, 10, 693998, tzinfo=datetime.timezone.utc), status='PreSubmitted', message='', errorCode=0)], advancedError='')
2026-03-02 08:50:10 [INFO] orderStatus: Trade(contract=Contract(secType='FUT', conId=304037436, symbol='CL', lastTradeDateOrContractMonth='20260320', multiplier='1000', exchange='NYMEX', currency='USD', localSymbol='CLJ6', tradingClass='CL'), order=StopOrder(orderId=33, clientId=13, permId=1360352029, action='BUY', totalQuantity=3.0, lmtPrice=0.0, auxPrice=71.44, tif='GTC', parentId=31, triggerMethod=1, outsideRth=True), orderStatus=OrderStatus(orderId=33, status='PreSubmitted', filled=0.0, remaining=3.0, avgFillPrice=0.0, permId=1360352029, parentId=31, lastFillPrice=0.0, clientId=13, whyHeld='trigger', mktCapPrice=0.0), fills=[], log=[TradeLogEntry(time=datetime.datetime(2026, 3, 2, 16, 50, 10, 467682, tzinfo=datetime.timezone.utc), status='PendingSubmit', message='', errorCode=0), TradeLogEntry(time=datetime.datetime(2026, 3, 2, 16, 50, 10, 682966, tzinfo=datetime.timezone.utc), status='PreSubmitted', message='', errorCode=0), TradeLogEntry(time=datetime.datetime(2026, 3, 2, 16, 50, 10, 693998, tzinfo=datetime.timezone.utc), status='PreSubmitted', message='', errorCode=0)], advancedError='')
2026-03-02 08:50:10 [INFO] orderStatus: Trade(contract=Contract(secType='FUT', conId=304037436, symbol='CL', lastTradeDateOrContractMonth='20260320', multiplier='1000', exchange='NYMEX', currency='USD', localSymbol='CLJ6', tradingClass='CL'), order=LimitOrder(orderId=32, clientId=13, permId=1360352028, action='BUY', totalQuantity=3.0, lmtPrice=69.57, auxPrice=0.0, tif='GTC', transmit=False, parentId=31, outsideRth=True), orderStatus=OrderStatus(orderId=32, status='Submitted', filled=0.0, remaining=3.0, avgFillPrice=0.0, permId=1360352028, parentId=31, lastFillPrice=0.0, clientId=13, whyHeld='', mktCapPrice=0.0), fills=[], log=[TradeLogEntry(time=datetime.datetime(2026, 3, 2, 16, 50, 10, 467682, tzinfo=datetime.timezone.utc), status='PendingSubmit', message='', errorCode=0), TradeLogEntry(time=datetime.datetime(2026, 3, 2, 16, 50, 10, 679550, tzinfo=datetime.timezone.utc), status='PreSubmitted', message='', errorCode=0), TradeLogEntry(time=datetime.datetime(2026, 3, 2, 16, 50, 10, 693998, tzinfo=datetime.timezone.utc), status='PreSubmitted', message='', errorCode=0), TradeLogEntry(time=datetime.datetime(2026, 3, 2, 16, 50, 10, 696507, tzinfo=datetime.timezone.utc), status='Submitted', message='', errorCode=0)], advancedError='')
2026-03-02 08:50:11 [INFO] updatePortfolio: PortfolioItem(contract=Future(conId=304037436, symbol='CL', lastTradeDateOrContractMonth='20260320', right='0', multiplier='1000', primaryExchange='NYMEX', currency='USD', localSymbol='CLJ6', tradingClass='CL'), position=-3.0, marketPrice=70.62000275, marketValue=-211860.01, averageCost=70617.63, unrealizedPNL=-7.12, realizedPNL=2991.56, account='DU1899929')
2026-03-02 08:53:11 [INFO] updatePortfolio: PortfolioItem(contract=Future(conId=304037436, symbol='CL', lastTradeDateOrContractMonth='20260320', right='0', multiplier='1000', primaryExchange='NYMEX', currency='USD', localSymbol='CLJ6', tradingClass='CL'), position=-3.0, marketPrice=70.66999815, marketValue=-212009.99, averageCost=70617.63, unrealizedPNL=-157.1, realizedPNL=2991.56, account='DU1899929')
2026-03-02 08:55:03 [INFO] position: Position(account='DU1899929', contract=Future(conId=304037436, symbol='CL', lastTradeDateOrContractMonth='20260320', multiplier='1000', currency='USD', localSymbol='CLJ6', tradingClass='CL'), position=-3.0, avgCost=70617.63)
2026-03-02 08:55:04 [INFO] NEW BAR: 2026-03-02 16:55:00  O=70.79 H=70.85 L=70.77 C=70.85 V=175
2026-03-02 08:55:10 [INFO] [PNL] position=-3  unrealizedPnL=$-157.10  entryPrice=70.62  mktPrice=70.85  SL=71.44  TP=69.57  ATR=0.3348  held=1 bars
2026-03-02 08:55:10 [INFO] INFERENCE [ManateeKoala_Conservative] BOTH: buy_prob=0.1910  sell_prob=0.9937  signal=Sell  action=HOLD  skip=POSITION_OPEN
2026-03-02 08:55:10 [INFO] >>> Sell signal TRIGGERED (prob=0.9937) but SKIPPED: already holding -3 contracts
2026-03-02 08:56:11 [INFO] updatePortfolio: PortfolioItem(contract=Future(conId=304037436, symbol='CL', lastTradeDateOrContractMonth='20260320', right='0', multiplier='1000', primaryExchange='NYMEX', currency='USD', localSymbol='CLJ6', tradingClass='CL'), position=-3.0, marketPrice=70.82227325, marketValue=-212466.82, averageCost=70617.63, unrealizedPNL=-613.93, realizedPNL=2991.56, account='DU1899929')
2026-03-02 08:59:11 [INFO] updatePortfolio: PortfolioItem(contract=Future(conId=304037436, symbol='CL', lastTradeDateOrContractMonth='20260320', right='0', multiplier='1000', primaryExchange='NYMEX', currency='USD', localSymbol='CLJ6', tradingClass='CL'), position=-3.0, marketPrice=70.91000365, marketValue=-212730.01, averageCost=70617.63, unrealizedPNL=-877.12, realizedPNL=2991.56, account='DU1899929')
2026-03-02 09:00:05 [INFO] NEW BAR: 2026-03-02 17:00:00  O=70.88 H=70.89 L=70.79 C=70.79 V=90
2026-03-02 09:00:11 [INFO] [PNL] position=-3  unrealizedPnL=$-877.12  entryPrice=70.62  mktPrice=70.79  SL=71.44  TP=69.57  ATR=0.3181  held=2 bars
2026-03-02 09:00:11 [INFO] INFERENCE [ManateeKoala_Conservative] BOTH: buy_prob=0.2101  sell_prob=0.9733  signal=Sell  action=HOLD  skip=POSITION_OPEN
2026-03-02 09:00:11 [INFO] >>> Sell signal TRIGGERED (prob=0.9733) but SKIPPED: already holding -3 contracts
2026-03-02 09:02:11 [INFO] updatePortfolio: PortfolioItem(contract=Future(conId=304037436, symbol='CL', lastTradeDateOrContractMonth='20260320', right='0', multiplier='1000', primaryExchange='NYMEX', currency='USD', localSymbol='CLJ6', tradingClass='CL'), position=-3.0, marketPrice=70.65000155, marketValue=-211950.0, averageCost=70617.63, unrealizedPNL=-97.11, realizedPNL=2991.56, account='DU1899929')
2026-03-02 09:05:04 [INFO] NEW BAR: 2026-03-02 17:05:00  O=70.75 H=70.75 L=70.69 C=70.72 V=47
2026-03-02 09:05:10 [INFO] [PNL] position=-3  unrealizedPnL=$-97.11  entryPrice=70.62  mktPrice=70.72  SL=71.44  TP=69.57  ATR=0.3025  held=3 bars
2026-03-02 09:05:10 [INFO] INFERENCE [ManateeKoala_Conservative] BOTH: buy_prob=0.2109  sell_prob=0.7436  signal=Sell  action=HOLD  skip=POSITION_OPEN
2026-03-02 09:05:10 [INFO] >>> Sell signal TRIGGERED (prob=0.7436) but SKIPPED: already holding -3 contracts
2026-03-02 09:05:11 [INFO] updatePortfolio: PortfolioItem(contract=Future(conId=304037436, symbol='CL', lastTradeDateOrContractMonth='20260320', right='0', multiplier='1000', primaryExchange='NYMEX', currency='USD', localSymbol='CLJ6', tradingClass='CL'), position=-3.0, marketPrice=70.75, marketValue=-212250.0, averageCost=70617.63, unrealizedPNL=-397.11, realizedPNL=2991.56, account='DU1899929')
2026-03-02 09:08:11 [INFO] updatePortfolio: PortfolioItem(contract=Future(conId=304037436, symbol='CL', lastTradeDateOrContractMonth='20260320', right='0', multiplier='1000', primaryExchange='NYMEX', currency='USD', localSymbol='CLJ6', tradingClass='CL'), position=-3.0, marketPrice=70.59999845, marketValue=-211800.0, averageCost=70617.63, unrealizedPNL=52.89, realizedPNL=2991.56, account='DU1899929')
2026-03-02 09:10:05 [INFO] NEW BAR: 2026-03-02 17:10:00  O=70.67 H=70.67 L=70.66 C=70.66 V=9
2026-03-02 09:10:10 [INFO] [PNL] position=-3  unrealizedPnL=$52.89  entryPrice=70.62  mktPrice=70.66  SL=71.44  TP=69.57  ATR=0.2852  held=4 bars
2026-03-02 09:10:10 [INFO] INFERENCE [ManateeKoala_Conservative] BOTH: buy_prob=0.2252  sell_prob=0.9567  signal=Sell  action=HOLD  skip=POSITION_OPEN
2026-03-02 09:10:10 [INFO] >>> Sell signal TRIGGERED (prob=0.9567) but SKIPPED: already holding -3 contracts
2026-03-02 09:11:11 [INFO] updatePortfolio: PortfolioItem(contract=Future(conId=304037436, symbol='CL', lastTradeDateOrContractMonth='20260320', right='0', multiplier='1000', primaryExchange='NYMEX', currency='USD', localSymbol='CLJ6', tradingClass='CL'), position=-3.0, marketPrice=70.6488495, marketValue=-211946.55, averageCost=70617.63, unrealizedPNL=-93.66, realizedPNL=2991.56, account='DU1899929')
2026-03-02 09:14:11 [INFO] updatePortfolio: PortfolioItem(contract=Future(conId=304037436, symbol='CL', lastTradeDateOrContractMonth='20260320', right='0', multiplier='1000', primaryExchange='NYMEX', currency='USD', localSymbol='CLJ6', tradingClass='CL'), position=-3.0, marketPrice=70.69999695, marketValue=-212099.99, averageCost=70617.63, unrealizedPNL=-247.1, realizedPNL=2991.56, account='DU1899929')
2026-03-02 09:15:05 [INFO] NEW BAR: 2026-03-02 17:15:00  O=70.58 H=70.58 L=70.51 C=70.54 V=147
2026-03-02 09:15:10 [INFO] [PNL] position=-3  unrealizedPnL=$-247.10  entryPrice=70.62  mktPrice=70.54  SL=71.44  TP=69.57  ATR=0.2755  held=5 bars
2026-03-02 09:15:10 [INFO] INFERENCE [ManateeKoala_Conservative] BOTH: buy_prob=0.2239  sell_prob=0.9462  signal=Sell  action=HOLD  skip=POSITION_OPEN
2026-03-02 09:15:10 [INFO] >>> Sell signal TRIGGERED (prob=0.9462) but SKIPPED: already holding -3 contracts
2026-03-02 09:17:11 [INFO] updatePortfolio: PortfolioItem(contract=Future(conId=304037436, symbol='CL', lastTradeDateOrContractMonth='20260320', right='0', multiplier='1000', primaryExchange='NYMEX', currency='USD', localSymbol='CLJ6', tradingClass='CL'), position=-3.0, marketPrice=70.51999665, marketValue=-211559.99, averageCost=70617.63, unrealizedPNL=292.9, realizedPNL=2991.56, account='DU1899929')
2026-03-02 09:20:05 [INFO] NEW BAR: 2026-03-02 17:20:00  O=70.53 H=70.55 L=70.51 C=70.51 V=48
2026-03-02 09:20:11 [INFO] [PNL] position=-3  unrealizedPnL=$292.90  entryPrice=70.62  mktPrice=70.51  SL=71.44  TP=69.57  ATR=0.2587  held=6 bars
2026-03-02 09:20:11 [INFO] INFERENCE [ManateeKoala_Conservative] BOTH: buy_prob=0.2382  sell_prob=0.9299  signal=Sell  action=HOLD  skip=POSITION_OPEN
2026-03-02 09:20:11 [INFO] >>> Sell signal TRIGGERED (prob=0.9299) but SKIPPED: already holding -3 contracts
2026-03-02 09:20:11 [INFO] updatePortfolio: PortfolioItem(contract=Future(conId=304037436, symbol='CL', lastTradeDateOrContractMonth='20260320', right='0', multiplier='1000', primaryExchange='NYMEX', currency='USD', localSymbol='CLJ6', tradingClass='CL'), position=-3.0, marketPrice=70.51000215, marketValue=-211530.01, averageCost=70617.63, unrealizedPNL=322.88, realizedPNL=2991.56, account='DU1899929')
2026-03-02 09:23:11 [INFO] updatePortfolio: PortfolioItem(contract=Future(conId=304037436, symbol='CL', lastTradeDateOrContractMonth='20260320', right='0', multiplier='1000', primaryExchange='NYMEX', currency='USD', localSymbol='CLJ6', tradingClass='CL'), position=-3.0, marketPrice=70.3517761, marketValue=-211055.33, averageCost=70617.63, unrealizedPNL=797.56, realizedPNL=2991.56, account='DU1899929')
2026-03-02 09:25:04 [INFO] NEW BAR: 2026-03-02 17:25:00  O=70.30 H=70.31 L=70.26 C=70.31 V=43
2026-03-02 09:25:10 [INFO] [PNL] position=-3  unrealizedPnL=$797.56  entryPrice=70.62  mktPrice=70.31  SL=71.44  TP=69.57  ATR=0.2581  held=7 bars
2026-03-02 09:25:10 [INFO] INFERENCE [ManateeKoala_Conservative] BOTH: buy_prob=0.2343  sell_prob=0.7727  signal=Sell  action=HOLD  skip=POSITION_OPEN
2026-03-02 09:25:10 [INFO] >>> Sell signal TRIGGERED (prob=0.7727) but SKIPPED: already holding -3 contracts
2026-03-02 09:26:11 [INFO] updatePortfolio: PortfolioItem(contract=Future(conId=304037436, symbol='CL', lastTradeDateOrContractMonth='20260320', right='0', multiplier='1000', primaryExchange='NYMEX', currency='USD', localSymbol='CLJ6', tradingClass='CL'), position=-3.0, marketPrice=70.46378325, marketValue=-211391.35, averageCost=70617.63, unrealizedPNL=461.54, realizedPNL=2991.56, account='DU1899929')
2026-03-02 09:29:11 [INFO] updatePortfolio: PortfolioItem(contract=Future(conId=304037436, symbol='CL', lastTradeDateOrContractMonth='20260320', right='0', multiplier='1000', primaryExchange='NYMEX', currency='USD', localSymbol='CLJ6', tradingClass='CL'), position=-3.0, marketPrice=70.44555665, marketValue=-211336.67, averageCost=70617.63, unrealizedPNL=516.22, realizedPNL=2991.56, account='DU1899929')
2026-03-02 09:30:04 [INFO] NEW BAR: 2026-03-02 17:30:00  O=70.44 H=70.49 L=70.44 C=70.46 V=55
2026-03-02 09:30:10 [INFO] [PNL] position=-3  unrealizedPnL=$516.22  entryPrice=70.62  mktPrice=70.46  SL=71.44  TP=69.57  ATR=0.2525  held=8 bars
2026-03-02 09:30:10 [INFO] INFERENCE [ManateeKoala_Conservative] BOTH: buy_prob=0.2296  sell_prob=0.9461  signal=Sell  action=HOLD  skip=POSITION_OPEN
2026-03-02 09:30:10 [INFO] >>> Sell signal TRIGGERED (prob=0.9461) but SKIPPED: already holding -3 contracts
2026-03-02 09:32:11 [INFO] updatePortfolio: PortfolioItem(contract=Future(conId=304037436, symbol='CL', lastTradeDateOrContractMonth='20260320', right='0', multiplier='1000', primaryExchange='NYMEX', currency='USD', localSymbol='CLJ6', tradingClass='CL'), position=-3.0, marketPrice=70.62000275, marketValue=-211860.01, averageCost=70617.63, unrealizedPNL=-7.12, realizedPNL=2991.56, account='DU1899929')
2026-03-02 09:35:05 [INFO] NEW BAR: 2026-03-02 17:35:00  O=70.81 H=70.82 L=70.78 C=70.79 V=64
2026-03-02 09:35:11 [INFO] [PNL] position=-3  unrealizedPnL=$-7.12  entryPrice=70.62  mktPrice=70.79  SL=71.44  TP=69.57  ATR=0.2602  held=9 bars
2026-03-02 09:35:11 [INFO] INFERENCE [ManateeKoala_Conservative] BOTH: buy_prob=0.2272  sell_prob=0.7471  signal=Sell  action=HOLD  skip=POSITION_OPEN
2026-03-02 09:35:11 [INFO] >>> Sell signal TRIGGERED (prob=0.7471) but SKIPPED: already holding -3 contracts
2026-03-02 09:35:11 [INFO] updatePortfolio: PortfolioItem(contract=Future(conId=304037436, symbol='CL', lastTradeDateOrContractMonth='20260320', right='0', multiplier='1000', primaryExchange='NYMEX', currency='USD', localSymbol='CLJ6', tradingClass='CL'), position=-3.0, marketPrice=70.7900009, marketValue=-212370.0, averageCost=70617.63, unrealizedPNL=-517.11, realizedPNL=2991.56, account='DU1899929')
2026-03-02 09:38:11 [INFO] updatePortfolio: PortfolioItem(contract=Future(conId=304037436, symbol='CL', lastTradeDateOrContractMonth='20260320', right='0', multiplier='1000', primaryExchange='NYMEX', currency='USD', localSymbol='CLJ6', tradingClass='CL'), position=-3.0, marketPrice=70.91000365, marketValue=-212730.01, averageCost=70617.63, unrealizedPNL=-877.12, realizedPNL=2991.56, account='DU1899929')
2026-03-02 09:40:05 [INFO] NEW BAR: 2026-03-02 17:40:00  O=70.85 H=70.85 L=70.80 C=70.81 V=78
2026-03-02 09:40:11 [INFO] [PNL] position=-3  unrealizedPnL=$-877.12  entryPrice=70.62  mktPrice=70.81  SL=71.44  TP=69.57  ATR=0.2459  held=10 bars
2026-03-02 09:40:11 [INFO] INFERENCE [ManateeKoala_Conservative] BOTH: buy_prob=0.2163  sell_prob=0.7426  signal=Sell  action=HOLD  skip=POSITION_OPEN
2026-03-02 09:40:11 [INFO] >>> Sell signal TRIGGERED (prob=0.7426) but SKIPPED: already holding -3 contracts
2026-03-02 09:41:11 [INFO] updatePortfolio: PortfolioItem(contract=Future(conId=304037436, symbol='CL', lastTradeDateOrContractMonth='20260320', right='0', multiplier='1000', primaryExchange='NYMEX', currency='USD', localSymbol='CLJ6', tradingClass='CL'), position=-3.0, marketPrice=70.78533175, marketValue=-212356.0, averageCost=70617.63, unrealizedPNL=-503.11, realizedPNL=2991.56, account='DU1899929')
2026-03-02 09:44:11 [INFO] updatePortfolio: PortfolioItem(contract=Future(conId=304037436, symbol='CL', lastTradeDateOrContractMonth='20260320', right='0', multiplier='1000', primaryExchange='NYMEX', currency='USD', localSymbol='CLJ6', tradingClass='CL'), position=-3.0, marketPrice=70.53969575, marketValue=-211619.09, averageCost=70617.63, unrealizedPNL=233.8, realizedPNL=2991.56, account='DU1899929')
2026-03-02 09:45:04 [INFO] NEW BAR: 2026-03-02 17:45:00  O=70.53 H=70.55 L=70.49 C=70.54 V=50
2026-03-02 09:45:10 [INFO] [PNL] position=-3  unrealizedPnL=$233.80  entryPrice=70.62  mktPrice=70.54  SL=71.44  TP=69.57  ATR=0.2512  held=11 bars
2026-03-02 09:45:10 [INFO] INFERENCE [ManateeKoala_Conservative] BOTH: buy_prob=0.2341  sell_prob=0.9441  signal=Sell  action=HOLD  skip=POSITION_OPEN
2026-03-02 09:45:10 [INFO] >>> Sell signal TRIGGERED (prob=0.9441) but SKIPPED: already holding -3 contracts
2026-03-02 09:47:11 [INFO] updatePortfolio: PortfolioItem(contract=Future(conId=304037436, symbol='CL', lastTradeDateOrContractMonth='20260320', right='0', multiplier='1000', primaryExchange='NYMEX', currency='USD', localSymbol='CLJ6', tradingClass='CL'), position=-3.0, marketPrice=70.6100006, marketValue=-211830.0, averageCost=70617.63, unrealizedPNL=22.89, realizedPNL=2991.56, account='DU1899929')
2026-03-02 09:50:05 [INFO] NEW BAR: 2026-03-02 17:50:00  O=70.54 H=70.54 L=70.52 C=70.53 V=14
2026-03-02 09:50:05 [INFO] Cache saved: 13832 bars → C:\Users\bwang\Documents\GitHub\CL_Analyst\data\processed\warm_start_cache_cid13.parquet
2026-03-02 09:50:05 [INFO] Mirrored warm_start_cache_cid13.parquet → C:\CL_Analyst_Data\processed\warm_start_cache_cid13.parquet
2026-03-02 09:50:11 [INFO] [PNL] position=-3  unrealizedPnL=$22.89  entryPrice=70.62  mktPrice=70.53  SL=71.44  TP=69.57  ATR=0.2347  held=12 bars
2026-03-02 09:50:11 [INFO] INFERENCE [ManateeKoala_Conservative] BOTH: buy_prob=0.2388  sell_prob=0.9520  signal=Sell  action=HOLD  skip=POSITION_OPEN
2026-03-02 09:50:11 [INFO] >>> Sell signal TRIGGERED (prob=0.9520) but SKIPPED: already holding -3 contracts
2026-03-02 09:50:11 [INFO] updatePortfolio: PortfolioItem(contract=Future(conId=304037436, symbol='CL', lastTradeDateOrContractMonth='20260320', right='0', multiplier='1000', primaryExchange='NYMEX', currency='USD', localSymbol='CLJ6', tradingClass='CL'), position=-3.0, marketPrice=70.55000305, marketValue=-211650.01, averageCost=70617.63, unrealizedPNL=202.88, realizedPNL=2991.56, account='DU1899929')
2026-03-02 09:53:11 [INFO] updatePortfolio: PortfolioItem(contract=Future(conId=304037436, symbol='CL', lastTradeDateOrContractMonth='20260320', right='0', multiplier='1000', primaryExchange='NYMEX', currency='USD', localSymbol='CLJ6', tradingClass='CL'), position=-3.0, marketPrice=70.5, marketValue=-211500.0, averageCost=70617.63, unrealizedPNL=352.89, realizedPNL=2991.56, account='DU1899929')
2026-03-02 09:55:04 [INFO] NEW BAR: 2026-03-02 17:55:00  O=70.65 H=70.65 L=70.63 C=70.64 V=24
2026-03-02 09:55:10 [INFO] [PNL] position=-3  unrealizedPnL=$352.89  entryPrice=70.62  mktPrice=70.64  SL=71.44  TP=69.57  ATR=0.2265  held=13 bars
2026-03-02 09:55:10 [INFO] INFERENCE [ManateeKoala_Conservative] BOTH: buy_prob=0.2421  sell_prob=0.7427  signal=Sell  action=HOLD  skip=POSITION_OPEN
2026-03-02 09:55:10 [INFO] >>> Sell signal TRIGGERED (prob=0.7427) but SKIPPED: already holding -3 contracts
2026-03-02 09:56:11 [INFO] updatePortfolio: PortfolioItem(contract=Future(conId=304037436, symbol='CL', lastTradeDateOrContractMonth='20260320', right='0', multiplier='1000', primaryExchange='NYMEX', currency='USD', localSymbol='CLJ6', tradingClass='CL'), position=-3.0, marketPrice=70.73000335, marketValue=-212190.01, averageCost=70617.63, unrealizedPNL=-337.12, realizedPNL=2991.56, account='DU1899929')
2026-03-02 09:59:11 [INFO] updatePortfolio: PortfolioItem(contract=Future(conId=304037436, symbol='CL', lastTradeDateOrContractMonth='20260320', right='0', multiplier='1000', primaryExchange='NYMEX', currency='USD', localSymbol='CLJ6', tradingClass='CL'), position=-3.0, marketPrice=70.62000275, marketValue=-211860.01, averageCost=70617.63, unrealizedPNL=-7.12, realizedPNL=2991.56, account='DU1899929')
2026-03-02 10:00:05 [INFO] NEW BAR: 2026-03-02 18:00:00  O=70.60 H=70.60 L=70.59 C=70.59 V=7
2026-03-02 10:00:11 [INFO] [PNL] position=-3  unrealizedPnL=$-7.12  entryPrice=70.62  mktPrice=70.59  SL=71.44  TP=69.57  ATR=0.2139  held=14 bars
2026-03-02 10:00:11 [INFO] INFERENCE [ManateeKoala_Conservative] BOTH: buy_prob=0.2500  sell_prob=0.9547  signal=Sell  action=HOLD  skip=POSITION_OPEN
2026-03-02 10:00:11 [INFO] >>> Sell signal TRIGGERED (prob=0.9547) but SKIPPED: already holding -3 contracts
2026-03-02 10:02:11 [INFO] updatePortfolio: PortfolioItem(contract=Future(conId=304037436, symbol='CL', lastTradeDateOrContractMonth='20260320', right='0', multiplier='1000', primaryExchange='NYMEX', currency='USD', localSymbol='CLJ6', tradingClass='CL'), position=-3.0, marketPrice=70.3799057, marketValue=-211139.72, averageCost=70617.63, unrealizedPNL=713.17, realizedPNL=2991.56, account='DU1899929')
2026-03-02 10:05:05 [INFO] NEW BAR: 2026-03-02 18:05:00  O=70.38 H=70.39 L=70.37 C=70.39 V=16
2026-03-02 10:05:10 [INFO] [PNL] position=-3  unrealizedPnL=$713.17  entryPrice=70.62  mktPrice=70.39  SL=71.44  TP=69.57  ATR=0.2143  held=15 bars
2026-03-02 10:05:10 [INFO] INFERENCE [ManateeKoala_Conservative] BOTH: buy_prob=0.2390  sell_prob=0.9426  signal=Sell  action=HOLD  skip=POSITION_OPEN
2026-03-02 10:05:10 [INFO] >>> Sell signal TRIGGERED (prob=0.9426) but SKIPPED: already holding -3 contracts
2026-03-02 10:05:11 [INFO] updatePortfolio: PortfolioItem(contract=Future(conId=304037436, symbol='CL', lastTradeDateOrContractMonth='20260320', right='0', multiplier='1000', primaryExchange='NYMEX', currency='USD', localSymbol='CLJ6', tradingClass='CL'), position=-3.0, marketPrice=70.38318635, marketValue=-211149.56, averageCost=70617.63, unrealizedPNL=703.33, realizedPNL=2991.56, account='DU1899929')
2026-03-02 10:08:11 [INFO] updatePortfolio: PortfolioItem(contract=Future(conId=304037436, symbol='CL', lastTradeDateOrContractMonth='20260320', right='0', multiplier='1000', primaryExchange='NYMEX', currency='USD', localSymbol='CLJ6', tradingClass='CL'), position=-3.0, marketPrice=70.33999635, marketValue=-211019.99, averageCost=70617.63, unrealizedPNL=832.9, realizedPNL=2991.56, account='DU1899929')
2026-03-02 10:10:05 [INFO] NEW BAR: 2026-03-02 18:10:00  O=70.40 H=70.40 L=70.40 C=70.40 V=15
2026-03-02 10:10:11 [INFO] [PNL] position=-3  unrealizedPnL=$832.90  entryPrice=70.62  mktPrice=70.40  SL=71.44  TP=69.57  ATR=0.1997  held=16 bars
2026-03-02 10:10:11 [INFO] INFERENCE [ManateeKoala_Conservative] BOTH: buy_prob=0.2432  sell_prob=0.7325  signal=Sell  action=HOLD  skip=POSITION_OPEN
2026-03-02 10:10:11 [INFO] >>> Sell signal TRIGGERED (prob=0.7325) but SKIPPED: already holding -3 contracts
2026-03-02 10:11:11 [INFO] updatePortfolio: PortfolioItem(contract=Future(conId=304037436, symbol='CL', lastTradeDateOrContractMonth='20260320', right='0', multiplier='1000', primaryExchange='NYMEX', currency='USD', localSymbol='CLJ6', tradingClass='CL'), position=-3.0, marketPrice=70.4599991, marketValue=-211380.0, averageCost=70617.63, unrealizedPNL=472.89, realizedPNL=2991.56, account='DU1899929')
2026-03-02 10:14:11 [INFO] updatePortfolio: PortfolioItem(contract=Future(conId=304037436, symbol='CL', lastTradeDateOrContractMonth='20260320', right='0', multiplier='1000', primaryExchange='NYMEX', currency='USD', localSymbol='CLJ6', tradingClass='CL'), position=-3.0, marketPrice=70.58000185, marketValue=-211740.01, averageCost=70617.63, unrealizedPNL=112.88, realizedPNL=2991.56, account='DU1899929')
2026-03-02 10:15:05 [INFO] NEW BAR: 2026-03-02 18:15:00  O=70.57 H=70.61 L=70.57 C=70.60 V=97
2026-03-02 10:15:12 [INFO] [PNL] position=-3  unrealizedPnL=$112.88  entryPrice=70.62  mktPrice=70.60  SL=71.44  TP=69.57  ATR=0.2004  held=17 bars
2026-03-02 10:15:12 [INFO] INFERENCE [ManateeKoala_Conservative] BOTH: buy_prob=0.2380  sell_prob=0.7423  signal=Sell  action=HOLD  skip=POSITION_OPEN
2026-03-02 10:15:12 [INFO] >>> Sell signal TRIGGERED (prob=0.7423) but SKIPPED: already holding -3 contracts
2026-03-02 10:17:11 [INFO] updatePortfolio: PortfolioItem(contract=Future(conId=304037436, symbol='CL', lastTradeDateOrContractMonth='20260320', right='0', multiplier='1000', primaryExchange='NYMEX', currency='USD', localSymbol='CLJ6', tradingClass='CL'), position=-3.0, marketPrice=70.73000335, marketValue=-212190.01, averageCost=70617.63, unrealizedPNL=-337.12, realizedPNL=2991.56, account='DU1899929')
2026-03-02 10:20:05 [INFO] NEW BAR: 2026-03-02 18:20:00  O=70.76 H=70.77 L=70.74 C=70.75 V=68
2026-03-02 10:20:11 [INFO] [PNL] position=-3  unrealizedPnL=$-337.12  entryPrice=70.62  mktPrice=70.75  SL=71.44  TP=69.57  ATR=0.1983  held=18 bars
2026-03-02 10:20:11 [INFO] INFERENCE [ManateeKoala_Conservative] BOTH: buy_prob=0.2265  sell_prob=0.7452  signal=Sell  action=HOLD  skip=POSITION_OPEN
2026-03-02 10:20:11 [INFO] >>> Sell signal TRIGGERED (prob=0.7452) but SKIPPED: already holding -3 contracts
2026-03-02 10:20:11 [INFO] updatePortfolio: PortfolioItem(contract=Future(conId=304037436, symbol='CL', lastTradeDateOrContractMonth='20260320', right='0', multiplier='1000', primaryExchange='NYMEX', currency='USD', localSymbol='CLJ6', tradingClass='CL'), position=-3.0, marketPrice=70.73999785, marketValue=-212219.99, averageCost=70617.63, unrealizedPNL=-367.1, realizedPNL=2991.56, account='DU1899929')
2026-03-02 10:23:11 [INFO] updatePortfolio: PortfolioItem(contract=Future(conId=304037436, symbol='CL', lastTradeDateOrContractMonth='20260320', right='0', multiplier='1000', primaryExchange='NYMEX', currency='USD', localSymbol='CLJ6', tradingClass='CL'), position=-3.0, marketPrice=70.9109955, marketValue=-212732.99, averageCost=70617.63, unrealizedPNL=-880.1, realizedPNL=2991.56, account='DU1899929')
2026-03-02 10:25:05 [INFO] NEW BAR: 2026-03-02 18:25:00  O=70.86 H=70.87 L=70.86 C=70.87 V=4
2026-03-02 10:25:12 [INFO] [PNL] position=-3  unrealizedPnL=$-880.10  entryPrice=70.62  mktPrice=70.87  SL=71.44  TP=69.57  ATR=0.1927  held=19 bars
2026-03-02 10:25:12 [INFO] INFERENCE [ManateeKoala_Conservative] BOTH: buy_prob=0.2171  sell_prob=0.7322  signal=Sell  action=HOLD  skip=POSITION_OPEN
2026-03-02 10:25:12 [INFO] >>> Sell signal TRIGGERED (prob=0.7322) but SKIPPED: already holding -3 contracts
2026-03-02 10:26:12 [INFO] updatePortfolio: PortfolioItem(contract=Future(conId=304037436, symbol='CL', lastTradeDateOrContractMonth='20260320', right='0', multiplier='1000', primaryExchange='NYMEX', currency='USD', localSymbol='CLJ6', tradingClass='CL'), position=-3.0, marketPrice=70.87999725, marketValue=-212639.99, averageCost=70617.63, unrealizedPNL=-787.1, realizedPNL=2991.56, account='DU1899929')
2026-03-02 10:29:12 [INFO] updatePortfolio: PortfolioItem(contract=Future(conId=304037436, symbol='CL', lastTradeDateOrContractMonth='20260320', right='0', multiplier='1000', primaryExchange='NYMEX', currency='USD', localSymbol='CLJ6', tradingClass='CL'), position=-3.0, marketPrice=70.90128325, marketValue=-212703.85, averageCost=70617.63, unrealizedPNL=-850.96, realizedPNL=2991.56, account='DU1899929')
2026-03-02 10:30:04 [INFO] NEW BAR: 2026-03-02 18:30:00  O=70.90 H=70.91 L=70.89 C=70.91 V=17
2026-03-02 10:30:12 [INFO] [PNL] position=-3  unrealizedPnL=$-850.96  entryPrice=70.62  mktPrice=70.91  SL=71.44  TP=69.57  ATR=0.1818  held=20 bars
2026-03-02 10:30:12 [INFO] INFERENCE [ManateeKoala_Conservative] BOTH: buy_prob=0.2225  sell_prob=0.9560  signal=Sell  action=HOLD  skip=POSITION_OPEN
2026-03-02 10:30:12 [INFO] >>> Sell signal TRIGGERED (prob=0.9560) but SKIPPED: already holding -3 contracts
2026-03-02 10:32:12 [INFO] updatePortfolio: PortfolioItem(contract=Future(conId=304037436, symbol='CL', lastTradeDateOrContractMonth='20260320', right='0', multiplier='1000', primaryExchange='NYMEX', currency='USD', localSymbol='CLJ6', tradingClass='CL'), position=-3.0, marketPrice=70.91999815, marketValue=-212759.99, averageCost=70617.63, unrealizedPNL=-907.1, realizedPNL=2991.56, account='DU1899929')
2026-03-02 10:35:05 [INFO] NEW BAR: 2026-03-02 18:35:00  O=71.19 H=71.21 L=71.18 C=71.19 V=27
2026-03-02 10:35:12 [INFO] [PNL] position=-3  unrealizedPnL=$-907.10  entryPrice=70.62  mktPrice=71.19  SL=71.44  TP=69.57  ATR=0.1902  held=21 bars
2026-03-02 10:35:12 [INFO] INFERENCE [ManateeKoala_Conservative] BOTH: buy_prob=0.2288  sell_prob=0.8978  signal=Sell  action=HOLD  skip=POSITION_OPEN
2026-03-02 10:35:12 [INFO] >>> Sell signal TRIGGERED (prob=0.8978) but SKIPPED: already holding -3 contracts
2026-03-02 10:35:12 [INFO] updatePortfolio: PortfolioItem(contract=Future(conId=304037436, symbol='CL', lastTradeDateOrContractMonth='20260320', right='0', multiplier='1000', primaryExchange='NYMEX', currency='USD', localSymbol='CLJ6', tradingClass='CL'), position=-3.0, marketPrice=71.15000155, marketValue=-213450.0, averageCost=70617.63, unrealizedPNL=-1597.11, realizedPNL=2991.56, account='DU1899929')
2026-03-02 10:35:55 [INFO] updatePortfolio: PortfolioItem(contract=Future(conId=304037436, symbol='CL', lastTradeDateOrContractMonth='20260320', right='0', multiplier='1000', primaryExchange='NYMEX', currency='USD', localSymbol='CLJ6', tradingClass='CL'), position=-3.0, marketPrice=71.108757, marketValue=-213326.27, averageCost=70617.63, unrealizedPNL=-1473.38, realizedPNL=2991.56, account='DU1899929')
2026-03-02 10:38:55 [INFO] updatePortfolio: PortfolioItem(contract=Future(conId=304037436, symbol='CL', lastTradeDateOrContractMonth='20260320', right='0', multiplier='1000', primaryExchange='NYMEX', currency='USD', localSymbol='CLJ6', tradingClass='CL'), position=-3.0, marketPrice=71.19999695, marketValue=-213599.99, averageCost=70617.63, unrealizedPNL=-1747.1, realizedPNL=2991.56, account='DU1899929')
2026-03-02 10:40:04 [INFO] NEW BAR: 2026-03-02 18:40:00  O=71.14 H=71.15 L=71.14 C=71.14 V=18
2026-03-02 10:40:10 [INFO] [PNL] position=-3  unrealizedPnL=$-1747.10  entryPrice=70.62  mktPrice=71.14  SL=71.44  TP=69.57  ATR=0.1802  held=22 bars
2026-03-02 10:40:10 [INFO] INFERENCE [ManateeKoala_Conservative] BOTH: buy_prob=0.2316  sell_prob=0.8073  signal=Sell  action=HOLD  skip=POSITION_OPEN
2026-03-02 10:40:10 [INFO] >>> Sell signal TRIGGERED (prob=0.8073) but SKIPPED: already holding -3 contracts
2026-03-02 10:41:55 [INFO] updatePortfolio: PortfolioItem(contract=Future(conId=304037436, symbol='CL', lastTradeDateOrContractMonth='20260320', right='0', multiplier='1000', primaryExchange='NYMEX', currency='USD', localSymbol='CLJ6', tradingClass='CL'), position=-3.0, marketPrice=71.01999665, marketValue=-213059.99, averageCost=70617.63, unrealizedPNL=-1207.1, realizedPNL=2991.56, account='DU1899929')
2026-03-02 10:44:55 [INFO] updatePortfolio: PortfolioItem(contract=Future(conId=304037436, symbol='CL', lastTradeDateOrContractMonth='20260320', right='0', multiplier='1000', primaryExchange='NYMEX', currency='USD', localSymbol='CLJ6', tradingClass='CL'), position=-3.0, marketPrice=70.94000245, marketValue=-212820.01, averageCost=70617.63, unrealizedPNL=-967.12, realizedPNL=2991.56, account='DU1899929')
2026-03-02 10:45:04 [INFO] NEW BAR: 2026-03-02 18:45:00  O=70.94 H=70.96 L=70.94 C=70.95 V=25
2026-03-02 10:45:11 [INFO] [PNL] position=-3  unrealizedPnL=$-967.12  entryPrice=70.62  mktPrice=70.95  SL=71.44  TP=69.57  ATR=0.1816  held=23 bars
2026-03-02 10:45:11 [INFO] INFERENCE [ManateeKoala_Conservative] BOTH: buy_prob=0.2185  sell_prob=0.8642  signal=Sell  action=HOLD  skip=POSITION_OPEN
2026-03-02 10:45:11 [INFO] >>> Sell signal TRIGGERED (prob=0.8642) but SKIPPED: already holding -3 contracts
2026-03-02 10:45:29 [INFO] updatePortfolio: PortfolioItem(contract=Future(conId=304037436, symbol='CL', lastTradeDateOrContractMonth='20260320', right='0', multiplier='1000', primaryExchange='NYMEX', currency='USD', localSymbol='CLJ6', tradingClass='CL'), position=-3.0, marketPrice=70.9462738, marketValue=-212838.82, averageCost=70617.63, unrealizedPNL=-985.93, realizedPNL=2991.56, account='DU1899929')
2026-03-02 10:48:29 [INFO] updatePortfolio: PortfolioItem(contract=Future(conId=304037436, symbol='CL', lastTradeDateOrContractMonth='20260320', right='0', multiplier='1000', primaryExchange='NYMEX', currency='USD', localSymbol='CLJ6', tradingClass='CL'), position=-3.0, marketPrice=70.87000275, marketValue=-212610.01, averageCost=70617.63, unrealizedPNL=-757.12, realizedPNL=2991.56, account='DU1899929')
2026-03-02 10:50:04 [INFO] NEW BAR: 2026-03-02 18:50:00  O=70.92 H=70.94 L=70.92 C=70.94 V=53
2026-03-02 10:50:04 [INFO] Cache saved: 13844 bars → C:\Users\bwang\Documents\GitHub\CL_Analyst\data\processed\warm_start_cache_cid13.parquet
2026-03-02 10:50:04 [INFO] Mirrored warm_start_cache_cid13.parquet → C:\CL_Analyst_Data\processed\warm_start_cache_cid13.parquet
2026-03-02 10:50:11 [INFO] [PNL] position=-3  unrealizedPnL=$-757.12  entryPrice=70.62  mktPrice=70.94  SL=71.44  TP=69.57  ATR=0.1708  held=24 bars
2026-03-02 10:50:11 [INFO] INFERENCE [ManateeKoala_Conservative] BOTH: buy_prob=0.2258  sell_prob=0.8566  signal=Sell  action=HOLD  skip=POSITION_OPEN
2026-03-02 10:50:11 [INFO] >>> Sell signal TRIGGERED (prob=0.8566) but SKIPPED: already holding -3 contracts
