2026-03-02 21:06:19 [INFO] File logging enabled: C:\Users\bwang\Documents\GitHub\CL_Analyst\reports\livetrader_10.log
2026-03-02 21:06:19 [INFO] ============================================================
2026-03-02 21:06:19 [INFO] LiveTrader starting (dry_run=False)
2026-03-02 21:06:19 [INFO] ============================================================
2026-03-02 21:06:19 [INFO] Connecting to IBKR at 127.0.0.1:4002 ...
2026-03-02 21:06:19 [INFO] Attempting IBKR connection on 127.0.0.1:4002 (clientId=10) ...
2026-03-02 21:06:19 [INFO] Connecting to 127.0.0.1:4002 with clientId 10...
2026-03-02 21:06:21 [INFO] Disconnecting
2026-03-02 21:06:21 [ERROR] API connection failed: ConnectionRefusedError(22, 'The remote computer refused the network connection', None, 1225, None)
2026-03-02 21:06:21 [ERROR] Make sure API port on TWS/IBG is open
2026-03-02 21:06:21 [WARNING] Connection failed on port 4002: [WinError 1225] The remote computer refused the network connection
2026-03-02 21:06:21 [INFO] Attempting IBKR connection on 127.0.0.1:7497 (clientId=10) ...
2026-03-02 21:06:21 [INFO] Connecting to 127.0.0.1:7497 with clientId 10...
2026-03-02 21:06:21 [INFO] Connected
2026-03-02 21:06:21 [INFO] Logged on to server version 176
2026-03-02 21:06:21 [INFO] Warning 2104, reqId -1: Market data farm connection is OK:cashfarm
2026-03-02 21:06:21 [INFO] Warning 2104, reqId -1: Market data farm connection is OK:usfuture
2026-03-02 21:06:21 [INFO] Warning 2104, reqId -1: Market data farm connection is OK:usopt.nj
2026-03-02 21:06:21 [INFO] Warning 2104, reqId -1: Market data farm connection is OK:usfarm.nj
2026-03-02 21:06:21 [INFO] Warning 2104, reqId -1: Market data farm connection is OK:usfarm
2026-03-02 21:06:21 [INFO] Warning 2106, reqId -1: HMDS data farm connection is OK:euhmds
2026-03-02 21:06:21 [INFO] Warning 2106, reqId -1: HMDS data farm connection is OK:fundfarm
2026-03-02 21:06:21 [INFO] Warning 2106, reqId -1: HMDS data farm connection is OK:ushmds
2026-03-02 21:06:22 [INFO] Warning 2158, reqId -1: Sec-def data farm connection is OK:secdefnj
2026-03-02 21:06:22 [INFO] API connection ready
2026-03-02 21:06:22 [INFO] position: Position(account='DU1899929', contract=Future(conId=304037436, symbol='CL', lastTradeDateOrContractMonth='20260320', multiplier='1000', currency='USD', localSymbol='CLJ6', tradingClass='CL'), position=-2.0, avgCost=72627.63)
2026-03-02 21:06:22 [INFO] updatePortfolio: PortfolioItem(contract=Future(conId=304037436, symbol='CL', lastTradeDateOrContractMonth='20260320', right='0', multiplier='1000', primaryExchange='NYMEX', currency='USD', localSymbol='CLJ6', tradingClass='CL'), position=-2.0, marketPrice=72.69000245, marketValue=-145380.0, averageCost=72627.63, unrealizedPNL=-124.74, realizedPNL=-2221.1, account='DU1899929')
2026-03-02 21:06:22 [INFO] execDetails Execution(execId='0000e1a7.69a54fc5.01.01', time=datetime.datetime(2026, 3, 2, 9, 10, 13, tzinfo=datetime.timezone.utc), acctNumber='DU1899929', exchange='NYMEX', side='SLD', shares=1.0, price=71.92, permId=1360351955, clientId=13, orderId=11, liquidation=0, cumQty=1.0, avgPrice=71.92, orderRef='', evRule='', evMultiplier=0.0, modelCode='', lastLiquidity=1)
2026-03-02 21:06:22 [INFO] execDetails Execution(execId='0000e1a7.69a54fc6.01.01', time=datetime.datetime(2026, 3, 2, 9, 10, 13, tzinfo=datetime.timezone.utc), acctNumber='DU1899929', exchange='NYMEX', side='SLD', shares=1.0, price=71.92, permId=1360351955, clientId=13, orderId=11, liquidation=0, cumQty=2.0, avgPrice=71.92, orderRef='', evRule='', evMultiplier=0.0, modelCode='', lastLiquidity=1)
2026-03-02 21:06:22 [INFO] execDetails Execution(execId='0000e1a7.69a55356.01.01', time=datetime.datetime(2026, 3, 2, 9, 24, 24, tzinfo=datetime.timezone.utc), acctNumber='DU1899929', exchange='NYMEX', side='SLD', shares=1.0, price=72.23, permId=1360351950, clientId=13, orderId=8, liquidation=0, cumQty=1.0, avgPrice=72.23, orderRef='', evRule='', evMultiplier=0.0, modelCode='', lastLiquidity=1)
2026-03-02 21:06:22 [INFO] execDetails Execution(execId='0000e1a7.69a55357.01.01', time=datetime.datetime(2026, 3, 2, 9, 24, 24, tzinfo=datetime.timezone.utc), acctNumber='DU1899929', exchange='NYMEX', side='SLD', shares=1.0, price=72.23, permId=1360351950, clientId=13, orderId=8, liquidation=0, cumQty=2.0, avgPrice=72.23, orderRef='', evRule='', evMultiplier=0.0, modelCode='', lastLiquidity=1)
2026-03-02 21:06:22 [INFO] execDetails Execution(execId='0000e1a7.69a58542.01.01', time=datetime.datetime(2026, 3, 2, 12, 31, 43, tzinfo=datetime.timezone.utc), acctNumber='DU1899929', exchange='NYMEX', side='BOT', shares=2.0, price=72.86, permId=1360351957, clientId=13, orderId=13, liquidation=0, cumQty=2.0, avgPrice=72.86, orderRef='', evRule='', evMultiplier=0.0, modelCode='', lastLiquidity=1)
2026-03-02 21:06:22 [INFO] execDetails Execution(execId='0000e1a7.69a5d9b2.01.01', time=datetime.datetime(2026, 3, 2, 14, 46, 27, tzinfo=datetime.timezone.utc), acctNumber='DU1899929', exchange='NYMEX', side='BOT', shares=1.0, price=71.1, permId=1360351951, clientId=13, orderId=9, liquidation=0, cumQty=1.0, avgPrice=71.1, orderRef='', evRule='', evMultiplier=0.0, modelCode='', lastLiquidity=1)
2026-03-02 21:06:22 [INFO] execDetails Execution(execId='0000e1a7.69a5d9b3.01.01', time=datetime.datetime(2026, 3, 2, 14, 46, 27, tzinfo=datetime.timezone.utc), acctNumber='DU1899929', exchange='NYMEX', side='BOT', shares=1.0, price=71.1, permId=1360351951, clientId=13, orderId=9, liquidation=0, cumQty=2.0, avgPrice=71.1, orderRef='', evRule='', evMultiplier=0.0, modelCode='', lastLiquidity=1)
2026-03-02 21:06:22 [INFO] execDetails Execution(execId='0000e1a7.69a5fa68.01.01', time=datetime.datetime(2026, 3, 2, 15, 20, 14, tzinfo=datetime.timezone.utc), acctNumber='DU1899929', exchange='NYMEX', side='SLD', shares=2.0, price=71.42, permId=1360352000, clientId=13, orderId=21, liquidation=0, cumQty=2.0, avgPrice=71.42, orderRef='', evRule='', evMultiplier=0.0, modelCode='', lastLiquidity=1)
2026-03-02 21:06:22 [INFO] execDetails Execution(execId='0000e1a7.69a6327e.01.01', time=datetime.datetime(2026, 3, 2, 16, 49, 12, tzinfo=datetime.timezone.utc), acctNumber='DU1899929', exchange='NYMEX', side='BOT', shares=2.0, price=70.1, permId=1360352001, clientId=13, orderId=22, liquidation=0, cumQty=2.0, avgPrice=70.1, orderRef='', evRule='', evMultiplier=0.0, modelCode='', lastLiquidity=1)
2026-03-02 21:06:22 [INFO] execDetails Execution(execId='0000e1a7.69a632d0.01.01', time=datetime.datetime(2026, 3, 2, 16, 50, 11, tzinfo=datetime.timezone.utc), acctNumber='DU1899929', exchange='NYMEX', side='SLD', shares=3.0, price=70.62, permId=1360352027, clientId=13, orderId=31, liquidation=0, cumQty=3.0, avgPrice=70.62, orderRef='', evRule='', evMultiplier=0.0, modelCode='', lastLiquidity=1)
2026-03-02 21:06:22 [INFO] execDetails Execution(execId='0000e1a7.69a67d3b.01.01', time=datetime.datetime(2026, 3, 2, 20, 6, 31, tzinfo=datetime.timezone.utc), acctNumber='DU1899929', exchange='NYMEX', side='BOT', shares=2.0, price=71.46, permId=1360352029, clientId=13, orderId=33, liquidation=0, cumQty=2.0, avgPrice=71.46, orderRef='', evRule='', evMultiplier=0.0, modelCode='', lastLiquidity=1)
2026-03-02 21:06:22 [INFO] execDetails Execution(execId='0000e1a7.69a67d3c.01.01', time=datetime.datetime(2026, 3, 2, 20, 6, 31, tzinfo=datetime.timezone.utc), acctNumber='DU1899929', exchange='NYMEX', side='BOT', shares=1.0, price=71.53, permId=1360352029, clientId=13, orderId=33, liquidation=0, cumQty=3.0, avgPrice=71.483333, orderRef='', evRule='', evMultiplier=0.0, modelCode='', lastLiquidity=1)
2026-03-02 21:06:22 [INFO] execDetails Execution(execId='0000e1a7.69a68136.01.01', time=datetime.datetime(2026, 3, 2, 20, 10, 11, tzinfo=datetime.timezone.utc), acctNumber='DU1899929', exchange='NYMEX', side='SLD', shares=3.0, price=72.41, permId=1360352030, clientId=13, orderId=34, liquidation=0, cumQty=3.0, avgPrice=72.41, orderRef='', evRule='', evMultiplier=0.0, modelCode='', lastLiquidity=1)
2026-03-02 21:06:22 [INFO] execDetails Execution(execId='0000e1a7.69a68658.01.01', time=datetime.datetime(2026, 3, 2, 20, 16, 17, tzinfo=datetime.timezone.utc), acctNumber='DU1899929', exchange='NYMEX', side='BOT', shares=1.0, price=71.64, permId=1360352031, clientId=13, orderId=35, liquidation=0, cumQty=1.0, avgPrice=71.64, orderRef='', evRule='', evMultiplier=0.0, modelCode='', lastLiquidity=1)
2026-03-02 21:06:22 [INFO] execDetails Execution(execId='0000e1a7.69a68659.01.01', time=datetime.datetime(2026, 3, 2, 20, 16, 17, tzinfo=datetime.timezone.utc), acctNumber='DU1899929', exchange='NYMEX', side='BOT', shares=2.0, price=71.64, permId=1360352031, clientId=13, orderId=35, liquidation=0, cumQty=3.0, avgPrice=71.64, orderRef='', evRule='', evMultiplier=0.0, modelCode='', lastLiquidity=1)
2026-03-02 21:06:22 [INFO] execDetails Execution(execId='0000e1a7.69a688ca.01.01', time=datetime.datetime(2026, 3, 2, 20, 20, 11, tzinfo=datetime.timezone.utc), acctNumber='DU1899929', exchange='NYMEX', side='SLD', shares=2.0, price=72.44, permId=1360352033, clientId=13, orderId=37, liquidation=0, cumQty=2.0, avgPrice=72.44, orderRef='', evRule='', evMultiplier=0.0, modelCode='', lastLiquidity=1)
2026-03-02 21:06:22 [INFO] execDetails Execution(execId='0000e1a7.69a69adb.01.01', time=datetime.datetime(2026, 3, 2, 20, 56, 18, tzinfo=datetime.timezone.utc), acctNumber='DU1899929', exchange='NYMEX', side='BOT', shares=2.0, price=71.68, permId=1360352034, clientId=13, orderId=38, liquidation=0, cumQty=2.0, avgPrice=71.68, orderRef='', evRule='', evMultiplier=0.0, modelCode='', lastLiquidity=1)
2026-03-02 21:06:22 [INFO] execDetails Execution(execId='0000e1a7.69a69cb7.01.01', time=datetime.datetime(2026, 3, 2, 21, 0, 11, tzinfo=datetime.timezone.utc), acctNumber='DU1899929', exchange='NYMEX', side='SLD', shares=1.0, price=71.59, permId=1360352036, clientId=13, orderId=40, liquidation=0, cumQty=1.0, avgPrice=71.59, orderRef='', evRule='', evMultiplier=0.0, modelCode='', lastLiquidity=1)
2026-03-02 21:06:22 [INFO] execDetails Execution(execId='0000e1a7.69a69cb8.01.01', time=datetime.datetime(2026, 3, 2, 21, 0, 11, tzinfo=datetime.timezone.utc), acctNumber='DU1899929', exchange='NYMEX', side='SLD', shares=1.0, price=71.54, permId=1360352036, clientId=13, orderId=40, liquidation=0, cumQty=2.0, avgPrice=71.565, orderRef='', evRule='', evMultiplier=0.0, modelCode='', lastLiquidity=1)
2026-03-02 21:06:22 [INFO] execDetails Execution(execId='0000e1a7.69a6af15.01.01', time=datetime.datetime(2026, 3, 2, 23, 19, 14, tzinfo=datetime.timezone.utc), acctNumber='DU1899929', exchange='NYMEX', side='BOT', shares=1.0, price=70.88, permId=1360352037, clientId=13, orderId=41, liquidation=0, cumQty=1.0, avgPrice=70.88, orderRef='', evRule='', evMultiplier=0.0, modelCode='', lastLiquidity=1)
2026-03-02 21:06:22 [INFO] execDetails Execution(execId='0000e1a7.69a6af16.01.01', time=datetime.datetime(2026, 3, 2, 23, 19, 14, tzinfo=datetime.timezone.utc), acctNumber='DU1899929', exchange='NYMEX', side='BOT', shares=1.0, price=70.88, permId=1360352037, clientId=13, orderId=41, liquidation=0, cumQty=2.0, avgPrice=70.88, orderRef='', evRule='', evMultiplier=0.0, modelCode='', lastLiquidity=1)
2026-03-02 21:06:22 [INFO] execDetails Execution(execId='0000e1a7.69a6b4a1.01.01', time=datetime.datetime(2026, 3, 2, 23, 55, 12, tzinfo=datetime.timezone.utc), acctNumber='DU1899929', exchange='NYMEX', side='SLD', shares=3.0, price=70.71, permId=2059800879, clientId=13, orderId=50, liquidation=0, cumQty=3.0, avgPrice=70.71, orderRef='', evRule='', evMultiplier=0.0, modelCode='', lastLiquidity=1)
2026-03-02 21:06:22 [INFO] execDetails Execution(execId='0000e1a7.69a6b5bc.01.01', time=datetime.datetime(2026, 3, 3, 0, 5, 4, tzinfo=datetime.timezone.utc), acctNumber='DU1899929', exchange='NYMEX', side='BOT', shares=3.0, price=71.1, permId=2059800881, clientId=13, orderId=52, liquidation=0, cumQty=3.0, avgPrice=71.1, orderRef='', evRule='', evMultiplier=0.0, modelCode='', lastLiquidity=1)
2026-03-02 21:06:22 [INFO] execDetails Execution(execId='0000e1a7.69a6b5c5.01.01', time=datetime.datetime(2026, 3, 3, 0, 5, 11, tzinfo=datetime.timezone.utc), acctNumber='DU1899929', exchange='NYMEX', side='SLD', shares=1.0, price=71.11, permId=2059800882, clientId=13, orderId=53, liquidation=0, cumQty=1.0, avgPrice=71.11, orderRef='', evRule='', evMultiplier=0.0, modelCode='', lastLiquidity=1)
2026-03-02 21:06:22 [INFO] execDetails Execution(execId='0000e1a7.69a6baa3.01.01', time=datetime.datetime(2026, 3, 3, 0, 57, 13, tzinfo=datetime.timezone.utc), acctNumber='DU1899929', exchange='NYMEX', side='BOT', shares=1.0, price=71.53, permId=2059800884, clientId=13, orderId=55, liquidation=0, cumQty=1.0, avgPrice=71.53, orderRef='', evRule='', evMultiplier=0.0, modelCode='', lastLiquidity=1)
2026-03-02 21:06:22 [INFO] execDetails Execution(execId='0000e1a7.69a6bb77.01.01', time=datetime.datetime(2026, 3, 3, 1, 0, 17, tzinfo=datetime.timezone.utc), acctNumber='DU1899929', exchange='NYMEX', side='SLD', shares=3.0, price=71.77, permId=2059800885, clientId=13, orderId=56, liquidation=0, cumQty=3.0, avgPrice=71.77, orderRef='', evRule='', evMultiplier=0.0, modelCode='', lastLiquidity=1)
2026-03-02 21:06:22 [INFO] execDetails Execution(execId='0000e1a7.69a6ca65.01.01', time=datetime.datetime(2026, 3, 3, 2, 19, 28, tzinfo=datetime.timezone.utc), acctNumber='DU1899929', exchange='NYMEX', side='BOT', shares=2.0, price=72.17, permId=2059800887, clientId=13, orderId=58, liquidation=0, cumQty=2.0, avgPrice=72.17, orderRef='', evRule='', evMultiplier=0.0, modelCode='', lastLiquidity=1)
2026-03-02 21:06:22 [INFO] execDetails Execution(execId='0000e1a7.69a6ca66.01.01', time=datetime.datetime(2026, 3, 3, 2, 19, 28, tzinfo=datetime.timezone.utc), acctNumber='DU1899929', exchange='NYMEX', side='BOT', shares=1.0, price=72.24, permId=2059800887, clientId=13, orderId=58, liquidation=0, cumQty=3.0, avgPrice=72.193333, orderRef='', evRule='', evMultiplier=0.0, modelCode='', lastLiquidity=1)
2026-03-02 21:06:22 [INFO] execDetails Execution(execId='0000e1a7.69a6ca83.01.01', time=datetime.datetime(2026, 3, 3, 2, 20, 12, tzinfo=datetime.timezone.utc), acctNumber='DU1899929', exchange='NYMEX', side='SLD', shares=1.0, price=72.27, permId=2059800888, clientId=13, orderId=59, liquidation=0, cumQty=1.0, avgPrice=72.27, orderRef='', evRule='', evMultiplier=0.0, modelCode='', lastLiquidity=1)
2026-03-02 21:06:22 [INFO] execDetails Execution(execId='0000e1a7.69a6ca84.01.01', time=datetime.datetime(2026, 3, 3, 2, 20, 12, tzinfo=datetime.timezone.utc), acctNumber='DU1899929', exchange='NYMEX', side='SLD', shares=1.0, price=72.25, permId=2059800888, clientId=13, orderId=59, liquidation=0, cumQty=2.0, avgPrice=72.26, orderRef='', evRule='', evMultiplier=0.0, modelCode='', lastLiquidity=1)
2026-03-02 21:06:22 [INFO] execDetails Execution(execId='0000e1a7.69a6d3e7.01.01', time=datetime.datetime(2026, 3, 3, 3, 19, 4, tzinfo=datetime.timezone.utc), acctNumber='DU1899929', exchange='NYMEX', side='BOT', shares=2.0, price=72.65, permId=2059800890, clientId=13, orderId=61, liquidation=0, cumQty=2.0, avgPrice=72.65, orderRef='', evRule='', evMultiplier=0.0, modelCode='', lastLiquidity=1)
2026-03-02 21:06:22 [INFO] execDetails Execution(execId='0000e1a7.69a6d466.01.01', time=datetime.datetime(2026, 3, 3, 3, 20, 12, tzinfo=datetime.timezone.utc), acctNumber='DU1899929', exchange='NYMEX', side='SLD', shares=2.0, price=72.65, permId=2059800892, clientId=13, orderId=62, liquidation=0, cumQty=2.0, avgPrice=72.65, orderRef='', evRule='', evMultiplier=0.0, modelCode='', lastLiquidity=1)
2026-03-02 21:06:22 [INFO] execDetails Execution(execId='0000e1a7.69a6db29.01.01', time=datetime.datetime(2026, 3, 3, 3, 45, 19, tzinfo=datetime.timezone.utc), acctNumber='DU1899929', exchange='NYMEX', side='BOT', shares=1.0, price=72.3, permId=2059800893, clientId=13, orderId=63, liquidation=0, cumQty=1.0, avgPrice=72.3, orderRef='', evRule='', evMultiplier=0.0, modelCode='', lastLiquidity=1)
2026-03-02 21:06:22 [INFO] execDetails Execution(execId='0000e1a7.69a6db2a.01.01', time=datetime.datetime(2026, 3, 3, 3, 45, 19, tzinfo=datetime.timezone.utc), acctNumber='DU1899929', exchange='NYMEX', side='BOT', shares=1.0, price=72.3, permId=2059800893, clientId=13, orderId=63, liquidation=0, cumQty=2.0, avgPrice=72.3, orderRef='', evRule='', evMultiplier=0.0, modelCode='', lastLiquidity=1)
2026-03-02 21:06:22 [INFO] execDetails Execution(execId='0000e1a7.69a6dc33.01.01', time=datetime.datetime(2026, 3, 3, 3, 50, 13, tzinfo=datetime.timezone.utc), acctNumber='DU1899929', exchange='NYMEX', side='SLD', shares=2.0, price=72.42, permId=2059800895, clientId=13, orderId=65, liquidation=0, cumQty=2.0, avgPrice=72.42, orderRef='', evRule='', evMultiplier=0.0, modelCode='', lastLiquidity=1)
2026-03-02 21:06:22 [INFO] execDetails Execution(execId='0000e1a7.69a6e712.01.01', time=datetime.datetime(2026, 3, 3, 4, 41, 29, tzinfo=datetime.timezone.utc), acctNumber='DU1899929', exchange='NYMEX', side='BOT', shares=2.0, price=72.71, permId=2059800897, clientId=13, orderId=67, liquidation=0, cumQty=2.0, avgPrice=72.71, orderRef='', evRule='', evMultiplier=0.0, modelCode='', lastLiquidity=1)
2026-03-02 21:06:22 [INFO] execDetails Execution(execId='0000e1a7.69a6e794.01.01', time=datetime.datetime(2026, 3, 3, 4, 45, 12, tzinfo=datetime.timezone.utc), acctNumber='DU1899929', exchange='NYMEX', side='SLD', shares=2.0, price=72.63, permId=2059800899, clientId=13, orderId=68, liquidation=0, cumQty=2.0, avgPrice=72.63, orderRef='', evRule='', evMultiplier=0.0, modelCode='', lastLiquidity=1)
2026-03-02 21:06:22 [INFO] commissionReport: CommissionReport(execId='0000e1a7.69a54fc5.01.01', commission=2.37, currency='USD', realizedPNL=0.0, yield_=0.0, yieldRedemptionDate=0)
2026-03-02 21:06:22 [INFO] commissionReport: CommissionReport(execId='0000e1a7.69a54fc6.01.01', commission=2.37, currency='USD', realizedPNL=0.0, yield_=0.0, yieldRedemptionDate=0)
2026-03-02 21:06:22 [INFO] commissionReport: CommissionReport(execId='0000e1a7.69a55356.01.01', commission=2.37, currency='USD', realizedPNL=0.0, yield_=0.0, yieldRedemptionDate=0)
2026-03-02 21:06:22 [INFO] commissionReport: CommissionReport(execId='0000e1a7.69a55357.01.01', commission=2.37, currency='USD', realizedPNL=0.0, yield_=0.0, yieldRedemptionDate=0)
2026-03-02 21:06:22 [INFO] commissionReport: CommissionReport(execId='0000e1a7.69a58542.01.01', commission=4.74, currency='USD', realizedPNL=-1579.48, yield_=0.0, yieldRedemptionDate=0)
2026-03-02 21:06:22 [INFO] commissionReport: CommissionReport(execId='0000e1a7.69a5d9b2.01.01', commission=2.37, currency='USD', realizedPNL=970.26, yield_=0.0, yieldRedemptionDate=0)
2026-03-02 21:06:22 [INFO] commissionReport: CommissionReport(execId='0000e1a7.69a5d9b3.01.01', commission=2.37, currency='USD', realizedPNL=970.26, yield_=0.0, yieldRedemptionDate=0)
2026-03-02 21:06:22 [INFO] commissionReport: CommissionReport(execId='0000e1a7.69a5fa68.01.01', commission=4.74, currency='USD', realizedPNL=0.0, yield_=0.0, yieldRedemptionDate=0)
2026-03-02 21:06:22 [INFO] commissionReport: CommissionReport(execId='0000e1a7.69a6327e.01.01', commission=4.74, currency='USD', realizedPNL=2630.52, yield_=0.0, yieldRedemptionDate=0)
2026-03-02 21:06:22 [INFO] commissionReport: CommissionReport(execId='0000e1a7.69a632d0.01.01', commission=7.11, currency='USD', realizedPNL=0.0, yield_=0.0, yieldRedemptionDate=0)
2026-03-02 21:06:22 [INFO] commissionReport: CommissionReport(execId='0000e1a7.69a67d3b.01.01', commission=4.74, currency='USD', realizedPNL=-1689.48, yield_=0.0, yieldRedemptionDate=0)
2026-03-02 21:06:22 [INFO] commissionReport: CommissionReport(execId='0000e1a7.69a67d3c.01.01', commission=2.37, currency='USD', realizedPNL=-914.74, yield_=0.0, yieldRedemptionDate=0)
2026-03-02 21:06:22 [INFO] commissionReport: CommissionReport(execId='0000e1a7.69a68136.01.01', commission=7.11, currency='USD', realizedPNL=0.0, yield_=0.0, yieldRedemptionDate=0)
2026-03-02 21:06:22 [INFO] commissionReport: CommissionReport(execId='0000e1a7.69a68658.01.01', commission=2.37, currency='USD', realizedPNL=765.26, yield_=0.0, yieldRedemptionDate=0)
2026-03-02 21:06:22 [INFO] commissionReport: CommissionReport(execId='0000e1a7.69a68659.01.01', commission=4.74, currency='USD', realizedPNL=1530.52, yield_=0.0, yieldRedemptionDate=0)
2026-03-02 21:06:22 [INFO] commissionReport: CommissionReport(execId='0000e1a7.69a688ca.01.01', commission=4.74, currency='USD', realizedPNL=0.0, yield_=0.0, yieldRedemptionDate=0)
2026-03-02 21:06:22 [INFO] commissionReport: CommissionReport(execId='0000e1a7.69a69adb.01.01', commission=4.74, currency='USD', realizedPNL=1510.52, yield_=0.0, yieldRedemptionDate=0)
2026-03-02 21:06:22 [INFO] commissionReport: CommissionReport(execId='0000e1a7.69a69cb7.01.01', commission=2.37, currency='USD', realizedPNL=0.0, yield_=0.0, yieldRedemptionDate=0)
2026-03-02 21:06:22 [INFO] commissionReport: CommissionReport(execId='0000e1a7.69a69cb8.01.01', commission=2.37, currency='USD', realizedPNL=0.0, yield_=0.0, yieldRedemptionDate=0)
2026-03-02 21:06:22 [INFO] commissionReport: CommissionReport(execId='0000e1a7.69a6af15.01.01', commission=2.37, currency='USD', realizedPNL=680.26, yield_=0.0, yieldRedemptionDate=0)
2026-03-02 21:06:22 [INFO] commissionReport: CommissionReport(execId='0000e1a7.69a6af16.01.01', commission=2.37, currency='USD', realizedPNL=680.26, yield_=0.0, yieldRedemptionDate=0)
2026-03-02 21:06:22 [INFO] commissionReport: CommissionReport(execId='0000e1a7.69a6b4a1.01.01', commission=7.11, currency='USD', realizedPNL=0.0, yield_=0.0, yieldRedemptionDate=0)
2026-03-02 21:06:22 [INFO] commissionReport: CommissionReport(execId='0000e1a7.69a6b5bc.01.01', commission=7.11, currency='USD', realizedPNL=-1184.22, yield_=0.0, yieldRedemptionDate=0)
2026-03-02 21:06:22 [INFO] commissionReport: CommissionReport(execId='0000e1a7.69a6b5c5.01.01', commission=2.37, currency='USD', realizedPNL=0.0, yield_=0.0, yieldRedemptionDate=0)
2026-03-02 21:06:22 [INFO] commissionReport: CommissionReport(execId='0000e1a7.69a6baa3.01.01', commission=2.37, currency='USD', realizedPNL=-424.74, yield_=0.0, yieldRedemptionDate=0)
2026-03-02 21:06:22 [INFO] commissionReport: CommissionReport(execId='0000e1a7.69a6bb77.01.01', commission=7.11, currency='USD', realizedPNL=0.0, yield_=0.0, yieldRedemptionDate=0)
2026-03-02 21:06:22 [INFO] commissionReport: CommissionReport(execId='0000e1a7.69a6ca65.01.01', commission=4.74, currency='USD', realizedPNL=-809.48, yield_=0.0, yieldRedemptionDate=0)
2026-03-02 21:06:22 [INFO] commissionReport: CommissionReport(execId='0000e1a7.69a6ca66.01.01', commission=2.37, currency='USD', realizedPNL=-474.74, yield_=0.0, yieldRedemptionDate=0)
2026-03-02 21:06:22 [INFO] commissionReport: CommissionReport(execId='0000e1a7.69a6ca83.01.01', commission=2.37, currency='USD', realizedPNL=0.0, yield_=0.0, yieldRedemptionDate=0)
2026-03-02 21:06:22 [INFO] commissionReport: CommissionReport(execId='0000e1a7.69a6ca84.01.01', commission=2.37, currency='USD', realizedPNL=0.0, yield_=0.0, yieldRedemptionDate=0)
2026-03-02 21:06:22 [INFO] commissionReport: CommissionReport(execId='0000e1a7.69a6d3e7.01.01', commission=4.74, currency='USD', realizedPNL=-789.48, yield_=0.0, yieldRedemptionDate=0)
2026-03-02 21:06:22 [INFO] commissionReport: CommissionReport(execId='0000e1a7.69a6d466.01.01', commission=4.74, currency='USD', realizedPNL=0.0, yield_=0.0, yieldRedemptionDate=0)
2026-03-02 21:06:22 [INFO] commissionReport: CommissionReport(execId='0000e1a7.69a6db29.01.01', commission=2.37, currency='USD', realizedPNL=345.26, yield_=0.0, yieldRedemptionDate=0)
2026-03-02 21:06:22 [INFO] commissionReport: CommissionReport(execId='0000e1a7.69a6db2a.01.01', commission=2.37, currency='USD', realizedPNL=345.26, yield_=0.0, yieldRedemptionDate=0)
2026-03-02 21:06:22 [INFO] commissionReport: CommissionReport(execId='0000e1a7.69a6dc33.01.01', commission=4.74, currency='USD', realizedPNL=0.0, yield_=0.0, yieldRedemptionDate=0)
2026-03-02 21:06:22 [INFO] commissionReport: CommissionReport(execId='0000e1a7.69a6e712.01.01', commission=4.74, currency='USD', realizedPNL=-589.48, yield_=0.0, yieldRedemptionDate=0)
2026-03-02 21:06:22 [INFO] commissionReport: CommissionReport(execId='0000e1a7.69a6e794.01.01', commission=4.74, currency='USD', realizedPNL=0.0, yield_=0.0, yieldRedemptionDate=0)
2026-03-02 21:06:22 [INFO] Synchronization complete
2026-03-02 21:06:22 [INFO] Connected to IBKR on port 7497 with clientId 10
2026-03-02 21:06:22 [INFO] Connected to IBKR
2026-03-02 21:06:22 [INFO] Qualified CL continuous contract: ContFuture(conId=304037436, symbol='CL', lastTradeDateOrContractMonth='20260320', multiplier='1000', exchange='NYMEX', currency='USD', localSymbol='CLJ6', tradingClass='CL')
2026-03-02 21:06:22 [INFO] Front-month CL contract: CLJ6 (conId=304037436, month=202603)
2026-03-02 21:06:22 [INFO] Front-month contract: CLJ6 (month=202603)
2026-03-02 21:06:23 [INFO] ============================================================
2026-03-02 21:06:23 [INFO]                  ACCOUNT SUMMARY (CL Only)                  
2026-03-02 21:06:23 [INFO] ============================================================
2026-03-02 21:06:23 [INFO]   Account:           DU1899929
2026-03-02 21:06:23 [INFO]   Net Liquidation:   $  1,192,116.43
2026-03-02 21:06:23 [INFO]   Available Funds:   $  1,158,401.56
2026-03-02 21:06:23 [INFO] ------------------------------------------------------------
2026-03-02 21:06:23 [INFO]   CL Position:       SHORT (-2 contracts)
2026-03-02 21:06:23 [INFO]   CL Market Value:   $   -145,380.00
2026-03-02 21:06:23 [INFO]   CL Avg Cost:       $     72,627.63
2026-03-02 21:06:23 [INFO]   CL Unrealized PnL: $       -124.74
2026-03-02 21:06:23 [INFO]   CL Realized PnL:   $     -2,221.10
2026-03-02 21:06:23 [INFO] ------------------------------------------------------------
2026-03-02 21:06:23 [INFO]   Trade History (telemetry):
2026-03-02 21:06:23 [INFO]     Total Signals:     0
2026-03-02 21:06:23 [INFO]     Executed Trades:   0
2026-03-02 21:06:23 [INFO]     Bars Recorded:     0
2026-03-02 21:06:23 [INFO]     Date Range:        No signals recorded
2026-03-02 21:06:23 [INFO] ============================================================
2026-03-02 21:06:23 [INFO] Warm-start: initializing via DataManager...
2026-03-02 21:06:23 [INFO] No cache found — seeding from C:\Users\bwang\Documents\GitHub\CL_Analyst\data\raw\cl-5m_bk.csv
2026-03-02 21:06:23 [INFO] Reading seed file: C:\Users\bwang\Documents\GitHub\CL_Analyst\data\raw\cl-5m_bk.csv
2026-03-02 21:06:25 [INFO] Seed: extracted 10970 bars (last 60 days) from 2025-12-17 23:50:00 → 2026-02-15 23:50:00
2026-03-02 21:06:25 [INFO] Cache saved: 10970 bars → C:\Users\bwang\Documents\GitHub\CL_Analyst\data\processed\warm_start_cache_cid10.parquet
2026-03-02 21:06:25 [INFO] Mirrored warm_start_cache_cid10.parquet → C:\CL_Analyst_Data\processed\warm_start_cache_cid10.parquet
2026-03-02 21:06:25 [INFO] Cache seeded: 10970 bars, range 2025-12-17 23:50:00 → 2026-02-15 23:50:00
2026-03-02 21:06:25 [INFO] Front-month unchanged: CLJ6 — no rollover.
2026-03-02 21:06:25 [INFO] Backfill gap: 2026-02-15 23:50:00 → 2026-03-02 21:06:25.561088 (357.3 hours)
2026-03-02 21:06:25 [INFO] Backfill: 1 chunk(s) needed: ['16 D']
2026-03-02 21:06:25 [INFO] Backfill chunk 1/1: requesting 16 D ...
2026-03-02 21:06:27 [INFO] Backfill chunk 1: stitched 3069 new bars (total now: 14039)
2026-03-02 21:06:27 [INFO] Backfill complete: stitched 3069 bars. Range: 2025-12-17 23:50:00 → 2026-03-03 05:05:00
2026-03-02 21:06:27 [INFO] Cache saved: 14039 bars → C:\Users\bwang\Documents\GitHub\CL_Analyst\data\processed\warm_start_cache_cid10.parquet
2026-03-02 21:06:27 [INFO] Mirrored warm_start_cache_cid10.parquet → C:\CL_Analyst_Data\processed\warm_start_cache_cid10.parquet
2026-03-02 21:06:27 [INFO] Master ledger loaded: 1221233 bars, range 2008-11-20 00:00:00 → 2026-03-02 08:50:00
2026-03-02 21:06:27 [INFO] Ledger fetch chunk 1/1: 2 D
2026-03-02 21:06:28 [INFO] Ledger appended: 231 new bars (total: 1221464)
2026-03-02 21:06:28 [INFO] Master ledger saved: 1221464 bars → C:\Users\bwang\Documents\GitHub\CL_Analyst\data\processed\cl_continuous_master.parquet
2026-03-02 21:06:28 [INFO] Mirrored cl_continuous_master.parquet → C:\CL_Analyst_Data\processed\cl_continuous_master.parquet
2026-03-02 21:06:28 [INFO] Roll metadata saved: front_month=CLJ6
2026-03-02 21:06:28 [INFO] Rolling window initialized: 14039 bars, latest=2026-03-03 05:05:00
2026-03-02 21:06:28 [INFO] Subscribing to live 5-min bars (Brain stream)...
2026-03-02 21:06:29 [INFO] Subscribed to continuous contract live bars
2026-03-02 21:06:29 [INFO] Subscribing to front-month bars (Hands stream: 202603)...
2026-03-02 21:06:29 [INFO] Subscribed to front-month live bars
2026-03-02 21:06:29 [INFO] Entering event loop (poll every 5.0s) ...
2026-03-02 21:06:29 [INFO] Press Ctrl+C to stop.
2026-03-02 21:06:55 [INFO] updatePortfolio: PortfolioItem(contract=Future(conId=304037436, symbol='CL', lastTradeDateOrContractMonth='20260320', right='0', multiplier='1000', primaryExchange='NYMEX', currency='USD', localSymbol='CLJ6', tradingClass='CL'), position=-2.0, marketPrice=72.70230865, marketValue=-145404.62, averageCost=72627.63, unrealizedPNL=-149.36, realizedPNL=-2221.1, account='DU1899929')
2026-03-02 21:09:55 [INFO] updatePortfolio: PortfolioItem(contract=Future(conId=304037436, symbol='CL', lastTradeDateOrContractMonth='20260320', right='0', multiplier='1000', primaryExchange='NYMEX', currency='USD', localSymbol='CLJ6', tradingClass='CL'), position=-2.0, marketPrice=72.73000335, marketValue=-145460.01, averageCost=72627.63, unrealizedPNL=-204.75, realizedPNL=-2221.1, account='DU1899929')
2026-03-02 21:10:05 [INFO] NEW BAR: 2026-03-03 05:10:00  O=72.72 H=72.72 L=72.72 C=72.72 V=2
2026-03-02 21:10:16 [INFO] [PNL] position=-2  unrealizedPnL=$-204.75  entryPrice=72.63  mktPrice=72.72  SL=N/A  TP=N/A  ATR=0.1262  held=0 bars
2026-03-02 21:10:16 [INFO] INFERENCE [Manatee] LONG: buy_prob=0.1744  sell_prob=0.0000  signal=Hold  action=HOLD  skip=BELOW_THRESHOLD
2026-03-02 21:12:49 [INFO] Warning 2103, reqId -1: Market data farm connection is broken:usopt.nj
2026-03-02 21:12:50 [INFO] Warning 2103, reqId -1: Market data farm connection is broken:usfarm
2026-03-02 21:12:50 [INFO] Warning 2103, reqId -1: Market data farm connection is broken:usfarm.nj
2026-03-02 21:12:51 [INFO] Warning 2104, reqId -1: Market data farm connection is OK:usopt.nj
2026-03-02 21:12:52 [INFO] Warning 2104, reqId -1: Market data farm connection is OK:usfarm
2026-03-02 21:12:52 [INFO] Warning 2104, reqId -1: Market data farm connection is OK:usfarm.nj
2026-03-02 21:12:55 [INFO] updatePortfolio: PortfolioItem(contract=Future(conId=304037436, symbol='CL', lastTradeDateOrContractMonth='20260320', right='0', multiplier='1000', primaryExchange='NYMEX', currency='USD', localSymbol='CLJ6', tradingClass='CL'), position=-2.0, marketPrice=72.69000245, marketValue=-145380.0, averageCost=72627.63, unrealizedPNL=-124.74, realizedPNL=-2221.1, account='DU1899929')
2026-03-02 21:15:05 [INFO] NEW BAR: 2026-03-03 05:15:00  O=72.72 H=72.72 L=72.72 C=72.72 V=1
2026-03-02 21:15:12 [INFO] [PNL] position=-2  unrealizedPnL=$-124.74  entryPrice=72.63  mktPrice=72.72  SL=N/A  TP=N/A  ATR=0.1172  held=1 bars
2026-03-02 21:15:12 [INFO] INFERENCE [Manatee] LONG: buy_prob=0.1703  sell_prob=0.0000  signal=Hold  action=HOLD  skip=BELOW_THRESHOLD
2026-03-02 21:15:55 [INFO] updatePortfolio: PortfolioItem(contract=Future(conId=304037436, symbol='CL', lastTradeDateOrContractMonth='20260320', right='0', multiplier='1000', primaryExchange='NYMEX', currency='USD', localSymbol='CLJ6', tradingClass='CL'), position=-2.0, marketPrice=72.66000365, marketValue=-145320.01, averageCost=72627.63, unrealizedPNL=-64.75, realizedPNL=-2221.1, account='DU1899929')
2026-03-02 21:19:27 [INFO] updatePortfolio: PortfolioItem(contract=Future(conId=304037436, symbol='CL', lastTradeDateOrContractMonth='20260320', right='0', multiplier='1000', primaryExchange='NYMEX', currency='USD', localSymbol='CLJ6', tradingClass='CL'), position=-2.0, marketPrice=72.6399994, marketValue=-145280.0, averageCost=72627.63, unrealizedPNL=-24.74, realizedPNL=-2221.1, account='DU1899929')
2026-03-02 21:20:05 [INFO] NEW BAR: 2026-03-03 05:20:00  O=72.65 H=72.66 L=72.65 C=72.66 V=19
2026-03-02 21:20:11 [INFO] [PNL] position=-2  unrealizedPnL=$-24.74  entryPrice=72.63  mktPrice=72.66  SL=N/A  TP=N/A  ATR=0.1138  held=2 bars
2026-03-02 21:20:12 [INFO] INFERENCE [Manatee] LONG: buy_prob=0.1755  sell_prob=0.0000  signal=Hold  action=HOLD  skip=BELOW_THRESHOLD
2026-03-02 21:22:15 [INFO] updatePortfolio: PortfolioItem(contract=Future(conId=304037436, symbol='CL', lastTradeDateOrContractMonth='20260320', right='0', multiplier='1000', primaryExchange='NYMEX', currency='USD', localSymbol='CLJ6', tradingClass='CL'), position=-2.0, marketPrice=72.65000155, marketValue=-145300.0, averageCost=72627.63, unrealizedPNL=-44.74, realizedPNL=-2221.1, account='DU1899929')
2026-03-02 21:22:17 [INFO] Warning 2103, reqId -1: Market data farm connection is broken:usfarm
2026-03-02 21:22:20 [INFO] Warning 2104, reqId -1: Market data farm connection is OK:usfarm
2026-03-02 21:22:50 [INFO] Warning 2103, reqId -1: Market data farm connection is broken:usfarm.nj
2026-03-02 21:22:52 [INFO] Warning 2104, reqId -1: Market data farm connection is OK:usfarm.nj
2026-03-02 21:22:53 [INFO] Warning 2103, reqId -1: Market data farm connection is broken:usopt.nj
2026-03-02 21:22:54 [INFO] Warning 2104, reqId -1: Market data farm connection is OK:usopt.nj
2026-03-02 21:25:05 [INFO] NEW BAR: 2026-03-03 05:25:00  O=72.72 H=72.72 L=72.72 C=72.72 V=5
2026-03-02 21:25:12 [INFO] [PNL] position=-2  unrealizedPnL=$-44.74  entryPrice=72.63  mktPrice=72.72  SL=N/A  TP=N/A  ATR=0.1100  held=3 bars
2026-03-02 21:25:12 [INFO] INFERENCE [Manatee] LONG: buy_prob=0.1716  sell_prob=0.0000  signal=Hold  action=HOLD  skip=BELOW_THRESHOLD
2026-03-02 21:25:15 [INFO] updatePortfolio: PortfolioItem(contract=Future(conId=304037436, symbol='CL', lastTradeDateOrContractMonth='20260320', right='0', multiplier='1000', primaryExchange='NYMEX', currency='USD', localSymbol='CLJ6', tradingClass='CL'), position=-2.0, marketPrice=72.7099991, marketValue=-145420.0, averageCost=72627.63, unrealizedPNL=-164.74, realizedPNL=-2221.1, account='DU1899929')
2026-03-02 21:28:15 [INFO] updatePortfolio: PortfolioItem(contract=Future(conId=304037436, symbol='CL', lastTradeDateOrContractMonth='20260320', right='0', multiplier='1000', primaryExchange='NYMEX', currency='USD', localSymbol='CLJ6', tradingClass='CL'), position=-2.0, marketPrice=72.73999785, marketValue=-145480.0, averageCost=72627.63, unrealizedPNL=-224.74, realizedPNL=-2221.1, account='DU1899929')
2026-03-02 21:30:04 [INFO] NEW BAR: 2026-03-03 05:30:00  O=72.66 H=72.72 L=72.54 C=72.70 V=312
2026-03-02 21:30:11 [INFO] [PNL] position=-2  unrealizedPnL=$-224.74  entryPrice=72.63  mktPrice=72.70  SL=N/A  TP=N/A  ATR=0.1150  held=4 bars
2026-03-02 21:30:11 [INFO] INFERENCE [Manatee] LONG: buy_prob=0.1734  sell_prob=0.0000  signal=Hold  action=HOLD  skip=BELOW_THRESHOLD
2026-03-02 21:31:15 [INFO] updatePortfolio: PortfolioItem(contract=Future(conId=304037436, symbol='CL', lastTradeDateOrContractMonth='20260320', right='0', multiplier='1000', primaryExchange='NYMEX', currency='USD', localSymbol='CLJ6', tradingClass='CL'), position=-2.0, marketPrice=72.7799988, marketValue=-145560.0, averageCost=72627.63, unrealizedPNL=-304.74, realizedPNL=-2221.1, account='DU1899929')
2026-03-02 21:31:38 [INFO] position: Position(account='DU1899929', contract=Future(conId=304037436, symbol='CL', lastTradeDateOrContractMonth='20260320', multiplier='1000', currency='USD', localSymbol='CLJ6', tradingClass='CL'), position=0.0, avgCost=0.0)
2026-03-02 21:31:38 [INFO] position: Position(account='DU1899929', contract=Future(conId=304037436, symbol='CL', lastTradeDateOrContractMonth='20260320', multiplier='1000', currency='USD', localSymbol='CLJ6', tradingClass='CL'), position=0.0, avgCost=0.0)
2026-03-02 21:31:38 [INFO] position: Position(account='DU1899929', contract=Future(conId=304037436, symbol='CL', lastTradeDateOrContractMonth='20260320', multiplier='1000', currency='USD', localSymbol='CLJ6', tradingClass='CL'), position=0.0, avgCost=0.0)
2026-03-02 21:31:39 [INFO] updatePortfolio: PortfolioItem(contract=Future(conId=304037436, symbol='CL', lastTradeDateOrContractMonth='20260320', right='0', multiplier='1000', primaryExchange='NYMEX', currency='USD', localSymbol='CLJ6', tradingClass='CL'), position=0.0, marketPrice=72.80000305, marketValue=0.0, averageCost=0.0, unrealizedPNL=0.0, realizedPNL=-2610.58, account='DU1899929')
2026-03-02 21:32:53 [ERROR] Error 1100, reqId -1: Connectivity between IBKR and Trader Workstation has been lost.
2026-03-02 21:32:59 [ERROR] Error 1100, reqId -1: Connectivity between IBKR and Trader Workstation has been lost.
2026-03-02 21:33:01 [ERROR] Error 1100, reqId -1: Connectivity between IBKR and Trader Workstation has been lost.
2026-03-02 21:33:08 [ERROR] Error 1100, reqId -1: Connectivity between IBKR and Trader Workstation has been lost.
2026-03-02 21:33:11 [ERROR] Error 1100, reqId -1: Connectivity between IBKR and Trader Workstation has been lost.
2026-03-02 21:33:18 [ERROR] Error 1100, reqId -1: Connectivity between IBKR and Trader Workstation has been lost.
2026-03-02 21:33:26 [ERROR] Error 1100, reqId -1: Connectivity between IBKR and Trader Workstation has been lost.
2026-03-02 21:33:35 [ERROR] Error 1100, reqId -1: Connectivity between IBKR and Trader Workstation has been lost.
2026-03-02 21:33:47 [INFO] Warning 165, reqId 11: Historical Market Data Service query message:HMDS server connection was successful.
2026-03-02 21:33:47 [ERROR] Value ([],) caused exception for event Event<updateEvent, [[None, <weakref at 0x000002011BF2BE70; to 'LiveTrader' at 0x000002011BC53CA0>, <function LiveTrader._on_front_month_bar_update at 0x000002011BC75B40>]]>
Traceback (most recent call last):
  File "C:\Users\bwang\anaconda3\envs\trader\lib\site-packages\eventkit\event.py", line 205, in emit
    result = func(obj, *args)
TypeError: LiveTrader._on_front_month_bar_update() missing 1 required positional argument: 'has_new_bar'
2026-03-02 21:33:47 [INFO] Warning 165, reqId 10: Historical Market Data Service query message:HMDS server connection was successful.
2026-03-02 21:33:47 [ERROR] Value ([],) caused exception for event Event<updateEvent, [[None, <weakref at 0x000002011BF29E90; to 'LiveTrader' at 0x000002011BC53CA0>, <function LiveTrader._on_bar_update at 0x000002011BC75BD0>]]>
Traceback (most recent call last):
  File "C:\Users\bwang\anaconda3\envs\trader\lib\site-packages\eventkit\event.py", line 205, in emit
    result = func(obj, *args)
TypeError: LiveTrader._on_bar_update() missing 1 required positional argument: 'has_new_bar'
2026-03-02 21:33:47 [ERROR] Error 1102, reqId -1: Connectivity between IBKR and Trader Workstation has been restored - data maintained. All data farms are connected: cashfarm; usfuture; usopt.nj; usfarm.nj; usfarm; euhmds; fundfarm; ushmds; secdefnj.
2026-03-02 21:33:48 [INFO] updatePortfolio: PortfolioItem(contract=Future(conId=304037436, symbol='CL', lastTradeDateOrContractMonth='20260320', right='0', multiplier='1000', primaryExchange='NYMEX', currency='USD', localSymbol='CLJ6', tradingClass='CL'), position=0.0, marketPrice=73.12000275, marketValue=0.0, averageCost=0.0, unrealizedPNL=0.0, realizedPNL=-2610.58, account='DU1899929')
2026-03-02 21:36:30 [INFO] updatePortfolio: PortfolioItem(contract=Future(conId=304037436, symbol='CL', lastTradeDateOrContractMonth='20260320', right='0', multiplier='1000', primaryExchange='NYMEX', currency='USD', localSymbol='CLJ6', tradingClass='CL'), position=0.0, marketPrice=73.37000275, marketValue=0.0, averageCost=0.0, unrealizedPNL=0.0, realizedPNL=-2610.58, account='DU1899929')
2026-03-02 21:39:30 [INFO] updatePortfolio: PortfolioItem(contract=Future(conId=304037436, symbol='CL', lastTradeDateOrContractMonth='20260320', right='0', multiplier='1000', primaryExchange='NYMEX', currency='USD', localSymbol='CLJ6', tradingClass='CL'), position=0.0, marketPrice=73.1399994, marketValue=0.0, averageCost=0.0, unrealizedPNL=0.0, realizedPNL=-2610.58, account='DU1899929')
2026-03-02 21:42:30 [INFO] updatePortfolio: PortfolioItem(contract=Future(conId=304037436, symbol='CL', lastTradeDateOrContractMonth='20260320', right='0', multiplier='1000', primaryExchange='NYMEX', currency='USD', localSymbol='CLJ6', tradingClass='CL'), position=0.0, marketPrice=73.2799988, marketValue=0.0, averageCost=0.0, unrealizedPNL=0.0, realizedPNL=-2610.58, account='DU1899929')
2026-03-02 21:45:30 [INFO] updatePortfolio: PortfolioItem(contract=Future(conId=304037436, symbol='CL', lastTradeDateOrContractMonth='20260320', right='0', multiplier='1000', primaryExchange='NYMEX', currency='USD', localSymbol='CLJ6', tradingClass='CL'), position=0.0, marketPrice=73.15000155, marketValue=0.0, averageCost=0.0, unrealizedPNL=0.0, realizedPNL=-2610.58, account='DU1899929')
2026-03-02 21:48:30 [INFO] updatePortfolio: PortfolioItem(contract=Future(conId=304037436, symbol='CL', lastTradeDateOrContractMonth='20260320', right='0', multiplier='1000', primaryExchange='NYMEX', currency='USD', localSymbol='CLJ6', tradingClass='CL'), position=0.0, marketPrice=73.0, marketValue=0.0, averageCost=0.0, unrealizedPNL=0.0, realizedPNL=-2610.58, account='DU1899929')
2026-03-02 21:51:30 [INFO] updatePortfolio: PortfolioItem(contract=Future(conId=304037436, symbol='CL', lastTradeDateOrContractMonth='20260320', right='0', multiplier='1000', primaryExchange='NYMEX', currency='USD', localSymbol='CLJ6', tradingClass='CL'), position=0.0, marketPrice=72.8199997, marketValue=0.0, averageCost=0.0, unrealizedPNL=0.0, realizedPNL=-2610.58, account='DU1899929')
2026-03-02 21:54:30 [INFO] updatePortfolio: PortfolioItem(contract=Future(conId=304037436, symbol='CL', lastTradeDateOrContractMonth='20260320', right='0', multiplier='1000', primaryExchange='NYMEX', currency='USD', localSymbol='CLJ6', tradingClass='CL'), position=0.0, marketPrice=72.73000335, marketValue=0.0, averageCost=0.0, unrealizedPNL=0.0, realizedPNL=-2610.58, account='DU1899929')
2026-03-02 21:57:30 [INFO] updatePortfolio: PortfolioItem(contract=Future(conId=304037436, symbol='CL', lastTradeDateOrContractMonth='20260320', right='0', multiplier='1000', primaryExchange='NYMEX', currency='USD', localSymbol='CLJ6', tradingClass='CL'), position=0.0, marketPrice=72.6800003, marketValue=0.0, averageCost=0.0, unrealizedPNL=0.0, realizedPNL=-2610.58, account='DU1899929')
2026-03-02 22:00:30 [INFO] updatePortfolio: PortfolioItem(contract=Future(conId=304037436, symbol='CL', lastTradeDateOrContractMonth='20260320', right='0', multiplier='1000', primaryExchange='NYMEX', currency='USD', localSymbol='CLJ6', tradingClass='CL'), position=0.0, marketPrice=72.84999845, marketValue=0.0, averageCost=0.0, unrealizedPNL=0.0, realizedPNL=-2610.58, account='DU1899929')
2026-03-02 22:03:30 [INFO] updatePortfolio: PortfolioItem(contract=Future(conId=304037436, symbol='CL', lastTradeDateOrContractMonth='20260320', right='0', multiplier='1000', primaryExchange='NYMEX', currency='USD', localSymbol='CLJ6', tradingClass='CL'), position=0.0, marketPrice=72.73000335, marketValue=0.0, averageCost=0.0, unrealizedPNL=0.0, realizedPNL=-2610.58, account='DU1899929')
2026-03-02 22:06:30 [INFO] updatePortfolio: PortfolioItem(contract=Future(conId=304037436, symbol='CL', lastTradeDateOrContractMonth='20260320', right='0', multiplier='1000', primaryExchange='NYMEX', currency='USD', localSymbol='CLJ6', tradingClass='CL'), position=0.0, marketPrice=72.5400009, marketValue=0.0, averageCost=0.0, unrealizedPNL=0.0, realizedPNL=-2610.58, account='DU1899929')
2026-03-02 22:09:30 [INFO] updatePortfolio: PortfolioItem(contract=Future(conId=304037436, symbol='CL', lastTradeDateOrContractMonth='20260320', right='0', multiplier='1000', primaryExchange='NYMEX', currency='USD', localSymbol='CLJ6', tradingClass='CL'), position=0.0, marketPrice=72.48999785, marketValue=0.0, averageCost=0.0, unrealizedPNL=0.0, realizedPNL=-2610.58, account='DU1899929')
2026-03-02 22:12:30 [INFO] updatePortfolio: PortfolioItem(contract=Future(conId=304037436, symbol='CL', lastTradeDateOrContractMonth='20260320', right='0', multiplier='1000', primaryExchange='NYMEX', currency='USD', localSymbol='CLJ6', tradingClass='CL'), position=0.0, marketPrice=72.48000335, marketValue=0.0, averageCost=0.0, unrealizedPNL=0.0, realizedPNL=-2610.58, account='DU1899929')
2026-03-02 22:16:53 [INFO] updatePortfolio: PortfolioItem(contract=Future(conId=304037436, symbol='CL', lastTradeDateOrContractMonth='20260320', right='0', multiplier='1000', primaryExchange='NYMEX', currency='USD', localSymbol='CLJ6', tradingClass='CL'), position=0.0, marketPrice=72.41999815, marketValue=0.0, averageCost=0.0, unrealizedPNL=0.0, realizedPNL=-2610.58, account='DU1899929')
2026-03-02 22:16:59 [INFO] updatePortfolio: PortfolioItem(contract=Future(conId=304037436, symbol='CL', lastTradeDateOrContractMonth='20260320', right='0', multiplier='1000', primaryExchange='NYMEX', currency='USD', localSymbol='CLJ6', tradingClass='CL'), position=0.0, marketPrice=72.41000365, marketValue=0.0, averageCost=0.0, unrealizedPNL=0.0, realizedPNL=-2610.58, account='DU1899929')
2026-03-02 22:19:59 [INFO] updatePortfolio: PortfolioItem(contract=Future(conId=304037436, symbol='CL', lastTradeDateOrContractMonth='20260320', right='0', multiplier='1000', primaryExchange='NYMEX', currency='USD', localSymbol='CLJ6', tradingClass='CL'), position=0.0, marketPrice=72.51000215, marketValue=0.0, averageCost=0.0, unrealizedPNL=0.0, realizedPNL=-2610.58, account='DU1899929')
2026-03-02 22:22:30 [INFO] position: Position(account='DU1899929', contract=Future(conId=304037436, symbol='CL', lastTradeDateOrContractMonth='20260320', multiplier='1000', currency='USD', localSymbol='CLJ6', tradingClass='CL'), position=0.0, avgCost=0.0)
2026-03-02 22:22:59 [INFO] updatePortfolio: PortfolioItem(contract=Future(conId=304037436, symbol='CL', lastTradeDateOrContractMonth='20260320', right='0', multiplier='1000', primaryExchange='NYMEX', currency='USD', localSymbol='CLJ6', tradingClass='CL'), position=0.0, marketPrice=72.51999665, marketValue=0.0, averageCost=0.0, unrealizedPNL=0.0, realizedPNL=-2610.58, account='DU1899929')
2026-03-02 22:25:59 [INFO] updatePortfolio: PortfolioItem(contract=Future(conId=304037436, symbol='CL', lastTradeDateOrContractMonth='20260320', right='0', multiplier='1000', primaryExchange='NYMEX', currency='USD', localSymbol='CLJ6', tradingClass='CL'), position=0.0, marketPrice=72.48000335, marketValue=0.0, averageCost=0.0, unrealizedPNL=0.0, realizedPNL=-2610.58, account='DU1899929')
2026-03-02 22:28:59 [INFO] updatePortfolio: PortfolioItem(contract=Future(conId=304037436, symbol='CL', lastTradeDateOrContractMonth='20260320', right='0', multiplier='1000', primaryExchange='NYMEX', currency='USD', localSymbol='CLJ6', tradingClass='CL'), position=0.0, marketPrice=72.66999815, marketValue=0.0, averageCost=0.0, unrealizedPNL=0.0, realizedPNL=-2610.58, account='DU1899929')
2026-03-02 22:31:59 [INFO] updatePortfolio: PortfolioItem(contract=Future(conId=304037436, symbol='CL', lastTradeDateOrContractMonth='20260320', right='0', multiplier='1000', primaryExchange='NYMEX', currency='USD', localSymbol='CLJ6', tradingClass='CL'), position=0.0, marketPrice=72.8321533, marketValue=0.0, averageCost=0.0, unrealizedPNL=0.0, realizedPNL=-2610.58, account='DU1899929')
2026-03-02 22:34:59 [INFO] updatePortfolio: PortfolioItem(contract=Future(conId=304037436, symbol='CL', lastTradeDateOrContractMonth='20260320', right='0', multiplier='1000', primaryExchange='NYMEX', currency='USD', localSymbol='CLJ6', tradingClass='CL'), position=0.0, marketPrice=72.80999755, marketValue=0.0, averageCost=0.0, unrealizedPNL=0.0, realizedPNL=-2610.58, account='DU1899929')
2026-03-02 22:37:59 [INFO] updatePortfolio: PortfolioItem(contract=Future(conId=304037436, symbol='CL', lastTradeDateOrContractMonth='20260320', right='0', multiplier='1000', primaryExchange='NYMEX', currency='USD', localSymbol='CLJ6', tradingClass='CL'), position=0.0, marketPrice=72.7799988, marketValue=0.0, averageCost=0.0, unrealizedPNL=0.0, realizedPNL=-2610.58, account='DU1899929')
2026-03-02 22:40:59 [INFO] updatePortfolio: PortfolioItem(contract=Future(conId=304037436, symbol='CL', lastTradeDateOrContractMonth='20260320', right='0', multiplier='1000', primaryExchange='NYMEX', currency='USD', localSymbol='CLJ6', tradingClass='CL'), position=0.0, marketPrice=72.8199997, marketValue=0.0, averageCost=0.0, unrealizedPNL=0.0, realizedPNL=-2610.58, account='DU1899929')
2026-03-02 22:43:59 [INFO] updatePortfolio: PortfolioItem(contract=Future(conId=304037436, symbol='CL', lastTradeDateOrContractMonth='20260320', right='0', multiplier='1000', primaryExchange='NYMEX', currency='USD', localSymbol='CLJ6', tradingClass='CL'), position=0.0, marketPrice=72.90000155, marketValue=0.0, averageCost=0.0, unrealizedPNL=0.0, realizedPNL=-2610.58, account='DU1899929')
2026-03-02 22:46:59 [INFO] updatePortfolio: PortfolioItem(contract=Future(conId=304037436, symbol='CL', lastTradeDateOrContractMonth='20260320', right='0', multiplier='1000', primaryExchange='NYMEX', currency='USD', localSymbol='CLJ6', tradingClass='CL'), position=0.0, marketPrice=72.76999665, marketValue=0.0, averageCost=0.0, unrealizedPNL=0.0, realizedPNL=-2610.58, account='DU1899929')
2026-03-02 22:49:59 [INFO] updatePortfolio: PortfolioItem(contract=Future(conId=304037436, symbol='CL', lastTradeDateOrContractMonth='20260320', right='0', multiplier='1000', primaryExchange='NYMEX', currency='USD', localSymbol='CLJ6', tradingClass='CL'), position=0.0, marketPrice=72.7833328, marketValue=0.0, averageCost=0.0, unrealizedPNL=0.0, realizedPNL=-2610.58, account='DU1899929')
2026-03-02 22:52:59 [INFO] updatePortfolio: PortfolioItem(contract=Future(conId=304037436, symbol='CL', lastTradeDateOrContractMonth='20260320', right='0', multiplier='1000', primaryExchange='NYMEX', currency='USD', localSymbol='CLJ6', tradingClass='CL'), position=0.0, marketPrice=72.83999635, marketValue=0.0, averageCost=0.0, unrealizedPNL=0.0, realizedPNL=-2610.58, account='DU1899929')
2026-03-02 22:55:59 [INFO] updatePortfolio: PortfolioItem(contract=Future(conId=304037436, symbol='CL', lastTradeDateOrContractMonth='20260320', right='0', multiplier='1000', primaryExchange='NYMEX', currency='USD', localSymbol='CLJ6', tradingClass='CL'), position=0.0, marketPrice=73.0299988, marketValue=0.0, averageCost=0.0, unrealizedPNL=0.0, realizedPNL=-2610.58, account='DU1899929')
2026-03-02 22:58:59 [INFO] updatePortfolio: PortfolioItem(contract=Future(conId=304037436, symbol='CL', lastTradeDateOrContractMonth='20260320', right='0', multiplier='1000', primaryExchange='NYMEX', currency='USD', localSymbol='CLJ6', tradingClass='CL'), position=0.0, marketPrice=72.91999815, marketValue=0.0, averageCost=0.0, unrealizedPNL=0.0, realizedPNL=-2610.58, account='DU1899929')
2026-03-02 23:01:59 [INFO] updatePortfolio: PortfolioItem(contract=Future(conId=304037436, symbol='CL', lastTradeDateOrContractMonth='20260320', right='0', multiplier='1000', primaryExchange='NYMEX', currency='USD', localSymbol='CLJ6', tradingClass='CL'), position=0.0, marketPrice=73.05000305, marketValue=0.0, averageCost=0.0, unrealizedPNL=0.0, realizedPNL=-2610.58, account='DU1899929')
2026-03-02 23:04:59 [INFO] updatePortfolio: PortfolioItem(contract=Future(conId=304037436, symbol='CL', lastTradeDateOrContractMonth='20260320', right='0', multiplier='1000', primaryExchange='NYMEX', currency='USD', localSymbol='CLJ6', tradingClass='CL'), position=0.0, marketPrice=73.12999725, marketValue=0.0, averageCost=0.0, unrealizedPNL=0.0, realizedPNL=-2610.58, account='DU1899929')
2026-03-02 23:07:59 [INFO] updatePortfolio: PortfolioItem(contract=Future(conId=304037436, symbol='CL', lastTradeDateOrContractMonth='20260320', right='0', multiplier='1000', primaryExchange='NYMEX', currency='USD', localSymbol='CLJ6', tradingClass='CL'), position=0.0, marketPrice=73.09999845, marketValue=0.0, averageCost=0.0, unrealizedPNL=0.0, realizedPNL=-2610.58, account='DU1899929')
2026-03-02 23:10:59 [INFO] updatePortfolio: PortfolioItem(contract=Future(conId=304037436, symbol='CL', lastTradeDateOrContractMonth='20260320', right='0', multiplier='1000', primaryExchange='NYMEX', currency='USD', localSymbol='CLJ6', tradingClass='CL'), position=0.0, marketPrice=73.16000365, marketValue=0.0, averageCost=0.0, unrealizedPNL=0.0, realizedPNL=-2610.58, account='DU1899929')
2026-03-02 23:13:59 [INFO] updatePortfolio: PortfolioItem(contract=Future(conId=304037436, symbol='CL', lastTradeDateOrContractMonth='20260320', right='0', multiplier='1000', primaryExchange='NYMEX', currency='USD', localSymbol='CLJ6', tradingClass='CL'), position=0.0, marketPrice=73.24407195, marketValue=0.0, averageCost=0.0, unrealizedPNL=0.0, realizedPNL=-2610.58, account='DU1899929')
2026-03-02 23:16:59 [INFO] updatePortfolio: PortfolioItem(contract=Future(conId=304037436, symbol='CL', lastTradeDateOrContractMonth='20260320', right='0', multiplier='1000', primaryExchange='NYMEX', currency='USD', localSymbol='CLJ6', tradingClass='CL'), position=0.0, marketPrice=73.25, marketValue=0.0, averageCost=0.0, unrealizedPNL=0.0, realizedPNL=-2610.58, account='DU1899929')
2026-03-02 23:19:59 [INFO] updatePortfolio: PortfolioItem(contract=Future(conId=304037436, symbol='CL', lastTradeDateOrContractMonth='20260320', right='0', multiplier='1000', primaryExchange='NYMEX', currency='USD', localSymbol='CLJ6', tradingClass='CL'), position=0.0, marketPrice=73.1800003, marketValue=0.0, averageCost=0.0, unrealizedPNL=0.0, realizedPNL=-2610.58, account='DU1899929')
2026-03-02 23:22:59 [INFO] updatePortfolio: PortfolioItem(contract=Future(conId=304037436, symbol='CL', lastTradeDateOrContractMonth='20260320', right='0', multiplier='1000', primaryExchange='NYMEX', currency='USD', localSymbol='CLJ6', tradingClass='CL'), position=0.0, marketPrice=73.2799988, marketValue=0.0, averageCost=0.0, unrealizedPNL=0.0, realizedPNL=-2610.58, account='DU1899929')
2026-03-02 23:25:59 [INFO] updatePortfolio: PortfolioItem(contract=Future(conId=304037436, symbol='CL', lastTradeDateOrContractMonth='20260320', right='0', multiplier='1000', primaryExchange='NYMEX', currency='USD', localSymbol='CLJ6', tradingClass='CL'), position=0.0, marketPrice=73.18442535, marketValue=0.0, averageCost=0.0, unrealizedPNL=0.0, realizedPNL=-2610.58, account='DU1899929')
2026-03-02 23:28:59 [INFO] updatePortfolio: PortfolioItem(contract=Future(conId=304037436, symbol='CL', lastTradeDateOrContractMonth='20260320', right='0', multiplier='1000', primaryExchange='NYMEX', currency='USD', localSymbol='CLJ6', tradingClass='CL'), position=0.0, marketPrice=73.25, marketValue=0.0, averageCost=0.0, unrealizedPNL=0.0, realizedPNL=-2610.58, account='DU1899929')
2026-03-02 23:31:59 [INFO] updatePortfolio: PortfolioItem(contract=Future(conId=304037436, symbol='CL', lastTradeDateOrContractMonth='20260320', right='0', multiplier='1000', primaryExchange='NYMEX', currency='USD', localSymbol='CLJ6', tradingClass='CL'), position=0.0, marketPrice=73.19000245, marketValue=0.0, averageCost=0.0, unrealizedPNL=0.0, realizedPNL=-2610.58, account='DU1899929')
2026-03-02 23:34:59 [INFO] updatePortfolio: PortfolioItem(contract=Future(conId=304037436, symbol='CL', lastTradeDateOrContractMonth='20260320', right='0', multiplier='1000', primaryExchange='NYMEX', currency='USD', localSymbol='CLJ6', tradingClass='CL'), position=0.0, marketPrice=73.19999695, marketValue=0.0, averageCost=0.0, unrealizedPNL=0.0, realizedPNL=-2610.58, account='DU1899929')
2026-03-02 23:37:59 [INFO] updatePortfolio: PortfolioItem(contract=Future(conId=304037436, symbol='CL', lastTradeDateOrContractMonth='20260320', right='0', multiplier='1000', primaryExchange='NYMEX', currency='USD', localSymbol='CLJ6', tradingClass='CL'), position=0.0, marketPrice=73.4300003, marketValue=0.0, averageCost=0.0, unrealizedPNL=0.0, realizedPNL=-2610.58, account='DU1899929')
2026-03-02 23:40:59 [INFO] updatePortfolio: PortfolioItem(contract=Future(conId=304037436, symbol='CL', lastTradeDateOrContractMonth='20260320', right='0', multiplier='1000', primaryExchange='NYMEX', currency='USD', localSymbol='CLJ6', tradingClass='CL'), position=0.0, marketPrice=73.66000365, marketValue=0.0, averageCost=0.0, unrealizedPNL=0.0, realizedPNL=-2610.58, account='DU1899929')
2026-03-02 23:43:59 [INFO] updatePortfolio: PortfolioItem(contract=Future(conId=304037436, symbol='CL', lastTradeDateOrContractMonth='20260320', right='0', multiplier='1000', primaryExchange='NYMEX', currency='USD', localSymbol='CLJ6', tradingClass='CL'), position=0.0, marketPrice=73.80999755, marketValue=0.0, averageCost=0.0, unrealizedPNL=0.0, realizedPNL=-2610.58, account='DU1899929')
2026-03-02 23:46:59 [INFO] updatePortfolio: PortfolioItem(contract=Future(conId=304037436, symbol='CL', lastTradeDateOrContractMonth='20260320', right='0', multiplier='1000', primaryExchange='NYMEX', currency='USD', localSymbol='CLJ6', tradingClass='CL'), position=0.0, marketPrice=73.73999785, marketValue=0.0, averageCost=0.0, unrealizedPNL=0.0, realizedPNL=-2610.58, account='DU1899929')
2026-03-02 23:49:59 [INFO] updatePortfolio: PortfolioItem(contract=Future(conId=304037436, symbol='CL', lastTradeDateOrContractMonth='20260320', right='0', multiplier='1000', primaryExchange='NYMEX', currency='USD', localSymbol='CLJ6', tradingClass='CL'), position=0.0, marketPrice=73.9599991, marketValue=0.0, averageCost=0.0, unrealizedPNL=0.0, realizedPNL=-2610.58, account='DU1899929')
2026-03-02 23:52:59 [INFO] updatePortfolio: PortfolioItem(contract=Future(conId=304037436, symbol='CL', lastTradeDateOrContractMonth='20260320', right='0', multiplier='1000', primaryExchange='NYMEX', currency='USD', localSymbol='CLJ6', tradingClass='CL'), position=0.0, marketPrice=74.05999755, marketValue=0.0, averageCost=0.0, unrealizedPNL=0.0, realizedPNL=-2610.58, account='DU1899929')
2026-03-02 23:56:08 [INFO] File logging enabled: C:\Users\bwang\Documents\GitHub\CL_Analyst\reports\livetrader_10.log
2026-03-02 23:56:08 [INFO] ============================================================
2026-03-02 23:56:08 [INFO] LiveTrader starting (dry_run=False)
2026-03-02 23:56:08 [INFO] ============================================================
2026-03-02 23:56:08 [INFO] Connecting to IBKR at 127.0.0.1:4002 ...
2026-03-02 23:56:08 [INFO] Attempting IBKR connection on 127.0.0.1:4002 (clientId=10) ...
2026-03-02 23:56:08 [INFO] Connecting to 127.0.0.1:4002 with clientId 10...
2026-03-02 23:56:10 [INFO] Disconnecting
2026-03-02 23:56:10 [ERROR] API connection failed: ConnectionRefusedError(22, 'The remote computer refused the network connection', None, 1225, None)
2026-03-02 23:56:10 [ERROR] Make sure API port on TWS/IBG is open
2026-03-02 23:56:10 [WARNING] Connection failed on port 4002: [WinError 1225] The remote computer refused the network connection
2026-03-02 23:56:10 [INFO] Attempting IBKR connection on 127.0.0.1:7497 (clientId=10) ...
2026-03-02 23:56:10 [INFO] Connecting to 127.0.0.1:7497 with clientId 10...
2026-03-02 23:56:10 [INFO] Connected
2026-03-02 23:56:10 [INFO] Logged on to server version 176
2026-03-02 23:56:10 [INFO] Warning 2104, reqId -1: Market data farm connection is OK:cashfarm
2026-03-02 23:56:10 [INFO] Warning 2104, reqId -1: Market data farm connection is OK:usfuture
2026-03-02 23:56:10 [INFO] Warning 2104, reqId -1: Market data farm connection is OK:usopt.nj
2026-03-02 23:56:10 [INFO] Warning 2104, reqId -1: Market data farm connection is OK:usfarm.nj
2026-03-02 23:56:10 [INFO] Warning 2104, reqId -1: Market data farm connection is OK:usfarm
2026-03-02 23:56:10 [INFO] Warning 2106, reqId -1: HMDS data farm connection is OK:euhmds
2026-03-02 23:56:10 [INFO] Warning 2106, reqId -1: HMDS data farm connection is OK:fundfarm
2026-03-02 23:56:10 [INFO] Warning 2106, reqId -1: HMDS data farm connection is OK:ushmds
2026-03-02 23:56:10 [INFO] Warning 2158, reqId -1: Sec-def data farm connection is OK:secdefnj
2026-03-02 23:56:10 [INFO] API connection ready
2026-03-02 23:56:10 [INFO] position: Position(account='DU1899929', contract=Future(conId=304037436, symbol='CL', lastTradeDateOrContractMonth='20260320', multiplier='1000', currency='USD', localSymbol='CLJ6', tradingClass='CL'), position=0.0, avgCost=0.0)
2026-03-02 23:56:10 [INFO] updatePortfolio: PortfolioItem(contract=Future(conId=304037436, symbol='CL', lastTradeDateOrContractMonth='20260320', right='0', multiplier='1000', primaryExchange='NYMEX', currency='USD', localSymbol='CLJ6', tradingClass='CL'), position=0.0, marketPrice=73.8199997, marketValue=0.0, averageCost=0.0, unrealizedPNL=0.0, realizedPNL=-2610.58, account='DU1899929')
2026-03-02 23:56:10 [INFO] execDetails Execution(execId='0000e1a7.69a54fc5.01.01', time=datetime.datetime(2026, 3, 2, 9, 10, 13, tzinfo=datetime.timezone.utc), acctNumber='DU1899929', exchange='NYMEX', side='SLD', shares=1.0, price=71.92, permId=1360351955, clientId=13, orderId=11, liquidation=0, cumQty=1.0, avgPrice=71.92, orderRef='', evRule='', evMultiplier=0.0, modelCode='', lastLiquidity=1)
2026-03-02 23:56:10 [INFO] execDetails Execution(execId='0000e1a7.69a54fc6.01.01', time=datetime.datetime(2026, 3, 2, 9, 10, 13, tzinfo=datetime.timezone.utc), acctNumber='DU1899929', exchange='NYMEX', side='SLD', shares=1.0, price=71.92, permId=1360351955, clientId=13, orderId=11, liquidation=0, cumQty=2.0, avgPrice=71.92, orderRef='', evRule='', evMultiplier=0.0, modelCode='', lastLiquidity=1)
2026-03-02 23:56:10 [INFO] execDetails Execution(execId='0000e1a7.69a55356.01.01', time=datetime.datetime(2026, 3, 2, 9, 24, 24, tzinfo=datetime.timezone.utc), acctNumber='DU1899929', exchange='NYMEX', side='SLD', shares=1.0, price=72.23, permId=1360351950, clientId=13, orderId=8, liquidation=0, cumQty=1.0, avgPrice=72.23, orderRef='', evRule='', evMultiplier=0.0, modelCode='', lastLiquidity=1)
2026-03-02 23:56:10 [INFO] execDetails Execution(execId='0000e1a7.69a55357.01.01', time=datetime.datetime(2026, 3, 2, 9, 24, 24, tzinfo=datetime.timezone.utc), acctNumber='DU1899929', exchange='NYMEX', side='SLD', shares=1.0, price=72.23, permId=1360351950, clientId=13, orderId=8, liquidation=0, cumQty=2.0, avgPrice=72.23, orderRef='', evRule='', evMultiplier=0.0, modelCode='', lastLiquidity=1)
2026-03-02 23:56:10 [INFO] execDetails Execution(execId='0000e1a7.69a58542.01.01', time=datetime.datetime(2026, 3, 2, 12, 31, 43, tzinfo=datetime.timezone.utc), acctNumber='DU1899929', exchange='NYMEX', side='BOT', shares=2.0, price=72.86, permId=1360351957, clientId=13, orderId=13, liquidation=0, cumQty=2.0, avgPrice=72.86, orderRef='', evRule='', evMultiplier=0.0, modelCode='', lastLiquidity=1)
2026-03-02 23:56:10 [INFO] execDetails Execution(execId='0000e1a7.69a5d9b2.01.01', time=datetime.datetime(2026, 3, 2, 14, 46, 27, tzinfo=datetime.timezone.utc), acctNumber='DU1899929', exchange='NYMEX', side='BOT', shares=1.0, price=71.1, permId=1360351951, clientId=13, orderId=9, liquidation=0, cumQty=1.0, avgPrice=71.1, orderRef='', evRule='', evMultiplier=0.0, modelCode='', lastLiquidity=1)
2026-03-02 23:56:10 [INFO] execDetails Execution(execId='0000e1a7.69a5d9b3.01.01', time=datetime.datetime(2026, 3, 2, 14, 46, 27, tzinfo=datetime.timezone.utc), acctNumber='DU1899929', exchange='NYMEX', side='BOT', shares=1.0, price=71.1, permId=1360351951, clientId=13, orderId=9, liquidation=0, cumQty=2.0, avgPrice=71.1, orderRef='', evRule='', evMultiplier=0.0, modelCode='', lastLiquidity=1)
2026-03-02 23:56:10 [INFO] execDetails Execution(execId='0000e1a7.69a5fa68.01.01', time=datetime.datetime(2026, 3, 2, 15, 20, 14, tzinfo=datetime.timezone.utc), acctNumber='DU1899929', exchange='NYMEX', side='SLD', shares=2.0, price=71.42, permId=1360352000, clientId=13, orderId=21, liquidation=0, cumQty=2.0, avgPrice=71.42, orderRef='', evRule='', evMultiplier=0.0, modelCode='', lastLiquidity=1)
2026-03-02 23:56:10 [INFO] execDetails Execution(execId='0000e1a7.69a6327e.01.01', time=datetime.datetime(2026, 3, 2, 16, 49, 12, tzinfo=datetime.timezone.utc), acctNumber='DU1899929', exchange='NYMEX', side='BOT', shares=2.0, price=70.1, permId=1360352001, clientId=13, orderId=22, liquidation=0, cumQty=2.0, avgPrice=70.1, orderRef='', evRule='', evMultiplier=0.0, modelCode='', lastLiquidity=1)
2026-03-02 23:56:10 [INFO] execDetails Execution(execId='0000e1a7.69a632d0.01.01', time=datetime.datetime(2026, 3, 2, 16, 50, 11, tzinfo=datetime.timezone.utc), acctNumber='DU1899929', exchange='NYMEX', side='SLD', shares=3.0, price=70.62, permId=1360352027, clientId=13, orderId=31, liquidation=0, cumQty=3.0, avgPrice=70.62, orderRef='', evRule='', evMultiplier=0.0, modelCode='', lastLiquidity=1)
2026-03-02 23:56:10 [INFO] execDetails Execution(execId='0000e1a7.69a67d3b.01.01', time=datetime.datetime(2026, 3, 2, 20, 6, 31, tzinfo=datetime.timezone.utc), acctNumber='DU1899929', exchange='NYMEX', side='BOT', shares=2.0, price=71.46, permId=1360352029, clientId=13, orderId=33, liquidation=0, cumQty=2.0, avgPrice=71.46, orderRef='', evRule='', evMultiplier=0.0, modelCode='', lastLiquidity=1)
2026-03-02 23:56:10 [INFO] execDetails Execution(execId='0000e1a7.69a67d3c.01.01', time=datetime.datetime(2026, 3, 2, 20, 6, 31, tzinfo=datetime.timezone.utc), acctNumber='DU1899929', exchange='NYMEX', side='BOT', shares=1.0, price=71.53, permId=1360352029, clientId=13, orderId=33, liquidation=0, cumQty=3.0, avgPrice=71.483333, orderRef='', evRule='', evMultiplier=0.0, modelCode='', lastLiquidity=1)
2026-03-02 23:56:10 [INFO] execDetails Execution(execId='0000e1a7.69a68136.01.01', time=datetime.datetime(2026, 3, 2, 20, 10, 11, tzinfo=datetime.timezone.utc), acctNumber='DU1899929', exchange='NYMEX', side='SLD', shares=3.0, price=72.41, permId=1360352030, clientId=13, orderId=34, liquidation=0, cumQty=3.0, avgPrice=72.41, orderRef='', evRule='', evMultiplier=0.0, modelCode='', lastLiquidity=1)
2026-03-02 23:56:10 [INFO] execDetails Execution(execId='0000e1a7.69a68658.01.01', time=datetime.datetime(2026, 3, 2, 20, 16, 17, tzinfo=datetime.timezone.utc), acctNumber='DU1899929', exchange='NYMEX', side='BOT', shares=1.0, price=71.64, permId=1360352031, clientId=13, orderId=35, liquidation=0, cumQty=1.0, avgPrice=71.64, orderRef='', evRule='', evMultiplier=0.0, modelCode='', lastLiquidity=1)
2026-03-02 23:56:10 [INFO] execDetails Execution(execId='0000e1a7.69a68659.01.01', time=datetime.datetime(2026, 3, 2, 20, 16, 17, tzinfo=datetime.timezone.utc), acctNumber='DU1899929', exchange='NYMEX', side='BOT', shares=2.0, price=71.64, permId=1360352031, clientId=13, orderId=35, liquidation=0, cumQty=3.0, avgPrice=71.64, orderRef='', evRule='', evMultiplier=0.0, modelCode='', lastLiquidity=1)
2026-03-02 23:56:10 [INFO] execDetails Execution(execId='0000e1a7.69a688ca.01.01', time=datetime.datetime(2026, 3, 2, 20, 20, 11, tzinfo=datetime.timezone.utc), acctNumber='DU1899929', exchange='NYMEX', side='SLD', shares=2.0, price=72.44, permId=1360352033, clientId=13, orderId=37, liquidation=0, cumQty=2.0, avgPrice=72.44, orderRef='', evRule='', evMultiplier=0.0, modelCode='', lastLiquidity=1)
2026-03-02 23:56:10 [INFO] execDetails Execution(execId='0000e1a7.69a69adb.01.01', time=datetime.datetime(2026, 3, 2, 20, 56, 18, tzinfo=datetime.timezone.utc), acctNumber='DU1899929', exchange='NYMEX', side='BOT', shares=2.0, price=71.68, permId=1360352034, clientId=13, orderId=38, liquidation=0, cumQty=2.0, avgPrice=71.68, orderRef='', evRule='', evMultiplier=0.0, modelCode='', lastLiquidity=1)
2026-03-02 23:56:10 [INFO] execDetails Execution(execId='0000e1a7.69a69cb7.01.01', time=datetime.datetime(2026, 3, 2, 21, 0, 11, tzinfo=datetime.timezone.utc), acctNumber='DU1899929', exchange='NYMEX', side='SLD', shares=1.0, price=71.59, permId=1360352036, clientId=13, orderId=40, liquidation=0, cumQty=1.0, avgPrice=71.59, orderRef='', evRule='', evMultiplier=0.0, modelCode='', lastLiquidity=1)
2026-03-02 23:56:10 [INFO] execDetails Execution(execId='0000e1a7.69a69cb8.01.01', time=datetime.datetime(2026, 3, 2, 21, 0, 11, tzinfo=datetime.timezone.utc), acctNumber='DU1899929', exchange='NYMEX', side='SLD', shares=1.0, price=71.54, permId=1360352036, clientId=13, orderId=40, liquidation=0, cumQty=2.0, avgPrice=71.565, orderRef='', evRule='', evMultiplier=0.0, modelCode='', lastLiquidity=1)
2026-03-02 23:56:10 [INFO] execDetails Execution(execId='0000e1a7.69a6af15.01.01', time=datetime.datetime(2026, 3, 2, 23, 19, 14, tzinfo=datetime.timezone.utc), acctNumber='DU1899929', exchange='NYMEX', side='BOT', shares=1.0, price=70.88, permId=1360352037, clientId=13, orderId=41, liquidation=0, cumQty=1.0, avgPrice=70.88, orderRef='', evRule='', evMultiplier=0.0, modelCode='', lastLiquidity=1)
2026-03-02 23:56:10 [INFO] execDetails Execution(execId='0000e1a7.69a6af16.01.01', time=datetime.datetime(2026, 3, 2, 23, 19, 14, tzinfo=datetime.timezone.utc), acctNumber='DU1899929', exchange='NYMEX', side='BOT', shares=1.0, price=70.88, permId=1360352037, clientId=13, orderId=41, liquidation=0, cumQty=2.0, avgPrice=70.88, orderRef='', evRule='', evMultiplier=0.0, modelCode='', lastLiquidity=1)
2026-03-02 23:56:10 [INFO] execDetails Execution(execId='0000e1a7.69a6b4a1.01.01', time=datetime.datetime(2026, 3, 2, 23, 55, 12, tzinfo=datetime.timezone.utc), acctNumber='DU1899929', exchange='NYMEX', side='SLD', shares=3.0, price=70.71, permId=2059800879, clientId=13, orderId=50, liquidation=0, cumQty=3.0, avgPrice=70.71, orderRef='', evRule='', evMultiplier=0.0, modelCode='', lastLiquidity=1)
2026-03-02 23:56:10 [INFO] execDetails Execution(execId='0000e1a7.69a6b5bc.01.01', time=datetime.datetime(2026, 3, 3, 0, 5, 4, tzinfo=datetime.timezone.utc), acctNumber='DU1899929', exchange='NYMEX', side='BOT', shares=3.0, price=71.1, permId=2059800881, clientId=13, orderId=52, liquidation=0, cumQty=3.0, avgPrice=71.1, orderRef='', evRule='', evMultiplier=0.0, modelCode='', lastLiquidity=1)
2026-03-02 23:56:10 [INFO] execDetails Execution(execId='0000e1a7.69a6b5c5.01.01', time=datetime.datetime(2026, 3, 3, 0, 5, 11, tzinfo=datetime.timezone.utc), acctNumber='DU1899929', exchange='NYMEX', side='SLD', shares=1.0, price=71.11, permId=2059800882, clientId=13, orderId=53, liquidation=0, cumQty=1.0, avgPrice=71.11, orderRef='', evRule='', evMultiplier=0.0, modelCode='', lastLiquidity=1)
2026-03-02 23:56:10 [INFO] execDetails Execution(execId='0000e1a7.69a6baa3.01.01', time=datetime.datetime(2026, 3, 3, 0, 57, 13, tzinfo=datetime.timezone.utc), acctNumber='DU1899929', exchange='NYMEX', side='BOT', shares=1.0, price=71.53, permId=2059800884, clientId=13, orderId=55, liquidation=0, cumQty=1.0, avgPrice=71.53, orderRef='', evRule='', evMultiplier=0.0, modelCode='', lastLiquidity=1)
2026-03-02 23:56:10 [INFO] execDetails Execution(execId='0000e1a7.69a6bb77.01.01', time=datetime.datetime(2026, 3, 3, 1, 0, 17, tzinfo=datetime.timezone.utc), acctNumber='DU1899929', exchange='NYMEX', side='SLD', shares=3.0, price=71.77, permId=2059800885, clientId=13, orderId=56, liquidation=0, cumQty=3.0, avgPrice=71.77, orderRef='', evRule='', evMultiplier=0.0, modelCode='', lastLiquidity=1)
2026-03-02 23:56:10 [INFO] execDetails Execution(execId='0000e1a7.69a6ca65.01.01', time=datetime.datetime(2026, 3, 3, 2, 19, 28, tzinfo=datetime.timezone.utc), acctNumber='DU1899929', exchange='NYMEX', side='BOT', shares=2.0, price=72.17, permId=2059800887, clientId=13, orderId=58, liquidation=0, cumQty=2.0, avgPrice=72.17, orderRef='', evRule='', evMultiplier=0.0, modelCode='', lastLiquidity=1)
2026-03-02 23:56:10 [INFO] execDetails Execution(execId='0000e1a7.69a6ca66.01.01', time=datetime.datetime(2026, 3, 3, 2, 19, 28, tzinfo=datetime.timezone.utc), acctNumber='DU1899929', exchange='NYMEX', side='BOT', shares=1.0, price=72.24, permId=2059800887, clientId=13, orderId=58, liquidation=0, cumQty=3.0, avgPrice=72.193333, orderRef='', evRule='', evMultiplier=0.0, modelCode='', lastLiquidity=1)
2026-03-02 23:56:10 [INFO] execDetails Execution(execId='0000e1a7.69a6ca83.01.01', time=datetime.datetime(2026, 3, 3, 2, 20, 12, tzinfo=datetime.timezone.utc), acctNumber='DU1899929', exchange='NYMEX', side='SLD', shares=1.0, price=72.27, permId=2059800888, clientId=13, orderId=59, liquidation=0, cumQty=1.0, avgPrice=72.27, orderRef='', evRule='', evMultiplier=0.0, modelCode='', lastLiquidity=1)
2026-03-02 23:56:10 [INFO] execDetails Execution(execId='0000e1a7.69a6ca84.01.01', time=datetime.datetime(2026, 3, 3, 2, 20, 12, tzinfo=datetime.timezone.utc), acctNumber='DU1899929', exchange='NYMEX', side='SLD', shares=1.0, price=72.25, permId=2059800888, clientId=13, orderId=59, liquidation=0, cumQty=2.0, avgPrice=72.26, orderRef='', evRule='', evMultiplier=0.0, modelCode='', lastLiquidity=1)
2026-03-02 23:56:10 [INFO] execDetails Execution(execId='0000e1a7.69a6d3e7.01.01', time=datetime.datetime(2026, 3, 3, 3, 19, 4, tzinfo=datetime.timezone.utc), acctNumber='DU1899929', exchange='NYMEX', side='BOT', shares=2.0, price=72.65, permId=2059800890, clientId=13, orderId=61, liquidation=0, cumQty=2.0, avgPrice=72.65, orderRef='', evRule='', evMultiplier=0.0, modelCode='', lastLiquidity=1)
2026-03-02 23:56:10 [INFO] execDetails Execution(execId='0000e1a7.69a6d466.01.01', time=datetime.datetime(2026, 3, 3, 3, 20, 12, tzinfo=datetime.timezone.utc), acctNumber='DU1899929', exchange='NYMEX', side='SLD', shares=2.0, price=72.65, permId=2059800892, clientId=13, orderId=62, liquidation=0, cumQty=2.0, avgPrice=72.65, orderRef='', evRule='', evMultiplier=0.0, modelCode='', lastLiquidity=1)
2026-03-02 23:56:10 [INFO] execDetails Execution(execId='0000e1a7.69a6db29.01.01', time=datetime.datetime(2026, 3, 3, 3, 45, 19, tzinfo=datetime.timezone.utc), acctNumber='DU1899929', exchange='NYMEX', side='BOT', shares=1.0, price=72.3, permId=2059800893, clientId=13, orderId=63, liquidation=0, cumQty=1.0, avgPrice=72.3, orderRef='', evRule='', evMultiplier=0.0, modelCode='', lastLiquidity=1)
2026-03-02 23:56:10 [INFO] execDetails Execution(execId='0000e1a7.69a6db2a.01.01', time=datetime.datetime(2026, 3, 3, 3, 45, 19, tzinfo=datetime.timezone.utc), acctNumber='DU1899929', exchange='NYMEX', side='BOT', shares=1.0, price=72.3, permId=2059800893, clientId=13, orderId=63, liquidation=0, cumQty=2.0, avgPrice=72.3, orderRef='', evRule='', evMultiplier=0.0, modelCode='', lastLiquidity=1)
2026-03-02 23:56:10 [INFO] execDetails Execution(execId='0000e1a7.69a6dc33.01.01', time=datetime.datetime(2026, 3, 3, 3, 50, 13, tzinfo=datetime.timezone.utc), acctNumber='DU1899929', exchange='NYMEX', side='SLD', shares=2.0, price=72.42, permId=2059800895, clientId=13, orderId=65, liquidation=0, cumQty=2.0, avgPrice=72.42, orderRef='', evRule='', evMultiplier=0.0, modelCode='', lastLiquidity=1)
2026-03-02 23:56:10 [INFO] execDetails Execution(execId='0000e1a7.69a6e712.01.01', time=datetime.datetime(2026, 3, 3, 4, 41, 29, tzinfo=datetime.timezone.utc), acctNumber='DU1899929', exchange='NYMEX', side='BOT', shares=2.0, price=72.71, permId=2059800897, clientId=13, orderId=67, liquidation=0, cumQty=2.0, avgPrice=72.71, orderRef='', evRule='', evMultiplier=0.0, modelCode='', lastLiquidity=1)
2026-03-02 23:56:10 [INFO] execDetails Execution(execId='0000e1a7.69a6e794.01.01', time=datetime.datetime(2026, 3, 3, 4, 45, 12, tzinfo=datetime.timezone.utc), acctNumber='DU1899929', exchange='NYMEX', side='SLD', shares=2.0, price=72.63, permId=2059800899, clientId=13, orderId=68, liquidation=0, cumQty=2.0, avgPrice=72.63, orderRef='', evRule='', evMultiplier=0.0, modelCode='', lastLiquidity=1)
2026-03-02 23:56:10 [INFO] execDetails Execution(execId='0000e1a7.69a6f083.01.01', time=datetime.datetime(2026, 3, 3, 5, 31, 39, tzinfo=datetime.timezone.utc), acctNumber='DU1899929', exchange='NYMEX', side='BOT', shares=2.0, price=72.82, permId=2059800901, clientId=13, orderId=70, liquidation=0, cumQty=2.0, avgPrice=72.82, orderRef='', evRule='', evMultiplier=0.0, modelCode='', lastLiquidity=1)
2026-03-02 23:56:10 [INFO] commissionReport: CommissionReport(execId='0000e1a7.69a54fc5.01.01', commission=2.37, currency='USD', realizedPNL=0.0, yield_=0.0, yieldRedemptionDate=0)
2026-03-02 23:56:10 [INFO] commissionReport: CommissionReport(execId='0000e1a7.69a54fc6.01.01', commission=2.37, currency='USD', realizedPNL=0.0, yield_=0.0, yieldRedemptionDate=0)
2026-03-02 23:56:10 [INFO] commissionReport: CommissionReport(execId='0000e1a7.69a55356.01.01', commission=2.37, currency='USD', realizedPNL=0.0, yield_=0.0, yieldRedemptionDate=0)
2026-03-02 23:56:10 [INFO] commissionReport: CommissionReport(execId='0000e1a7.69a55357.01.01', commission=2.37, currency='USD', realizedPNL=0.0, yield_=0.0, yieldRedemptionDate=0)
2026-03-02 23:56:11 [INFO] commissionReport: CommissionReport(execId='0000e1a7.69a58542.01.01', commission=4.74, currency='USD', realizedPNL=-1579.48, yield_=0.0, yieldRedemptionDate=0)
2026-03-02 23:56:11 [INFO] commissionReport: CommissionReport(execId='0000e1a7.69a5d9b2.01.01', commission=2.37, currency='USD', realizedPNL=970.26, yield_=0.0, yieldRedemptionDate=0)
2026-03-02 23:56:11 [INFO] commissionReport: CommissionReport(execId='0000e1a7.69a5d9b3.01.01', commission=2.37, currency='USD', realizedPNL=970.26, yield_=0.0, yieldRedemptionDate=0)
2026-03-02 23:56:11 [INFO] commissionReport: CommissionReport(execId='0000e1a7.69a5fa68.01.01', commission=4.74, currency='USD', realizedPNL=0.0, yield_=0.0, yieldRedemptionDate=0)
2026-03-02 23:56:11 [INFO] commissionReport: CommissionReport(execId='0000e1a7.69a6327e.01.01', commission=4.74, currency='USD', realizedPNL=2630.52, yield_=0.0, yieldRedemptionDate=0)
2026-03-02 23:56:11 [INFO] commissionReport: CommissionReport(execId='0000e1a7.69a632d0.01.01', commission=7.11, currency='USD', realizedPNL=0.0, yield_=0.0, yieldRedemptionDate=0)
2026-03-02 23:56:11 [INFO] commissionReport: CommissionReport(execId='0000e1a7.69a67d3b.01.01', commission=4.74, currency='USD', realizedPNL=-1689.48, yield_=0.0, yieldRedemptionDate=0)
2026-03-02 23:56:11 [INFO] commissionReport: CommissionReport(execId='0000e1a7.69a67d3c.01.01', commission=2.37, currency='USD', realizedPNL=-914.74, yield_=0.0, yieldRedemptionDate=0)
2026-03-02 23:56:11 [INFO] commissionReport: CommissionReport(execId='0000e1a7.69a68136.01.01', commission=7.11, currency='USD', realizedPNL=0.0, yield_=0.0, yieldRedemptionDate=0)
2026-03-02 23:56:11 [INFO] commissionReport: CommissionReport(execId='0000e1a7.69a68658.01.01', commission=2.37, currency='USD', realizedPNL=765.26, yield_=0.0, yieldRedemptionDate=0)
2026-03-02 23:56:11 [INFO] commissionReport: CommissionReport(execId='0000e1a7.69a68659.01.01', commission=4.74, currency='USD', realizedPNL=1530.52, yield_=0.0, yieldRedemptionDate=0)
2026-03-02 23:56:11 [INFO] commissionReport: CommissionReport(execId='0000e1a7.69a688ca.01.01', commission=4.74, currency='USD', realizedPNL=0.0, yield_=0.0, yieldRedemptionDate=0)
2026-03-02 23:56:11 [INFO] commissionReport: CommissionReport(execId='0000e1a7.69a69adb.01.01', commission=4.74, currency='USD', realizedPNL=1510.52, yield_=0.0, yieldRedemptionDate=0)
2026-03-02 23:56:11 [INFO] commissionReport: CommissionReport(execId='0000e1a7.69a69cb7.01.01', commission=2.37, currency='USD', realizedPNL=0.0, yield_=0.0, yieldRedemptionDate=0)
2026-03-02 23:56:11 [INFO] commissionReport: CommissionReport(execId='0000e1a7.69a69cb8.01.01', commission=2.37, currency='USD', realizedPNL=0.0, yield_=0.0, yieldRedemptionDate=0)
2026-03-02 23:56:11 [INFO] commissionReport: CommissionReport(execId='0000e1a7.69a6af15.01.01', commission=2.37, currency='USD', realizedPNL=680.26, yield_=0.0, yieldRedemptionDate=0)
2026-03-02 23:56:11 [INFO] commissionReport: CommissionReport(execId='0000e1a7.69a6af16.01.01', commission=2.37, currency='USD', realizedPNL=680.26, yield_=0.0, yieldRedemptionDate=0)
2026-03-02 23:56:11 [INFO] commissionReport: CommissionReport(execId='0000e1a7.69a6b4a1.01.01', commission=7.11, currency='USD', realizedPNL=0.0, yield_=0.0, yieldRedemptionDate=0)
2026-03-02 23:56:11 [INFO] commissionReport: CommissionReport(execId='0000e1a7.69a6b5bc.01.01', commission=7.11, currency='USD', realizedPNL=-1184.22, yield_=0.0, yieldRedemptionDate=0)
2026-03-02 23:56:11 [INFO] commissionReport: CommissionReport(execId='0000e1a7.69a6b5c5.01.01', commission=2.37, currency='USD', realizedPNL=0.0, yield_=0.0, yieldRedemptionDate=0)
2026-03-02 23:56:11 [INFO] commissionReport: CommissionReport(execId='0000e1a7.69a6baa3.01.01', commission=2.37, currency='USD', realizedPNL=-424.74, yield_=0.0, yieldRedemptionDate=0)
2026-03-02 23:56:11 [INFO] commissionReport: CommissionReport(execId='0000e1a7.69a6bb77.01.01', commission=7.11, currency='USD', realizedPNL=0.0, yield_=0.0, yieldRedemptionDate=0)
2026-03-02 23:56:11 [INFO] commissionReport: CommissionReport(execId='0000e1a7.69a6ca65.01.01', commission=4.74, currency='USD', realizedPNL=-809.48, yield_=0.0, yieldRedemptionDate=0)
2026-03-02 23:56:11 [INFO] commissionReport: CommissionReport(execId='0000e1a7.69a6ca66.01.01', commission=2.37, currency='USD', realizedPNL=-474.74, yield_=0.0, yieldRedemptionDate=0)
2026-03-02 23:56:11 [INFO] commissionReport: CommissionReport(execId='0000e1a7.69a6ca83.01.01', commission=2.37, currency='USD', realizedPNL=0.0, yield_=0.0, yieldRedemptionDate=0)
2026-03-02 23:56:11 [INFO] commissionReport: CommissionReport(execId='0000e1a7.69a6ca84.01.01', commission=2.37, currency='USD', realizedPNL=0.0, yield_=0.0, yieldRedemptionDate=0)
2026-03-02 23:56:11 [INFO] commissionReport: CommissionReport(execId='0000e1a7.69a6d3e7.01.01', commission=4.74, currency='USD', realizedPNL=-789.48, yield_=0.0, yieldRedemptionDate=0)
2026-03-02 23:56:11 [INFO] commissionReport: CommissionReport(execId='0000e1a7.69a6d466.01.01', commission=4.74, currency='USD', realizedPNL=0.0, yield_=0.0, yieldRedemptionDate=0)
2026-03-02 23:56:11 [INFO] commissionReport: CommissionReport(execId='0000e1a7.69a6db29.01.01', commission=2.37, currency='USD', realizedPNL=345.26, yield_=0.0, yieldRedemptionDate=0)
2026-03-02 23:56:11 [INFO] commissionReport: CommissionReport(execId='0000e1a7.69a6db2a.01.01', commission=2.37, currency='USD', realizedPNL=345.26, yield_=0.0, yieldRedemptionDate=0)
2026-03-02 23:56:11 [INFO] commissionReport: CommissionReport(execId='0000e1a7.69a6dc33.01.01', commission=4.74, currency='USD', realizedPNL=0.0, yield_=0.0, yieldRedemptionDate=0)
2026-03-02 23:56:11 [INFO] commissionReport: CommissionReport(execId='0000e1a7.69a6e712.01.01', commission=4.74, currency='USD', realizedPNL=-589.48, yield_=0.0, yieldRedemptionDate=0)
2026-03-02 23:56:11 [INFO] commissionReport: CommissionReport(execId='0000e1a7.69a6e794.01.01', commission=4.74, currency='USD', realizedPNL=0.0, yield_=0.0, yieldRedemptionDate=0)
2026-03-02 23:56:11 [INFO] commissionReport: CommissionReport(execId='0000e1a7.69a6f083.01.01', commission=4.74, currency='USD', realizedPNL=-389.48, yield_=0.0, yieldRedemptionDate=0)
2026-03-02 23:56:11 [INFO] Synchronization complete
2026-03-02 23:56:11 [INFO] Connected to IBKR on port 7497 with clientId 10
2026-03-02 23:56:11 [INFO] Connected to IBKR
2026-03-02 23:56:11 [INFO] Qualified CL continuous contract: ContFuture(conId=304037436, symbol='CL', lastTradeDateOrContractMonth='20260320', multiplier='1000', exchange='NYMEX', currency='USD', localSymbol='CLJ6', tradingClass='CL')
2026-03-02 23:56:11 [INFO] Front-month CL contract: CLJ6 (conId=304037436, month=202603)
2026-03-02 23:56:11 [INFO] Front-month contract: CLJ6 (month=202603)
2026-03-02 23:56:11 [INFO] ============================================================
2026-03-02 23:56:11 [INFO]                  ACCOUNT SUMMARY (CL Only)                  
2026-03-02 23:56:11 [INFO] ============================================================
2026-03-02 23:56:11 [INFO]   Account:           DU1899929
2026-03-02 23:56:11 [INFO]   Net Liquidation:   $  1,191,851.61
2026-03-02 23:56:11 [INFO]   Available Funds:   $  1,190,636.74
2026-03-02 23:56:11 [INFO] ------------------------------------------------------------
2026-03-02 23:56:11 [INFO]   CL Position:       FLAT (0 contracts)
2026-03-02 23:56:11 [INFO]   CL Market Value:   $          0.00
2026-03-02 23:56:11 [INFO]   CL Avg Cost:       $          0.00
2026-03-02 23:56:11 [INFO]   CL Unrealized PnL: $          0.00
2026-03-02 23:56:11 [INFO]   CL Realized PnL:   $          0.00
2026-03-02 23:56:11 [INFO] ------------------------------------------------------------
2026-03-02 23:56:11 [INFO]   Trade History (telemetry):
2026-03-02 23:56:11 [INFO]     Total Signals:     5
2026-03-02 23:56:11 [INFO]     Executed Trades:   0
2026-03-02 23:56:11 [INFO]     Bars Recorded:     5
2026-03-02 23:56:11 [INFO]     Date Range:        2026-03-03 → 2026-03-03
2026-03-02 23:56:11 [INFO] ============================================================
2026-03-02 23:56:11 [INFO] Warm-start: initializing via DataManager...
2026-03-02 23:56:11 [INFO] Loading warm-start cache from C:\Users\bwang\Documents\GitHub\CL_Analyst\data\processed\warm_start_cache_cid10.parquet
2026-03-02 23:56:11 [INFO] Cache loaded: 14039 bars, range 2025-12-17 23:50:00 → 2026-03-03 05:05:00
2026-03-02 23:56:11 [INFO] Front-month unchanged: CLJ6 — no rollover.
2026-03-02 23:56:11 [INFO] Backfill gap: 2026-03-03 05:05:00 → 2026-03-02 23:56:11.483693 (-5.1 hours)
2026-03-02 23:56:11 [INFO] Gap < 10 minutes — no backfill needed.
2026-03-02 23:56:11 [INFO] Master ledger loaded: 1221464 bars, range 2008-11-20 00:00:00 → 2026-03-03 05:05:00
2026-03-02 23:56:11 [INFO] Ledger gap < 10 minutes — no IBKR fetch needed.
2026-03-02 23:56:11 [INFO] Master ledger saved: 1221464 bars → C:\Users\bwang\Documents\GitHub\CL_Analyst\data\processed\cl_continuous_master.parquet
2026-03-02 23:56:11 [INFO] Mirrored cl_continuous_master.parquet → C:\CL_Analyst_Data\processed\cl_continuous_master.parquet
2026-03-02 23:56:11 [INFO] Roll metadata saved: front_month=CLJ6
2026-03-02 23:56:11 [INFO] Rolling window initialized: 14039 bars, latest=2026-03-03 05:05:00
2026-03-02 23:56:11 [INFO] Subscribing to live 5-min bars (Brain stream)...
2026-03-02 23:56:12 [INFO] Subscribed to continuous contract live bars
2026-03-02 23:56:12 [INFO] Subscribing to front-month bars (Hands stream: 202603)...
2026-03-02 23:56:12 [INFO] Subscribed to front-month live bars
2026-03-02 23:56:12 [INFO] Entering event loop (poll every 5.0s) ...
2026-03-02 23:56:12 [INFO] Press Ctrl+C to stop.
2026-03-02 23:58:59 [INFO] updatePortfolio: PortfolioItem(contract=Future(conId=304037436, symbol='CL', lastTradeDateOrContractMonth='20260320', right='0', multiplier='1000', primaryExchange='NYMEX', currency='USD', localSymbol='CLJ6', tradingClass='CL'), position=0.0, marketPrice=73.7463608, marketValue=0.0, averageCost=0.0, unrealizedPNL=0.0, realizedPNL=-2610.58, account='DU1899929')
2026-03-03 00:00:04 [INFO] NEW BAR: 2026-03-03 08:00:00  O=73.86 H=73.86 L=73.66 C=73.71 V=491
2026-03-03 00:00:15 [INFO] INFERENCE [Manatee] LONG: buy_prob=0.2024  sell_prob=0.0000  signal=Hold  action=HOLD  skip=BELOW_THRESHOLD
2026-03-03 00:01:59 [INFO] updatePortfolio: PortfolioItem(contract=Future(conId=304037436, symbol='CL', lastTradeDateOrContractMonth='20260320', right='0', multiplier='1000', primaryExchange='NYMEX', currency='USD', localSymbol='CLJ6', tradingClass='CL'), position=0.0, marketPrice=74.0, marketValue=0.0, averageCost=0.0, unrealizedPNL=0.0, realizedPNL=-2610.58, account='DU1899929')
2026-03-03 00:04:59 [INFO] updatePortfolio: PortfolioItem(contract=Future(conId=304037436, symbol='CL', lastTradeDateOrContractMonth='20260320', right='0', multiplier='1000', primaryExchange='NYMEX', currency='USD', localSymbol='CLJ6', tradingClass='CL'), position=0.0, marketPrice=74.01999665, marketValue=0.0, averageCost=0.0, unrealizedPNL=0.0, realizedPNL=-2610.58, account='DU1899929')
2026-03-03 00:05:04 [INFO] NEW BAR: 2026-03-03 08:05:00  O=74.02 H=74.02 L=74.00 C=74.02 V=35
2026-03-03 00:05:11 [INFO] INFERENCE [Manatee] LONG: buy_prob=0.2167  sell_prob=0.0000  signal=Hold  action=HOLD  skip=BELOW_THRESHOLD
2026-03-03 00:07:59 [INFO] updatePortfolio: PortfolioItem(contract=Future(conId=304037436, symbol='CL', lastTradeDateOrContractMonth='20260320', right='0', multiplier='1000', primaryExchange='NYMEX', currency='USD', localSymbol='CLJ6', tradingClass='CL'), position=0.0, marketPrice=73.9330902, marketValue=0.0, averageCost=0.0, unrealizedPNL=0.0, realizedPNL=-2610.58, account='DU1899929')
2026-03-03 00:10:05 [INFO] NEW BAR: 2026-03-03 08:10:00  O=73.79 H=73.83 L=73.78 C=73.82 V=29
2026-03-03 00:10:11 [INFO] INFERENCE [Manatee] LONG: buy_prob=0.2037  sell_prob=0.0000  signal=Hold  action=HOLD  skip=BELOW_THRESHOLD
2026-03-03 00:10:59 [INFO] updatePortfolio: PortfolioItem(contract=Future(conId=304037436, symbol='CL', lastTradeDateOrContractMonth='20260320', right='0', multiplier='1000', primaryExchange='NYMEX', currency='USD', localSymbol='CLJ6', tradingClass='CL'), position=0.0, marketPrice=73.80000305, marketValue=0.0, averageCost=0.0, unrealizedPNL=0.0, realizedPNL=-2610.58, account='DU1899929')
2026-03-03 00:13:59 [INFO] updatePortfolio: PortfolioItem(contract=Future(conId=304037436, symbol='CL', lastTradeDateOrContractMonth='20260320', right='0', multiplier='1000', primaryExchange='NYMEX', currency='USD', localSymbol='CLJ6', tradingClass='CL'), position=0.0, marketPrice=73.83000185, marketValue=0.0, averageCost=0.0, unrealizedPNL=0.0, realizedPNL=-2610.58, account='DU1899929')
2026-03-03 00:15:05 [INFO] NEW BAR: 2026-03-03 08:15:00  O=73.81 H=73.82 L=73.80 C=73.80 V=22
2026-03-03 00:15:11 [INFO] INFERENCE [Manatee] LONG: buy_prob=0.2029  sell_prob=0.0000  signal=Hold  action=HOLD  skip=BELOW_THRESHOLD
2026-03-03 00:16:59 [INFO] updatePortfolio: PortfolioItem(contract=Future(conId=304037436, symbol='CL', lastTradeDateOrContractMonth='20260320', right='0', multiplier='1000', primaryExchange='NYMEX', currency='USD', localSymbol='CLJ6', tradingClass='CL'), position=0.0, marketPrice=73.87000275, marketValue=0.0, averageCost=0.0, unrealizedPNL=0.0, realizedPNL=-2610.58, account='DU1899929')
2026-03-03 00:19:59 [INFO] updatePortfolio: PortfolioItem(contract=Future(conId=304037436, symbol='CL', lastTradeDateOrContractMonth='20260320', right='0', multiplier='1000', primaryExchange='NYMEX', currency='USD', localSymbol='CLJ6', tradingClass='CL'), position=0.0, marketPrice=73.75, marketValue=0.0, averageCost=0.0, unrealizedPNL=0.0, realizedPNL=-2610.58, account='DU1899929')
2026-03-03 00:20:05 [INFO] NEW BAR: 2026-03-03 08:20:00  O=73.75 H=73.75 L=73.71 C=73.73 V=17
2026-03-03 00:20:11 [INFO] INFERENCE [Manatee] LONG: buy_prob=0.1847  sell_prob=0.0000  signal=Hold  action=HOLD  skip=BELOW_THRESHOLD
2026-03-03 00:22:59 [INFO] updatePortfolio: PortfolioItem(contract=Future(conId=304037436, symbol='CL', lastTradeDateOrContractMonth='20260320', right='0', multiplier='1000', primaryExchange='NYMEX', currency='USD', localSymbol='CLJ6', tradingClass='CL'), position=0.0, marketPrice=73.73000335, marketValue=0.0, averageCost=0.0, unrealizedPNL=0.0, realizedPNL=-2610.58, account='DU1899929')
2026-03-03 00:25:04 [INFO] NEW BAR: 2026-03-03 08:25:00  O=73.72 H=73.74 L=73.60 C=73.62 V=231
2026-03-03 00:25:11 [INFO] INFERENCE [Manatee] LONG: buy_prob=0.1818  sell_prob=0.0000  signal=Hold  action=HOLD  skip=BELOW_THRESHOLD
2026-03-03 00:25:59 [INFO] updatePortfolio: PortfolioItem(contract=Future(conId=304037436, symbol='CL', lastTradeDateOrContractMonth='20260320', right='0', multiplier='1000', primaryExchange='NYMEX', currency='USD', localSymbol='CLJ6', tradingClass='CL'), position=0.0, marketPrice=73.5299988, marketValue=0.0, averageCost=0.0, unrealizedPNL=0.0, realizedPNL=-2610.58, account='DU1899929')
2026-03-03 00:28:59 [INFO] updatePortfolio: PortfolioItem(contract=Future(conId=304037436, symbol='CL', lastTradeDateOrContractMonth='20260320', right='0', multiplier='1000', primaryExchange='NYMEX', currency='USD', localSymbol='CLJ6', tradingClass='CL'), position=0.0, marketPrice=73.80000305, marketValue=0.0, averageCost=0.0, unrealizedPNL=0.0, realizedPNL=-2610.58, account='DU1899929')
2026-03-03 00:30:04 [INFO] NEW BAR: 2026-03-03 08:30:00  O=73.80 H=73.91 L=73.80 C=73.90 V=155
2026-03-03 00:30:11 [INFO] INFERENCE [Manatee] LONG: buy_prob=0.1960  sell_prob=0.0000  signal=Hold  action=HOLD  skip=BELOW_THRESHOLD
2026-03-03 00:31:59 [INFO] updatePortfolio: PortfolioItem(contract=Future(conId=304037436, symbol='CL', lastTradeDateOrContractMonth='20260320', right='0', multiplier='1000', primaryExchange='NYMEX', currency='USD', localSymbol='CLJ6', tradingClass='CL'), position=0.0, marketPrice=73.76000215, marketValue=0.0, averageCost=0.0, unrealizedPNL=0.0, realizedPNL=-2610.58, account='DU1899929')
2026-03-03 00:34:59 [INFO] updatePortfolio: PortfolioItem(contract=Future(conId=304037436, symbol='CL', lastTradeDateOrContractMonth='20260320', right='0', multiplier='1000', primaryExchange='NYMEX', currency='USD', localSymbol='CLJ6', tradingClass='CL'), position=0.0, marketPrice=73.6399994, marketValue=0.0, averageCost=0.0, unrealizedPNL=0.0, realizedPNL=-2610.58, account='DU1899929')
2026-03-03 00:35:04 [INFO] NEW BAR: 2026-03-03 08:35:00  O=73.63 H=73.63 L=73.63 C=73.63 V=4
2026-03-03 00:35:11 [INFO] INFERENCE [Manatee] LONG: buy_prob=0.1850  sell_prob=0.0000  signal=Hold  action=HOLD  skip=BELOW_THRESHOLD
2026-03-03 00:37:59 [INFO] updatePortfolio: PortfolioItem(contract=Future(conId=304037436, symbol='CL', lastTradeDateOrContractMonth='20260320', right='0', multiplier='1000', primaryExchange='NYMEX', currency='USD', localSymbol='CLJ6', tradingClass='CL'), position=0.0, marketPrice=74.12999725, marketValue=0.0, averageCost=0.0, unrealizedPNL=0.0, realizedPNL=-2610.58, account='DU1899929')
2026-03-03 00:40:05 [INFO] NEW BAR: 2026-03-03 08:40:00  O=74.09 H=74.09 L=74.04 C=74.04 V=35
2026-03-03 00:40:11 [INFO] INFERENCE [Manatee] LONG: buy_prob=0.2102  sell_prob=0.0000  signal=Hold  action=HOLD  skip=BELOW_THRESHOLD
2026-03-03 00:43:59 [INFO] updatePortfolio: PortfolioItem(contract=Future(conId=304037436, symbol='CL', lastTradeDateOrContractMonth='20260320', right='0', multiplier='1000', primaryExchange='NYMEX', currency='USD', localSymbol='CLJ6', tradingClass='CL'), position=0.0, marketPrice=74.37999725, marketValue=0.0, averageCost=0.0, unrealizedPNL=0.0, realizedPNL=-2610.58, account='DU1899929')
2026-03-03 00:45:04 [INFO] NEW BAR: 2026-03-03 08:45:00  O=74.51 H=74.51 L=74.46 C=74.48 V=81
2026-03-03 00:45:11 [INFO] INFERENCE [Manatee] LONG: buy_prob=0.2251  sell_prob=0.0000  signal=Hold  action=HOLD  skip=BELOW_THRESHOLD
2026-03-03 00:46:59 [INFO] updatePortfolio: PortfolioItem(contract=Future(conId=304037436, symbol='CL', lastTradeDateOrContractMonth='20260320', right='0', multiplier='1000', primaryExchange='NYMEX', currency='USD', localSymbol='CLJ6', tradingClass='CL'), position=0.0, marketPrice=74.26000215, marketValue=0.0, averageCost=0.0, unrealizedPNL=0.0, realizedPNL=-2610.58, account='DU1899929')
2026-03-03 00:49:59 [INFO] updatePortfolio: PortfolioItem(contract=Future(conId=304037436, symbol='CL', lastTradeDateOrContractMonth='20260320', right='0', multiplier='1000', primaryExchange='NYMEX', currency='USD', localSymbol='CLJ6', tradingClass='CL'), position=0.0, marketPrice=74.33999635, marketValue=0.0, averageCost=0.0, unrealizedPNL=0.0, realizedPNL=-2610.58, account='DU1899929')
2026-03-03 00:50:04 [INFO] NEW BAR: 2026-03-03 08:50:00  O=74.34 H=74.35 L=74.34 C=74.34 V=12
2026-03-03 00:50:13 [INFO] INFERENCE [Manatee] LONG: buy_prob=0.2305  sell_prob=0.0000  signal=Hold  action=HOLD  skip=BELOW_THRESHOLD
2026-03-03 00:52:59 [INFO] updatePortfolio: PortfolioItem(contract=Future(conId=304037436, symbol='CL', lastTradeDateOrContractMonth='20260320', right='0', multiplier='1000', primaryExchange='NYMEX', currency='USD', localSymbol='CLJ6', tradingClass='CL'), position=0.0, marketPrice=74.19000245, marketValue=0.0, averageCost=0.0, unrealizedPNL=0.0, realizedPNL=-2610.58, account='DU1899929')
2026-03-03 00:55:05 [INFO] NEW BAR: 2026-03-03 08:55:00  O=74.10 H=74.13 L=74.10 C=74.13 V=23
2026-03-03 00:55:05 [INFO] Cache saved: 14051 bars → C:\Users\bwang\Documents\GitHub\CL_Analyst\data\processed\warm_start_cache_cid10.parquet
2026-03-03 00:55:05 [INFO] Mirrored warm_start_cache_cid10.parquet → C:\CL_Analyst_Data\processed\warm_start_cache_cid10.parquet
2026-03-03 00:55:11 [INFO] INFERENCE [Manatee] LONG: buy_prob=0.2214  sell_prob=0.0000  signal=Hold  action=HOLD  skip=BELOW_THRESHOLD
2026-03-03 00:55:59 [INFO] updatePortfolio: PortfolioItem(contract=Future(conId=304037436, symbol='CL', lastTradeDateOrContractMonth='20260320', right='0', multiplier='1000', primaryExchange='NYMEX', currency='USD', localSymbol='CLJ6', tradingClass='CL'), position=0.0, marketPrice=74.0699997, marketValue=0.0, averageCost=0.0, unrealizedPNL=0.0, realizedPNL=-2610.58, account='DU1899929')
2026-03-03 00:58:59 [INFO] updatePortfolio: PortfolioItem(contract=Future(conId=304037436, symbol='CL', lastTradeDateOrContractMonth='20260320', right='0', multiplier='1000', primaryExchange='NYMEX', currency='USD', localSymbol='CLJ6', tradingClass='CL'), position=0.0, marketPrice=74.2900009, marketValue=0.0, averageCost=0.0, unrealizedPNL=0.0, realizedPNL=-2610.58, account='DU1899929')
2026-03-03 01:00:04 [INFO] NEW BAR: 2026-03-03 09:00:00  O=74.45 H=74.54 L=74.40 C=74.48 V=269
2026-03-03 01:00:11 [INFO] INFERENCE [Manatee] LONG: buy_prob=0.2357  sell_prob=0.0000  signal=Hold  action=HOLD  skip=BELOW_THRESHOLD
2026-03-03 01:01:59 [INFO] updatePortfolio: PortfolioItem(contract=Future(conId=304037436, symbol='CL', lastTradeDateOrContractMonth='20260320', right='0', multiplier='1000', primaryExchange='NYMEX', currency='USD', localSymbol='CLJ6', tradingClass='CL'), position=0.0, marketPrice=74.41999815, marketValue=0.0, averageCost=0.0, unrealizedPNL=0.0, realizedPNL=-2610.58, account='DU1899929')
2026-03-03 01:04:59 [INFO] updatePortfolio: PortfolioItem(contract=Future(conId=304037436, symbol='CL', lastTradeDateOrContractMonth='20260320', right='0', multiplier='1000', primaryExchange='NYMEX', currency='USD', localSymbol='CLJ6', tradingClass='CL'), position=0.0, marketPrice=74.51000215, marketValue=0.0, averageCost=0.0, unrealizedPNL=0.0, realizedPNL=-2610.58, account='DU1899929')
2026-03-03 01:05:05 [INFO] NEW BAR: 2026-03-03 09:05:00  O=74.51 H=74.51 L=74.49 C=74.50 V=29
2026-03-03 01:05:12 [INFO] INFERENCE [Manatee] LONG: buy_prob=0.2360  sell_prob=0.0000  signal=Hold  action=HOLD  skip=BELOW_THRESHOLD
2026-03-03 01:07:59 [INFO] updatePortfolio: PortfolioItem(contract=Future(conId=304037436, symbol='CL', lastTradeDateOrContractMonth='20260320', right='0', multiplier='1000', primaryExchange='NYMEX', currency='USD', localSymbol='CLJ6', tradingClass='CL'), position=0.0, marketPrice=74.6352234, marketValue=0.0, averageCost=0.0, unrealizedPNL=0.0, realizedPNL=-2610.58, account='DU1899929')
2026-03-03 01:10:04 [INFO] NEW BAR: 2026-03-03 09:10:00  O=74.66 H=74.67 L=74.64 C=74.66 V=24
2026-03-03 01:10:11 [INFO] INFERENCE [Manatee] LONG: buy_prob=0.2507  sell_prob=0.0000  signal=Hold  action=HOLD  skip=BELOW_THRESHOLD
2026-03-03 01:10:59 [INFO] updatePortfolio: PortfolioItem(contract=Future(conId=304037436, symbol='CL', lastTradeDateOrContractMonth='20260320', right='0', multiplier='1000', primaryExchange='NYMEX', currency='USD', localSymbol='CLJ6', tradingClass='CL'), position=0.0, marketPrice=74.7200012, marketValue=0.0, averageCost=0.0, unrealizedPNL=0.0, realizedPNL=-2610.58, account='DU1899929')
2026-03-03 01:13:59 [INFO] updatePortfolio: PortfolioItem(contract=Future(conId=304037436, symbol='CL', lastTradeDateOrContractMonth='20260320', right='0', multiplier='1000', primaryExchange='NYMEX', currency='USD', localSymbol='CLJ6', tradingClass='CL'), position=0.0, marketPrice=75.01000215, marketValue=0.0, averageCost=0.0, unrealizedPNL=0.0, realizedPNL=-2610.58, account='DU1899929')
2026-03-03 01:15:04 [INFO] NEW BAR: 2026-03-03 09:15:00  O=74.96 H=75.06 L=74.95 C=75.03 V=274
2026-03-03 01:15:12 [INFO] INFERENCE [Manatee] LONG: buy_prob=0.3163  sell_prob=0.0000  signal=Hold  action=HOLD  skip=BELOW_THRESHOLD
2026-03-03 01:16:59 [INFO] updatePortfolio: PortfolioItem(contract=Future(conId=304037436, symbol='CL', lastTradeDateOrContractMonth='20260320', right='0', multiplier='1000', primaryExchange='NYMEX', currency='USD', localSymbol='CLJ6', tradingClass='CL'), position=0.0, marketPrice=74.9300003, marketValue=0.0, averageCost=0.0, unrealizedPNL=0.0, realizedPNL=-2610.58, account='DU1899929')
2026-03-03 01:19:59 [INFO] updatePortfolio: PortfolioItem(contract=Future(conId=304037436, symbol='CL', lastTradeDateOrContractMonth='20260320', right='0', multiplier='1000', primaryExchange='NYMEX', currency='USD', localSymbol='CLJ6', tradingClass='CL'), position=0.0, marketPrice=75.1800003, marketValue=0.0, averageCost=0.0, unrealizedPNL=0.0, realizedPNL=-2610.58, account='DU1899929')
2026-03-03 01:20:05 [INFO] NEW BAR: 2026-03-03 09:20:00  O=75.18 H=75.19 L=75.11 C=75.11 V=41
2026-03-03 01:20:12 [INFO] INFERENCE [Manatee] LONG: buy_prob=0.3378  sell_prob=0.0000  signal=Hold  action=HOLD  skip=BELOW_THRESHOLD
2026-03-03 01:22:59 [INFO] updatePortfolio: PortfolioItem(contract=Future(conId=304037436, symbol='CL', lastTradeDateOrContractMonth='20260320', right='0', multiplier='1000', primaryExchange='NYMEX', currency='USD', localSymbol='CLJ6', tradingClass='CL'), position=0.0, marketPrice=75.26000215, marketValue=0.0, averageCost=0.0, unrealizedPNL=0.0, realizedPNL=-2610.58, account='DU1899929')
2026-03-03 01:25:05 [INFO] NEW BAR: 2026-03-03 09:25:00  O=74.98 H=75.01 L=74.97 C=75.00 V=47
2026-03-03 01:25:12 [INFO] INFERENCE [Manatee] LONG: buy_prob=0.2903  sell_prob=0.0000  signal=Hold  action=HOLD  skip=BELOW_THRESHOLD
2026-03-03 01:25:59 [INFO] updatePortfolio: PortfolioItem(contract=Future(conId=304037436, symbol='CL', lastTradeDateOrContractMonth='20260320', right='0', multiplier='1000', primaryExchange='NYMEX', currency='USD', localSymbol='CLJ6', tradingClass='CL'), position=0.0, marketPrice=75.04888915, marketValue=0.0, averageCost=0.0, unrealizedPNL=0.0, realizedPNL=-2610.58, account='DU1899929')
2026-03-03 01:28:59 [INFO] updatePortfolio: PortfolioItem(contract=Future(conId=304037436, symbol='CL', lastTradeDateOrContractMonth='20260320', right='0', multiplier='1000', primaryExchange='NYMEX', currency='USD', localSymbol='CLJ6', tradingClass='CL'), position=0.0, marketPrice=74.83000185, marketValue=0.0, averageCost=0.0, unrealizedPNL=0.0, realizedPNL=-2610.58, account='DU1899929')
2026-03-03 01:30:05 [INFO] NEW BAR: 2026-03-03 09:30:00  O=74.82 H=74.85 L=74.82 C=74.85 V=50
2026-03-03 01:30:12 [INFO] INFERENCE [Manatee] LONG: buy_prob=0.2958  sell_prob=0.0000  signal=Hold  action=HOLD  skip=BELOW_THRESHOLD
2026-03-03 01:31:59 [INFO] updatePortfolio: PortfolioItem(contract=Future(conId=304037436, symbol='CL', lastTradeDateOrContractMonth='20260320', right='0', multiplier='1000', primaryExchange='NYMEX', currency='USD', localSymbol='CLJ6', tradingClass='CL'), position=0.0, marketPrice=74.87999725, marketValue=0.0, averageCost=0.0, unrealizedPNL=0.0, realizedPNL=-2610.58, account='DU1899929')
2026-03-03 01:34:59 [INFO] updatePortfolio: PortfolioItem(contract=Future(conId=304037436, symbol='CL', lastTradeDateOrContractMonth='20260320', right='0', multiplier='1000', primaryExchange='NYMEX', currency='USD', localSymbol='CLJ6', tradingClass='CL'), position=0.0, marketPrice=75.01999665, marketValue=0.0, averageCost=0.0, unrealizedPNL=0.0, realizedPNL=-2610.58, account='DU1899929')
2026-03-03 01:35:05 [INFO] NEW BAR: 2026-03-03 09:35:00  O=75.02 H=75.02 L=74.98 C=75.00 V=57
2026-03-03 01:35:12 [INFO] INFERENCE [Manatee] LONG: buy_prob=0.3037  sell_prob=0.0000  signal=Hold  action=HOLD  skip=BELOW_THRESHOLD
2026-03-03 01:37:59 [INFO] updatePortfolio: PortfolioItem(contract=Future(conId=304037436, symbol='CL', lastTradeDateOrContractMonth='20260320', right='0', multiplier='1000', primaryExchange='NYMEX', currency='USD', localSymbol='CLJ6', tradingClass='CL'), position=0.0, marketPrice=75.08000185, marketValue=0.0, averageCost=0.0, unrealizedPNL=0.0, realizedPNL=-2610.58, account='DU1899929')
2026-03-03 01:40:05 [INFO] NEW BAR: 2026-03-03 09:40:00  O=74.99 H=75.01 L=74.98 C=74.99 V=37
2026-03-03 01:40:17 [INFO] INFERENCE [Manatee] LONG: buy_prob=0.3101  sell_prob=0.0000  signal=Hold  action=HOLD  skip=BELOW_THRESHOLD
2026-03-03 01:40:59 [INFO] updatePortfolio: PortfolioItem(contract=Future(conId=304037436, symbol='CL', lastTradeDateOrContractMonth='20260320', right='0', multiplier='1000', primaryExchange='NYMEX', currency='USD', localSymbol='CLJ6', tradingClass='CL'), position=0.0, marketPrice=74.90000155, marketValue=0.0, averageCost=0.0, unrealizedPNL=0.0, realizedPNL=-2610.58, account='DU1899929')
2026-03-03 01:43:59 [INFO] updatePortfolio: PortfolioItem(contract=Future(conId=304037436, symbol='CL', lastTradeDateOrContractMonth='20260320', right='0', multiplier='1000', primaryExchange='NYMEX', currency='USD', localSymbol='CLJ6', tradingClass='CL'), position=0.0, marketPrice=75.01999665, marketValue=0.0, averageCost=0.0, unrealizedPNL=0.0, realizedPNL=-2610.58, account='DU1899929')
2026-03-03 01:45:04 [INFO] NEW BAR: 2026-03-03 09:45:00  O=75.10 H=75.10 L=75.06 C=75.06 V=34
2026-03-03 01:45:12 [INFO] INFERENCE [Manatee] LONG: buy_prob=0.3245  sell_prob=0.0000  signal=Hold  action=HOLD  skip=BELOW_THRESHOLD
2026-03-03 01:46:59 [INFO] updatePortfolio: PortfolioItem(contract=Future(conId=304037436, symbol='CL', lastTradeDateOrContractMonth='20260320', right='0', multiplier='1000', primaryExchange='NYMEX', currency='USD', localSymbol='CLJ6', tradingClass='CL'), position=0.0, marketPrice=74.94999695, marketValue=0.0, averageCost=0.0, unrealizedPNL=0.0, realizedPNL=-2610.58, account='DU1899929')
2026-03-03 01:49:59 [INFO] updatePortfolio: PortfolioItem(contract=Future(conId=304037436, symbol='CL', lastTradeDateOrContractMonth='20260320', right='0', multiplier='1000', primaryExchange='NYMEX', currency='USD', localSymbol='CLJ6', tradingClass='CL'), position=0.0, marketPrice=75.16999815, marketValue=0.0, averageCost=0.0, unrealizedPNL=0.0, realizedPNL=-2610.58, account='DU1899929')
2026-03-03 01:50:05 [INFO] NEW BAR: 2026-03-03 09:50:00  O=75.17 H=75.19 L=75.17 C=75.18 V=37
2026-03-03 01:50:11 [INFO] INFERENCE [Manatee] LONG: buy_prob=0.3694  sell_prob=0.0000  signal=Hold  action=HOLD  skip=BELOW_THRESHOLD
2026-03-03 01:52:59 [INFO] updatePortfolio: PortfolioItem(contract=Future(conId=304037436, symbol='CL', lastTradeDateOrContractMonth='20260320', right='0', multiplier='1000', primaryExchange='NYMEX', currency='USD', localSymbol='CLJ6', tradingClass='CL'), position=0.0, marketPrice=75.44000245, marketValue=0.0, averageCost=0.0, unrealizedPNL=0.0, realizedPNL=-2610.58, account='DU1899929')
2026-03-03 01:55:04 [INFO] NEW BAR: 2026-03-03 09:55:00  O=75.49 H=75.49 L=75.45 C=75.49 V=91
2026-03-03 01:55:05 [INFO] Cache saved: 14063 bars → C:\Users\bwang\Documents\GitHub\CL_Analyst\data\processed\warm_start_cache_cid10.parquet
2026-03-03 01:55:05 [INFO] Mirrored warm_start_cache_cid10.parquet → C:\CL_Analyst_Data\processed\warm_start_cache_cid10.parquet
2026-03-03 01:55:11 [INFO] INFERENCE [Manatee] LONG: buy_prob=0.4078  sell_prob=0.0000  signal=Hold  action=HOLD  skip=BELOW_THRESHOLD
2026-03-03 01:55:59 [INFO] updatePortfolio: PortfolioItem(contract=Future(conId=304037436, symbol='CL', lastTradeDateOrContractMonth='20260320', right='0', multiplier='1000', primaryExchange='NYMEX', currency='USD', localSymbol='CLJ6', tradingClass='CL'), position=0.0, marketPrice=75.44999695, marketValue=0.0, averageCost=0.0, unrealizedPNL=0.0, realizedPNL=-2610.58, account='DU1899929')
2026-03-03 01:58:59 [INFO] updatePortfolio: PortfolioItem(contract=Future(conId=304037436, symbol='CL', lastTradeDateOrContractMonth='20260320', right='0', multiplier='1000', primaryExchange='NYMEX', currency='USD', localSymbol='CLJ6', tradingClass='CL'), position=0.0, marketPrice=75.2099991, marketValue=0.0, averageCost=0.0, unrealizedPNL=0.0, realizedPNL=-2610.58, account='DU1899929')
2026-03-03 02:00:04 [INFO] NEW BAR: 2026-03-03 10:00:00  O=75.21 H=75.24 L=75.17 C=75.18 V=72
2026-03-03 02:00:11 [INFO] INFERENCE [Manatee] LONG: buy_prob=0.3535  sell_prob=0.0000  signal=Hold  action=HOLD  skip=BELOW_THRESHOLD
2026-03-03 02:01:59 [INFO] updatePortfolio: PortfolioItem(contract=Future(conId=304037436, symbol='CL', lastTradeDateOrContractMonth='20260320', right='0', multiplier='1000', primaryExchange='NYMEX', currency='USD', localSymbol='CLJ6', tradingClass='CL'), position=0.0, marketPrice=75.0699997, marketValue=0.0, averageCost=0.0, unrealizedPNL=0.0, realizedPNL=-2610.58, account='DU1899929')
2026-03-03 02:04:59 [INFO] updatePortfolio: PortfolioItem(contract=Future(conId=304037436, symbol='CL', lastTradeDateOrContractMonth='20260320', right='0', multiplier='1000', primaryExchange='NYMEX', currency='USD', localSymbol='CLJ6', tradingClass='CL'), position=0.0, marketPrice=75.3199997, marketValue=0.0, averageCost=0.0, unrealizedPNL=0.0, realizedPNL=-2610.58, account='DU1899929')
2026-03-03 02:05:04 [INFO] NEW BAR: 2026-03-03 10:05:00  O=75.33 H=75.34 L=75.31 C=75.32 V=18
2026-03-03 02:05:11 [INFO] INFERENCE [Manatee] LONG: buy_prob=0.3901  sell_prob=0.0000  signal=Hold  action=HOLD  skip=BELOW_THRESHOLD
2026-03-03 02:07:59 [INFO] updatePortfolio: PortfolioItem(contract=Future(conId=304037436, symbol='CL', lastTradeDateOrContractMonth='20260320', right='0', multiplier='1000', primaryExchange='NYMEX', currency='USD', localSymbol='CLJ6', tradingClass='CL'), position=0.0, marketPrice=75.55000305, marketValue=0.0, averageCost=0.0, unrealizedPNL=0.0, realizedPNL=-2610.58, account='DU1899929')
2026-03-03 02:10:04 [INFO] NEW BAR: 2026-03-03 10:10:00  O=75.57 H=75.59 L=75.55 C=75.59 V=31
2026-03-03 02:10:11 [INFO] INFERENCE [Manatee] LONG: buy_prob=0.4269  sell_prob=0.0000  signal=Hold  action=HOLD  skip=BELOW_THRESHOLD
2026-03-03 02:10:59 [INFO] updatePortfolio: PortfolioItem(contract=Future(conId=304037436, symbol='CL', lastTradeDateOrContractMonth='20260320', right='0', multiplier='1000', primaryExchange='NYMEX', currency='USD', localSymbol='CLJ6', tradingClass='CL'), position=0.0, marketPrice=75.66999815, marketValue=0.0, averageCost=0.0, unrealizedPNL=0.0, realizedPNL=-2610.58, account='DU1899929')
2026-03-03 02:13:59 [INFO] updatePortfolio: PortfolioItem(contract=Future(conId=304037436, symbol='CL', lastTradeDateOrContractMonth='20260320', right='0', multiplier='1000', primaryExchange='NYMEX', currency='USD', localSymbol='CLJ6', tradingClass='CL'), position=0.0, marketPrice=75.6100006, marketValue=0.0, averageCost=0.0, unrealizedPNL=0.0, realizedPNL=-2610.58, account='DU1899929')
2026-03-03 02:15:04 [INFO] NEW BAR: 2026-03-03 10:15:00  O=75.57 H=75.62 L=75.57 C=75.62 V=34
2026-03-03 02:15:11 [INFO] INFERENCE [Manatee] LONG: buy_prob=0.4188  sell_prob=0.0000  signal=Hold  action=HOLD  skip=BELOW_THRESHOLD
2026-03-03 02:16:59 [INFO] updatePortfolio: PortfolioItem(contract=Future(conId=304037436, symbol='CL', lastTradeDateOrContractMonth='20260320', right='0', multiplier='1000', primaryExchange='NYMEX', currency='USD', localSymbol='CLJ6', tradingClass='CL'), position=0.0, marketPrice=75.7200012, marketValue=0.0, averageCost=0.0, unrealizedPNL=0.0, realizedPNL=-2610.58, account='DU1899929')
2026-03-03 02:20:00 [INFO] updatePortfolio: PortfolioItem(contract=Future(conId=304037436, symbol='CL', lastTradeDateOrContractMonth='20260320', right='0', multiplier='1000', primaryExchange='NYMEX', currency='USD', localSymbol='CLJ6', tradingClass='CL'), position=0.0, marketPrice=75.59999845, marketValue=0.0, averageCost=0.0, unrealizedPNL=0.0, realizedPNL=-2610.58, account='DU1899929')
2026-03-03 02:20:04 [INFO] NEW BAR: 2026-03-03 10:20:00  O=75.58 H=75.62 L=75.58 C=75.60 V=52
2026-03-03 02:20:11 [INFO] INFERENCE [Manatee] LONG: buy_prob=0.4309  sell_prob=0.0000  signal=Hold  action=HOLD  skip=BELOW_THRESHOLD
2026-03-03 02:23:00 [INFO] updatePortfolio: PortfolioItem(contract=Future(conId=304037436, symbol='CL', lastTradeDateOrContractMonth='20260320', right='0', multiplier='1000', primaryExchange='NYMEX', currency='USD', localSymbol='CLJ6', tradingClass='CL'), position=0.0, marketPrice=75.76999665, marketValue=0.0, averageCost=0.0, unrealizedPNL=0.0, realizedPNL=-2610.58, account='DU1899929')
2026-03-03 02:25:05 [INFO] NEW BAR: 2026-03-03 10:25:00  O=75.90 H=75.91 L=75.89 C=75.91 V=75
2026-03-03 02:25:11 [INFO] INFERENCE [Manatee] LONG: buy_prob=0.3953  sell_prob=0.0000  signal=Hold  action=HOLD  skip=BELOW_THRESHOLD
2026-03-03 02:26:00 [INFO] updatePortfolio: PortfolioItem(contract=Future(conId=304037436, symbol='CL', lastTradeDateOrContractMonth='20260320', right='0', multiplier='1000', primaryExchange='NYMEX', currency='USD', localSymbol='CLJ6', tradingClass='CL'), position=0.0, marketPrice=75.90000155, marketValue=0.0, averageCost=0.0, unrealizedPNL=0.0, realizedPNL=-2610.58, account='DU1899929')
2026-03-03 02:29:00 [INFO] updatePortfolio: PortfolioItem(contract=Future(conId=304037436, symbol='CL', lastTradeDateOrContractMonth='20260320', right='0', multiplier='1000', primaryExchange='NYMEX', currency='USD', localSymbol='CLJ6', tradingClass='CL'), position=0.0, marketPrice=75.8899994, marketValue=0.0, averageCost=0.0, unrealizedPNL=0.0, realizedPNL=-2610.58, account='DU1899929')
2026-03-03 02:30:04 [INFO] NEW BAR: 2026-03-03 10:30:00  O=75.83 H=75.84 L=75.75 C=75.82 V=261
2026-03-03 02:30:11 [INFO] INFERENCE [Manatee] LONG: buy_prob=0.4278  sell_prob=0.0000  signal=Hold  action=HOLD  skip=BELOW_THRESHOLD
2026-03-03 02:32:00 [INFO] updatePortfolio: PortfolioItem(contract=Future(conId=304037436, symbol='CL', lastTradeDateOrContractMonth='20260320', right='0', multiplier='1000', primaryExchange='NYMEX', currency='USD', localSymbol='CLJ6', tradingClass='CL'), position=0.0, marketPrice=75.98999785, marketValue=0.0, averageCost=0.0, unrealizedPNL=0.0, realizedPNL=-2610.58, account='DU1899929')
2026-03-03 02:35:00 [INFO] updatePortfolio: PortfolioItem(contract=Future(conId=304037436, symbol='CL', lastTradeDateOrContractMonth='20260320', right='0', multiplier='1000', primaryExchange='NYMEX', currency='USD', localSymbol='CLJ6', tradingClass='CL'), position=0.0, marketPrice=76.12389375, marketValue=0.0, averageCost=0.0, unrealizedPNL=0.0, realizedPNL=-2610.58, account='DU1899929')
2026-03-03 02:35:04 [INFO] NEW BAR: 2026-03-03 10:35:00  O=76.13 H=76.14 L=76.11 C=76.13 V=57
2026-03-03 02:35:11 [INFO] INFERENCE [Manatee] LONG: buy_prob=0.4056  sell_prob=0.0000  signal=Hold  action=HOLD  skip=BELOW_THRESHOLD
2026-03-03 02:38:00 [INFO] updatePortfolio: PortfolioItem(contract=Future(conId=304037436, symbol='CL', lastTradeDateOrContractMonth='20260320', right='0', multiplier='1000', primaryExchange='NYMEX', currency='USD', localSymbol='CLJ6', tradingClass='CL'), position=0.0, marketPrice=76.4599991, marketValue=0.0, averageCost=0.0, unrealizedPNL=0.0, realizedPNL=-2610.58, account='DU1899929')
2026-03-03 02:40:04 [INFO] NEW BAR: 2026-03-03 10:40:00  O=76.08 H=76.08 L=75.96 C=75.98 V=109
2026-03-03 02:40:11 [INFO] INFERENCE [Manatee] LONG: buy_prob=0.3641  sell_prob=0.0000  signal=Hold  action=HOLD  skip=BELOW_THRESHOLD
2026-03-03 02:41:00 [INFO] updatePortfolio: PortfolioItem(contract=Future(conId=304037436, symbol='CL', lastTradeDateOrContractMonth='20260320', right='0', multiplier='1000', primaryExchange='NYMEX', currency='USD', localSymbol='CLJ6', tradingClass='CL'), position=0.0, marketPrice=75.9599991, marketValue=0.0, averageCost=0.0, unrealizedPNL=0.0, realizedPNL=-2610.58, account='DU1899929')
2026-03-03 02:44:00 [INFO] updatePortfolio: PortfolioItem(contract=Future(conId=304037436, symbol='CL', lastTradeDateOrContractMonth='20260320', right='0', multiplier='1000', primaryExchange='NYMEX', currency='USD', localSymbol='CLJ6', tradingClass='CL'), position=0.0, marketPrice=76.01999665, marketValue=0.0, averageCost=0.0, unrealizedPNL=0.0, realizedPNL=-2610.58, account='DU1899929')
2026-03-03 02:45:04 [INFO] NEW BAR: 2026-03-03 10:45:00  O=76.05 H=76.06 L=76.02 C=76.06 V=66
2026-03-03 02:45:11 [INFO] INFERENCE [Manatee] LONG: buy_prob=0.4323  sell_prob=0.0000  signal=Hold  action=HOLD  skip=BELOW_THRESHOLD
2026-03-03 02:47:00 [INFO] updatePortfolio: PortfolioItem(contract=Future(conId=304037436, symbol='CL', lastTradeDateOrContractMonth='20260320', right='0', multiplier='1000', primaryExchange='NYMEX', currency='USD', localSymbol='CLJ6', tradingClass='CL'), position=0.0, marketPrice=76.05999755, marketValue=0.0, averageCost=0.0, unrealizedPNL=0.0, realizedPNL=-2610.58, account='DU1899929')
2026-03-03 02:50:00 [INFO] updatePortfolio: PortfolioItem(contract=Future(conId=304037436, symbol='CL', lastTradeDateOrContractMonth='20260320', right='0', multiplier='1000', primaryExchange='NYMEX', currency='USD', localSymbol='CLJ6', tradingClass='CL'), position=0.0, marketPrice=76.33000185, marketValue=0.0, averageCost=0.0, unrealizedPNL=0.0, realizedPNL=-2610.58, account='DU1899929')
2026-03-03 02:50:05 [INFO] NEW BAR: 2026-03-03 10:50:00  O=76.34 H=76.36 L=76.30 C=76.30 V=61
2026-03-03 02:50:11 [INFO] INFERENCE [Manatee] LONG: buy_prob=0.4052  sell_prob=0.0000  signal=Hold  action=HOLD  skip=BELOW_THRESHOLD
2026-03-03 02:53:00 [INFO] updatePortfolio: PortfolioItem(contract=Future(conId=304037436, symbol='CL', lastTradeDateOrContractMonth='20260320', right='0', multiplier='1000', primaryExchange='NYMEX', currency='USD', localSymbol='CLJ6', tradingClass='CL'), position=0.0, marketPrice=76.44149015, marketValue=0.0, averageCost=0.0, unrealizedPNL=0.0, realizedPNL=-2610.58, account='DU1899929')
2026-03-03 02:55:04 [INFO] NEW BAR: 2026-03-03 10:55:00  O=76.64 H=76.66 L=76.61 C=76.61 V=98
2026-03-03 02:55:04 [INFO] Cache saved: 14075 bars → C:\Users\bwang\Documents\GitHub\CL_Analyst\data\processed\warm_start_cache_cid10.parquet
2026-03-03 02:55:04 [INFO] Mirrored warm_start_cache_cid10.parquet → C:\CL_Analyst_Data\processed\warm_start_cache_cid10.parquet
2026-03-03 02:55:11 [INFO] INFERENCE [Manatee] LONG: buy_prob=0.3952  sell_prob=0.0000  signal=Hold  action=HOLD  skip=BELOW_THRESHOLD
2026-03-03 02:56:00 [INFO] updatePortfolio: PortfolioItem(contract=Future(conId=304037436, symbol='CL', lastTradeDateOrContractMonth='20260320', right='0', multiplier='1000', primaryExchange='NYMEX', currency='USD', localSymbol='CLJ6', tradingClass='CL'), position=0.0, marketPrice=76.84999845, marketValue=0.0, averageCost=0.0, unrealizedPNL=0.0, realizedPNL=-2610.58, account='DU1899929')
2026-03-03 02:59:00 [INFO] updatePortfolio: PortfolioItem(contract=Future(conId=304037436, symbol='CL', lastTradeDateOrContractMonth='20260320', right='0', multiplier='1000', primaryExchange='NYMEX', currency='USD', localSymbol='CLJ6', tradingClass='CL'), position=0.0, marketPrice=76.83000185, marketValue=0.0, averageCost=0.0, unrealizedPNL=0.0, realizedPNL=-2610.58, account='DU1899929')
2026-03-03 03:00:04 [INFO] NEW BAR: 2026-03-03 11:00:00  O=76.48 H=76.49 L=76.35 C=76.37 V=164
2026-03-03 03:00:11 [INFO] INFERENCE [Manatee] LONG: buy_prob=0.3118  sell_prob=0.0000  signal=Hold  action=HOLD  skip=BELOW_THRESHOLD
2026-03-03 03:02:00 [INFO] updatePortfolio: PortfolioItem(contract=Future(conId=304037436, symbol='CL', lastTradeDateOrContractMonth='20260320', right='0', multiplier='1000', primaryExchange='NYMEX', currency='USD', localSymbol='CLJ6', tradingClass='CL'), position=0.0, marketPrice=76.66000365, marketValue=0.0, averageCost=0.0, unrealizedPNL=0.0, realizedPNL=-2610.58, account='DU1899929')
2026-03-03 03:05:00 [INFO] updatePortfolio: PortfolioItem(contract=Future(conId=304037436, symbol='CL', lastTradeDateOrContractMonth='20260320', right='0', multiplier='1000', primaryExchange='NYMEX', currency='USD', localSymbol='CLJ6', tradingClass='CL'), position=0.0, marketPrice=76.23000335, marketValue=0.0, averageCost=0.0, unrealizedPNL=0.0, realizedPNL=-2610.58, account='DU1899929')
2026-03-03 03:05:04 [INFO] NEW BAR: 2026-03-03 11:05:00  O=76.22 H=76.23 L=76.17 C=76.18 V=74
2026-03-03 03:05:11 [INFO] INFERENCE [Manatee] LONG: buy_prob=0.3685  sell_prob=0.0000  signal=Hold  action=HOLD  skip=BELOW_THRESHOLD
2026-03-03 03:08:00 [INFO] updatePortfolio: PortfolioItem(contract=Future(conId=304037436, symbol='CL', lastTradeDateOrContractMonth='20260320', right='0', multiplier='1000', primaryExchange='NYMEX', currency='USD', localSymbol='CLJ6', tradingClass='CL'), position=0.0, marketPrice=76.65000155, marketValue=0.0, averageCost=0.0, unrealizedPNL=0.0, realizedPNL=-2610.58, account='DU1899929')
2026-03-03 03:10:04 [INFO] NEW BAR: 2026-03-03 11:10:00  O=76.65 H=76.69 L=76.65 C=76.69 V=44
2026-03-03 03:10:11 [INFO] INFERENCE [Manatee] LONG: buy_prob=0.4196  sell_prob=0.0000  signal=Hold  action=HOLD  skip=BELOW_THRESHOLD
2026-03-03 03:11:00 [INFO] updatePortfolio: PortfolioItem(contract=Future(conId=304037436, symbol='CL', lastTradeDateOrContractMonth='20260320', right='0', multiplier='1000', primaryExchange='NYMEX', currency='USD', localSymbol='CLJ6', tradingClass='CL'), position=0.0, marketPrice=76.92781065, marketValue=0.0, averageCost=0.0, unrealizedPNL=0.0, realizedPNL=-2610.58, account='DU1899929')
2026-03-03 03:14:00 [INFO] updatePortfolio: PortfolioItem(contract=Future(conId=304037436, symbol='CL', lastTradeDateOrContractMonth='20260320', right='0', multiplier='1000', primaryExchange='NYMEX', currency='USD', localSymbol='CLJ6', tradingClass='CL'), position=0.0, marketPrice=76.7637787, marketValue=0.0, averageCost=0.0, unrealizedPNL=0.0, realizedPNL=-2610.58, account='DU1899929')
2026-03-03 03:15:04 [INFO] NEW BAR: 2026-03-03 11:15:00  O=76.86 H=76.86 L=76.80 C=76.81 V=52
2026-03-03 03:15:11 [INFO] INFERENCE [Manatee] LONG: buy_prob=0.4186  sell_prob=0.0000  signal=Hold  action=HOLD  skip=BELOW_THRESHOLD
2026-03-03 03:17:00 [INFO] updatePortfolio: PortfolioItem(contract=Future(conId=304037436, symbol='CL', lastTradeDateOrContractMonth='20260320', right='0', multiplier='1000', primaryExchange='NYMEX', currency='USD', localSymbol='CLJ6', tradingClass='CL'), position=0.0, marketPrice=76.8899994, marketValue=0.0, averageCost=0.0, unrealizedPNL=0.0, realizedPNL=-2610.58, account='DU1899929')
2026-03-03 03:20:00 [INFO] updatePortfolio: PortfolioItem(contract=Future(conId=304037436, symbol='CL', lastTradeDateOrContractMonth='20260320', right='0', multiplier='1000', primaryExchange='NYMEX', currency='USD', localSymbol='CLJ6', tradingClass='CL'), position=0.0, marketPrice=77.3160324, marketValue=0.0, averageCost=0.0, unrealizedPNL=0.0, realizedPNL=-2610.58, account='DU1899929')
2026-03-03 03:20:04 [INFO] NEW BAR: 2026-03-03 11:20:00  O=77.31 H=77.39 L=77.30 C=77.37 V=106
2026-03-03 03:20:11 [INFO] INFERENCE [Manatee] LONG: buy_prob=0.4002  sell_prob=0.0000  signal=Hold  action=HOLD  skip=BELOW_THRESHOLD
2026-03-03 03:23:00 [INFO] updatePortfolio: PortfolioItem(contract=Future(conId=304037436, symbol='CL', lastTradeDateOrContractMonth='20260320', right='0', multiplier='1000', primaryExchange='NYMEX', currency='USD', localSymbol='CLJ6', tradingClass='CL'), position=0.0, marketPrice=77.30999755, marketValue=0.0, averageCost=0.0, unrealizedPNL=0.0, realizedPNL=-2610.58, account='DU1899929')
2026-03-03 03:25:04 [INFO] NEW BAR: 2026-03-03 11:25:00  O=77.02 H=77.03 L=76.93 C=76.97 V=185
2026-03-03 03:25:11 [INFO] INFERENCE [Manatee] LONG: buy_prob=0.3576  sell_prob=0.0000  signal=Hold  action=HOLD  skip=BELOW_THRESHOLD
2026-03-03 03:26:00 [INFO] updatePortfolio: PortfolioItem(contract=Future(conId=304037436, symbol='CL', lastTradeDateOrContractMonth='20260320', right='0', multiplier='1000', primaryExchange='NYMEX', currency='USD', localSymbol='CLJ6', tradingClass='CL'), position=0.0, marketPrice=76.92407225, marketValue=0.0, averageCost=0.0, unrealizedPNL=0.0, realizedPNL=-2610.58, account='DU1899929')
2026-03-03 03:29:00 [INFO] updatePortfolio: PortfolioItem(contract=Future(conId=304037436, symbol='CL', lastTradeDateOrContractMonth='20260320', right='0', multiplier='1000', primaryExchange='NYMEX', currency='USD', localSymbol='CLJ6', tradingClass='CL'), position=0.0, marketPrice=76.73999785, marketValue=0.0, averageCost=0.0, unrealizedPNL=0.0, realizedPNL=-2610.58, account='DU1899929')
2026-03-03 03:30:04 [INFO] NEW BAR: 2026-03-03 11:30:00  O=76.61 H=76.62 L=76.59 C=76.59 V=69
2026-03-03 03:30:11 [INFO] INFERENCE [Manatee] LONG: buy_prob=0.3835  sell_prob=0.0000  signal=Hold  action=HOLD  skip=BELOW_THRESHOLD
2026-03-03 03:32:00 [INFO] updatePortfolio: PortfolioItem(contract=Future(conId=304037436, symbol='CL', lastTradeDateOrContractMonth='20260320', right='0', multiplier='1000', primaryExchange='NYMEX', currency='USD', localSymbol='CLJ6', tradingClass='CL'), position=0.0, marketPrice=76.34999845, marketValue=0.0, averageCost=0.0, unrealizedPNL=0.0, realizedPNL=-2610.58, account='DU1899929')
2026-03-03 03:35:00 [INFO] updatePortfolio: PortfolioItem(contract=Future(conId=304037436, symbol='CL', lastTradeDateOrContractMonth='20260320', right='0', multiplier='1000', primaryExchange='NYMEX', currency='USD', localSymbol='CLJ6', tradingClass='CL'), position=0.0, marketPrice=76.37000275, marketValue=0.0, averageCost=0.0, unrealizedPNL=0.0, realizedPNL=-2610.58, account='DU1899929')
2026-03-03 03:35:04 [INFO] NEW BAR: 2026-03-03 11:35:00  O=76.36 H=76.41 L=76.36 C=76.38 V=71
2026-03-03 03:35:11 [INFO] INFERENCE [Manatee] LONG: buy_prob=0.3436  sell_prob=0.0000  signal=Hold  action=HOLD  skip=BELOW_THRESHOLD
2026-03-03 03:38:00 [INFO] updatePortfolio: PortfolioItem(contract=Future(conId=304037436, symbol='CL', lastTradeDateOrContractMonth='20260320', right='0', multiplier='1000', primaryExchange='NYMEX', currency='USD', localSymbol='CLJ6', tradingClass='CL'), position=0.0, marketPrice=76.08999635, marketValue=0.0, averageCost=0.0, unrealizedPNL=0.0, realizedPNL=-2610.58, account='DU1899929')
2026-03-03 03:40:04 [INFO] NEW BAR: 2026-03-03 11:40:00  O=76.57 H=76.62 L=76.56 C=76.59 V=105
2026-03-03 03:40:11 [INFO] INFERENCE [Manatee] LONG: buy_prob=0.3837  sell_prob=0.0000  signal=Hold  action=HOLD  skip=BELOW_THRESHOLD
2026-03-03 03:41:00 [INFO] updatePortfolio: PortfolioItem(contract=Future(conId=304037436, symbol='CL', lastTradeDateOrContractMonth='20260320', right='0', multiplier='1000', primaryExchange='NYMEX', currency='USD', localSymbol='CLJ6', tradingClass='CL'), position=0.0, marketPrice=76.66000365, marketValue=0.0, averageCost=0.0, unrealizedPNL=0.0, realizedPNL=-2610.58, account='DU1899929')
2026-03-03 03:44:00 [INFO] updatePortfolio: PortfolioItem(contract=Future(conId=304037436, symbol='CL', lastTradeDateOrContractMonth='20260320', right='0', multiplier='1000', primaryExchange='NYMEX', currency='USD', localSymbol='CLJ6', tradingClass='CL'), position=0.0, marketPrice=76.5699997, marketValue=0.0, averageCost=0.0, unrealizedPNL=0.0, realizedPNL=-2610.58, account='DU1899929')
2026-03-03 03:45:04 [INFO] NEW BAR: 2026-03-03 11:45:00  O=76.69 H=76.71 L=76.68 C=76.70 V=58
2026-03-03 03:45:11 [INFO] INFERENCE [Manatee] LONG: buy_prob=0.3832  sell_prob=0.0000  signal=Hold  action=HOLD  skip=BELOW_THRESHOLD
2026-03-03 03:47:00 [INFO] updatePortfolio: PortfolioItem(contract=Future(conId=304037436, symbol='CL', lastTradeDateOrContractMonth='20260320', right='0', multiplier='1000', primaryExchange='NYMEX', currency='USD', localSymbol='CLJ6', tradingClass='CL'), position=0.0, marketPrice=76.87000275, marketValue=0.0, averageCost=0.0, unrealizedPNL=0.0, realizedPNL=-2610.58, account='DU1899929')
2026-03-03 03:50:00 [INFO] updatePortfolio: PortfolioItem(contract=Future(conId=304037436, symbol='CL', lastTradeDateOrContractMonth='20260320', right='0', multiplier='1000', primaryExchange='NYMEX', currency='USD', localSymbol='CLJ6', tradingClass='CL'), position=0.0, marketPrice=77.01000215, marketValue=0.0, averageCost=0.0, unrealizedPNL=0.0, realizedPNL=-2610.58, account='DU1899929')
2026-03-03 03:50:04 [INFO] NEW BAR: 2026-03-03 11:50:00  O=77.00 H=77.06 L=77.00 C=77.04 V=145
2026-03-03 03:50:10 [INFO] INFERENCE [Manatee] LONG: buy_prob=0.3343  sell_prob=0.0000  signal=Hold  action=HOLD  skip=BELOW_THRESHOLD
2026-03-03 03:53:00 [INFO] updatePortfolio: PortfolioItem(contract=Future(conId=304037436, symbol='CL', lastTradeDateOrContractMonth='20260320', right='0', multiplier='1000', primaryExchange='NYMEX', currency='USD', localSymbol='CLJ6', tradingClass='CL'), position=0.0, marketPrice=76.94999695, marketValue=0.0, averageCost=0.0, unrealizedPNL=0.0, realizedPNL=-2610.58, account='DU1899929')
2026-03-03 03:55:04 [INFO] NEW BAR: 2026-03-03 11:55:00  O=76.71 H=76.74 L=76.70 C=76.73 V=69
2026-03-03 03:55:04 [INFO] Cache saved: 14087 bars → C:\Users\bwang\Documents\GitHub\CL_Analyst\data\processed\warm_start_cache_cid10.parquet
2026-03-03 03:55:04 [INFO] Mirrored warm_start_cache_cid10.parquet → C:\CL_Analyst_Data\processed\warm_start_cache_cid10.parquet
2026-03-03 03:55:11 [INFO] INFERENCE [Manatee] LONG: buy_prob=0.3641  sell_prob=0.0000  signal=Hold  action=HOLD  skip=BELOW_THRESHOLD
2026-03-03 03:56:00 [INFO] updatePortfolio: PortfolioItem(contract=Future(conId=304037436, symbol='CL', lastTradeDateOrContractMonth='20260320', right='0', multiplier='1000', primaryExchange='NYMEX', currency='USD', localSymbol='CLJ6', tradingClass='CL'), position=0.0, marketPrice=76.8718796, marketValue=0.0, averageCost=0.0, unrealizedPNL=0.0, realizedPNL=-2610.58, account='DU1899929')
2026-03-03 03:59:00 [INFO] updatePortfolio: PortfolioItem(contract=Future(conId=304037436, symbol='CL', lastTradeDateOrContractMonth='20260320', right='0', multiplier='1000', primaryExchange='NYMEX', currency='USD', localSymbol='CLJ6', tradingClass='CL'), position=0.0, marketPrice=77.15000155, marketValue=0.0, averageCost=0.0, unrealizedPNL=0.0, realizedPNL=-2610.58, account='DU1899929')
2026-03-03 04:00:04 [INFO] NEW BAR: 2026-03-03 12:00:00  O=77.18 H=77.20 L=77.15 C=77.18 V=93
2026-03-03 04:00:11 [INFO] INFERENCE [Manatee] LONG: buy_prob=0.3301  sell_prob=0.0000  signal=Hold  action=HOLD  skip=BELOW_THRESHOLD
2026-03-03 04:02:00 [INFO] updatePortfolio: PortfolioItem(contract=Future(conId=304037436, symbol='CL', lastTradeDateOrContractMonth='20260320', right='0', multiplier='1000', primaryExchange='NYMEX', currency='USD', localSymbol='CLJ6', tradingClass='CL'), position=0.0, marketPrice=77.34999845, marketValue=0.0, averageCost=0.0, unrealizedPNL=0.0, realizedPNL=-2610.58, account='DU1899929')
2026-03-03 04:05:00 [INFO] updatePortfolio: PortfolioItem(contract=Future(conId=304037436, symbol='CL', lastTradeDateOrContractMonth='20260320', right='0', multiplier='1000', primaryExchange='NYMEX', currency='USD', localSymbol='CLJ6', tradingClass='CL'), position=0.0, marketPrice=77.44000245, marketValue=0.0, averageCost=0.0, unrealizedPNL=0.0, realizedPNL=-2610.58, account='DU1899929')
2026-03-03 04:05:04 [INFO] NEW BAR: 2026-03-03 12:05:00  O=77.44 H=77.48 L=77.42 C=77.46 V=34
2026-03-03 04:05:10 [INFO] INFERENCE [Manatee] LONG: buy_prob=0.4237  sell_prob=0.0000  signal=Hold  action=HOLD  skip=BELOW_THRESHOLD
2026-03-03 04:08:00 [INFO] updatePortfolio: PortfolioItem(contract=Future(conId=304037436, symbol='CL', lastTradeDateOrContractMonth='20260320', right='0', multiplier='1000', primaryExchange='NYMEX', currency='USD', localSymbol='CLJ6', tradingClass='CL'), position=0.0, marketPrice=77.1399994, marketValue=0.0, averageCost=0.0, unrealizedPNL=0.0, realizedPNL=-2610.58, account='DU1899929')
2026-03-03 04:10:04 [INFO] NEW BAR: 2026-03-03 12:10:00  O=76.70 H=76.77 L=76.70 C=76.76 V=109
2026-03-03 04:10:10 [INFO] INFERENCE [Manatee] LONG: buy_prob=0.3809  sell_prob=0.0000  signal=Hold  action=HOLD  skip=BELOW_THRESHOLD
2026-03-03 04:11:00 [INFO] updatePortfolio: PortfolioItem(contract=Future(conId=304037436, symbol='CL', lastTradeDateOrContractMonth='20260320', right='0', multiplier='1000', primaryExchange='NYMEX', currency='USD', localSymbol='CLJ6', tradingClass='CL'), position=0.0, marketPrice=76.69999695, marketValue=0.0, averageCost=0.0, unrealizedPNL=0.0, realizedPNL=-2610.58, account='DU1899929')
2026-03-03 04:14:00 [INFO] updatePortfolio: PortfolioItem(contract=Future(conId=304037436, symbol='CL', lastTradeDateOrContractMonth='20260320', right='0', multiplier='1000', primaryExchange='NYMEX', currency='USD', localSymbol='CLJ6', tradingClass='CL'), position=0.0, marketPrice=76.4989624, marketValue=0.0, averageCost=0.0, unrealizedPNL=0.0, realizedPNL=-2610.58, account='DU1899929')
2026-03-03 04:15:04 [INFO] NEW BAR: 2026-03-03 12:15:00  O=76.14 H=76.20 L=76.12 C=76.17 V=185
2026-03-03 04:15:11 [INFO] INFERENCE [Manatee] LONG: buy_prob=0.3658  sell_prob=0.0000  signal=Hold  action=HOLD  skip=BELOW_THRESHOLD
2026-03-03 04:17:00 [INFO] updatePortfolio: PortfolioItem(contract=Future(conId=304037436, symbol='CL', lastTradeDateOrContractMonth='20260320', right='0', multiplier='1000', primaryExchange='NYMEX', currency='USD', localSymbol='CLJ6', tradingClass='CL'), position=0.0, marketPrice=76.25, marketValue=0.0, averageCost=0.0, unrealizedPNL=0.0, realizedPNL=-2610.58, account='DU1899929')
2026-03-03 04:20:00 [INFO] updatePortfolio: PortfolioItem(contract=Future(conId=304037436, symbol='CL', lastTradeDateOrContractMonth='20260320', right='0', multiplier='1000', primaryExchange='NYMEX', currency='USD', localSymbol='CLJ6', tradingClass='CL'), position=0.0, marketPrice=76.12000275, marketValue=0.0, averageCost=0.0, unrealizedPNL=0.0, realizedPNL=-2610.58, account='DU1899929')
2026-03-03 04:20:04 [INFO] NEW BAR: 2026-03-03 12:20:00  O=76.12 H=76.16 L=76.12 C=76.15 V=64
2026-03-03 04:20:11 [INFO] INFERENCE [Manatee] LONG: buy_prob=0.3857  sell_prob=0.0000  signal=Hold  action=HOLD  skip=BELOW_THRESHOLD
2026-03-03 04:23:00 [INFO] updatePortfolio: PortfolioItem(contract=Future(conId=304037436, symbol='CL', lastTradeDateOrContractMonth='20260320', right='0', multiplier='1000', primaryExchange='NYMEX', currency='USD', localSymbol='CLJ6', tradingClass='CL'), position=0.0, marketPrice=75.87000275, marketValue=0.0, averageCost=0.0, unrealizedPNL=0.0, realizedPNL=-2610.58, account='DU1899929')
2026-03-03 04:25:04 [INFO] NEW BAR: 2026-03-03 12:25:00  O=76.19 H=76.21 L=76.16 C=76.19 V=61
2026-03-03 04:25:11 [INFO] INFERENCE [Manatee] LONG: buy_prob=0.3748  sell_prob=0.0000  signal=Hold  action=HOLD  skip=BELOW_THRESHOLD
2026-03-03 04:26:00 [INFO] updatePortfolio: PortfolioItem(contract=Future(conId=304037436, symbol='CL', lastTradeDateOrContractMonth='20260320', right='0', multiplier='1000', primaryExchange='NYMEX', currency='USD', localSymbol='CLJ6', tradingClass='CL'), position=0.0, marketPrice=76.1399994, marketValue=0.0, averageCost=0.0, unrealizedPNL=0.0, realizedPNL=-2610.58, account='DU1899929')
2026-03-03 04:29:00 [INFO] updatePortfolio: PortfolioItem(contract=Future(conId=304037436, symbol='CL', lastTradeDateOrContractMonth='20260320', right='0', multiplier='1000', primaryExchange='NYMEX', currency='USD', localSymbol='CLJ6', tradingClass='CL'), position=0.0, marketPrice=75.9732971, marketValue=0.0, averageCost=0.0, unrealizedPNL=0.0, realizedPNL=-2610.58, account='DU1899929')
2026-03-03 04:30:04 [INFO] NEW BAR: 2026-03-03 12:30:00  O=76.03 H=76.06 L=76.02 C=76.04 V=44
2026-03-03 04:30:10 [INFO] INFERENCE [Manatee] LONG: buy_prob=0.3651  sell_prob=0.0000  signal=Hold  action=HOLD  skip=BELOW_THRESHOLD
2026-03-03 04:32:00 [INFO] updatePortfolio: PortfolioItem(contract=Future(conId=304037436, symbol='CL', lastTradeDateOrContractMonth='20260320', right='0', multiplier='1000', primaryExchange='NYMEX', currency='USD', localSymbol='CLJ6', tradingClass='CL'), position=0.0, marketPrice=76.2799988, marketValue=0.0, averageCost=0.0, unrealizedPNL=0.0, realizedPNL=-2610.58, account='DU1899929')
2026-03-03 04:35:00 [INFO] updatePortfolio: PortfolioItem(contract=Future(conId=304037436, symbol='CL', lastTradeDateOrContractMonth='20260320', right='0', multiplier='1000', primaryExchange='NYMEX', currency='USD', localSymbol='CLJ6', tradingClass='CL'), position=0.0, marketPrice=76.62999725, marketValue=0.0, averageCost=0.0, unrealizedPNL=0.0, realizedPNL=-2610.58, account='DU1899929')
2026-03-03 04:35:04 [INFO] NEW BAR: 2026-03-03 12:35:00  O=76.62 H=76.64 L=76.59 C=76.59 V=65
2026-03-03 04:35:11 [INFO] INFERENCE [Manatee] LONG: buy_prob=0.3848  sell_prob=0.0000  signal=Hold  action=HOLD  skip=BELOW_THRESHOLD
2026-03-03 04:38:00 [INFO] updatePortfolio: PortfolioItem(contract=Future(conId=304037436, symbol='CL', lastTradeDateOrContractMonth='20260320', right='0', multiplier='1000', primaryExchange='NYMEX', currency='USD', localSymbol='CLJ6', tradingClass='CL'), position=0.0, marketPrice=76.16999815, marketValue=0.0, averageCost=0.0, unrealizedPNL=0.0, realizedPNL=-2610.58, account='DU1899929')
2026-03-03 04:40:04 [INFO] NEW BAR: 2026-03-03 12:40:00  O=76.44 H=76.44 L=76.40 C=76.43 V=34
2026-03-03 04:40:11 [INFO] INFERENCE [Manatee] LONG: buy_prob=0.3510  sell_prob=0.0000  signal=Hold  action=HOLD  skip=BELOW_THRESHOLD
2026-03-03 04:41:00 [INFO] updatePortfolio: PortfolioItem(contract=Future(conId=304037436, symbol='CL', lastTradeDateOrContractMonth='20260320', right='0', multiplier='1000', primaryExchange='NYMEX', currency='USD', localSymbol='CLJ6', tradingClass='CL'), position=0.0, marketPrice=76.51999665, marketValue=0.0, averageCost=0.0, unrealizedPNL=0.0, realizedPNL=-2610.58, account='DU1899929')
2026-03-03 04:44:00 [INFO] updatePortfolio: PortfolioItem(contract=Future(conId=304037436, symbol='CL', lastTradeDateOrContractMonth='20260320', right='0', multiplier='1000', primaryExchange='NYMEX', currency='USD', localSymbol='CLJ6', tradingClass='CL'), position=0.0, marketPrice=76.37999725, marketValue=0.0, averageCost=0.0, unrealizedPNL=0.0, realizedPNL=-2610.58, account='DU1899929')
2026-03-03 04:45:04 [INFO] NEW BAR: 2026-03-03 12:45:00  O=76.28 H=76.30 L=76.25 C=76.28 V=55
2026-03-03 04:45:11 [INFO] INFERENCE [Manatee] LONG: buy_prob=0.4064  sell_prob=0.0000  signal=Hold  action=HOLD  skip=BELOW_THRESHOLD
2026-03-03 04:47:00 [INFO] updatePortfolio: PortfolioItem(contract=Future(conId=304037436, symbol='CL', lastTradeDateOrContractMonth='20260320', right='0', multiplier='1000', primaryExchange='NYMEX', currency='USD', localSymbol='CLJ6', tradingClass='CL'), position=0.0, marketPrice=76.0299988, marketValue=0.0, averageCost=0.0, unrealizedPNL=0.0, realizedPNL=-2610.58, account='DU1899929')
2026-03-03 04:50:00 [INFO] updatePortfolio: PortfolioItem(contract=Future(conId=304037436, symbol='CL', lastTradeDateOrContractMonth='20260320', right='0', multiplier='1000', primaryExchange='NYMEX', currency='USD', localSymbol='CLJ6', tradingClass='CL'), position=0.0, marketPrice=75.8899994, marketValue=0.0, averageCost=0.0, unrealizedPNL=0.0, realizedPNL=-2610.58, account='DU1899929')
2026-03-03 04:50:04 [INFO] NEW BAR: 2026-03-03 12:50:00  O=75.88 H=75.98 L=75.88 C=75.98 V=94
2026-03-03 04:50:10 [INFO] INFERENCE [Manatee] LONG: buy_prob=0.3890  sell_prob=0.0000  signal=Hold  action=HOLD  skip=BELOW_THRESHOLD
2026-03-03 04:53:00 [INFO] updatePortfolio: PortfolioItem(contract=Future(conId=304037436, symbol='CL', lastTradeDateOrContractMonth='20260320', right='0', multiplier='1000', primaryExchange='NYMEX', currency='USD', localSymbol='CLJ6', tradingClass='CL'), position=0.0, marketPrice=76.33000185, marketValue=0.0, averageCost=0.0, unrealizedPNL=0.0, realizedPNL=-2610.58, account='DU1899929')
2026-03-03 04:55:04 [INFO] NEW BAR: 2026-03-03 12:55:00  O=76.15 H=76.17 L=76.13 C=76.17 V=23
2026-03-03 04:55:04 [INFO] Cache saved: 14099 bars → C:\Users\bwang\Documents\GitHub\CL_Analyst\data\processed\warm_start_cache_cid10.parquet
2026-03-03 04:55:04 [INFO] Mirrored warm_start_cache_cid10.parquet → C:\CL_Analyst_Data\processed\warm_start_cache_cid10.parquet
2026-03-03 04:55:11 [INFO] INFERENCE [Manatee] LONG: buy_prob=0.3850  sell_prob=0.0000  signal=Hold  action=HOLD  skip=BELOW_THRESHOLD
2026-03-03 04:56:00 [INFO] updatePortfolio: PortfolioItem(contract=Future(conId=304037436, symbol='CL', lastTradeDateOrContractMonth='20260320', right='0', multiplier='1000', primaryExchange='NYMEX', currency='USD', localSymbol='CLJ6', tradingClass='CL'), position=0.0, marketPrice=75.9599991, marketValue=0.0, averageCost=0.0, unrealizedPNL=0.0, realizedPNL=-2610.58, account='DU1899929')
2026-03-03 04:59:00 [INFO] updatePortfolio: PortfolioItem(contract=Future(conId=304037436, symbol='CL', lastTradeDateOrContractMonth='20260320', right='0', multiplier='1000', primaryExchange='NYMEX', currency='USD', localSymbol='CLJ6', tradingClass='CL'), position=0.0, marketPrice=75.91000365, marketValue=0.0, averageCost=0.0, unrealizedPNL=0.0, realizedPNL=-2610.58, account='DU1899929')
2026-03-03 05:00:04 [INFO] NEW BAR: 2026-03-03 13:00:00  O=75.94 H=75.97 L=75.79 C=75.83 V=391
2026-03-03 05:00:11 [INFO] INFERENCE [Manatee] LONG: buy_prob=0.3652  sell_prob=0.0000  signal=Hold  action=HOLD  skip=BELOW_THRESHOLD
2026-03-03 05:02:00 [INFO] updatePortfolio: PortfolioItem(contract=Future(conId=304037436, symbol='CL', lastTradeDateOrContractMonth='20260320', right='0', multiplier='1000', primaryExchange='NYMEX', currency='USD', localSymbol='CLJ6', tradingClass='CL'), position=0.0, marketPrice=75.65000155, marketValue=0.0, averageCost=0.0, unrealizedPNL=0.0, realizedPNL=-2610.58, account='DU1899929')
2026-03-03 05:05:00 [INFO] updatePortfolio: PortfolioItem(contract=Future(conId=304037436, symbol='CL', lastTradeDateOrContractMonth='20260320', right='0', multiplier='1000', primaryExchange='NYMEX', currency='USD', localSymbol='CLJ6', tradingClass='CL'), position=0.0, marketPrice=75.83000185, marketValue=0.0, averageCost=0.0, unrealizedPNL=0.0, realizedPNL=-2610.58, account='DU1899929')
2026-03-03 05:05:04 [INFO] NEW BAR: 2026-03-03 13:05:00  O=75.83 H=75.83 L=75.79 C=75.79 V=65
2026-03-03 05:05:11 [INFO] INFERENCE [Manatee] LONG: buy_prob=0.4174  sell_prob=0.0000  signal=Hold  action=HOLD  skip=BELOW_THRESHOLD
2026-03-03 05:08:00 [INFO] updatePortfolio: PortfolioItem(contract=Future(conId=304037436, symbol='CL', lastTradeDateOrContractMonth='20260320', right='0', multiplier='1000', primaryExchange='NYMEX', currency='USD', localSymbol='CLJ6', tradingClass='CL'), position=0.0, marketPrice=75.73000335, marketValue=0.0, averageCost=0.0, unrealizedPNL=0.0, realizedPNL=-2610.58, account='DU1899929')
2026-03-03 05:10:04 [INFO] NEW BAR: 2026-03-03 13:10:00  O=75.81 H=75.84 L=75.78 C=75.82 V=88
2026-03-03 05:10:11 [INFO] INFERENCE [Manatee] LONG: buy_prob=0.3781  sell_prob=0.0000  signal=Hold  action=HOLD  skip=BELOW_THRESHOLD
2026-03-03 05:11:00 [INFO] updatePortfolio: PortfolioItem(contract=Future(conId=304037436, symbol='CL', lastTradeDateOrContractMonth='20260320', right='0', multiplier='1000', primaryExchange='NYMEX', currency='USD', localSymbol='CLJ6', tradingClass='CL'), position=0.0, marketPrice=76.15000155, marketValue=0.0, averageCost=0.0, unrealizedPNL=0.0, realizedPNL=-2610.58, account='DU1899929')
2026-03-03 05:14:00 [INFO] updatePortfolio: PortfolioItem(contract=Future(conId=304037436, symbol='CL', lastTradeDateOrContractMonth='20260320', right='0', multiplier='1000', primaryExchange='NYMEX', currency='USD', localSymbol='CLJ6', tradingClass='CL'), position=0.0, marketPrice=76.37999725, marketValue=0.0, averageCost=0.0, unrealizedPNL=0.0, realizedPNL=-2610.58, account='DU1899929')
2026-03-03 05:15:04 [INFO] NEW BAR: 2026-03-03 13:15:00  O=76.21 H=76.24 L=76.18 C=76.21 V=56
2026-03-03 05:15:11 [INFO] INFERENCE [Manatee] LONG: buy_prob=0.4050  sell_prob=0.0000  signal=Hold  action=HOLD  skip=BELOW_THRESHOLD
2026-03-03 05:17:00 [INFO] updatePortfolio: PortfolioItem(contract=Future(conId=304037436, symbol='CL', lastTradeDateOrContractMonth='20260320', right='0', multiplier='1000', primaryExchange='NYMEX', currency='USD', localSymbol='CLJ6', tradingClass='CL'), position=0.0, marketPrice=76.33000185, marketValue=0.0, averageCost=0.0, unrealizedPNL=0.0, realizedPNL=-2610.58, account='DU1899929')
2026-03-03 05:20:00 [INFO] updatePortfolio: PortfolioItem(contract=Future(conId=304037436, symbol='CL', lastTradeDateOrContractMonth='20260320', right='0', multiplier='1000', primaryExchange='NYMEX', currency='USD', localSymbol='CLJ6', tradingClass='CL'), position=0.0, marketPrice=76.19000245, marketValue=0.0, averageCost=0.0, unrealizedPNL=0.0, realizedPNL=-2610.58, account='DU1899929')
2026-03-03 05:20:04 [INFO] NEW BAR: 2026-03-03 13:20:00  O=76.19 H=76.19 L=76.09 C=76.14 V=149
2026-03-03 05:20:10 [INFO] INFERENCE [Manatee] LONG: buy_prob=0.3953  sell_prob=0.0000  signal=Hold  action=HOLD  skip=BELOW_THRESHOLD
2026-03-03 05:23:00 [INFO] updatePortfolio: PortfolioItem(contract=Future(conId=304037436, symbol='CL', lastTradeDateOrContractMonth='20260320', right='0', multiplier='1000', primaryExchange='NYMEX', currency='USD', localSymbol='CLJ6', tradingClass='CL'), position=0.0, marketPrice=76.25, marketValue=0.0, averageCost=0.0, unrealizedPNL=0.0, realizedPNL=-2610.58, account='DU1899929')
2026-03-03 05:25:04 [INFO] NEW BAR: 2026-03-03 13:25:00  O=76.19 H=76.24 L=76.19 C=76.22 V=94
2026-03-03 05:25:11 [INFO] INFERENCE [Manatee] LONG: buy_prob=0.3983  sell_prob=0.0000  signal=Hold  action=HOLD  skip=BELOW_THRESHOLD
2026-03-03 05:26:00 [INFO] updatePortfolio: PortfolioItem(contract=Future(conId=304037436, symbol='CL', lastTradeDateOrContractMonth='20260320', right='0', multiplier='1000', primaryExchange='NYMEX', currency='USD', localSymbol='CLJ6', tradingClass='CL'), position=0.0, marketPrice=76.17064665, marketValue=0.0, averageCost=0.0, unrealizedPNL=0.0, realizedPNL=-2610.58, account='DU1899929')
2026-03-03 05:29:00 [INFO] updatePortfolio: PortfolioItem(contract=Future(conId=304037436, symbol='CL', lastTradeDateOrContractMonth='20260320', right='0', multiplier='1000', primaryExchange='NYMEX', currency='USD', localSymbol='CLJ6', tradingClass='CL'), position=0.0, marketPrice=76.37999725, marketValue=0.0, averageCost=0.0, unrealizedPNL=0.0, realizedPNL=-2610.58, account='DU1899929')
2026-03-03 05:30:04 [INFO] NEW BAR: 2026-03-03 13:30:00  O=76.32 H=76.33 L=76.29 C=76.31 V=89
2026-03-03 05:30:10 [INFO] INFERENCE [Manatee] LONG: buy_prob=0.4033  sell_prob=0.0000  signal=Hold  action=HOLD  skip=BELOW_THRESHOLD
2026-03-03 05:32:00 [INFO] updatePortfolio: PortfolioItem(contract=Future(conId=304037436, symbol='CL', lastTradeDateOrContractMonth='20260320', right='0', multiplier='1000', primaryExchange='NYMEX', currency='USD', localSymbol='CLJ6', tradingClass='CL'), position=0.0, marketPrice=76.41000365, marketValue=0.0, averageCost=0.0, unrealizedPNL=0.0, realizedPNL=-2610.58, account='DU1899929')
2026-03-03 05:35:00 [INFO] updatePortfolio: PortfolioItem(contract=Future(conId=304037436, symbol='CL', lastTradeDateOrContractMonth='20260320', right='0', multiplier='1000', primaryExchange='NYMEX', currency='USD', localSymbol='CLJ6', tradingClass='CL'), position=0.0, marketPrice=76.30000305, marketValue=0.0, averageCost=0.0, unrealizedPNL=0.0, realizedPNL=-2610.58, account='DU1899929')
2026-03-03 05:35:04 [INFO] NEW BAR: 2026-03-03 13:35:00  O=76.29 H=76.31 L=76.29 C=76.30 V=74
2026-03-03 05:35:11 [INFO] INFERENCE [Manatee] LONG: buy_prob=0.4103  sell_prob=0.0000  signal=Hold  action=HOLD  skip=BELOW_THRESHOLD
2026-03-03 05:38:00 [INFO] updatePortfolio: PortfolioItem(contract=Future(conId=304037436, symbol='CL', lastTradeDateOrContractMonth='20260320', right='0', multiplier='1000', primaryExchange='NYMEX', currency='USD', localSymbol='CLJ6', tradingClass='CL'), position=0.0, marketPrice=76.05999755, marketValue=0.0, averageCost=0.0, unrealizedPNL=0.0, realizedPNL=-2610.58, account='DU1899929')
2026-03-03 05:40:04 [INFO] NEW BAR: 2026-03-03 13:40:00  O=76.10 H=76.11 L=76.09 C=76.09 V=15
2026-03-03 05:40:11 [INFO] INFERENCE [Manatee] LONG: buy_prob=0.4102  sell_prob=0.0000  signal=Hold  action=HOLD  skip=BELOW_THRESHOLD
2026-03-03 05:41:00 [INFO] updatePortfolio: PortfolioItem(contract=Future(conId=304037436, symbol='CL', lastTradeDateOrContractMonth='20260320', right='0', multiplier='1000', primaryExchange='NYMEX', currency='USD', localSymbol='CLJ6', tradingClass='CL'), position=0.0, marketPrice=75.9643326, marketValue=0.0, averageCost=0.0, unrealizedPNL=0.0, realizedPNL=-2610.58, account='DU1899929')
2026-03-03 05:44:00 [INFO] updatePortfolio: PortfolioItem(contract=Future(conId=304037436, symbol='CL', lastTradeDateOrContractMonth='20260320', right='0', multiplier='1000', primaryExchange='NYMEX', currency='USD', localSymbol='CLJ6', tradingClass='CL'), position=0.0, marketPrice=76.25, marketValue=0.0, averageCost=0.0, unrealizedPNL=0.0, realizedPNL=-2610.58, account='DU1899929')
2026-03-03 05:45:04 [INFO] NEW BAR: 2026-03-03 13:45:00  O=76.17 H=76.19 L=76.10 C=76.16 V=201
2026-03-03 05:45:11 [INFO] INFERENCE [Manatee] LONG: buy_prob=0.4106  sell_prob=0.0000  signal=Hold  action=HOLD  skip=BELOW_THRESHOLD
2026-03-03 05:47:00 [INFO] updatePortfolio: PortfolioItem(contract=Future(conId=304037436, symbol='CL', lastTradeDateOrContractMonth='20260320', right='0', multiplier='1000', primaryExchange='NYMEX', currency='USD', localSymbol='CLJ6', tradingClass='CL'), position=0.0, marketPrice=76.16999815, marketValue=0.0, averageCost=0.0, unrealizedPNL=0.0, realizedPNL=-2610.58, account='DU1899929')
2026-03-03 05:50:00 [INFO] updatePortfolio: PortfolioItem(contract=Future(conId=304037436, symbol='CL', lastTradeDateOrContractMonth='20260320', right='0', multiplier='1000', primaryExchange='NYMEX', currency='USD', localSymbol='CLJ6', tradingClass='CL'), position=0.0, marketPrice=76.08000185, marketValue=0.0, averageCost=0.0, unrealizedPNL=0.0, realizedPNL=-2610.58, account='DU1899929')
2026-03-03 05:50:05 [INFO] NEW BAR: 2026-03-03 13:50:00  O=76.08 H=76.10 L=76.06 C=76.07 V=20
2026-03-03 05:50:11 [INFO] INFERENCE [Manatee] LONG: buy_prob=0.4299  sell_prob=0.0000  signal=Hold  action=HOLD  skip=BELOW_THRESHOLD
2026-03-03 05:53:00 [INFO] updatePortfolio: PortfolioItem(contract=Future(conId=304037436, symbol='CL', lastTradeDateOrContractMonth='20260320', right='0', multiplier='1000', primaryExchange='NYMEX', currency='USD', localSymbol='CLJ6', tradingClass='CL'), position=0.0, marketPrice=76.30000305, marketValue=0.0, averageCost=0.0, unrealizedPNL=0.0, realizedPNL=-2610.58, account='DU1899929')
2026-03-03 05:55:04 [INFO] NEW BAR: 2026-03-03 13:55:00  O=75.98 H=76.04 L=75.98 C=76.03 V=42
2026-03-03 05:55:04 [INFO] Cache saved: 14111 bars → C:\Users\bwang\Documents\GitHub\CL_Analyst\data\processed\warm_start_cache_cid10.parquet
2026-03-03 05:55:04 [INFO] Mirrored warm_start_cache_cid10.parquet → C:\CL_Analyst_Data\processed\warm_start_cache_cid10.parquet
2026-03-03 05:55:11 [INFO] INFERENCE [Manatee] LONG: buy_prob=0.4433  sell_prob=0.0000  signal=Hold  action=HOLD  skip=BELOW_THRESHOLD
2026-03-03 05:56:00 [INFO] updatePortfolio: PortfolioItem(contract=Future(conId=304037436, symbol='CL', lastTradeDateOrContractMonth='20260320', right='0', multiplier='1000', primaryExchange='NYMEX', currency='USD', localSymbol='CLJ6', tradingClass='CL'), position=0.0, marketPrice=75.9599991, marketValue=0.0, averageCost=0.0, unrealizedPNL=0.0, realizedPNL=-2610.58, account='DU1899929')
2026-03-03 05:59:00 [INFO] updatePortfolio: PortfolioItem(contract=Future(conId=304037436, symbol='CL', lastTradeDateOrContractMonth='20260320', right='0', multiplier='1000', primaryExchange='NYMEX', currency='USD', localSymbol='CLJ6', tradingClass='CL'), position=0.0, marketPrice=76.1399994, marketValue=0.0, averageCost=0.0, unrealizedPNL=0.0, realizedPNL=-2610.58, account='DU1899929')
2026-03-03 06:00:04 [INFO] NEW BAR: 2026-03-03 14:00:00  O=76.21 H=76.33 L=76.19 C=76.25 V=493
2026-03-03 06:00:11 [INFO] INFERENCE [Manatee] LONG: buy_prob=0.4067  sell_prob=0.0000  signal=Hold  action=HOLD  skip=BELOW_THRESHOLD
2026-03-03 06:02:00 [INFO] updatePortfolio: PortfolioItem(contract=Future(conId=304037436, symbol='CL', lastTradeDateOrContractMonth='20260320', right='0', multiplier='1000', primaryExchange='NYMEX', currency='USD', localSymbol='CLJ6', tradingClass='CL'), position=0.0, marketPrice=76.5699997, marketValue=0.0, averageCost=0.0, unrealizedPNL=0.0, realizedPNL=-2610.58, account='DU1899929')
2026-03-03 06:05:00 [INFO] updatePortfolio: PortfolioItem(contract=Future(conId=304037436, symbol='CL', lastTradeDateOrContractMonth='20260320', right='0', multiplier='1000', primaryExchange='NYMEX', currency='USD', localSymbol='CLJ6', tradingClass='CL'), position=0.0, marketPrice=77.0299988, marketValue=0.0, averageCost=0.0, unrealizedPNL=0.0, realizedPNL=-2610.58, account='DU1899929')
2026-03-03 06:05:04 [INFO] NEW BAR: 2026-03-03 14:05:00  O=77.03 H=77.08 L=77.02 C=77.07 V=162
2026-03-03 06:05:11 [INFO] INFERENCE [Manatee] LONG: buy_prob=0.4034  sell_prob=0.0000  signal=Hold  action=HOLD  skip=BELOW_THRESHOLD
2026-03-03 06:08:00 [INFO] updatePortfolio: PortfolioItem(contract=Future(conId=304037436, symbol='CL', lastTradeDateOrContractMonth='20260320', right='0', multiplier='1000', primaryExchange='NYMEX', currency='USD', localSymbol='CLJ6', tradingClass='CL'), position=0.0, marketPrice=77.16999815, marketValue=0.0, averageCost=0.0, unrealizedPNL=0.0, realizedPNL=-2610.58, account='DU1899929')
2026-03-03 06:10:05 [INFO] NEW BAR: 2026-03-03 14:10:00  O=77.12 H=77.15 L=77.12 C=77.15 V=35
2026-03-03 06:10:11 [INFO] INFERENCE [Manatee] LONG: buy_prob=0.3668  sell_prob=0.0000  signal=Hold  action=HOLD  skip=BELOW_THRESHOLD
2026-03-03 06:11:00 [INFO] updatePortfolio: PortfolioItem(contract=Future(conId=304037436, symbol='CL', lastTradeDateOrContractMonth='20260320', right='0', multiplier='1000', primaryExchange='NYMEX', currency='USD', localSymbol='CLJ6', tradingClass='CL'), position=0.0, marketPrice=77.3899994, marketValue=0.0, averageCost=0.0, unrealizedPNL=0.0, realizedPNL=-2610.58, account='DU1899929')
2026-03-03 06:14:00 [INFO] updatePortfolio: PortfolioItem(contract=Future(conId=304037436, symbol='CL', lastTradeDateOrContractMonth='20260320', right='0', multiplier='1000', primaryExchange='NYMEX', currency='USD', localSymbol='CLJ6', tradingClass='CL'), position=0.0, marketPrice=77.58000185, marketValue=0.0, averageCost=0.0, unrealizedPNL=0.0, realizedPNL=-2610.58, account='DU1899929')
2026-03-03 06:15:04 [INFO] NEW BAR: 2026-03-03 14:15:00  O=77.52 H=77.54 L=77.50 C=77.54 V=44
2026-03-03 06:15:11 [INFO] INFERENCE [Manatee] LONG: buy_prob=0.4453  sell_prob=0.0000  signal=Hold  action=HOLD  skip=BELOW_THRESHOLD
2026-03-03 06:17:00 [INFO] updatePortfolio: PortfolioItem(contract=Future(conId=304037436, symbol='CL', lastTradeDateOrContractMonth='20260320', right='0', multiplier='1000', primaryExchange='NYMEX', currency='USD', localSymbol='CLJ6', tradingClass='CL'), position=0.0, marketPrice=77.6800003, marketValue=0.0, averageCost=0.0, unrealizedPNL=0.0, realizedPNL=-2610.58, account='DU1899929')
2026-03-03 06:20:00 [INFO] updatePortfolio: PortfolioItem(contract=Future(conId=304037436, symbol='CL', lastTradeDateOrContractMonth='20260320', right='0', multiplier='1000', primaryExchange='NYMEX', currency='USD', localSymbol='CLJ6', tradingClass='CL'), position=0.0, marketPrice=77.80999755, marketValue=0.0, averageCost=0.0, unrealizedPNL=0.0, realizedPNL=-2610.58, account='DU1899929')
2026-03-03 06:20:04 [INFO] NEW BAR: 2026-03-03 14:20:00  O=77.81 H=77.84 L=77.77 C=77.77 V=98
2026-03-03 06:20:11 [INFO] INFERENCE [Manatee] LONG: buy_prob=0.4262  sell_prob=0.0000  signal=Hold  action=HOLD  skip=BELOW_THRESHOLD
2026-03-03 06:23:00 [INFO] updatePortfolio: PortfolioItem(contract=Future(conId=304037436, symbol='CL', lastTradeDateOrContractMonth='20260320', right='0', multiplier='1000', primaryExchange='NYMEX', currency='USD', localSymbol='CLJ6', tradingClass='CL'), position=0.0, marketPrice=77.2900009, marketValue=0.0, averageCost=0.0, unrealizedPNL=0.0, realizedPNL=-2610.58, account='DU1899929')
2026-03-03 06:25:04 [INFO] NEW BAR: 2026-03-03 14:25:00  O=77.43 H=77.44 L=77.40 C=77.40 V=74
2026-03-03 06:25:11 [INFO] INFERENCE [Manatee] LONG: buy_prob=0.3285  sell_prob=0.0000  signal=Hold  action=HOLD  skip=BELOW_THRESHOLD
2026-03-03 06:26:00 [INFO] updatePortfolio: PortfolioItem(contract=Future(conId=304037436, symbol='CL', lastTradeDateOrContractMonth='20260320', right='0', multiplier='1000', primaryExchange='NYMEX', currency='USD', localSymbol='CLJ6', tradingClass='CL'), position=0.0, marketPrice=77.48000335, marketValue=0.0, averageCost=0.0, unrealizedPNL=0.0, realizedPNL=-2610.58, account='DU1899929')
2026-03-03 06:29:00 [INFO] updatePortfolio: PortfolioItem(contract=Future(conId=304037436, symbol='CL', lastTradeDateOrContractMonth='20260320', right='0', multiplier='1000', primaryExchange='NYMEX', currency='USD', localSymbol='CLJ6', tradingClass='CL'), position=0.0, marketPrice=77.44999695, marketValue=0.0, averageCost=0.0, unrealizedPNL=0.0, realizedPNL=-2610.58, account='DU1899929')
2026-03-03 06:30:04 [INFO] NEW BAR: 2026-03-03 14:30:00  O=77.37 H=77.37 L=77.32 C=77.35 V=159
2026-03-03 06:30:11 [INFO] INFERENCE [Manatee] LONG: buy_prob=0.3498  sell_prob=0.0000  signal=Hold  action=HOLD  skip=BELOW_THRESHOLD
2026-03-03 06:32:00 [INFO] updatePortfolio: PortfolioItem(contract=Future(conId=304037436, symbol='CL', lastTradeDateOrContractMonth='20260320', right='0', multiplier='1000', primaryExchange='NYMEX', currency='USD', localSymbol='CLJ6', tradingClass='CL'), position=0.0, marketPrice=77.01000215, marketValue=0.0, averageCost=0.0, unrealizedPNL=0.0, realizedPNL=-2610.58, account='DU1899929')
2026-03-03 06:35:00 [INFO] updatePortfolio: PortfolioItem(contract=Future(conId=304037436, symbol='CL', lastTradeDateOrContractMonth='20260320', right='0', multiplier='1000', primaryExchange='NYMEX', currency='USD', localSymbol='CLJ6', tradingClass='CL'), position=0.0, marketPrice=76.8899994, marketValue=0.0, averageCost=0.0, unrealizedPNL=0.0, realizedPNL=-2610.58, account='DU1899929')
2026-03-03 06:35:04 [INFO] NEW BAR: 2026-03-03 14:35:00  O=76.87 H=76.95 L=76.87 C=76.93 V=109
2026-03-03 06:35:11 [INFO] INFERENCE [Manatee] LONG: buy_prob=0.3845  sell_prob=0.0000  signal=Hold  action=HOLD  skip=BELOW_THRESHOLD
2026-03-03 06:38:00 [INFO] updatePortfolio: PortfolioItem(contract=Future(conId=304037436, symbol='CL', lastTradeDateOrContractMonth='20260320', right='0', multiplier='1000', primaryExchange='NYMEX', currency='USD', localSymbol='CLJ6', tradingClass='CL'), position=0.0, marketPrice=77.12999725, marketValue=0.0, averageCost=0.0, unrealizedPNL=0.0, realizedPNL=-2610.58, account='DU1899929')
2026-03-03 06:40:04 [INFO] NEW BAR: 2026-03-03 14:40:00  O=77.20 H=77.21 L=77.17 C=77.19 V=66
2026-03-03 06:40:11 [INFO] INFERENCE [Manatee] LONG: buy_prob=0.3559  sell_prob=0.0000  signal=Hold  action=HOLD  skip=BELOW_THRESHOLD
2026-03-03 06:41:00 [INFO] updatePortfolio: PortfolioItem(contract=Future(conId=304037436, symbol='CL', lastTradeDateOrContractMonth='20260320', right='0', multiplier='1000', primaryExchange='NYMEX', currency='USD', localSymbol='CLJ6', tradingClass='CL'), position=0.0, marketPrice=77.0233612, marketValue=0.0, averageCost=0.0, unrealizedPNL=0.0, realizedPNL=-2610.58, account='DU1899929')
2026-03-03 06:44:00 [INFO] updatePortfolio: PortfolioItem(contract=Future(conId=304037436, symbol='CL', lastTradeDateOrContractMonth='20260320', right='0', multiplier='1000', primaryExchange='NYMEX', currency='USD', localSymbol='CLJ6', tradingClass='CL'), position=0.0, marketPrice=77.21305085, marketValue=0.0, averageCost=0.0, unrealizedPNL=0.0, realizedPNL=-2610.58, account='DU1899929')
2026-03-03 06:45:04 [INFO] NEW BAR: 2026-03-03 14:45:00  O=77.03 H=77.11 L=77.03 C=77.04 V=99
2026-03-03 06:45:11 [INFO] INFERENCE [Manatee] LONG: buy_prob=0.3594  sell_prob=0.0000  signal=Hold  action=HOLD  skip=BELOW_THRESHOLD
2026-03-03 06:47:00 [INFO] updatePortfolio: PortfolioItem(contract=Future(conId=304037436, symbol='CL', lastTradeDateOrContractMonth='20260320', right='0', multiplier='1000', primaryExchange='NYMEX', currency='USD', localSymbol='CLJ6', tradingClass='CL'), position=0.0, marketPrice=77.08000185, marketValue=0.0, averageCost=0.0, unrealizedPNL=0.0, realizedPNL=-2610.58, account='DU1899929')
2026-03-03 06:50:00 [INFO] updatePortfolio: PortfolioItem(contract=Future(conId=304037436, symbol='CL', lastTradeDateOrContractMonth='20260320', right='0', multiplier='1000', primaryExchange='NYMEX', currency='USD', localSymbol='CLJ6', tradingClass='CL'), position=0.0, marketPrice=76.69999695, marketValue=0.0, averageCost=0.0, unrealizedPNL=0.0, realizedPNL=-2610.58, account='DU1899929')
2026-03-03 06:50:04 [INFO] NEW BAR: 2026-03-03 14:50:00  O=76.67 H=76.75 L=76.67 C=76.75 V=84
2026-03-03 06:50:11 [INFO] INFERENCE [Manatee] LONG: buy_prob=0.3638  sell_prob=0.0000  signal=Hold  action=HOLD  skip=BELOW_THRESHOLD
2026-03-03 06:53:00 [INFO] updatePortfolio: PortfolioItem(contract=Future(conId=304037436, symbol='CL', lastTradeDateOrContractMonth='20260320', right='0', multiplier='1000', primaryExchange='NYMEX', currency='USD', localSymbol='CLJ6', tradingClass='CL'), position=0.0, marketPrice=77.08999635, marketValue=0.0, averageCost=0.0, unrealizedPNL=0.0, realizedPNL=-2610.58, account='DU1899929')
2026-03-03 06:55:04 [INFO] NEW BAR: 2026-03-03 14:55:00  O=76.96 H=76.97 L=76.91 C=76.91 V=107
2026-03-03 06:55:04 [INFO] Cache saved: 14123 bars → C:\Users\bwang\Documents\GitHub\CL_Analyst\data\processed\warm_start_cache_cid10.parquet
2026-03-03 06:55:04 [INFO] Mirrored warm_start_cache_cid10.parquet → C:\CL_Analyst_Data\processed\warm_start_cache_cid10.parquet
2026-03-03 06:55:11 [INFO] INFERENCE [Manatee] LONG: buy_prob=0.3831  sell_prob=0.0000  signal=Hold  action=HOLD  skip=BELOW_THRESHOLD
2026-03-03 06:56:00 [INFO] updatePortfolio: PortfolioItem(contract=Future(conId=304037436, symbol='CL', lastTradeDateOrContractMonth='20260320', right='0', multiplier='1000', primaryExchange='NYMEX', currency='USD', localSymbol='CLJ6', tradingClass='CL'), position=0.0, marketPrice=76.8899994, marketValue=0.0, averageCost=0.0, unrealizedPNL=0.0, realizedPNL=-2610.58, account='DU1899929')
2026-03-03 06:59:00 [INFO] updatePortfolio: PortfolioItem(contract=Future(conId=304037436, symbol='CL', lastTradeDateOrContractMonth='20260320', right='0', multiplier='1000', primaryExchange='NYMEX', currency='USD', localSymbol='CLJ6', tradingClass='CL'), position=0.0, marketPrice=76.59999845, marketValue=0.0, averageCost=0.0, unrealizedPNL=0.0, realizedPNL=-2610.58, account='DU1899929')
2026-03-03 07:00:04 [INFO] NEW BAR: 2026-03-03 15:00:00  O=76.69 H=76.73 L=76.62 C=76.63 V=161
2026-03-03 07:00:11 [INFO] INFERENCE [Manatee] LONG: buy_prob=0.3844  sell_prob=0.0000  signal=Hold  action=HOLD  skip=BELOW_THRESHOLD
2026-03-03 07:02:00 [INFO] updatePortfolio: PortfolioItem(contract=Future(conId=304037436, symbol='CL', lastTradeDateOrContractMonth='20260320', right='0', multiplier='1000', primaryExchange='NYMEX', currency='USD', localSymbol='CLJ6', tradingClass='CL'), position=0.0, marketPrice=76.80000305, marketValue=0.0, averageCost=0.0, unrealizedPNL=0.0, realizedPNL=-2610.58, account='DU1899929')
2026-03-03 07:05:00 [INFO] updatePortfolio: PortfolioItem(contract=Future(conId=304037436, symbol='CL', lastTradeDateOrContractMonth='20260320', right='0', multiplier='1000', primaryExchange='NYMEX', currency='USD', localSymbol='CLJ6', tradingClass='CL'), position=0.0, marketPrice=76.75, marketValue=0.0, averageCost=0.0, unrealizedPNL=0.0, realizedPNL=-2610.58, account='DU1899929')
2026-03-03 07:05:04 [INFO] NEW BAR: 2026-03-03 15:05:00  O=76.73 H=76.77 L=76.66 C=76.71 V=162
2026-03-03 07:05:11 [INFO] INFERENCE [Manatee] LONG: buy_prob=0.3714  sell_prob=0.0000  signal=Hold  action=HOLD  skip=BELOW_THRESHOLD
2026-03-03 07:08:00 [INFO] updatePortfolio: PortfolioItem(contract=Future(conId=304037436, symbol='CL', lastTradeDateOrContractMonth='20260320', right='0', multiplier='1000', primaryExchange='NYMEX', currency='USD', localSymbol='CLJ6', tradingClass='CL'), position=0.0, marketPrice=76.8199997, marketValue=0.0, averageCost=0.0, unrealizedPNL=0.0, realizedPNL=-2610.58, account='DU1899929')
2026-03-03 07:10:04 [INFO] NEW BAR: 2026-03-03 15:10:00  O=76.97 H=76.97 L=76.94 C=76.94 V=65
2026-03-03 07:10:11 [INFO] INFERENCE [Manatee] LONG: buy_prob=0.3825  sell_prob=0.0000  signal=Hold  action=HOLD  skip=BELOW_THRESHOLD
2026-03-03 07:11:00 [INFO] updatePortfolio: PortfolioItem(contract=Future(conId=304037436, symbol='CL', lastTradeDateOrContractMonth='20260320', right='0', multiplier='1000', primaryExchange='NYMEX', currency='USD', localSymbol='CLJ6', tradingClass='CL'), position=0.0, marketPrice=77.0400009, marketValue=0.0, averageCost=0.0, unrealizedPNL=0.0, realizedPNL=-2610.58, account='DU1899929')
2026-03-03 07:14:00 [INFO] updatePortfolio: PortfolioItem(contract=Future(conId=304037436, symbol='CL', lastTradeDateOrContractMonth='20260320', right='0', multiplier='1000', primaryExchange='NYMEX', currency='USD', localSymbol='CLJ6', tradingClass='CL'), position=0.0, marketPrice=77.12000275, marketValue=0.0, averageCost=0.0, unrealizedPNL=0.0, realizedPNL=-2610.58, account='DU1899929')
2026-03-03 07:15:04 [INFO] NEW BAR: 2026-03-03 15:15:00  O=77.10 H=77.15 L=77.10 C=77.13 V=32
2026-03-03 07:15:11 [INFO] INFERENCE [Manatee] LONG: buy_prob=0.3744  sell_prob=0.0000  signal=Hold  action=HOLD  skip=BELOW_THRESHOLD
2026-03-03 07:17:00 [INFO] updatePortfolio: PortfolioItem(contract=Future(conId=304037436, symbol='CL', lastTradeDateOrContractMonth='20260320', right='0', multiplier='1000', primaryExchange='NYMEX', currency='USD', localSymbol='CLJ6', tradingClass='CL'), position=0.0, marketPrice=76.91000365, marketValue=0.0, averageCost=0.0, unrealizedPNL=0.0, realizedPNL=-2610.58, account='DU1899929')
2026-03-03 07:20:00 [INFO] updatePortfolio: PortfolioItem(contract=Future(conId=304037436, symbol='CL', lastTradeDateOrContractMonth='20260320', right='0', multiplier='1000', primaryExchange='NYMEX', currency='USD', localSymbol='CLJ6', tradingClass='CL'), position=0.0, marketPrice=77.05999755, marketValue=0.0, averageCost=0.0, unrealizedPNL=0.0, realizedPNL=-2610.58, account='DU1899929')
2026-03-03 07:20:04 [INFO] NEW BAR: 2026-03-03 15:20:00  O=77.07 H=77.11 L=77.07 C=77.09 V=40
2026-03-03 07:20:11 [INFO] INFERENCE [Manatee] LONG: buy_prob=0.4234  sell_prob=0.0000  signal=Hold  action=HOLD  skip=BELOW_THRESHOLD
2026-03-03 07:23:00 [INFO] updatePortfolio: PortfolioItem(contract=Future(conId=304037436, symbol='CL', lastTradeDateOrContractMonth='20260320', right='0', multiplier='1000', primaryExchange='NYMEX', currency='USD', localSymbol='CLJ6', tradingClass='CL'), position=0.0, marketPrice=77.33000185, marketValue=0.0, averageCost=0.0, unrealizedPNL=0.0, realizedPNL=-2610.58, account='DU1899929')
2026-03-03 07:25:04 [INFO] NEW BAR: 2026-03-03 15:25:00  O=77.35 H=77.35 L=77.27 C=77.30 V=77
2026-03-03 07:25:11 [INFO] INFERENCE [Manatee] LONG: buy_prob=0.3862  sell_prob=0.0000  signal=Hold  action=HOLD  skip=BELOW_THRESHOLD
2026-03-03 07:26:00 [INFO] updatePortfolio: PortfolioItem(contract=Future(conId=304037436, symbol='CL', lastTradeDateOrContractMonth='20260320', right='0', multiplier='1000', primaryExchange='NYMEX', currency='USD', localSymbol='CLJ6', tradingClass='CL'), position=0.0, marketPrice=77.37999725, marketValue=0.0, averageCost=0.0, unrealizedPNL=0.0, realizedPNL=-2610.58, account='DU1899929')
2026-03-03 07:29:00 [INFO] updatePortfolio: PortfolioItem(contract=Future(conId=304037436, symbol='CL', lastTradeDateOrContractMonth='20260320', right='0', multiplier='1000', primaryExchange='NYMEX', currency='USD', localSymbol='CLJ6', tradingClass='CL'), position=0.0, marketPrice=77.62000275, marketValue=0.0, averageCost=0.0, unrealizedPNL=0.0, realizedPNL=-2610.58, account='DU1899929')
2026-03-03 07:30:04 [INFO] NEW BAR: 2026-03-03 15:30:00  O=77.51 H=77.58 L=77.51 C=77.54 V=100
2026-03-03 07:30:11 [INFO] INFERENCE [Manatee] LONG: buy_prob=0.3569  sell_prob=0.0000  signal=Hold  action=HOLD  skip=BELOW_THRESHOLD
2026-03-03 07:32:00 [INFO] updatePortfolio: PortfolioItem(contract=Future(conId=304037436, symbol='CL', lastTradeDateOrContractMonth='20260320', right='0', multiplier='1000', primaryExchange='NYMEX', currency='USD', localSymbol='CLJ6', tradingClass='CL'), position=0.0, marketPrice=77.41999815, marketValue=0.0, averageCost=0.0, unrealizedPNL=0.0, realizedPNL=-2610.58, account='DU1899929')
2026-03-03 07:35:00 [INFO] updatePortfolio: PortfolioItem(contract=Future(conId=304037436, symbol='CL', lastTradeDateOrContractMonth='20260320', right='0', multiplier='1000', primaryExchange='NYMEX', currency='USD', localSymbol='CLJ6', tradingClass='CL'), position=0.0, marketPrice=77.30999755, marketValue=0.0, averageCost=0.0, unrealizedPNL=0.0, realizedPNL=-2610.58, account='DU1899929')
2026-03-03 07:35:04 [INFO] NEW BAR: 2026-03-03 15:35:00  O=77.31 H=77.35 L=77.26 C=77.29 V=103
2026-03-03 07:35:11 [INFO] INFERENCE [Manatee] LONG: buy_prob=0.3893  sell_prob=0.0000  signal=Hold  action=HOLD  skip=BELOW_THRESHOLD
2026-03-03 07:38:00 [INFO] updatePortfolio: PortfolioItem(contract=Future(conId=304037436, symbol='CL', lastTradeDateOrContractMonth='20260320', right='0', multiplier='1000', primaryExchange='NYMEX', currency='USD', localSymbol='CLJ6', tradingClass='CL'), position=0.0, marketPrice=77.3199997, marketValue=0.0, averageCost=0.0, unrealizedPNL=0.0, realizedPNL=-2610.58, account='DU1899929')
2026-03-03 07:40:04 [INFO] NEW BAR: 2026-03-03 15:40:00  O=77.30 H=77.33 L=77.29 C=77.33 V=38
2026-03-03 07:40:11 [INFO] INFERENCE [Manatee] LONG: buy_prob=0.3863  sell_prob=0.0000  signal=Hold  action=HOLD  skip=BELOW_THRESHOLD
2026-03-03 07:41:00 [INFO] updatePortfolio: PortfolioItem(contract=Future(conId=304037436, symbol='CL', lastTradeDateOrContractMonth='20260320', right='0', multiplier='1000', primaryExchange='NYMEX', currency='USD', localSymbol='CLJ6', tradingClass='CL'), position=0.0, marketPrice=77.09999845, marketValue=0.0, averageCost=0.0, unrealizedPNL=0.0, realizedPNL=-2610.58, account='DU1899929')
2026-03-03 07:44:00 [INFO] updatePortfolio: PortfolioItem(contract=Future(conId=304037436, symbol='CL', lastTradeDateOrContractMonth='20260320', right='0', multiplier='1000', primaryExchange='NYMEX', currency='USD', localSymbol='CLJ6', tradingClass='CL'), position=0.0, marketPrice=77.01000215, marketValue=0.0, averageCost=0.0, unrealizedPNL=0.0, realizedPNL=-2610.58, account='DU1899929')
2026-03-03 07:45:04 [INFO] NEW BAR: 2026-03-03 15:45:00  O=76.85 H=76.86 L=76.60 C=76.61 V=603
2026-03-03 07:45:11 [INFO] INFERENCE [Manatee] LONG: buy_prob=0.3976  sell_prob=0.0000  signal=Hold  action=HOLD  skip=BELOW_THRESHOLD
2026-03-03 07:47:00 [INFO] updatePortfolio: PortfolioItem(contract=Future(conId=304037436, symbol='CL', lastTradeDateOrContractMonth='20260320', right='0', multiplier='1000', primaryExchange='NYMEX', currency='USD', localSymbol='CLJ6', tradingClass='CL'), position=0.0, marketPrice=76.9300003, marketValue=0.0, averageCost=0.0, unrealizedPNL=0.0, realizedPNL=-2610.58, account='DU1899929')
2026-03-03 07:50:00 [INFO] updatePortfolio: PortfolioItem(contract=Future(conId=304037436, symbol='CL', lastTradeDateOrContractMonth='20260320', right='0', multiplier='1000', primaryExchange='NYMEX', currency='USD', localSymbol='CLJ6', tradingClass='CL'), position=0.0, marketPrice=77.0400009, marketValue=0.0, averageCost=0.0, unrealizedPNL=0.0, realizedPNL=-2610.58, account='DU1899929')
2026-03-03 07:50:04 [INFO] NEW BAR: 2026-03-03 15:50:00  O=77.04 H=77.08 L=77.02 C=77.03 V=84
2026-03-03 07:50:11 [INFO] INFERENCE [Manatee] LONG: buy_prob=0.3640  sell_prob=0.0000  signal=Hold  action=HOLD  skip=BELOW_THRESHOLD
2026-03-03 07:53:00 [INFO] updatePortfolio: PortfolioItem(contract=Future(conId=304037436, symbol='CL', lastTradeDateOrContractMonth='20260320', right='0', multiplier='1000', primaryExchange='NYMEX', currency='USD', localSymbol='CLJ6', tradingClass='CL'), position=0.0, marketPrice=76.80999755, marketValue=0.0, averageCost=0.0, unrealizedPNL=0.0, realizedPNL=-2610.58, account='DU1899929')
2026-03-03 07:55:05 [INFO] NEW BAR: 2026-03-03 15:55:00  O=76.71 H=76.76 L=76.71 C=76.73 V=77
2026-03-03 07:55:05 [INFO] Cache saved: 14135 bars → C:\Users\bwang\Documents\GitHub\CL_Analyst\data\processed\warm_start_cache_cid10.parquet
2026-03-03 07:55:05 [INFO] Mirrored warm_start_cache_cid10.parquet → C:\CL_Analyst_Data\processed\warm_start_cache_cid10.parquet
2026-03-03 07:55:11 [INFO] INFERENCE [Manatee] LONG: buy_prob=0.3715  sell_prob=0.0000  signal=Hold  action=HOLD  skip=BELOW_THRESHOLD
2026-03-03 07:56:00 [INFO] updatePortfolio: PortfolioItem(contract=Future(conId=304037436, symbol='CL', lastTradeDateOrContractMonth='20260320', right='0', multiplier='1000', primaryExchange='NYMEX', currency='USD', localSymbol='CLJ6', tradingClass='CL'), position=0.0, marketPrice=76.69000245, marketValue=0.0, averageCost=0.0, unrealizedPNL=0.0, realizedPNL=-2610.58, account='DU1899929')
2026-03-03 07:59:00 [INFO] updatePortfolio: PortfolioItem(contract=Future(conId=304037436, symbol='CL', lastTradeDateOrContractMonth='20260320', right='0', multiplier='1000', primaryExchange='NYMEX', currency='USD', localSymbol='CLJ6', tradingClass='CL'), position=0.0, marketPrice=76.83000185, marketValue=0.0, averageCost=0.0, unrealizedPNL=0.0, realizedPNL=-2610.58, account='DU1899929')
2026-03-03 08:00:04 [INFO] NEW BAR: 2026-03-03 16:00:00  O=76.97 H=76.99 L=76.96 C=76.98 V=82
2026-03-03 08:00:11 [INFO] INFERENCE [Manatee] LONG: buy_prob=0.4059  sell_prob=0.0000  signal=Hold  action=HOLD  skip=BELOW_THRESHOLD
2026-03-03 08:02:00 [INFO] updatePortfolio: PortfolioItem(contract=Future(conId=304037436, symbol='CL', lastTradeDateOrContractMonth='20260320', right='0', multiplier='1000', primaryExchange='NYMEX', currency='USD', localSymbol='CLJ6', tradingClass='CL'), position=0.0, marketPrice=77.05999755, marketValue=0.0, averageCost=0.0, unrealizedPNL=0.0, realizedPNL=-2610.58, account='DU1899929')
2026-03-03 08:05:00 [INFO] updatePortfolio: PortfolioItem(contract=Future(conId=304037436, symbol='CL', lastTradeDateOrContractMonth='20260320', right='0', multiplier='1000', primaryExchange='NYMEX', currency='USD', localSymbol='CLJ6', tradingClass='CL'), position=0.0, marketPrice=76.90000155, marketValue=0.0, averageCost=0.0, unrealizedPNL=0.0, realizedPNL=-2610.58, account='DU1899929')
2026-03-03 08:05:04 [INFO] NEW BAR: 2026-03-03 16:05:00  O=76.89 H=76.96 L=76.89 C=76.96 V=86
2026-03-03 08:05:11 [INFO] INFERENCE [Manatee] LONG: buy_prob=0.4118  sell_prob=0.0000  signal=Hold  action=HOLD  skip=BELOW_THRESHOLD
2026-03-03 08:08:00 [INFO] updatePortfolio: PortfolioItem(contract=Future(conId=304037436, symbol='CL', lastTradeDateOrContractMonth='20260320', right='0', multiplier='1000', primaryExchange='NYMEX', currency='USD', localSymbol='CLJ6', tradingClass='CL'), position=0.0, marketPrice=76.9700012, marketValue=0.0, averageCost=0.0, unrealizedPNL=0.0, realizedPNL=-2610.58, account='DU1899929')
2026-03-03 08:10:05 [INFO] NEW BAR: 2026-03-03 16:10:00  O=77.22 H=77.24 L=77.21 C=77.22 V=60
2026-03-03 08:10:11 [INFO] INFERENCE [Manatee] LONG: buy_prob=0.3749  sell_prob=0.0000  signal=Hold  action=HOLD  skip=BELOW_THRESHOLD
2026-03-03 08:11:00 [INFO] updatePortfolio: PortfolioItem(contract=Future(conId=304037436, symbol='CL', lastTradeDateOrContractMonth='20260320', right='0', multiplier='1000', primaryExchange='NYMEX', currency='USD', localSymbol='CLJ6', tradingClass='CL'), position=0.0, marketPrice=77.25, marketValue=0.0, averageCost=0.0, unrealizedPNL=0.0, realizedPNL=-2610.58, account='DU1899929')
2026-03-03 08:14:00 [INFO] updatePortfolio: PortfolioItem(contract=Future(conId=304037436, symbol='CL', lastTradeDateOrContractMonth='20260320', right='0', multiplier='1000', primaryExchange='NYMEX', currency='USD', localSymbol='CLJ6', tradingClass='CL'), position=0.0, marketPrice=77.19999695, marketValue=0.0, averageCost=0.0, unrealizedPNL=0.0, realizedPNL=-2610.58, account='DU1899929')
2026-03-03 08:15:04 [INFO] NEW BAR: 2026-03-03 16:15:00  O=76.99 H=77.05 L=76.98 C=77.04 V=101
2026-03-03 08:15:10 [INFO] INFERENCE [Manatee] LONG: buy_prob=0.3580  sell_prob=0.0000  signal=Hold  action=HOLD  skip=BELOW_THRESHOLD
2026-03-03 08:17:00 [INFO] updatePortfolio: PortfolioItem(contract=Future(conId=304037436, symbol='CL', lastTradeDateOrContractMonth='20260320', right='0', multiplier='1000', primaryExchange='NYMEX', currency='USD', localSymbol='CLJ6', tradingClass='CL'), position=0.0, marketPrice=76.8899994, marketValue=0.0, averageCost=0.0, unrealizedPNL=0.0, realizedPNL=-2610.58, account='DU1899929')
2026-03-03 08:20:00 [INFO] updatePortfolio: PortfolioItem(contract=Future(conId=304037436, symbol='CL', lastTradeDateOrContractMonth='20260320', right='0', multiplier='1000', primaryExchange='NYMEX', currency='USD', localSymbol='CLJ6', tradingClass='CL'), position=0.0, marketPrice=77.0400009, marketValue=0.0, averageCost=0.0, unrealizedPNL=0.0, realizedPNL=-2610.58, account='DU1899929')
2026-03-03 08:20:04 [INFO] NEW BAR: 2026-03-03 16:20:00  O=76.99 H=77.09 L=76.99 C=77.08 V=141
2026-03-03 08:20:11 [INFO] INFERENCE [Manatee] LONG: buy_prob=0.3891  sell_prob=0.0000  signal=Hold  action=HOLD  skip=BELOW_THRESHOLD
2026-03-03 08:23:00 [INFO] updatePortfolio: PortfolioItem(contract=Future(conId=304037436, symbol='CL', lastTradeDateOrContractMonth='20260320', right='0', multiplier='1000', primaryExchange='NYMEX', currency='USD', localSymbol='CLJ6', tradingClass='CL'), position=0.0, marketPrice=77.08000185, marketValue=0.0, averageCost=0.0, unrealizedPNL=0.0, realizedPNL=-2610.58, account='DU1899929')
2026-03-03 08:25:04 [INFO] NEW BAR: 2026-03-03 16:25:00  O=77.02 H=77.05 L=77.02 C=77.04 V=79
2026-03-03 08:25:11 [INFO] INFERENCE [Manatee] LONG: buy_prob=0.3720  sell_prob=0.0000  signal=Hold  action=HOLD  skip=BELOW_THRESHOLD
2026-03-03 08:26:00 [INFO] updatePortfolio: PortfolioItem(contract=Future(conId=304037436, symbol='CL', lastTradeDateOrContractMonth='20260320', right='0', multiplier='1000', primaryExchange='NYMEX', currency='USD', localSymbol='CLJ6', tradingClass='CL'), position=0.0, marketPrice=77.01000215, marketValue=0.0, averageCost=0.0, unrealizedPNL=0.0, realizedPNL=-2610.58, account='DU1899929')
2026-03-03 08:29:00 [INFO] updatePortfolio: PortfolioItem(contract=Future(conId=304037436, symbol='CL', lastTradeDateOrContractMonth='20260320', right='0', multiplier='1000', primaryExchange='NYMEX', currency='USD', localSymbol='CLJ6', tradingClass='CL'), position=0.0, marketPrice=76.8038864, marketValue=0.0, averageCost=0.0, unrealizedPNL=0.0, realizedPNL=-2610.58, account='DU1899929')
2026-03-03 08:30:04 [INFO] NEW BAR: 2026-03-03 16:30:00  O=76.84 H=76.86 L=76.76 C=76.79 V=207
2026-03-03 08:30:11 [INFO] INFERENCE [Manatee] LONG: buy_prob=0.3254  sell_prob=0.0000  signal=Hold  action=HOLD  skip=BELOW_THRESHOLD
2026-03-03 08:32:00 [INFO] updatePortfolio: PortfolioItem(contract=Future(conId=304037436, symbol='CL', lastTradeDateOrContractMonth='20260320', right='0', multiplier='1000', primaryExchange='NYMEX', currency='USD', localSymbol='CLJ6', tradingClass='CL'), position=0.0, marketPrice=76.4700012, marketValue=0.0, averageCost=0.0, unrealizedPNL=0.0, realizedPNL=-2610.58, account='DU1899929')
2026-03-03 08:35:00 [INFO] updatePortfolio: PortfolioItem(contract=Future(conId=304037436, symbol='CL', lastTradeDateOrContractMonth='20260320', right='0', multiplier='1000', primaryExchange='NYMEX', currency='USD', localSymbol='CLJ6', tradingClass='CL'), position=0.0, marketPrice=76.62999725, marketValue=0.0, averageCost=0.0, unrealizedPNL=0.0, realizedPNL=-2610.58, account='DU1899929')
2026-03-03 08:35:04 [INFO] NEW BAR: 2026-03-03 16:35:00  O=76.62 H=76.64 L=76.59 C=76.60 V=28
2026-03-03 08:35:11 [INFO] INFERENCE [Manatee] LONG: buy_prob=0.4157  sell_prob=0.0000  signal=Hold  action=HOLD  skip=BELOW_THRESHOLD
2026-03-03 08:38:00 [INFO] updatePortfolio: PortfolioItem(contract=Future(conId=304037436, symbol='CL', lastTradeDateOrContractMonth='20260320', right='0', multiplier='1000', primaryExchange='NYMEX', currency='USD', localSymbol='CLJ6', tradingClass='CL'), position=0.0, marketPrice=76.43078615, marketValue=0.0, averageCost=0.0, unrealizedPNL=0.0, realizedPNL=-2610.58, account='DU1899929')
2026-03-03 08:38:46 [INFO] Warning 2105, reqId -1: HMDS data farm connection is broken:ushmds
2026-03-03 08:38:46 [ERROR] Error 10182, reqId 6: Failed to request live updates (disconnected).
2026-03-03 08:38:46 [WARNING] SUBSCRIPTIONS LOST (Error 10182) — will resubscribe on reconnect
2026-03-03 08:38:46 [ERROR] Error 10182, reqId 7: Failed to request live updates (disconnected).
2026-03-03 08:38:46 [WARNING] SUBSCRIPTIONS LOST (Error 10182) — will resubscribe on reconnect
2026-03-03 08:38:47 [INFO] Warning 2106, reqId -1: HMDS data farm connection is OK:ushmds
2026-03-03 08:38:47 [INFO] CONNECTIVITY RESTORED (code 2106) — resubscribing...
2026-03-03 08:38:47 [INFO] Subscribing to live 5-min bars (Brain stream)...
2026-03-03 08:38:47 [ERROR] Resubscription failed — will retry on next reconnect
Traceback (most recent call last):
  File "C:\Users\bwang\Documents\GitHub\CL_Analyst\src\live_execution\live_trader.py", line 993, in _resubscribe_and_backfill
    self._subscribe()
  File "C:\Users\bwang\Documents\GitHub\CL_Analyst\src\live_execution\live_trader.py", line 889, in _subscribe
    self._live_bars = self.manager.subscribe_live_bars(
  File "C:\Users\bwang\Documents\GitHub\CL_Analyst\src\live_execution\ibkr_client.py", line 523, in subscribe_live_bars
    bars = self.ib.reqHistoricalData(
  File "C:\Users\bwang\anaconda3\envs\trader\lib\site-packages\ib_insync\ib.py", line 1070, in reqHistoricalData
    return self._run(
  File "C:\Users\bwang\anaconda3\envs\trader\lib\site-packages\ib_insync\ib.py", line 318, in _run
    return util.run(*awaitables, timeout=self.RequestTimeout)
  File "C:\Users\bwang\anaconda3\envs\trader\lib\site-packages\ib_insync\util.py", line 341, in run
    result = loop.run_until_complete(task)
  File "C:\Users\bwang\anaconda3\envs\trader\lib\asyncio\base_events.py", line 625, in run_until_complete
    self._check_running()
  File "C:\Users\bwang\anaconda3\envs\trader\lib\asyncio\base_events.py", line 584, in _check_running
    raise RuntimeError('This event loop is already running')
RuntimeError: This event loop is already running
2026-03-03 08:38:47 [ERROR] Error 366, reqId 6: No historical data query found for ticker id:6
2026-03-03 08:38:47 [ERROR] Error 366, reqId 7: No historical data query found for ticker id:7
2026-03-03 08:41:00 [INFO] updatePortfolio: PortfolioItem(contract=Future(conId=304037436, symbol='CL', lastTradeDateOrContractMonth='20260320', right='0', multiplier='1000', primaryExchange='NYMEX', currency='USD', localSymbol='CLJ6', tradingClass='CL'), position=0.0, marketPrice=76.55000305, marketValue=0.0, averageCost=0.0, unrealizedPNL=0.0, realizedPNL=-2610.58, account='DU1899929')
2026-03-03 08:44:00 [INFO] updatePortfolio: PortfolioItem(contract=Future(conId=304037436, symbol='CL', lastTradeDateOrContractMonth='20260320', right='0', multiplier='1000', primaryExchange='NYMEX', currency='USD', localSymbol='CLJ6', tradingClass='CL'), position=0.0, marketPrice=75.62999725, marketValue=0.0, averageCost=0.0, unrealizedPNL=0.0, realizedPNL=-2610.58, account='DU1899929')
2026-03-03 08:47:00 [INFO] updatePortfolio: PortfolioItem(contract=Future(conId=304037436, symbol='CL', lastTradeDateOrContractMonth='20260320', right='0', multiplier='1000', primaryExchange='NYMEX', currency='USD', localSymbol='CLJ6', tradingClass='CL'), position=0.0, marketPrice=74.9599991, marketValue=0.0, averageCost=0.0, unrealizedPNL=0.0, realizedPNL=-2610.58, account='DU1899929')
2026-03-03 08:50:00 [INFO] updatePortfolio: PortfolioItem(contract=Future(conId=304037436, symbol='CL', lastTradeDateOrContractMonth='20260320', right='0', multiplier='1000', primaryExchange='NYMEX', currency='USD', localSymbol='CLJ6', tradingClass='CL'), position=0.0, marketPrice=75.8218231, marketValue=0.0, averageCost=0.0, unrealizedPNL=0.0, realizedPNL=-2610.58, account='DU1899929')
2026-03-03 08:53:00 [INFO] updatePortfolio: PortfolioItem(contract=Future(conId=304037436, symbol='CL', lastTradeDateOrContractMonth='20260320', right='0', multiplier='1000', primaryExchange='NYMEX', currency='USD', localSymbol='CLJ6', tradingClass='CL'), position=0.0, marketPrice=75.8199997, marketValue=0.0, averageCost=0.0, unrealizedPNL=0.0, realizedPNL=-2610.58, account='DU1899929')
2026-03-03 08:56:00 [INFO] updatePortfolio: PortfolioItem(contract=Future(conId=304037436, symbol='CL', lastTradeDateOrContractMonth='20260320', right='0', multiplier='1000', primaryExchange='NYMEX', currency='USD', localSymbol='CLJ6', tradingClass='CL'), position=0.0, marketPrice=75.55999755, marketValue=0.0, averageCost=0.0, unrealizedPNL=0.0, realizedPNL=-2610.58, account='DU1899929')
2026-03-03 08:59:00 [INFO] updatePortfolio: PortfolioItem(contract=Future(conId=304037436, symbol='CL', lastTradeDateOrContractMonth='20260320', right='0', multiplier='1000', primaryExchange='NYMEX', currency='USD', localSymbol='CLJ6', tradingClass='CL'), position=0.0, marketPrice=75.94999695, marketValue=0.0, averageCost=0.0, unrealizedPNL=0.0, realizedPNL=-2610.58, account='DU1899929')
2026-03-03 09:02:00 [INFO] updatePortfolio: PortfolioItem(contract=Future(conId=304037436, symbol='CL', lastTradeDateOrContractMonth='20260320', right='0', multiplier='1000', primaryExchange='NYMEX', currency='USD', localSymbol='CLJ6', tradingClass='CL'), position=0.0, marketPrice=75.91999815, marketValue=0.0, averageCost=0.0, unrealizedPNL=0.0, realizedPNL=-2610.58, account='DU1899929')
2026-03-03 09:05:00 [INFO] updatePortfolio: PortfolioItem(contract=Future(conId=304037436, symbol='CL', lastTradeDateOrContractMonth='20260320', right='0', multiplier='1000', primaryExchange='NYMEX', currency='USD', localSymbol='CLJ6', tradingClass='CL'), position=0.0, marketPrice=75.80000305, marketValue=0.0, averageCost=0.0, unrealizedPNL=0.0, realizedPNL=-2610.58, account='DU1899929')
2026-03-03 09:08:00 [INFO] updatePortfolio: PortfolioItem(contract=Future(conId=304037436, symbol='CL', lastTradeDateOrContractMonth='20260320', right='0', multiplier='1000', primaryExchange='NYMEX', currency='USD', localSymbol='CLJ6', tradingClass='CL'), position=0.0, marketPrice=75.9599991, marketValue=0.0, averageCost=0.0, unrealizedPNL=0.0, realizedPNL=-2610.58, account='DU1899929')
2026-03-03 09:11:00 [INFO] updatePortfolio: PortfolioItem(contract=Future(conId=304037436, symbol='CL', lastTradeDateOrContractMonth='20260320', right='0', multiplier='1000', primaryExchange='NYMEX', currency='USD', localSymbol='CLJ6', tradingClass='CL'), position=0.0, marketPrice=76.19000245, marketValue=0.0, averageCost=0.0, unrealizedPNL=0.0, realizedPNL=-2610.58, account='DU1899929')
2026-03-03 09:14:00 [INFO] updatePortfolio: PortfolioItem(contract=Future(conId=304037436, symbol='CL', lastTradeDateOrContractMonth='20260320', right='0', multiplier='1000', primaryExchange='NYMEX', currency='USD', localSymbol='CLJ6', tradingClass='CL'), position=0.0, marketPrice=76.25, marketValue=0.0, averageCost=0.0, unrealizedPNL=0.0, realizedPNL=-2610.58, account='DU1899929')
2026-03-03 09:17:00 [INFO] updatePortfolio: PortfolioItem(contract=Future(conId=304037436, symbol='CL', lastTradeDateOrContractMonth='20260320', right='0', multiplier='1000', primaryExchange='NYMEX', currency='USD', localSymbol='CLJ6', tradingClass='CL'), position=0.0, marketPrice=76.19000245, marketValue=0.0, averageCost=0.0, unrealizedPNL=0.0, realizedPNL=-2610.58, account='DU1899929')
2026-03-03 09:20:00 [INFO] updatePortfolio: PortfolioItem(contract=Future(conId=304037436, symbol='CL', lastTradeDateOrContractMonth='20260320', right='0', multiplier='1000', primaryExchange='NYMEX', currency='USD', localSymbol='CLJ6', tradingClass='CL'), position=0.0, marketPrice=76.23999785, marketValue=0.0, averageCost=0.0, unrealizedPNL=0.0, realizedPNL=-2610.58, account='DU1899929')
2026-03-03 09:23:00 [INFO] updatePortfolio: PortfolioItem(contract=Future(conId=304037436, symbol='CL', lastTradeDateOrContractMonth='20260320', right='0', multiplier='1000', primaryExchange='NYMEX', currency='USD', localSymbol='CLJ6', tradingClass='CL'), position=0.0, marketPrice=75.90000155, marketValue=0.0, averageCost=0.0, unrealizedPNL=0.0, realizedPNL=-2610.58, account='DU1899929')
2026-03-03 09:26:00 [INFO] updatePortfolio: PortfolioItem(contract=Future(conId=304037436, symbol='CL', lastTradeDateOrContractMonth='20260320', right='0', multiplier='1000', primaryExchange='NYMEX', currency='USD', localSymbol='CLJ6', tradingClass='CL'), position=0.0, marketPrice=75.8790283, marketValue=0.0, averageCost=0.0, unrealizedPNL=0.0, realizedPNL=-2610.58, account='DU1899929')
2026-03-03 09:29:00 [INFO] updatePortfolio: PortfolioItem(contract=Future(conId=304037436, symbol='CL', lastTradeDateOrContractMonth='20260320', right='0', multiplier='1000', primaryExchange='NYMEX', currency='USD', localSymbol='CLJ6', tradingClass='CL'), position=0.0, marketPrice=75.8199997, marketValue=0.0, averageCost=0.0, unrealizedPNL=0.0, realizedPNL=-2610.58, account='DU1899929')
2026-03-03 09:32:00 [INFO] updatePortfolio: PortfolioItem(contract=Future(conId=304037436, symbol='CL', lastTradeDateOrContractMonth='20260320', right='0', multiplier='1000', primaryExchange='NYMEX', currency='USD', localSymbol='CLJ6', tradingClass='CL'), position=0.0, marketPrice=75.9300003, marketValue=0.0, averageCost=0.0, unrealizedPNL=0.0, realizedPNL=-2610.58, account='DU1899929')
2026-03-03 09:35:00 [INFO] updatePortfolio: PortfolioItem(contract=Future(conId=304037436, symbol='CL', lastTradeDateOrContractMonth='20260320', right='0', multiplier='1000', primaryExchange='NYMEX', currency='USD', localSymbol='CLJ6', tradingClass='CL'), position=0.0, marketPrice=75.62999725, marketValue=0.0, averageCost=0.0, unrealizedPNL=0.0, realizedPNL=-2610.58, account='DU1899929')
2026-03-03 09:38:00 [INFO] updatePortfolio: PortfolioItem(contract=Future(conId=304037436, symbol='CL', lastTradeDateOrContractMonth='20260320', right='0', multiplier='1000', primaryExchange='NYMEX', currency='USD', localSymbol='CLJ6', tradingClass='CL'), position=0.0, marketPrice=75.6399994, marketValue=0.0, averageCost=0.0, unrealizedPNL=0.0, realizedPNL=-2610.58, account='DU1899929')
2026-03-03 09:41:00 [INFO] updatePortfolio: PortfolioItem(contract=Future(conId=304037436, symbol='CL', lastTradeDateOrContractMonth='20260320', right='0', multiplier='1000', primaryExchange='NYMEX', currency='USD', localSymbol='CLJ6', tradingClass='CL'), position=0.0, marketPrice=75.4300003, marketValue=0.0, averageCost=0.0, unrealizedPNL=0.0, realizedPNL=-2610.58, account='DU1899929')
2026-03-03 09:44:00 [INFO] updatePortfolio: PortfolioItem(contract=Future(conId=304037436, symbol='CL', lastTradeDateOrContractMonth='20260320', right='0', multiplier='1000', primaryExchange='NYMEX', currency='USD', localSymbol='CLJ6', tradingClass='CL'), position=0.0, marketPrice=75.8199997, marketValue=0.0, averageCost=0.0, unrealizedPNL=0.0, realizedPNL=-2610.58, account='DU1899929')
2026-03-03 09:47:00 [INFO] updatePortfolio: PortfolioItem(contract=Future(conId=304037436, symbol='CL', lastTradeDateOrContractMonth='20260320', right='0', multiplier='1000', primaryExchange='NYMEX', currency='USD', localSymbol='CLJ6', tradingClass='CL'), position=0.0, marketPrice=75.73000335, marketValue=0.0, averageCost=0.0, unrealizedPNL=0.0, realizedPNL=-2610.58, account='DU1899929')
2026-03-03 09:48:11 [INFO] Warning 2103, reqId -1: Market data farm connection is broken:cashfarm
2026-03-03 09:48:12 [INFO] Warning 2104, reqId -1: Market data farm connection is OK:cashfarm
2026-03-03 09:48:12 [INFO] CONNECTIVITY RESTORED (code 2104) — resubscribing...
2026-03-03 09:48:12 [INFO] Backfilling gap: 2026-03-03 16:35:00 → 2026-03-03 17:48:12.787033 (73.2 minutes)
2026-03-03 09:48:12 [ERROR] Gap backfill failed — continuing without
Traceback (most recent call last):
  File "C:\Users\bwang\Documents\GitHub\CL_Analyst\src\live_execution\live_trader.py", line 954, in _resubscribe_and_backfill
    bars = self.manager.fetch_historical_bars_by_duration(
TypeError: IBKRConnectionManager.fetch_historical_bars_by_duration() got an unexpected keyword argument 'contract'
2026-03-03 09:48:12 [INFO] Subscribing to live 5-min bars (Brain stream)...
2026-03-03 09:48:12 [ERROR] Resubscription failed — will retry on next reconnect
Traceback (most recent call last):
  File "C:\Users\bwang\Documents\GitHub\CL_Analyst\src\live_execution\live_trader.py", line 993, in _resubscribe_and_backfill
    self._subscribe()
  File "C:\Users\bwang\Documents\GitHub\CL_Analyst\src\live_execution\live_trader.py", line 889, in _subscribe
    self._live_bars = self.manager.subscribe_live_bars(
  File "C:\Users\bwang\Documents\GitHub\CL_Analyst\src\live_execution\ibkr_client.py", line 523, in subscribe_live_bars
    bars = self.ib.reqHistoricalData(
  File "C:\Users\bwang\anaconda3\envs\trader\lib\site-packages\ib_insync\ib.py", line 1070, in reqHistoricalData
    return self._run(
  File "C:\Users\bwang\anaconda3\envs\trader\lib\site-packages\ib_insync\ib.py", line 318, in _run
    return util.run(*awaitables, timeout=self.RequestTimeout)
  File "C:\Users\bwang\anaconda3\envs\trader\lib\site-packages\ib_insync\util.py", line 341, in run
    result = loop.run_until_complete(task)
  File "C:\Users\bwang\anaconda3\envs\trader\lib\asyncio\base_events.py", line 625, in run_until_complete
    self._check_running()
  File "C:\Users\bwang\anaconda3\envs\trader\lib\asyncio\base_events.py", line 584, in _check_running
    raise RuntimeError('This event loop is already running')
RuntimeError: This event loop is already running
2026-03-03 09:48:12 [ERROR] Error 366, reqId 6: No historical data query found for ticker id:6
2026-03-03 09:48:13 [ERROR] Error 366, reqId 7: No historical data query found for ticker id:7
2026-03-03 09:50:00 [INFO] updatePortfolio: PortfolioItem(contract=Future(conId=304037436, symbol='CL', lastTradeDateOrContractMonth='20260320', right='0', multiplier='1000', primaryExchange='NYMEX', currency='USD', localSymbol='CLJ6', tradingClass='CL'), position=0.0, marketPrice=75.48000335, marketValue=0.0, averageCost=0.0, unrealizedPNL=0.0, realizedPNL=-2610.58, account='DU1899929')
2026-03-03 09:53:00 [INFO] updatePortfolio: PortfolioItem(contract=Future(conId=304037436, symbol='CL', lastTradeDateOrContractMonth='20260320', right='0', multiplier='1000', primaryExchange='NYMEX', currency='USD', localSymbol='CLJ6', tradingClass='CL'), position=0.0, marketPrice=75.3899994, marketValue=0.0, averageCost=0.0, unrealizedPNL=0.0, realizedPNL=-2610.58, account='DU1899929')
2026-03-03 09:56:00 [INFO] updatePortfolio: PortfolioItem(contract=Future(conId=304037436, symbol='CL', lastTradeDateOrContractMonth='20260320', right='0', multiplier='1000', primaryExchange='NYMEX', currency='USD', localSymbol='CLJ6', tradingClass='CL'), position=0.0, marketPrice=75.40000155, marketValue=0.0, averageCost=0.0, unrealizedPNL=0.0, realizedPNL=-2610.58, account='DU1899929')
2026-03-03 09:59:01 [INFO] updatePortfolio: PortfolioItem(contract=Future(conId=304037436, symbol='CL', lastTradeDateOrContractMonth='20260320', right='0', multiplier='1000', primaryExchange='NYMEX', currency='USD', localSymbol='CLJ6', tradingClass='CL'), position=0.0, marketPrice=75.5, marketValue=0.0, averageCost=0.0, unrealizedPNL=0.0, realizedPNL=-2610.58, account='DU1899929')
2026-03-03 10:02:00 [INFO] updatePortfolio: PortfolioItem(contract=Future(conId=304037436, symbol='CL', lastTradeDateOrContractMonth='20260320', right='0', multiplier='1000', primaryExchange='NYMEX', currency='USD', localSymbol='CLJ6', tradingClass='CL'), position=0.0, marketPrice=75.2200012, marketValue=0.0, averageCost=0.0, unrealizedPNL=0.0, realizedPNL=-2610.58, account='DU1899929')
2026-03-03 10:05:01 [INFO] updatePortfolio: PortfolioItem(contract=Future(conId=304037436, symbol='CL', lastTradeDateOrContractMonth='20260320', right='0', multiplier='1000', primaryExchange='NYMEX', currency='USD', localSymbol='CLJ6', tradingClass='CL'), position=0.0, marketPrice=75.30747985, marketValue=0.0, averageCost=0.0, unrealizedPNL=0.0, realizedPNL=-2610.58, account='DU1899929')
2026-03-03 10:05:13 [INFO] Warning 2103, reqId -1: Market data farm connection is broken:cashfarm
2026-03-03 10:05:13 [INFO] Warning 2104, reqId -1: Market data farm connection is OK:cashfarm
2026-03-03 10:05:13 [INFO] CONNECTIVITY RESTORED (code 2104) — resubscribing...
2026-03-03 10:05:13 [INFO] Backfilling gap: 2026-03-03 16:35:00 → 2026-03-03 18:05:13.966147 (90.2 minutes)
2026-03-03 10:05:13 [ERROR] Gap backfill failed — continuing without
Traceback (most recent call last):
  File "C:\Users\bwang\Documents\GitHub\CL_Analyst\src\live_execution\live_trader.py", line 954, in _resubscribe_and_backfill
    bars = self.manager.fetch_historical_bars_by_duration(
TypeError: IBKRConnectionManager.fetch_historical_bars_by_duration() got an unexpected keyword argument 'contract'
2026-03-03 10:05:13 [INFO] Subscribing to live 5-min bars (Brain stream)...
2026-03-03 10:05:13 [ERROR] Resubscription failed — will retry on next reconnect
Traceback (most recent call last):
  File "C:\Users\bwang\Documents\GitHub\CL_Analyst\src\live_execution\live_trader.py", line 993, in _resubscribe_and_backfill
    self._subscribe()
  File "C:\Users\bwang\Documents\GitHub\CL_Analyst\src\live_execution\live_trader.py", line 889, in _subscribe
    self._live_bars = self.manager.subscribe_live_bars(
  File "C:\Users\bwang\Documents\GitHub\CL_Analyst\src\live_execution\ibkr_client.py", line 523, in subscribe_live_bars
    bars = self.ib.reqHistoricalData(
  File "C:\Users\bwang\anaconda3\envs\trader\lib\site-packages\ib_insync\ib.py", line 1070, in reqHistoricalData
    return self._run(
  File "C:\Users\bwang\anaconda3\envs\trader\lib\site-packages\ib_insync\ib.py", line 318, in _run
    return util.run(*awaitables, timeout=self.RequestTimeout)
  File "C:\Users\bwang\anaconda3\envs\trader\lib\site-packages\ib_insync\util.py", line 341, in run
    result = loop.run_until_complete(task)
  File "C:\Users\bwang\anaconda3\envs\trader\lib\asyncio\base_events.py", line 625, in run_until_complete
    self._check_running()
  File "C:\Users\bwang\anaconda3\envs\trader\lib\asyncio\base_events.py", line 584, in _check_running
    raise RuntimeError('This event loop is already running')
RuntimeError: This event loop is already running
2026-03-03 10:05:13 [ERROR] Error 366, reqId 6: No historical data query found for ticker id:6
2026-03-03 10:05:14 [ERROR] Error 366, reqId 7: No historical data query found for ticker id:7
2026-03-03 10:05:14 [INFO] Warning 2103, reqId -1: Market data farm connection is broken:usfarm
2026-03-03 10:05:15 [INFO] Warning 2104, reqId -1: Market data farm connection is OK:usfarm
2026-03-03 10:05:15 [INFO] CONNECTIVITY RESTORED (code 2104) — resubscribing...
2026-03-03 10:05:15 [INFO] Backfilling gap: 2026-03-03 16:35:00 → 2026-03-03 18:05:15.558671 (90.3 minutes)
2026-03-03 10:05:15 [ERROR] Gap backfill failed — continuing without
Traceback (most recent call last):
  File "C:\Users\bwang\Documents\GitHub\CL_Analyst\src\live_execution\live_trader.py", line 954, in _resubscribe_and_backfill
    bars = self.manager.fetch_historical_bars_by_duration(
TypeError: IBKRConnectionManager.fetch_historical_bars_by_duration() got an unexpected keyword argument 'contract'
2026-03-03 10:05:15 [INFO] Subscribing to live 5-min bars (Brain stream)...
2026-03-03 10:05:15 [ERROR] Resubscription failed — will retry on next reconnect
Traceback (most recent call last):
  File "C:\Users\bwang\Documents\GitHub\CL_Analyst\src\live_execution\live_trader.py", line 993, in _resubscribe_and_backfill
    self._subscribe()
  File "C:\Users\bwang\Documents\GitHub\CL_Analyst\src\live_execution\live_trader.py", line 889, in _subscribe
    self._live_bars = self.manager.subscribe_live_bars(
  File "C:\Users\bwang\Documents\GitHub\CL_Analyst\src\live_execution\ibkr_client.py", line 523, in subscribe_live_bars
    bars = self.ib.reqHistoricalData(
  File "C:\Users\bwang\anaconda3\envs\trader\lib\site-packages\ib_insync\ib.py", line 1070, in reqHistoricalData
    return self._run(
  File "C:\Users\bwang\anaconda3\envs\trader\lib\site-packages\ib_insync\ib.py", line 318, in _run
    return util.run(*awaitables, timeout=self.RequestTimeout)
  File "C:\Users\bwang\anaconda3\envs\trader\lib\site-packages\ib_insync\util.py", line 341, in run
    result = loop.run_until_complete(task)
  File "C:\Users\bwang\anaconda3\envs\trader\lib\asyncio\base_events.py", line 625, in run_until_complete
    self._check_running()
  File "C:\Users\bwang\anaconda3\envs\trader\lib\asyncio\base_events.py", line 584, in _check_running
    raise RuntimeError('This event loop is already running')
RuntimeError: This event loop is already running
2026-03-03 10:05:15 [ERROR] Error 366, reqId 6: No historical data query found for ticker id:6
2026-03-03 10:05:15 [ERROR] Error 366, reqId 7: No historical data query found for ticker id:7
2026-03-03 10:05:17 [INFO] Warning 2105, reqId -1: HMDS data farm connection is broken:ushmds
2026-03-03 10:05:17 [ERROR] Error 10182, reqId 8: Failed to request live updates (disconnected).
2026-03-03 10:05:17 [WARNING] SUBSCRIPTIONS LOST (Error 10182) — will resubscribe on reconnect
2026-03-03 10:05:17 [ERROR] Error 10182, reqId 10: Failed to request live updates (disconnected)., contract: ContFuture(conId=304037436, symbol='CL', lastTradeDateOrContractMonth='20260320', multiplier='1000', exchange='NYMEX', currency='USD', localSymbol='CLJ6', tradingClass='CL')
2026-03-03 10:05:17 [WARNING] SUBSCRIPTIONS LOST (Error 10182) — will resubscribe on reconnect
2026-03-03 10:05:17 [ERROR] Error 10182, reqId 9: Failed to request live updates (disconnected).
2026-03-03 10:05:17 [WARNING] SUBSCRIPTIONS LOST (Error 10182) — will resubscribe on reconnect
2026-03-03 10:05:17 [ERROR] Error 10182, reqId 11: Failed to request live updates (disconnected)., contract: ContFuture(conId=304037436, symbol='CL', lastTradeDateOrContractMonth='20260320', multiplier='1000', exchange='NYMEX', currency='USD', localSymbol='CLJ6', tradingClass='CL')
2026-03-03 10:05:17 [WARNING] SUBSCRIPTIONS LOST (Error 10182) — will resubscribe on reconnect
2026-03-03 10:05:18 [INFO] Warning 2106, reqId -1: HMDS data farm connection is OK:ushmds
2026-03-03 10:05:18 [INFO] CONNECTIVITY RESTORED (code 2106) — resubscribing...
2026-03-03 10:05:18 [INFO] Backfilling gap: 2026-03-03 16:35:00 → 2026-03-03 18:05:18.684589 (90.3 minutes)
2026-03-03 10:05:18 [ERROR] Gap backfill failed — continuing without
Traceback (most recent call last):
  File "C:\Users\bwang\Documents\GitHub\CL_Analyst\src\live_execution\live_trader.py", line 954, in _resubscribe_and_backfill
    bars = self.manager.fetch_historical_bars_by_duration(
TypeError: IBKRConnectionManager.fetch_historical_bars_by_duration() got an unexpected keyword argument 'contract'
2026-03-03 10:05:18 [INFO] Subscribing to live 5-min bars (Brain stream)...
2026-03-03 10:05:18 [ERROR] Resubscription failed — will retry on next reconnect
Traceback (most recent call last):
  File "C:\Users\bwang\Documents\GitHub\CL_Analyst\src\live_execution\live_trader.py", line 993, in _resubscribe_and_backfill
    self._subscribe()
  File "C:\Users\bwang\Documents\GitHub\CL_Analyst\src\live_execution\live_trader.py", line 889, in _subscribe
    self._live_bars = self.manager.subscribe_live_bars(
  File "C:\Users\bwang\Documents\GitHub\CL_Analyst\src\live_execution\ibkr_client.py", line 523, in subscribe_live_bars
    bars = self.ib.reqHistoricalData(
  File "C:\Users\bwang\anaconda3\envs\trader\lib\site-packages\ib_insync\ib.py", line 1070, in reqHistoricalData
    return self._run(
  File "C:\Users\bwang\anaconda3\envs\trader\lib\site-packages\ib_insync\ib.py", line 318, in _run
    return util.run(*awaitables, timeout=self.RequestTimeout)
  File "C:\Users\bwang\anaconda3\envs\trader\lib\site-packages\ib_insync\util.py", line 341, in run
    result = loop.run_until_complete(task)
  File "C:\Users\bwang\anaconda3\envs\trader\lib\asyncio\base_events.py", line 625, in run_until_complete
    self._check_running()
  File "C:\Users\bwang\anaconda3\envs\trader\lib\asyncio\base_events.py", line 584, in _check_running
    raise RuntimeError('This event loop is already running')
RuntimeError: This event loop is already running
2026-03-03 10:05:18 [ERROR] Error 366, reqId 6: No historical data query found for ticker id:6
2026-03-03 10:05:18 [ERROR] Error 366, reqId 7: No historical data query found for ticker id:7
2026-03-03 10:08:00 [INFO] updatePortfolio: PortfolioItem(contract=Future(conId=304037436, symbol='CL', lastTradeDateOrContractMonth='20260320', right='0', multiplier='1000', primaryExchange='NYMEX', currency='USD', localSymbol='CLJ6', tradingClass='CL'), position=0.0, marketPrice=75.12999725, marketValue=0.0, averageCost=0.0, unrealizedPNL=0.0, realizedPNL=-2610.58, account='DU1899929')
2026-03-03 10:11:00 [INFO] updatePortfolio: PortfolioItem(contract=Future(conId=304037436, symbol='CL', lastTradeDateOrContractMonth='20260320', right='0', multiplier='1000', primaryExchange='NYMEX', currency='USD', localSymbol='CLJ6', tradingClass='CL'), position=0.0, marketPrice=75.2155075, marketValue=0.0, averageCost=0.0, unrealizedPNL=0.0, realizedPNL=-2610.58, account='DU1899929')
2026-03-03 10:14:03 [INFO] updatePortfolio: PortfolioItem(contract=Future(conId=304037436, symbol='CL', lastTradeDateOrContractMonth='20260320', right='0', multiplier='1000', primaryExchange='NYMEX', currency='USD', localSymbol='CLJ6', tradingClass='CL'), position=0.0, marketPrice=75.252182, marketValue=0.0, averageCost=0.0, unrealizedPNL=0.0, realizedPNL=-2610.58, account='DU1899929')
2026-03-03 10:14:04 [INFO] Warning 2103, reqId -1: Market data farm connection is broken:usfarm.nj
2026-03-03 10:14:05 [INFO] Warning 2104, reqId -1: Market data farm connection is OK:usfarm.nj
2026-03-03 10:14:05 [INFO] CONNECTIVITY RESTORED (code 2104) — resubscribing...
2026-03-03 10:14:05 [INFO] Backfilling gap: 2026-03-03 16:35:00 → 2026-03-03 18:14:05.365301 (99.1 minutes)
2026-03-03 10:14:05 [ERROR] Gap backfill failed — continuing without
Traceback (most recent call last):
  File "C:\Users\bwang\Documents\GitHub\CL_Analyst\src\live_execution\live_trader.py", line 954, in _resubscribe_and_backfill
    bars = self.manager.fetch_historical_bars_by_duration(
TypeError: IBKRConnectionManager.fetch_historical_bars_by_duration() got an unexpected keyword argument 'contract'
2026-03-03 10:14:05 [INFO] Subscribing to live 5-min bars (Brain stream)...
2026-03-03 10:14:05 [ERROR] Resubscription failed — will retry on next reconnect
Traceback (most recent call last):
  File "C:\Users\bwang\Documents\GitHub\CL_Analyst\src\live_execution\live_trader.py", line 993, in _resubscribe_and_backfill
    self._subscribe()
  File "C:\Users\bwang\Documents\GitHub\CL_Analyst\src\live_execution\live_trader.py", line 889, in _subscribe
    self._live_bars = self.manager.subscribe_live_bars(
  File "C:\Users\bwang\Documents\GitHub\CL_Analyst\src\live_execution\ibkr_client.py", line 523, in subscribe_live_bars
    bars = self.ib.reqHistoricalData(
  File "C:\Users\bwang\anaconda3\envs\trader\lib\site-packages\ib_insync\ib.py", line 1070, in reqHistoricalData
    return self._run(
  File "C:\Users\bwang\anaconda3\envs\trader\lib\site-packages\ib_insync\ib.py", line 318, in _run
    return util.run(*awaitables, timeout=self.RequestTimeout)
  File "C:\Users\bwang\anaconda3\envs\trader\lib\site-packages\ib_insync\util.py", line 341, in run
    result = loop.run_until_complete(task)
  File "C:\Users\bwang\anaconda3\envs\trader\lib\asyncio\base_events.py", line 625, in run_until_complete
    self._check_running()
  File "C:\Users\bwang\anaconda3\envs\trader\lib\asyncio\base_events.py", line 584, in _check_running
    raise RuntimeError('This event loop is already running')
RuntimeError: This event loop is already running
2026-03-03 10:14:05 [ERROR] Error 366, reqId 6: No historical data query found for ticker id:6
2026-03-03 10:14:05 [ERROR] Error 366, reqId 7: No historical data query found for ticker id:7
2026-03-03 10:17:00 [INFO] updatePortfolio: PortfolioItem(contract=Future(conId=304037436, symbol='CL', lastTradeDateOrContractMonth='20260320', right='0', multiplier='1000', primaryExchange='NYMEX', currency='USD', localSymbol='CLJ6', tradingClass='CL'), position=0.0, marketPrice=75.12999725, marketValue=0.0, averageCost=0.0, unrealizedPNL=0.0, realizedPNL=-2610.58, account='DU1899929')
2026-03-03 10:20:00 [INFO] updatePortfolio: PortfolioItem(contract=Future(conId=304037436, symbol='CL', lastTradeDateOrContractMonth='20260320', right='0', multiplier='1000', primaryExchange='NYMEX', currency='USD', localSymbol='CLJ6', tradingClass='CL'), position=0.0, marketPrice=75.01999665, marketValue=0.0, averageCost=0.0, unrealizedPNL=0.0, realizedPNL=-2610.58, account='DU1899929')
2026-03-03 10:23:00 [INFO] updatePortfolio: PortfolioItem(contract=Future(conId=304037436, symbol='CL', lastTradeDateOrContractMonth='20260320', right='0', multiplier='1000', primaryExchange='NYMEX', currency='USD', localSymbol='CLJ6', tradingClass='CL'), position=0.0, marketPrice=75.41000365, marketValue=0.0, averageCost=0.0, unrealizedPNL=0.0, realizedPNL=-2610.58, account='DU1899929')
2026-03-03 10:26:00 [INFO] updatePortfolio: PortfolioItem(contract=Future(conId=304037436, symbol='CL', lastTradeDateOrContractMonth='20260320', right='0', multiplier='1000', primaryExchange='NYMEX', currency='USD', localSymbol='CLJ6', tradingClass='CL'), position=0.0, marketPrice=75.44000245, marketValue=0.0, averageCost=0.0, unrealizedPNL=0.0, realizedPNL=-2610.58, account='DU1899929')
2026-03-03 10:29:00 [INFO] updatePortfolio: PortfolioItem(contract=Future(conId=304037436, symbol='CL', lastTradeDateOrContractMonth='20260320', right='0', multiplier='1000', primaryExchange='NYMEX', currency='USD', localSymbol='CLJ6', tradingClass='CL'), position=0.0, marketPrice=75.34999845, marketValue=0.0, averageCost=0.0, unrealizedPNL=0.0, realizedPNL=-2610.58, account='DU1899929')
2026-03-03 10:32:02 [INFO] updatePortfolio: PortfolioItem(contract=Future(conId=304037436, symbol='CL', lastTradeDateOrContractMonth='20260320', right='0', multiplier='1000', primaryExchange='NYMEX', currency='USD', localSymbol='CLJ6', tradingClass='CL'), position=0.0, marketPrice=75.2099991, marketValue=0.0, averageCost=0.0, unrealizedPNL=0.0, realizedPNL=-2610.58, account='DU1899929')
2026-03-03 10:35:00 [INFO] updatePortfolio: PortfolioItem(contract=Future(conId=304037436, symbol='CL', lastTradeDateOrContractMonth='20260320', right='0', multiplier='1000', primaryExchange='NYMEX', currency='USD', localSymbol='CLJ6', tradingClass='CL'), position=0.0, marketPrice=74.52853395, marketValue=0.0, averageCost=0.0, unrealizedPNL=0.0, realizedPNL=-2610.58, account='DU1899929')
2026-03-03 10:38:00 [INFO] updatePortfolio: PortfolioItem(contract=Future(conId=304037436, symbol='CL', lastTradeDateOrContractMonth='20260320', right='0', multiplier='1000', primaryExchange='NYMEX', currency='USD', localSymbol='CLJ6', tradingClass='CL'), position=0.0, marketPrice=74.0699997, marketValue=0.0, averageCost=0.0, unrealizedPNL=0.0, realizedPNL=-2610.58, account='DU1899929')
2026-03-03 10:41:00 [INFO] updatePortfolio: PortfolioItem(contract=Future(conId=304037436, symbol='CL', lastTradeDateOrContractMonth='20260320', right='0', multiplier='1000', primaryExchange='NYMEX', currency='USD', localSymbol='CLJ6', tradingClass='CL'), position=0.0, marketPrice=74.08999635, marketValue=0.0, averageCost=0.0, unrealizedPNL=0.0, realizedPNL=-2610.58, account='DU1899929')
2026-03-03 10:44:00 [INFO] updatePortfolio: PortfolioItem(contract=Future(conId=304037436, symbol='CL', lastTradeDateOrContractMonth='20260320', right='0', multiplier='1000', primaryExchange='NYMEX', currency='USD', localSymbol='CLJ6', tradingClass='CL'), position=0.0, marketPrice=74.3600006, marketValue=0.0, averageCost=0.0, unrealizedPNL=0.0, realizedPNL=-2610.58, account='DU1899929')
2026-03-03 10:47:00 [INFO] updatePortfolio: PortfolioItem(contract=Future(conId=304037436, symbol='CL', lastTradeDateOrContractMonth='20260320', right='0', multiplier='1000', primaryExchange='NYMEX', currency='USD', localSymbol='CLJ6', tradingClass='CL'), position=0.0, marketPrice=74.23999785, marketValue=0.0, averageCost=0.0, unrealizedPNL=0.0, realizedPNL=-2610.58, account='DU1899929')
2026-03-03 10:50:00 [INFO] updatePortfolio: PortfolioItem(contract=Future(conId=304037436, symbol='CL', lastTradeDateOrContractMonth='20260320', right='0', multiplier='1000', primaryExchange='NYMEX', currency='USD', localSymbol='CLJ6', tradingClass='CL'), position=0.0, marketPrice=74.30000305, marketValue=0.0, averageCost=0.0, unrealizedPNL=0.0, realizedPNL=-2610.58, account='DU1899929')
2026-03-03 10:53:00 [INFO] updatePortfolio: PortfolioItem(contract=Future(conId=304037436, symbol='CL', lastTradeDateOrContractMonth='20260320', right='0', multiplier='1000', primaryExchange='NYMEX', currency='USD', localSymbol='CLJ6', tradingClass='CL'), position=0.0, marketPrice=74.23000335, marketValue=0.0, averageCost=0.0, unrealizedPNL=0.0, realizedPNL=-2610.58, account='DU1899929')
2026-03-03 10:56:00 [INFO] updatePortfolio: PortfolioItem(contract=Future(conId=304037436, symbol='CL', lastTradeDateOrContractMonth='20260320', right='0', multiplier='1000', primaryExchange='NYMEX', currency='USD', localSymbol='CLJ6', tradingClass='CL'), position=0.0, marketPrice=74.7200012, marketValue=0.0, averageCost=0.0, unrealizedPNL=0.0, realizedPNL=-2610.58, account='DU1899929')
2026-03-03 10:59:00 [INFO] updatePortfolio: PortfolioItem(contract=Future(conId=304037436, symbol='CL', lastTradeDateOrContractMonth='20260320', right='0', multiplier='1000', primaryExchange='NYMEX', currency='USD', localSymbol='CLJ6', tradingClass='CL'), position=0.0, marketPrice=74.6720886, marketValue=0.0, averageCost=0.0, unrealizedPNL=0.0, realizedPNL=-2610.58, account='DU1899929')
2026-03-03 11:02:00 [INFO] updatePortfolio: PortfolioItem(contract=Future(conId=304037436, symbol='CL', lastTradeDateOrContractMonth='20260320', right='0', multiplier='1000', primaryExchange='NYMEX', currency='USD', localSymbol='CLJ6', tradingClass='CL'), position=0.0, marketPrice=74.7900009, marketValue=0.0, averageCost=0.0, unrealizedPNL=0.0, realizedPNL=-2610.58, account='DU1899929')
2026-03-03 11:05:00 [INFO] updatePortfolio: PortfolioItem(contract=Future(conId=304037436, symbol='CL', lastTradeDateOrContractMonth='20260320', right='0', multiplier='1000', primaryExchange='NYMEX', currency='USD', localSymbol='CLJ6', tradingClass='CL'), position=0.0, marketPrice=74.6399994, marketValue=0.0, averageCost=0.0, unrealizedPNL=0.0, realizedPNL=-2610.58, account='DU1899929')
2026-03-03 11:08:00 [INFO] updatePortfolio: PortfolioItem(contract=Future(conId=304037436, symbol='CL', lastTradeDateOrContractMonth='20260320', right='0', multiplier='1000', primaryExchange='NYMEX', currency='USD', localSymbol='CLJ6', tradingClass='CL'), position=0.0, marketPrice=74.5364151, marketValue=0.0, averageCost=0.0, unrealizedPNL=0.0, realizedPNL=-2610.58, account='DU1899929')
2026-03-03 11:11:00 [INFO] updatePortfolio: PortfolioItem(contract=Future(conId=304037436, symbol='CL', lastTradeDateOrContractMonth='20260320', right='0', multiplier='1000', primaryExchange='NYMEX', currency='USD', localSymbol='CLJ6', tradingClass='CL'), position=0.0, marketPrice=74.75, marketValue=0.0, averageCost=0.0, unrealizedPNL=0.0, realizedPNL=-2610.58, account='DU1899929')
2026-03-03 11:14:00 [INFO] updatePortfolio: PortfolioItem(contract=Future(conId=304037436, symbol='CL', lastTradeDateOrContractMonth='20260320', right='0', multiplier='1000', primaryExchange='NYMEX', currency='USD', localSymbol='CLJ6', tradingClass='CL'), position=0.0, marketPrice=74.65000155, marketValue=0.0, averageCost=0.0, unrealizedPNL=0.0, realizedPNL=-2610.58, account='DU1899929')
2026-03-03 11:17:00 [INFO] updatePortfolio: PortfolioItem(contract=Future(conId=304037436, symbol='CL', lastTradeDateOrContractMonth='20260320', right='0', multiplier='1000', primaryExchange='NYMEX', currency='USD', localSymbol='CLJ6', tradingClass='CL'), position=0.0, marketPrice=74.50187685, marketValue=0.0, averageCost=0.0, unrealizedPNL=0.0, realizedPNL=-2610.58, account='DU1899929')
2026-03-03 11:20:00 [INFO] updatePortfolio: PortfolioItem(contract=Future(conId=304037436, symbol='CL', lastTradeDateOrContractMonth='20260320', right='0', multiplier='1000', primaryExchange='NYMEX', currency='USD', localSymbol='CLJ6', tradingClass='CL'), position=0.0, marketPrice=74.44000245, marketValue=0.0, averageCost=0.0, unrealizedPNL=0.0, realizedPNL=-2610.58, account='DU1899929')
2026-03-03 11:23:00 [INFO] updatePortfolio: PortfolioItem(contract=Future(conId=304037436, symbol='CL', lastTradeDateOrContractMonth='20260320', right='0', multiplier='1000', primaryExchange='NYMEX', currency='USD', localSymbol='CLJ6', tradingClass='CL'), position=0.0, marketPrice=74.5463791, marketValue=0.0, averageCost=0.0, unrealizedPNL=0.0, realizedPNL=-2610.58, account='DU1899929')
2026-03-03 11:26:00 [INFO] updatePortfolio: PortfolioItem(contract=Future(conId=304037436, symbol='CL', lastTradeDateOrContractMonth='20260320', right='0', multiplier='1000', primaryExchange='NYMEX', currency='USD', localSymbol='CLJ6', tradingClass='CL'), position=0.0, marketPrice=74.3600006, marketValue=0.0, averageCost=0.0, unrealizedPNL=0.0, realizedPNL=-2610.58, account='DU1899929')
2026-03-03 11:29:00 [INFO] updatePortfolio: PortfolioItem(contract=Future(conId=304037436, symbol='CL', lastTradeDateOrContractMonth='20260320', right='0', multiplier='1000', primaryExchange='NYMEX', currency='USD', localSymbol='CLJ6', tradingClass='CL'), position=0.0, marketPrice=74.58000185, marketValue=0.0, averageCost=0.0, unrealizedPNL=0.0, realizedPNL=-2610.58, account='DU1899929')
2026-03-03 11:32:00 [INFO] updatePortfolio: PortfolioItem(contract=Future(conId=304037436, symbol='CL', lastTradeDateOrContractMonth='20260320', right='0', multiplier='1000', primaryExchange='NYMEX', currency='USD', localSymbol='CLJ6', tradingClass='CL'), position=0.0, marketPrice=74.69000245, marketValue=0.0, averageCost=0.0, unrealizedPNL=0.0, realizedPNL=-2610.58, account='DU1899929')
2026-03-03 11:35:00 [INFO] updatePortfolio: PortfolioItem(contract=Future(conId=304037436, symbol='CL', lastTradeDateOrContractMonth='20260320', right='0', multiplier='1000', primaryExchange='NYMEX', currency='USD', localSymbol='CLJ6', tradingClass='CL'), position=0.0, marketPrice=74.76999665, marketValue=0.0, averageCost=0.0, unrealizedPNL=0.0, realizedPNL=-2610.58, account='DU1899929')
2026-03-03 11:38:00 [INFO] updatePortfolio: PortfolioItem(contract=Future(conId=304037436, symbol='CL', lastTradeDateOrContractMonth='20260320', right='0', multiplier='1000', primaryExchange='NYMEX', currency='USD', localSymbol='CLJ6', tradingClass='CL'), position=0.0, marketPrice=73.59999845, marketValue=0.0, averageCost=0.0, unrealizedPNL=0.0, realizedPNL=-2610.58, account='DU1899929')
2026-03-03 11:41:00 [INFO] updatePortfolio: PortfolioItem(contract=Future(conId=304037436, symbol='CL', lastTradeDateOrContractMonth='20260320', right='0', multiplier='1000', primaryExchange='NYMEX', currency='USD', localSymbol='CLJ6', tradingClass='CL'), position=0.0, marketPrice=72.94999695, marketValue=0.0, averageCost=0.0, unrealizedPNL=0.0, realizedPNL=-2610.58, account='DU1899929')
2026-03-03 11:44:00 [INFO] updatePortfolio: PortfolioItem(contract=Future(conId=304037436, symbol='CL', lastTradeDateOrContractMonth='20260320', right='0', multiplier='1000', primaryExchange='NYMEX', currency='USD', localSymbol='CLJ6', tradingClass='CL'), position=0.0, marketPrice=72.48999785, marketValue=0.0, averageCost=0.0, unrealizedPNL=0.0, realizedPNL=-2610.58, account='DU1899929')
2026-03-03 11:47:00 [INFO] updatePortfolio: PortfolioItem(contract=Future(conId=304037436, symbol='CL', lastTradeDateOrContractMonth='20260320', right='0', multiplier='1000', primaryExchange='NYMEX', currency='USD', localSymbol='CLJ6', tradingClass='CL'), position=0.0, marketPrice=72.40000155, marketValue=0.0, averageCost=0.0, unrealizedPNL=0.0, realizedPNL=-2610.58, account='DU1899929')
2026-03-03 11:50:00 [INFO] updatePortfolio: PortfolioItem(contract=Future(conId=304037436, symbol='CL', lastTradeDateOrContractMonth='20260320', right='0', multiplier='1000', primaryExchange='NYMEX', currency='USD', localSymbol='CLJ6', tradingClass='CL'), position=0.0, marketPrice=72.7200012, marketValue=0.0, averageCost=0.0, unrealizedPNL=0.0, realizedPNL=-2610.58, account='DU1899929')
2026-03-03 11:53:00 [INFO] updatePortfolio: PortfolioItem(contract=Future(conId=304037436, symbol='CL', lastTradeDateOrContractMonth='20260320', right='0', multiplier='1000', primaryExchange='NYMEX', currency='USD', localSymbol='CLJ6', tradingClass='CL'), position=0.0, marketPrice=73.01000215, marketValue=0.0, averageCost=0.0, unrealizedPNL=0.0, realizedPNL=-2610.58, account='DU1899929')
2026-03-03 11:56:00 [INFO] updatePortfolio: PortfolioItem(contract=Future(conId=304037436, symbol='CL', lastTradeDateOrContractMonth='20260320', right='0', multiplier='1000', primaryExchange='NYMEX', currency='USD', localSymbol='CLJ6', tradingClass='CL'), position=0.0, marketPrice=73.0653229, marketValue=0.0, averageCost=0.0, unrealizedPNL=0.0, realizedPNL=-2610.58, account='DU1899929')
2026-03-03 11:59:00 [INFO] updatePortfolio: PortfolioItem(contract=Future(conId=304037436, symbol='CL', lastTradeDateOrContractMonth='20260320', right='0', multiplier='1000', primaryExchange='NYMEX', currency='USD', localSymbol='CLJ6', tradingClass='CL'), position=0.0, marketPrice=73.3911896, marketValue=0.0, averageCost=0.0, unrealizedPNL=0.0, realizedPNL=-2610.58, account='DU1899929')
2026-03-03 12:02:00 [INFO] updatePortfolio: PortfolioItem(contract=Future(conId=304037436, symbol='CL', lastTradeDateOrContractMonth='20260320', right='0', multiplier='1000', primaryExchange='NYMEX', currency='USD', localSymbol='CLJ6', tradingClass='CL'), position=0.0, marketPrice=73.6399994, marketValue=0.0, averageCost=0.0, unrealizedPNL=0.0, realizedPNL=-2610.58, account='DU1899929')
2026-03-03 12:05:00 [INFO] updatePortfolio: PortfolioItem(contract=Future(conId=304037436, symbol='CL', lastTradeDateOrContractMonth='20260320', right='0', multiplier='1000', primaryExchange='NYMEX', currency='USD', localSymbol='CLJ6', tradingClass='CL'), position=0.0, marketPrice=73.73000335, marketValue=0.0, averageCost=0.0, unrealizedPNL=0.0, realizedPNL=-2610.58, account='DU1899929')
2026-03-03 12:08:00 [INFO] updatePortfolio: PortfolioItem(contract=Future(conId=304037436, symbol='CL', lastTradeDateOrContractMonth='20260320', right='0', multiplier='1000', primaryExchange='NYMEX', currency='USD', localSymbol='CLJ6', tradingClass='CL'), position=0.0, marketPrice=73.16000365, marketValue=0.0, averageCost=0.0, unrealizedPNL=0.0, realizedPNL=-2610.58, account='DU1899929')
2026-03-03 12:11:00 [INFO] updatePortfolio: PortfolioItem(contract=Future(conId=304037436, symbol='CL', lastTradeDateOrContractMonth='20260320', right='0', multiplier='1000', primaryExchange='NYMEX', currency='USD', localSymbol='CLJ6', tradingClass='CL'), position=0.0, marketPrice=73.33000185, marketValue=0.0, averageCost=0.0, unrealizedPNL=0.0, realizedPNL=-2610.58, account='DU1899929')
2026-03-03 12:14:00 [INFO] updatePortfolio: PortfolioItem(contract=Future(conId=304037436, symbol='CL', lastTradeDateOrContractMonth='20260320', right='0', multiplier='1000', primaryExchange='NYMEX', currency='USD', localSymbol='CLJ6', tradingClass='CL'), position=0.0, marketPrice=73.30000305, marketValue=0.0, averageCost=0.0, unrealizedPNL=0.0, realizedPNL=-2610.58, account='DU1899929')
2026-03-03 12:17:00 [INFO] updatePortfolio: PortfolioItem(contract=Future(conId=304037436, symbol='CL', lastTradeDateOrContractMonth='20260320', right='0', multiplier='1000', primaryExchange='NYMEX', currency='USD', localSymbol='CLJ6', tradingClass='CL'), position=0.0, marketPrice=73.41000365, marketValue=0.0, averageCost=0.0, unrealizedPNL=0.0, realizedPNL=-2610.58, account='DU1899929')
2026-03-03 12:20:00 [INFO] updatePortfolio: PortfolioItem(contract=Future(conId=304037436, symbol='CL', lastTradeDateOrContractMonth='20260320', right='0', multiplier='1000', primaryExchange='NYMEX', currency='USD', localSymbol='CLJ6', tradingClass='CL'), position=0.0, marketPrice=73.41000365, marketValue=0.0, averageCost=0.0, unrealizedPNL=0.0, realizedPNL=-2610.58, account='DU1899929')
2026-03-03 12:23:00 [INFO] updatePortfolio: PortfolioItem(contract=Future(conId=304037436, symbol='CL', lastTradeDateOrContractMonth='20260320', right='0', multiplier='1000', primaryExchange='NYMEX', currency='USD', localSymbol='CLJ6', tradingClass='CL'), position=0.0, marketPrice=73.41000365, marketValue=0.0, averageCost=0.0, unrealizedPNL=0.0, realizedPNL=-2610.58, account='DU1899929')
2026-03-03 12:26:00 [INFO] updatePortfolio: PortfolioItem(contract=Future(conId=304037436, symbol='CL', lastTradeDateOrContractMonth='20260320', right='0', multiplier='1000', primaryExchange='NYMEX', currency='USD', localSymbol='CLJ6', tradingClass='CL'), position=0.0, marketPrice=73.1800003, marketValue=0.0, averageCost=0.0, unrealizedPNL=0.0, realizedPNL=-2610.58, account='DU1899929')
2026-03-03 12:29:00 [INFO] updatePortfolio: PortfolioItem(contract=Future(conId=304037436, symbol='CL', lastTradeDateOrContractMonth='20260320', right='0', multiplier='1000', primaryExchange='NYMEX', currency='USD', localSymbol='CLJ6', tradingClass='CL'), position=0.0, marketPrice=73.4599991, marketValue=0.0, averageCost=0.0, unrealizedPNL=0.0, realizedPNL=-2610.58, account='DU1899929')
2026-03-03 12:32:00 [INFO] updatePortfolio: PortfolioItem(contract=Future(conId=304037436, symbol='CL', lastTradeDateOrContractMonth='20260320', right='0', multiplier='1000', primaryExchange='NYMEX', currency='USD', localSymbol='CLJ6', tradingClass='CL'), position=0.0, marketPrice=73.58999635, marketValue=0.0, averageCost=0.0, unrealizedPNL=0.0, realizedPNL=-2610.58, account='DU1899929')
2026-03-03 12:35:00 [INFO] updatePortfolio: PortfolioItem(contract=Future(conId=304037436, symbol='CL', lastTradeDateOrContractMonth='20260320', right='0', multiplier='1000', primaryExchange='NYMEX', currency='USD', localSymbol='CLJ6', tradingClass='CL'), position=0.0, marketPrice=73.76999665, marketValue=0.0, averageCost=0.0, unrealizedPNL=0.0, realizedPNL=-2610.58, account='DU1899929')
2026-03-03 12:38:00 [INFO] updatePortfolio: PortfolioItem(contract=Future(conId=304037436, symbol='CL', lastTradeDateOrContractMonth='20260320', right='0', multiplier='1000', primaryExchange='NYMEX', currency='USD', localSymbol='CLJ6', tradingClass='CL'), position=0.0, marketPrice=73.8129349, marketValue=0.0, averageCost=0.0, unrealizedPNL=0.0, realizedPNL=-2610.58, account='DU1899929')
2026-03-03 12:41:00 [INFO] updatePortfolio: PortfolioItem(contract=Future(conId=304037436, symbol='CL', lastTradeDateOrContractMonth='20260320', right='0', multiplier='1000', primaryExchange='NYMEX', currency='USD', localSymbol='CLJ6', tradingClass='CL'), position=0.0, marketPrice=73.84999845, marketValue=0.0, averageCost=0.0, unrealizedPNL=0.0, realizedPNL=-2610.58, account='DU1899929')
2026-03-03 12:44:00 [INFO] updatePortfolio: PortfolioItem(contract=Future(conId=304037436, symbol='CL', lastTradeDateOrContractMonth='20260320', right='0', multiplier='1000', primaryExchange='NYMEX', currency='USD', localSymbol='CLJ6', tradingClass='CL'), position=0.0, marketPrice=73.7799988, marketValue=0.0, averageCost=0.0, unrealizedPNL=0.0, realizedPNL=-2610.58, account='DU1899929')
2026-03-03 12:47:00 [INFO] updatePortfolio: PortfolioItem(contract=Future(conId=304037436, symbol='CL', lastTradeDateOrContractMonth='20260320', right='0', multiplier='1000', primaryExchange='NYMEX', currency='USD', localSymbol='CLJ6', tradingClass='CL'), position=0.0, marketPrice=73.76999665, marketValue=0.0, averageCost=0.0, unrealizedPNL=0.0, realizedPNL=-2610.58, account='DU1899929')
2026-03-03 12:50:00 [INFO] updatePortfolio: PortfolioItem(contract=Future(conId=304037436, symbol='CL', lastTradeDateOrContractMonth='20260320', right='0', multiplier='1000', primaryExchange='NYMEX', currency='USD', localSymbol='CLJ6', tradingClass='CL'), position=0.0, marketPrice=73.86468505, marketValue=0.0, averageCost=0.0, unrealizedPNL=0.0, realizedPNL=-2610.58, account='DU1899929')
2026-03-03 12:53:00 [INFO] updatePortfolio: PortfolioItem(contract=Future(conId=304037436, symbol='CL', lastTradeDateOrContractMonth='20260320', right='0', multiplier='1000', primaryExchange='NYMEX', currency='USD', localSymbol='CLJ6', tradingClass='CL'), position=0.0, marketPrice=73.75, marketValue=0.0, averageCost=0.0, unrealizedPNL=0.0, realizedPNL=-2610.58, account='DU1899929')
2026-03-03 12:56:00 [INFO] updatePortfolio: PortfolioItem(contract=Future(conId=304037436, symbol='CL', lastTradeDateOrContractMonth='20260320', right='0', multiplier='1000', primaryExchange='NYMEX', currency='USD', localSymbol='CLJ6', tradingClass='CL'), position=0.0, marketPrice=73.94000245, marketValue=0.0, averageCost=0.0, unrealizedPNL=0.0, realizedPNL=-2610.58, account='DU1899929')
2026-03-03 12:59:00 [INFO] updatePortfolio: PortfolioItem(contract=Future(conId=304037436, symbol='CL', lastTradeDateOrContractMonth='20260320', right='0', multiplier='1000', primaryExchange='NYMEX', currency='USD', localSymbol='CLJ6', tradingClass='CL'), position=0.0, marketPrice=74.12999725, marketValue=0.0, averageCost=0.0, unrealizedPNL=0.0, realizedPNL=-2610.58, account='DU1899929')
2026-03-03 13:02:00 [INFO] updatePortfolio: PortfolioItem(contract=Future(conId=304037436, symbol='CL', lastTradeDateOrContractMonth='20260320', right='0', multiplier='1000', primaryExchange='NYMEX', currency='USD', localSymbol='CLJ6', tradingClass='CL'), position=0.0, marketPrice=74.13292695, marketValue=0.0, averageCost=0.0, unrealizedPNL=0.0, realizedPNL=-2610.58, account='DU1899929')
2026-03-03 13:05:00 [INFO] updatePortfolio: PortfolioItem(contract=Future(conId=304037436, symbol='CL', lastTradeDateOrContractMonth='20260320', right='0', multiplier='1000', primaryExchange='NYMEX', currency='USD', localSymbol='CLJ6', tradingClass='CL'), position=0.0, marketPrice=74.2099991, marketValue=0.0, averageCost=0.0, unrealizedPNL=0.0, realizedPNL=-2610.58, account='DU1899929')
2026-03-03 13:08:00 [INFO] updatePortfolio: PortfolioItem(contract=Future(conId=304037436, symbol='CL', lastTradeDateOrContractMonth='20260320', right='0', multiplier='1000', primaryExchange='NYMEX', currency='USD', localSymbol='CLJ6', tradingClass='CL'), position=0.0, marketPrice=74.23000335, marketValue=0.0, averageCost=0.0, unrealizedPNL=0.0, realizedPNL=-2610.58, account='DU1899929')
2026-03-03 13:11:00 [INFO] updatePortfolio: PortfolioItem(contract=Future(conId=304037436, symbol='CL', lastTradeDateOrContractMonth='20260320', right='0', multiplier='1000', primaryExchange='NYMEX', currency='USD', localSymbol='CLJ6', tradingClass='CL'), position=0.0, marketPrice=74.58096315, marketValue=0.0, averageCost=0.0, unrealizedPNL=0.0, realizedPNL=-2610.58, account='DU1899929')
2026-03-03 13:14:00 [INFO] updatePortfolio: PortfolioItem(contract=Future(conId=304037436, symbol='CL', lastTradeDateOrContractMonth='20260320', right='0', multiplier='1000', primaryExchange='NYMEX', currency='USD', localSymbol='CLJ6', tradingClass='CL'), position=0.0, marketPrice=74.73999785, marketValue=0.0, averageCost=0.0, unrealizedPNL=0.0, realizedPNL=-2610.58, account='DU1899929')
2026-03-03 13:15:25 [INFO] updatePortfolio: PortfolioItem(contract=Future(conId=304037436, symbol='CL', lastTradeDateOrContractMonth='20260320', right='0', multiplier='1000', primaryExchange='NYMEX', currency='USD', localSymbol='CLJ6', tradingClass='CL'), position=0.0, marketPrice=74.58999635, marketValue=0.0, averageCost=0.0, unrealizedPNL=0.0, realizedPNL=-2610.58, account='DU1899929')
2026-03-03 13:20:00 [INFO] updatePortfolio: PortfolioItem(contract=Future(conId=304037436, symbol='CL', lastTradeDateOrContractMonth='20260320', right='0', multiplier='1000', primaryExchange='NYMEX', currency='USD', localSymbol='CLJ6', tradingClass='CL'), position=0.0, marketPrice=74.5699997, marketValue=0.0, averageCost=0.0, unrealizedPNL=0.0, realizedPNL=-2610.58, account='DU1899929')
2026-03-03 13:23:00 [INFO] updatePortfolio: PortfolioItem(contract=Future(conId=304037436, symbol='CL', lastTradeDateOrContractMonth='20260320', right='0', multiplier='1000', primaryExchange='NYMEX', currency='USD', localSymbol='CLJ6', tradingClass='CL'), position=0.0, marketPrice=74.48999785, marketValue=0.0, averageCost=0.0, unrealizedPNL=0.0, realizedPNL=-2610.58, account='DU1899929')
2026-03-03 13:26:00 [INFO] updatePortfolio: PortfolioItem(contract=Future(conId=304037436, symbol='CL', lastTradeDateOrContractMonth='20260320', right='0', multiplier='1000', primaryExchange='NYMEX', currency='USD', localSymbol='CLJ6', tradingClass='CL'), position=0.0, marketPrice=74.55000305, marketValue=0.0, averageCost=0.0, unrealizedPNL=0.0, realizedPNL=-2610.58, account='DU1899929')
2026-03-03 13:29:00 [INFO] updatePortfolio: PortfolioItem(contract=Future(conId=304037436, symbol='CL', lastTradeDateOrContractMonth='20260320', right='0', multiplier='1000', primaryExchange='NYMEX', currency='USD', localSymbol='CLJ6', tradingClass='CL'), position=0.0, marketPrice=74.62999725, marketValue=0.0, averageCost=0.0, unrealizedPNL=0.0, realizedPNL=-2610.58, account='DU1899929')
2026-03-03 13:32:00 [INFO] updatePortfolio: PortfolioItem(contract=Future(conId=304037436, symbol='CL', lastTradeDateOrContractMonth='20260320', right='0', multiplier='1000', primaryExchange='NYMEX', currency='USD', localSymbol='CLJ6', tradingClass='CL'), position=0.0, marketPrice=74.62000275, marketValue=0.0, averageCost=0.0, unrealizedPNL=0.0, realizedPNL=-2610.58, account='DU1899929')
2026-03-03 13:35:00 [INFO] updatePortfolio: PortfolioItem(contract=Future(conId=304037436, symbol='CL', lastTradeDateOrContractMonth='20260320', right='0', multiplier='1000', primaryExchange='NYMEX', currency='USD', localSymbol='CLJ6', tradingClass='CL'), position=0.0, marketPrice=74.69000245, marketValue=0.0, averageCost=0.0, unrealizedPNL=0.0, realizedPNL=-2610.58, account='DU1899929')
2026-03-03 13:41:00 [INFO] updatePortfolio: PortfolioItem(contract=Future(conId=304037436, symbol='CL', lastTradeDateOrContractMonth='20260320', right='0', multiplier='1000', primaryExchange='NYMEX', currency='USD', localSymbol='CLJ6', tradingClass='CL'), position=0.0, marketPrice=74.73999785, marketValue=0.0, averageCost=0.0, unrealizedPNL=0.0, realizedPNL=-2610.58, account='DU1899929')
2026-03-03 13:44:00 [INFO] updatePortfolio: PortfolioItem(contract=Future(conId=304037436, symbol='CL', lastTradeDateOrContractMonth='20260320', right='0', multiplier='1000', primaryExchange='NYMEX', currency='USD', localSymbol='CLJ6', tradingClass='CL'), position=0.0, marketPrice=74.6800003, marketValue=0.0, averageCost=0.0, unrealizedPNL=0.0, realizedPNL=-2610.58, account='DU1899929')
2026-03-03 13:47:00 [INFO] updatePortfolio: PortfolioItem(contract=Future(conId=304037436, symbol='CL', lastTradeDateOrContractMonth='20260320', right='0', multiplier='1000', primaryExchange='NYMEX', currency='USD', localSymbol='CLJ6', tradingClass='CL'), position=0.0, marketPrice=74.9700012, marketValue=0.0, averageCost=0.0, unrealizedPNL=0.0, realizedPNL=-2610.58, account='DU1899929')
2026-03-03 13:50:00 [INFO] updatePortfolio: PortfolioItem(contract=Future(conId=304037436, symbol='CL', lastTradeDateOrContractMonth='20260320', right='0', multiplier='1000', primaryExchange='NYMEX', currency='USD', localSymbol='CLJ6', tradingClass='CL'), position=0.0, marketPrice=75.08000185, marketValue=0.0, averageCost=0.0, unrealizedPNL=0.0, realizedPNL=-2610.58, account='DU1899929')
2026-03-03 13:53:00 [INFO] updatePortfolio: PortfolioItem(contract=Future(conId=304037436, symbol='CL', lastTradeDateOrContractMonth='20260320', right='0', multiplier='1000', primaryExchange='NYMEX', currency='USD', localSymbol='CLJ6', tradingClass='CL'), position=0.0, marketPrice=74.98000335, marketValue=0.0, averageCost=0.0, unrealizedPNL=0.0, realizedPNL=-2610.58, account='DU1899929')
2026-03-03 13:56:00 [INFO] updatePortfolio: PortfolioItem(contract=Future(conId=304037436, symbol='CL', lastTradeDateOrContractMonth='20260320', right='0', multiplier='1000', primaryExchange='NYMEX', currency='USD', localSymbol='CLJ6', tradingClass='CL'), position=0.0, marketPrice=74.94000245, marketValue=0.0, averageCost=0.0, unrealizedPNL=0.0, realizedPNL=-2610.58, account='DU1899929')
2026-03-03 13:59:00 [INFO] updatePortfolio: PortfolioItem(contract=Future(conId=304037436, symbol='CL', lastTradeDateOrContractMonth='20260320', right='0', multiplier='1000', primaryExchange='NYMEX', currency='USD', localSymbol='CLJ6', tradingClass='CL'), position=0.0, marketPrice=74.83000185, marketValue=0.0, averageCost=0.0, unrealizedPNL=0.0, realizedPNL=-2610.58, account='DU1899929')
2026-03-03 14:02:00 [INFO] updatePortfolio: PortfolioItem(contract=Future(conId=304037436, symbol='CL', lastTradeDateOrContractMonth='20260320', right='0', multiplier='1000', primaryExchange='NYMEX', currency='USD', localSymbol='CLJ6', tradingClass='CL'), position=0.0, marketPrice=74.83000185, marketValue=0.0, averageCost=0.0, unrealizedPNL=0.0, realizedPNL=-2610.58, account='DU1899929')
2026-03-03 14:04:03 [INFO] Warning 2103, reqId -1: Market data farm connection is broken:cashfarm
2026-03-03 14:04:05 [INFO] Warning 2103, reqId -1: Market data farm connection is broken:cashfarm
2026-03-03 14:04:09 [INFO] Warning 2103, reqId -1: Market data farm connection is broken:cashfarm
2026-03-03 14:04:21 [INFO] Warning 2104, reqId -1: Market data farm connection is OK:cashfarm
2026-03-03 14:04:21 [INFO] CONNECTIVITY RESTORED (code 2104) — resubscribing...
2026-03-03 14:04:21 [INFO] Backfilling gap: 2026-03-03 16:35:00 → 2026-03-03 22:04:21.780604 (329.4 minutes)
2026-03-03 14:04:21 [ERROR] Gap backfill failed — continuing without
Traceback (most recent call last):
  File "C:\Users\bwang\Documents\GitHub\CL_Analyst\src\live_execution\live_trader.py", line 954, in _resubscribe_and_backfill
    if self._last_bar_time is not None:
TypeError: IBKRConnectionManager.fetch_historical_bars_by_duration() got an unexpected keyword argument 'contract'
2026-03-03 14:04:21 [INFO] Subscribing to live 5-min bars (Brain stream)...
2026-03-03 14:04:21 [ERROR] Resubscription failed — will retry on next reconnect
Traceback (most recent call last):
  File "C:\Users\bwang\Documents\GitHub\CL_Analyst\src\live_execution\live_trader.py", line 993, in _resubscribe_and_backfill
    "Backfilled %d bars, latest=%s",
  File "C:\Users\bwang\Documents\GitHub\CL_Analyst\src\live_execution\live_trader.py", line 889, in _subscribe
    log.info("Subscribing to live 5-min bars (Brain stream)...")
  File "C:\Users\bwang\Documents\GitHub\CL_Analyst\src\live_execution\ibkr_client.py", line 523, in subscribe_live_bars
    bars = self.ib.reqHistoricalData(
  File "C:\Users\bwang\anaconda3\envs\trader\lib\site-packages\ib_insync\ib.py", line 1070, in reqHistoricalData
    return self._run(
  File "C:\Users\bwang\anaconda3\envs\trader\lib\site-packages\ib_insync\ib.py", line 318, in _run
    return util.run(*awaitables, timeout=self.RequestTimeout)
  File "C:\Users\bwang\anaconda3\envs\trader\lib\site-packages\ib_insync\util.py", line 341, in run
    result = loop.run_until_complete(task)
  File "C:\Users\bwang\anaconda3\envs\trader\lib\asyncio\base_events.py", line 625, in run_until_complete
    self._check_running()
  File "C:\Users\bwang\anaconda3\envs\trader\lib\asyncio\base_events.py", line 584, in _check_running
    raise RuntimeError('This event loop is already running')
RuntimeError: This event loop is already running
2026-03-03 14:04:21 [ERROR] Error 366, reqId 6: No historical data query found for ticker id:6
2026-03-03 14:04:21 [ERROR] Error 366, reqId 7: No historical data query found for ticker id:7
2026-03-03 14:09:03 [INFO] Warning 2103, reqId -1: Market data farm connection is broken:cashfarm
2026-03-03 14:09:05 [INFO] Warning 2103, reqId -1: Market data farm connection is broken:cashfarm
2026-03-03 14:09:06 [INFO] Warning 2103, reqId -1: Market data farm connection is broken:cashfarm
2026-03-03 14:09:19 [INFO] Warning 2104, reqId -1: Market data farm connection is OK:cashfarm
2026-03-03 14:09:19 [INFO] CONNECTIVITY RESTORED (code 2104) — resubscribing...
2026-03-03 14:09:19 [INFO] Backfilling gap: 2026-03-03 16:35:00 → 2026-03-03 22:09:19.282952 (334.3 minutes)
2026-03-03 14:09:19 [ERROR] Gap backfill failed — continuing without
Traceback (most recent call last):
  File "C:\Users\bwang\Documents\GitHub\CL_Analyst\src\live_execution\live_trader.py", line 954, in _resubscribe_and_backfill
    if self._last_bar_time is not None:
TypeError: IBKRConnectionManager.fetch_historical_bars_by_duration() got an unexpected keyword argument 'contract'
2026-03-03 14:09:19 [INFO] Subscribing to live 5-min bars (Brain stream)...
2026-03-03 14:09:19 [ERROR] Resubscription failed — will retry on next reconnect
Traceback (most recent call last):
  File "C:\Users\bwang\Documents\GitHub\CL_Analyst\src\live_execution\live_trader.py", line 993, in _resubscribe_and_backfill
    "Backfilled %d bars, latest=%s",
  File "C:\Users\bwang\Documents\GitHub\CL_Analyst\src\live_execution\live_trader.py", line 889, in _subscribe
    log.info("Subscribing to live 5-min bars (Brain stream)...")
  File "C:\Users\bwang\Documents\GitHub\CL_Analyst\src\live_execution\ibkr_client.py", line 523, in subscribe_live_bars
    bars = self.ib.reqHistoricalData(
  File "C:\Users\bwang\anaconda3\envs\trader\lib\site-packages\ib_insync\ib.py", line 1070, in reqHistoricalData
    return self._run(
  File "C:\Users\bwang\anaconda3\envs\trader\lib\site-packages\ib_insync\ib.py", line 318, in _run
    return util.run(*awaitables, timeout=self.RequestTimeout)
  File "C:\Users\bwang\anaconda3\envs\trader\lib\site-packages\ib_insync\util.py", line 341, in run
    result = loop.run_until_complete(task)
  File "C:\Users\bwang\anaconda3\envs\trader\lib\asyncio\base_events.py", line 625, in run_until_complete
    self._check_running()
  File "C:\Users\bwang\anaconda3\envs\trader\lib\asyncio\base_events.py", line 584, in _check_running
    raise RuntimeError('This event loop is already running')
RuntimeError: This event loop is already running
2026-03-03 14:09:19 [ERROR] Error 366, reqId 6: No historical data query found for ticker id:6
2026-03-03 14:09:19 [ERROR] Error 366, reqId 7: No historical data query found for ticker id:7
2026-03-03 14:30:01 [ERROR] Peer closed connection.
2026-03-03 14:30:01 [ERROR] Connection lost: Socket disconnect — attempting reconnect...
2026-03-03 14:30:01 [INFO] Reconnect attempt 1/50 (waiting 5s)...
2026-03-03 14:30:06 [INFO] Attempting IBKR connection on 127.0.0.1:7497 (clientId=10) ...
2026-03-03 14:30:06 [INFO] Connecting to 127.0.0.1:7497 with clientId 10...
2026-03-03 14:30:08 [INFO] Disconnecting
2026-03-03 14:30:08 [ERROR] API connection failed: ConnectionRefusedError(22, 'The remote computer refused the network connection', None, 1225, None)
2026-03-03 14:30:08 [ERROR] Make sure API port on TWS/IBG is open
2026-03-03 14:30:08 [WARNING] Connection failed on port 7497: [WinError 1225] The remote computer refused the network connection
2026-03-03 14:30:08 [WARNING] Reconnect attempt 1 failed: Could not connect to IBKR on any port [7497]: [WinError 1225] The remote computer refused the network connection
2026-03-03 14:30:08 [INFO] Reconnect attempt 2/50 (waiting 10s)...
2026-03-03 14:30:18 [INFO] Attempting IBKR connection on 127.0.0.1:7497 (clientId=10) ...
2026-03-03 14:30:18 [INFO] Connecting to 127.0.0.1:7497 with clientId 10...
2026-03-03 14:30:20 [INFO] Disconnecting
2026-03-03 14:30:20 [ERROR] API connection failed: ConnectionRefusedError(22, 'The remote computer refused the network connection', None, 1225, None)
2026-03-03 14:30:20 [ERROR] Make sure API port on TWS/IBG is open
2026-03-03 14:30:20 [WARNING] Connection failed on port 7497: [WinError 1225] The remote computer refused the network connection
2026-03-03 14:30:20 [WARNING] Reconnect attempt 2 failed: Could not connect to IBKR on any port [7497]: [WinError 1225] The remote computer refused the network connection
2026-03-03 14:30:20 [INFO] Reconnect attempt 3/50 (waiting 20s)...
2026-03-03 14:30:40 [INFO] Attempting IBKR connection on 127.0.0.1:7497 (clientId=10) ...
2026-03-03 14:30:40 [INFO] Connecting to 127.0.0.1:7497 with clientId 10...
2026-03-03 14:30:40 [INFO] Connected
2026-03-03 14:30:44 [INFO] Logged on to server version 176
2026-03-03 14:30:45 [INFO] Disconnecting
2026-03-03 14:30:45 [ERROR] API connection failed: TimeoutError()
2026-03-03 14:30:45 [INFO] Disconnected.
2026-03-03 14:30:45 [WARNING] Connection failed on port 7497: 
2026-03-03 14:30:45 [WARNING] Reconnect attempt 3 failed: Could not connect to IBKR on any port [7497]: 
2026-03-03 14:30:45 [INFO] Reconnect attempt 4/50 (waiting 40s)...
2026-03-03 14:31:25 [INFO] Attempting IBKR connection on 127.0.0.1:7497 (clientId=10) ...
2026-03-03 14:31:25 [INFO] Connecting to 127.0.0.1:7497 with clientId 10...
2026-03-03 14:31:25 [INFO] Connected
2026-03-03 14:31:25 [INFO] Logged on to server version 176
2026-03-03 14:31:25 [INFO] API connection ready
2026-03-03 14:31:25 [INFO] Warning 2104, reqId -1: Market data farm connection is OK:hfarm
2026-03-03 14:31:25 [INFO] CONNECTIVITY RESTORED (code 2104) — resubscribing...
2026-03-03 14:31:25 [INFO] Backfilling gap: 2026-03-03 16:35:00 → 2026-03-03 22:31:25.135472 (356.4 minutes)
2026-03-03 14:31:25 [ERROR] Gap backfill failed — continuing without
Traceback (most recent call last):
  File "C:\Users\bwang\anaconda3\envs\trader\lib\asyncio\tasks.py", line 605, in sleep
    return await future
asyncio.exceptions.CancelledError

During handling of the above exception, another exception occurred:

Traceback (most recent call last):
  File "C:\Users\bwang\anaconda3\envs\trader\lib\site-packages\ib_insync\util.py", line 341, in run
    result = loop.run_until_complete(task)
  File "C:\Users\bwang\anaconda3\envs\trader\lib\asyncio\base_events.py", line 649, in run_until_complete
    return future.result()
asyncio.exceptions.CancelledError

During handling of the above exception, another exception occurred:

Traceback (most recent call last):
  File "C:\Users\bwang\Documents\GitHub\CL_Analyst\src\live_execution\live_trader.py", line 1499, in _event_loop
    self._resubscribe_and_backfill()
  File "C:\Users\bwang\anaconda3\envs\trader\lib\site-packages\ib_insync\util.py", line 386, in sleep
    run(asyncio.sleep(secs))
  File "C:\Users\bwang\anaconda3\envs\trader\lib\site-packages\ib_insync\util.py", line 343, in run
    raise globalErrorEvent.value() or e
ConnectionError: Socket disconnect

During handling of the above exception, another exception occurred:

Traceback (most recent call last):
  File "C:\Users\bwang\Documents\GitHub\CL_Analyst\src\live_execution\live_trader.py", line 954, in _resubscribe_and_backfill
    if self._last_bar_time is not None:
TypeError: IBKRConnectionManager.fetch_historical_bars_by_duration() got an unexpected keyword argument 'contract'
2026-03-03 14:31:25 [INFO] Subscribing to live 5-min bars (Brain stream)...
2026-03-03 14:31:25 [ERROR] Resubscription failed — will retry on next reconnect
Traceback (most recent call last):
  File "C:\Users\bwang\anaconda3\envs\trader\lib\asyncio\tasks.py", line 605, in sleep
    return await future
asyncio.exceptions.CancelledError

During handling of the above exception, another exception occurred:

Traceback (most recent call last):
  File "C:\Users\bwang\anaconda3\envs\trader\lib\site-packages\ib_insync\util.py", line 341, in run
    result = loop.run_until_complete(task)
  File "C:\Users\bwang\anaconda3\envs\trader\lib\asyncio\base_events.py", line 649, in run_until_complete
    return future.result()
asyncio.exceptions.CancelledError

During handling of the above exception, another exception occurred:

Traceback (most recent call last):
  File "C:\Users\bwang\Documents\GitHub\CL_Analyst\src\live_execution\live_trader.py", line 1499, in _event_loop
    self._resubscribe_and_backfill()
  File "C:\Users\bwang\anaconda3\envs\trader\lib\site-packages\ib_insync\util.py", line 386, in sleep
    run(asyncio.sleep(secs))
  File "C:\Users\bwang\anaconda3\envs\trader\lib\site-packages\ib_insync\util.py", line 343, in run
    raise globalErrorEvent.value() or e
ConnectionError: Socket disconnect

During handling of the above exception, another exception occurred:

Traceback (most recent call last):
  File "C:\Users\bwang\Documents\GitHub\CL_Analyst\src\live_execution\live_trader.py", line 993, in _resubscribe_and_backfill
    "Backfilled %d bars, latest=%s",
  File "C:\Users\bwang\Documents\GitHub\CL_Analyst\src\live_execution\live_trader.py", line 889, in _subscribe
    log.info("Subscribing to live 5-min bars (Brain stream)...")
  File "C:\Users\bwang\Documents\GitHub\CL_Analyst\src\live_execution\ibkr_client.py", line 523, in subscribe_live_bars
    bars = self.ib.reqHistoricalData(
  File "C:\Users\bwang\anaconda3\envs\trader\lib\site-packages\ib_insync\ib.py", line 1070, in reqHistoricalData
    return self._run(
  File "C:\Users\bwang\anaconda3\envs\trader\lib\site-packages\ib_insync\ib.py", line 318, in _run
    return util.run(*awaitables, timeout=self.RequestTimeout)
  File "C:\Users\bwang\anaconda3\envs\trader\lib\site-packages\ib_insync\util.py", line 341, in run
    result = loop.run_until_complete(task)
  File "C:\Users\bwang\anaconda3\envs\trader\lib\asyncio\base_events.py", line 625, in run_until_complete
    self._check_running()
  File "C:\Users\bwang\anaconda3\envs\trader\lib\asyncio\base_events.py", line 584, in _check_running
    raise RuntimeError('This event loop is already running')
RuntimeError: This event loop is already running
2026-03-03 14:31:25 [INFO] Warning 2104, reqId -1: Market data farm connection is OK:eufarmnj
2026-03-03 14:31:25 [INFO] CONNECTIVITY RESTORED (code 2104) — resubscribing...
2026-03-03 14:31:25 [INFO] Backfilling gap: 2026-03-03 16:35:00 → 2026-03-03 22:31:25.150002 (356.4 minutes)
2026-03-03 14:31:25 [ERROR] Gap backfill failed — continuing without
Traceback (most recent call last):
  File "C:\Users\bwang\anaconda3\envs\trader\lib\asyncio\tasks.py", line 605, in sleep
    return await future
asyncio.exceptions.CancelledError

During handling of the above exception, another exception occurred:

Traceback (most recent call last):
  File "C:\Users\bwang\anaconda3\envs\trader\lib\site-packages\ib_insync\util.py", line 341, in run
    result = loop.run_until_complete(task)
  File "C:\Users\bwang\anaconda3\envs\trader\lib\asyncio\base_events.py", line 649, in run_until_complete
    return future.result()
asyncio.exceptions.CancelledError

During handling of the above exception, another exception occurred:

Traceback (most recent call last):
  File "C:\Users\bwang\Documents\GitHub\CL_Analyst\src\live_execution\live_trader.py", line 1499, in _event_loop
    self._resubscribe_and_backfill()
  File "C:\Users\bwang\anaconda3\envs\trader\lib\site-packages\ib_insync\util.py", line 386, in sleep
    run(asyncio.sleep(secs))
  File "C:\Users\bwang\anaconda3\envs\trader\lib\site-packages\ib_insync\util.py", line 343, in run
    raise globalErrorEvent.value() or e
ConnectionError: Socket disconnect

During handling of the above exception, another exception occurred:

Traceback (most recent call last):
  File "C:\Users\bwang\Documents\GitHub\CL_Analyst\src\live_execution\live_trader.py", line 954, in _resubscribe_and_backfill
    if self._last_bar_time is not None:
TypeError: IBKRConnectionManager.fetch_historical_bars_by_duration() got an unexpected keyword argument 'contract'
2026-03-03 14:31:25 [INFO] Subscribing to live 5-min bars (Brain stream)...
2026-03-03 14:31:25 [ERROR] Resubscription failed — will retry on next reconnect
Traceback (most recent call last):
  File "C:\Users\bwang\anaconda3\envs\trader\lib\asyncio\tasks.py", line 605, in sleep
    return await future
asyncio.exceptions.CancelledError

During handling of the above exception, another exception occurred:

Traceback (most recent call last):
  File "C:\Users\bwang\anaconda3\envs\trader\lib\site-packages\ib_insync\util.py", line 341, in run
    result = loop.run_until_complete(task)
  File "C:\Users\bwang\anaconda3\envs\trader\lib\asyncio\base_events.py", line 649, in run_until_complete
    return future.result()
asyncio.exceptions.CancelledError

During handling of the above exception, another exception occurred:

Traceback (most recent call last):
  File "C:\Users\bwang\Documents\GitHub\CL_Analyst\src\live_execution\live_trader.py", line 1499, in _event_loop
    self._resubscribe_and_backfill()
  File "C:\Users\bwang\anaconda3\envs\trader\lib\site-packages\ib_insync\util.py", line 386, in sleep
    run(asyncio.sleep(secs))
  File "C:\Users\bwang\anaconda3\envs\trader\lib\site-packages\ib_insync\util.py", line 343, in run
    raise globalErrorEvent.value() or e
ConnectionError: Socket disconnect

During handling of the above exception, another exception occurred:

Traceback (most recent call last):
  File "C:\Users\bwang\Documents\GitHub\CL_Analyst\src\live_execution\live_trader.py", line 993, in _resubscribe_and_backfill
    "Backfilled %d bars, latest=%s",
  File "C:\Users\bwang\Documents\GitHub\CL_Analyst\src\live_execution\live_trader.py", line 889, in _subscribe
    log.info("Subscribing to live 5-min bars (Brain stream)...")
  File "C:\Users\bwang\Documents\GitHub\CL_Analyst\src\live_execution\ibkr_client.py", line 523, in subscribe_live_bars
    bars = self.ib.reqHistoricalData(
  File "C:\Users\bwang\anaconda3\envs\trader\lib\site-packages\ib_insync\ib.py", line 1070, in reqHistoricalData
    return self._run(
  File "C:\Users\bwang\anaconda3\envs\trader\lib\site-packages\ib_insync\ib.py", line 318, in _run
    return util.run(*awaitables, timeout=self.RequestTimeout)
  File "C:\Users\bwang\anaconda3\envs\trader\lib\site-packages\ib_insync\util.py", line 341, in run
    result = loop.run_until_complete(task)
  File "C:\Users\bwang\anaconda3\envs\trader\lib\asyncio\base_events.py", line 625, in run_until_complete
    self._check_running()
  File "C:\Users\bwang\anaconda3\envs\trader\lib\asyncio\base_events.py", line 584, in _check_running
    raise RuntimeError('This event loop is already running')
RuntimeError: This event loop is already running
2026-03-03 14:31:25 [INFO] Warning 2104, reqId -1: Market data farm connection is OK:cashfarm
2026-03-03 14:31:25 [INFO] CONNECTIVITY RESTORED (code 2104) — resubscribing...
2026-03-03 14:31:25 [INFO] Backfilling gap: 2026-03-03 16:35:00 → 2026-03-03 22:31:25.151507 (356.4 minutes)
2026-03-03 14:31:25 [ERROR] Gap backfill failed — continuing without
Traceback (most recent call last):
  File "C:\Users\bwang\anaconda3\envs\trader\lib\asyncio\tasks.py", line 605, in sleep
    return await future
asyncio.exceptions.CancelledError

During handling of the above exception, another exception occurred:

Traceback (most recent call last):
  File "C:\Users\bwang\anaconda3\envs\trader\lib\site-packages\ib_insync\util.py", line 341, in run
    result = loop.run_until_complete(task)
  File "C:\Users\bwang\anaconda3\envs\trader\lib\asyncio\base_events.py", line 649, in run_until_complete
    return future.result()
asyncio.exceptions.CancelledError

During handling of the above exception, another exception occurred:

Traceback (most recent call last):
  File "C:\Users\bwang\Documents\GitHub\CL_Analyst\src\live_execution\live_trader.py", line 1499, in _event_loop
    self._resubscribe_and_backfill()
  File "C:\Users\bwang\anaconda3\envs\trader\lib\site-packages\ib_insync\util.py", line 386, in sleep
    run(asyncio.sleep(secs))
  File "C:\Users\bwang\anaconda3\envs\trader\lib\site-packages\ib_insync\util.py", line 343, in run
    raise globalErrorEvent.value() or e
ConnectionError: Socket disconnect

During handling of the above exception, another exception occurred:

Traceback (most recent call last):
  File "C:\Users\bwang\Documents\GitHub\CL_Analyst\src\live_execution\live_trader.py", line 954, in _resubscribe_and_backfill
    if self._last_bar_time is not None:
TypeError: IBKRConnectionManager.fetch_historical_bars_by_duration() got an unexpected keyword argument 'contract'
2026-03-03 14:31:25 [INFO] Subscribing to live 5-min bars (Brain stream)...
2026-03-03 14:31:25 [ERROR] Resubscription failed — will retry on next reconnect
Traceback (most recent call last):
  File "C:\Users\bwang\anaconda3\envs\trader\lib\asyncio\tasks.py", line 605, in sleep
    return await future
asyncio.exceptions.CancelledError

During handling of the above exception, another exception occurred:

Traceback (most recent call last):
  File "C:\Users\bwang\anaconda3\envs\trader\lib\site-packages\ib_insync\util.py", line 341, in run
    result = loop.run_until_complete(task)
  File "C:\Users\bwang\anaconda3\envs\trader\lib\asyncio\base_events.py", line 649, in run_until_complete
    return future.result()
asyncio.exceptions.CancelledError

During handling of the above exception, another exception occurred:

Traceback (most recent call last):
  File "C:\Users\bwang\Documents\GitHub\CL_Analyst\src\live_execution\live_trader.py", line 1499, in _event_loop
    self._resubscribe_and_backfill()
  File "C:\Users\bwang\anaconda3\envs\trader\lib\site-packages\ib_insync\util.py", line 386, in sleep
    run(asyncio.sleep(secs))
  File "C:\Users\bwang\anaconda3\envs\trader\lib\site-packages\ib_insync\util.py", line 343, in run
    raise globalErrorEvent.value() or e
ConnectionError: Socket disconnect

During handling of the above exception, another exception occurred:

Traceback (most recent call last):
  File "C:\Users\bwang\Documents\GitHub\CL_Analyst\src\live_execution\live_trader.py", line 993, in _resubscribe_and_backfill
    "Backfilled %d bars, latest=%s",
  File "C:\Users\bwang\Documents\GitHub\CL_Analyst\src\live_execution\live_trader.py", line 889, in _subscribe
    log.info("Subscribing to live 5-min bars (Brain stream)...")
  File "C:\Users\bwang\Documents\GitHub\CL_Analyst\src\live_execution\ibkr_client.py", line 523, in subscribe_live_bars
    bars = self.ib.reqHistoricalData(
  File "C:\Users\bwang\anaconda3\envs\trader\lib\site-packages\ib_insync\ib.py", line 1070, in reqHistoricalData
    return self._run(
  File "C:\Users\bwang\anaconda3\envs\trader\lib\site-packages\ib_insync\ib.py", line 318, in _run
    return util.run(*awaitables, timeout=self.RequestTimeout)
  File "C:\Users\bwang\anaconda3\envs\trader\lib\site-packages\ib_insync\util.py", line 341, in run
    result = loop.run_until_complete(task)
  File "C:\Users\bwang\anaconda3\envs\trader\lib\asyncio\base_events.py", line 625, in run_until_complete
    self._check_running()
  File "C:\Users\bwang\anaconda3\envs\trader\lib\asyncio\base_events.py", line 584, in _check_running
    raise RuntimeError('This event loop is already running')
RuntimeError: This event loop is already running
2026-03-03 14:31:25 [INFO] Warning 2104, reqId -1: Market data farm connection is OK:usfuture
2026-03-03 14:31:25 [INFO] CONNECTIVITY RESTORED (code 2104) — resubscribing...
2026-03-03 14:31:25 [INFO] Backfilling gap: 2026-03-03 16:35:00 → 2026-03-03 22:31:25.153008 (356.4 minutes)
2026-03-03 14:31:25 [ERROR] Gap backfill failed — continuing without
Traceback (most recent call last):
  File "C:\Users\bwang\anaconda3\envs\trader\lib\asyncio\tasks.py", line 605, in sleep
    return await future
asyncio.exceptions.CancelledError

During handling of the above exception, another exception occurred:

Traceback (most recent call last):
  File "C:\Users\bwang\anaconda3\envs\trader\lib\site-packages\ib_insync\util.py", line 341, in run
    result = loop.run_until_complete(task)
  File "C:\Users\bwang\anaconda3\envs\trader\lib\asyncio\base_events.py", line 649, in run_until_complete
    return future.result()
asyncio.exceptions.CancelledError

During handling of the above exception, another exception occurred:

Traceback (most recent call last):
  File "C:\Users\bwang\Documents\GitHub\CL_Analyst\src\live_execution\live_trader.py", line 1499, in _event_loop
    self._resubscribe_and_backfill()
  File "C:\Users\bwang\anaconda3\envs\trader\lib\site-packages\ib_insync\util.py", line 386, in sleep
    run(asyncio.sleep(secs))
  File "C:\Users\bwang\anaconda3\envs\trader\lib\site-packages\ib_insync\util.py", line 343, in run
    raise globalErrorEvent.value() or e
ConnectionError: Socket disconnect

During handling of the above exception, another exception occurred:

Traceback (most recent call last):
  File "C:\Users\bwang\Documents\GitHub\CL_Analyst\src\live_execution\live_trader.py", line 954, in _resubscribe_and_backfill
    if self._last_bar_time is not None:
TypeError: IBKRConnectionManager.fetch_historical_bars_by_duration() got an unexpected keyword argument 'contract'
2026-03-03 14:31:25 [INFO] Subscribing to live 5-min bars (Brain stream)...
2026-03-03 14:31:25 [ERROR] Resubscription failed — will retry on next reconnect
Traceback (most recent call last):
  File "C:\Users\bwang\anaconda3\envs\trader\lib\asyncio\tasks.py", line 605, in sleep
    return await future
asyncio.exceptions.CancelledError

During handling of the above exception, another exception occurred:

Traceback (most recent call last):
  File "C:\Users\bwang\anaconda3\envs\trader\lib\site-packages\ib_insync\util.py", line 341, in run
    result = loop.run_until_complete(task)
  File "C:\Users\bwang\anaconda3\envs\trader\lib\asyncio\base_events.py", line 649, in run_until_complete
    return future.result()
asyncio.exceptions.CancelledError

During handling of the above exception, another exception occurred:

Traceback (most recent call last):
  File "C:\Users\bwang\Documents\GitHub\CL_Analyst\src\live_execution\live_trader.py", line 1499, in _event_loop
    self._resubscribe_and_backfill()
  File "C:\Users\bwang\anaconda3\envs\trader\lib\site-packages\ib_insync\util.py", line 386, in sleep
    run(asyncio.sleep(secs))
  File "C:\Users\bwang\anaconda3\envs\trader\lib\site-packages\ib_insync\util.py", line 343, in run
    raise globalErrorEvent.value() or e
ConnectionError: Socket disconnect

During handling of the above exception, another exception occurred:

Traceback (most recent call last):
  File "C:\Users\bwang\Documents\GitHub\CL_Analyst\src\live_execution\live_trader.py", line 993, in _resubscribe_and_backfill
    "Backfilled %d bars, latest=%s",
  File "C:\Users\bwang\Documents\GitHub\CL_Analyst\src\live_execution\live_trader.py", line 889, in _subscribe
    log.info("Subscribing to live 5-min bars (Brain stream)...")
  File "C:\Users\bwang\Documents\GitHub\CL_Analyst\src\live_execution\ibkr_client.py", line 523, in subscribe_live_bars
    bars = self.ib.reqHistoricalData(
  File "C:\Users\bwang\anaconda3\envs\trader\lib\site-packages\ib_insync\ib.py", line 1070, in reqHistoricalData
    return self._run(
  File "C:\Users\bwang\anaconda3\envs\trader\lib\site-packages\ib_insync\ib.py", line 318, in _run
    return util.run(*awaitables, timeout=self.RequestTimeout)
  File "C:\Users\bwang\anaconda3\envs\trader\lib\site-packages\ib_insync\util.py", line 341, in run
    result = loop.run_until_complete(task)
  File "C:\Users\bwang\anaconda3\envs\trader\lib\asyncio\base_events.py", line 625, in run_until_complete
    self._check_running()
  File "C:\Users\bwang\anaconda3\envs\trader\lib\asyncio\base_events.py", line 584, in _check_running
    raise RuntimeError('This event loop is already running')
RuntimeError: This event loop is already running
2026-03-03 14:31:25 [INFO] Warning 2104, reqId -1: Market data farm connection is OK:usfuture.nj
2026-03-03 14:31:25 [INFO] CONNECTIVITY RESTORED (code 2104) — resubscribing...
2026-03-03 14:31:25 [INFO] Backfilling gap: 2026-03-03 16:35:00 → 2026-03-03 22:31:25.155015 (356.4 minutes)
2026-03-03 14:31:25 [ERROR] Gap backfill failed — continuing without
Traceback (most recent call last):
  File "C:\Users\bwang\anaconda3\envs\trader\lib\asyncio\tasks.py", line 605, in sleep
    return await future
asyncio.exceptions.CancelledError

During handling of the above exception, another exception occurred:

Traceback (most recent call last):
  File "C:\Users\bwang\anaconda3\envs\trader\lib\site-packages\ib_insync\util.py", line 341, in run
    result = loop.run_until_complete(task)
  File "C:\Users\bwang\anaconda3\envs\trader\lib\asyncio\base_events.py", line 649, in run_until_complete
    return future.result()
asyncio.exceptions.CancelledError

During handling of the above exception, another exception occurred:

Traceback (most recent call last):
  File "C:\Users\bwang\Documents\GitHub\CL_Analyst\src\live_execution\live_trader.py", line 1499, in _event_loop
    self._resubscribe_and_backfill()
  File "C:\Users\bwang\anaconda3\envs\trader\lib\site-packages\ib_insync\util.py", line 386, in sleep
    run(asyncio.sleep(secs))
  File "C:\Users\bwang\anaconda3\envs\trader\lib\site-packages\ib_insync\util.py", line 343, in run
    raise globalErrorEvent.value() or e
ConnectionError: Socket disconnect

During handling of the above exception, another exception occurred:

Traceback (most recent call last):
  File "C:\Users\bwang\Documents\GitHub\CL_Analyst\src\live_execution\live_trader.py", line 954, in _resubscribe_and_backfill
    if self._last_bar_time is not None:
TypeError: IBKRConnectionManager.fetch_historical_bars_by_duration() got an unexpected keyword argument 'contract'
2026-03-03 14:31:25 [INFO] Subscribing to live 5-min bars (Brain stream)...
2026-03-03 14:31:25 [ERROR] Resubscription failed — will retry on next reconnect
Traceback (most recent call last):
  File "C:\Users\bwang\anaconda3\envs\trader\lib\asyncio\tasks.py", line 605, in sleep
    return await future
asyncio.exceptions.CancelledError

During handling of the above exception, another exception occurred:

Traceback (most recent call last):
  File "C:\Users\bwang\anaconda3\envs\trader\lib\site-packages\ib_insync\util.py", line 341, in run
    result = loop.run_until_complete(task)
  File "C:\Users\bwang\anaconda3\envs\trader\lib\asyncio\base_events.py", line 649, in run_until_complete
    return future.result()
asyncio.exceptions.CancelledError

During handling of the above exception, another exception occurred:

Traceback (most recent call last):
  File "C:\Users\bwang\Documents\GitHub\CL_Analyst\src\live_execution\live_trader.py", line 1499, in _event_loop
    self._resubscribe_and_backfill()
  File "C:\Users\bwang\anaconda3\envs\trader\lib\site-packages\ib_insync\util.py", line 386, in sleep
    run(asyncio.sleep(secs))
  File "C:\Users\bwang\anaconda3\envs\trader\lib\site-packages\ib_insync\util.py", line 343, in run
    raise globalErrorEvent.value() or e
ConnectionError: Socket disconnect

During handling of the above exception, another exception occurred:

Traceback (most recent call last):
  File "C:\Users\bwang\Documents\GitHub\CL_Analyst\src\live_execution\live_trader.py", line 993, in _resubscribe_and_backfill
    "Backfilled %d bars, latest=%s",
  File "C:\Users\bwang\Documents\GitHub\CL_Analyst\src\live_execution\live_trader.py", line 889, in _subscribe
    log.info("Subscribing to live 5-min bars (Brain stream)...")
  File "C:\Users\bwang\Documents\GitHub\CL_Analyst\src\live_execution\ibkr_client.py", line 523, in subscribe_live_bars
    bars = self.ib.reqHistoricalData(
  File "C:\Users\bwang\anaconda3\envs\trader\lib\site-packages\ib_insync\ib.py", line 1070, in reqHistoricalData
    return self._run(
  File "C:\Users\bwang\anaconda3\envs\trader\lib\site-packages\ib_insync\ib.py", line 318, in _run
    return util.run(*awaitables, timeout=self.RequestTimeout)
  File "C:\Users\bwang\anaconda3\envs\trader\lib\site-packages\ib_insync\util.py", line 341, in run
    result = loop.run_until_complete(task)
  File "C:\Users\bwang\anaconda3\envs\trader\lib\asyncio\base_events.py", line 625, in run_until_complete
    self._check_running()
  File "C:\Users\bwang\anaconda3\envs\trader\lib\asyncio\base_events.py", line 584, in _check_running
    raise RuntimeError('This event loop is already running')
RuntimeError: This event loop is already running
2026-03-03 14:31:25 [INFO] Warning 2104, reqId -1: Market data farm connection is OK:usopt.nj
2026-03-03 14:31:25 [INFO] CONNECTIVITY RESTORED (code 2104) — resubscribing...
2026-03-03 14:31:25 [INFO] Backfilling gap: 2026-03-03 16:35:00 → 2026-03-03 22:31:25.157016 (356.4 minutes)
2026-03-03 14:31:25 [ERROR] Gap backfill failed — continuing without
Traceback (most recent call last):
  File "C:\Users\bwang\anaconda3\envs\trader\lib\asyncio\tasks.py", line 605, in sleep
    return await future
asyncio.exceptions.CancelledError

During handling of the above exception, another exception occurred:

Traceback (most recent call last):
  File "C:\Users\bwang\anaconda3\envs\trader\lib\site-packages\ib_insync\util.py", line 341, in run
    result = loop.run_until_complete(task)
  File "C:\Users\bwang\anaconda3\envs\trader\lib\asyncio\base_events.py", line 649, in run_until_complete
    return future.result()
asyncio.exceptions.CancelledError

During handling of the above exception, another exception occurred:

Traceback (most recent call last):
  File "C:\Users\bwang\Documents\GitHub\CL_Analyst\src\live_execution\live_trader.py", line 1499, in _event_loop
    self._resubscribe_and_backfill()
  File "C:\Users\bwang\anaconda3\envs\trader\lib\site-packages\ib_insync\util.py", line 386, in sleep
    run(asyncio.sleep(secs))
  File "C:\Users\bwang\anaconda3\envs\trader\lib\site-packages\ib_insync\util.py", line 343, in run
    raise globalErrorEvent.value() or e
ConnectionError: Socket disconnect

During handling of the above exception, another exception occurred:

Traceback (most recent call last):
  File "C:\Users\bwang\Documents\GitHub\CL_Analyst\src\live_execution\live_trader.py", line 954, in _resubscribe_and_backfill
    if self._last_bar_time is not None:
TypeError: IBKRConnectionManager.fetch_historical_bars_by_duration() got an unexpected keyword argument 'contract'
2026-03-03 14:31:25 [INFO] Subscribing to live 5-min bars (Brain stream)...
2026-03-03 14:31:25 [ERROR] Resubscription failed — will retry on next reconnect
Traceback (most recent call last):
  File "C:\Users\bwang\anaconda3\envs\trader\lib\asyncio\tasks.py", line 605, in sleep
    return await future
asyncio.exceptions.CancelledError

During handling of the above exception, another exception occurred:

Traceback (most recent call last):
  File "C:\Users\bwang\anaconda3\envs\trader\lib\site-packages\ib_insync\util.py", line 341, in run
    result = loop.run_until_complete(task)
  File "C:\Users\bwang\anaconda3\envs\trader\lib\asyncio\base_events.py", line 649, in run_until_complete
    return future.result()
asyncio.exceptions.CancelledError

During handling of the above exception, another exception occurred:

Traceback (most recent call last):
  File "C:\Users\bwang\Documents\GitHub\CL_Analyst\src\live_execution\live_trader.py", line 1499, in _event_loop
    self._resubscribe_and_backfill()
  File "C:\Users\bwang\anaconda3\envs\trader\lib\site-packages\ib_insync\util.py", line 386, in sleep
    run(asyncio.sleep(secs))
  File "C:\Users\bwang\anaconda3\envs\trader\lib\site-packages\ib_insync\util.py", line 343, in run
    raise globalErrorEvent.value() or e
ConnectionError: Socket disconnect

During handling of the above exception, another exception occurred:

Traceback (most recent call last):
  File "C:\Users\bwang\Documents\GitHub\CL_Analyst\src\live_execution\live_trader.py", line 993, in _resubscribe_and_backfill
    "Backfilled %d bars, latest=%s",
  File "C:\Users\bwang\Documents\GitHub\CL_Analyst\src\live_execution\live_trader.py", line 889, in _subscribe
    log.info("Subscribing to live 5-min bars (Brain stream)...")
  File "C:\Users\bwang\Documents\GitHub\CL_Analyst\src\live_execution\ibkr_client.py", line 523, in subscribe_live_bars
    bars = self.ib.reqHistoricalData(
  File "C:\Users\bwang\anaconda3\envs\trader\lib\site-packages\ib_insync\ib.py", line 1070, in reqHistoricalData
    return self._run(
  File "C:\Users\bwang\anaconda3\envs\trader\lib\site-packages\ib_insync\ib.py", line 318, in _run
    return util.run(*awaitables, timeout=self.RequestTimeout)
  File "C:\Users\bwang\anaconda3\envs\trader\lib\site-packages\ib_insync\util.py", line 341, in run
    result = loop.run_until_complete(task)
  File "C:\Users\bwang\anaconda3\envs\trader\lib\asyncio\base_events.py", line 625, in run_until_complete
    self._check_running()
  File "C:\Users\bwang\anaconda3\envs\trader\lib\asyncio\base_events.py", line 584, in _check_running
    raise RuntimeError('This event loop is already running')
RuntimeError: This event loop is already running
2026-03-03 14:31:25 [INFO] Warning 2104, reqId -1: Market data farm connection is OK:jfarm
2026-03-03 14:31:25 [INFO] CONNECTIVITY RESTORED (code 2104) — resubscribing...
2026-03-03 14:31:25 [INFO] Backfilling gap: 2026-03-03 16:35:00 → 2026-03-03 22:31:25.158322 (356.4 minutes)
2026-03-03 14:31:25 [ERROR] Gap backfill failed — continuing without
Traceback (most recent call last):
  File "C:\Users\bwang\anaconda3\envs\trader\lib\asyncio\tasks.py", line 605, in sleep
    return await future
asyncio.exceptions.CancelledError

During handling of the above exception, another exception occurred:

Traceback (most recent call last):
  File "C:\Users\bwang\anaconda3\envs\trader\lib\site-packages\ib_insync\util.py", line 341, in run
    result = loop.run_until_complete(task)
  File "C:\Users\bwang\anaconda3\envs\trader\lib\asyncio\base_events.py", line 649, in run_until_complete
    return future.result()
asyncio.exceptions.CancelledError

During handling of the above exception, another exception occurred:

Traceback (most recent call last):
  File "C:\Users\bwang\Documents\GitHub\CL_Analyst\src\live_execution\live_trader.py", line 1499, in _event_loop
    self._resubscribe_and_backfill()
  File "C:\Users\bwang\anaconda3\envs\trader\lib\site-packages\ib_insync\util.py", line 386, in sleep
    run(asyncio.sleep(secs))
  File "C:\Users\bwang\anaconda3\envs\trader\lib\site-packages\ib_insync\util.py", line 343, in run
    raise globalErrorEvent.value() or e
ConnectionError: Socket disconnect

During handling of the above exception, another exception occurred:

Traceback (most recent call last):
  File "C:\Users\bwang\Documents\GitHub\CL_Analyst\src\live_execution\live_trader.py", line 954, in _resubscribe_and_backfill
    if self._last_bar_time is not None:
TypeError: IBKRConnectionManager.fetch_historical_bars_by_duration() got an unexpected keyword argument 'contract'
2026-03-03 14:31:25 [INFO] Subscribing to live 5-min bars (Brain stream)...
2026-03-03 14:31:25 [ERROR] Resubscription failed — will retry on next reconnect
Traceback (most recent call last):
  File "C:\Users\bwang\anaconda3\envs\trader\lib\asyncio\tasks.py", line 605, in sleep
    return await future
asyncio.exceptions.CancelledError

During handling of the above exception, another exception occurred:

Traceback (most recent call last):
  File "C:\Users\bwang\anaconda3\envs\trader\lib\site-packages\ib_insync\util.py", line 341, in run
    result = loop.run_until_complete(task)
  File "C:\Users\bwang\anaconda3\envs\trader\lib\asyncio\base_events.py", line 649, in run_until_complete
    return future.result()
asyncio.exceptions.CancelledError

During handling of the above exception, another exception occurred:

Traceback (most recent call last):
  File "C:\Users\bwang\Documents\GitHub\CL_Analyst\src\live_execution\live_trader.py", line 1499, in _event_loop
    self._resubscribe_and_backfill()
  File "C:\Users\bwang\anaconda3\envs\trader\lib\site-packages\ib_insync\util.py", line 386, in sleep
    run(asyncio.sleep(secs))
  File "C:\Users\bwang\anaconda3\envs\trader\lib\site-packages\ib_insync\util.py", line 343, in run
    raise globalErrorEvent.value() or e
ConnectionError: Socket disconnect

During handling of the above exception, another exception occurred:

Traceback (most recent call last):
  File "C:\Users\bwang\Documents\GitHub\CL_Analyst\src\live_execution\live_trader.py", line 993, in _resubscribe_and_backfill
    "Backfilled %d bars, latest=%s",
  File "C:\Users\bwang\Documents\GitHub\CL_Analyst\src\live_execution\live_trader.py", line 889, in _subscribe
    log.info("Subscribing to live 5-min bars (Brain stream)...")
  File "C:\Users\bwang\Documents\GitHub\CL_Analyst\src\live_execution\ibkr_client.py", line 523, in subscribe_live_bars
    bars = self.ib.reqHistoricalData(
  File "C:\Users\bwang\anaconda3\envs\trader\lib\site-packages\ib_insync\ib.py", line 1070, in reqHistoricalData
    return self._run(
  File "C:\Users\bwang\anaconda3\envs\trader\lib\site-packages\ib_insync\ib.py", line 318, in _run
    return util.run(*awaitables, timeout=self.RequestTimeout)
  File "C:\Users\bwang\anaconda3\envs\trader\lib\site-packages\ib_insync\util.py", line 341, in run
    result = loop.run_until_complete(task)
  File "C:\Users\bwang\anaconda3\envs\trader\lib\asyncio\base_events.py", line 625, in run_until_complete
    self._check_running()
  File "C:\Users\bwang\anaconda3\envs\trader\lib\asyncio\base_events.py", line 584, in _check_running
    raise RuntimeError('This event loop is already running')
RuntimeError: This event loop is already running
2026-03-03 14:31:25 [INFO] Warning 2104, reqId -1: Market data farm connection is OK:usfarm.nj
2026-03-03 14:31:25 [INFO] CONNECTIVITY RESTORED (code 2104) — resubscribing...
2026-03-03 14:31:25 [INFO] Backfilling gap: 2026-03-03 16:35:00 → 2026-03-03 22:31:25.160829 (356.4 minutes)
2026-03-03 14:31:25 [ERROR] Gap backfill failed — continuing without
Traceback (most recent call last):
  File "C:\Users\bwang\anaconda3\envs\trader\lib\asyncio\tasks.py", line 605, in sleep
    return await future
asyncio.exceptions.CancelledError

During handling of the above exception, another exception occurred:

Traceback (most recent call last):
  File "C:\Users\bwang\anaconda3\envs\trader\lib\site-packages\ib_insync\util.py", line 341, in run
    result = loop.run_until_complete(task)
  File "C:\Users\bwang\anaconda3\envs\trader\lib\asyncio\base_events.py", line 649, in run_until_complete
    return future.result()
asyncio.exceptions.CancelledError

During handling of the above exception, another exception occurred:

Traceback (most recent call last):
  File "C:\Users\bwang\Documents\GitHub\CL_Analyst\src\live_execution\live_trader.py", line 1499, in _event_loop
    self._resubscribe_and_backfill()
  File "C:\Users\bwang\anaconda3\envs\trader\lib\site-packages\ib_insync\util.py", line 386, in sleep
    run(asyncio.sleep(secs))
  File "C:\Users\bwang\anaconda3\envs\trader\lib\site-packages\ib_insync\util.py", line 343, in run
    raise globalErrorEvent.value() or e
ConnectionError: Socket disconnect

During handling of the above exception, another exception occurred:

Traceback (most recent call last):
  File "C:\Users\bwang\Documents\GitHub\CL_Analyst\src\live_execution\live_trader.py", line 954, in _resubscribe_and_backfill
    if self._last_bar_time is not None:
TypeError: IBKRConnectionManager.fetch_historical_bars_by_duration() got an unexpected keyword argument 'contract'
2026-03-03 14:31:25 [INFO] Subscribing to live 5-min bars (Brain stream)...
2026-03-03 14:31:25 [ERROR] Resubscription failed — will retry on next reconnect
Traceback (most recent call last):
  File "C:\Users\bwang\anaconda3\envs\trader\lib\asyncio\tasks.py", line 605, in sleep
    return await future
asyncio.exceptions.CancelledError

During handling of the above exception, another exception occurred:

Traceback (most recent call last):
  File "C:\Users\bwang\anaconda3\envs\trader\lib\site-packages\ib_insync\util.py", line 341, in run
    result = loop.run_until_complete(task)
  File "C:\Users\bwang\anaconda3\envs\trader\lib\asyncio\base_events.py", line 649, in run_until_complete
    return future.result()
asyncio.exceptions.CancelledError

During handling of the above exception, another exception occurred:

Traceback (most recent call last):
  File "C:\Users\bwang\Documents\GitHub\CL_Analyst\src\live_execution\live_trader.py", line 1499, in _event_loop
    self._resubscribe_and_backfill()
  File "C:\Users\bwang\anaconda3\envs\trader\lib\site-packages\ib_insync\util.py", line 386, in sleep
    run(asyncio.sleep(secs))
  File "C:\Users\bwang\anaconda3\envs\trader\lib\site-packages\ib_insync\util.py", line 343, in run
    raise globalErrorEvent.value() or e
ConnectionError: Socket disconnect

During handling of the above exception, another exception occurred:

Traceback (most recent call last):
  File "C:\Users\bwang\Documents\GitHub\CL_Analyst\src\live_execution\live_trader.py", line 993, in _resubscribe_and_backfill
    "Backfilled %d bars, latest=%s",
  File "C:\Users\bwang\Documents\GitHub\CL_Analyst\src\live_execution\live_trader.py", line 889, in _subscribe
    log.info("Subscribing to live 5-min bars (Brain stream)...")
  File "C:\Users\bwang\Documents\GitHub\CL_Analyst\src\live_execution\ibkr_client.py", line 523, in subscribe_live_bars
    bars = self.ib.reqHistoricalData(
  File "C:\Users\bwang\anaconda3\envs\trader\lib\site-packages\ib_insync\ib.py", line 1070, in reqHistoricalData
    return self._run(
  File "C:\Users\bwang\anaconda3\envs\trader\lib\site-packages\ib_insync\ib.py", line 318, in _run
    return util.run(*awaitables, timeout=self.RequestTimeout)
  File "C:\Users\bwang\anaconda3\envs\trader\lib\site-packages\ib_insync\util.py", line 341, in run
    result = loop.run_until_complete(task)
  File "C:\Users\bwang\anaconda3\envs\trader\lib\asyncio\base_events.py", line 625, in run_until_complete
    self._check_running()
  File "C:\Users\bwang\anaconda3\envs\trader\lib\asyncio\base_events.py", line 584, in _check_running
    raise RuntimeError('This event loop is already running')
RuntimeError: This event loop is already running
2026-03-03 14:31:25 [INFO] Warning 2104, reqId -1: Market data farm connection is OK:usfarm
2026-03-03 14:31:25 [INFO] CONNECTIVITY RESTORED (code 2104) — resubscribing...
2026-03-03 14:31:25 [INFO] Backfilling gap: 2026-03-03 16:35:00 → 2026-03-03 22:31:25.162378 (356.4 minutes)
2026-03-03 14:31:25 [ERROR] Gap backfill failed — continuing without
Traceback (most recent call last):
  File "C:\Users\bwang\anaconda3\envs\trader\lib\asyncio\tasks.py", line 605, in sleep
    return await future
asyncio.exceptions.CancelledError

During handling of the above exception, another exception occurred:

Traceback (most recent call last):
  File "C:\Users\bwang\anaconda3\envs\trader\lib\site-packages\ib_insync\util.py", line 341, in run
    result = loop.run_until_complete(task)
  File "C:\Users\bwang\anaconda3\envs\trader\lib\asyncio\base_events.py", line 649, in run_until_complete
    return future.result()
asyncio.exceptions.CancelledError

During handling of the above exception, another exception occurred:

Traceback (most recent call last):
  File "C:\Users\bwang\Documents\GitHub\CL_Analyst\src\live_execution\live_trader.py", line 1499, in _event_loop
    self._resubscribe_and_backfill()
  File "C:\Users\bwang\anaconda3\envs\trader\lib\site-packages\ib_insync\util.py", line 386, in sleep
    run(asyncio.sleep(secs))
  File "C:\Users\bwang\anaconda3\envs\trader\lib\site-packages\ib_insync\util.py", line 343, in run
    raise globalErrorEvent.value() or e
ConnectionError: Socket disconnect

During handling of the above exception, another exception occurred:

Traceback (most recent call last):
  File "C:\Users\bwang\Documents\GitHub\CL_Analyst\src\live_execution\live_trader.py", line 954, in _resubscribe_and_backfill
    if self._last_bar_time is not None:
TypeError: IBKRConnectionManager.fetch_historical_bars_by_duration() got an unexpected keyword argument 'contract'
2026-03-03 14:31:25 [INFO] Subscribing to live 5-min bars (Brain stream)...
2026-03-03 14:31:25 [ERROR] Resubscription failed — will retry on next reconnect
Traceback (most recent call last):
  File "C:\Users\bwang\anaconda3\envs\trader\lib\asyncio\tasks.py", line 605, in sleep
    return await future
asyncio.exceptions.CancelledError

During handling of the above exception, another exception occurred:

Traceback (most recent call last):
  File "C:\Users\bwang\anaconda3\envs\trader\lib\site-packages\ib_insync\util.py", line 341, in run
    result = loop.run_until_complete(task)
  File "C:\Users\bwang\anaconda3\envs\trader\lib\asyncio\base_events.py", line 649, in run_until_complete
    return future.result()
asyncio.exceptions.CancelledError

During handling of the above exception, another exception occurred:

Traceback (most recent call last):
  File "C:\Users\bwang\Documents\GitHub\CL_Analyst\src\live_execution\live_trader.py", line 1499, in _event_loop
    self._resubscribe_and_backfill()
  File "C:\Users\bwang\anaconda3\envs\trader\lib\site-packages\ib_insync\util.py", line 386, in sleep
    run(asyncio.sleep(secs))
  File "C:\Users\bwang\anaconda3\envs\trader\lib\site-packages\ib_insync\util.py", line 343, in run
    raise globalErrorEvent.value() or e
ConnectionError: Socket disconnect

During handling of the above exception, another exception occurred:

Traceback (most recent call last):
  File "C:\Users\bwang\Documents\GitHub\CL_Analyst\src\live_execution\live_trader.py", line 993, in _resubscribe_and_backfill
    "Backfilled %d bars, latest=%s",
  File "C:\Users\bwang\Documents\GitHub\CL_Analyst\src\live_execution\live_trader.py", line 889, in _subscribe
    log.info("Subscribing to live 5-min bars (Brain stream)...")
  File "C:\Users\bwang\Documents\GitHub\CL_Analyst\src\live_execution\ibkr_client.py", line 523, in subscribe_live_bars
    bars = self.ib.reqHistoricalData(
  File "C:\Users\bwang\anaconda3\envs\trader\lib\site-packages\ib_insync\ib.py", line 1070, in reqHistoricalData
    return self._run(
  File "C:\Users\bwang\anaconda3\envs\trader\lib\site-packages\ib_insync\ib.py", line 318, in _run
    return util.run(*awaitables, timeout=self.RequestTimeout)
  File "C:\Users\bwang\anaconda3\envs\trader\lib\site-packages\ib_insync\util.py", line 341, in run
    result = loop.run_until_complete(task)
  File "C:\Users\bwang\anaconda3\envs\trader\lib\asyncio\base_events.py", line 625, in run_until_complete
    self._check_running()
  File "C:\Users\bwang\anaconda3\envs\trader\lib\asyncio\base_events.py", line 584, in _check_running
    raise RuntimeError('This event loop is already running')
RuntimeError: This event loop is already running
2026-03-03 14:31:25 [INFO] Warning 2106, reqId -1: HMDS data farm connection is OK:euhmds
2026-03-03 14:31:25 [INFO] CONNECTIVITY RESTORED (code 2106) — resubscribing...
2026-03-03 14:31:25 [INFO] Backfilling gap: 2026-03-03 16:35:00 → 2026-03-03 22:31:25.163383 (356.4 minutes)
2026-03-03 14:31:25 [ERROR] Gap backfill failed — continuing without
Traceback (most recent call last):
  File "C:\Users\bwang\anaconda3\envs\trader\lib\asyncio\tasks.py", line 605, in sleep
    return await future
asyncio.exceptions.CancelledError

During handling of the above exception, another exception occurred:

Traceback (most recent call last):
  File "C:\Users\bwang\anaconda3\envs\trader\lib\site-packages\ib_insync\util.py", line 341, in run
    result = loop.run_until_complete(task)
  File "C:\Users\bwang\anaconda3\envs\trader\lib\asyncio\base_events.py", line 649, in run_until_complete
    return future.result()
asyncio.exceptions.CancelledError

During handling of the above exception, another exception occurred:

Traceback (most recent call last):
  File "C:\Users\bwang\Documents\GitHub\CL_Analyst\src\live_execution\live_trader.py", line 1499, in _event_loop
    self._resubscribe_and_backfill()
  File "C:\Users\bwang\anaconda3\envs\trader\lib\site-packages\ib_insync\util.py", line 386, in sleep
    run(asyncio.sleep(secs))
  File "C:\Users\bwang\anaconda3\envs\trader\lib\site-packages\ib_insync\util.py", line 343, in run
    raise globalErrorEvent.value() or e
ConnectionError: Socket disconnect

During handling of the above exception, another exception occurred:

Traceback (most recent call last):
  File "C:\Users\bwang\Documents\GitHub\CL_Analyst\src\live_execution\live_trader.py", line 954, in _resubscribe_and_backfill
    if self._last_bar_time is not None:
TypeError: IBKRConnectionManager.fetch_historical_bars_by_duration() got an unexpected keyword argument 'contract'
2026-03-03 14:31:25 [INFO] Subscribing to live 5-min bars (Brain stream)...
2026-03-03 14:31:25 [ERROR] Resubscription failed — will retry on next reconnect
Traceback (most recent call last):
  File "C:\Users\bwang\anaconda3\envs\trader\lib\asyncio\tasks.py", line 605, in sleep
    return await future
asyncio.exceptions.CancelledError

During handling of the above exception, another exception occurred:

Traceback (most recent call last):
  File "C:\Users\bwang\anaconda3\envs\trader\lib\site-packages\ib_insync\util.py", line 341, in run
    result = loop.run_until_complete(task)
  File "C:\Users\bwang\anaconda3\envs\trader\lib\asyncio\base_events.py", line 649, in run_until_complete
    return future.result()
asyncio.exceptions.CancelledError

During handling of the above exception, another exception occurred:

Traceback (most recent call last):
  File "C:\Users\bwang\Documents\GitHub\CL_Analyst\src\live_execution\live_trader.py", line 1499, in _event_loop
    self._resubscribe_and_backfill()
  File "C:\Users\bwang\anaconda3\envs\trader\lib\site-packages\ib_insync\util.py", line 386, in sleep
    run(asyncio.sleep(secs))
  File "C:\Users\bwang\anaconda3\envs\trader\lib\site-packages\ib_insync\util.py", line 343, in run
    raise globalErrorEvent.value() or e
ConnectionError: Socket disconnect

During handling of the above exception, another exception occurred:

Traceback (most recent call last):
  File "C:\Users\bwang\Documents\GitHub\CL_Analyst\src\live_execution\live_trader.py", line 993, in _resubscribe_and_backfill
    "Backfilled %d bars, latest=%s",
  File "C:\Users\bwang\Documents\GitHub\CL_Analyst\src\live_execution\live_trader.py", line 889, in _subscribe
    log.info("Subscribing to live 5-min bars (Brain stream)...")
  File "C:\Users\bwang\Documents\GitHub\CL_Analyst\src\live_execution\ibkr_client.py", line 523, in subscribe_live_bars
    bars = self.ib.reqHistoricalData(
  File "C:\Users\bwang\anaconda3\envs\trader\lib\site-packages\ib_insync\ib.py", line 1070, in reqHistoricalData
    return self._run(
  File "C:\Users\bwang\anaconda3\envs\trader\lib\site-packages\ib_insync\ib.py", line 318, in _run
    return util.run(*awaitables, timeout=self.RequestTimeout)
  File "C:\Users\bwang\anaconda3\envs\trader\lib\site-packages\ib_insync\util.py", line 341, in run
    result = loop.run_until_complete(task)
  File "C:\Users\bwang\anaconda3\envs\trader\lib\asyncio\base_events.py", line 625, in run_until_complete
    self._check_running()
  File "C:\Users\bwang\anaconda3\envs\trader\lib\asyncio\base_events.py", line 584, in _check_running
    raise RuntimeError('This event loop is already running')
RuntimeError: This event loop is already running
2026-03-03 14:31:25 [INFO] Warning 2106, reqId -1: HMDS data farm connection is OK:fundfarm
2026-03-03 14:31:25 [INFO] CONNECTIVITY RESTORED (code 2106) — resubscribing...
2026-03-03 14:31:25 [INFO] Backfilling gap: 2026-03-03 16:35:00 → 2026-03-03 22:31:25.164382 (356.4 minutes)
2026-03-03 14:31:25 [ERROR] Gap backfill failed — continuing without
Traceback (most recent call last):
  File "C:\Users\bwang\anaconda3\envs\trader\lib\asyncio\tasks.py", line 605, in sleep
    return await future
asyncio.exceptions.CancelledError

During handling of the above exception, another exception occurred:

Traceback (most recent call last):
  File "C:\Users\bwang\anaconda3\envs\trader\lib\site-packages\ib_insync\util.py", line 341, in run
    result = loop.run_until_complete(task)
  File "C:\Users\bwang\anaconda3\envs\trader\lib\asyncio\base_events.py", line 649, in run_until_complete
    return future.result()
asyncio.exceptions.CancelledError

During handling of the above exception, another exception occurred:

Traceback (most recent call last):
  File "C:\Users\bwang\Documents\GitHub\CL_Analyst\src\live_execution\live_trader.py", line 1499, in _event_loop
    self._resubscribe_and_backfill()
  File "C:\Users\bwang\anaconda3\envs\trader\lib\site-packages\ib_insync\util.py", line 386, in sleep
    run(asyncio.sleep(secs))
  File "C:\Users\bwang\anaconda3\envs\trader\lib\site-packages\ib_insync\util.py", line 343, in run
    raise globalErrorEvent.value() or e
ConnectionError: Socket disconnect

During handling of the above exception, another exception occurred:

Traceback (most recent call last):
  File "C:\Users\bwang\Documents\GitHub\CL_Analyst\src\live_execution\live_trader.py", line 954, in _resubscribe_and_backfill
    if self._last_bar_time is not None:
TypeError: IBKRConnectionManager.fetch_historical_bars_by_duration() got an unexpected keyword argument 'contract'
2026-03-03 14:31:25 [INFO] Subscribing to live 5-min bars (Brain stream)...
2026-03-03 14:31:25 [ERROR] Resubscription failed — will retry on next reconnect
Traceback (most recent call last):
  File "C:\Users\bwang\anaconda3\envs\trader\lib\asyncio\tasks.py", line 605, in sleep
    return await future
asyncio.exceptions.CancelledError

During handling of the above exception, another exception occurred:

Traceback (most recent call last):
  File "C:\Users\bwang\anaconda3\envs\trader\lib\site-packages\ib_insync\util.py", line 341, in run
    result = loop.run_until_complete(task)
  File "C:\Users\bwang\anaconda3\envs\trader\lib\asyncio\base_events.py", line 649, in run_until_complete
    return future.result()
asyncio.exceptions.CancelledError

During handling of the above exception, another exception occurred:

Traceback (most recent call last):
  File "C:\Users\bwang\Documents\GitHub\CL_Analyst\src\live_execution\live_trader.py", line 1499, in _event_loop
    self._resubscribe_and_backfill()
  File "C:\Users\bwang\anaconda3\envs\trader\lib\site-packages\ib_insync\util.py", line 386, in sleep
    run(asyncio.sleep(secs))
  File "C:\Users\bwang\anaconda3\envs\trader\lib\site-packages\ib_insync\util.py", line 343, in run
    raise globalErrorEvent.value() or e
ConnectionError: Socket disconnect

During handling of the above exception, another exception occurred:

Traceback (most recent call last):
  File "C:\Users\bwang\Documents\GitHub\CL_Analyst\src\live_execution\live_trader.py", line 993, in _resubscribe_and_backfill
    "Backfilled %d bars, latest=%s",
  File "C:\Users\bwang\Documents\GitHub\CL_Analyst\src\live_execution\live_trader.py", line 889, in _subscribe
    log.info("Subscribing to live 5-min bars (Brain stream)...")
  File "C:\Users\bwang\Documents\GitHub\CL_Analyst\src\live_execution\ibkr_client.py", line 523, in subscribe_live_bars
    bars = self.ib.reqHistoricalData(
  File "C:\Users\bwang\anaconda3\envs\trader\lib\site-packages\ib_insync\ib.py", line 1070, in reqHistoricalData
    return self._run(
  File "C:\Users\bwang\anaconda3\envs\trader\lib\site-packages\ib_insync\ib.py", line 318, in _run
    return util.run(*awaitables, timeout=self.RequestTimeout)
  File "C:\Users\bwang\anaconda3\envs\trader\lib\site-packages\ib_insync\util.py", line 341, in run
    result = loop.run_until_complete(task)
  File "C:\Users\bwang\anaconda3\envs\trader\lib\asyncio\base_events.py", line 625, in run_until_complete
    self._check_running()
  File "C:\Users\bwang\anaconda3\envs\trader\lib\asyncio\base_events.py", line 584, in _check_running
    raise RuntimeError('This event loop is already running')
RuntimeError: This event loop is already running
2026-03-03 14:31:25 [INFO] Warning 2106, reqId -1: HMDS data farm connection is OK:ushmds
2026-03-03 14:31:25 [INFO] CONNECTIVITY RESTORED (code 2106) — resubscribing...
2026-03-03 14:31:25 [INFO] Backfilling gap: 2026-03-03 16:35:00 → 2026-03-03 22:31:25.166589 (356.4 minutes)
2026-03-03 14:31:25 [ERROR] Gap backfill failed — continuing without
Traceback (most recent call last):
  File "C:\Users\bwang\anaconda3\envs\trader\lib\asyncio\tasks.py", line 605, in sleep
    return await future
asyncio.exceptions.CancelledError

During handling of the above exception, another exception occurred:

Traceback (most recent call last):
  File "C:\Users\bwang\anaconda3\envs\trader\lib\site-packages\ib_insync\util.py", line 341, in run
    result = loop.run_until_complete(task)
  File "C:\Users\bwang\anaconda3\envs\trader\lib\asyncio\base_events.py", line 649, in run_until_complete
    return future.result()
asyncio.exceptions.CancelledError

During handling of the above exception, another exception occurred:

Traceback (most recent call last):
  File "C:\Users\bwang\Documents\GitHub\CL_Analyst\src\live_execution\live_trader.py", line 1499, in _event_loop
    self._resubscribe_and_backfill()
  File "C:\Users\bwang\anaconda3\envs\trader\lib\site-packages\ib_insync\util.py", line 386, in sleep
    run(asyncio.sleep(secs))
  File "C:\Users\bwang\anaconda3\envs\trader\lib\site-packages\ib_insync\util.py", line 343, in run
    raise globalErrorEvent.value() or e
ConnectionError: Socket disconnect

During handling of the above exception, another exception occurred:

Traceback (most recent call last):
  File "C:\Users\bwang\Documents\GitHub\CL_Analyst\src\live_execution\live_trader.py", line 954, in _resubscribe_and_backfill
    if self._last_bar_time is not None:
TypeError: IBKRConnectionManager.fetch_historical_bars_by_duration() got an unexpected keyword argument 'contract'
2026-03-03 14:31:25 [INFO] Subscribing to live 5-min bars (Brain stream)...
2026-03-03 14:31:25 [ERROR] Resubscription failed — will retry on next reconnect
Traceback (most recent call last):
  File "C:\Users\bwang\anaconda3\envs\trader\lib\asyncio\tasks.py", line 605, in sleep
    return await future
asyncio.exceptions.CancelledError

During handling of the above exception, another exception occurred:

Traceback (most recent call last):
  File "C:\Users\bwang\anaconda3\envs\trader\lib\site-packages\ib_insync\util.py", line 341, in run
    result = loop.run_until_complete(task)
  File "C:\Users\bwang\anaconda3\envs\trader\lib\asyncio\base_events.py", line 649, in run_until_complete
    return future.result()
asyncio.exceptions.CancelledError

During handling of the above exception, another exception occurred:

Traceback (most recent call last):
  File "C:\Users\bwang\Documents\GitHub\CL_Analyst\src\live_execution\live_trader.py", line 1499, in _event_loop
    self._resubscribe_and_backfill()
  File "C:\Users\bwang\anaconda3\envs\trader\lib\site-packages\ib_insync\util.py", line 386, in sleep
    run(asyncio.sleep(secs))
  File "C:\Users\bwang\anaconda3\envs\trader\lib\site-packages\ib_insync\util.py", line 343, in run
    raise globalErrorEvent.value() or e
ConnectionError: Socket disconnect

During handling of the above exception, another exception occurred:

Traceback (most recent call last):
  File "C:\Users\bwang\Documents\GitHub\CL_Analyst\src\live_execution\live_trader.py", line 993, in _resubscribe_and_backfill
    "Backfilled %d bars, latest=%s",
  File "C:\Users\bwang\Documents\GitHub\CL_Analyst\src\live_execution\live_trader.py", line 889, in _subscribe
    log.info("Subscribing to live 5-min bars (Brain stream)...")
  File "C:\Users\bwang\Documents\GitHub\CL_Analyst\src\live_execution\ibkr_client.py", line 523, in subscribe_live_bars
    bars = self.ib.reqHistoricalData(
  File "C:\Users\bwang\anaconda3\envs\trader\lib\site-packages\ib_insync\ib.py", line 1070, in reqHistoricalData
    return self._run(
  File "C:\Users\bwang\anaconda3\envs\trader\lib\site-packages\ib_insync\ib.py", line 318, in _run
    return util.run(*awaitables, timeout=self.RequestTimeout)
  File "C:\Users\bwang\anaconda3\envs\trader\lib\site-packages\ib_insync\util.py", line 341, in run
    result = loop.run_until_complete(task)
  File "C:\Users\bwang\anaconda3\envs\trader\lib\asyncio\base_events.py", line 625, in run_until_complete
    self._check_running()
  File "C:\Users\bwang\anaconda3\envs\trader\lib\asyncio\base_events.py", line 584, in _check_running
    raise RuntimeError('This event loop is already running')
RuntimeError: This event loop is already running
2026-03-03 14:31:25 [INFO] Warning 2158, reqId -1: Sec-def data farm connection is OK:secdefnj
2026-03-03 14:31:25 [INFO] position: Position(account='DU1899929', contract=Future(conId=304037436, symbol='CL', lastTradeDateOrContractMonth='20260320', multiplier='1000', currency='USD', localSymbol='CLJ6', tradingClass='CL'), position=0.0, avgCost=0.0)
2026-03-03 14:31:25 [INFO] updatePortfolio: PortfolioItem(contract=Future(conId=304037436, symbol='CL', lastTradeDateOrContractMonth='20260320', right='0', multiplier='1000', primaryExchange='NYMEX', currency='USD', localSymbol='CLJ6', tradingClass='CL'), position=0.0, marketPrice=74.83000185, marketValue=0.0, averageCost=0.0, unrealizedPNL=0.0, realizedPNL=-2610.58, account='DU1899929')
2026-03-03 14:31:25 [ERROR] Error 366, reqId 6: No historical data query found for ticker id:6, contract: ContFuture(conId=304037436, symbol='CL', lastTradeDateOrContractMonth='20260320', multiplier='1000', exchange='NYMEX', currency='USD', localSymbol='CLJ6', tradingClass='CL')
2026-03-03 14:31:25 [ERROR] Error 366, reqId 7: No historical data query found for ticker id:7, contract: ContFuture(conId=304037436, symbol='CL', lastTradeDateOrContractMonth='20260320', multiplier='1000', exchange='NYMEX', currency='USD', localSymbol='CLJ6', tradingClass='CL')
2026-03-03 14:31:26 [ERROR] Error 366, reqId 6: No historical data query found for ticker id:6
2026-03-03 14:31:26 [ERROR] Error 366, reqId 7: No historical data query found for ticker id:7
2026-03-03 14:31:26 [ERROR] Error 366, reqId 6: No historical data query found for ticker id:6
2026-03-03 14:31:26 [ERROR] Error 366, reqId 7: No historical data query found for ticker id:7
2026-03-03 14:31:26 [ERROR] Error 366, reqId 6: No historical data query found for ticker id:6
2026-03-03 14:31:26 [ERROR] Error 366, reqId 7: No historical data query found for ticker id:7
2026-03-03 14:31:26 [ERROR] Error 366, reqId 6: No historical data query found for ticker id:6
2026-03-03 14:31:26 [ERROR] Error 366, reqId 7: No historical data query found for ticker id:7
2026-03-03 14:31:26 [ERROR] Error 366, reqId 6: No historical data query found for ticker id:6
2026-03-03 14:31:26 [ERROR] Error 366, reqId 7: No historical data query found for ticker id:7
2026-03-03 14:31:26 [ERROR] Error 366, reqId 6: No historical data query found for ticker id:6
2026-03-03 14:31:26 [ERROR] Error 366, reqId 7: No historical data query found for ticker id:7
2026-03-03 14:31:26 [ERROR] Error 366, reqId 6: No historical data query found for ticker id:6
2026-03-03 14:31:26 [ERROR] Error 366, reqId 7: No historical data query found for ticker id:7
2026-03-03 14:31:26 [ERROR] Error 366, reqId 6: No historical data query found for ticker id:6
2026-03-03 14:31:26 [ERROR] Error 366, reqId 7: No historical data query found for ticker id:7
2026-03-03 14:31:26 [ERROR] Error 366, reqId 6: No historical data query found for ticker id:6
2026-03-03 14:31:26 [ERROR] Error 366, reqId 7: No historical data query found for ticker id:7
2026-03-03 14:31:26 [ERROR] Error 366, reqId 6: No historical data query found for ticker id:6
2026-03-03 14:31:26 [ERROR] Error 366, reqId 7: No historical data query found for ticker id:7
2026-03-03 14:31:26 [ERROR] Error 366, reqId 6: No historical data query found for ticker id:6
2026-03-03 14:31:26 [ERROR] Error 366, reqId 7: No historical data query found for ticker id:7
2026-03-03 14:31:26 [INFO] Synchronization complete
2026-03-03 14:31:26 [INFO] Connected to IBKR on port 7497 with clientId 10
2026-03-03 14:31:26 [INFO] Backfilling gap: 2026-03-03 16:35:00 → 2026-03-03 22:31:26.536883 (356.4 minutes)
2026-03-03 14:31:26 [ERROR] Gap backfill failed — continuing without
Traceback (most recent call last):
  File "C:\Users\bwang\anaconda3\envs\trader\lib\asyncio\tasks.py", line 605, in sleep
    return await future
asyncio.exceptions.CancelledError

During handling of the above exception, another exception occurred:

Traceback (most recent call last):
  File "C:\Users\bwang\anaconda3\envs\trader\lib\site-packages\ib_insync\util.py", line 341, in run
    result = loop.run_until_complete(task)
  File "C:\Users\bwang\anaconda3\envs\trader\lib\asyncio\base_events.py", line 649, in run_until_complete
    return future.result()
asyncio.exceptions.CancelledError

During handling of the above exception, another exception occurred:

Traceback (most recent call last):
  File "C:\Users\bwang\Documents\GitHub\CL_Analyst\src\live_execution\live_trader.py", line 1499, in _event_loop
    self._resubscribe_and_backfill()
  File "C:\Users\bwang\anaconda3\envs\trader\lib\site-packages\ib_insync\util.py", line 386, in sleep
    run(asyncio.sleep(secs))
  File "C:\Users\bwang\anaconda3\envs\trader\lib\site-packages\ib_insync\util.py", line 343, in run
    raise globalErrorEvent.value() or e
ConnectionError: Socket disconnect

During handling of the above exception, another exception occurred:

Traceback (most recent call last):
  File "C:\Users\bwang\Documents\GitHub\CL_Analyst\src\live_execution\live_trader.py", line 954, in _resubscribe_and_backfill
    if self._last_bar_time is not None:
TypeError: IBKRConnectionManager.fetch_historical_bars_by_duration() got an unexpected keyword argument 'contract'
2026-03-03 14:31:26 [INFO] Subscribing to live 5-min bars (Brain stream)...
2026-03-03 14:31:26 [ERROR] Error 162, reqId 6: Historical Market Data Service error message:API historical data query cancelled: 6
2026-03-03 14:31:26 [ERROR] Error 162, reqId 7: Historical Market Data Service error message:API historical data query cancelled: 7
2026-03-03 14:31:27 [INFO] Subscribed to continuous contract live bars
2026-03-03 14:31:27 [INFO] Subscribing to front-month bars (Hands stream: 202603)...
2026-03-03 14:31:27 [INFO] Subscribed to front-month live bars
2026-03-03 14:31:27 [INFO] Reconnection complete — live bars flowing again
2026-03-03 14:31:27 [INFO] Reconnected successfully on attempt 4
2026-03-03 14:34:36 [INFO] Warning 2108, reqId -1: Market data farm connection is inactive but should be available upon demand.usfuture.nj
2026-03-03 14:34:36 [INFO] Warning 2108, reqId -1: Market data farm connection is inactive but should be available upon demand.usfuture.nj
2026-03-03 14:35:42 [INFO] Warning 2103, reqId -1: Market data farm connection is broken:usfuture
2026-03-03 14:35:43 [INFO] Warning 2104, reqId -1: Market data farm connection is OK:usfuture
2026-03-03 14:42:17 [INFO] Warning 2103, reqId -1: Market data farm connection is broken:usfuture
2026-03-03 14:42:18 [INFO] Warning 2104, reqId -1: Market data farm connection is OK:usfuture
2026-03-03 15:00:04 [INFO] NEW BAR: 2026-03-03 23:00:00  O=74.74 H=74.79 L=74.61 C=74.66 V=46
2026-03-03 15:00:11 [INFO] INFERENCE [Manatee] LONG: buy_prob=0.3847  sell_prob=0.0000  signal=Hold  action=HOLD  skip=BELOW_THRESHOLD
2026-03-03 15:02:01 [INFO] updatePortfolio: PortfolioItem(contract=Future(conId=304037436, symbol='CL', lastTradeDateOrContractMonth='20260320', right='0', multiplier='1000', primaryExchange='NYMEX', currency='USD', localSymbol='CLJ6', tradingClass='CL'), position=0.0, marketPrice=74.94000245, marketValue=0.0, averageCost=0.0, unrealizedPNL=0.0, realizedPNL=-2610.58, account='DU1899929')
2026-03-03 15:05:01 [INFO] updatePortfolio: PortfolioItem(contract=Future(conId=304037436, symbol='CL', lastTradeDateOrContractMonth='20260320', right='0', multiplier='1000', primaryExchange='NYMEX', currency='USD', localSymbol='CLJ6', tradingClass='CL'), position=0.0, marketPrice=74.670105, marketValue=0.0, averageCost=0.0, unrealizedPNL=0.0, realizedPNL=-2610.58, account='DU1899929')
2026-03-03 15:05:04 [INFO] NEW BAR: 2026-03-03 23:05:00  O=74.68 H=74.68 L=74.68 C=74.68 V=6
2026-03-03 15:05:11 [INFO] INFERENCE [Manatee] LONG: buy_prob=0.3926  sell_prob=0.0000  signal=Hold  action=HOLD  skip=BELOW_THRESHOLD
2026-03-03 15:08:01 [INFO] updatePortfolio: PortfolioItem(contract=Future(conId=304037436, symbol='CL', lastTradeDateOrContractMonth='20260320', right='0', multiplier='1000', primaryExchange='NYMEX', currency='USD', localSymbol='CLJ6', tradingClass='CL'), position=0.0, marketPrice=74.7799988, marketValue=0.0, averageCost=0.0, unrealizedPNL=0.0, realizedPNL=-2610.58, account='DU1899929')
2026-03-03 15:10:05 [INFO] NEW BAR: 2026-03-03 23:10:00  O=74.72 H=74.74 L=74.72 C=74.72 V=4
2026-03-03 15:10:11 [INFO] INFERENCE [Manatee] LONG: buy_prob=0.3753  sell_prob=0.0000  signal=Hold  action=HOLD  skip=BELOW_THRESHOLD
2026-03-03 15:11:01 [INFO] updatePortfolio: PortfolioItem(contract=Future(conId=304037436, symbol='CL', lastTradeDateOrContractMonth='20260320', right='0', multiplier='1000', primaryExchange='NYMEX', currency='USD', localSymbol='CLJ6', tradingClass='CL'), position=0.0, marketPrice=74.73999785, marketValue=0.0, averageCost=0.0, unrealizedPNL=0.0, realizedPNL=-2610.58, account='DU1899929')
2026-03-03 15:14:01 [INFO] updatePortfolio: PortfolioItem(contract=Future(conId=304037436, symbol='CL', lastTradeDateOrContractMonth='20260320', right='0', multiplier='1000', primaryExchange='NYMEX', currency='USD', localSymbol='CLJ6', tradingClass='CL'), position=0.0, marketPrice=74.83999635, marketValue=0.0, averageCost=0.0, unrealizedPNL=0.0, realizedPNL=-2610.58, account='DU1899929')
2026-03-03 15:15:05 [INFO] NEW BAR: 2026-03-03 23:15:00  O=74.80 H=74.80 L=74.80 C=74.80 V=0
2026-03-03 15:15:05 [INFO] Cache saved: 14147 bars → C:\Users\bwang\Documents\GitHub\CL_Analyst\data\processed\warm_start_cache_cid10.parquet
2026-03-03 15:15:05 [INFO] Mirrored warm_start_cache_cid10.parquet → C:\CL_Analyst_Data\processed\warm_start_cache_cid10.parquet
2026-03-03 15:15:11 [INFO] INFERENCE [Manatee] LONG: buy_prob=0.4022  sell_prob=0.0000  signal=Hold  action=HOLD  skip=BELOW_THRESHOLD
2026-03-03 15:17:01 [INFO] updatePortfolio: PortfolioItem(contract=Future(conId=304037436, symbol='CL', lastTradeDateOrContractMonth='20260320', right='0', multiplier='1000', primaryExchange='NYMEX', currency='USD', localSymbol='CLJ6', tradingClass='CL'), position=0.0, marketPrice=74.69999695, marketValue=0.0, averageCost=0.0, unrealizedPNL=0.0, realizedPNL=-2610.58, account='DU1899929')
2026-03-03 15:20:01 [INFO] updatePortfolio: PortfolioItem(contract=Future(conId=304037436, symbol='CL', lastTradeDateOrContractMonth='20260320', right='0', multiplier='1000', primaryExchange='NYMEX', currency='USD', localSymbol='CLJ6', tradingClass='CL'), position=0.0, marketPrice=74.98000335, marketValue=0.0, averageCost=0.0, unrealizedPNL=0.0, realizedPNL=-2610.58, account='DU1899929')
2026-03-03 15:20:05 [INFO] NEW BAR: 2026-03-03 23:20:00  O=74.99 H=75.02 L=74.98 C=75.01 V=21
2026-03-03 15:20:11 [INFO] INFERENCE [Manatee] LONG: buy_prob=0.4023  sell_prob=0.0000  signal=Hold  action=HOLD  skip=BELOW_THRESHOLD
2026-03-03 15:23:01 [INFO] updatePortfolio: PortfolioItem(contract=Future(conId=304037436, symbol='CL', lastTradeDateOrContractMonth='20260320', right='0', multiplier='1000', primaryExchange='NYMEX', currency='USD', localSymbol='CLJ6', tradingClass='CL'), position=0.0, marketPrice=75.12999725, marketValue=0.0, averageCost=0.0, unrealizedPNL=0.0, realizedPNL=-2610.58, account='DU1899929')
2026-03-03 15:25:04 [INFO] NEW BAR: 2026-03-03 23:25:00  O=75.16 H=75.16 L=75.16 C=75.16 V=1
2026-03-03 15:25:11 [INFO] INFERENCE [Manatee] LONG: buy_prob=0.3593  sell_prob=0.0000  signal=Hold  action=HOLD  skip=BELOW_THRESHOLD
2026-03-03 15:26:01 [INFO] updatePortfolio: PortfolioItem(contract=Future(conId=304037436, symbol='CL', lastTradeDateOrContractMonth='20260320', right='0', multiplier='1000', primaryExchange='NYMEX', currency='USD', localSymbol='CLJ6', tradingClass='CL'), position=0.0, marketPrice=75.26000215, marketValue=0.0, averageCost=0.0, unrealizedPNL=0.0, realizedPNL=-2610.58, account='DU1899929')
2026-03-03 15:29:01 [INFO] updatePortfolio: PortfolioItem(contract=Future(conId=304037436, symbol='CL', lastTradeDateOrContractMonth='20260320', right='0', multiplier='1000', primaryExchange='NYMEX', currency='USD', localSymbol='CLJ6', tradingClass='CL'), position=0.0, marketPrice=75.19000245, marketValue=0.0, averageCost=0.0, unrealizedPNL=0.0, realizedPNL=-2610.58, account='DU1899929')
2026-03-03 15:30:05 [INFO] NEW BAR: 2026-03-03 23:30:00  O=75.19 H=75.19 L=75.08 C=75.10 V=114
2026-03-03 15:30:11 [INFO] INFERENCE [Manatee] LONG: buy_prob=0.3648  sell_prob=0.0000  signal=Hold  action=HOLD  skip=BELOW_THRESHOLD
2026-03-03 15:32:01 [INFO] updatePortfolio: PortfolioItem(contract=Future(conId=304037436, symbol='CL', lastTradeDateOrContractMonth='20260320', right='0', multiplier='1000', primaryExchange='NYMEX', currency='USD', localSymbol='CLJ6', tradingClass='CL'), position=0.0, marketPrice=75.12999725, marketValue=0.0, averageCost=0.0, unrealizedPNL=0.0, realizedPNL=-2610.58, account='DU1899929')
2026-03-03 15:35:01 [INFO] updatePortfolio: PortfolioItem(contract=Future(conId=304037436, symbol='CL', lastTradeDateOrContractMonth='20260320', right='0', multiplier='1000', primaryExchange='NYMEX', currency='USD', localSymbol='CLJ6', tradingClass='CL'), position=0.0, marketPrice=75.23999785, marketValue=0.0, averageCost=0.0, unrealizedPNL=0.0, realizedPNL=-2610.58, account='DU1899929')
2026-03-03 15:35:05 [INFO] NEW BAR: 2026-03-03 23:35:00  O=75.24 H=75.24 L=75.22 C=75.22 V=5
2026-03-03 15:35:11 [INFO] INFERENCE [Manatee] LONG: buy_prob=0.3671  sell_prob=0.0000  signal=Hold  action=HOLD  skip=BELOW_THRESHOLD
2026-03-03 15:38:01 [INFO] updatePortfolio: PortfolioItem(contract=Future(conId=304037436, symbol='CL', lastTradeDateOrContractMonth='20260320', right='0', multiplier='1000', primaryExchange='NYMEX', currency='USD', localSymbol='CLJ6', tradingClass='CL'), position=0.0, marketPrice=75.3206253, marketValue=0.0, averageCost=0.0, unrealizedPNL=0.0, realizedPNL=-2610.58, account='DU1899929')
2026-03-03 15:40:05 [INFO] NEW BAR: 2026-03-03 23:40:00  O=75.32 H=75.32 L=75.25 C=75.26 V=40
2026-03-03 15:40:11 [INFO] INFERENCE [Manatee] LONG: buy_prob=0.3832  sell_prob=0.0000  signal=Hold  action=HOLD  skip=BELOW_THRESHOLD
2026-03-03 15:41:01 [INFO] updatePortfolio: PortfolioItem(contract=Future(conId=304037436, symbol='CL', lastTradeDateOrContractMonth='20260320', right='0', multiplier='1000', primaryExchange='NYMEX', currency='USD', localSymbol='CLJ6', tradingClass='CL'), position=0.0, marketPrice=75.30999755, marketValue=0.0, averageCost=0.0, unrealizedPNL=0.0, realizedPNL=-2610.58, account='DU1899929')
2026-03-03 15:44:01 [INFO] updatePortfolio: PortfolioItem(contract=Future(conId=304037436, symbol='CL', lastTradeDateOrContractMonth='20260320', right='0', multiplier='1000', primaryExchange='NYMEX', currency='USD', localSymbol='CLJ6', tradingClass='CL'), position=0.0, marketPrice=75.26999665, marketValue=0.0, averageCost=0.0, unrealizedPNL=0.0, realizedPNL=-2610.58, account='DU1899929')
2026-03-03 15:45:05 [INFO] NEW BAR: 2026-03-03 23:45:00  O=75.26 H=75.26 L=75.22 C=75.26 V=8
2026-03-03 15:45:11 [INFO] INFERENCE [Manatee] LONG: buy_prob=0.3891  sell_prob=0.0000  signal=Hold  action=HOLD  skip=BELOW_THRESHOLD
2026-03-03 15:47:01 [INFO] updatePortfolio: PortfolioItem(contract=Future(conId=304037436, symbol='CL', lastTradeDateOrContractMonth='20260320', right='0', multiplier='1000', primaryExchange='NYMEX', currency='USD', localSymbol='CLJ6', tradingClass='CL'), position=0.0, marketPrice=75.3942566, marketValue=0.0, averageCost=0.0, unrealizedPNL=0.0, realizedPNL=-2610.58, account='DU1899929')
2026-03-03 15:50:01 [INFO] updatePortfolio: PortfolioItem(contract=Future(conId=304037436, symbol='CL', lastTradeDateOrContractMonth='20260320', right='0', multiplier='1000', primaryExchange='NYMEX', currency='USD', localSymbol='CLJ6', tradingClass='CL'), position=0.0, marketPrice=75.41000365, marketValue=0.0, averageCost=0.0, unrealizedPNL=0.0, realizedPNL=-2610.58, account='DU1899929')
2026-03-03 15:50:05 [INFO] NEW BAR: 2026-03-03 23:50:00  O=75.40 H=75.41 L=75.39 C=75.39 V=45
2026-03-03 15:50:11 [INFO] INFERENCE [Manatee] LONG: buy_prob=0.4106  sell_prob=0.0000  signal=Hold  action=HOLD  skip=BELOW_THRESHOLD
2026-03-03 15:53:01 [INFO] updatePortfolio: PortfolioItem(contract=Future(conId=304037436, symbol='CL', lastTradeDateOrContractMonth='20260320', right='0', multiplier='1000', primaryExchange='NYMEX', currency='USD', localSymbol='CLJ6', tradingClass='CL'), position=0.0, marketPrice=75.37000275, marketValue=0.0, averageCost=0.0, unrealizedPNL=0.0, realizedPNL=-2610.58, account='DU1899929')
2026-03-03 15:55:05 [INFO] NEW BAR: 2026-03-03 23:55:00  O=75.39 H=75.39 L=75.39 C=75.39 V=0
2026-03-03 15:55:11 [INFO] INFERENCE [Manatee] LONG: buy_prob=0.4335  sell_prob=0.0000  signal=Hold  action=HOLD  skip=BELOW_THRESHOLD
2026-03-03 15:56:01 [INFO] updatePortfolio: PortfolioItem(contract=Future(conId=304037436, symbol='CL', lastTradeDateOrContractMonth='20260320', right='0', multiplier='1000', primaryExchange='NYMEX', currency='USD', localSymbol='CLJ6', tradingClass='CL'), position=0.0, marketPrice=75.42502595, marketValue=0.0, averageCost=0.0, unrealizedPNL=0.0, realizedPNL=-2610.58, account='DU1899929')
2026-03-03 15:59:01 [INFO] updatePortfolio: PortfolioItem(contract=Future(conId=304037436, symbol='CL', lastTradeDateOrContractMonth='20260320', right='0', multiplier='1000', primaryExchange='NYMEX', currency='USD', localSymbol='CLJ6', tradingClass='CL'), position=0.0, marketPrice=75.51000215, marketValue=0.0, averageCost=0.0, unrealizedPNL=0.0, realizedPNL=-2610.58, account='DU1899929')
2026-03-03 16:00:04 [INFO] NEW BAR: 2026-03-04 00:00:00  O=75.53 H=75.53 L=75.47 C=75.48 V=30
2026-03-03 16:00:11 [INFO] INFERENCE [Manatee] LONG: buy_prob=0.3817  sell_prob=0.0000  signal=Hold  action=HOLD  skip=BELOW_THRESHOLD
2026-03-03 16:02:01 [INFO] updatePortfolio: PortfolioItem(contract=Future(conId=304037436, symbol='CL', lastTradeDateOrContractMonth='20260320', right='0', multiplier='1000', primaryExchange='NYMEX', currency='USD', localSymbol='CLJ6', tradingClass='CL'), position=0.0, marketPrice=75.51000215, marketValue=0.0, averageCost=0.0, unrealizedPNL=0.0, realizedPNL=-2610.58, account='DU1899929')
2026-03-03 16:05:01 [INFO] updatePortfolio: PortfolioItem(contract=Future(conId=304037436, symbol='CL', lastTradeDateOrContractMonth='20260320', right='0', multiplier='1000', primaryExchange='NYMEX', currency='USD', localSymbol='CLJ6', tradingClass='CL'), position=0.0, marketPrice=75.66000365, marketValue=0.0, averageCost=0.0, unrealizedPNL=0.0, realizedPNL=-2610.58, account='DU1899929')
2026-03-03 16:05:04 [INFO] NEW BAR: 2026-03-04 00:05:00  O=75.66 H=75.66 L=75.60 C=75.61 V=25
2026-03-03 16:05:11 [INFO] INFERENCE [Manatee] LONG: buy_prob=0.3648  sell_prob=0.0000  signal=Hold  action=HOLD  skip=BELOW_THRESHOLD
2026-03-03 16:08:01 [INFO] updatePortfolio: PortfolioItem(contract=Future(conId=304037436, symbol='CL', lastTradeDateOrContractMonth='20260320', right='0', multiplier='1000', primaryExchange='NYMEX', currency='USD', localSymbol='CLJ6', tradingClass='CL'), position=0.0, marketPrice=75.58999635, marketValue=0.0, averageCost=0.0, unrealizedPNL=0.0, realizedPNL=-2610.58, account='DU1899929')
2026-03-03 16:10:05 [INFO] NEW BAR: 2026-03-04 00:10:00  O=75.43 H=75.43 L=75.40 C=75.40 V=8
2026-03-03 16:10:11 [INFO] INFERENCE [Manatee] LONG: buy_prob=0.3997  sell_prob=0.0000  signal=Hold  action=HOLD  skip=BELOW_THRESHOLD
2026-03-03 16:11:01 [INFO] updatePortfolio: PortfolioItem(contract=Future(conId=304037436, symbol='CL', lastTradeDateOrContractMonth='20260320', right='0', multiplier='1000', primaryExchange='NYMEX', currency='USD', localSymbol='CLJ6', tradingClass='CL'), position=0.0, marketPrice=75.4700012, marketValue=0.0, averageCost=0.0, unrealizedPNL=0.0, realizedPNL=-2610.58, account='DU1899929')
2026-03-03 16:14:01 [INFO] updatePortfolio: PortfolioItem(contract=Future(conId=304037436, symbol='CL', lastTradeDateOrContractMonth='20260320', right='0', multiplier='1000', primaryExchange='NYMEX', currency='USD', localSymbol='CLJ6', tradingClass='CL'), position=0.0, marketPrice=75.3899994, marketValue=0.0, averageCost=0.0, unrealizedPNL=0.0, realizedPNL=-2610.58, account='DU1899929')
2026-03-03 16:15:05 [INFO] NEW BAR: 2026-03-04 00:15:00  O=75.27 H=75.30 L=75.27 C=75.27 V=3
2026-03-03 16:15:05 [INFO] Cache saved: 14159 bars → C:\Users\bwang\Documents\GitHub\CL_Analyst\data\processed\warm_start_cache_cid10.parquet
2026-03-03 16:15:05 [INFO] Mirrored warm_start_cache_cid10.parquet → C:\CL_Analyst_Data\processed\warm_start_cache_cid10.parquet
2026-03-03 16:15:11 [INFO] INFERENCE [Manatee] LONG: buy_prob=0.4262  sell_prob=0.0000  signal=Hold  action=HOLD  skip=BELOW_THRESHOLD
2026-03-03 16:17:01 [INFO] updatePortfolio: PortfolioItem(contract=Future(conId=304037436, symbol='CL', lastTradeDateOrContractMonth='20260320', right='0', multiplier='1000', primaryExchange='NYMEX', currency='USD', localSymbol='CLJ6', tradingClass='CL'), position=0.0, marketPrice=74.80999755, marketValue=0.0, averageCost=0.0, unrealizedPNL=0.0, realizedPNL=-2610.58, account='DU1899929')
2026-03-03 16:20:01 [INFO] updatePortfolio: PortfolioItem(contract=Future(conId=304037436, symbol='CL', lastTradeDateOrContractMonth='20260320', right='0', multiplier='1000', primaryExchange='NYMEX', currency='USD', localSymbol='CLJ6', tradingClass='CL'), position=0.0, marketPrice=75.0299988, marketValue=0.0, averageCost=0.0, unrealizedPNL=0.0, realizedPNL=-2610.58, account='DU1899929')
2026-03-03 16:20:05 [INFO] NEW BAR: 2026-03-04 00:20:00  O=75.04 H=75.05 L=75.04 C=75.05 V=8
2026-03-03 16:20:11 [INFO] INFERENCE [Manatee] LONG: buy_prob=0.3981  sell_prob=0.0000  signal=Hold  action=HOLD  skip=BELOW_THRESHOLD
2026-03-03 16:23:01 [INFO] updatePortfolio: PortfolioItem(contract=Future(conId=304037436, symbol='CL', lastTradeDateOrContractMonth='20260320', right='0', multiplier='1000', primaryExchange='NYMEX', currency='USD', localSymbol='CLJ6', tradingClass='CL'), position=0.0, marketPrice=74.98000335, marketValue=0.0, averageCost=0.0, unrealizedPNL=0.0, realizedPNL=-2610.58, account='DU1899929')
2026-03-03 16:25:04 [INFO] NEW BAR: 2026-03-04 00:25:00  O=74.52 H=74.62 L=74.52 C=74.62 V=48
2026-03-03 16:25:11 [INFO] INFERENCE [Manatee] LONG: buy_prob=0.4006  sell_prob=0.0000  signal=Hold  action=HOLD  skip=BELOW_THRESHOLD
2026-03-03 16:26:01 [INFO] updatePortfolio: PortfolioItem(contract=Future(conId=304037436, symbol='CL', lastTradeDateOrContractMonth='20260320', right='0', multiplier='1000', primaryExchange='NYMEX', currency='USD', localSymbol='CLJ6', tradingClass='CL'), position=0.0, marketPrice=74.6100006, marketValue=0.0, averageCost=0.0, unrealizedPNL=0.0, realizedPNL=-2610.58, account='DU1899929')
2026-03-03 16:29:01 [INFO] updatePortfolio: PortfolioItem(contract=Future(conId=304037436, symbol='CL', lastTradeDateOrContractMonth='20260320', right='0', multiplier='1000', primaryExchange='NYMEX', currency='USD', localSymbol='CLJ6', tradingClass='CL'), position=0.0, marketPrice=74.51000215, marketValue=0.0, averageCost=0.0, unrealizedPNL=0.0, realizedPNL=-2610.58, account='DU1899929')
2026-03-03 16:30:05 [INFO] NEW BAR: 2026-03-04 00:30:00  O=74.55 H=74.56 L=74.55 C=74.56 V=4
2026-03-03 16:30:11 [INFO] INFERENCE [Manatee] LONG: buy_prob=0.3817  sell_prob=0.0000  signal=Hold  action=HOLD  skip=BELOW_THRESHOLD
2026-03-03 16:32:01 [INFO] updatePortfolio: PortfolioItem(contract=Future(conId=304037436, symbol='CL', lastTradeDateOrContractMonth='20260320', right='0', multiplier='1000', primaryExchange='NYMEX', currency='USD', localSymbol='CLJ6', tradingClass='CL'), position=0.0, marketPrice=74.75, marketValue=0.0, averageCost=0.0, unrealizedPNL=0.0, realizedPNL=-2610.58, account='DU1899929')
2026-03-03 16:35:01 [INFO] updatePortfolio: PortfolioItem(contract=Future(conId=304037436, symbol='CL', lastTradeDateOrContractMonth='20260320', right='0', multiplier='1000', primaryExchange='NYMEX', currency='USD', localSymbol='CLJ6', tradingClass='CL'), position=0.0, marketPrice=74.80999755, marketValue=0.0, averageCost=0.0, unrealizedPNL=0.0, realizedPNL=-2610.58, account='DU1899929')
2026-03-03 16:35:05 [INFO] NEW BAR: 2026-03-04 00:35:00  O=74.79 H=74.83 L=74.79 C=74.83 V=8
2026-03-03 16:35:11 [INFO] INFERENCE [Manatee] LONG: buy_prob=0.4205  sell_prob=0.0000  signal=Hold  action=HOLD  skip=BELOW_THRESHOLD
2026-03-03 16:38:01 [INFO] updatePortfolio: PortfolioItem(contract=Future(conId=304037436, symbol='CL', lastTradeDateOrContractMonth='20260320', right='0', multiplier='1000', primaryExchange='NYMEX', currency='USD', localSymbol='CLJ6', tradingClass='CL'), position=0.0, marketPrice=74.9300003, marketValue=0.0, averageCost=0.0, unrealizedPNL=0.0, realizedPNL=-2610.58, account='DU1899929')
2026-03-03 16:40:04 [INFO] NEW BAR: 2026-03-04 00:40:00  O=74.91 H=74.94 L=74.91 C=74.93 V=13
2026-03-03 16:40:11 [INFO] INFERENCE [Manatee] LONG: buy_prob=0.3874  sell_prob=0.0000  signal=Hold  action=HOLD  skip=BELOW_THRESHOLD
2026-03-03 16:41:01 [INFO] updatePortfolio: PortfolioItem(contract=Future(conId=304037436, symbol='CL', lastTradeDateOrContractMonth='20260320', right='0', multiplier='1000', primaryExchange='NYMEX', currency='USD', localSymbol='CLJ6', tradingClass='CL'), position=0.0, marketPrice=74.9599991, marketValue=0.0, averageCost=0.0, unrealizedPNL=0.0, realizedPNL=-2610.58, account='DU1899929')
2026-03-03 16:44:01 [INFO] updatePortfolio: PortfolioItem(contract=Future(conId=304037436, symbol='CL', lastTradeDateOrContractMonth='20260320', right='0', multiplier='1000', primaryExchange='NYMEX', currency='USD', localSymbol='CLJ6', tradingClass='CL'), position=0.0, marketPrice=75.08000185, marketValue=0.0, averageCost=0.0, unrealizedPNL=0.0, realizedPNL=-2610.58, account='DU1899929')
2026-03-03 16:45:05 [INFO] NEW BAR: 2026-03-04 00:45:00  O=75.04 H=75.05 L=75.03 C=75.03 V=6
2026-03-03 16:45:11 [INFO] INFERENCE [Manatee] LONG: buy_prob=0.3956  sell_prob=0.0000  signal=Hold  action=HOLD  skip=BELOW_THRESHOLD
2026-03-03 16:50:01 [INFO] updatePortfolio: PortfolioItem(contract=Future(conId=304037436, symbol='CL', lastTradeDateOrContractMonth='20260320', right='0', multiplier='1000', primaryExchange='NYMEX', currency='USD', localSymbol='CLJ6', tradingClass='CL'), position=0.0, marketPrice=75.09999845, marketValue=0.0, averageCost=0.0, unrealizedPNL=0.0, realizedPNL=-2610.58, account='DU1899929')
2026-03-03 16:50:05 [INFO] NEW BAR: 2026-03-04 00:50:00  O=75.09 H=75.11 L=75.09 C=75.11 V=3
2026-03-03 16:50:11 [INFO] INFERENCE [Manatee] LONG: buy_prob=0.3839  sell_prob=0.0000  signal=Hold  action=HOLD  skip=BELOW_THRESHOLD
2026-03-03 16:53:01 [INFO] updatePortfolio: PortfolioItem(contract=Future(conId=304037436, symbol='CL', lastTradeDateOrContractMonth='20260320', right='0', multiplier='1000', primaryExchange='NYMEX', currency='USD', localSymbol='CLJ6', tradingClass='CL'), position=0.0, marketPrice=75.0, marketValue=0.0, averageCost=0.0, unrealizedPNL=0.0, realizedPNL=-2610.58, account='DU1899929')
2026-03-03 16:55:05 [INFO] NEW BAR: 2026-03-04 00:55:00  O=75.05 H=75.05 L=75.03 C=75.04 V=8
2026-03-03 16:55:11 [INFO] INFERENCE [Manatee] LONG: buy_prob=0.3961  sell_prob=0.0000  signal=Hold  action=HOLD  skip=BELOW_THRESHOLD
2026-03-03 16:59:01 [INFO] updatePortfolio: PortfolioItem(contract=Future(conId=304037436, symbol='CL', lastTradeDateOrContractMonth='20260320', right='0', multiplier='1000', primaryExchange='NYMEX', currency='USD', localSymbol='CLJ6', tradingClass='CL'), position=0.0, marketPrice=75.08999635, marketValue=0.0, averageCost=0.0, unrealizedPNL=0.0, realizedPNL=-2610.58, account='DU1899929')
2026-03-03 17:00:04 [INFO] NEW BAR: 2026-03-04 01:00:00  O=74.97 H=75.03 L=74.81 C=75.00 V=338
2026-03-03 17:00:11 [INFO] INFERENCE [Manatee] LONG: buy_prob=0.3825  sell_prob=0.0000  signal=Hold  action=HOLD  skip=BELOW_THRESHOLD
2026-03-03 17:02:01 [INFO] updatePortfolio: PortfolioItem(contract=Future(conId=304037436, symbol='CL', lastTradeDateOrContractMonth='20260320', right='0', multiplier='1000', primaryExchange='NYMEX', currency='USD', localSymbol='CLJ6', tradingClass='CL'), position=0.0, marketPrice=74.4700012, marketValue=0.0, averageCost=0.0, unrealizedPNL=0.0, realizedPNL=-2610.58, account='DU1899929')
2026-03-03 17:05:01 [INFO] updatePortfolio: PortfolioItem(contract=Future(conId=304037436, symbol='CL', lastTradeDateOrContractMonth='20260320', right='0', multiplier='1000', primaryExchange='NYMEX', currency='USD', localSymbol='CLJ6', tradingClass='CL'), position=0.0, marketPrice=74.8199997, marketValue=0.0, averageCost=0.0, unrealizedPNL=0.0, realizedPNL=-2610.58, account='DU1899929')
2026-03-03 17:05:04 [INFO] NEW BAR: 2026-03-04 01:05:00  O=74.81 H=74.92 L=74.80 C=74.92 V=40
2026-03-03 17:05:11 [INFO] INFERENCE [Manatee] LONG: buy_prob=0.3881  sell_prob=0.0000  signal=Hold  action=HOLD  skip=BELOW_THRESHOLD
2026-03-03 17:08:01 [INFO] updatePortfolio: PortfolioItem(contract=Future(conId=304037436, symbol='CL', lastTradeDateOrContractMonth='20260320', right='0', multiplier='1000', primaryExchange='NYMEX', currency='USD', localSymbol='CLJ6', tradingClass='CL'), position=0.0, marketPrice=74.84999845, marketValue=0.0, averageCost=0.0, unrealizedPNL=0.0, realizedPNL=-2610.58, account='DU1899929')
2026-03-03 17:10:04 [INFO] NEW BAR: 2026-03-04 01:10:00  O=74.91 H=75.03 L=74.90 C=75.03 V=46
2026-03-03 17:10:11 [INFO] INFERENCE [Manatee] LONG: buy_prob=0.3836  sell_prob=0.0000  signal=Hold  action=HOLD  skip=BELOW_THRESHOLD
2026-03-03 17:11:01 [INFO] updatePortfolio: PortfolioItem(contract=Future(conId=304037436, symbol='CL', lastTradeDateOrContractMonth='20260320', right='0', multiplier='1000', primaryExchange='NYMEX', currency='USD', localSymbol='CLJ6', tradingClass='CL'), position=0.0, marketPrice=75.09999845, marketValue=0.0, averageCost=0.0, unrealizedPNL=0.0, realizedPNL=-2610.58, account='DU1899929')
2026-03-03 17:14:01 [INFO] updatePortfolio: PortfolioItem(contract=Future(conId=304037436, symbol='CL', lastTradeDateOrContractMonth='20260320', right='0', multiplier='1000', primaryExchange='NYMEX', currency='USD', localSymbol='CLJ6', tradingClass='CL'), position=0.0, marketPrice=75.23000335, marketValue=0.0, averageCost=0.0, unrealizedPNL=0.0, realizedPNL=-2610.58, account='DU1899929')
2026-03-03 17:15:05 [INFO] NEW BAR: 2026-03-04 01:15:00  O=75.29 H=75.29 L=75.26 C=75.26 V=10
2026-03-03 17:15:05 [INFO] Cache saved: 14171 bars → C:\Users\bwang\Documents\GitHub\CL_Analyst\data\processed\warm_start_cache_cid10.parquet
2026-03-03 17:15:05 [INFO] Mirrored warm_start_cache_cid10.parquet → C:\CL_Analyst_Data\processed\warm_start_cache_cid10.parquet
2026-03-03 17:15:11 [INFO] INFERENCE [Manatee] LONG: buy_prob=0.3980  sell_prob=0.0000  signal=Hold  action=HOLD  skip=BELOW_THRESHOLD
2026-03-03 17:17:01 [INFO] updatePortfolio: PortfolioItem(contract=Future(conId=304037436, symbol='CL', lastTradeDateOrContractMonth='20260320', right='0', multiplier='1000', primaryExchange='NYMEX', currency='USD', localSymbol='CLJ6', tradingClass='CL'), position=0.0, marketPrice=75.3600006, marketValue=0.0, averageCost=0.0, unrealizedPNL=0.0, realizedPNL=-2610.58, account='DU1899929')
2026-03-03 17:20:01 [INFO] updatePortfolio: PortfolioItem(contract=Future(conId=304037436, symbol='CL', lastTradeDateOrContractMonth='20260320', right='0', multiplier='1000', primaryExchange='NYMEX', currency='USD', localSymbol='CLJ6', tradingClass='CL'), position=0.0, marketPrice=75.5299988, marketValue=0.0, averageCost=0.0, unrealizedPNL=0.0, realizedPNL=-2610.58, account='DU1899929')
2026-03-03 17:20:05 [INFO] NEW BAR: 2026-03-04 01:20:00  O=75.51 H=75.53 L=75.50 C=75.51 V=10
2026-03-03 17:20:11 [INFO] INFERENCE [Manatee] LONG: buy_prob=0.3748  sell_prob=0.0000  signal=Hold  action=HOLD  skip=BELOW_THRESHOLD
2026-03-03 17:23:01 [INFO] updatePortfolio: PortfolioItem(contract=Future(conId=304037436, symbol='CL', lastTradeDateOrContractMonth='20260320', right='0', multiplier='1000', primaryExchange='NYMEX', currency='USD', localSymbol='CLJ6', tradingClass='CL'), position=0.0, marketPrice=75.30999755, marketValue=0.0, averageCost=0.0, unrealizedPNL=0.0, realizedPNL=-2610.58, account='DU1899929')
2026-03-03 17:25:04 [INFO] NEW BAR: 2026-03-04 01:25:00  O=75.39 H=75.42 L=75.39 C=75.41 V=9
2026-03-03 17:25:11 [INFO] INFERENCE [Manatee] LONG: buy_prob=0.3798  sell_prob=0.0000  signal=Hold  action=HOLD  skip=BELOW_THRESHOLD
2026-03-03 17:26:01 [INFO] updatePortfolio: PortfolioItem(contract=Future(conId=304037436, symbol='CL', lastTradeDateOrContractMonth='20260320', right='0', multiplier='1000', primaryExchange='NYMEX', currency='USD', localSymbol='CLJ6', tradingClass='CL'), position=0.0, marketPrice=75.55999755, marketValue=0.0, averageCost=0.0, unrealizedPNL=0.0, realizedPNL=-2610.58, account='DU1899929')
2026-03-03 17:29:01 [INFO] updatePortfolio: PortfolioItem(contract=Future(conId=304037436, symbol='CL', lastTradeDateOrContractMonth='20260320', right='0', multiplier='1000', primaryExchange='NYMEX', currency='USD', localSymbol='CLJ6', tradingClass='CL'), position=0.0, marketPrice=75.4464569, marketValue=0.0, averageCost=0.0, unrealizedPNL=0.0, realizedPNL=-2610.58, account='DU1899929')
2026-03-03 17:30:04 [INFO] NEW BAR: 2026-03-04 01:30:00  O=75.30 H=75.38 L=75.30 C=75.38 V=13
2026-03-03 17:30:11 [INFO] INFERENCE [Manatee] LONG: buy_prob=0.3987  sell_prob=0.0000  signal=Hold  action=HOLD  skip=BELOW_THRESHOLD
2026-03-03 17:32:01 [INFO] updatePortfolio: PortfolioItem(contract=Future(conId=304037436, symbol='CL', lastTradeDateOrContractMonth='20260320', right='0', multiplier='1000', primaryExchange='NYMEX', currency='USD', localSymbol='CLJ6', tradingClass='CL'), position=0.0, marketPrice=75.62000275, marketValue=0.0, averageCost=0.0, unrealizedPNL=0.0, realizedPNL=-2610.58, account='DU1899929')
2026-03-03 17:35:01 [INFO] updatePortfolio: PortfolioItem(contract=Future(conId=304037436, symbol='CL', lastTradeDateOrContractMonth='20260320', right='0', multiplier='1000', primaryExchange='NYMEX', currency='USD', localSymbol='CLJ6', tradingClass='CL'), position=0.0, marketPrice=75.37314605, marketValue=0.0, averageCost=0.0, unrealizedPNL=0.0, realizedPNL=-2610.58, account='DU1899929')
2026-03-03 17:35:04 [INFO] NEW BAR: 2026-03-04 01:35:00  O=75.37 H=75.43 L=75.37 C=75.43 V=18
2026-03-03 17:35:11 [INFO] INFERENCE [Manatee] LONG: buy_prob=0.3733  sell_prob=0.0000  signal=Hold  action=HOLD  skip=BELOW_THRESHOLD
2026-03-03 17:38:01 [INFO] updatePortfolio: PortfolioItem(contract=Future(conId=304037436, symbol='CL', lastTradeDateOrContractMonth='20260320', right='0', multiplier='1000', primaryExchange='NYMEX', currency='USD', localSymbol='CLJ6', tradingClass='CL'), position=0.0, marketPrice=75.41999815, marketValue=0.0, averageCost=0.0, unrealizedPNL=0.0, realizedPNL=-2610.58, account='DU1899929')
2026-03-03 17:40:04 [INFO] NEW BAR: 2026-03-04 01:40:00  O=75.47 H=75.47 L=75.43 C=75.43 V=8
2026-03-03 17:40:11 [INFO] INFERENCE [Manatee] LONG: buy_prob=0.3774  sell_prob=0.0000  signal=Hold  action=HOLD  skip=BELOW_THRESHOLD
2026-03-03 17:41:01 [INFO] updatePortfolio: PortfolioItem(contract=Future(conId=304037436, symbol='CL', lastTradeDateOrContractMonth='20260320', right='0', multiplier='1000', primaryExchange='NYMEX', currency='USD', localSymbol='CLJ6', tradingClass='CL'), position=0.0, marketPrice=75.48999785, marketValue=0.0, averageCost=0.0, unrealizedPNL=0.0, realizedPNL=-2610.58, account='DU1899929')
2026-03-03 17:44:01 [INFO] updatePortfolio: PortfolioItem(contract=Future(conId=304037436, symbol='CL', lastTradeDateOrContractMonth='20260320', right='0', multiplier='1000', primaryExchange='NYMEX', currency='USD', localSymbol='CLJ6', tradingClass='CL'), position=0.0, marketPrice=75.41000365, marketValue=0.0, averageCost=0.0, unrealizedPNL=0.0, realizedPNL=-2610.58, account='DU1899929')
2026-03-03 17:45:04 [INFO] NEW BAR: 2026-03-04 01:45:00  O=75.47 H=75.47 L=75.45 C=75.45 V=8
2026-03-03 17:45:10 [INFO] INFERENCE [Manatee] LONG: buy_prob=0.3724  sell_prob=0.0000  signal=Hold  action=HOLD  skip=BELOW_THRESHOLD
2026-03-03 17:47:01 [INFO] updatePortfolio: PortfolioItem(contract=Future(conId=304037436, symbol='CL', lastTradeDateOrContractMonth='20260320', right='0', multiplier='1000', primaryExchange='NYMEX', currency='USD', localSymbol='CLJ6', tradingClass='CL'), position=0.0, marketPrice=75.50819395, marketValue=0.0, averageCost=0.0, unrealizedPNL=0.0, realizedPNL=-2610.58, account='DU1899929')
2026-03-03 17:50:01 [INFO] updatePortfolio: PortfolioItem(contract=Future(conId=304037436, symbol='CL', lastTradeDateOrContractMonth='20260320', right='0', multiplier='1000', primaryExchange='NYMEX', currency='USD', localSymbol='CLJ6', tradingClass='CL'), position=0.0, marketPrice=74.83000185, marketValue=0.0, averageCost=0.0, unrealizedPNL=0.0, realizedPNL=-2610.58, account='DU1899929')
2026-03-03 17:50:04 [INFO] NEW BAR: 2026-03-04 01:50:00  O=74.83 H=74.86 L=74.78 C=74.80 V=149
2026-03-03 17:50:11 [INFO] INFERENCE [Manatee] LONG: buy_prob=0.3842  sell_prob=0.0000  signal=Hold  action=HOLD  skip=BELOW_THRESHOLD
2026-03-03 17:53:01 [INFO] updatePortfolio: PortfolioItem(contract=Future(conId=304037436, symbol='CL', lastTradeDateOrContractMonth='20260320', right='0', multiplier='1000', primaryExchange='NYMEX', currency='USD', localSymbol='CLJ6', tradingClass='CL'), position=0.0, marketPrice=74.62999725, marketValue=0.0, averageCost=0.0, unrealizedPNL=0.0, realizedPNL=-2610.58, account='DU1899929')
2026-03-03 17:55:04 [INFO] NEW BAR: 2026-03-04 01:55:00  O=74.77 H=74.85 L=74.77 C=74.84 V=48
2026-03-03 17:55:11 [INFO] INFERENCE [Manatee] LONG: buy_prob=0.3796  sell_prob=0.0000  signal=Hold  action=HOLD  skip=BELOW_THRESHOLD
2026-03-03 17:56:01 [INFO] updatePortfolio: PortfolioItem(contract=Future(conId=304037436, symbol='CL', lastTradeDateOrContractMonth='20260320', right='0', multiplier='1000', primaryExchange='NYMEX', currency='USD', localSymbol='CLJ6', tradingClass='CL'), position=0.0, marketPrice=74.6399994, marketValue=0.0, averageCost=0.0, unrealizedPNL=0.0, realizedPNL=-2610.58, account='DU1899929')
2026-03-03 17:59:01 [INFO] updatePortfolio: PortfolioItem(contract=Future(conId=304037436, symbol='CL', lastTradeDateOrContractMonth='20260320', right='0', multiplier='1000', primaryExchange='NYMEX', currency='USD', localSymbol='CLJ6', tradingClass='CL'), position=0.0, marketPrice=74.90000155, marketValue=0.0, averageCost=0.0, unrealizedPNL=0.0, realizedPNL=-2610.58, account='DU1899929')
2026-03-03 18:00:05 [INFO] NEW BAR: 2026-03-04 02:00:00  O=74.94 H=74.97 L=74.93 C=74.95 V=16
2026-03-03 18:00:11 [INFO] INFERENCE [Manatee] LONG: buy_prob=0.4243  sell_prob=0.0000  signal=Hold  action=HOLD  skip=BELOW_THRESHOLD
2026-03-03 18:02:01 [INFO] updatePortfolio: PortfolioItem(contract=Future(conId=304037436, symbol='CL', lastTradeDateOrContractMonth='20260320', right='0', multiplier='1000', primaryExchange='NYMEX', currency='USD', localSymbol='CLJ6', tradingClass='CL'), position=0.0, marketPrice=75.0699997, marketValue=0.0, averageCost=0.0, unrealizedPNL=0.0, realizedPNL=-2610.58, account='DU1899929')
2026-03-03 18:05:01 [INFO] updatePortfolio: PortfolioItem(contract=Future(conId=304037436, symbol='CL', lastTradeDateOrContractMonth='20260320', right='0', multiplier='1000', primaryExchange='NYMEX', currency='USD', localSymbol='CLJ6', tradingClass='CL'), position=0.0, marketPrice=75.08999635, marketValue=0.0, averageCost=0.0, unrealizedPNL=0.0, realizedPNL=-2610.58, account='DU1899929')
2026-03-03 18:05:05 [INFO] NEW BAR: 2026-03-04 02:05:00  O=75.10 H=75.10 L=75.06 C=75.07 V=14
2026-03-03 18:05:11 [INFO] INFERENCE [Manatee] LONG: buy_prob=0.3765  sell_prob=0.0000  signal=Hold  action=HOLD  skip=BELOW_THRESHOLD
2026-03-03 18:08:01 [INFO] updatePortfolio: PortfolioItem(contract=Future(conId=304037436, symbol='CL', lastTradeDateOrContractMonth='20260320', right='0', multiplier='1000', primaryExchange='NYMEX', currency='USD', localSymbol='CLJ6', tradingClass='CL'), position=0.0, marketPrice=75.37999725, marketValue=0.0, averageCost=0.0, unrealizedPNL=0.0, realizedPNL=-2610.58, account='DU1899929')
2026-03-03 18:10:04 [INFO] NEW BAR: 2026-03-04 02:10:00  O=75.40 H=75.43 L=75.40 C=75.43 V=30
2026-03-03 18:10:11 [INFO] INFERENCE [Manatee] LONG: buy_prob=0.3729  sell_prob=0.0000  signal=Hold  action=HOLD  skip=BELOW_THRESHOLD
2026-03-03 18:11:01 [INFO] updatePortfolio: PortfolioItem(contract=Future(conId=304037436, symbol='CL', lastTradeDateOrContractMonth='20260320', right='0', multiplier='1000', primaryExchange='NYMEX', currency='USD', localSymbol='CLJ6', tradingClass='CL'), position=0.0, marketPrice=75.41000365, marketValue=0.0, averageCost=0.0, unrealizedPNL=0.0, realizedPNL=-2610.58, account='DU1899929')
2026-03-03 18:14:01 [INFO] updatePortfolio: PortfolioItem(contract=Future(conId=304037436, symbol='CL', lastTradeDateOrContractMonth='20260320', right='0', multiplier='1000', primaryExchange='NYMEX', currency='USD', localSymbol='CLJ6', tradingClass='CL'), position=0.0, marketPrice=75.33000185, marketValue=0.0, averageCost=0.0, unrealizedPNL=0.0, realizedPNL=-2610.58, account='DU1899929')
2026-03-03 18:15:05 [INFO] NEW BAR: 2026-03-04 02:15:00  O=75.21 H=75.22 L=75.21 C=75.22 V=2
2026-03-03 18:15:05 [INFO] Cache saved: 14183 bars → C:\Users\bwang\Documents\GitHub\CL_Analyst\data\processed\warm_start_cache_cid10.parquet
2026-03-03 18:15:05 [INFO] Mirrored warm_start_cache_cid10.parquet → C:\CL_Analyst_Data\processed\warm_start_cache_cid10.parquet
2026-03-03 18:15:11 [INFO] INFERENCE [Manatee] LONG: buy_prob=0.3743  sell_prob=0.0000  signal=Hold  action=HOLD  skip=BELOW_THRESHOLD
2026-03-03 18:17:01 [INFO] updatePortfolio: PortfolioItem(contract=Future(conId=304037436, symbol='CL', lastTradeDateOrContractMonth='20260320', right='0', multiplier='1000', primaryExchange='NYMEX', currency='USD', localSymbol='CLJ6', tradingClass='CL'), position=0.0, marketPrice=75.05999755, marketValue=0.0, averageCost=0.0, unrealizedPNL=0.0, realizedPNL=-2610.58, account='DU1899929')
2026-03-03 18:20:01 [INFO] updatePortfolio: PortfolioItem(contract=Future(conId=304037436, symbol='CL', lastTradeDateOrContractMonth='20260320', right='0', multiplier='1000', primaryExchange='NYMEX', currency='USD', localSymbol='CLJ6', tradingClass='CL'), position=0.0, marketPrice=75.05000305, marketValue=0.0, averageCost=0.0, unrealizedPNL=0.0, realizedPNL=-2610.58, account='DU1899929')
2026-03-03 18:20:05 [INFO] NEW BAR: 2026-03-04 02:20:00  O=75.04 H=75.04 L=75.04 C=75.04 V=0
2026-03-03 18:20:11 [INFO] INFERENCE [Manatee] LONG: buy_prob=0.3986  sell_prob=0.0000  signal=Hold  action=HOLD  skip=BELOW_THRESHOLD
2026-03-03 18:23:01 [INFO] updatePortfolio: PortfolioItem(contract=Future(conId=304037436, symbol='CL', lastTradeDateOrContractMonth='20260320', right='0', multiplier='1000', primaryExchange='NYMEX', currency='USD', localSymbol='CLJ6', tradingClass='CL'), position=0.0, marketPrice=74.84999845, marketValue=0.0, averageCost=0.0, unrealizedPNL=0.0, realizedPNL=-2610.58, account='DU1899929')
2026-03-03 18:25:05 [INFO] NEW BAR: 2026-03-04 02:25:00  O=74.93 H=74.93 L=74.89 C=74.89 V=3
2026-03-03 18:25:11 [INFO] INFERENCE [Manatee] LONG: buy_prob=0.4237  sell_prob=0.0000  signal=Hold  action=HOLD  skip=BELOW_THRESHOLD
2026-03-03 18:26:01 [INFO] updatePortfolio: PortfolioItem(contract=Future(conId=304037436, symbol='CL', lastTradeDateOrContractMonth='20260320', right='0', multiplier='1000', primaryExchange='NYMEX', currency='USD', localSymbol='CLJ6', tradingClass='CL'), position=0.0, marketPrice=74.90265655, marketValue=0.0, averageCost=0.0, unrealizedPNL=0.0, realizedPNL=-2610.58, account='DU1899929')
2026-03-03 18:29:01 [INFO] updatePortfolio: PortfolioItem(contract=Future(conId=304037436, symbol='CL', lastTradeDateOrContractMonth='20260320', right='0', multiplier='1000', primaryExchange='NYMEX', currency='USD', localSymbol='CLJ6', tradingClass='CL'), position=0.0, marketPrice=74.9786911, marketValue=0.0, averageCost=0.0, unrealizedPNL=0.0, realizedPNL=-2610.58, account='DU1899929')
2026-03-03 18:30:04 [INFO] NEW BAR: 2026-03-04 02:30:00  O=74.98 H=74.99 L=74.75 C=74.81 V=199
2026-03-03 18:30:10 [INFO] INFERENCE [Manatee] LONG: buy_prob=0.3879  sell_prob=0.0000  signal=Hold  action=HOLD  skip=BELOW_THRESHOLD
2026-03-03 18:32:01 [INFO] updatePortfolio: PortfolioItem(contract=Future(conId=304037436, symbol='CL', lastTradeDateOrContractMonth='20260320', right='0', multiplier='1000', primaryExchange='NYMEX', currency='USD', localSymbol='CLJ6', tradingClass='CL'), position=0.0, marketPrice=74.84999845, marketValue=0.0, averageCost=0.0, unrealizedPNL=0.0, realizedPNL=-2610.58, account='DU1899929')
2026-03-03 18:35:01 [INFO] updatePortfolio: PortfolioItem(contract=Future(conId=304037436, symbol='CL', lastTradeDateOrContractMonth='20260320', right='0', multiplier='1000', primaryExchange='NYMEX', currency='USD', localSymbol='CLJ6', tradingClass='CL'), position=0.0, marketPrice=74.87000275, marketValue=0.0, averageCost=0.0, unrealizedPNL=0.0, realizedPNL=-2610.58, account='DU1899929')
2026-03-03 18:35:04 [INFO] NEW BAR: 2026-03-04 02:35:00  O=74.89 H=74.90 L=74.89 C=74.90 V=5
2026-03-03 18:35:11 [INFO] INFERENCE [Manatee] LONG: buy_prob=0.3779  sell_prob=0.0000  signal=Hold  action=HOLD  skip=BELOW_THRESHOLD
2026-03-03 18:38:01 [INFO] updatePortfolio: PortfolioItem(contract=Future(conId=304037436, symbol='CL', lastTradeDateOrContractMonth='20260320', right='0', multiplier='1000', primaryExchange='NYMEX', currency='USD', localSymbol='CLJ6', tradingClass='CL'), position=0.0, marketPrice=75.0400009, marketValue=0.0, averageCost=0.0, unrealizedPNL=0.0, realizedPNL=-2610.58, account='DU1899929')
2026-03-03 18:40:05 [INFO] NEW BAR: 2026-03-04 02:40:00  O=75.09 H=75.11 L=75.09 C=75.11 V=2
2026-03-03 18:40:11 [INFO] INFERENCE [Manatee] LONG: buy_prob=0.3733  sell_prob=0.0000  signal=Hold  action=HOLD  skip=BELOW_THRESHOLD
2026-03-03 18:41:01 [INFO] updatePortfolio: PortfolioItem(contract=Future(conId=304037436, symbol='CL', lastTradeDateOrContractMonth='20260320', right='0', multiplier='1000', primaryExchange='NYMEX', currency='USD', localSymbol='CLJ6', tradingClass='CL'), position=0.0, marketPrice=75.15000155, marketValue=0.0, averageCost=0.0, unrealizedPNL=0.0, realizedPNL=-2610.58, account='DU1899929')
2026-03-03 18:42:15 [INFO] updatePortfolio: PortfolioItem(contract=Future(conId=304037436, symbol='CL', lastTradeDateOrContractMonth='20260320', right='0', multiplier='1000', primaryExchange='NYMEX', currency='USD', localSymbol='CLJ6', tradingClass='CL'), position=0.0, marketPrice=75.19999695, marketValue=0.0, averageCost=0.0, unrealizedPNL=0.0, realizedPNL=0.0, account='DU1899929')
2026-03-03 18:45:05 [INFO] NEW BAR: 2026-03-04 02:45:00  O=75.20 H=75.21 L=75.20 C=75.21 V=6
2026-03-03 18:45:11 [INFO] INFERENCE [Manatee] LONG: buy_prob=0.3672  sell_prob=0.0000  signal=Hold  action=HOLD  skip=BELOW_THRESHOLD
2026-03-03 18:47:04 [INFO] position: Position(account='DU1899929', contract=Future(conId=304037436, symbol='CL', lastTradeDateOrContractMonth='20260320', multiplier='1000', currency='USD', localSymbol='CLJ6', tradingClass='CL'), position=0.0, avgCost=0.0)
2026-03-03 18:47:04 [INFO] position: Position(account='DU1899929', contract=Future(conId=304037436, symbol='CL', lastTradeDateOrContractMonth='20260320', multiplier='1000', currency='USD', localSymbol='CLJ6', tradingClass='CL'), position=0.0, avgCost=0.0)
2026-03-03 18:50:05 [INFO] NEW BAR: 2026-03-04 02:50:00  O=75.16 H=75.17 L=75.16 C=75.17 V=3
2026-03-03 18:50:11 [INFO] INFERENCE [Manatee] LONG: buy_prob=0.3698  sell_prob=0.0000  signal=Hold  action=HOLD  skip=BELOW_THRESHOLD
2026-03-03 18:55:05 [INFO] NEW BAR: 2026-03-04 02:55:00  O=74.97 H=74.97 L=74.96 C=74.97 V=3
2026-03-03 18:55:11 [INFO] INFERENCE [Manatee] LONG: buy_prob=0.3770  sell_prob=0.0000  signal=Hold  action=HOLD  skip=BELOW_THRESHOLD
2026-03-03 19:00:05 [INFO] NEW BAR: 2026-03-04 03:00:00  O=75.03 H=75.03 L=75.00 C=75.00 V=17
2026-03-03 19:00:11 [INFO] INFERENCE [Manatee] LONG: buy_prob=0.3816  sell_prob=0.0000  signal=Hold  action=HOLD  skip=BELOW_THRESHOLD
2026-03-03 19:05:05 [INFO] NEW BAR: 2026-03-04 03:05:00  O=74.81 H=74.81 L=74.79 C=74.79 V=4
2026-03-03 19:05:11 [INFO] INFERENCE [Manatee] LONG: buy_prob=0.3936  sell_prob=0.0000  signal=Hold  action=HOLD  skip=BELOW_THRESHOLD
2026-03-03 19:10:05 [INFO] NEW BAR: 2026-03-04 03:10:00  O=74.99 H=74.99 L=74.94 C=74.94 V=18
2026-03-03 19:10:11 [INFO] INFERENCE [Manatee] LONG: buy_prob=0.3825  sell_prob=0.0000  signal=Hold  action=HOLD  skip=BELOW_THRESHOLD
2026-03-03 19:15:05 [INFO] NEW BAR: 2026-03-04 03:15:00  O=75.04 H=75.07 L=75.03 C=75.06 V=35
2026-03-03 19:15:05 [INFO] Cache saved: 14195 bars → C:\Users\bwang\Documents\GitHub\CL_Analyst\data\processed\warm_start_cache_cid10.parquet
2026-03-03 19:15:05 [INFO] Mirrored warm_start_cache_cid10.parquet → C:\CL_Analyst_Data\processed\warm_start_cache_cid10.parquet
2026-03-03 19:15:11 [INFO] INFERENCE [Manatee] LONG: buy_prob=0.4213  sell_prob=0.0000  signal=Hold  action=HOLD  skip=BELOW_THRESHOLD
2026-03-03 19:20:05 [INFO] NEW BAR: 2026-03-04 03:20:00  O=75.30 H=75.30 L=75.29 C=75.30 V=11
2026-03-03 19:20:11 [INFO] INFERENCE [Manatee] LONG: buy_prob=0.3816  sell_prob=0.0000  signal=Hold  action=HOLD  skip=BELOW_THRESHOLD
2026-03-03 19:25:05 [INFO] NEW BAR: 2026-03-04 03:25:00  O=75.09 H=75.09 L=75.09 C=75.09 V=3
2026-03-03 19:25:11 [INFO] INFERENCE [Manatee] LONG: buy_prob=0.3774  sell_prob=0.0000  signal=Hold  action=HOLD  skip=BELOW_THRESHOLD
2026-03-03 19:30:05 [INFO] NEW BAR: 2026-03-04 03:30:00  O=74.82 H=74.82 L=74.82 C=74.82 V=0
2026-03-03 19:30:11 [INFO] INFERENCE [Manatee] LONG: buy_prob=0.4136  sell_prob=0.0000  signal=Hold  action=HOLD  skip=BELOW_THRESHOLD
2026-03-03 19:35:04 [INFO] NEW BAR: 2026-03-04 03:35:00  O=74.96 H=74.98 L=74.96 C=74.98 V=2
2026-03-03 19:35:11 [INFO] INFERENCE [Manatee] LONG: buy_prob=0.3795  sell_prob=0.0000  signal=Hold  action=HOLD  skip=BELOW_THRESHOLD
2026-03-03 19:40:05 [INFO] NEW BAR: 2026-03-04 03:40:00  O=75.04 H=75.05 L=75.04 C=75.05 V=5
2026-03-03 19:40:11 [INFO] INFERENCE [Manatee] LONG: buy_prob=0.3932  sell_prob=0.0000  signal=Hold  action=HOLD  skip=BELOW_THRESHOLD
2026-03-03 19:45:04 [INFO] NEW BAR: 2026-03-04 03:45:00  O=74.98 H=74.98 L=74.93 C=74.93 V=22
2026-03-03 19:45:11 [INFO] INFERENCE [Manatee] LONG: buy_prob=0.3913  sell_prob=0.0000  signal=Hold  action=HOLD  skip=BELOW_THRESHOLD
2026-03-03 19:50:05 [INFO] NEW BAR: 2026-03-04 03:50:00  O=74.97 H=74.97 L=74.97 C=74.97 V=1
2026-03-03 19:50:11 [INFO] INFERENCE [Manatee] LONG: buy_prob=0.3830  sell_prob=0.0000  signal=Hold  action=HOLD  skip=BELOW_THRESHOLD
2026-03-03 19:55:05 [INFO] NEW BAR: 2026-03-04 03:55:00  O=74.93 H=74.93 L=74.93 C=74.93 V=0
2026-03-03 19:55:12 [INFO] INFERENCE [Manatee] LONG: buy_prob=0.3926  sell_prob=0.0000  signal=Hold  action=HOLD  skip=BELOW_THRESHOLD
2026-03-03 20:00:05 [INFO] NEW BAR: 2026-03-04 04:00:00  O=75.12 H=75.18 L=75.12 C=75.16 V=23
2026-03-03 20:00:12 [INFO] INFERENCE [Manatee] LONG: buy_prob=0.3786  sell_prob=0.0000  signal=Hold  action=HOLD  skip=BELOW_THRESHOLD
2026-03-03 20:05:05 [INFO] NEW BAR: 2026-03-04 04:05:00  O=75.19 H=75.19 L=75.17 C=75.18 V=8
2026-03-03 20:05:12 [INFO] INFERENCE [Manatee] LONG: buy_prob=0.3834  sell_prob=0.0000  signal=Hold  action=HOLD  skip=BELOW_THRESHOLD
2026-03-03 20:10:05 [INFO] NEW BAR: 2026-03-04 04:10:00  O=75.25 H=75.25 L=75.24 C=75.25 V=7
2026-03-03 20:10:12 [INFO] INFERENCE [Manatee] LONG: buy_prob=0.4000  sell_prob=0.0000  signal=Hold  action=HOLD  skip=BELOW_THRESHOLD
2026-03-03 20:15:05 [INFO] NEW BAR: 2026-03-04 04:15:00  O=75.38 H=75.38 L=75.37 C=75.37 V=4
2026-03-03 20:15:05 [INFO] Cache saved: 14207 bars → C:\Users\bwang\Documents\GitHub\CL_Analyst\data\processed\warm_start_cache_cid10.parquet
2026-03-03 20:15:05 [INFO] Mirrored warm_start_cache_cid10.parquet → C:\CL_Analyst_Data\processed\warm_start_cache_cid10.parquet
2026-03-03 20:15:12 [INFO] INFERENCE [Manatee] LONG: buy_prob=0.3875  sell_prob=0.0000  signal=Hold  action=HOLD  skip=BELOW_THRESHOLD
2026-03-03 20:20:05 [INFO] NEW BAR: 2026-03-04 04:20:00  O=75.37 H=75.38 L=75.37 C=75.38 V=3
2026-03-03 20:20:11 [INFO] INFERENCE [Manatee] LONG: buy_prob=0.3896  sell_prob=0.0000  signal=Hold  action=HOLD  skip=BELOW_THRESHOLD
2026-03-03 20:25:05 [INFO] NEW BAR: 2026-03-04 04:25:00  O=75.29 H=75.29 L=75.29 C=75.29 V=0
2026-03-03 20:25:12 [INFO] INFERENCE [Manatee] LONG: buy_prob=0.3864  sell_prob=0.0000  signal=Hold  action=HOLD  skip=BELOW_THRESHOLD
2026-03-03 20:30:05 [INFO] NEW BAR: 2026-03-04 04:30:00  O=75.40 H=75.40 L=75.35 C=75.37 V=15
2026-03-03 20:30:12 [INFO] INFERENCE [Manatee] LONG: buy_prob=0.3869  sell_prob=0.0000  signal=Hold  action=HOLD  skip=BELOW_THRESHOLD
2026-03-03 20:35:05 [INFO] NEW BAR: 2026-03-04 04:35:00  O=75.51 H=75.51 L=75.49 C=75.49 V=4
2026-03-03 20:35:12 [INFO] INFERENCE [Manatee] LONG: buy_prob=0.3695  sell_prob=0.0000  signal=Hold  action=HOLD  skip=BELOW_THRESHOLD
2026-03-03 20:40:05 [INFO] NEW BAR: 2026-03-04 04:40:00  O=75.46 H=75.46 L=75.46 C=75.46 V=0
2026-03-03 20:40:12 [INFO] INFERENCE [Manatee] LONG: buy_prob=0.3818  sell_prob=0.0000  signal=Hold  action=HOLD  skip=BELOW_THRESHOLD
2026-03-03 20:45:01 [INFO] Warning 2157, reqId -1: Sec-def data farm connection is broken:secdefnj
2026-03-03 20:45:02 [INFO] Warning 2158, reqId -1: Sec-def data farm connection is OK:secdefnj
2026-03-03 20:45:04 [INFO] NEW BAR: 2026-03-04 04:45:00  O=75.53 H=75.54 L=75.49 C=75.51 V=36
2026-03-03 20:45:11 [INFO] INFERENCE [Manatee] LONG: buy_prob=0.3595  sell_prob=0.0000  signal=Hold  action=HOLD  skip=BELOW_THRESHOLD
2026-03-03 20:45:16 [INFO] Warning 2157, reqId -1: Sec-def data farm connection is broken:secdefnj
2026-03-03 20:45:17 [INFO] Warning 2158, reqId -1: Sec-def data farm connection is OK:secdefnj
2026-03-03 20:45:31 [INFO] Warning 2157, reqId -1: Sec-def data farm connection is broken:secdefnj
2026-03-03 20:45:32 [INFO] Warning 2158, reqId -1: Sec-def data farm connection is OK:secdefnj
2026-03-03 20:50:05 [INFO] NEW BAR: 2026-03-04 04:50:00  O=75.49 H=75.49 L=75.49 C=75.49 V=0
2026-03-03 20:50:12 [INFO] INFERENCE [Manatee] LONG: buy_prob=0.3812  sell_prob=0.0000  signal=Hold  action=HOLD  skip=BELOW_THRESHOLD
2026-03-03 20:55:05 [INFO] NEW BAR: 2026-03-04 04:55:00  O=75.50 H=75.51 L=75.50 C=75.51 V=3
2026-03-03 20:55:12 [INFO] INFERENCE [Manatee] LONG: buy_prob=0.3775  sell_prob=0.0000  signal=Hold  action=HOLD  skip=BELOW_THRESHOLD
2026-03-03 21:00:02 [INFO] Warning 2105, reqId -1: HMDS data farm connection is broken:euhmds
2026-03-03 21:00:03 [INFO] Warning 2106, reqId -1: HMDS data farm connection is OK:euhmds
2026-03-03 21:00:04 [INFO] NEW BAR: 2026-03-04 05:00:00  O=75.48 H=75.51 L=75.48 C=75.51 V=7
2026-03-03 21:00:11 [INFO] INFERENCE [Manatee] LONG: buy_prob=0.3738  sell_prob=0.0000  signal=Hold  action=HOLD  skip=BELOW_THRESHOLD
2026-03-03 21:00:35 [INFO] Warning 2105, reqId -1: HMDS data farm connection is broken:fundfarm
2026-03-03 21:00:55 [INFO] Warning 2105, reqId -1: HMDS data farm connection is broken:fundfarm
2026-03-03 21:00:56 [INFO] Warning 2106, reqId -1: HMDS data farm connection is OK:fundfarm
2026-03-03 21:01:20 [INFO] Warning 2105, reqId -1: HMDS data farm connection is broken:ushmds
2026-03-03 21:01:20 [ERROR] Error 10182, reqId 5: Failed to request live updates (disconnected).
2026-03-03 21:01:20 [WARNING] SUBSCRIPTIONS LOST (Error 10182) — will resubscribe on reconnect
2026-03-03 21:01:20 [WARNING] SUBSCRIPTIONS LOST (Error 10182) — will resubscribe on reconnect
2026-03-03 21:01:20 [ERROR] Error 10182, reqId 16: Failed to request live updates (disconnected).
2026-03-03 21:01:20 [WARNING] SUBSCRIPTIONS LOST (Error 10182) — will resubscribe on reconnect
2026-03-03 21:01:20 [WARNING] SUBSCRIPTIONS LOST (Error 10182) — will resubscribe on reconnect
2026-03-03 21:01:20 [ERROR] Error 10182, reqId 9: Failed to request live updates (disconnected).
2026-03-03 21:01:20 [WARNING] SUBSCRIPTIONS LOST (Error 10182) — will resubscribe on reconnect
2026-03-03 21:01:20 [WARNING] SUBSCRIPTIONS LOST (Error 10182) — will resubscribe on reconnect
2026-03-03 21:01:20 [ERROR] Error 10182, reqId 4: Failed to request live updates (disconnected).
2026-03-03 21:01:20 [WARNING] SUBSCRIPTIONS LOST (Error 10182) — will resubscribe on reconnect
2026-03-03 21:01:20 [WARNING] SUBSCRIPTIONS LOST (Error 10182) — will resubscribe on reconnect
2026-03-03 21:01:20 [ERROR] Error 10182, reqId 2: Failed to request live updates (disconnected).
2026-03-03 21:01:20 [WARNING] SUBSCRIPTIONS LOST (Error 10182) — will resubscribe on reconnect
2026-03-03 21:01:20 [WARNING] SUBSCRIPTIONS LOST (Error 10182) — will resubscribe on reconnect
2026-03-03 21:01:20 [ERROR] Error 10182, reqId 10: Failed to request live updates (disconnected).
2026-03-03 21:01:20 [WARNING] SUBSCRIPTIONS LOST (Error 10182) — will resubscribe on reconnect
2026-03-03 21:01:20 [WARNING] SUBSCRIPTIONS LOST (Error 10182) — will resubscribe on reconnect
2026-03-03 21:01:20 [ERROR] Error 10182, reqId 8: Failed to request live updates (disconnected).
2026-03-03 21:01:20 [WARNING] SUBSCRIPTIONS LOST (Error 10182) — will resubscribe on reconnect
2026-03-03 21:01:20 [WARNING] SUBSCRIPTIONS LOST (Error 10182) — will resubscribe on reconnect
2026-03-03 21:01:20 [ERROR] Error 10182, reqId 15: Failed to request live updates (disconnected).
2026-03-03 21:01:20 [WARNING] SUBSCRIPTIONS LOST (Error 10182) — will resubscribe on reconnect
2026-03-03 21:01:20 [WARNING] SUBSCRIPTIONS LOST (Error 10182) — will resubscribe on reconnect
2026-03-03 21:01:20 [ERROR] Error 10182, reqId 12: Failed to request live updates (disconnected).
2026-03-03 21:01:20 [WARNING] SUBSCRIPTIONS LOST (Error 10182) — will resubscribe on reconnect
2026-03-03 21:01:20 [WARNING] SUBSCRIPTIONS LOST (Error 10182) — will resubscribe on reconnect
2026-03-03 21:01:20 [ERROR] Error 10182, reqId 3: Failed to request live updates (disconnected).
2026-03-03 21:01:20 [WARNING] SUBSCRIPTIONS LOST (Error 10182) — will resubscribe on reconnect
2026-03-03 21:01:20 [WARNING] SUBSCRIPTIONS LOST (Error 10182) — will resubscribe on reconnect
2026-03-03 21:01:20 [ERROR] Error 10182, reqId 13: Failed to request live updates (disconnected).
2026-03-03 21:01:20 [WARNING] SUBSCRIPTIONS LOST (Error 10182) — will resubscribe on reconnect
2026-03-03 21:01:20 [WARNING] SUBSCRIPTIONS LOST (Error 10182) — will resubscribe on reconnect
2026-03-03 21:01:20 [ERROR] Error 10182, reqId 6: Failed to request live updates (disconnected).
2026-03-03 21:01:20 [WARNING] SUBSCRIPTIONS LOST (Error 10182) — will resubscribe on reconnect
2026-03-03 21:01:20 [WARNING] SUBSCRIPTIONS LOST (Error 10182) — will resubscribe on reconnect
2026-03-03 21:01:20 [ERROR] Error 10182, reqId 11: Failed to request live updates (disconnected).
2026-03-03 21:01:20 [WARNING] SUBSCRIPTIONS LOST (Error 10182) — will resubscribe on reconnect
2026-03-03 21:01:20 [WARNING] SUBSCRIPTIONS LOST (Error 10182) — will resubscribe on reconnect
2026-03-03 21:01:25 [INFO] Warning 2106, reqId -1: HMDS data farm connection is OK:ushmds
2026-03-03 21:01:25 [INFO] CONNECTIVITY RESTORED (code 2106) — resubscribing...
2026-03-03 21:01:25 [INFO] Subscribing to live 5-min bars (Brain stream)...
2026-03-03 21:01:25 [ERROR] Resubscription failed — will retry on next reconnect
Traceback (most recent call last):
  File "C:\Users\bwang\Documents\GitHub\CL_Analyst\src\live_execution\live_trader.py", line 993, in _resubscribe_and_backfill
    "Backfilled %d bars, latest=%s",
  File "C:\Users\bwang\Documents\GitHub\CL_Analyst\src\live_execution\live_trader.py", line 889, in _subscribe
    log.info("Subscribing to live 5-min bars (Brain stream)...")
  File "C:\Users\bwang\Documents\GitHub\CL_Analyst\src\live_execution\ibkr_client.py", line 523, in subscribe_live_bars
    bars = self.ib.reqHistoricalData(
  File "C:\Users\bwang\anaconda3\envs\trader\lib\site-packages\ib_insync\ib.py", line 1070, in reqHistoricalData
    return self._run(
  File "C:\Users\bwang\anaconda3\envs\trader\lib\site-packages\ib_insync\ib.py", line 318, in _run
    return util.run(*awaitables, timeout=self.RequestTimeout)
  File "C:\Users\bwang\anaconda3\envs\trader\lib\site-packages\ib_insync\util.py", line 341, in run
    result = loop.run_until_complete(task)
  File "C:\Users\bwang\anaconda3\envs\trader\lib\asyncio\base_events.py", line 625, in run_until_complete
    self._check_running()
  File "C:\Users\bwang\anaconda3\envs\trader\lib\asyncio\base_events.py", line 584, in _check_running
    raise RuntimeError('This event loop is already running')
RuntimeError: This event loop is already running
2026-03-03 21:01:25 [INFO] CONNECTIVITY RESTORED (code 2106) — resubscribing...
2026-03-03 21:01:25 [INFO] Subscribing to live 5-min bars (Brain stream)...
2026-03-03 21:01:25 [ERROR] Resubscription failed — will retry on next reconnect
Traceback (most recent call last):
  File "C:\Users\bwang\Documents\GitHub\CL_Analyst\src\live_execution\live_trader.py", line 993, in _resubscribe_and_backfill
    "Backfilled %d bars, latest=%s",
  File "C:\Users\bwang\Documents\GitHub\CL_Analyst\src\live_execution\live_trader.py", line 889, in _subscribe
    log.info("Subscribing to live 5-min bars (Brain stream)...")
  File "C:\Users\bwang\Documents\GitHub\CL_Analyst\src\live_execution\ibkr_client.py", line 523, in subscribe_live_bars
    bars = self.ib.reqHistoricalData(
  File "C:\Users\bwang\anaconda3\envs\trader\lib\site-packages\ib_insync\ib.py", line 1070, in reqHistoricalData
    return self._run(
  File "C:\Users\bwang\anaconda3\envs\trader\lib\site-packages\ib_insync\ib.py", line 318, in _run
    return util.run(*awaitables, timeout=self.RequestTimeout)
  File "C:\Users\bwang\anaconda3\envs\trader\lib\site-packages\ib_insync\util.py", line 341, in run
    result = loop.run_until_complete(task)
  File "C:\Users\bwang\anaconda3\envs\trader\lib\asyncio\base_events.py", line 625, in run_until_complete
    self._check_running()
  File "C:\Users\bwang\anaconda3\envs\trader\lib\asyncio\base_events.py", line 584, in _check_running
    raise RuntimeError('This event loop is already running')
RuntimeError: This event loop is already running
2026-03-03 21:01:25 [ERROR] Error 366, reqId 15: No historical data query found for ticker id:15
2026-03-03 21:01:25 [ERROR] Error 366, reqId 16: No historical data query found for ticker id:16
2026-03-03 21:01:25 [ERROR] Error 366, reqId 15: No historical data query found for ticker id:15
2026-03-03 21:01:25 [ERROR] Error 366, reqId 16: No historical data query found for ticker id:16
2026-03-03 21:01:47 [INFO] Warning 2105, reqId -1: HMDS data farm connection is broken:euhmds
2026-03-03 21:01:49 [INFO] Warning 2106, reqId -1: HMDS data farm connection is OK:euhmds
2026-03-03 21:01:49 [INFO] CONNECTIVITY RESTORED (code 2106) — resubscribing...
2026-03-03 21:01:49 [INFO] Subscribing to live 5-min bars (Brain stream)...
2026-03-03 21:01:49 [ERROR] Resubscription failed — will retry on next reconnect
Traceback (most recent call last):
  File "C:\Users\bwang\Documents\GitHub\CL_Analyst\src\live_execution\live_trader.py", line 993, in _resubscribe_and_backfill
    "Backfilled %d bars, latest=%s",
  File "C:\Users\bwang\Documents\GitHub\CL_Analyst\src\live_execution\live_trader.py", line 889, in _subscribe
    log.info("Subscribing to live 5-min bars (Brain stream)...")
  File "C:\Users\bwang\Documents\GitHub\CL_Analyst\src\live_execution\ibkr_client.py", line 523, in subscribe_live_bars
    bars = self.ib.reqHistoricalData(
  File "C:\Users\bwang\anaconda3\envs\trader\lib\site-packages\ib_insync\ib.py", line 1070, in reqHistoricalData
    return self._run(
  File "C:\Users\bwang\anaconda3\envs\trader\lib\site-packages\ib_insync\ib.py", line 318, in _run
    return util.run(*awaitables, timeout=self.RequestTimeout)
  File "C:\Users\bwang\anaconda3\envs\trader\lib\site-packages\ib_insync\util.py", line 341, in run
    result = loop.run_until_complete(task)
  File "C:\Users\bwang\anaconda3\envs\trader\lib\asyncio\base_events.py", line 625, in run_until_complete
    self._check_running()
  File "C:\Users\bwang\anaconda3\envs\trader\lib\asyncio\base_events.py", line 584, in _check_running
    raise RuntimeError('This event loop is already running')
RuntimeError: This event loop is already running
2026-03-03 21:01:49 [INFO] CONNECTIVITY RESTORED (code 2106) — resubscribing...
2026-03-03 21:01:49 [INFO] Subscribing to live 5-min bars (Brain stream)...
2026-03-03 21:01:49 [ERROR] Resubscription failed — will retry on next reconnect
Traceback (most recent call last):
  File "C:\Users\bwang\Documents\GitHub\CL_Analyst\src\live_execution\live_trader.py", line 993, in _resubscribe_and_backfill
    "Backfilled %d bars, latest=%s",
  File "C:\Users\bwang\Documents\GitHub\CL_Analyst\src\live_execution\live_trader.py", line 889, in _subscribe
    log.info("Subscribing to live 5-min bars (Brain stream)...")
  File "C:\Users\bwang\Documents\GitHub\CL_Analyst\src\live_execution\ibkr_client.py", line 523, in subscribe_live_bars
    bars = self.ib.reqHistoricalData(
  File "C:\Users\bwang\anaconda3\envs\trader\lib\site-packages\ib_insync\ib.py", line 1070, in reqHistoricalData
    return self._run(
  File "C:\Users\bwang\anaconda3\envs\trader\lib\site-packages\ib_insync\ib.py", line 318, in _run
    return util.run(*awaitables, timeout=self.RequestTimeout)
  File "C:\Users\bwang\anaconda3\envs\trader\lib\site-packages\ib_insync\util.py", line 341, in run
    result = loop.run_until_complete(task)
  File "C:\Users\bwang\anaconda3\envs\trader\lib\asyncio\base_events.py", line 625, in run_until_complete
    self._check_running()
  File "C:\Users\bwang\anaconda3\envs\trader\lib\asyncio\base_events.py", line 584, in _check_running
    raise RuntimeError('This event loop is already running')
RuntimeError: This event loop is already running
2026-03-03 21:01:49 [ERROR] Error 366, reqId 15: No historical data query found for ticker id:15
2026-03-03 21:01:49 [ERROR] Error 366, reqId 16: No historical data query found for ticker id:16
2026-03-03 21:01:49 [ERROR] Error 366, reqId 15: No historical data query found for ticker id:15
2026-03-03 21:01:49 [ERROR] Error 366, reqId 16: No historical data query found for ticker id:16
2026-03-03 21:12:22 [INFO] Warning 2103, reqId -1: Market data farm connection is broken:usfarm
2026-03-03 21:12:24 [INFO] Warning 2104, reqId -1: Market data farm connection is OK:usfarm
2026-03-03 21:12:24 [INFO] CONNECTIVITY RESTORED (code 2104) — resubscribing...
2026-03-03 21:12:24 [INFO] Backfilling gap: 2026-03-04 05:00:00 → 2026-03-04 05:12:24.110871 (12.4 minutes)
2026-03-03 21:12:24 [ERROR] Gap backfill failed — continuing without
Traceback (most recent call last):
  File "C:\Users\bwang\Documents\GitHub\CL_Analyst\src\live_execution\live_trader.py", line 954, in _resubscribe_and_backfill
    if self._last_bar_time is not None:
TypeError: IBKRConnectionManager.fetch_historical_bars_by_duration() got an unexpected keyword argument 'contract'
2026-03-03 21:12:24 [INFO] Subscribing to live 5-min bars (Brain stream)...
2026-03-03 21:12:24 [ERROR] Resubscription failed — will retry on next reconnect
Traceback (most recent call last):
  File "C:\Users\bwang\Documents\GitHub\CL_Analyst\src\live_execution\live_trader.py", line 993, in _resubscribe_and_backfill
    "Backfilled %d bars, latest=%s",
  File "C:\Users\bwang\Documents\GitHub\CL_Analyst\src\live_execution\live_trader.py", line 889, in _subscribe
    log.info("Subscribing to live 5-min bars (Brain stream)...")
  File "C:\Users\bwang\Documents\GitHub\CL_Analyst\src\live_execution\ibkr_client.py", line 523, in subscribe_live_bars
    bars = self.ib.reqHistoricalData(
  File "C:\Users\bwang\anaconda3\envs\trader\lib\site-packages\ib_insync\ib.py", line 1070, in reqHistoricalData
    return self._run(
  File "C:\Users\bwang\anaconda3\envs\trader\lib\site-packages\ib_insync\ib.py", line 318, in _run
    return util.run(*awaitables, timeout=self.RequestTimeout)
  File "C:\Users\bwang\anaconda3\envs\trader\lib\site-packages\ib_insync\util.py", line 341, in run
    result = loop.run_until_complete(task)
  File "C:\Users\bwang\anaconda3\envs\trader\lib\asyncio\base_events.py", line 625, in run_until_complete
    self._check_running()
  File "C:\Users\bwang\anaconda3\envs\trader\lib\asyncio\base_events.py", line 584, in _check_running
    raise RuntimeError('This event loop is already running')
RuntimeError: This event loop is already running
2026-03-03 21:12:24 [INFO] CONNECTIVITY RESTORED (code 2104) — resubscribing...
2026-03-03 21:12:24 [INFO] Backfilling gap: 2026-03-04 05:00:00 → 2026-03-04 05:12:24.112460 (12.4 minutes)
2026-03-03 21:12:24 [ERROR] Gap backfill failed — continuing without
Traceback (most recent call last):
  File "C:\Users\bwang\Documents\GitHub\CL_Analyst\src\live_execution\live_trader.py", line 954, in _resubscribe_and_backfill
    if self._last_bar_time is not None:
TypeError: IBKRConnectionManager.fetch_historical_bars_by_duration() got an unexpected keyword argument 'contract'
2026-03-03 21:12:24 [INFO] Subscribing to live 5-min bars (Brain stream)...
2026-03-03 21:12:24 [ERROR] Resubscription failed — will retry on next reconnect
Traceback (most recent call last):
  File "C:\Users\bwang\Documents\GitHub\CL_Analyst\src\live_execution\live_trader.py", line 993, in _resubscribe_and_backfill
    "Backfilled %d bars, latest=%s",
  File "C:\Users\bwang\Documents\GitHub\CL_Analyst\src\live_execution\live_trader.py", line 889, in _subscribe
    log.info("Subscribing to live 5-min bars (Brain stream)...")
  File "C:\Users\bwang\Documents\GitHub\CL_Analyst\src\live_execution\ibkr_client.py", line 523, in subscribe_live_bars
    bars = self.ib.reqHistoricalData(
  File "C:\Users\bwang\anaconda3\envs\trader\lib\site-packages\ib_insync\ib.py", line 1070, in reqHistoricalData
    return self._run(
  File "C:\Users\bwang\anaconda3\envs\trader\lib\site-packages\ib_insync\ib.py", line 318, in _run
    return util.run(*awaitables, timeout=self.RequestTimeout)
  File "C:\Users\bwang\anaconda3\envs\trader\lib\site-packages\ib_insync\util.py", line 341, in run
    result = loop.run_until_complete(task)
  File "C:\Users\bwang\anaconda3\envs\trader\lib\asyncio\base_events.py", line 625, in run_until_complete
    self._check_running()
  File "C:\Users\bwang\anaconda3\envs\trader\lib\asyncio\base_events.py", line 584, in _check_running
    raise RuntimeError('This event loop is already running')
RuntimeError: This event loop is already running
2026-03-03 21:12:24 [ERROR] Error 366, reqId 15: No historical data query found for ticker id:15
2026-03-03 21:12:24 [ERROR] Error 366, reqId 16: No historical data query found for ticker id:16
2026-03-03 21:12:24 [ERROR] Error 366, reqId 15: No historical data query found for ticker id:15
2026-03-03 21:12:24 [ERROR] Error 366, reqId 16: No historical data query found for ticker id:16
2026-03-03 21:12:55 [INFO] Warning 2103, reqId -1: Market data farm connection is broken:usfarm
2026-03-03 21:12:58 [INFO] Warning 2104, reqId -1: Market data farm connection is OK:usfarm
2026-03-03 21:12:58 [INFO] CONNECTIVITY RESTORED (code 2104) — resubscribing...
2026-03-03 21:12:58 [INFO] Backfilling gap: 2026-03-04 05:00:00 → 2026-03-04 05:12:58.179421 (13.0 minutes)
2026-03-03 21:12:58 [ERROR] Gap backfill failed — continuing without
Traceback (most recent call last):
  File "C:\Users\bwang\Documents\GitHub\CL_Analyst\src\live_execution\live_trader.py", line 954, in _resubscribe_and_backfill
    if self._last_bar_time is not None:
TypeError: IBKRConnectionManager.fetch_historical_bars_by_duration() got an unexpected keyword argument 'contract'
2026-03-03 21:12:58 [INFO] Subscribing to live 5-min bars (Brain stream)...
2026-03-03 21:12:58 [ERROR] Resubscription failed — will retry on next reconnect
Traceback (most recent call last):
  File "C:\Users\bwang\Documents\GitHub\CL_Analyst\src\live_execution\live_trader.py", line 993, in _resubscribe_and_backfill
    "Backfilled %d bars, latest=%s",
  File "C:\Users\bwang\Documents\GitHub\CL_Analyst\src\live_execution\live_trader.py", line 889, in _subscribe
    log.info("Subscribing to live 5-min bars (Brain stream)...")
  File "C:\Users\bwang\Documents\GitHub\CL_Analyst\src\live_execution\ibkr_client.py", line 523, in subscribe_live_bars
    bars = self.ib.reqHistoricalData(
  File "C:\Users\bwang\anaconda3\envs\trader\lib\site-packages\ib_insync\ib.py", line 1070, in reqHistoricalData
    return self._run(
  File "C:\Users\bwang\anaconda3\envs\trader\lib\site-packages\ib_insync\ib.py", line 318, in _run
    return util.run(*awaitables, timeout=self.RequestTimeout)
  File "C:\Users\bwang\anaconda3\envs\trader\lib\site-packages\ib_insync\util.py", line 341, in run
    result = loop.run_until_complete(task)
  File "C:\Users\bwang\anaconda3\envs\trader\lib\asyncio\base_events.py", line 625, in run_until_complete
    self._check_running()
  File "C:\Users\bwang\anaconda3\envs\trader\lib\asyncio\base_events.py", line 584, in _check_running
    raise RuntimeError('This event loop is already running')
RuntimeError: This event loop is already running
2026-03-03 21:12:58 [INFO] CONNECTIVITY RESTORED (code 2104) — resubscribing...
2026-03-03 21:12:58 [INFO] Backfilling gap: 2026-03-04 05:00:00 → 2026-03-04 05:12:58.181737 (13.0 minutes)
2026-03-03 21:12:58 [ERROR] Gap backfill failed — continuing without
Traceback (most recent call last):
  File "C:\Users\bwang\Documents\GitHub\CL_Analyst\src\live_execution\live_trader.py", line 954, in _resubscribe_and_backfill
    if self._last_bar_time is not None:
TypeError: IBKRConnectionManager.fetch_historical_bars_by_duration() got an unexpected keyword argument 'contract'
2026-03-03 21:12:58 [INFO] Subscribing to live 5-min bars (Brain stream)...
2026-03-03 21:12:58 [ERROR] Resubscription failed — will retry on next reconnect
Traceback (most recent call last):
  File "C:\Users\bwang\Documents\GitHub\CL_Analyst\src\live_execution\live_trader.py", line 993, in _resubscribe_and_backfill
    "Backfilled %d bars, latest=%s",
  File "C:\Users\bwang\Documents\GitHub\CL_Analyst\src\live_execution\live_trader.py", line 889, in _subscribe
    log.info("Subscribing to live 5-min bars (Brain stream)...")
  File "C:\Users\bwang\Documents\GitHub\CL_Analyst\src\live_execution\ibkr_client.py", line 523, in subscribe_live_bars
    bars = self.ib.reqHistoricalData(
  File "C:\Users\bwang\anaconda3\envs\trader\lib\site-packages\ib_insync\ib.py", line 1070, in reqHistoricalData
    return self._run(
  File "C:\Users\bwang\anaconda3\envs\trader\lib\site-packages\ib_insync\ib.py", line 318, in _run
    return util.run(*awaitables, timeout=self.RequestTimeout)
  File "C:\Users\bwang\anaconda3\envs\trader\lib\site-packages\ib_insync\util.py", line 341, in run
    result = loop.run_until_complete(task)
  File "C:\Users\bwang\anaconda3\envs\trader\lib\asyncio\base_events.py", line 625, in run_until_complete
    self._check_running()
  File "C:\Users\bwang\anaconda3\envs\trader\lib\asyncio\base_events.py", line 584, in _check_running
    raise RuntimeError('This event loop is already running')
RuntimeError: This event loop is already running
2026-03-03 21:12:58 [ERROR] Error 366, reqId 15: No historical data query found for ticker id:15
2026-03-03 21:12:58 [ERROR] Error 366, reqId 16: No historical data query found for ticker id:16
2026-03-03 21:12:58 [ERROR] Error 366, reqId 15: No historical data query found for ticker id:15
2026-03-03 21:12:58 [ERROR] Error 366, reqId 16: No historical data query found for ticker id:16
2026-03-03 21:14:36 [INFO] Warning 2108, reqId -1: Market data farm connection is inactive but should be available upon demand.hfarm
2026-03-03 21:14:36 [INFO] Warning 2108, reqId -1: Market data farm connection is inactive but should be available upon demand.hfarm
2026-03-03 21:14:36 [INFO] Warning 2108, reqId -1: Market data farm connection is inactive but should be available upon demand.eufarmnj
2026-03-03 21:14:36 [INFO] Warning 2108, reqId -1: Market data farm connection is inactive but should be available upon demand.eufarmnj
2026-03-03 21:14:36 [INFO] Warning 2108, reqId -1: Market data farm connection is inactive but should be available upon demand.jfarm
2026-03-03 21:14:36 [INFO] Warning 2108, reqId -1: Market data farm connection is inactive but should be available upon demand.jfarm
2026-03-03 21:17:23 [INFO] Warning 2103, reqId -1: Market data farm connection is broken:usfarm
2026-03-03 21:17:23 [INFO] Warning 2103, reqId -1: Market data farm connection is broken:usfarm.nj
2026-03-03 21:17:25 [INFO] Warning 2104, reqId -1: Market data farm connection is OK:usfarm
2026-03-03 21:17:25 [INFO] CONNECTIVITY RESTORED (code 2104) — resubscribing...
2026-03-03 21:17:25 [INFO] Backfilling gap: 2026-03-04 05:00:00 → 2026-03-04 05:17:25.062987 (17.4 minutes)
2026-03-03 21:17:25 [ERROR] Gap backfill failed — continuing without
Traceback (most recent call last):
  File "C:\Users\bwang\Documents\GitHub\CL_Analyst\src\live_execution\live_trader.py", line 954, in _resubscribe_and_backfill
    self.manager.cancel_subscription(self._live_bars)
TypeError: IBKRConnectionManager.fetch_historical_bars_by_duration() got an unexpected keyword argument 'contract'
2026-03-03 21:17:25 [INFO] Subscribing to live 5-min bars (Brain stream)...
2026-03-03 21:17:25 [ERROR] Resubscription failed — will retry on next reconnect
Traceback (most recent call last):
  File "C:\Users\bwang\Documents\GitHub\CL_Analyst\src\live_execution\live_trader.py", line 993, in _resubscribe_and_backfill
  File "C:\Users\bwang\Documents\GitHub\CL_Analyst\src\live_execution\live_trader.py", line 889, in _subscribe
    log.info("Subscribing to live 5-min bars (Brain stream)...")
  File "C:\Users\bwang\Documents\GitHub\CL_Analyst\src\live_execution\ibkr_client.py", line 523, in subscribe_live_bars
    bars = self.ib.reqHistoricalData(
  File "C:\Users\bwang\anaconda3\envs\trader\lib\site-packages\ib_insync\ib.py", line 1070, in reqHistoricalData
    return self._run(
  File "C:\Users\bwang\anaconda3\envs\trader\lib\site-packages\ib_insync\ib.py", line 318, in _run
    return util.run(*awaitables, timeout=self.RequestTimeout)
  File "C:\Users\bwang\anaconda3\envs\trader\lib\site-packages\ib_insync\util.py", line 341, in run
    result = loop.run_until_complete(task)
  File "C:\Users\bwang\anaconda3\envs\trader\lib\asyncio\base_events.py", line 625, in run_until_complete
    self._check_running()
  File "C:\Users\bwang\anaconda3\envs\trader\lib\asyncio\base_events.py", line 584, in _check_running
    raise RuntimeError('This event loop is already running')
RuntimeError: This event loop is already running
2026-03-03 21:17:25 [INFO] CONNECTIVITY RESTORED (code 2104) — resubscribing...
2026-03-03 21:17:25 [INFO] Backfilling gap: 2026-03-04 05:00:00 → 2026-03-04 05:17:25.066293 (17.4 minutes)
2026-03-03 21:17:25 [ERROR] Gap backfill failed — continuing without
Traceback (most recent call last):
  File "C:\Users\bwang\Documents\GitHub\CL_Analyst\src\live_execution\live_trader.py", line 954, in _resubscribe_and_backfill
    self.manager.cancel_subscription(self._live_bars)
TypeError: IBKRConnectionManager.fetch_historical_bars_by_duration() got an unexpected keyword argument 'contract'
2026-03-03 21:17:25 [INFO] Subscribing to live 5-min bars (Brain stream)...
2026-03-03 21:17:25 [ERROR] Resubscription failed — will retry on next reconnect
Traceback (most recent call last):
  File "C:\Users\bwang\Documents\GitHub\CL_Analyst\src\live_execution\live_trader.py", line 993, in _resubscribe_and_backfill
  File "C:\Users\bwang\Documents\GitHub\CL_Analyst\src\live_execution\live_trader.py", line 889, in _subscribe
    log.info("Subscribing to live 5-min bars (Brain stream)...")
  File "C:\Users\bwang\Documents\GitHub\CL_Analyst\src\live_execution\ibkr_client.py", line 523, in subscribe_live_bars
    bars = self.ib.reqHistoricalData(
  File "C:\Users\bwang\anaconda3\envs\trader\lib\site-packages\ib_insync\ib.py", line 1070, in reqHistoricalData
    return self._run(
  File "C:\Users\bwang\anaconda3\envs\trader\lib\site-packages\ib_insync\ib.py", line 318, in _run
    return util.run(*awaitables, timeout=self.RequestTimeout)
  File "C:\Users\bwang\anaconda3\envs\trader\lib\site-packages\ib_insync\util.py", line 341, in run
    result = loop.run_until_complete(task)
  File "C:\Users\bwang\anaconda3\envs\trader\lib\asyncio\base_events.py", line 625, in run_until_complete
    self._check_running()
  File "C:\Users\bwang\anaconda3\envs\trader\lib\asyncio\base_events.py", line 584, in _check_running
    raise RuntimeError('This event loop is already running')
RuntimeError: This event loop is already running
2026-03-03 21:17:25 [ERROR] Error 366, reqId 15: No historical data query found for ticker id:15
2026-03-03 21:17:25 [ERROR] Error 366, reqId 16: No historical data query found for ticker id:16
2026-03-03 21:17:25 [ERROR] Error 366, reqId 15: No historical data query found for ticker id:15
2026-03-03 21:17:25 [ERROR] Error 366, reqId 16: No historical data query found for ticker id:16
2026-03-03 21:17:25 [INFO] Warning 2104, reqId -1: Market data farm connection is OK:usfarm.nj
2026-03-03 21:17:25 [INFO] CONNECTIVITY RESTORED (code 2104) — resubscribing...
2026-03-03 21:17:25 [INFO] Backfilling gap: 2026-03-04 05:00:00 → 2026-03-04 05:17:25.358421 (17.4 minutes)
2026-03-03 21:17:25 [ERROR] Gap backfill failed — continuing without
Traceback (most recent call last):
  File "C:\Users\bwang\Documents\GitHub\CL_Analyst\src\live_execution\live_trader.py", line 954, in _resubscribe_and_backfill
    self.manager.cancel_subscription(self._live_bars)
TypeError: IBKRConnectionManager.fetch_historical_bars_by_duration() got an unexpected keyword argument 'contract'
2026-03-03 21:17:25 [INFO] Subscribing to live 5-min bars (Brain stream)...
2026-03-03 21:17:25 [ERROR] Resubscription failed — will retry on next reconnect
Traceback (most recent call last):
  File "C:\Users\bwang\Documents\GitHub\CL_Analyst\src\live_execution\live_trader.py", line 993, in _resubscribe_and_backfill
  File "C:\Users\bwang\Documents\GitHub\CL_Analyst\src\live_execution\live_trader.py", line 889, in _subscribe
    log.info("Subscribing to live 5-min bars (Brain stream)...")
  File "C:\Users\bwang\Documents\GitHub\CL_Analyst\src\live_execution\ibkr_client.py", line 523, in subscribe_live_bars
    bars = self.ib.reqHistoricalData(
  File "C:\Users\bwang\anaconda3\envs\trader\lib\site-packages\ib_insync\ib.py", line 1070, in reqHistoricalData
    return self._run(
  File "C:\Users\bwang\anaconda3\envs\trader\lib\site-packages\ib_insync\ib.py", line 318, in _run
    return util.run(*awaitables, timeout=self.RequestTimeout)
  File "C:\Users\bwang\anaconda3\envs\trader\lib\site-packages\ib_insync\util.py", line 341, in run
    result = loop.run_until_complete(task)
  File "C:\Users\bwang\anaconda3\envs\trader\lib\asyncio\base_events.py", line 625, in run_until_complete
    self._check_running()
  File "C:\Users\bwang\anaconda3\envs\trader\lib\asyncio\base_events.py", line 584, in _check_running
    raise RuntimeError('This event loop is already running')
RuntimeError: This event loop is already running
2026-03-03 21:17:25 [INFO] CONNECTIVITY RESTORED (code 2104) — resubscribing...
2026-03-03 21:17:25 [INFO] Backfilling gap: 2026-03-04 05:00:00 → 2026-03-04 05:17:25.360008 (17.4 minutes)
2026-03-03 21:17:25 [ERROR] Gap backfill failed — continuing without
Traceback (most recent call last):
  File "C:\Users\bwang\Documents\GitHub\CL_Analyst\src\live_execution\live_trader.py", line 954, in _resubscribe_and_backfill
    self.manager.cancel_subscription(self._live_bars)
TypeError: IBKRConnectionManager.fetch_historical_bars_by_duration() got an unexpected keyword argument 'contract'
2026-03-03 21:17:25 [INFO] Subscribing to live 5-min bars (Brain stream)...
2026-03-03 21:17:25 [ERROR] Resubscription failed — will retry on next reconnect
Traceback (most recent call last):
  File "C:\Users\bwang\Documents\GitHub\CL_Analyst\src\live_execution\live_trader.py", line 993, in _resubscribe_and_backfill
  File "C:\Users\bwang\Documents\GitHub\CL_Analyst\src\live_execution\live_trader.py", line 889, in _subscribe
    log.info("Subscribing to live 5-min bars (Brain stream)...")
  File "C:\Users\bwang\Documents\GitHub\CL_Analyst\src\live_execution\ibkr_client.py", line 523, in subscribe_live_bars
    bars = self.ib.reqHistoricalData(
  File "C:\Users\bwang\anaconda3\envs\trader\lib\site-packages\ib_insync\ib.py", line 1070, in reqHistoricalData
    return self._run(
  File "C:\Users\bwang\anaconda3\envs\trader\lib\site-packages\ib_insync\ib.py", line 318, in _run
    return util.run(*awaitables, timeout=self.RequestTimeout)
  File "C:\Users\bwang\anaconda3\envs\trader\lib\site-packages\ib_insync\util.py", line 341, in run
    result = loop.run_until_complete(task)
  File "C:\Users\bwang\anaconda3\envs\trader\lib\asyncio\base_events.py", line 625, in run_until_complete
    self._check_running()
  File "C:\Users\bwang\anaconda3\envs\trader\lib\asyncio\base_events.py", line 584, in _check_running
    raise RuntimeError('This event loop is already running')
RuntimeError: This event loop is already running
2026-03-03 21:17:25 [ERROR] Error 366, reqId 15: No historical data query found for ticker id:15
2026-03-03 21:17:25 [ERROR] Error 366, reqId 16: No historical data query found for ticker id:16
2026-03-03 21:17:25 [ERROR] Error 366, reqId 15: No historical data query found for ticker id:15
2026-03-03 21:17:25 [ERROR] Error 366, reqId 16: No historical data query found for ticker id:16
2026-03-03 21:17:56 [INFO] Warning 2103, reqId -1: Market data farm connection is broken:usopt.nj
2026-03-03 21:17:56 [INFO] Warning 2103, reqId -1: Market data farm connection is broken:usfarm
2026-03-03 21:17:56 [INFO] Warning 2104, reqId -1: Market data farm connection is OK:usopt.nj
2026-03-03 21:17:56 [INFO] CONNECTIVITY RESTORED (code 2104) — resubscribing...
2026-03-03 21:17:56 [INFO] Backfilling gap: 2026-03-04 05:00:00 → 2026-03-04 05:17:56.928186 (17.9 minutes)
2026-03-03 21:17:56 [ERROR] Gap backfill failed — continuing without
Traceback (most recent call last):
  File "C:\Users\bwang\Documents\GitHub\CL_Analyst\src\live_execution\live_trader.py", line 954, in _resubscribe_and_backfill
    self.manager.cancel_subscription(self._live_bars)
TypeError: IBKRConnectionManager.fetch_historical_bars_by_duration() got an unexpected keyword argument 'contract'
2026-03-03 21:17:56 [INFO] Subscribing to live 5-min bars (Brain stream)...
2026-03-03 21:17:56 [ERROR] Resubscription failed — will retry on next reconnect
Traceback (most recent call last):
  File "C:\Users\bwang\Documents\GitHub\CL_Analyst\src\live_execution\live_trader.py", line 993, in _resubscribe_and_backfill
  File "C:\Users\bwang\Documents\GitHub\CL_Analyst\src\live_execution\live_trader.py", line 889, in _subscribe
    log.info("Subscribing to live 5-min bars (Brain stream)...")
  File "C:\Users\bwang\Documents\GitHub\CL_Analyst\src\live_execution\ibkr_client.py", line 523, in subscribe_live_bars
    bars = self.ib.reqHistoricalData(
  File "C:\Users\bwang\anaconda3\envs\trader\lib\site-packages\ib_insync\ib.py", line 1070, in reqHistoricalData
    return self._run(
  File "C:\Users\bwang\anaconda3\envs\trader\lib\site-packages\ib_insync\ib.py", line 318, in _run
    return util.run(*awaitables, timeout=self.RequestTimeout)
  File "C:\Users\bwang\anaconda3\envs\trader\lib\site-packages\ib_insync\util.py", line 341, in run
    result = loop.run_until_complete(task)
  File "C:\Users\bwang\anaconda3\envs\trader\lib\asyncio\base_events.py", line 625, in run_until_complete
    self._check_running()
  File "C:\Users\bwang\anaconda3\envs\trader\lib\asyncio\base_events.py", line 584, in _check_running
    raise RuntimeError('This event loop is already running')
RuntimeError: This event loop is already running
2026-03-03 21:17:56 [INFO] CONNECTIVITY RESTORED (code 2104) — resubscribing...
2026-03-03 21:17:56 [INFO] Backfilling gap: 2026-03-04 05:00:00 → 2026-03-04 05:17:56.931747 (17.9 minutes)
2026-03-03 21:17:56 [ERROR] Gap backfill failed — continuing without
Traceback (most recent call last):
  File "C:\Users\bwang\Documents\GitHub\CL_Analyst\src\live_execution\live_trader.py", line 954, in _resubscribe_and_backfill
    self.manager.cancel_subscription(self._live_bars)
TypeError: IBKRConnectionManager.fetch_historical_bars_by_duration() got an unexpected keyword argument 'contract'
2026-03-03 21:17:56 [INFO] Subscribing to live 5-min bars (Brain stream)...
2026-03-03 21:17:56 [ERROR] Resubscription failed — will retry on next reconnect
Traceback (most recent call last):
  File "C:\Users\bwang\Documents\GitHub\CL_Analyst\src\live_execution\live_trader.py", line 993, in _resubscribe_and_backfill
  File "C:\Users\bwang\Documents\GitHub\CL_Analyst\src\live_execution\live_trader.py", line 889, in _subscribe
    log.info("Subscribing to live 5-min bars (Brain stream)...")
  File "C:\Users\bwang\Documents\GitHub\CL_Analyst\src\live_execution\ibkr_client.py", line 523, in subscribe_live_bars
    bars = self.ib.reqHistoricalData(
  File "C:\Users\bwang\anaconda3\envs\trader\lib\site-packages\ib_insync\ib.py", line 1070, in reqHistoricalData
    return self._run(
  File "C:\Users\bwang\anaconda3\envs\trader\lib\site-packages\ib_insync\ib.py", line 318, in _run
    return util.run(*awaitables, timeout=self.RequestTimeout)
  File "C:\Users\bwang\anaconda3\envs\trader\lib\site-packages\ib_insync\util.py", line 341, in run
    result = loop.run_until_complete(task)
  File "C:\Users\bwang\anaconda3\envs\trader\lib\asyncio\base_events.py", line 625, in run_until_complete
    self._check_running()
  File "C:\Users\bwang\anaconda3\envs\trader\lib\asyncio\base_events.py", line 584, in _check_running
    raise RuntimeError('This event loop is already running')
RuntimeError: This event loop is already running
2026-03-03 21:17:56 [ERROR] Error 366, reqId 15: No historical data query found for ticker id:15
2026-03-03 21:17:56 [ERROR] Error 366, reqId 16: No historical data query found for ticker id:16
2026-03-03 21:17:56 [ERROR] Error 366, reqId 15: No historical data query found for ticker id:15
2026-03-03 21:17:57 [ERROR] Error 366, reqId 16: No historical data query found for ticker id:16
2026-03-03 21:18:01 [INFO] Warning 2104, reqId -1: Market data farm connection is OK:usfarm
2026-03-03 21:18:01 [INFO] CONNECTIVITY RESTORED (code 2104) — resubscribing...
2026-03-03 21:18:01 [INFO] Backfilling gap: 2026-03-04 05:00:00 → 2026-03-04 05:18:01.730822 (18.0 minutes)
2026-03-03 21:18:01 [ERROR] Gap backfill failed — continuing without
Traceback (most recent call last):
  File "C:\Users\bwang\Documents\GitHub\CL_Analyst\src\live_execution\live_trader.py", line 954, in _resubscribe_and_backfill
    self.manager.cancel_subscription(self._live_bars)
TypeError: IBKRConnectionManager.fetch_historical_bars_by_duration() got an unexpected keyword argument 'contract'
2026-03-03 21:18:01 [INFO] Subscribing to live 5-min bars (Brain stream)...
2026-03-03 21:18:01 [ERROR] Resubscription failed — will retry on next reconnect
Traceback (most recent call last):
  File "C:\Users\bwang\Documents\GitHub\CL_Analyst\src\live_execution\live_trader.py", line 993, in _resubscribe_and_backfill
  File "C:\Users\bwang\Documents\GitHub\CL_Analyst\src\live_execution\live_trader.py", line 889, in _subscribe
    log.info("Subscribing to live 5-min bars (Brain stream)...")
  File "C:\Users\bwang\Documents\GitHub\CL_Analyst\src\live_execution\ibkr_client.py", line 523, in subscribe_live_bars
    bars = self.ib.reqHistoricalData(
  File "C:\Users\bwang\anaconda3\envs\trader\lib\site-packages\ib_insync\ib.py", line 1070, in reqHistoricalData
    return self._run(
  File "C:\Users\bwang\anaconda3\envs\trader\lib\site-packages\ib_insync\ib.py", line 318, in _run
    return util.run(*awaitables, timeout=self.RequestTimeout)
  File "C:\Users\bwang\anaconda3\envs\trader\lib\site-packages\ib_insync\util.py", line 341, in run
    result = loop.run_until_complete(task)
  File "C:\Users\bwang\anaconda3\envs\trader\lib\asyncio\base_events.py", line 625, in run_until_complete
    self._check_running()
  File "C:\Users\bwang\anaconda3\envs\trader\lib\asyncio\base_events.py", line 584, in _check_running
    raise RuntimeError('This event loop is already running')
RuntimeError: This event loop is already running
2026-03-03 21:18:01 [INFO] CONNECTIVITY RESTORED (code 2104) — resubscribing...
2026-03-03 21:18:01 [INFO] Backfilling gap: 2026-03-04 05:00:00 → 2026-03-04 05:18:01.735057 (18.0 minutes)
2026-03-03 21:18:01 [ERROR] Gap backfill failed — continuing without
Traceback (most recent call last):
  File "C:\Users\bwang\Documents\GitHub\CL_Analyst\src\live_execution\live_trader.py", line 954, in _resubscribe_and_backfill
    self.manager.cancel_subscription(self._live_bars)
TypeError: IBKRConnectionManager.fetch_historical_bars_by_duration() got an unexpected keyword argument 'contract'
2026-03-03 21:18:01 [INFO] Subscribing to live 5-min bars (Brain stream)...
2026-03-03 21:18:01 [ERROR] Resubscription failed — will retry on next reconnect
Traceback (most recent call last):
  File "C:\Users\bwang\Documents\GitHub\CL_Analyst\src\live_execution\live_trader.py", line 993, in _resubscribe_and_backfill
  File "C:\Users\bwang\Documents\GitHub\CL_Analyst\src\live_execution\live_trader.py", line 889, in _subscribe
    log.info("Subscribing to live 5-min bars (Brain stream)...")
  File "C:\Users\bwang\Documents\GitHub\CL_Analyst\src\live_execution\ibkr_client.py", line 523, in subscribe_live_bars
    bars = self.ib.reqHistoricalData(
  File "C:\Users\bwang\anaconda3\envs\trader\lib\site-packages\ib_insync\ib.py", line 1070, in reqHistoricalData
    return self._run(
  File "C:\Users\bwang\anaconda3\envs\trader\lib\site-packages\ib_insync\ib.py", line 318, in _run
    return util.run(*awaitables, timeout=self.RequestTimeout)
  File "C:\Users\bwang\anaconda3\envs\trader\lib\site-packages\ib_insync\util.py", line 341, in run
    result = loop.run_until_complete(task)
  File "C:\Users\bwang\anaconda3\envs\trader\lib\asyncio\base_events.py", line 625, in run_until_complete
    self._check_running()
  File "C:\Users\bwang\anaconda3\envs\trader\lib\asyncio\base_events.py", line 584, in _check_running
    raise RuntimeError('This event loop is already running')
RuntimeError: This event loop is already running
2026-03-03 21:18:01 [ERROR] Error 366, reqId 15: No historical data query found for ticker id:15
2026-03-03 21:18:01 [ERROR] Error 366, reqId 16: No historical data query found for ticker id:16
2026-03-03 21:18:01 [ERROR] Error 366, reqId 15: No historical data query found for ticker id:15
2026-03-03 21:18:01 [ERROR] Error 366, reqId 16: No historical data query found for ticker id:16
2026-03-03 21:31:11 [ERROR] Error 1100, reqId -1: Connectivity between IBKR and Trader Workstation has been lost.
2026-03-03 21:31:14 [ERROR] Error 1100, reqId -1: Connectivity between IBKR and Trader Workstation has been lost.
2026-03-03 21:31:18 [ERROR] Error 1100, reqId -1: Connectivity between IBKR and Trader Workstation has been lost.
2026-03-03 21:31:21 [ERROR] Error 1100, reqId -1: Connectivity between IBKR and Trader Workstation has been lost.
2026-03-03 21:31:24 [ERROR] Error 1100, reqId -1: Connectivity between IBKR and Trader Workstation has been lost.
2026-03-03 21:31:28 [ERROR] Error 1100, reqId -1: Connectivity between IBKR and Trader Workstation has been lost.
2026-03-03 21:31:34 [ERROR] Error 1100, reqId -1: Connectivity between IBKR and Trader Workstation has been lost.
2026-03-03 21:31:45 [ERROR] Error 1100, reqId -1: Connectivity between IBKR and Trader Workstation has been lost.
2026-03-03 21:31:55 [INFO] Warning 2103, reqId -1: Market data farm connection is broken:cashfarm
2026-03-03 21:31:55 [INFO] Warning 2103, reqId -1: Market data farm connection is broken:usfuture
2026-03-03 21:31:55 [INFO] Warning 2103, reqId -1: Market data farm connection is broken:usopt.nj
2026-03-03 21:31:55 [INFO] Warning 2103, reqId -1: Market data farm connection is broken:usfarm.nj
2026-03-03 21:31:55 [INFO] Warning 2103, reqId -1: Market data farm connection is broken:usfarm
2026-03-03 21:31:55 [INFO] Warning 2157, reqId -1: Sec-def data farm connection is broken:secdefnj
2026-03-03 21:31:55 [INFO] Warning 2105, reqId -1: HMDS data farm connection is broken:euhmds
2026-03-03 21:31:55 [INFO] Warning 2105, reqId -1: HMDS data farm connection is broken:fundfarm
2026-03-03 21:31:55 [INFO] Warning 2105, reqId -1: HMDS data farm connection is broken:ushmds
2026-03-03 21:31:55 [ERROR] Error 10182, reqId 18: Failed to request live updates (disconnected).
2026-03-03 21:31:55 [WARNING] SUBSCRIPTIONS LOST (Error 10182) — will resubscribe on reconnect
2026-03-03 21:31:55 [WARNING] SUBSCRIPTIONS LOST (Error 10182) — will resubscribe on reconnect
2026-03-03 21:31:55 [ERROR] Error 10182, reqId 26: Failed to request live updates (disconnected).
2026-03-03 21:31:55 [WARNING] SUBSCRIPTIONS LOST (Error 10182) — will resubscribe on reconnect
2026-03-03 21:31:55 [WARNING] SUBSCRIPTIONS LOST (Error 10182) — will resubscribe on reconnect
2026-03-03 21:31:55 [ERROR] Error 10182, reqId 24: Failed to request live updates (disconnected).
2026-03-03 21:31:55 [WARNING] SUBSCRIPTIONS LOST (Error 10182) — will resubscribe on reconnect
2026-03-03 21:31:55 [WARNING] SUBSCRIPTIONS LOST (Error 10182) — will resubscribe on reconnect
2026-03-03 21:31:55 [ERROR] Error 10182, reqId 21: Failed to request live updates (disconnected).
2026-03-03 21:31:55 [WARNING] SUBSCRIPTIONS LOST (Error 10182) — will resubscribe on reconnect
2026-03-03 21:31:55 [WARNING] SUBSCRIPTIONS LOST (Error 10182) — will resubscribe on reconnect
2026-03-03 21:31:55 [ERROR] Error 10182, reqId 32: Failed to request live updates (disconnected).
2026-03-03 21:31:55 [WARNING] SUBSCRIPTIONS LOST (Error 10182) — will resubscribe on reconnect
2026-03-03 21:31:55 [WARNING] SUBSCRIPTIONS LOST (Error 10182) — will resubscribe on reconnect
2026-03-03 21:31:55 [ERROR] Error 10182, reqId 19: Failed to request live updates (disconnected).
2026-03-03 21:31:55 [WARNING] SUBSCRIPTIONS LOST (Error 10182) — will resubscribe on reconnect
2026-03-03 21:31:55 [WARNING] SUBSCRIPTIONS LOST (Error 10182) — will resubscribe on reconnect
2026-03-03 21:31:55 [ERROR] Error 10182, reqId 17: Failed to request live updates (disconnected).
2026-03-03 21:31:55 [WARNING] SUBSCRIPTIONS LOST (Error 10182) — will resubscribe on reconnect
2026-03-03 21:31:55 [WARNING] SUBSCRIPTIONS LOST (Error 10182) — will resubscribe on reconnect
2026-03-03 21:31:55 [ERROR] Error 10182, reqId 22: Failed to request live updates (disconnected).
2026-03-03 21:31:55 [WARNING] SUBSCRIPTIONS LOST (Error 10182) — will resubscribe on reconnect
2026-03-03 21:31:55 [WARNING] SUBSCRIPTIONS LOST (Error 10182) — will resubscribe on reconnect
2026-03-03 21:31:55 [ERROR] Error 10182, reqId 29: Failed to request live updates (disconnected).
2026-03-03 21:31:55 [WARNING] SUBSCRIPTIONS LOST (Error 10182) — will resubscribe on reconnect
2026-03-03 21:31:55 [WARNING] SUBSCRIPTIONS LOST (Error 10182) — will resubscribe on reconnect
2026-03-03 21:31:55 [ERROR] Error 10182, reqId 20: Failed to request live updates (disconnected).
2026-03-03 21:31:55 [WARNING] SUBSCRIPTIONS LOST (Error 10182) — will resubscribe on reconnect
2026-03-03 21:31:55 [WARNING] SUBSCRIPTIONS LOST (Error 10182) — will resubscribe on reconnect
2026-03-03 21:31:55 [ERROR] Error 10182, reqId 23: Failed to request live updates (disconnected).
2026-03-03 21:31:55 [WARNING] SUBSCRIPTIONS LOST (Error 10182) — will resubscribe on reconnect
2026-03-03 21:31:55 [WARNING] SUBSCRIPTIONS LOST (Error 10182) — will resubscribe on reconnect
2026-03-03 21:31:55 [ERROR] Error 10182, reqId 30: Failed to request live updates (disconnected).
2026-03-03 21:31:55 [WARNING] SUBSCRIPTIONS LOST (Error 10182) — will resubscribe on reconnect
2026-03-03 21:31:55 [WARNING] SUBSCRIPTIONS LOST (Error 10182) — will resubscribe on reconnect
2026-03-03 21:31:55 [ERROR] Error 10182, reqId 25: Failed to request live updates (disconnected).
2026-03-03 21:31:55 [WARNING] SUBSCRIPTIONS LOST (Error 10182) — will resubscribe on reconnect
2026-03-03 21:31:55 [WARNING] SUBSCRIPTIONS LOST (Error 10182) — will resubscribe on reconnect
2026-03-03 21:31:55 [ERROR] Error 10182, reqId 28: Failed to request live updates (disconnected).
2026-03-03 21:31:55 [WARNING] SUBSCRIPTIONS LOST (Error 10182) — will resubscribe on reconnect
2026-03-03 21:31:55 [WARNING] SUBSCRIPTIONS LOST (Error 10182) — will resubscribe on reconnect
2026-03-03 21:31:55 [ERROR] Error 10182, reqId 27: Failed to request live updates (disconnected).
2026-03-03 21:31:55 [WARNING] SUBSCRIPTIONS LOST (Error 10182) — will resubscribe on reconnect
2026-03-03 21:31:55 [WARNING] SUBSCRIPTIONS LOST (Error 10182) — will resubscribe on reconnect
2026-03-03 21:31:55 [ERROR] Error 10182, reqId 31: Failed to request live updates (disconnected).
2026-03-03 21:31:55 [WARNING] SUBSCRIPTIONS LOST (Error 10182) — will resubscribe on reconnect
2026-03-03 21:31:55 [WARNING] SUBSCRIPTIONS LOST (Error 10182) — will resubscribe on reconnect
2026-03-03 21:34:56 [ERROR] Error 1100, reqId -1: Connectivity between IBKR and Trader Workstation has been lost.
2026-03-03 21:37:56 [ERROR] Error 1100, reqId -1: Connectivity between IBKR and Trader Workstation has been lost.
2026-03-03 21:40:57 [ERROR] Error 1100, reqId -1: Connectivity between IBKR and Trader Workstation has been lost.
2026-03-03 21:43:58 [ERROR] Error 1100, reqId -1: Connectivity between IBKR and Trader Workstation has been lost.
2026-03-03 21:47:03 [ERROR] Error 1100, reqId -1: Connectivity between IBKR and Trader Workstation has been lost.
2026-03-03 21:53:08 [ERROR] Peer closed connection.
2026-03-03 21:53:08 [ERROR] Connection lost: Socket disconnect — attempting reconnect...
2026-03-03 21:53:08 [INFO] Reconnect attempt 1/50 (waiting 5s)...
2026-03-03 21:53:13 [INFO] Attempting IBKR connection on 127.0.0.1:7497 (clientId=10) ...
2026-03-03 21:53:13 [INFO] Connecting to 127.0.0.1:7497 with clientId 10...
2026-03-03 21:53:15 [INFO] Disconnecting
2026-03-03 21:53:15 [ERROR] API connection failed: ConnectionRefusedError(22, 'The remote computer refused the network connection', None, 1225, None)
2026-03-03 21:53:15 [ERROR] Make sure API port on TWS/IBG is open
2026-03-03 21:53:15 [WARNING] Connection failed on port 7497: [WinError 1225] The remote computer refused the network connection
2026-03-03 21:53:15 [WARNING] Reconnect attempt 1 failed: Could not connect to IBKR on any port [7497]: [WinError 1225] The remote computer refused the network connection
2026-03-03 21:53:15 [INFO] Reconnect attempt 2/50 (waiting 10s)...
2026-03-03 21:53:25 [INFO] Attempting IBKR connection on 127.0.0.1:7497 (clientId=10) ...
2026-03-03 21:53:25 [INFO] Connecting to 127.0.0.1:7497 with clientId 10...
2026-03-03 21:53:27 [INFO] Disconnecting
2026-03-03 21:53:27 [ERROR] API connection failed: ConnectionRefusedError(22, 'The remote computer refused the network connection', None, 1225, None)
2026-03-03 21:53:27 [ERROR] Make sure API port on TWS/IBG is open
2026-03-03 21:53:27 [WARNING] Connection failed on port 7497: [WinError 1225] The remote computer refused the network connection
2026-03-03 21:53:27 [WARNING] Reconnect attempt 2 failed: Could not connect to IBKR on any port [7497]: [WinError 1225] The remote computer refused the network connection
2026-03-03 21:53:27 [INFO] Reconnect attempt 3/50 (waiting 20s)...
2026-03-03 21:53:47 [INFO] Attempting IBKR connection on 127.0.0.1:7497 (clientId=10) ...
2026-03-03 21:53:47 [INFO] Connecting to 127.0.0.1:7497 with clientId 10...
2026-03-03 21:53:47 [INFO] Connected
2026-03-03 21:53:47 [INFO] Logged on to server version 176
2026-03-03 21:53:47 [INFO] Warning 2104, reqId -1: Market data farm connection is OK:usfuture.nj
2026-03-03 21:53:47 [INFO] CONNECTIVITY RESTORED (code 2104) — resubscribing...
2026-03-03 21:53:47 [INFO] Backfilling gap: 2026-03-04 05:00:00 → 2026-03-04 05:53:47.818697 (53.8 minutes)
2026-03-03 21:53:47 [ERROR] Gap backfill failed — continuing without
Traceback (most recent call last):
  File "C:\Users\bwang\anaconda3\envs\trader\lib\asyncio\tasks.py", line 605, in sleep
    return await future
asyncio.exceptions.CancelledError

During handling of the above exception, another exception occurred:

Traceback (most recent call last):
  File "C:\Users\bwang\anaconda3\envs\trader\lib\site-packages\ib_insync\util.py", line 341, in run
    result = loop.run_until_complete(task)
  File "C:\Users\bwang\anaconda3\envs\trader\lib\asyncio\base_events.py", line 649, in run_until_complete
    return future.result()
asyncio.exceptions.CancelledError

During handling of the above exception, another exception occurred:

Traceback (most recent call last):
  File "C:\Users\bwang\Documents\GitHub\CL_Analyst\src\live_execution\live_trader.py", line 1499, in _event_loop
    log.exception("Error in event loop iteration")
  File "C:\Users\bwang\anaconda3\envs\trader\lib\site-packages\ib_insync\util.py", line 386, in sleep
    run(asyncio.sleep(secs))
  File "C:\Users\bwang\anaconda3\envs\trader\lib\site-packages\ib_insync\util.py", line 343, in run
    raise globalErrorEvent.value() or e
ConnectionError: Socket disconnect

During handling of the above exception, another exception occurred:

Traceback (most recent call last):
  File "C:\Users\bwang\Documents\GitHub\CL_Analyst\src\live_execution\live_trader.py", line 954, in _resubscribe_and_backfill
    self.manager.cancel_subscription(self._live_bars)
TypeError: IBKRConnectionManager.fetch_historical_bars_by_duration() got an unexpected keyword argument 'contract'
2026-03-03 21:53:47 [INFO] Subscribing to live 5-min bars (Brain stream)...
2026-03-03 21:53:47 [ERROR] Resubscription failed — will retry on next reconnect
Traceback (most recent call last):
  File "C:\Users\bwang\anaconda3\envs\trader\lib\asyncio\tasks.py", line 605, in sleep
    return await future
asyncio.exceptions.CancelledError

During handling of the above exception, another exception occurred:

Traceback (most recent call last):
  File "C:\Users\bwang\anaconda3\envs\trader\lib\site-packages\ib_insync\util.py", line 341, in run
    result = loop.run_until_complete(task)
  File "C:\Users\bwang\anaconda3\envs\trader\lib\asyncio\base_events.py", line 649, in run_until_complete
    return future.result()
asyncio.exceptions.CancelledError

During handling of the above exception, another exception occurred:

Traceback (most recent call last):
  File "C:\Users\bwang\Documents\GitHub\CL_Analyst\src\live_execution\live_trader.py", line 1499, in _event_loop
    log.exception("Error in event loop iteration")
  File "C:\Users\bwang\anaconda3\envs\trader\lib\site-packages\ib_insync\util.py", line 386, in sleep
    run(asyncio.sleep(secs))
  File "C:\Users\bwang\anaconda3\envs\trader\lib\site-packages\ib_insync\util.py", line 343, in run
    raise globalErrorEvent.value() or e
ConnectionError: Socket disconnect

During handling of the above exception, another exception occurred:

Traceback (most recent call last):
  File "C:\Users\bwang\Documents\GitHub\CL_Analyst\src\live_execution\live_trader.py", line 993, in _resubscribe_and_backfill
  File "C:\Users\bwang\Documents\GitHub\CL_Analyst\src\live_execution\live_trader.py", line 889, in _subscribe
    log.info("Subscribing to live 5-min bars (Brain stream)...")
  File "C:\Users\bwang\Documents\GitHub\CL_Analyst\src\live_execution\ibkr_client.py", line 523, in subscribe_live_bars
    bars = self.ib.reqHistoricalData(
  File "C:\Users\bwang\anaconda3\envs\trader\lib\site-packages\ib_insync\ib.py", line 1070, in reqHistoricalData
    return self._run(
  File "C:\Users\bwang\anaconda3\envs\trader\lib\site-packages\ib_insync\ib.py", line 318, in _run
    return util.run(*awaitables, timeout=self.RequestTimeout)
  File "C:\Users\bwang\anaconda3\envs\trader\lib\site-packages\ib_insync\util.py", line 341, in run
    result = loop.run_until_complete(task)
  File "C:\Users\bwang\anaconda3\envs\trader\lib\asyncio\base_events.py", line 625, in run_until_complete
    self._check_running()
  File "C:\Users\bwang\anaconda3\envs\trader\lib\asyncio\base_events.py", line 584, in _check_running
    raise RuntimeError('This event loop is already running')
RuntimeError: This event loop is already running
2026-03-03 21:53:47 [INFO] CONNECTIVITY RESTORED (code 2104) — resubscribing...
2026-03-03 21:53:47 [INFO] Backfilling gap: 2026-03-04 05:00:00 → 2026-03-04 05:53:47.823309 (53.8 minutes)
2026-03-03 21:53:47 [ERROR] Gap backfill failed — continuing without
Traceback (most recent call last):
  File "C:\Users\bwang\anaconda3\envs\trader\lib\asyncio\tasks.py", line 605, in sleep
    return await future
asyncio.exceptions.CancelledError

During handling of the above exception, another exception occurred:

Traceback (most recent call last):
  File "C:\Users\bwang\anaconda3\envs\trader\lib\site-packages\ib_insync\util.py", line 341, in run
    result = loop.run_until_complete(task)
  File "C:\Users\bwang\anaconda3\envs\trader\lib\asyncio\base_events.py", line 649, in run_until_complete
    return future.result()
asyncio.exceptions.CancelledError

During handling of the above exception, another exception occurred:

Traceback (most recent call last):
  File "C:\Users\bwang\Documents\GitHub\CL_Analyst\src\live_execution\live_trader.py", line 1499, in _event_loop
    log.exception("Error in event loop iteration")
  File "C:\Users\bwang\anaconda3\envs\trader\lib\site-packages\ib_insync\util.py", line 386, in sleep
    run(asyncio.sleep(secs))
  File "C:\Users\bwang\anaconda3\envs\trader\lib\site-packages\ib_insync\util.py", line 343, in run
    raise globalErrorEvent.value() or e
ConnectionError: Socket disconnect

During handling of the above exception, another exception occurred:

Traceback (most recent call last):
  File "C:\Users\bwang\Documents\GitHub\CL_Analyst\src\live_execution\live_trader.py", line 954, in _resubscribe_and_backfill
    self.manager.cancel_subscription(self._live_bars)
TypeError: IBKRConnectionManager.fetch_historical_bars_by_duration() got an unexpected keyword argument 'contract'
2026-03-03 21:53:47 [INFO] Subscribing to live 5-min bars (Brain stream)...
2026-03-03 21:53:47 [ERROR] Resubscription failed — will retry on next reconnect
Traceback (most recent call last):
  File "C:\Users\bwang\anaconda3\envs\trader\lib\asyncio\tasks.py", line 605, in sleep
    return await future
asyncio.exceptions.CancelledError

During handling of the above exception, another exception occurred:

Traceback (most recent call last):
  File "C:\Users\bwang\anaconda3\envs\trader\lib\site-packages\ib_insync\util.py", line 341, in run
    result = loop.run_until_complete(task)
  File "C:\Users\bwang\anaconda3\envs\trader\lib\asyncio\base_events.py", line 649, in run_until_complete
    return future.result()
asyncio.exceptions.CancelledError

During handling of the above exception, another exception occurred:

Traceback (most recent call last):
  File "C:\Users\bwang\Documents\GitHub\CL_Analyst\src\live_execution\live_trader.py", line 1499, in _event_loop
    log.exception("Error in event loop iteration")
  File "C:\Users\bwang\anaconda3\envs\trader\lib\site-packages\ib_insync\util.py", line 386, in sleep
    run(asyncio.sleep(secs))
  File "C:\Users\bwang\anaconda3\envs\trader\lib\site-packages\ib_insync\util.py", line 343, in run
    raise globalErrorEvent.value() or e
ConnectionError: Socket disconnect

During handling of the above exception, another exception occurred:

Traceback (most recent call last):
  File "C:\Users\bwang\Documents\GitHub\CL_Analyst\src\live_execution\live_trader.py", line 993, in _resubscribe_and_backfill
  File "C:\Users\bwang\Documents\GitHub\CL_Analyst\src\live_execution\live_trader.py", line 889, in _subscribe
    log.info("Subscribing to live 5-min bars (Brain stream)...")
  File "C:\Users\bwang\Documents\GitHub\CL_Analyst\src\live_execution\ibkr_client.py", line 523, in subscribe_live_bars
    bars = self.ib.reqHistoricalData(
  File "C:\Users\bwang\anaconda3\envs\trader\lib\site-packages\ib_insync\ib.py", line 1070, in reqHistoricalData
    return self._run(
  File "C:\Users\bwang\anaconda3\envs\trader\lib\site-packages\ib_insync\ib.py", line 318, in _run
    return util.run(*awaitables, timeout=self.RequestTimeout)
  File "C:\Users\bwang\anaconda3\envs\trader\lib\site-packages\ib_insync\util.py", line 341, in run
    result = loop.run_until_complete(task)
  File "C:\Users\bwang\anaconda3\envs\trader\lib\asyncio\base_events.py", line 625, in run_until_complete
    self._check_running()
  File "C:\Users\bwang\anaconda3\envs\trader\lib\asyncio\base_events.py", line 584, in _check_running
    raise RuntimeError('This event loop is already running')
RuntimeError: This event loop is already running
2026-03-03 21:53:47 [INFO] Warning 2104, reqId -1: Market data farm connection is OK:usfarm.nj
2026-03-03 21:53:47 [INFO] CONNECTIVITY RESTORED (code 2104) — resubscribing...
2026-03-03 21:53:47 [INFO] Backfilling gap: 2026-03-04 05:00:00 → 2026-03-04 05:53:47.828339 (53.8 minutes)
2026-03-03 21:53:47 [ERROR] Gap backfill failed — continuing without
Traceback (most recent call last):
  File "C:\Users\bwang\anaconda3\envs\trader\lib\asyncio\tasks.py", line 605, in sleep
    return await future
asyncio.exceptions.CancelledError

During handling of the above exception, another exception occurred:

Traceback (most recent call last):
  File "C:\Users\bwang\anaconda3\envs\trader\lib\site-packages\ib_insync\util.py", line 341, in run
    result = loop.run_until_complete(task)
  File "C:\Users\bwang\anaconda3\envs\trader\lib\asyncio\base_events.py", line 649, in run_until_complete
    return future.result()
asyncio.exceptions.CancelledError

During handling of the above exception, another exception occurred:

Traceback (most recent call last):
  File "C:\Users\bwang\Documents\GitHub\CL_Analyst\src\live_execution\live_trader.py", line 1499, in _event_loop
    log.exception("Error in event loop iteration")
  File "C:\Users\bwang\anaconda3\envs\trader\lib\site-packages\ib_insync\util.py", line 386, in sleep
    run(asyncio.sleep(secs))
  File "C:\Users\bwang\anaconda3\envs\trader\lib\site-packages\ib_insync\util.py", line 343, in run
    raise globalErrorEvent.value() or e
ConnectionError: Socket disconnect

During handling of the above exception, another exception occurred:

Traceback (most recent call last):
  File "C:\Users\bwang\Documents\GitHub\CL_Analyst\src\live_execution\live_trader.py", line 954, in _resubscribe_and_backfill
    self.manager.cancel_subscription(self._live_bars)
TypeError: IBKRConnectionManager.fetch_historical_bars_by_duration() got an unexpected keyword argument 'contract'
2026-03-03 21:53:47 [INFO] Subscribing to live 5-min bars (Brain stream)...
2026-03-03 21:53:47 [ERROR] Resubscription failed — will retry on next reconnect
Traceback (most recent call last):
  File "C:\Users\bwang\anaconda3\envs\trader\lib\asyncio\tasks.py", line 605, in sleep
    return await future
asyncio.exceptions.CancelledError

During handling of the above exception, another exception occurred:

Traceback (most recent call last):
  File "C:\Users\bwang\anaconda3\envs\trader\lib\site-packages\ib_insync\util.py", line 341, in run
    result = loop.run_until_complete(task)
  File "C:\Users\bwang\anaconda3\envs\trader\lib\asyncio\base_events.py", line 649, in run_until_complete
    return future.result()
asyncio.exceptions.CancelledError

During handling of the above exception, another exception occurred:

Traceback (most recent call last):
  File "C:\Users\bwang\Documents\GitHub\CL_Analyst\src\live_execution\live_trader.py", line 1499, in _event_loop
    log.exception("Error in event loop iteration")
  File "C:\Users\bwang\anaconda3\envs\trader\lib\site-packages\ib_insync\util.py", line 386, in sleep
    run(asyncio.sleep(secs))
  File "C:\Users\bwang\anaconda3\envs\trader\lib\site-packages\ib_insync\util.py", line 343, in run
    raise globalErrorEvent.value() or e
ConnectionError: Socket disconnect

During handling of the above exception, another exception occurred:

Traceback (most recent call last):
  File "C:\Users\bwang\Documents\GitHub\CL_Analyst\src\live_execution\live_trader.py", line 993, in _resubscribe_and_backfill
  File "C:\Users\bwang\Documents\GitHub\CL_Analyst\src\live_execution\live_trader.py", line 889, in _subscribe
    log.info("Subscribing to live 5-min bars (Brain stream)...")
  File "C:\Users\bwang\Documents\GitHub\CL_Analyst\src\live_execution\ibkr_client.py", line 523, in subscribe_live_bars
    bars = self.ib.reqHistoricalData(
  File "C:\Users\bwang\anaconda3\envs\trader\lib\site-packages\ib_insync\ib.py", line 1070, in reqHistoricalData
    return self._run(
  File "C:\Users\bwang\anaconda3\envs\trader\lib\site-packages\ib_insync\ib.py", line 318, in _run
    return util.run(*awaitables, timeout=self.RequestTimeout)
  File "C:\Users\bwang\anaconda3\envs\trader\lib\site-packages\ib_insync\util.py", line 341, in run
    result = loop.run_until_complete(task)
  File "C:\Users\bwang\anaconda3\envs\trader\lib\asyncio\base_events.py", line 625, in run_until_complete
    self._check_running()
  File "C:\Users\bwang\anaconda3\envs\trader\lib\asyncio\base_events.py", line 584, in _check_running
    raise RuntimeError('This event loop is already running')
RuntimeError: This event loop is already running
2026-03-03 21:53:47 [INFO] CONNECTIVITY RESTORED (code 2104) — resubscribing...
2026-03-03 21:53:47 [INFO] Backfilling gap: 2026-03-04 05:00:00 → 2026-03-04 05:53:47.831929 (53.8 minutes)
2026-03-03 21:53:47 [ERROR] Gap backfill failed — continuing without
Traceback (most recent call last):
  File "C:\Users\bwang\anaconda3\envs\trader\lib\asyncio\tasks.py", line 605, in sleep
    return await future
asyncio.exceptions.CancelledError

During handling of the above exception, another exception occurred:

Traceback (most recent call last):
  File "C:\Users\bwang\anaconda3\envs\trader\lib\site-packages\ib_insync\util.py", line 341, in run
    result = loop.run_until_complete(task)
  File "C:\Users\bwang\anaconda3\envs\trader\lib\asyncio\base_events.py", line 649, in run_until_complete
    return future.result()
asyncio.exceptions.CancelledError

During handling of the above exception, another exception occurred:

Traceback (most recent call last):
  File "C:\Users\bwang\Documents\GitHub\CL_Analyst\src\live_execution\live_trader.py", line 1499, in _event_loop
    log.exception("Error in event loop iteration")
  File "C:\Users\bwang\anaconda3\envs\trader\lib\site-packages\ib_insync\util.py", line 386, in sleep
    run(asyncio.sleep(secs))
  File "C:\Users\bwang\anaconda3\envs\trader\lib\site-packages\ib_insync\util.py", line 343, in run
    raise globalErrorEvent.value() or e
ConnectionError: Socket disconnect

During handling of the above exception, another exception occurred:

Traceback (most recent call last):
  File "C:\Users\bwang\Documents\GitHub\CL_Analyst\src\live_execution\live_trader.py", line 954, in _resubscribe_and_backfill
    self.manager.cancel_subscription(self._live_bars)
TypeError: IBKRConnectionManager.fetch_historical_bars_by_duration() got an unexpected keyword argument 'contract'
2026-03-03 21:53:47 [INFO] Subscribing to live 5-min bars (Brain stream)...
2026-03-03 21:53:47 [ERROR] Resubscription failed — will retry on next reconnect
Traceback (most recent call last):
  File "C:\Users\bwang\anaconda3\envs\trader\lib\asyncio\tasks.py", line 605, in sleep
    return await future
asyncio.exceptions.CancelledError

During handling of the above exception, another exception occurred:

Traceback (most recent call last):
  File "C:\Users\bwang\anaconda3\envs\trader\lib\site-packages\ib_insync\util.py", line 341, in run
    result = loop.run_until_complete(task)
  File "C:\Users\bwang\anaconda3\envs\trader\lib\asyncio\base_events.py", line 649, in run_until_complete
    return future.result()
asyncio.exceptions.CancelledError

During handling of the above exception, another exception occurred:

Traceback (most recent call last):
  File "C:\Users\bwang\Documents\GitHub\CL_Analyst\src\live_execution\live_trader.py", line 1499, in _event_loop
    log.exception("Error in event loop iteration")
  File "C:\Users\bwang\anaconda3\envs\trader\lib\site-packages\ib_insync\util.py", line 386, in sleep
    run(asyncio.sleep(secs))
  File "C:\Users\bwang\anaconda3\envs\trader\lib\site-packages\ib_insync\util.py", line 343, in run
    raise globalErrorEvent.value() or e
ConnectionError: Socket disconnect

During handling of the above exception, another exception occurred:

Traceback (most recent call last):
  File "C:\Users\bwang\Documents\GitHub\CL_Analyst\src\live_execution\live_trader.py", line 993, in _resubscribe_and_backfill
  File "C:\Users\bwang\Documents\GitHub\CL_Analyst\src\live_execution\live_trader.py", line 889, in _subscribe
    log.info("Subscribing to live 5-min bars (Brain stream)...")
  File "C:\Users\bwang\Documents\GitHub\CL_Analyst\src\live_execution\ibkr_client.py", line 523, in subscribe_live_bars
    bars = self.ib.reqHistoricalData(
  File "C:\Users\bwang\anaconda3\envs\trader\lib\site-packages\ib_insync\ib.py", line 1070, in reqHistoricalData
    return self._run(
  File "C:\Users\bwang\anaconda3\envs\trader\lib\site-packages\ib_insync\ib.py", line 318, in _run
    return util.run(*awaitables, timeout=self.RequestTimeout)
  File "C:\Users\bwang\anaconda3\envs\trader\lib\site-packages\ib_insync\util.py", line 341, in run
    result = loop.run_until_complete(task)
  File "C:\Users\bwang\anaconda3\envs\trader\lib\asyncio\base_events.py", line 625, in run_until_complete
    self._check_running()
  File "C:\Users\bwang\anaconda3\envs\trader\lib\asyncio\base_events.py", line 584, in _check_running
    raise RuntimeError('This event loop is already running')
RuntimeError: This event loop is already running
2026-03-03 21:53:47 [INFO] Warning 2104, reqId -1: Market data farm connection is OK:usfuture
2026-03-03 21:53:47 [INFO] CONNECTIVITY RESTORED (code 2104) — resubscribing...
2026-03-03 21:53:47 [INFO] Backfilling gap: 2026-03-04 05:00:00 → 2026-03-04 05:53:47.835202 (53.8 minutes)
2026-03-03 21:53:47 [ERROR] Gap backfill failed — continuing without
Traceback (most recent call last):
  File "C:\Users\bwang\anaconda3\envs\trader\lib\asyncio\tasks.py", line 605, in sleep
    return await future
asyncio.exceptions.CancelledError

During handling of the above exception, another exception occurred:

Traceback (most recent call last):
  File "C:\Users\bwang\anaconda3\envs\trader\lib\site-packages\ib_insync\util.py", line 341, in run
    result = loop.run_until_complete(task)
  File "C:\Users\bwang\anaconda3\envs\trader\lib\asyncio\base_events.py", line 649, in run_until_complete
    return future.result()
asyncio.exceptions.CancelledError

During handling of the above exception, another exception occurred:

Traceback (most recent call last):
  File "C:\Users\bwang\Documents\GitHub\CL_Analyst\src\live_execution\live_trader.py", line 1499, in _event_loop
    log.exception("Error in event loop iteration")
  File "C:\Users\bwang\anaconda3\envs\trader\lib\site-packages\ib_insync\util.py", line 386, in sleep
    run(asyncio.sleep(secs))
  File "C:\Users\bwang\anaconda3\envs\trader\lib\site-packages\ib_insync\util.py", line 343, in run
    raise globalErrorEvent.value() or e
ConnectionError: Socket disconnect

During handling of the above exception, another exception occurred:

Traceback (most recent call last):
  File "C:\Users\bwang\Documents\GitHub\CL_Analyst\src\live_execution\live_trader.py", line 954, in _resubscribe_and_backfill
    self.manager.cancel_subscription(self._live_bars)
TypeError: IBKRConnectionManager.fetch_historical_bars_by_duration() got an unexpected keyword argument 'contract'
2026-03-03 21:53:47 [INFO] Subscribing to live 5-min bars (Brain stream)...
2026-03-03 21:53:47 [ERROR] Resubscription failed — will retry on next reconnect
Traceback (most recent call last):
  File "C:\Users\bwang\anaconda3\envs\trader\lib\asyncio\tasks.py", line 605, in sleep
    return await future
asyncio.exceptions.CancelledError

During handling of the above exception, another exception occurred:

Traceback (most recent call last):
  File "C:\Users\bwang\anaconda3\envs\trader\lib\site-packages\ib_insync\util.py", line 341, in run
    result = loop.run_until_complete(task)
  File "C:\Users\bwang\anaconda3\envs\trader\lib\asyncio\base_events.py", line 649, in run_until_complete
    return future.result()
asyncio.exceptions.CancelledError

During handling of the above exception, another exception occurred:

Traceback (most recent call last):
  File "C:\Users\bwang\Documents\GitHub\CL_Analyst\src\live_execution\live_trader.py", line 1499, in _event_loop
    log.exception("Error in event loop iteration")
  File "C:\Users\bwang\anaconda3\envs\trader\lib\site-packages\ib_insync\util.py", line 386, in sleep
    run(asyncio.sleep(secs))
  File "C:\Users\bwang\anaconda3\envs\trader\lib\site-packages\ib_insync\util.py", line 343, in run
    raise globalErrorEvent.value() or e
ConnectionError: Socket disconnect

During handling of the above exception, another exception occurred:

Traceback (most recent call last):
  File "C:\Users\bwang\Documents\GitHub\CL_Analyst\src\live_execution\live_trader.py", line 993, in _resubscribe_and_backfill
  File "C:\Users\bwang\Documents\GitHub\CL_Analyst\src\live_execution\live_trader.py", line 889, in _subscribe
    log.info("Subscribing to live 5-min bars (Brain stream)...")
  File "C:\Users\bwang\Documents\GitHub\CL_Analyst\src\live_execution\ibkr_client.py", line 523, in subscribe_live_bars
    bars = self.ib.reqHistoricalData(
  File "C:\Users\bwang\anaconda3\envs\trader\lib\site-packages\ib_insync\ib.py", line 1070, in reqHistoricalData
    return self._run(
  File "C:\Users\bwang\anaconda3\envs\trader\lib\site-packages\ib_insync\ib.py", line 318, in _run
    return util.run(*awaitables, timeout=self.RequestTimeout)
  File "C:\Users\bwang\anaconda3\envs\trader\lib\site-packages\ib_insync\util.py", line 341, in run
    result = loop.run_until_complete(task)
  File "C:\Users\bwang\anaconda3\envs\trader\lib\asyncio\base_events.py", line 625, in run_until_complete
    self._check_running()
  File "C:\Users\bwang\anaconda3\envs\trader\lib\asyncio\base_events.py", line 584, in _check_running
    raise RuntimeError('This event loop is already running')
RuntimeError: This event loop is already running
2026-03-03 21:53:47 [INFO] CONNECTIVITY RESTORED (code 2104) — resubscribing...
2026-03-03 21:53:47 [INFO] Backfilling gap: 2026-03-04 05:00:00 → 2026-03-04 05:53:47.838239 (53.8 minutes)
2026-03-03 21:53:47 [ERROR] Gap backfill failed — continuing without
Traceback (most recent call last):
  File "C:\Users\bwang\anaconda3\envs\trader\lib\asyncio\tasks.py", line 605, in sleep
    return await future
asyncio.exceptions.CancelledError

During handling of the above exception, another exception occurred:

Traceback (most recent call last):
  File "C:\Users\bwang\anaconda3\envs\trader\lib\site-packages\ib_insync\util.py", line 341, in run
    result = loop.run_until_complete(task)
  File "C:\Users\bwang\anaconda3\envs\trader\lib\asyncio\base_events.py", line 649, in run_until_complete
    return future.result()
asyncio.exceptions.CancelledError

During handling of the above exception, another exception occurred:

Traceback (most recent call last):
  File "C:\Users\bwang\Documents\GitHub\CL_Analyst\src\live_execution\live_trader.py", line 1499, in _event_loop
    log.exception("Error in event loop iteration")
  File "C:\Users\bwang\anaconda3\envs\trader\lib\site-packages\ib_insync\util.py", line 386, in sleep
    run(asyncio.sleep(secs))
  File "C:\Users\bwang\anaconda3\envs\trader\lib\site-packages\ib_insync\util.py", line 343, in run
    raise globalErrorEvent.value() or e
ConnectionError: Socket disconnect

During handling of the above exception, another exception occurred:

Traceback (most recent call last):
  File "C:\Users\bwang\Documents\GitHub\CL_Analyst\src\live_execution\live_trader.py", line 954, in _resubscribe_and_backfill
    self.manager.cancel_subscription(self._live_bars)
TypeError: IBKRConnectionManager.fetch_historical_bars_by_duration() got an unexpected keyword argument 'contract'
2026-03-03 21:53:47 [INFO] Subscribing to live 5-min bars (Brain stream)...
2026-03-03 21:53:47 [ERROR] Resubscription failed — will retry on next reconnect
Traceback (most recent call last):
  File "C:\Users\bwang\anaconda3\envs\trader\lib\asyncio\tasks.py", line 605, in sleep
    return await future
asyncio.exceptions.CancelledError

During handling of the above exception, another exception occurred:

Traceback (most recent call last):
  File "C:\Users\bwang\anaconda3\envs\trader\lib\site-packages\ib_insync\util.py", line 341, in run
    result = loop.run_until_complete(task)
  File "C:\Users\bwang\anaconda3\envs\trader\lib\asyncio\base_events.py", line 649, in run_until_complete
    return future.result()
asyncio.exceptions.CancelledError

During handling of the above exception, another exception occurred:

Traceback (most recent call last):
  File "C:\Users\bwang\Documents\GitHub\CL_Analyst\src\live_execution\live_trader.py", line 1499, in _event_loop
    log.exception("Error in event loop iteration")
  File "C:\Users\bwang\anaconda3\envs\trader\lib\site-packages\ib_insync\util.py", line 386, in sleep
    run(asyncio.sleep(secs))
  File "C:\Users\bwang\anaconda3\envs\trader\lib\site-packages\ib_insync\util.py", line 343, in run
    raise globalErrorEvent.value() or e
ConnectionError: Socket disconnect

During handling of the above exception, another exception occurred:

Traceback (most recent call last):
  File "C:\Users\bwang\Documents\GitHub\CL_Analyst\src\live_execution\live_trader.py", line 993, in _resubscribe_and_backfill
  File "C:\Users\bwang\Documents\GitHub\CL_Analyst\src\live_execution\live_trader.py", line 889, in _subscribe
    log.info("Subscribing to live 5-min bars (Brain stream)...")
  File "C:\Users\bwang\Documents\GitHub\CL_Analyst\src\live_execution\ibkr_client.py", line 523, in subscribe_live_bars
    bars = self.ib.reqHistoricalData(
  File "C:\Users\bwang\anaconda3\envs\trader\lib\site-packages\ib_insync\ib.py", line 1070, in reqHistoricalData
    return self._run(
  File "C:\Users\bwang\anaconda3\envs\trader\lib\site-packages\ib_insync\ib.py", line 318, in _run
    return util.run(*awaitables, timeout=self.RequestTimeout)
  File "C:\Users\bwang\anaconda3\envs\trader\lib\site-packages\ib_insync\util.py", line 341, in run
    result = loop.run_until_complete(task)
  File "C:\Users\bwang\anaconda3\envs\trader\lib\asyncio\base_events.py", line 625, in run_until_complete
    self._check_running()
  File "C:\Users\bwang\anaconda3\envs\trader\lib\asyncio\base_events.py", line 584, in _check_running
    raise RuntimeError('This event loop is already running')
RuntimeError: This event loop is already running
2026-03-03 21:53:47 [INFO] Warning 2103, reqId -1: Market data farm connection is broken:usopt.nj
2026-03-03 21:53:47 [INFO] Warning 2104, reqId -1: Market data farm connection is OK:cashfarm
2026-03-03 21:53:47 [INFO] CONNECTIVITY RESTORED (code 2104) — resubscribing...
2026-03-03 21:53:47 [INFO] Backfilling gap: 2026-03-04 05:00:00 → 2026-03-04 05:53:47.841895 (53.8 minutes)
2026-03-03 21:53:47 [ERROR] Gap backfill failed — continuing without
Traceback (most recent call last):
  File "C:\Users\bwang\anaconda3\envs\trader\lib\asyncio\tasks.py", line 605, in sleep
    return await future
asyncio.exceptions.CancelledError

During handling of the above exception, another exception occurred:

Traceback (most recent call last):
  File "C:\Users\bwang\anaconda3\envs\trader\lib\site-packages\ib_insync\util.py", line 341, in run
    result = loop.run_until_complete(task)
  File "C:\Users\bwang\anaconda3\envs\trader\lib\asyncio\base_events.py", line 649, in run_until_complete
    return future.result()
asyncio.exceptions.CancelledError

During handling of the above exception, another exception occurred:

Traceback (most recent call last):
  File "C:\Users\bwang\Documents\GitHub\CL_Analyst\src\live_execution\live_trader.py", line 1499, in _event_loop
    log.exception("Error in event loop iteration")
  File "C:\Users\bwang\anaconda3\envs\trader\lib\site-packages\ib_insync\util.py", line 386, in sleep
    run(asyncio.sleep(secs))
  File "C:\Users\bwang\anaconda3\envs\trader\lib\site-packages\ib_insync\util.py", line 343, in run
    raise globalErrorEvent.value() or e
ConnectionError: Socket disconnect

During handling of the above exception, another exception occurred:

Traceback (most recent call last):
  File "C:\Users\bwang\Documents\GitHub\CL_Analyst\src\live_execution\live_trader.py", line 954, in _resubscribe_and_backfill
    self.manager.cancel_subscription(self._live_bars)
TypeError: IBKRConnectionManager.fetch_historical_bars_by_duration() got an unexpected keyword argument 'contract'
2026-03-03 21:53:47 [INFO] Subscribing to live 5-min bars (Brain stream)...
2026-03-03 21:53:47 [ERROR] Resubscription failed — will retry on next reconnect
Traceback (most recent call last):
  File "C:\Users\bwang\anaconda3\envs\trader\lib\asyncio\tasks.py", line 605, in sleep
    return await future
asyncio.exceptions.CancelledError

During handling of the above exception, another exception occurred:

Traceback (most recent call last):
  File "C:\Users\bwang\anaconda3\envs\trader\lib\site-packages\ib_insync\util.py", line 341, in run
    result = loop.run_until_complete(task)
  File "C:\Users\bwang\anaconda3\envs\trader\lib\asyncio\base_events.py", line 649, in run_until_complete
    return future.result()
asyncio.exceptions.CancelledError

During handling of the above exception, another exception occurred:

Traceback (most recent call last):
  File "C:\Users\bwang\Documents\GitHub\CL_Analyst\src\live_execution\live_trader.py", line 1499, in _event_loop
    log.exception("Error in event loop iteration")
  File "C:\Users\bwang\anaconda3\envs\trader\lib\site-packages\ib_insync\util.py", line 386, in sleep
    run(asyncio.sleep(secs))
  File "C:\Users\bwang\anaconda3\envs\trader\lib\site-packages\ib_insync\util.py", line 343, in run
    raise globalErrorEvent.value() or e
ConnectionError: Socket disconnect

During handling of the above exception, another exception occurred:

Traceback (most recent call last):
  File "C:\Users\bwang\Documents\GitHub\CL_Analyst\src\live_execution\live_trader.py", line 993, in _resubscribe_and_backfill
  File "C:\Users\bwang\Documents\GitHub\CL_Analyst\src\live_execution\live_trader.py", line 889, in _subscribe
    log.info("Subscribing to live 5-min bars (Brain stream)...")
  File "C:\Users\bwang\Documents\GitHub\CL_Analyst\src\live_execution\ibkr_client.py", line 523, in subscribe_live_bars
    bars = self.ib.reqHistoricalData(
  File "C:\Users\bwang\anaconda3\envs\trader\lib\site-packages\ib_insync\ib.py", line 1070, in reqHistoricalData
    return self._run(
  File "C:\Users\bwang\anaconda3\envs\trader\lib\site-packages\ib_insync\ib.py", line 318, in _run
    return util.run(*awaitables, timeout=self.RequestTimeout)
  File "C:\Users\bwang\anaconda3\envs\trader\lib\site-packages\ib_insync\util.py", line 341, in run
    result = loop.run_until_complete(task)
  File "C:\Users\bwang\anaconda3\envs\trader\lib\asyncio\base_events.py", line 625, in run_until_complete
    self._check_running()
  File "C:\Users\bwang\anaconda3\envs\trader\lib\asyncio\base_events.py", line 584, in _check_running
    raise RuntimeError('This event loop is already running')
RuntimeError: This event loop is already running
2026-03-03 21:53:47 [INFO] CONNECTIVITY RESTORED (code 2104) — resubscribing...
2026-03-03 21:53:47 [INFO] Backfilling gap: 2026-03-04 05:00:00 → 2026-03-04 05:53:47.844893 (53.8 minutes)
2026-03-03 21:53:47 [ERROR] Gap backfill failed — continuing without
Traceback (most recent call last):
  File "C:\Users\bwang\anaconda3\envs\trader\lib\asyncio\tasks.py", line 605, in sleep
    return await future
asyncio.exceptions.CancelledError

During handling of the above exception, another exception occurred:

Traceback (most recent call last):
  File "C:\Users\bwang\anaconda3\envs\trader\lib\site-packages\ib_insync\util.py", line 341, in run
    result = loop.run_until_complete(task)
  File "C:\Users\bwang\anaconda3\envs\trader\lib\asyncio\base_events.py", line 649, in run_until_complete
    return future.result()
asyncio.exceptions.CancelledError

During handling of the above exception, another exception occurred:

Traceback (most recent call last):
  File "C:\Users\bwang\Documents\GitHub\CL_Analyst\src\live_execution\live_trader.py", line 1499, in _event_loop
    log.exception("Error in event loop iteration")
  File "C:\Users\bwang\anaconda3\envs\trader\lib\site-packages\ib_insync\util.py", line 386, in sleep
    run(asyncio.sleep(secs))
  File "C:\Users\bwang\anaconda3\envs\trader\lib\site-packages\ib_insync\util.py", line 343, in run
    raise globalErrorEvent.value() or e
ConnectionError: Socket disconnect

During handling of the above exception, another exception occurred:

Traceback (most recent call last):
  File "C:\Users\bwang\Documents\GitHub\CL_Analyst\src\live_execution\live_trader.py", line 954, in _resubscribe_and_backfill
    self.manager.cancel_subscription(self._live_bars)
TypeError: IBKRConnectionManager.fetch_historical_bars_by_duration() got an unexpected keyword argument 'contract'
2026-03-03 21:53:47 [INFO] Subscribing to live 5-min bars (Brain stream)...
2026-03-03 21:53:47 [ERROR] Resubscription failed — will retry on next reconnect
Traceback (most recent call last):
  File "C:\Users\bwang\anaconda3\envs\trader\lib\asyncio\tasks.py", line 605, in sleep
    return await future
asyncio.exceptions.CancelledError

During handling of the above exception, another exception occurred:

Traceback (most recent call last):
  File "C:\Users\bwang\anaconda3\envs\trader\lib\site-packages\ib_insync\util.py", line 341, in run
    result = loop.run_until_complete(task)
  File "C:\Users\bwang\anaconda3\envs\trader\lib\asyncio\base_events.py", line 649, in run_until_complete
    return future.result()
asyncio.exceptions.CancelledError

During handling of the above exception, another exception occurred:

Traceback (most recent call last):
  File "C:\Users\bwang\Documents\GitHub\CL_Analyst\src\live_execution\live_trader.py", line 1499, in _event_loop
    log.exception("Error in event loop iteration")
  File "C:\Users\bwang\anaconda3\envs\trader\lib\site-packages\ib_insync\util.py", line 386, in sleep
    run(asyncio.sleep(secs))
  File "C:\Users\bwang\anaconda3\envs\trader\lib\site-packages\ib_insync\util.py", line 343, in run
    raise globalErrorEvent.value() or e
ConnectionError: Socket disconnect

During handling of the above exception, another exception occurred:

Traceback (most recent call last):
  File "C:\Users\bwang\Documents\GitHub\CL_Analyst\src\live_execution\live_trader.py", line 993, in _resubscribe_and_backfill
  File "C:\Users\bwang\Documents\GitHub\CL_Analyst\src\live_execution\live_trader.py", line 889, in _subscribe
    log.info("Subscribing to live 5-min bars (Brain stream)...")
  File "C:\Users\bwang\Documents\GitHub\CL_Analyst\src\live_execution\ibkr_client.py", line 523, in subscribe_live_bars
    bars = self.ib.reqHistoricalData(
  File "C:\Users\bwang\anaconda3\envs\trader\lib\site-packages\ib_insync\ib.py", line 1070, in reqHistoricalData
    return self._run(
  File "C:\Users\bwang\anaconda3\envs\trader\lib\site-packages\ib_insync\ib.py", line 318, in _run
    return util.run(*awaitables, timeout=self.RequestTimeout)
  File "C:\Users\bwang\anaconda3\envs\trader\lib\site-packages\ib_insync\util.py", line 341, in run
    result = loop.run_until_complete(task)
  File "C:\Users\bwang\anaconda3\envs\trader\lib\asyncio\base_events.py", line 625, in run_until_complete
    self._check_running()
  File "C:\Users\bwang\anaconda3\envs\trader\lib\asyncio\base_events.py", line 584, in _check_running
    raise RuntimeError('This event loop is already running')
RuntimeError: This event loop is already running
2026-03-03 21:53:47 [INFO] Warning 2104, reqId -1: Market data farm connection is OK:usfarm
2026-03-03 21:53:47 [INFO] CONNECTIVITY RESTORED (code 2104) — resubscribing...
2026-03-03 21:53:47 [INFO] Backfilling gap: 2026-03-04 05:00:00 → 2026-03-04 05:53:47.847891 (53.8 minutes)
2026-03-03 21:53:47 [ERROR] Gap backfill failed — continuing without
Traceback (most recent call last):
  File "C:\Users\bwang\anaconda3\envs\trader\lib\asyncio\tasks.py", line 605, in sleep
    return await future
asyncio.exceptions.CancelledError

During handling of the above exception, another exception occurred:

Traceback (most recent call last):
  File "C:\Users\bwang\anaconda3\envs\trader\lib\site-packages\ib_insync\util.py", line 341, in run
    result = loop.run_until_complete(task)
  File "C:\Users\bwang\anaconda3\envs\trader\lib\asyncio\base_events.py", line 649, in run_until_complete
    return future.result()
asyncio.exceptions.CancelledError

During handling of the above exception, another exception occurred:

Traceback (most recent call last):
  File "C:\Users\bwang\Documents\GitHub\CL_Analyst\src\live_execution\live_trader.py", line 1499, in _event_loop
    log.exception("Error in event loop iteration")
  File "C:\Users\bwang\anaconda3\envs\trader\lib\site-packages\ib_insync\util.py", line 386, in sleep
    run(asyncio.sleep(secs))
  File "C:\Users\bwang\anaconda3\envs\trader\lib\site-packages\ib_insync\util.py", line 343, in run
    raise globalErrorEvent.value() or e
ConnectionError: Socket disconnect

During handling of the above exception, another exception occurred:

Traceback (most recent call last):
  File "C:\Users\bwang\Documents\GitHub\CL_Analyst\src\live_execution\live_trader.py", line 954, in _resubscribe_and_backfill
    self.manager.cancel_subscription(self._live_bars)
TypeError: IBKRConnectionManager.fetch_historical_bars_by_duration() got an unexpected keyword argument 'contract'
2026-03-03 21:53:47 [INFO] Subscribing to live 5-min bars (Brain stream)...
2026-03-03 21:53:47 [ERROR] Resubscription failed — will retry on next reconnect
Traceback (most recent call last):
  File "C:\Users\bwang\anaconda3\envs\trader\lib\asyncio\tasks.py", line 605, in sleep
    return await future
asyncio.exceptions.CancelledError

During handling of the above exception, another exception occurred:

Traceback (most recent call last):
  File "C:\Users\bwang\anaconda3\envs\trader\lib\site-packages\ib_insync\util.py", line 341, in run
    result = loop.run_until_complete(task)
  File "C:\Users\bwang\anaconda3\envs\trader\lib\asyncio\base_events.py", line 649, in run_until_complete
    return future.result()
asyncio.exceptions.CancelledError

During handling of the above exception, another exception occurred:

Traceback (most recent call last):
  File "C:\Users\bwang\Documents\GitHub\CL_Analyst\src\live_execution\live_trader.py", line 1499, in _event_loop
    log.exception("Error in event loop iteration")
  File "C:\Users\bwang\anaconda3\envs\trader\lib\site-packages\ib_insync\util.py", line 386, in sleep
    run(asyncio.sleep(secs))
  File "C:\Users\bwang\anaconda3\envs\trader\lib\site-packages\ib_insync\util.py", line 343, in run
    raise globalErrorEvent.value() or e
ConnectionError: Socket disconnect

During handling of the above exception, another exception occurred:

Traceback (most recent call last):
  File "C:\Users\bwang\Documents\GitHub\CL_Analyst\src\live_execution\live_trader.py", line 993, in _resubscribe_and_backfill
  File "C:\Users\bwang\Documents\GitHub\CL_Analyst\src\live_execution\live_trader.py", line 889, in _subscribe
    log.info("Subscribing to live 5-min bars (Brain stream)...")
  File "C:\Users\bwang\Documents\GitHub\CL_Analyst\src\live_execution\ibkr_client.py", line 523, in subscribe_live_bars
    bars = self.ib.reqHistoricalData(
  File "C:\Users\bwang\anaconda3\envs\trader\lib\site-packages\ib_insync\ib.py", line 1070, in reqHistoricalData
    return self._run(
  File "C:\Users\bwang\anaconda3\envs\trader\lib\site-packages\ib_insync\ib.py", line 318, in _run
    return util.run(*awaitables, timeout=self.RequestTimeout)
  File "C:\Users\bwang\anaconda3\envs\trader\lib\site-packages\ib_insync\util.py", line 341, in run
    result = loop.run_until_complete(task)
  File "C:\Users\bwang\anaconda3\envs\trader\lib\asyncio\base_events.py", line 625, in run_until_complete
    self._check_running()
  File "C:\Users\bwang\anaconda3\envs\trader\lib\asyncio\base_events.py", line 584, in _check_running
    raise RuntimeError('This event loop is already running')
RuntimeError: This event loop is already running
2026-03-03 21:53:47 [INFO] CONNECTIVITY RESTORED (code 2104) — resubscribing...
2026-03-03 21:53:47 [INFO] Backfilling gap: 2026-03-04 05:00:00 → 2026-03-04 05:53:47.850544 (53.8 minutes)
2026-03-03 21:53:47 [ERROR] Gap backfill failed — continuing without
Traceback (most recent call last):
  File "C:\Users\bwang\anaconda3\envs\trader\lib\asyncio\tasks.py", line 605, in sleep
    return await future
asyncio.exceptions.CancelledError

During handling of the above exception, another exception occurred:

Traceback (most recent call last):
  File "C:\Users\bwang\anaconda3\envs\trader\lib\site-packages\ib_insync\util.py", line 341, in run
    result = loop.run_until_complete(task)
  File "C:\Users\bwang\anaconda3\envs\trader\lib\asyncio\base_events.py", line 649, in run_until_complete
    return future.result()
asyncio.exceptions.CancelledError

During handling of the above exception, another exception occurred:

Traceback (most recent call last):
  File "C:\Users\bwang\Documents\GitHub\CL_Analyst\src\live_execution\live_trader.py", line 1499, in _event_loop
    log.exception("Error in event loop iteration")
  File "C:\Users\bwang\anaconda3\envs\trader\lib\site-packages\ib_insync\util.py", line 386, in sleep
    run(asyncio.sleep(secs))
  File "C:\Users\bwang\anaconda3\envs\trader\lib\site-packages\ib_insync\util.py", line 343, in run
    raise globalErrorEvent.value() or e
ConnectionError: Socket disconnect

During handling of the above exception, another exception occurred:

Traceback (most recent call last):
  File "C:\Users\bwang\Documents\GitHub\CL_Analyst\src\live_execution\live_trader.py", line 954, in _resubscribe_and_backfill
    self.manager.cancel_subscription(self._live_bars)
TypeError: IBKRConnectionManager.fetch_historical_bars_by_duration() got an unexpected keyword argument 'contract'
2026-03-03 21:53:47 [INFO] Subscribing to live 5-min bars (Brain stream)...
2026-03-03 21:53:47 [ERROR] Resubscription failed — will retry on next reconnect
Traceback (most recent call last):
  File "C:\Users\bwang\anaconda3\envs\trader\lib\asyncio\tasks.py", line 605, in sleep
    return await future
asyncio.exceptions.CancelledError

During handling of the above exception, another exception occurred:

Traceback (most recent call last):
  File "C:\Users\bwang\anaconda3\envs\trader\lib\site-packages\ib_insync\util.py", line 341, in run
    result = loop.run_until_complete(task)
  File "C:\Users\bwang\anaconda3\envs\trader\lib\asyncio\base_events.py", line 649, in run_until_complete
    return future.result()
asyncio.exceptions.CancelledError

During handling of the above exception, another exception occurred:

Traceback (most recent call last):
  File "C:\Users\bwang\Documents\GitHub\CL_Analyst\src\live_execution\live_trader.py", line 1499, in _event_loop
    log.exception("Error in event loop iteration")
  File "C:\Users\bwang\anaconda3\envs\trader\lib\site-packages\ib_insync\util.py", line 386, in sleep
    run(asyncio.sleep(secs))
  File "C:\Users\bwang\anaconda3\envs\trader\lib\site-packages\ib_insync\util.py", line 343, in run
    raise globalErrorEvent.value() or e
ConnectionError: Socket disconnect

During handling of the above exception, another exception occurred:

Traceback (most recent call last):
  File "C:\Users\bwang\Documents\GitHub\CL_Analyst\src\live_execution\live_trader.py", line 993, in _resubscribe_and_backfill
  File "C:\Users\bwang\Documents\GitHub\CL_Analyst\src\live_execution\live_trader.py", line 889, in _subscribe
    log.info("Subscribing to live 5-min bars (Brain stream)...")
  File "C:\Users\bwang\Documents\GitHub\CL_Analyst\src\live_execution\ibkr_client.py", line 523, in subscribe_live_bars
    bars = self.ib.reqHistoricalData(
  File "C:\Users\bwang\anaconda3\envs\trader\lib\site-packages\ib_insync\ib.py", line 1070, in reqHistoricalData
    return self._run(
  File "C:\Users\bwang\anaconda3\envs\trader\lib\site-packages\ib_insync\ib.py", line 318, in _run
    return util.run(*awaitables, timeout=self.RequestTimeout)
  File "C:\Users\bwang\anaconda3\envs\trader\lib\site-packages\ib_insync\util.py", line 341, in run
    result = loop.run_until_complete(task)
  File "C:\Users\bwang\anaconda3\envs\trader\lib\asyncio\base_events.py", line 625, in run_until_complete
    self._check_running()
  File "C:\Users\bwang\anaconda3\envs\trader\lib\asyncio\base_events.py", line 584, in _check_running
    raise RuntimeError('This event loop is already running')
RuntimeError: This event loop is already running
2026-03-03 21:53:47 [INFO] Warning 2106, reqId -1: HMDS data farm connection is OK:ushmds
2026-03-03 21:53:47 [INFO] CONNECTIVITY RESTORED (code 2106) — resubscribing...
2026-03-03 21:53:47 [INFO] Backfilling gap: 2026-03-04 05:00:00 → 2026-03-04 05:53:47.853594 (53.8 minutes)
2026-03-03 21:53:47 [ERROR] Gap backfill failed — continuing without
Traceback (most recent call last):
  File "C:\Users\bwang\anaconda3\envs\trader\lib\asyncio\tasks.py", line 605, in sleep
    return await future
asyncio.exceptions.CancelledError

During handling of the above exception, another exception occurred:

Traceback (most recent call last):
  File "C:\Users\bwang\anaconda3\envs\trader\lib\site-packages\ib_insync\util.py", line 341, in run
    result = loop.run_until_complete(task)
  File "C:\Users\bwang\anaconda3\envs\trader\lib\asyncio\base_events.py", line 649, in run_until_complete
    return future.result()
asyncio.exceptions.CancelledError

During handling of the above exception, another exception occurred:

Traceback (most recent call last):
  File "C:\Users\bwang\Documents\GitHub\CL_Analyst\src\live_execution\live_trader.py", line 1499, in _event_loop
    log.exception("Error in event loop iteration")
  File "C:\Users\bwang\anaconda3\envs\trader\lib\site-packages\ib_insync\util.py", line 386, in sleep
    run(asyncio.sleep(secs))
  File "C:\Users\bwang\anaconda3\envs\trader\lib\site-packages\ib_insync\util.py", line 343, in run
    raise globalErrorEvent.value() or e
ConnectionError: Socket disconnect

During handling of the above exception, another exception occurred:

Traceback (most recent call last):
  File "C:\Users\bwang\Documents\GitHub\CL_Analyst\src\live_execution\live_trader.py", line 954, in _resubscribe_and_backfill
    self.manager.cancel_subscription(self._live_bars)
TypeError: IBKRConnectionManager.fetch_historical_bars_by_duration() got an unexpected keyword argument 'contract'
2026-03-03 21:53:47 [INFO] Subscribing to live 5-min bars (Brain stream)...
2026-03-03 21:53:47 [ERROR] Resubscription failed — will retry on next reconnect
Traceback (most recent call last):
  File "C:\Users\bwang\anaconda3\envs\trader\lib\asyncio\tasks.py", line 605, in sleep
    return await future
asyncio.exceptions.CancelledError

During handling of the above exception, another exception occurred:

Traceback (most recent call last):
  File "C:\Users\bwang\anaconda3\envs\trader\lib\site-packages\ib_insync\util.py", line 341, in run
    result = loop.run_until_complete(task)
  File "C:\Users\bwang\anaconda3\envs\trader\lib\asyncio\base_events.py", line 649, in run_until_complete
    return future.result()
asyncio.exceptions.CancelledError

During handling of the above exception, another exception occurred:

Traceback (most recent call last):
  File "C:\Users\bwang\Documents\GitHub\CL_Analyst\src\live_execution\live_trader.py", line 1499, in _event_loop
    log.exception("Error in event loop iteration")
  File "C:\Users\bwang\anaconda3\envs\trader\lib\site-packages\ib_insync\util.py", line 386, in sleep
    run(asyncio.sleep(secs))
  File "C:\Users\bwang\anaconda3\envs\trader\lib\site-packages\ib_insync\util.py", line 343, in run
    raise globalErrorEvent.value() or e
ConnectionError: Socket disconnect

During handling of the above exception, another exception occurred:

Traceback (most recent call last):
  File "C:\Users\bwang\Documents\GitHub\CL_Analyst\src\live_execution\live_trader.py", line 993, in _resubscribe_and_backfill
  File "C:\Users\bwang\Documents\GitHub\CL_Analyst\src\live_execution\live_trader.py", line 889, in _subscribe
    log.info("Subscribing to live 5-min bars (Brain stream)...")
  File "C:\Users\bwang\Documents\GitHub\CL_Analyst\src\live_execution\ibkr_client.py", line 523, in subscribe_live_bars
    bars = self.ib.reqHistoricalData(
  File "C:\Users\bwang\anaconda3\envs\trader\lib\site-packages\ib_insync\ib.py", line 1070, in reqHistoricalData
    return self._run(
  File "C:\Users\bwang\anaconda3\envs\trader\lib\site-packages\ib_insync\ib.py", line 318, in _run
    return util.run(*awaitables, timeout=self.RequestTimeout)
  File "C:\Users\bwang\anaconda3\envs\trader\lib\site-packages\ib_insync\util.py", line 341, in run
    result = loop.run_until_complete(task)
  File "C:\Users\bwang\anaconda3\envs\trader\lib\asyncio\base_events.py", line 625, in run_until_complete
    self._check_running()
  File "C:\Users\bwang\anaconda3\envs\trader\lib\asyncio\base_events.py", line 584, in _check_running
    raise RuntimeError('This event loop is already running')
RuntimeError: This event loop is already running
2026-03-03 21:53:47 [INFO] CONNECTIVITY RESTORED (code 2106) — resubscribing...
2026-03-03 21:53:47 [INFO] Backfilling gap: 2026-03-04 05:00:00 → 2026-03-04 05:53:47.857101 (53.8 minutes)
2026-03-03 21:53:47 [ERROR] Gap backfill failed — continuing without
Traceback (most recent call last):
  File "C:\Users\bwang\anaconda3\envs\trader\lib\asyncio\tasks.py", line 605, in sleep
    return await future
asyncio.exceptions.CancelledError

During handling of the above exception, another exception occurred:

Traceback (most recent call last):
  File "C:\Users\bwang\anaconda3\envs\trader\lib\site-packages\ib_insync\util.py", line 341, in run
    result = loop.run_until_complete(task)
  File "C:\Users\bwang\anaconda3\envs\trader\lib\asyncio\base_events.py", line 649, in run_until_complete
    return future.result()
asyncio.exceptions.CancelledError

During handling of the above exception, another exception occurred:

Traceback (most recent call last):
  File "C:\Users\bwang\Documents\GitHub\CL_Analyst\src\live_execution\live_trader.py", line 1499, in _event_loop
    log.exception("Error in event loop iteration")
  File "C:\Users\bwang\anaconda3\envs\trader\lib\site-packages\ib_insync\util.py", line 386, in sleep
    run(asyncio.sleep(secs))
  File "C:\Users\bwang\anaconda3\envs\trader\lib\site-packages\ib_insync\util.py", line 343, in run
    raise globalErrorEvent.value() or e
ConnectionError: Socket disconnect

During handling of the above exception, another exception occurred:

Traceback (most recent call last):
  File "C:\Users\bwang\Documents\GitHub\CL_Analyst\src\live_execution\live_trader.py", line 954, in _resubscribe_and_backfill
    self.manager.cancel_subscription(self._live_bars)
TypeError: IBKRConnectionManager.fetch_historical_bars_by_duration() got an unexpected keyword argument 'contract'
2026-03-03 21:53:47 [INFO] Subscribing to live 5-min bars (Brain stream)...
2026-03-03 21:53:47 [ERROR] Resubscription failed — will retry on next reconnect
Traceback (most recent call last):
  File "C:\Users\bwang\anaconda3\envs\trader\lib\asyncio\tasks.py", line 605, in sleep
    return await future
asyncio.exceptions.CancelledError

During handling of the above exception, another exception occurred:

Traceback (most recent call last):
  File "C:\Users\bwang\anaconda3\envs\trader\lib\site-packages\ib_insync\util.py", line 341, in run
    result = loop.run_until_complete(task)
  File "C:\Users\bwang\anaconda3\envs\trader\lib\asyncio\base_events.py", line 649, in run_until_complete
    return future.result()
asyncio.exceptions.CancelledError

During handling of the above exception, another exception occurred:

Traceback (most recent call last):
  File "C:\Users\bwang\Documents\GitHub\CL_Analyst\src\live_execution\live_trader.py", line 1499, in _event_loop
    log.exception("Error in event loop iteration")
  File "C:\Users\bwang\anaconda3\envs\trader\lib\site-packages\ib_insync\util.py", line 386, in sleep
    run(asyncio.sleep(secs))
  File "C:\Users\bwang\anaconda3\envs\trader\lib\site-packages\ib_insync\util.py", line 343, in run
    raise globalErrorEvent.value() or e
ConnectionError: Socket disconnect

During handling of the above exception, another exception occurred:

Traceback (most recent call last):
  File "C:\Users\bwang\Documents\GitHub\CL_Analyst\src\live_execution\live_trader.py", line 993, in _resubscribe_and_backfill
  File "C:\Users\bwang\Documents\GitHub\CL_Analyst\src\live_execution\live_trader.py", line 889, in _subscribe
    log.info("Subscribing to live 5-min bars (Brain stream)...")
  File "C:\Users\bwang\Documents\GitHub\CL_Analyst\src\live_execution\ibkr_client.py", line 523, in subscribe_live_bars
    bars = self.ib.reqHistoricalData(
  File "C:\Users\bwang\anaconda3\envs\trader\lib\site-packages\ib_insync\ib.py", line 1070, in reqHistoricalData
    return self._run(
  File "C:\Users\bwang\anaconda3\envs\trader\lib\site-packages\ib_insync\ib.py", line 318, in _run
    return util.run(*awaitables, timeout=self.RequestTimeout)
  File "C:\Users\bwang\anaconda3\envs\trader\lib\site-packages\ib_insync\util.py", line 341, in run
    result = loop.run_until_complete(task)
  File "C:\Users\bwang\anaconda3\envs\trader\lib\asyncio\base_events.py", line 625, in run_until_complete
    self._check_running()
  File "C:\Users\bwang\anaconda3\envs\trader\lib\asyncio\base_events.py", line 584, in _check_running
    raise RuntimeError('This event loop is already running')
RuntimeError: This event loop is already running
2026-03-03 21:53:47 [INFO] Warning 2158, reqId -1: Sec-def data farm connection is OK:secdefnj
2026-03-03 21:53:47 [INFO] API connection ready
2026-03-03 21:53:47 [INFO] Warning 2104, reqId -1: Market data farm connection is OK:usopt.nj
2026-03-03 21:53:47 [INFO] CONNECTIVITY RESTORED (code 2104) — resubscribing...
2026-03-03 21:53:47 [INFO] Backfilling gap: 2026-03-04 05:00:00 → 2026-03-04 05:53:47.896288 (53.8 minutes)
2026-03-03 21:53:47 [ERROR] Gap backfill failed — continuing without
Traceback (most recent call last):
  File "C:\Users\bwang\anaconda3\envs\trader\lib\asyncio\tasks.py", line 605, in sleep
    return await future
asyncio.exceptions.CancelledError

During handling of the above exception, another exception occurred:

Traceback (most recent call last):
  File "C:\Users\bwang\anaconda3\envs\trader\lib\site-packages\ib_insync\util.py", line 341, in run
    result = loop.run_until_complete(task)
  File "C:\Users\bwang\anaconda3\envs\trader\lib\asyncio\base_events.py", line 649, in run_until_complete
    return future.result()
asyncio.exceptions.CancelledError

During handling of the above exception, another exception occurred:

Traceback (most recent call last):
  File "C:\Users\bwang\Documents\GitHub\CL_Analyst\src\live_execution\live_trader.py", line 1499, in _event_loop
    log.exception("Error in event loop iteration")
  File "C:\Users\bwang\anaconda3\envs\trader\lib\site-packages\ib_insync\util.py", line 386, in sleep
    run(asyncio.sleep(secs))
  File "C:\Users\bwang\anaconda3\envs\trader\lib\site-packages\ib_insync\util.py", line 343, in run
    raise globalErrorEvent.value() or e
ConnectionError: Socket disconnect

During handling of the above exception, another exception occurred:

Traceback (most recent call last):
  File "C:\Users\bwang\Documents\GitHub\CL_Analyst\src\live_execution\live_trader.py", line 954, in _resubscribe_and_backfill
    self.manager.cancel_subscription(self._live_bars)
TypeError: IBKRConnectionManager.fetch_historical_bars_by_duration() got an unexpected keyword argument 'contract'
2026-03-03 21:53:47 [INFO] Subscribing to live 5-min bars (Brain stream)...
2026-03-03 21:53:47 [ERROR] Resubscription failed — will retry on next reconnect
Traceback (most recent call last):
  File "C:\Users\bwang\anaconda3\envs\trader\lib\asyncio\tasks.py", line 605, in sleep
    return await future
asyncio.exceptions.CancelledError

During handling of the above exception, another exception occurred:

Traceback (most recent call last):
  File "C:\Users\bwang\anaconda3\envs\trader\lib\site-packages\ib_insync\util.py", line 341, in run
    result = loop.run_until_complete(task)
  File "C:\Users\bwang\anaconda3\envs\trader\lib\asyncio\base_events.py", line 649, in run_until_complete
    return future.result()
asyncio.exceptions.CancelledError

During handling of the above exception, another exception occurred:

Traceback (most recent call last):
  File "C:\Users\bwang\Documents\GitHub\CL_Analyst\src\live_execution\live_trader.py", line 1499, in _event_loop
    log.exception("Error in event loop iteration")
  File "C:\Users\bwang\anaconda3\envs\trader\lib\site-packages\ib_insync\util.py", line 386, in sleep
    run(asyncio.sleep(secs))
  File "C:\Users\bwang\anaconda3\envs\trader\lib\site-packages\ib_insync\util.py", line 343, in run
    raise globalErrorEvent.value() or e
ConnectionError: Socket disconnect

During handling of the above exception, another exception occurred:

Traceback (most recent call last):
  File "C:\Users\bwang\Documents\GitHub\CL_Analyst\src\live_execution\live_trader.py", line 993, in _resubscribe_and_backfill
  File "C:\Users\bwang\Documents\GitHub\CL_Analyst\src\live_execution\live_trader.py", line 889, in _subscribe
    log.info("Subscribing to live 5-min bars (Brain stream)...")
  File "C:\Users\bwang\Documents\GitHub\CL_Analyst\src\live_execution\ibkr_client.py", line 523, in subscribe_live_bars
    bars = self.ib.reqHistoricalData(
  File "C:\Users\bwang\anaconda3\envs\trader\lib\site-packages\ib_insync\ib.py", line 1070, in reqHistoricalData
    return self._run(
  File "C:\Users\bwang\anaconda3\envs\trader\lib\site-packages\ib_insync\ib.py", line 318, in _run
    return util.run(*awaitables, timeout=self.RequestTimeout)
  File "C:\Users\bwang\anaconda3\envs\trader\lib\site-packages\ib_insync\util.py", line 341, in run
    result = loop.run_until_complete(task)
  File "C:\Users\bwang\anaconda3\envs\trader\lib\asyncio\base_events.py", line 625, in run_until_complete
    self._check_running()
  File "C:\Users\bwang\anaconda3\envs\trader\lib\asyncio\base_events.py", line 584, in _check_running
    raise RuntimeError('This event loop is already running')
RuntimeError: This event loop is already running
2026-03-03 21:53:47 [INFO] CONNECTIVITY RESTORED (code 2104) — resubscribing...
2026-03-03 21:53:47 [INFO] Backfilling gap: 2026-03-04 05:00:00 → 2026-03-04 05:53:47.899823 (53.8 minutes)
2026-03-03 21:53:47 [ERROR] Gap backfill failed — continuing without
Traceback (most recent call last):
  File "C:\Users\bwang\anaconda3\envs\trader\lib\asyncio\tasks.py", line 605, in sleep
    return await future
asyncio.exceptions.CancelledError

During handling of the above exception, another exception occurred:

Traceback (most recent call last):
  File "C:\Users\bwang\anaconda3\envs\trader\lib\site-packages\ib_insync\util.py", line 341, in run
    result = loop.run_until_complete(task)
  File "C:\Users\bwang\anaconda3\envs\trader\lib\asyncio\base_events.py", line 649, in run_until_complete
    return future.result()
asyncio.exceptions.CancelledError

During handling of the above exception, another exception occurred:

Traceback (most recent call last):
  File "C:\Users\bwang\Documents\GitHub\CL_Analyst\src\live_execution\live_trader.py", line 1499, in _event_loop
    log.exception("Error in event loop iteration")
  File "C:\Users\bwang\anaconda3\envs\trader\lib\site-packages\ib_insync\util.py", line 386, in sleep
    run(asyncio.sleep(secs))
  File "C:\Users\bwang\anaconda3\envs\trader\lib\site-packages\ib_insync\util.py", line 343, in run
    raise globalErrorEvent.value() or e
ConnectionError: Socket disconnect

During handling of the above exception, another exception occurred:

Traceback (most recent call last):
  File "C:\Users\bwang\Documents\GitHub\CL_Analyst\src\live_execution\live_trader.py", line 954, in _resubscribe_and_backfill
    self.manager.cancel_subscription(self._live_bars)
TypeError: IBKRConnectionManager.fetch_historical_bars_by_duration() got an unexpected keyword argument 'contract'
2026-03-03 21:53:47 [INFO] Subscribing to live 5-min bars (Brain stream)...
2026-03-03 21:53:47 [ERROR] Resubscription failed — will retry on next reconnect
Traceback (most recent call last):
  File "C:\Users\bwang\anaconda3\envs\trader\lib\asyncio\tasks.py", line 605, in sleep
    return await future
asyncio.exceptions.CancelledError

During handling of the above exception, another exception occurred:

Traceback (most recent call last):
  File "C:\Users\bwang\anaconda3\envs\trader\lib\site-packages\ib_insync\util.py", line 341, in run
    result = loop.run_until_complete(task)
  File "C:\Users\bwang\anaconda3\envs\trader\lib\asyncio\base_events.py", line 649, in run_until_complete
    return future.result()
asyncio.exceptions.CancelledError

During handling of the above exception, another exception occurred:

Traceback (most recent call last):
  File "C:\Users\bwang\Documents\GitHub\CL_Analyst\src\live_execution\live_trader.py", line 1499, in _event_loop
    log.exception("Error in event loop iteration")
  File "C:\Users\bwang\anaconda3\envs\trader\lib\site-packages\ib_insync\util.py", line 386, in sleep
    run(asyncio.sleep(secs))
  File "C:\Users\bwang\anaconda3\envs\trader\lib\site-packages\ib_insync\util.py", line 343, in run
    raise globalErrorEvent.value() or e
ConnectionError: Socket disconnect

During handling of the above exception, another exception occurred:

Traceback (most recent call last):
  File "C:\Users\bwang\Documents\GitHub\CL_Analyst\src\live_execution\live_trader.py", line 993, in _resubscribe_and_backfill
  File "C:\Users\bwang\Documents\GitHub\CL_Analyst\src\live_execution\live_trader.py", line 889, in _subscribe
    log.info("Subscribing to live 5-min bars (Brain stream)...")
  File "C:\Users\bwang\Documents\GitHub\CL_Analyst\src\live_execution\ibkr_client.py", line 523, in subscribe_live_bars
    bars = self.ib.reqHistoricalData(
  File "C:\Users\bwang\anaconda3\envs\trader\lib\site-packages\ib_insync\ib.py", line 1070, in reqHistoricalData
    return self._run(
  File "C:\Users\bwang\anaconda3\envs\trader\lib\site-packages\ib_insync\ib.py", line 318, in _run
    return util.run(*awaitables, timeout=self.RequestTimeout)
  File "C:\Users\bwang\anaconda3\envs\trader\lib\site-packages\ib_insync\util.py", line 341, in run
    result = loop.run_until_complete(task)
  File "C:\Users\bwang\anaconda3\envs\trader\lib\asyncio\base_events.py", line 625, in run_until_complete
    self._check_running()
  File "C:\Users\bwang\anaconda3\envs\trader\lib\asyncio\base_events.py", line 584, in _check_running
    raise RuntimeError('This event loop is already running')
RuntimeError: This event loop is already running
2026-03-03 21:53:48 [ERROR] Error 366, reqId 15: No historical data query found for ticker id:15, contract: ContFuture(conId=304037436, symbol='CL', lastTradeDateOrContractMonth='20260320', multiplier='1000', exchange='NYMEX', currency='USD', localSymbol='CLJ6', tradingClass='CL')
2026-03-03 21:53:48 [ERROR] Error 366, reqId 16: No historical data query found for ticker id:16
2026-03-03 21:53:48 [ERROR] Error 366, reqId 15: No historical data query found for ticker id:15
2026-03-03 21:53:48 [ERROR] Error 366, reqId 16: No historical data query found for ticker id:16
2026-03-03 21:53:48 [ERROR] Error 366, reqId 15: No historical data query found for ticker id:15
2026-03-03 21:53:48 [ERROR] Error 366, reqId 16: No historical data query found for ticker id:16
2026-03-03 21:53:48 [ERROR] Error 366, reqId 15: No historical data query found for ticker id:15
2026-03-03 21:53:48 [ERROR] Error 366, reqId 16: No historical data query found for ticker id:16
2026-03-03 21:53:48 [ERROR] Error 366, reqId 15: No historical data query found for ticker id:15
2026-03-03 21:53:48 [ERROR] Error 366, reqId 16: No historical data query found for ticker id:16
2026-03-03 21:53:48 [ERROR] Error 366, reqId 15: No historical data query found for ticker id:15
2026-03-03 21:53:48 [ERROR] Error 366, reqId 16: No historical data query found for ticker id:16
2026-03-03 21:53:48 [ERROR] Error 366, reqId 15: No historical data query found for ticker id:15
2026-03-03 21:53:48 [ERROR] Error 366, reqId 16: No historical data query found for ticker id:16
2026-03-03 21:53:48 [ERROR] Error 366, reqId 15: No historical data query found for ticker id:15
2026-03-03 21:53:48 [ERROR] Error 366, reqId 16: No historical data query found for ticker id:16
2026-03-03 21:53:48 [ERROR] Error 366, reqId 15: No historical data query found for ticker id:15
2026-03-03 21:53:48 [ERROR] Error 366, reqId 16: No historical data query found for ticker id:16
2026-03-03 21:53:48 [ERROR] Error 366, reqId 15: No historical data query found for ticker id:15
2026-03-03 21:53:48 [ERROR] Error 366, reqId 16: No historical data query found for ticker id:16
2026-03-03 21:53:48 [ERROR] Error 366, reqId 15: No historical data query found for ticker id:15
2026-03-03 21:53:48 [ERROR] Error 366, reqId 16: No historical data query found for ticker id:16
2026-03-03 21:53:48 [ERROR] Error 366, reqId 15: No historical data query found for ticker id:15
2026-03-03 21:53:48 [ERROR] Error 366, reqId 16: No historical data query found for ticker id:16
2026-03-03 21:53:48 [INFO] updatePortfolio: PortfolioItem(contract=Future(conId=304037436, symbol='CL', lastTradeDateOrContractMonth='20260320', right='0', multiplier='1000', primaryExchange='NYMEX', currency='USD', localSymbol='CLJ6', tradingClass='CL'), position=0.0, marketPrice=75.19999695, marketValue=0.0, averageCost=0.0, unrealizedPNL=0.0, realizedPNL=0.0, account='DU1899929')
2026-03-03 21:53:49 [ERROR] Error 366, reqId 15: No historical data query found for ticker id:15
2026-03-03 21:53:49 [ERROR] Error 366, reqId 16: No historical data query found for ticker id:16
2026-03-03 21:53:49 [ERROR] Error 366, reqId 15: No historical data query found for ticker id:15
2026-03-03 21:53:49 [INFO] Synchronization complete
2026-03-03 21:53:49 [INFO] Connected to IBKR on port 7497 with clientId 10
2026-03-03 21:53:49 [INFO] Backfilling gap: 2026-03-04 05:00:00 → 2026-03-04 05:53:49.018617 (53.8 minutes)
2026-03-03 21:53:49 [ERROR] Gap backfill failed — continuing without
Traceback (most recent call last):
  File "C:\Users\bwang\anaconda3\envs\trader\lib\asyncio\tasks.py", line 605, in sleep
    return await future
asyncio.exceptions.CancelledError

During handling of the above exception, another exception occurred:

Traceback (most recent call last):
  File "C:\Users\bwang\anaconda3\envs\trader\lib\site-packages\ib_insync\util.py", line 341, in run
    result = loop.run_until_complete(task)
  File "C:\Users\bwang\anaconda3\envs\trader\lib\asyncio\base_events.py", line 649, in run_until_complete
    return future.result()
asyncio.exceptions.CancelledError

During handling of the above exception, another exception occurred:

Traceback (most recent call last):
  File "C:\Users\bwang\Documents\GitHub\CL_Analyst\src\live_execution\live_trader.py", line 1499, in _event_loop
    log.exception("Error in event loop iteration")
  File "C:\Users\bwang\anaconda3\envs\trader\lib\site-packages\ib_insync\util.py", line 386, in sleep
    run(asyncio.sleep(secs))
  File "C:\Users\bwang\anaconda3\envs\trader\lib\site-packages\ib_insync\util.py", line 343, in run
    raise globalErrorEvent.value() or e
ConnectionError: Socket disconnect

During handling of the above exception, another exception occurred:

Traceback (most recent call last):
  File "C:\Users\bwang\Documents\GitHub\CL_Analyst\src\live_execution\live_trader.py", line 954, in _resubscribe_and_backfill
    self.manager.cancel_subscription(self._live_bars)
TypeError: IBKRConnectionManager.fetch_historical_bars_by_duration() got an unexpected keyword argument 'contract'
2026-03-03 21:53:49 [INFO] Subscribing to live 5-min bars (Brain stream)...
2026-03-03 21:53:49 [ERROR] Error 366, reqId 16: No historical data query found for ticker id:16
2026-03-03 21:53:49 [ERROR] Error 162, reqId 15: Historical Market Data Service error message:API historical data query cancelled: 15
2026-03-03 21:53:49 [ERROR] Error 366, reqId 16: No historical data query found for ticker id:16
2026-03-03 21:53:50 [INFO] Subscribed to continuous contract live bars
2026-03-03 21:53:50 [INFO] Subscribing to front-month bars (Hands stream: 202603)...
2026-03-03 21:53:50 [INFO] Subscribed to front-month live bars
2026-03-03 21:53:50 [INFO] Reconnection complete — live bars flowing again
2026-03-03 21:53:50 [INFO] Reconnected successfully on attempt 3
2026-03-03 21:55:04 [INFO] NEW BAR: 2026-03-04 05:55:00  O=75.82 H=75.82 L=75.81 C=75.81 V=7
2026-03-03 21:55:11 [INFO] INFERENCE [Manatee] LONG: buy_prob=0.3648  sell_prob=0.0000  signal=Hold  action=HOLD  skip=BELOW_THRESHOLD
2026-03-03 21:57:35 [INFO] Warning 2108, reqId -1: Market data farm connection is inactive but should be available upon demand.usfuture.nj
2026-03-03 21:57:35 [INFO] Warning 2108, reqId -1: Market data farm connection is inactive but should be available upon demand.usfuture.nj
2026-03-03 22:00:05 [INFO] NEW BAR: 2026-03-04 06:00:00  O=75.92 H=75.94 L=75.91 C=75.92 V=7
2026-03-03 22:00:12 [INFO] INFERENCE [Manatee] LONG: buy_prob=0.4051  sell_prob=0.0000  signal=Hold  action=HOLD  skip=BELOW_THRESHOLD
2026-03-03 22:05:05 [INFO] NEW BAR: 2026-03-04 06:05:00  O=75.89 H=75.90 L=75.89 C=75.90 V=4
2026-03-03 22:05:05 [INFO] Cache saved: 14219 bars → C:\Users\bwang\Documents\GitHub\CL_Analyst\data\processed\warm_start_cache_cid10.parquet
2026-03-03 22:05:05 [INFO] Mirrored warm_start_cache_cid10.parquet → C:\CL_Analyst_Data\processed\warm_start_cache_cid10.parquet
2026-03-03 22:05:12 [INFO] INFERENCE [Manatee] LONG: buy_prob=0.4422  sell_prob=0.0000  signal=Hold  action=HOLD  skip=BELOW_THRESHOLD
2026-03-03 22:10:04 [INFO] NEW BAR: 2026-03-04 06:10:00  O=76.03 H=76.04 L=76.03 C=76.04 V=3
2026-03-03 22:10:11 [INFO] INFERENCE [Manatee] LONG: buy_prob=0.3943  sell_prob=0.0000  signal=Hold  action=HOLD  skip=BELOW_THRESHOLD
2026-03-03 22:15:05 [INFO] NEW BAR: 2026-03-04 06:15:00  O=76.04 H=76.04 L=76.02 C=76.04 V=11
2026-03-03 22:15:11 [INFO] INFERENCE [Manatee] LONG: buy_prob=0.3900  sell_prob=0.0000  signal=Hold  action=HOLD  skip=BELOW_THRESHOLD
2026-03-03 22:20:05 [INFO] NEW BAR: 2026-03-04 06:20:00  O=76.25 H=76.25 L=76.21 C=76.21 V=35
2026-03-03 22:20:12 [INFO] INFERENCE [Manatee] LONG: buy_prob=0.3374  sell_prob=0.0000  signal=Hold  action=HOLD  skip=BELOW_THRESHOLD
2026-03-03 22:25:05 [INFO] NEW BAR: 2026-03-04 06:25:00  O=76.48 H=76.49 L=76.43 C=76.46 V=57
2026-03-03 22:25:12 [INFO] INFERENCE [Manatee] LONG: buy_prob=0.3466  sell_prob=0.0000  signal=Hold  action=HOLD  skip=BELOW_THRESHOLD
2026-03-03 22:30:04 [INFO] NEW BAR: 2026-03-04 06:30:00  O=76.40 H=76.41 L=76.35 C=76.37 V=51
2026-03-03 22:30:11 [INFO] INFERENCE [Manatee] LONG: buy_prob=0.3666  sell_prob=0.0000  signal=Hold  action=HOLD  skip=BELOW_THRESHOLD
2026-03-03 22:35:04 [INFO] NEW BAR: 2026-03-04 06:35:00  O=76.36 H=76.37 L=76.36 C=76.36 V=7
2026-03-03 22:35:11 [INFO] INFERENCE [Manatee] LONG: buy_prob=0.3643  sell_prob=0.0000  signal=Hold  action=HOLD  skip=BELOW_THRESHOLD
2026-03-03 22:40:05 [INFO] NEW BAR: 2026-03-04 06:40:00  O=76.30 H=76.32 L=76.30 C=76.31 V=15
2026-03-03 22:40:12 [INFO] INFERENCE [Manatee] LONG: buy_prob=0.3715  sell_prob=0.0000  signal=Hold  action=HOLD  skip=BELOW_THRESHOLD
2026-03-03 22:45:04 [INFO] NEW BAR: 2026-03-04 06:45:00  O=76.48 H=76.51 L=76.48 C=76.49 V=29
2026-03-03 22:45:11 [INFO] INFERENCE [Manatee] LONG: buy_prob=0.3582  sell_prob=0.0000  signal=Hold  action=HOLD  skip=BELOW_THRESHOLD
2026-03-03 22:50:05 [INFO] NEW BAR: 2026-03-04 06:50:00  O=76.69 H=76.69 L=76.68 C=76.69 V=17
2026-03-03 22:50:12 [INFO] INFERENCE [Manatee] LONG: buy_prob=0.3647  sell_prob=0.0000  signal=Hold  action=HOLD  skip=BELOW_THRESHOLD
2026-03-03 22:55:04 [INFO] NEW BAR: 2026-03-04 06:55:00  O=76.67 H=76.67 L=76.66 C=76.66 V=12
2026-03-03 22:55:11 [INFO] INFERENCE [Manatee] LONG: buy_prob=0.3763  sell_prob=0.0000  signal=Hold  action=HOLD  skip=BELOW_THRESHOLD
2026-03-03 23:00:04 [INFO] NEW BAR: 2026-03-04 07:00:00  O=76.84 H=76.84 L=76.65 C=76.73 V=188
2026-03-03 23:00:11 [INFO] INFERENCE [Manatee] LONG: buy_prob=0.3425  sell_prob=0.0000  signal=Hold  action=HOLD  skip=BELOW_THRESHOLD
2026-03-03 23:05:04 [INFO] NEW BAR: 2026-03-04 07:05:00  O=76.86 H=76.87 L=76.85 C=76.86 V=11
2026-03-03 23:05:04 [INFO] Cache saved: 14231 bars → C:\Users\bwang\Documents\GitHub\CL_Analyst\data\processed\warm_start_cache_cid10.parquet
2026-03-03 23:05:04 [INFO] Mirrored warm_start_cache_cid10.parquet → C:\CL_Analyst_Data\processed\warm_start_cache_cid10.parquet
2026-03-03 23:05:11 [INFO] INFERENCE [Manatee] LONG: buy_prob=0.3598  sell_prob=0.0000  signal=Hold  action=HOLD  skip=BELOW_THRESHOLD
2026-03-03 23:10:05 [INFO] NEW BAR: 2026-03-04 07:10:00  O=76.73 H=76.76 L=76.73 C=76.76 V=8
2026-03-03 23:10:12 [INFO] INFERENCE [Manatee] LONG: buy_prob=0.3466  sell_prob=0.0000  signal=Hold  action=HOLD  skip=BELOW_THRESHOLD
2026-03-03 23:15:04 [INFO] NEW BAR: 2026-03-04 07:15:00  O=76.74 H=76.79 L=76.74 C=76.79 V=8
2026-03-03 23:15:11 [INFO] INFERENCE [Manatee] LONG: buy_prob=0.3072  sell_prob=0.0000  signal=Hold  action=HOLD  skip=BELOW_THRESHOLD
2026-03-03 23:20:04 [INFO] NEW BAR: 2026-03-04 07:20:00  O=76.76 H=76.77 L=76.75 C=76.76 V=8
2026-03-03 23:20:11 [INFO] INFERENCE [Manatee] LONG: buy_prob=0.3499  sell_prob=0.0000  signal=Hold  action=HOLD  skip=BELOW_THRESHOLD
2026-03-03 23:25:04 [INFO] NEW BAR: 2026-03-04 07:25:00  O=76.60 H=76.60 L=76.57 C=76.57 V=22
2026-03-03 23:25:11 [INFO] INFERENCE [Manatee] LONG: buy_prob=0.3915  sell_prob=0.0000  signal=Hold  action=HOLD  skip=BELOW_THRESHOLD
2026-03-03 23:30:05 [INFO] NEW BAR: 2026-03-04 07:30:00  O=76.78 H=76.78 L=76.77 C=76.77 V=12
2026-03-03 23:30:12 [INFO] INFERENCE [Manatee] LONG: buy_prob=0.3193  sell_prob=0.0000  signal=Hold  action=HOLD  skip=BELOW_THRESHOLD
2026-03-03 23:35:05 [INFO] NEW BAR: 2026-03-04 07:35:00  O=76.70 H=76.73 L=76.70 C=76.73 V=3
2026-03-03 23:35:12 [INFO] INFERENCE [Manatee] LONG: buy_prob=0.3576  sell_prob=0.0000  signal=Hold  action=HOLD  skip=BELOW_THRESHOLD
2026-03-03 23:40:04 [INFO] NEW BAR: 2026-03-04 07:40:00  O=76.72 H=76.72 L=76.67 C=76.68 V=23
2026-03-03 23:40:11 [INFO] INFERENCE [Manatee] LONG: buy_prob=0.3659  sell_prob=0.0000  signal=Hold  action=HOLD  skip=BELOW_THRESHOLD
2026-03-03 23:45:04 [INFO] NEW BAR: 2026-03-04 07:45:00  O=76.69 H=76.70 L=76.69 C=76.69 V=3
2026-03-03 23:45:11 [INFO] INFERENCE [Manatee] LONG: buy_prob=0.4018  sell_prob=0.0000  signal=Hold  action=HOLD  skip=BELOW_THRESHOLD
2026-03-03 23:50:05 [INFO] NEW BAR: 2026-03-04 07:50:00  O=76.56 H=76.56 L=76.56 C=76.56 V=4
2026-03-03 23:50:11 [INFO] INFERENCE [Manatee] LONG: buy_prob=0.4221  sell_prob=0.0000  signal=Hold  action=HOLD  skip=BELOW_THRESHOLD
2026-03-03 23:55:05 [INFO] NEW BAR: 2026-03-04 07:55:00  O=76.47 H=76.49 L=76.47 C=76.49 V=11
2026-03-03 23:55:11 [INFO] INFERENCE [Manatee] LONG: buy_prob=0.3861  sell_prob=0.0000  signal=Hold  action=HOLD  skip=BELOW_THRESHOLD
2026-03-04 00:00:04 [INFO] NEW BAR: 2026-03-04 08:00:00  O=76.44 H=76.44 L=76.26 C=76.28 V=159
2026-03-04 00:00:11 [INFO] INFERENCE [Manatee] LONG: buy_prob=0.3397  sell_prob=0.0000  signal=Hold  action=HOLD  skip=BELOW_THRESHOLD
2026-03-04 00:05:05 [INFO] NEW BAR: 2026-03-04 08:05:00  O=76.26 H=76.26 L=76.20 C=76.22 V=22
2026-03-04 00:05:05 [INFO] Cache saved: 14243 bars → C:\Users\bwang\Documents\GitHub\CL_Analyst\data\processed\warm_start_cache_cid10.parquet
2026-03-04 00:05:05 [INFO] Mirrored warm_start_cache_cid10.parquet → C:\CL_Analyst_Data\processed\warm_start_cache_cid10.parquet
2026-03-04 00:05:12 [INFO] INFERENCE [Manatee] LONG: buy_prob=0.3745  sell_prob=0.0000  signal=Hold  action=HOLD  skip=BELOW_THRESHOLD
2026-03-04 00:10:05 [INFO] NEW BAR: 2026-03-04 08:10:00  O=76.49 H=76.50 L=76.48 C=76.50 V=12
2026-03-04 00:10:12 [INFO] INFERENCE [Manatee] LONG: buy_prob=0.3407  sell_prob=0.0000  signal=Hold  action=HOLD  skip=BELOW_THRESHOLD
2026-03-04 00:15:05 [INFO] NEW BAR: 2026-03-04 08:15:00  O=76.20 H=76.20 L=76.16 C=76.17 V=29
2026-03-04 00:15:11 [INFO] INFERENCE [Manatee] LONG: buy_prob=0.3377  sell_prob=0.0000  signal=Hold  action=HOLD  skip=BELOW_THRESHOLD
2026-03-04 00:20:04 [INFO] NEW BAR: 2026-03-04 08:20:00  O=76.29 H=76.30 L=76.27 C=76.29 V=19
2026-03-04 00:20:11 [INFO] INFERENCE [Manatee] LONG: buy_prob=0.3566  sell_prob=0.0000  signal=Hold  action=HOLD  skip=BELOW_THRESHOLD
2026-03-04 00:25:04 [INFO] NEW BAR: 2026-03-04 08:25:00  O=76.30 H=76.34 L=76.30 C=76.34 V=12
2026-03-04 00:25:11 [INFO] INFERENCE [Manatee] LONG: buy_prob=0.3561  sell_prob=0.0000  signal=Hold  action=HOLD  skip=BELOW_THRESHOLD
2026-03-04 00:30:04 [INFO] NEW BAR: 2026-03-04 08:30:00  O=76.72 H=76.83 L=76.72 C=76.77 V=123
2026-03-04 00:30:11 [INFO] INFERENCE [Manatee] LONG: buy_prob=0.3094  sell_prob=0.0000  signal=Hold  action=HOLD  skip=BELOW_THRESHOLD
2026-03-04 00:35:05 [INFO] NEW BAR: 2026-03-04 08:35:00  O=76.82 H=76.82 L=76.78 C=76.81 V=23
2026-03-04 00:35:12 [INFO] INFERENCE [Manatee] LONG: buy_prob=0.3064  sell_prob=0.0000  signal=Hold  action=HOLD  skip=BELOW_THRESHOLD
2026-03-04 00:40:04 [INFO] NEW BAR: 2026-03-04 08:40:00  O=77.10 H=77.12 L=77.10 C=77.10 V=27
2026-03-04 00:40:11 [INFO] INFERENCE [Manatee] LONG: buy_prob=0.3799  sell_prob=0.0000  signal=Hold  action=HOLD  skip=BELOW_THRESHOLD
2026-03-04 00:45:04 [INFO] NEW BAR: 2026-03-04 08:45:00  O=77.16 H=77.17 L=77.14 C=77.15 V=19
2026-03-04 00:45:11 [INFO] INFERENCE [Manatee] LONG: buy_prob=0.3532  sell_prob=0.0000  signal=Hold  action=HOLD  skip=BELOW_THRESHOLD
2026-03-04 00:50:04 [INFO] NEW BAR: 2026-03-04 08:50:00  O=77.08 H=77.08 L=77.08 C=77.08 V=2
2026-03-04 00:50:11 [INFO] INFERENCE [Manatee] LONG: buy_prob=0.3669  sell_prob=0.0000  signal=Hold  action=HOLD  skip=BELOW_THRESHOLD
2026-03-04 00:55:05 [INFO] NEW BAR: 2026-03-04 08:55:00  O=76.80 H=76.80 L=76.79 C=76.79 V=5
2026-03-04 00:55:12 [INFO] INFERENCE [Manatee] LONG: buy_prob=0.3137  sell_prob=0.0000  signal=Hold  action=HOLD  skip=BELOW_THRESHOLD
2026-03-04 01:00:04 [INFO] NEW BAR: 2026-03-04 09:00:00  O=76.73 H=76.73 L=76.62 C=76.63 V=200
2026-03-04 01:00:11 [INFO] INFERENCE [Manatee] LONG: buy_prob=0.3847  sell_prob=0.0000  signal=Hold  action=HOLD  skip=BELOW_THRESHOLD
2026-03-04 01:05:04 [INFO] NEW BAR: 2026-03-04 09:05:00  O=76.66 H=76.67 L=76.63 C=76.63 V=20
2026-03-04 01:05:04 [INFO] Cache saved: 14255 bars → C:\Users\bwang\Documents\GitHub\CL_Analyst\data\processed\warm_start_cache_cid10.parquet
2026-03-04 01:05:04 [INFO] Mirrored warm_start_cache_cid10.parquet → C:\CL_Analyst_Data\processed\warm_start_cache_cid10.parquet
2026-03-04 01:05:11 [INFO] INFERENCE [Manatee] LONG: buy_prob=0.3986  sell_prob=0.0000  signal=Hold  action=HOLD  skip=BELOW_THRESHOLD
2026-03-04 01:10:05 [INFO] NEW BAR: 2026-03-04 09:10:00  O=76.71 H=76.76 L=76.69 C=76.74 V=47
2026-03-04 01:10:12 [INFO] INFERENCE [Manatee] LONG: buy_prob=0.3513  sell_prob=0.0000  signal=Hold  action=HOLD  skip=BELOW_THRESHOLD
2026-03-04 01:15:04 [INFO] NEW BAR: 2026-03-04 09:15:00  O=76.32 H=76.34 L=76.31 C=76.31 V=58
2026-03-04 01:15:11 [INFO] INFERENCE [Manatee] LONG: buy_prob=0.3524  sell_prob=0.0000  signal=Hold  action=HOLD  skip=BELOW_THRESHOLD
2026-03-04 01:20:04 [INFO] NEW BAR: 2026-03-04 09:20:00  O=76.05 H=76.06 L=76.03 C=76.05 V=21
2026-03-04 01:20:11 [INFO] INFERENCE [Manatee] LONG: buy_prob=0.3431  sell_prob=0.0000  signal=Hold  action=HOLD  skip=BELOW_THRESHOLD
2026-03-04 01:25:04 [INFO] NEW BAR: 2026-03-04 09:25:00  O=76.13 H=76.13 L=76.11 C=76.11 V=7
2026-03-04 01:25:11 [INFO] INFERENCE [Manatee] LONG: buy_prob=0.3675  sell_prob=0.0000  signal=Hold  action=HOLD  skip=BELOW_THRESHOLD
2026-03-04 01:26:17 [INFO] Warning 2157, reqId -1: Sec-def data farm connection is broken:secdefnj
2026-03-04 01:26:20 [INFO] Warning 2158, reqId -1: Sec-def data farm connection is OK:secdefnj
2026-03-04 01:26:35 [INFO] Warning 2103, reqId -1: Market data farm connection is broken:cashfarm
2026-03-04 01:26:35 [INFO] Warning 2104, reqId -1: Market data farm connection is OK:cashfarm
2026-03-04 01:30:04 [INFO] NEW BAR: 2026-03-04 09:30:00  O=76.18 H=76.18 L=76.15 C=76.16 V=20
2026-03-04 01:30:11 [INFO] INFERENCE [Manatee] LONG: buy_prob=0.3377  sell_prob=0.0000  signal=Hold  action=HOLD  skip=BELOW_THRESHOLD
2026-03-04 01:35:05 [INFO] NEW BAR: 2026-03-04 09:35:00  O=76.26 H=76.26 L=76.18 C=76.18 V=49
2026-03-04 01:35:12 [INFO] INFERENCE [Manatee] LONG: buy_prob=0.3313  sell_prob=0.0000  signal=Hold  action=HOLD  skip=BELOW_THRESHOLD
2026-03-04 01:40:04 [INFO] NEW BAR: 2026-03-04 09:40:00  O=76.57 H=76.62 L=76.56 C=76.62 V=25
2026-03-04 01:40:11 [INFO] INFERENCE [Manatee] LONG: buy_prob=0.4035  sell_prob=0.0000  signal=Hold  action=HOLD  skip=BELOW_THRESHOLD
2026-03-04 01:45:05 [INFO] NEW BAR: 2026-03-04 09:45:00  O=76.39 H=76.40 L=76.39 C=76.39 V=14
2026-03-04 01:45:12 [INFO] INFERENCE [Manatee] LONG: buy_prob=0.3807  sell_prob=0.0000  signal=Hold  action=HOLD  skip=BELOW_THRESHOLD
2026-03-04 01:50:04 [INFO] NEW BAR: 2026-03-04 09:50:00  O=76.63 H=76.66 L=76.62 C=76.65 V=28
2026-03-04 01:50:11 [INFO] INFERENCE [Manatee] LONG: buy_prob=0.3739  sell_prob=0.0000  signal=Hold  action=HOLD  skip=BELOW_THRESHOLD
2026-03-04 01:55:05 [INFO] NEW BAR: 2026-03-04 09:55:00  O=76.66 H=76.67 L=76.66 C=76.67 V=9
2026-03-04 01:55:12 [INFO] INFERENCE [Manatee] LONG: buy_prob=0.3776  sell_prob=0.0000  signal=Hold  action=HOLD  skip=BELOW_THRESHOLD
2026-03-04 02:00:04 [INFO] NEW BAR: 2026-03-04 10:00:00  O=76.76 H=76.77 L=76.73 C=76.74 V=40
2026-03-04 02:00:11 [INFO] INFERENCE [Manatee] LONG: buy_prob=0.3462  sell_prob=0.0000  signal=Hold  action=HOLD  skip=BELOW_THRESHOLD
2026-03-04 02:05:05 [INFO] NEW BAR: 2026-03-04 10:05:00  O=76.66 H=76.67 L=76.65 C=76.65 V=15
2026-03-04 02:05:05 [INFO] Cache saved: 14267 bars → C:\Users\bwang\Documents\GitHub\CL_Analyst\data\processed\warm_start_cache_cid10.parquet
2026-03-04 02:05:05 [INFO] Mirrored warm_start_cache_cid10.parquet → C:\CL_Analyst_Data\processed\warm_start_cache_cid10.parquet
2026-03-04 02:05:12 [INFO] INFERENCE [Manatee] LONG: buy_prob=0.3809  sell_prob=0.0000  signal=Hold  action=HOLD  skip=BELOW_THRESHOLD
2026-03-04 02:10:04 [INFO] NEW BAR: 2026-03-04 10:10:00  O=75.38 H=75.47 L=75.32 C=75.37 V=202
2026-03-04 02:10:11 [INFO] INFERENCE [Manatee] LONG: buy_prob=0.3443  sell_prob=0.0000  signal=Hold  action=HOLD  skip=BELOW_THRESHOLD
2026-03-04 02:15:04 [INFO] NEW BAR: 2026-03-04 10:15:00  O=75.22 H=75.22 L=75.11 C=75.16 V=113
2026-03-04 02:15:11 [INFO] INFERENCE [Manatee] LONG: buy_prob=0.3490  sell_prob=0.0000  signal=Hold  action=HOLD  skip=BELOW_THRESHOLD
2026-03-04 02:20:04 [INFO] NEW BAR: 2026-03-04 10:20:00  O=75.51 H=75.54 L=75.47 C=75.47 V=61
2026-03-04 02:20:11 [INFO] INFERENCE [Manatee] LONG: buy_prob=0.3493  sell_prob=0.0000  signal=Hold  action=HOLD  skip=BELOW_THRESHOLD
2026-03-04 02:25:04 [INFO] NEW BAR: 2026-03-04 10:25:00  O=75.17 H=75.24 L=75.13 C=75.24 V=87
2026-03-04 02:25:11 [INFO] INFERENCE [Manatee] LONG: buy_prob=0.3394  sell_prob=0.0000  signal=Hold  action=HOLD  skip=BELOW_THRESHOLD
2026-03-04 02:30:04 [INFO] NEW BAR: 2026-03-04 10:30:00  O=75.76 H=75.78 L=75.68 C=75.68 V=73
2026-03-04 02:30:11 [INFO] INFERENCE [Manatee] LONG: buy_prob=0.3472  sell_prob=0.0000  signal=Hold  action=HOLD  skip=BELOW_THRESHOLD
2026-03-04 02:35:04 [INFO] NEW BAR: 2026-03-04 10:35:00  O=75.42 H=75.48 L=75.41 C=75.44 V=79
2026-03-04 02:35:11 [INFO] INFERENCE [Manatee] LONG: buy_prob=0.3523  sell_prob=0.0000  signal=Hold  action=HOLD  skip=BELOW_THRESHOLD
2026-03-04 02:40:05 [INFO] NEW BAR: 2026-03-04 10:40:00  O=75.25 H=75.31 L=75.25 C=75.31 V=51
2026-03-04 02:40:12 [INFO] INFERENCE [Manatee] LONG: buy_prob=0.3625  sell_prob=0.0000  signal=Hold  action=HOLD  skip=BELOW_THRESHOLD
2026-03-04 02:45:05 [INFO] NEW BAR: 2026-03-04 10:45:00  O=75.05 H=75.10 L=75.05 C=75.10 V=57
2026-03-04 02:45:12 [INFO] INFERENCE [Manatee] LONG: buy_prob=0.3251  sell_prob=0.0000  signal=Hold  action=HOLD  skip=BELOW_THRESHOLD
2026-03-04 02:50:05 [INFO] NEW BAR: 2026-03-04 10:50:00  O=74.97 H=74.97 L=74.92 C=74.92 V=22
2026-03-04 02:50:12 [INFO] INFERENCE [Manatee] LONG: buy_prob=0.3546  sell_prob=0.0000  signal=Hold  action=HOLD  skip=BELOW_THRESHOLD
2026-03-04 02:55:06 [INFO] NEW BAR: 2026-03-04 10:55:00  O=75.35 H=75.35 L=75.34 C=75.34 V=7
2026-03-04 02:55:13 [INFO] INFERENCE [Manatee] LONG: buy_prob=0.3703  sell_prob=0.0000  signal=Hold  action=HOLD  skip=BELOW_THRESHOLD
2026-03-04 03:00:05 [INFO] NEW BAR: 2026-03-04 11:00:00  O=75.23 H=75.23 L=75.22 C=75.22 V=14
2026-03-04 03:00:12 [INFO] INFERENCE [Manatee] LONG: buy_prob=0.3757  sell_prob=0.0000  signal=Hold  action=HOLD  skip=BELOW_THRESHOLD
2026-03-04 03:05:05 [INFO] NEW BAR: 2026-03-04 11:05:00  O=75.39 H=75.40 L=75.38 C=75.38 V=13
2026-03-04 03:05:05 [INFO] Cache saved: 14279 bars → C:\Users\bwang\Documents\GitHub\CL_Analyst\data\processed\warm_start_cache_cid10.parquet
2026-03-04 03:05:05 [INFO] Mirrored warm_start_cache_cid10.parquet → C:\CL_Analyst_Data\processed\warm_start_cache_cid10.parquet
2026-03-04 03:05:12 [INFO] INFERENCE [Manatee] LONG: buy_prob=0.3941  sell_prob=0.0000  signal=Hold  action=HOLD  skip=BELOW_THRESHOLD
2026-03-04 03:10:05 [INFO] NEW BAR: 2026-03-04 11:10:00  O=75.19 H=75.23 L=75.18 C=75.23 V=31
2026-03-04 03:10:12 [INFO] INFERENCE [Manatee] LONG: buy_prob=0.3660  sell_prob=0.0000  signal=Hold  action=HOLD  skip=BELOW_THRESHOLD
2026-03-04 03:15:04 [INFO] NEW BAR: 2026-03-04 11:15:00  O=75.23 H=75.24 L=75.22 C=75.22 V=40
2026-03-04 03:15:11 [INFO] INFERENCE [Manatee] LONG: buy_prob=0.3790  sell_prob=0.0000  signal=Hold  action=HOLD  skip=BELOW_THRESHOLD
2026-03-04 03:20:04 [INFO] NEW BAR: 2026-03-04 11:20:00  O=74.64 H=74.68 L=74.62 C=74.66 V=56
2026-03-04 03:20:11 [INFO] INFERENCE [Manatee] LONG: buy_prob=0.3646  sell_prob=0.0000  signal=Hold  action=HOLD  skip=BELOW_THRESHOLD
2026-03-04 03:25:05 [INFO] NEW BAR: 2026-03-04 11:25:00  O=74.58 H=74.68 L=74.58 C=74.64 V=42
2026-03-04 03:25:12 [INFO] INFERENCE [Manatee] LONG: buy_prob=0.3808  sell_prob=0.0000  signal=Hold  action=HOLD  skip=BELOW_THRESHOLD
2026-03-04 03:30:04 [INFO] NEW BAR: 2026-03-04 11:30:00  O=74.68 H=74.69 L=74.66 C=74.66 V=20
2026-03-04 03:30:11 [INFO] INFERENCE [Manatee] LONG: buy_prob=0.3750  sell_prob=0.0000  signal=Hold  action=HOLD  skip=BELOW_THRESHOLD
2026-03-04 03:35:04 [INFO] NEW BAR: 2026-03-04 11:35:00  O=74.68 H=74.68 L=74.67 C=74.67 V=3
2026-03-04 03:35:11 [INFO] INFERENCE [Manatee] LONG: buy_prob=0.3797  sell_prob=0.0000  signal=Hold  action=HOLD  skip=BELOW_THRESHOLD
2026-03-04 03:40:05 [INFO] NEW BAR: 2026-03-04 11:40:00  O=74.76 H=74.81 L=74.76 C=74.78 V=23
2026-03-04 03:40:12 [INFO] INFERENCE [Manatee] LONG: buy_prob=0.3532  sell_prob=0.0000  signal=Hold  action=HOLD  skip=BELOW_THRESHOLD
2026-03-04 03:45:04 [INFO] NEW BAR: 2026-03-04 11:45:00  O=74.97 H=75.08 L=74.97 C=75.06 V=60
2026-03-04 03:45:11 [INFO] INFERENCE [Manatee] LONG: buy_prob=0.3776  sell_prob=0.0000  signal=Hold  action=HOLD  skip=BELOW_THRESHOLD
2026-03-04 03:50:04 [INFO] NEW BAR: 2026-03-04 11:50:00  O=74.91 H=74.91 L=74.89 C=74.89 V=7
2026-03-04 03:50:11 [INFO] INFERENCE [Manatee] LONG: buy_prob=0.3967  sell_prob=0.0000  signal=Hold  action=HOLD  skip=BELOW_THRESHOLD
2026-03-04 03:55:04 [INFO] NEW BAR: 2026-03-04 11:55:00  O=74.91 H=74.91 L=74.89 C=74.89 V=5
2026-03-04 03:55:11 [INFO] INFERENCE [Manatee] LONG: buy_prob=0.3942  sell_prob=0.0000  signal=Hold  action=HOLD  skip=BELOW_THRESHOLD
2026-03-04 04:00:04 [INFO] NEW BAR: 2026-03-04 12:00:00  O=74.93 H=74.94 L=74.92 C=74.94 V=16
2026-03-04 04:00:11 [INFO] INFERENCE [Manatee] LONG: buy_prob=0.3527  sell_prob=0.0000  signal=Hold  action=HOLD  skip=BELOW_THRESHOLD
2026-03-04 04:05:04 [INFO] NEW BAR: 2026-03-04 12:05:00  O=75.21 H=75.26 L=75.18 C=75.19 V=161
2026-03-04 04:05:04 [INFO] Cache saved: 14291 bars → C:\Users\bwang\Documents\GitHub\CL_Analyst\data\processed\warm_start_cache_cid10.parquet
2026-03-04 04:05:04 [INFO] Mirrored warm_start_cache_cid10.parquet → C:\CL_Analyst_Data\processed\warm_start_cache_cid10.parquet
2026-03-04 04:05:12 [INFO] INFERENCE [Manatee] LONG: buy_prob=0.3543  sell_prob=0.0000  signal=Hold  action=HOLD  skip=BELOW_THRESHOLD
2026-03-04 04:10:05 [INFO] NEW BAR: 2026-03-04 12:10:00  O=75.10 H=75.10 L=75.07 C=75.07 V=5
2026-03-04 04:10:12 [INFO] INFERENCE [Manatee] LONG: buy_prob=0.3823  sell_prob=0.0000  signal=Hold  action=HOLD  skip=BELOW_THRESHOLD
2026-03-04 04:15:04 [INFO] NEW BAR: 2026-03-04 12:15:00  O=74.54 H=74.55 L=74.52 C=74.52 V=23
2026-03-04 04:15:11 [INFO] INFERENCE [Manatee] LONG: buy_prob=0.3724  sell_prob=0.0000  signal=Hold  action=HOLD  skip=BELOW_THRESHOLD
2026-03-04 04:20:04 [INFO] NEW BAR: 2026-03-04 12:20:00  O=74.45 H=74.49 L=74.45 C=74.48 V=41
2026-03-04 04:20:11 [INFO] INFERENCE [Manatee] LONG: buy_prob=0.3754  sell_prob=0.0000  signal=Hold  action=HOLD  skip=BELOW_THRESHOLD
2026-03-04 04:25:04 [INFO] NEW BAR: 2026-03-04 12:25:00  O=74.45 H=74.47 L=74.44 C=74.46 V=28
2026-03-04 04:25:11 [INFO] INFERENCE [Manatee] LONG: buy_prob=0.3728  sell_prob=0.0000  signal=Hold  action=HOLD  skip=BELOW_THRESHOLD
2026-03-04 04:30:04 [INFO] NEW BAR: 2026-03-04 12:30:00  O=74.66 H=74.69 L=74.66 C=74.69 V=11
2026-03-04 04:30:11 [INFO] INFERENCE [Manatee] LONG: buy_prob=0.3833  sell_prob=0.0000  signal=Hold  action=HOLD  skip=BELOW_THRESHOLD
2026-03-04 04:35:04 [INFO] NEW BAR: 2026-03-04 12:35:00  O=74.53 H=74.58 L=74.53 C=74.53 V=66
2026-03-04 04:35:11 [INFO] INFERENCE [Manatee] LONG: buy_prob=0.3764  sell_prob=0.0000  signal=Hold  action=HOLD  skip=BELOW_THRESHOLD
2026-03-04 04:40:05 [INFO] NEW BAR: 2026-03-04 12:40:00  O=74.46 H=74.47 L=74.46 C=74.47 V=6
2026-03-04 04:40:12 [INFO] INFERENCE [Manatee] LONG: buy_prob=0.3790  sell_prob=0.0000  signal=Hold  action=HOLD  skip=BELOW_THRESHOLD
2026-03-04 04:45:05 [INFO] NEW BAR: 2026-03-04 12:45:00  O=74.57 H=74.61 L=74.56 C=74.60 V=25
2026-03-04 04:45:11 [INFO] INFERENCE [Manatee] LONG: buy_prob=0.3583  sell_prob=0.0000  signal=Hold  action=HOLD  skip=BELOW_THRESHOLD
2026-03-04 04:50:05 [INFO] NEW BAR: 2026-03-04 12:50:00  O=74.92 H=74.92 L=74.92 C=74.92 V=20
2026-03-04 04:50:11 [INFO] INFERENCE [Manatee] LONG: buy_prob=0.3836  sell_prob=0.0000  signal=Hold  action=HOLD  skip=BELOW_THRESHOLD
2026-03-04 04:55:05 [INFO] NEW BAR: 2026-03-04 12:55:00  O=74.89 H=74.91 L=74.89 C=74.90 V=11
2026-03-04 04:55:12 [INFO] INFERENCE [Manatee] LONG: buy_prob=0.3910  sell_prob=0.0000  signal=Hold  action=HOLD  skip=BELOW_THRESHOLD
2026-03-04 05:00:04 [INFO] NEW BAR: 2026-03-04 13:00:00  O=74.65 H=74.68 L=74.53 C=74.55 V=273
2026-03-04 05:00:11 [INFO] INFERENCE [Manatee] LONG: buy_prob=0.3573  sell_prob=0.0000  signal=Hold  action=HOLD  skip=BELOW_THRESHOLD
2026-03-04 05:05:04 [INFO] NEW BAR: 2026-03-04 13:05:00  O=73.96 H=74.10 L=73.96 C=74.10 V=134
2026-03-04 05:05:04 [INFO] Cache saved: 14303 bars → C:\Users\bwang\Documents\GitHub\CL_Analyst\data\processed\warm_start_cache_cid10.parquet
2026-03-04 05:05:04 [INFO] Mirrored warm_start_cache_cid10.parquet → C:\CL_Analyst_Data\processed\warm_start_cache_cid10.parquet
2026-03-04 05:05:11 [INFO] INFERENCE [Manatee] LONG: buy_prob=0.3646  sell_prob=0.0000  signal=Hold  action=HOLD  skip=BELOW_THRESHOLD
2026-03-04 05:10:04 [INFO] NEW BAR: 2026-03-04 13:10:00  O=73.77 H=73.78 L=73.69 C=73.69 V=65
2026-03-04 05:10:11 [INFO] INFERENCE [Manatee] LONG: buy_prob=0.3735  sell_prob=0.0000  signal=Hold  action=HOLD  skip=BELOW_THRESHOLD
2026-03-04 05:15:04 [INFO] NEW BAR: 2026-03-04 13:15:00  O=73.89 H=73.91 L=73.89 C=73.90 V=14
2026-03-04 05:15:11 [INFO] INFERENCE [Manatee] LONG: buy_prob=0.3903  sell_prob=0.0000  signal=Hold  action=HOLD  skip=BELOW_THRESHOLD
2026-03-04 05:20:05 [INFO] NEW BAR: 2026-03-04 13:20:00  O=73.93 H=73.95 L=73.91 C=73.95 V=16
2026-03-04 05:20:12 [INFO] INFERENCE [Manatee] LONG: buy_prob=0.3840  sell_prob=0.0000  signal=Hold  action=HOLD  skip=BELOW_THRESHOLD
2026-03-04 05:25:04 [INFO] NEW BAR: 2026-03-04 13:25:00  O=74.18 H=74.22 L=74.18 C=74.18 V=32
2026-03-04 05:25:11 [INFO] INFERENCE [Manatee] LONG: buy_prob=0.3754  sell_prob=0.0000  signal=Hold  action=HOLD  skip=BELOW_THRESHOLD
2026-03-04 05:30:04 [INFO] NEW BAR: 2026-03-04 13:30:00  O=74.04 H=74.05 L=73.93 C=73.97 V=90
2026-03-04 05:30:11 [INFO] INFERENCE [Manatee] LONG: buy_prob=0.3402  sell_prob=0.0000  signal=Hold  action=HOLD  skip=BELOW_THRESHOLD
2026-03-04 05:35:04 [INFO] NEW BAR: 2026-03-04 13:35:00  O=74.36 H=74.36 L=74.31 C=74.34 V=32
2026-03-04 05:35:11 [INFO] INFERENCE [Manatee] LONG: buy_prob=0.3614  sell_prob=0.0000  signal=Hold  action=HOLD  skip=BELOW_THRESHOLD
2026-03-04 05:40:04 [INFO] NEW BAR: 2026-03-04 13:40:00  O=74.02 H=74.03 L=74.01 C=74.01 V=7
2026-03-04 05:40:11 [INFO] INFERENCE [Manatee] LONG: buy_prob=0.4046  sell_prob=0.0000  signal=Hold  action=HOLD  skip=BELOW_THRESHOLD
2026-03-04 05:45:05 [INFO] NEW BAR: 2026-03-04 13:45:00  O=74.00 H=74.09 L=73.99 C=74.06 V=45
2026-03-04 05:45:11 [INFO] INFERENCE [Manatee] LONG: buy_prob=0.3634  sell_prob=0.0000  signal=Hold  action=HOLD  skip=BELOW_THRESHOLD
2026-03-04 05:50:05 [INFO] NEW BAR: 2026-03-04 13:50:00  O=73.62 H=73.63 L=73.60 C=73.61 V=63
2026-03-04 05:50:11 [INFO] INFERENCE [Manatee] LONG: buy_prob=0.3703  sell_prob=0.0000  signal=Hold  action=HOLD  skip=BELOW_THRESHOLD
2026-03-04 05:55:07 [INFO] NEW BAR: 2026-03-04 13:55:00  O=73.55 H=73.57 L=73.54 C=73.57 V=51
2026-03-04 05:55:14 [INFO] INFERENCE [Manatee] LONG: buy_prob=0.3497  sell_prob=0.0000  signal=Hold  action=HOLD  skip=BELOW_THRESHOLD
2026-03-04 06:00:04 [INFO] NEW BAR: 2026-03-04 14:00:00  O=73.92 H=74.03 L=73.89 C=73.91 V=321
2026-03-04 06:00:11 [INFO] INFERENCE [Manatee] LONG: buy_prob=0.3819  sell_prob=0.0000  signal=Hold  action=HOLD  skip=BELOW_THRESHOLD
2026-03-04 06:05:05 [INFO] NEW BAR: 2026-03-04 14:05:00  O=74.32 H=74.35 L=74.31 C=74.34 V=139
2026-03-04 06:05:05 [INFO] Cache saved: 14315 bars → C:\Users\bwang\Documents\GitHub\CL_Analyst\data\processed\warm_start_cache_cid10.parquet
2026-03-04 06:05:05 [INFO] Mirrored warm_start_cache_cid10.parquet → C:\CL_Analyst_Data\processed\warm_start_cache_cid10.parquet
2026-03-04 06:05:12 [INFO] INFERENCE [Manatee] LONG: buy_prob=0.3694  sell_prob=0.0000  signal=Hold  action=HOLD  skip=BELOW_THRESHOLD
2026-03-04 06:10:05 [INFO] NEW BAR: 2026-03-04 14:10:00  O=74.18 H=74.18 L=74.15 C=74.16 V=27
2026-03-04 06:10:12 [INFO] INFERENCE [Manatee] LONG: buy_prob=0.3807  sell_prob=0.0000  signal=Hold  action=HOLD  skip=BELOW_THRESHOLD
2026-03-04 06:15:04 [INFO] NEW BAR: 2026-03-04 14:15:00  O=74.13 H=74.13 L=74.05 C=74.07 V=61
2026-03-04 06:15:11 [INFO] INFERENCE [Manatee] LONG: buy_prob=0.3673  sell_prob=0.0000  signal=Hold  action=HOLD  skip=BELOW_THRESHOLD
2026-03-04 06:20:04 [INFO] NEW BAR: 2026-03-04 14:20:00  O=73.79 H=73.81 L=73.79 C=73.79 V=52
2026-03-04 06:20:11 [INFO] INFERENCE [Manatee] LONG: buy_prob=0.3826  sell_prob=0.0000  signal=Hold  action=HOLD  skip=BELOW_THRESHOLD
2026-03-04 06:25:04 [INFO] NEW BAR: 2026-03-04 14:25:00  O=74.07 H=74.08 L=74.05 C=74.05 V=33
2026-03-04 06:25:11 [INFO] INFERENCE [Manatee] LONG: buy_prob=0.3694  sell_prob=0.0000  signal=Hold  action=HOLD  skip=BELOW_THRESHOLD
2026-03-04 06:30:04 [INFO] NEW BAR: 2026-03-04 14:30:00  O=74.13 H=74.17 L=74.08 C=74.17 V=139
2026-03-04 06:30:11 [INFO] INFERENCE [Manatee] LONG: buy_prob=0.3645  sell_prob=0.0000  signal=Hold  action=HOLD  skip=BELOW_THRESHOLD
2026-03-04 06:35:04 [INFO] NEW BAR: 2026-03-04 14:35:00  O=74.33 H=74.36 L=74.32 C=74.36 V=103
2026-03-04 06:35:11 [INFO] INFERENCE [Manatee] LONG: buy_prob=0.3695  sell_prob=0.0000  signal=Hold  action=HOLD  skip=BELOW_THRESHOLD
2026-03-04 06:40:04 [INFO] NEW BAR: 2026-03-04 14:40:00  O=74.73 H=74.75 L=74.67 C=74.69 V=99
2026-03-04 06:40:11 [INFO] INFERENCE [Manatee] LONG: buy_prob=0.3906  sell_prob=0.0000  signal=Hold  action=HOLD  skip=BELOW_THRESHOLD
2026-03-04 06:45:04 [INFO] NEW BAR: 2026-03-04 14:45:00  O=74.88 H=74.88 L=74.84 C=74.86 V=83
2026-03-04 06:45:11 [INFO] INFERENCE [Manatee] LONG: buy_prob=0.3995  sell_prob=0.0000  signal=Hold  action=HOLD  skip=BELOW_THRESHOLD
2026-03-04 06:50:04 [INFO] NEW BAR: 2026-03-04 14:50:00  O=74.69 H=74.71 L=74.66 C=74.67 V=59
2026-03-04 06:50:11 [INFO] INFERENCE [Manatee] LONG: buy_prob=0.3729  sell_prob=0.0000  signal=Hold  action=HOLD  skip=BELOW_THRESHOLD
2026-03-04 06:55:04 [INFO] NEW BAR: 2026-03-04 14:55:00  O=74.40 H=74.46 L=74.39 C=74.46 V=91
2026-03-04 06:55:11 [INFO] INFERENCE [Manatee] LONG: buy_prob=0.3615  sell_prob=0.0000  signal=Hold  action=HOLD  skip=BELOW_THRESHOLD
2026-03-04 07:00:04 [INFO] NEW BAR: 2026-03-04 15:00:00  O=74.36 H=74.43 L=74.36 C=74.36 V=82
2026-03-04 07:00:11 [INFO] INFERENCE [Manatee] LONG: buy_prob=0.3725  sell_prob=0.0000  signal=Hold  action=HOLD  skip=BELOW_THRESHOLD
2026-03-04 07:05:05 [INFO] NEW BAR: 2026-03-04 15:05:00  O=74.50 H=74.54 L=74.50 C=74.51 V=50
2026-03-04 07:05:05 [INFO] Cache saved: 14327 bars → C:\Users\bwang\Documents\GitHub\CL_Analyst\data\processed\warm_start_cache_cid10.parquet
2026-03-04 07:05:05 [INFO] Mirrored warm_start_cache_cid10.parquet → C:\CL_Analyst_Data\processed\warm_start_cache_cid10.parquet
2026-03-04 07:05:12 [INFO] INFERENCE [Manatee] LONG: buy_prob=0.3586  sell_prob=0.0000  signal=Hold  action=HOLD  skip=BELOW_THRESHOLD
2026-03-04 07:10:04 [INFO] NEW BAR: 2026-03-04 15:10:00  O=74.35 H=74.38 L=74.29 C=74.29 V=105
2026-03-04 07:10:11 [INFO] INFERENCE [Manatee] LONG: buy_prob=0.3818  sell_prob=0.0000  signal=Hold  action=HOLD  skip=BELOW_THRESHOLD
2026-03-04 07:15:04 [INFO] NEW BAR: 2026-03-04 15:15:00  O=73.77 H=73.77 L=73.73 C=73.74 V=44
2026-03-04 07:15:11 [INFO] INFERENCE [Manatee] LONG: buy_prob=0.3715  sell_prob=0.0000  signal=Hold  action=HOLD  skip=BELOW_THRESHOLD
2026-03-04 07:20:04 [INFO] NEW BAR: 2026-03-04 15:20:00  O=73.99 H=74.00 L=73.96 C=73.96 V=52
2026-03-04 07:20:11 [INFO] INFERENCE [Manatee] LONG: buy_prob=0.3772  sell_prob=0.0000  signal=Hold  action=HOLD  skip=BELOW_THRESHOLD
2026-03-04 07:25:05 [INFO] NEW BAR: 2026-03-04 15:25:00  O=74.03 H=74.05 L=74.03 C=74.05 V=16
2026-03-04 07:25:12 [INFO] INFERENCE [Manatee] LONG: buy_prob=0.3967  sell_prob=0.0000  signal=Hold  action=HOLD  skip=BELOW_THRESHOLD
2026-03-04 07:30:04 [INFO] NEW BAR: 2026-03-04 15:30:00  O=74.06 H=74.07 L=73.84 C=73.95 V=202
2026-03-04 07:30:11 [INFO] INFERENCE [Manatee] LONG: buy_prob=0.4038  sell_prob=0.0000  signal=Hold  action=HOLD  skip=BELOW_THRESHOLD
2026-03-04 07:35:05 [INFO] NEW BAR: 2026-03-04 15:35:00  O=74.04 H=74.08 L=74.04 C=74.08 V=45
2026-03-04 07:35:12 [INFO] INFERENCE [Manatee] LONG: buy_prob=0.3863  sell_prob=0.0000  signal=Hold  action=HOLD  skip=BELOW_THRESHOLD
2026-03-04 07:40:04 [INFO] NEW BAR: 2026-03-04 15:40:00  O=74.29 H=74.30 L=74.26 C=74.26 V=42
2026-03-04 07:40:11 [INFO] INFERENCE [Manatee] LONG: buy_prob=0.3961  sell_prob=0.0000  signal=Hold  action=HOLD  skip=BELOW_THRESHOLD
2026-03-04 07:45:05 [INFO] NEW BAR: 2026-03-04 15:45:00  O=74.30 H=74.33 L=74.29 C=74.30 V=36
2026-03-04 07:45:12 [INFO] INFERENCE [Manatee] LONG: buy_prob=0.3988  sell_prob=0.0000  signal=Hold  action=HOLD  skip=BELOW_THRESHOLD
2026-03-04 07:50:04 [INFO] NEW BAR: 2026-03-04 15:50:00  O=74.03 H=74.06 L=74.02 C=74.03 V=91
2026-03-04 07:50:11 [INFO] INFERENCE [Manatee] LONG: buy_prob=0.3908  sell_prob=0.0000  signal=Hold  action=HOLD  skip=BELOW_THRESHOLD
2026-03-04 07:55:04 [INFO] NEW BAR: 2026-03-04 15:55:00  O=74.31 H=74.31 L=74.27 C=74.31 V=50
2026-03-04 07:55:11 [INFO] INFERENCE [Manatee] LONG: buy_prob=0.3876  sell_prob=0.0000  signal=Hold  action=HOLD  skip=BELOW_THRESHOLD
2026-03-04 08:00:04 [INFO] NEW BAR: 2026-03-04 16:00:00  O=74.24 H=74.27 L=74.22 C=74.26 V=40
2026-03-04 08:00:11 [INFO] INFERENCE [Manatee] LONG: buy_prob=0.3972  sell_prob=0.0000  signal=Hold  action=HOLD  skip=BELOW_THRESHOLD
2026-03-04 08:05:04 [INFO] NEW BAR: 2026-03-04 16:05:00  O=74.69 H=74.69 L=74.66 C=74.66 V=19
2026-03-04 08:05:04 [INFO] Cache saved: 14339 bars → C:\Users\bwang\Documents\GitHub\CL_Analyst\data\processed\warm_start_cache_cid10.parquet
2026-03-04 08:05:04 [INFO] Mirrored warm_start_cache_cid10.parquet → C:\CL_Analyst_Data\processed\warm_start_cache_cid10.parquet
2026-03-04 08:05:11 [INFO] INFERENCE [Manatee] LONG: buy_prob=0.3939  sell_prob=0.0000  signal=Hold  action=HOLD  skip=BELOW_THRESHOLD
2026-03-04 08:10:04 [INFO] NEW BAR: 2026-03-04 16:10:00  O=74.31 H=74.32 L=74.28 C=74.31 V=33
2026-03-04 08:10:11 [INFO] INFERENCE [Manatee] LONG: buy_prob=0.3869  sell_prob=0.0000  signal=Hold  action=HOLD  skip=BELOW_THRESHOLD
2026-03-04 08:15:05 [INFO] NEW BAR: 2026-03-04 16:15:00  O=74.17 H=74.19 L=74.16 C=74.19 V=38
2026-03-04 08:15:12 [INFO] INFERENCE [Manatee] LONG: buy_prob=0.3953  sell_prob=0.0000  signal=Hold  action=HOLD  skip=BELOW_THRESHOLD
2026-03-04 08:20:04 [INFO] NEW BAR: 2026-03-04 16:20:00  O=74.28 H=74.31 L=74.27 C=74.31 V=27
2026-03-04 08:20:11 [INFO] INFERENCE [Manatee] LONG: buy_prob=0.3913  sell_prob=0.0000  signal=Hold  action=HOLD  skip=BELOW_THRESHOLD
2026-03-04 08:25:05 [INFO] NEW BAR: 2026-03-04 16:25:00  O=74.13 H=74.15 L=74.13 C=74.13 V=32
2026-03-04 08:25:12 [INFO] INFERENCE [Manatee] LONG: buy_prob=0.3950  sell_prob=0.0000  signal=Hold  action=HOLD  skip=BELOW_THRESHOLD
2026-03-04 08:30:06 [INFO] NEW BAR: 2026-03-04 16:30:00  O=73.83 H=73.93 L=73.83 C=73.90 V=174
2026-03-04 08:30:13 [INFO] INFERENCE [Manatee] LONG: buy_prob=0.4049  sell_prob=0.0000  signal=Hold  action=HOLD  skip=BELOW_THRESHOLD
2026-03-04 08:35:05 [INFO] NEW BAR: 2026-03-04 16:35:00  O=73.85 H=73.92 L=73.85 C=73.88 V=39
2026-03-04 08:35:12 [INFO] INFERENCE [Manatee] LONG: buy_prob=0.4404  sell_prob=0.0000  signal=Hold  action=HOLD  skip=BELOW_THRESHOLD
2026-03-04 08:40:04 [INFO] NEW BAR: 2026-03-04 16:40:00  O=73.87 H=73.88 L=73.82 C=73.86 V=38
2026-03-04 08:40:11 [INFO] INFERENCE [Manatee] LONG: buy_prob=0.3965  sell_prob=0.0000  signal=Hold  action=HOLD  skip=BELOW_THRESHOLD
2026-03-04 08:45:04 [INFO] NEW BAR: 2026-03-04 16:45:00  O=73.85 H=73.92 L=73.85 C=73.92 V=66
2026-03-04 08:45:11 [INFO] INFERENCE [Manatee] LONG: buy_prob=0.4049  sell_prob=0.0000  signal=Hold  action=HOLD  skip=BELOW_THRESHOLD
2026-03-04 08:50:04 [INFO] NEW BAR: 2026-03-04 16:50:00  O=73.91 H=73.93 L=73.89 C=73.91 V=37
2026-03-04 08:50:11 [INFO] INFERENCE [Manatee] LONG: buy_prob=0.4021  sell_prob=0.0000  signal=Hold  action=HOLD  skip=BELOW_THRESHOLD
2026-03-04 08:55:05 [INFO] NEW BAR: 2026-03-04 16:55:00  O=74.04 H=74.04 L=74.02 C=74.04 V=25
2026-03-04 08:55:12 [INFO] INFERENCE [Manatee] LONG: buy_prob=0.3927  sell_prob=0.0000  signal=Hold  action=HOLD  skip=BELOW_THRESHOLD
2026-03-04 09:00:05 [INFO] NEW BAR: 2026-03-04 17:00:00  O=74.16 H=74.19 L=74.15 C=74.16 V=60
2026-03-04 09:00:12 [INFO] INFERENCE [Manatee] LONG: buy_prob=0.4119  sell_prob=0.0000  signal=Hold  action=HOLD  skip=BELOW_THRESHOLD
2026-03-04 09:05:05 [INFO] NEW BAR: 2026-03-04 17:05:00  O=74.19 H=74.21 L=74.18 C=74.21 V=37
2026-03-04 09:05:05 [INFO] Cache saved: 14351 bars → C:\Users\bwang\Documents\GitHub\CL_Analyst\data\processed\warm_start_cache_cid10.parquet
2026-03-04 09:05:05 [INFO] Mirrored warm_start_cache_cid10.parquet → C:\CL_Analyst_Data\processed\warm_start_cache_cid10.parquet
2026-03-04 09:05:12 [INFO] INFERENCE [Manatee] LONG: buy_prob=0.4058  sell_prob=0.0000  signal=Hold  action=HOLD  skip=BELOW_THRESHOLD
2026-03-04 09:10:05 [INFO] NEW BAR: 2026-03-04 17:10:00  O=74.48 H=74.49 L=74.48 C=74.48 V=13
2026-03-04 09:10:12 [INFO] INFERENCE [Manatee] LONG: buy_prob=0.4091  sell_prob=0.0000  signal=Hold  action=HOLD  skip=BELOW_THRESHOLD
2026-03-04 09:15:05 [INFO] NEW BAR: 2026-03-04 17:15:00  O=74.50 H=74.51 L=74.48 C=74.51 V=47
2026-03-04 09:15:12 [INFO] INFERENCE [Manatee] LONG: buy_prob=0.3805  sell_prob=0.0000  signal=Hold  action=HOLD  skip=BELOW_THRESHOLD
2026-03-04 09:20:04 [INFO] NEW BAR: 2026-03-04 17:20:00  O=74.67 H=74.67 L=74.65 C=74.67 V=18
2026-03-04 09:20:11 [INFO] INFERENCE [Manatee] LONG: buy_prob=0.3913  sell_prob=0.0000  signal=Hold  action=HOLD  skip=BELOW_THRESHOLD
2026-03-04 09:25:05 [INFO] NEW BAR: 2026-03-04 17:25:00  O=74.95 H=74.97 L=74.94 C=74.97 V=11
2026-03-04 09:25:11 [INFO] INFERENCE [Manatee] LONG: buy_prob=0.3892  sell_prob=0.0000  signal=Hold  action=HOLD  skip=BELOW_THRESHOLD
2026-03-04 09:30:04 [INFO] NEW BAR: 2026-03-04 17:30:00  O=74.95 H=75.00 L=74.95 C=75.00 V=75
2026-03-04 09:30:11 [INFO] INFERENCE [Manatee] LONG: buy_prob=0.3814  sell_prob=0.0000  signal=Hold  action=HOLD  skip=BELOW_THRESHOLD
2026-03-04 09:35:05 [INFO] NEW BAR: 2026-03-04 17:35:00  O=75.00 H=75.02 L=75.00 C=75.01 V=23
2026-03-04 09:35:12 [INFO] INFERENCE [Manatee] LONG: buy_prob=0.3938  sell_prob=0.0000  signal=Hold  action=HOLD  skip=BELOW_THRESHOLD
2026-03-04 09:40:05 [INFO] NEW BAR: 2026-03-04 17:40:00  O=75.06 H=75.07 L=75.05 C=75.05 V=12
2026-03-04 09:40:12 [INFO] INFERENCE [Manatee] LONG: buy_prob=0.4043  sell_prob=0.0000  signal=Hold  action=HOLD  skip=BELOW_THRESHOLD
2026-03-04 09:45:04 [INFO] NEW BAR: 2026-03-04 17:45:00  O=75.01 H=75.03 L=75.01 C=75.02 V=28
2026-03-04 09:45:11 [INFO] INFERENCE [Manatee] LONG: buy_prob=0.3850  sell_prob=0.0000  signal=Hold  action=HOLD  skip=BELOW_THRESHOLD
2026-03-04 09:50:04 [INFO] NEW BAR: 2026-03-04 17:50:00  O=74.96 H=74.96 L=74.90 C=74.90 V=63
2026-03-04 09:50:11 [INFO] INFERENCE [Manatee] LONG: buy_prob=0.3987  sell_prob=0.0000  signal=Hold  action=HOLD  skip=BELOW_THRESHOLD
2026-03-04 09:55:04 [INFO] NEW BAR: 2026-03-04 17:55:00  O=75.08 H=75.08 L=75.06 C=75.07 V=23
2026-03-04 09:55:11 [INFO] INFERENCE [Manatee] LONG: buy_prob=0.3912  sell_prob=0.0000  signal=Hold  action=HOLD  skip=BELOW_THRESHOLD
2026-03-04 10:00:05 [INFO] NEW BAR: 2026-03-04 18:00:00  O=75.13 H=75.16 L=75.13 C=75.14 V=29
2026-03-04 10:00:12 [INFO] INFERENCE [Manatee] LONG: buy_prob=0.3842  sell_prob=0.0000  signal=Hold  action=HOLD  skip=BELOW_THRESHOLD
2026-03-04 10:05:04 [INFO] NEW BAR: 2026-03-04 18:05:00  O=75.07 H=75.08 L=75.05 C=75.06 V=33
2026-03-04 10:05:04 [INFO] Cache saved: 14363 bars → C:\Users\bwang\Documents\GitHub\CL_Analyst\data\processed\warm_start_cache_cid10.parquet
2026-03-04 10:05:04 [INFO] Mirrored warm_start_cache_cid10.parquet → C:\CL_Analyst_Data\processed\warm_start_cache_cid10.parquet
2026-03-04 10:05:11 [INFO] INFERENCE [Manatee] LONG: buy_prob=0.3841  sell_prob=0.0000  signal=Hold  action=HOLD  skip=BELOW_THRESHOLD
2026-03-04 10:10:05 [INFO] NEW BAR: 2026-03-04 18:10:00  O=74.88 H=74.89 L=74.87 C=74.87 V=13
2026-03-04 10:10:12 [INFO] INFERENCE [Manatee] LONG: buy_prob=0.4294  sell_prob=0.0000  signal=Hold  action=HOLD  skip=BELOW_THRESHOLD
2026-03-04 10:15:05 [INFO] NEW BAR: 2026-03-04 18:15:00  O=75.00 H=75.00 L=74.96 C=74.96 V=34
2026-03-04 10:15:12 [INFO] INFERENCE [Manatee] LONG: buy_prob=0.3859  sell_prob=0.0000  signal=Hold  action=HOLD  skip=BELOW_THRESHOLD
2026-03-04 10:20:04 [INFO] NEW BAR: 2026-03-04 18:20:00  O=74.90 H=74.90 L=74.88 C=74.90 V=19
2026-03-04 10:20:11 [INFO] INFERENCE [Manatee] LONG: buy_prob=0.3929  sell_prob=0.0000  signal=Hold  action=HOLD  skip=BELOW_THRESHOLD
2026-03-04 10:25:05 [INFO] NEW BAR: 2026-03-04 18:25:00  O=74.82 H=74.84 L=74.82 C=74.84 V=14
2026-03-04 10:25:12 [INFO] INFERENCE [Manatee] LONG: buy_prob=0.4103  sell_prob=0.0000  signal=Hold  action=HOLD  skip=BELOW_THRESHOLD
2026-03-04 10:30:04 [INFO] NEW BAR: 2026-03-04 18:30:00  O=74.87 H=74.87 L=74.85 C=74.85 V=10
2026-03-04 10:30:11 [INFO] INFERENCE [Manatee] LONG: buy_prob=0.4372  sell_prob=0.0000  signal=Hold  action=HOLD  skip=BELOW_THRESHOLD
2026-03-04 10:35:05 [INFO] NEW BAR: 2026-03-04 18:35:00  O=75.00 H=75.00 L=74.96 C=74.96 V=47
2026-03-04 10:35:12 [INFO] INFERENCE [Manatee] LONG: buy_prob=0.4053  sell_prob=0.0000  signal=Hold  action=HOLD  skip=BELOW_THRESHOLD
2026-03-04 10:40:05 [INFO] NEW BAR: 2026-03-04 18:40:00  O=74.94 H=74.95 L=74.93 C=74.94 V=10
2026-03-04 10:40:12 [INFO] INFERENCE [Manatee] LONG: buy_prob=0.4139  sell_prob=0.0000  signal=Hold  action=HOLD  skip=BELOW_THRESHOLD
2026-03-04 10:45:05 [INFO] NEW BAR: 2026-03-04 18:45:00  O=75.02 H=75.05 L=75.02 C=75.04 V=27
2026-03-04 10:45:12 [INFO] INFERENCE [Manatee] LONG: buy_prob=0.4082  sell_prob=0.0000  signal=Hold  action=HOLD  skip=BELOW_THRESHOLD
2026-03-04 10:50:05 [INFO] NEW BAR: 2026-03-04 18:50:00  O=75.08 H=75.12 L=75.07 C=75.11 V=72
2026-03-04 10:50:12 [INFO] INFERENCE [Manatee] LONG: buy_prob=0.4067  sell_prob=0.0000  signal=Hold  action=HOLD  skip=BELOW_THRESHOLD
2026-03-04 10:55:05 [INFO] NEW BAR: 2026-03-04 18:55:00  O=74.81 H=74.81 L=74.79 C=74.80 V=30
2026-03-04 10:55:12 [INFO] INFERENCE [Manatee] LONG: buy_prob=0.3980  sell_prob=0.0000  signal=Hold  action=HOLD  skip=BELOW_THRESHOLD
2026-03-04 11:00:04 [INFO] NEW BAR: 2026-03-04 19:00:00  O=74.90 H=74.91 L=74.90 C=74.91 V=12
2026-03-04 11:00:11 [INFO] INFERENCE [Manatee] LONG: buy_prob=0.4079  sell_prob=0.0000  signal=Hold  action=HOLD  skip=BELOW_THRESHOLD
2026-03-04 11:05:05 [INFO] NEW BAR: 2026-03-04 19:05:00  O=74.50 H=74.50 L=74.48 C=74.49 V=36
2026-03-04 11:05:05 [INFO] Cache saved: 14375 bars → C:\Users\bwang\Documents\GitHub\CL_Analyst\data\processed\warm_start_cache_cid10.parquet
2026-03-04 11:05:05 [INFO] Mirrored warm_start_cache_cid10.parquet → C:\CL_Analyst_Data\processed\warm_start_cache_cid10.parquet
2026-03-04 11:05:12 [INFO] INFERENCE [Manatee] LONG: buy_prob=0.3921  sell_prob=0.0000  signal=Hold  action=HOLD  skip=BELOW_THRESHOLD
2026-03-04 11:10:05 [INFO] NEW BAR: 2026-03-04 19:10:00  O=74.44 H=74.44 L=74.43 C=74.43 V=15
2026-03-04 11:10:12 [INFO] INFERENCE [Manatee] LONG: buy_prob=0.4212  sell_prob=0.0000  signal=Hold  action=HOLD  skip=BELOW_THRESHOLD
2026-03-04 11:15:05 [INFO] NEW BAR: 2026-03-04 19:15:00  O=74.60 H=74.62 L=74.60 C=74.62 V=23
2026-03-04 11:15:11 [INFO] INFERENCE [Manatee] LONG: buy_prob=0.3755  sell_prob=0.0000  signal=Hold  action=HOLD  skip=BELOW_THRESHOLD
2026-03-04 11:20:04 [INFO] NEW BAR: 2026-03-04 19:20:00  O=74.65 H=74.65 L=74.64 C=74.65 V=16
2026-03-04 11:20:11 [INFO] INFERENCE [Manatee] LONG: buy_prob=0.3994  sell_prob=0.0000  signal=Hold  action=HOLD  skip=BELOW_THRESHOLD
2026-03-04 11:25:04 [INFO] NEW BAR: 2026-03-04 19:25:00  O=74.68 H=74.69 L=74.68 C=74.68 V=14
2026-03-04 11:25:11 [INFO] INFERENCE [Manatee] LONG: buy_prob=0.4139  sell_prob=0.0000  signal=Hold  action=HOLD  skip=BELOW_THRESHOLD
2026-03-04 11:30:04 [INFO] NEW BAR: 2026-03-04 19:30:00  O=74.70 H=74.71 L=74.68 C=74.69 V=186
2026-03-04 11:30:11 [INFO] INFERENCE [Manatee] LONG: buy_prob=0.4190  sell_prob=0.0000  signal=Hold  action=HOLD  skip=BELOW_THRESHOLD
2026-03-04 11:35:05 [INFO] NEW BAR: 2026-03-04 19:35:00  O=74.55 H=74.56 L=74.55 C=74.56 V=14
2026-03-04 11:35:12 [INFO] INFERENCE [Manatee] LONG: buy_prob=0.4287  sell_prob=0.0000  signal=Hold  action=HOLD  skip=BELOW_THRESHOLD
2026-03-04 11:40:04 [INFO] NEW BAR: 2026-03-04 19:40:00  O=74.49 H=74.49 L=74.48 C=74.49 V=25
2026-03-04 11:40:11 [INFO] INFERENCE [Manatee] LONG: buy_prob=0.4333  sell_prob=0.0000  signal=Hold  action=HOLD  skip=BELOW_THRESHOLD
2026-03-04 11:45:05 [INFO] NEW BAR: 2026-03-04 19:45:00  O=74.57 H=74.59 L=74.57 C=74.58 V=12
2026-03-04 11:45:11 [INFO] INFERENCE [Manatee] LONG: buy_prob=0.4102  sell_prob=0.0000  signal=Hold  action=HOLD  skip=BELOW_THRESHOLD
2026-03-04 11:50:04 [INFO] NEW BAR: 2026-03-04 19:50:00  O=74.57 H=74.58 L=74.57 C=74.58 V=9
2026-03-04 11:50:11 [INFO] INFERENCE [Manatee] LONG: buy_prob=0.4310  sell_prob=0.0000  signal=Hold  action=HOLD  skip=BELOW_THRESHOLD
2026-03-04 11:55:05 [INFO] NEW BAR: 2026-03-04 19:55:00  O=74.60 H=74.60 L=74.60 C=74.60 V=1
2026-03-04 11:55:12 [INFO] INFERENCE [Manatee] LONG: buy_prob=0.4221  sell_prob=0.0000  signal=Hold  action=HOLD  skip=BELOW_THRESHOLD
2026-03-04 12:00:04 [INFO] NEW BAR: 2026-03-04 20:00:00  O=74.52 H=74.52 L=74.51 C=74.51 V=4
2026-03-04 12:00:11 [INFO] INFERENCE [Manatee] LONG: buy_prob=0.4592  sell_prob=0.0000  signal=Hold  action=HOLD  skip=BELOW_THRESHOLD
2026-03-04 12:05:04 [INFO] NEW BAR: 2026-03-04 20:05:00  O=74.61 H=74.61 L=74.61 C=74.61 V=2
2026-03-04 12:05:04 [INFO] Cache saved: 14387 bars → C:\Users\bwang\Documents\GitHub\CL_Analyst\data\processed\warm_start_cache_cid10.parquet
2026-03-04 12:05:04 [INFO] Mirrored warm_start_cache_cid10.parquet → C:\CL_Analyst_Data\processed\warm_start_cache_cid10.parquet
2026-03-04 12:05:11 [INFO] INFERENCE [Manatee] LONG: buy_prob=0.4181  sell_prob=0.0000  signal=Hold  action=HOLD  skip=BELOW_THRESHOLD
2026-03-04 12:10:05 [INFO] NEW BAR: 2026-03-04 20:10:00  O=74.64 H=74.67 L=74.64 C=74.66 V=48
2026-03-04 12:10:12 [INFO] INFERENCE [Manatee] LONG: buy_prob=0.4426  sell_prob=0.0000  signal=Hold  action=HOLD  skip=BELOW_THRESHOLD
2026-03-04 12:15:04 [INFO] NEW BAR: 2026-03-04 20:15:00  O=74.65 H=74.67 L=74.65 C=74.67 V=10
2026-03-04 12:15:11 [INFO] INFERENCE [Manatee] LONG: buy_prob=0.4578  sell_prob=0.0000  signal=Hold  action=HOLD  skip=BELOW_THRESHOLD
2026-03-04 12:20:05 [INFO] NEW BAR: 2026-03-04 20:20:00  O=74.93 H=74.95 L=74.93 C=74.95 V=15
2026-03-04 12:20:12 [INFO] INFERENCE [Manatee] LONG: buy_prob=0.4308  sell_prob=0.0000  signal=Hold  action=HOLD  skip=BELOW_THRESHOLD
2026-03-04 12:25:04 [INFO] NEW BAR: 2026-03-04 20:25:00  O=75.09 H=75.10 L=75.09 C=75.10 V=13
2026-03-04 12:25:11 [INFO] INFERENCE [Manatee] LONG: buy_prob=0.4294  sell_prob=0.0000  signal=Hold  action=HOLD  skip=BELOW_THRESHOLD
2026-03-04 12:30:04 [INFO] NEW BAR: 2026-03-04 20:30:00  O=75.21 H=75.23 L=75.19 C=75.22 V=31
2026-03-04 12:30:11 [INFO] INFERENCE [Manatee] LONG: buy_prob=0.4229  sell_prob=0.0000  signal=Hold  action=HOLD  skip=BELOW_THRESHOLD
2026-03-04 12:35:05 [INFO] NEW BAR: 2026-03-04 20:35:00  O=75.24 H=75.24 L=75.24 C=75.24 V=5
2026-03-04 12:35:12 [INFO] INFERENCE [Manatee] LONG: buy_prob=0.4226  sell_prob=0.0000  signal=Hold  action=HOLD  skip=BELOW_THRESHOLD
2026-03-04 12:40:04 [INFO] NEW BAR: 2026-03-04 20:40:00  O=75.20 H=75.20 L=75.14 C=75.14 V=22
2026-03-04 12:40:11 [INFO] INFERENCE [Manatee] LONG: buy_prob=0.4267  sell_prob=0.0000  signal=Hold  action=HOLD  skip=BELOW_THRESHOLD
2026-03-04 12:45:04 [INFO] NEW BAR: 2026-03-04 20:45:00  O=75.24 H=75.25 L=75.24 C=75.25 V=14
2026-03-04 12:45:11 [INFO] INFERENCE [Manatee] LONG: buy_prob=0.4125  sell_prob=0.0000  signal=Hold  action=HOLD  skip=BELOW_THRESHOLD
2026-03-04 12:50:04 [INFO] NEW BAR: 2026-03-04 20:50:00  O=75.34 H=75.34 L=75.32 C=75.32 V=13
2026-03-04 12:50:11 [INFO] INFERENCE [Manatee] LONG: buy_prob=0.4431  sell_prob=0.0000  signal=Hold  action=HOLD  skip=BELOW_THRESHOLD
2026-03-04 12:55:05 [INFO] NEW BAR: 2026-03-04 20:55:00  O=75.20 H=75.21 L=75.17 C=75.20 V=29
2026-03-04 12:55:12 [INFO] INFERENCE [Manatee] LONG: buy_prob=0.4016  sell_prob=0.0000  signal=Hold  action=HOLD  skip=BELOW_THRESHOLD
2026-03-04 13:00:05 [INFO] NEW BAR: 2026-03-04 21:00:00  O=75.30 H=75.32 L=75.30 C=75.32 V=39
2026-03-04 13:00:12 [INFO] INFERENCE [Manatee] LONG: buy_prob=0.4319  sell_prob=0.0000  signal=Hold  action=HOLD  skip=BELOW_THRESHOLD
2026-03-04 13:05:04 [INFO] NEW BAR: 2026-03-04 21:05:00  O=75.38 H=75.38 L=75.38 C=75.38 V=7
2026-03-04 13:05:04 [INFO] Cache saved: 14399 bars → C:\Users\bwang\Documents\GitHub\CL_Analyst\data\processed\warm_start_cache_cid10.parquet
2026-03-04 13:05:04 [INFO] Mirrored warm_start_cache_cid10.parquet → C:\CL_Analyst_Data\processed\warm_start_cache_cid10.parquet
2026-03-04 13:05:11 [INFO] INFERENCE [Manatee] LONG: buy_prob=0.4345  sell_prob=0.0000  signal=Hold  action=HOLD  skip=BELOW_THRESHOLD
2026-03-04 13:10:05 [INFO] NEW BAR: 2026-03-04 21:10:00  O=75.56 H=75.56 L=75.56 C=75.56 V=3
2026-03-04 13:10:12 [INFO] INFERENCE [Manatee] LONG: buy_prob=0.4022  sell_prob=0.0000  signal=Hold  action=HOLD  skip=BELOW_THRESHOLD
2026-03-04 13:15:05 [INFO] NEW BAR: 2026-03-04 21:15:00  O=75.59 H=75.61 L=75.59 C=75.61 V=3
2026-03-04 13:15:12 [INFO] INFERENCE [Manatee] LONG: buy_prob=0.4021  sell_prob=0.0000  signal=Hold  action=HOLD  skip=BELOW_THRESHOLD
2026-03-04 13:20:05 [INFO] NEW BAR: 2026-03-04 21:20:00  O=75.79 H=75.81 L=75.79 C=75.81 V=20
2026-03-04 13:20:12 [INFO] INFERENCE [Manatee] LONG: buy_prob=0.4034  sell_prob=0.0000  signal=Hold  action=HOLD  skip=BELOW_THRESHOLD
2026-03-04 13:25:04 [INFO] NEW BAR: 2026-03-04 21:25:00  O=76.08 H=76.13 L=76.05 C=76.13 V=114
2026-03-04 13:25:11 [INFO] INFERENCE [Manatee] LONG: buy_prob=0.3778  sell_prob=0.0000  signal=Hold  action=HOLD  skip=BELOW_THRESHOLD
2026-03-04 13:30:05 [INFO] NEW BAR: 2026-03-04 21:30:00  O=76.01 H=76.03 L=76.01 C=76.03 V=7
2026-03-04 13:30:12 [INFO] INFERENCE [Manatee] LONG: buy_prob=0.3863  sell_prob=0.0000  signal=Hold  action=HOLD  skip=BELOW_THRESHOLD
2026-03-04 13:35:05 [INFO] NEW BAR: 2026-03-04 21:35:00  O=75.97 H=75.97 L=75.97 C=75.97 V=1
2026-03-04 13:35:12 [INFO] INFERENCE [Manatee] LONG: buy_prob=0.4038  sell_prob=0.0000  signal=Hold  action=HOLD  skip=BELOW_THRESHOLD
2026-03-04 13:40:05 [INFO] NEW BAR: 2026-03-04 21:40:00  O=75.96 H=75.97 L=75.96 C=75.96 V=7
2026-03-04 13:40:12 [INFO] INFERENCE [Manatee] LONG: buy_prob=0.4265  sell_prob=0.0000  signal=Hold  action=HOLD  skip=BELOW_THRESHOLD
2026-03-04 13:45:04 [INFO] NEW BAR: 2026-03-04 21:45:00  O=75.99 H=76.01 L=75.99 C=76.00 V=4
2026-03-04 13:45:11 [INFO] INFERENCE [Manatee] LONG: buy_prob=0.4095  sell_prob=0.0000  signal=Hold  action=HOLD  skip=BELOW_THRESHOLD
2026-03-04 13:50:05 [INFO] NEW BAR: 2026-03-04 21:50:00  O=76.04 H=76.05 L=76.02 C=76.05 V=19
2026-03-04 13:50:12 [INFO] INFERENCE [Manatee] LONG: buy_prob=0.3967  sell_prob=0.0000  signal=Hold  action=HOLD  skip=BELOW_THRESHOLD
2026-03-04 13:55:05 [INFO] NEW BAR: 2026-03-04 21:55:00  O=76.10 H=76.11 L=76.08 C=76.11 V=14
2026-03-04 13:55:12 [INFO] INFERENCE [Manatee] LONG: buy_prob=0.3803  sell_prob=0.0000  signal=Hold  action=HOLD  skip=BELOW_THRESHOLD
2026-03-04 14:04:03 [INFO] Warning 2103, reqId -1: Market data farm connection is broken:cashfarm
2026-03-04 14:04:06 [INFO] Warning 2103, reqId -1: Market data farm connection is broken:cashfarm
2026-03-04 14:04:08 [INFO] Warning 2103, reqId -1: Market data farm connection is broken:cashfarm
2026-03-04 14:04:21 [INFO] Warning 2104, reqId -1: Market data farm connection is OK:cashfarm
2026-03-04 14:09:04 [INFO] Warning 2103, reqId -1: Market data farm connection is broken:cashfarm
2026-03-04 14:09:05 [INFO] Warning 2104, reqId -1: Market data farm connection is OK:cashfarm
2026-03-04 14:30:01 [ERROR] Peer closed connection.
2026-03-04 14:30:01 [ERROR] Connection lost: Socket disconnect — attempting reconnect...
2026-03-04 14:30:01 [INFO] Reconnect attempt 1/50 (waiting 5s)...
2026-03-04 14:30:06 [INFO] Attempting IBKR connection on 127.0.0.1:7497 (clientId=10) ...
2026-03-04 14:30:06 [INFO] Connecting to 127.0.0.1:7497 with clientId 10...
2026-03-04 14:30:08 [INFO] Disconnecting
2026-03-04 14:30:08 [ERROR] API connection failed: ConnectionRefusedError(22, 'The remote computer refused the network connection', None, 1225, None)
2026-03-04 14:30:08 [ERROR] Make sure API port on TWS/IBG is open
2026-03-04 14:30:08 [WARNING] Connection failed on port 7497: [WinError 1225] The remote computer refused the network connection
2026-03-04 14:30:08 [WARNING] Reconnect attempt 1 failed: Could not connect to IBKR on any port [7497]: [WinError 1225] The remote computer refused the network connection
2026-03-04 14:30:08 [INFO] Reconnect attempt 2/50 (waiting 10s)...
2026-03-04 14:30:18 [INFO] Attempting IBKR connection on 127.0.0.1:7497 (clientId=10) ...
2026-03-04 14:30:18 [INFO] Connecting to 127.0.0.1:7497 with clientId 10...
2026-03-04 14:30:20 [INFO] Disconnecting
2026-03-04 14:30:20 [ERROR] API connection failed: ConnectionRefusedError(22, 'The remote computer refused the network connection', None, 1225, None)
2026-03-04 14:30:20 [ERROR] Make sure API port on TWS/IBG is open
2026-03-04 14:30:20 [WARNING] Connection failed on port 7497: [WinError 1225] The remote computer refused the network connection
2026-03-04 14:30:20 [WARNING] Reconnect attempt 2 failed: Could not connect to IBKR on any port [7497]: [WinError 1225] The remote computer refused the network connection
2026-03-04 14:30:20 [INFO] Reconnect attempt 3/50 (waiting 20s)...
2026-03-04 14:30:40 [INFO] Attempting IBKR connection on 127.0.0.1:7497 (clientId=10) ...
2026-03-04 14:30:40 [INFO] Connecting to 127.0.0.1:7497 with clientId 10...
2026-03-04 14:30:40 [INFO] Connected
2026-03-04 14:30:41 [INFO] Logged on to server version 176
2026-03-04 14:30:42 [INFO] Warning 2104, reqId -1: Market data farm connection is OK:hfarm
2026-03-04 14:30:42 [INFO] Warning 2104, reqId -1: Market data farm connection is OK:eufarmnj
2026-03-04 14:30:42 [INFO] Warning 2104, reqId -1: Market data farm connection is OK:cashfarm
2026-03-04 14:30:42 [INFO] Warning 2104, reqId -1: Market data farm connection is OK:usfuture
2026-03-04 14:30:42 [INFO] Warning 2104, reqId -1: Market data farm connection is OK:usfuture.nj
2026-03-04 14:30:42 [INFO] Warning 2104, reqId -1: Market data farm connection is OK:usopt.nj
2026-03-04 14:30:42 [INFO] Warning 2104, reqId -1: Market data farm connection is OK:jfarm
2026-03-04 14:30:42 [INFO] Warning 2104, reqId -1: Market data farm connection is OK:usfarm.nj
2026-03-04 14:30:42 [INFO] Warning 2104, reqId -1: Market data farm connection is OK:usfarm
2026-03-04 14:30:42 [INFO] Warning 2106, reqId -1: HMDS data farm connection is OK:euhmds
2026-03-04 14:30:42 [INFO] Warning 2106, reqId -1: HMDS data farm connection is OK:fundfarm
2026-03-04 14:30:42 [INFO] Warning 2106, reqId -1: HMDS data farm connection is OK:ushmds
2026-03-04 14:30:42 [INFO] Warning 2158, reqId -1: Sec-def data farm connection is OK:secdefnj
2026-03-04 14:30:42 [INFO] API connection ready
2026-03-04 14:30:43 [INFO] Synchronization complete
2026-03-04 14:30:43 [INFO] Connected to IBKR on port 7497 with clientId 10
2026-03-04 14:30:43 [INFO] Backfilling gap: 2026-03-04 21:55:00 → 2026-03-04 22:30:43.234904 (35.7 minutes)
2026-03-04 14:30:43 [ERROR] Gap backfill failed — continuing without
Traceback (most recent call last):
  File "C:\Users\bwang\anaconda3\envs\trader\lib\asyncio\tasks.py", line 605, in sleep
    return await future
asyncio.exceptions.CancelledError

During handling of the above exception, another exception occurred:

Traceback (most recent call last):
  File "C:\Users\bwang\anaconda3\envs\trader\lib\site-packages\ib_insync\util.py", line 341, in run
    result = loop.run_until_complete(task)
  File "C:\Users\bwang\anaconda3\envs\trader\lib\asyncio\base_events.py", line 649, in run_until_complete
    return future.result()
asyncio.exceptions.CancelledError

During handling of the above exception, another exception occurred:

Traceback (most recent call last):
  File "C:\Users\bwang\Documents\GitHub\CL_Analyst\src\live_execution\live_trader.py", line 1499, in _event_loop
    log.exception("Error in event loop iteration")
  File "C:\Users\bwang\anaconda3\envs\trader\lib\site-packages\ib_insync\util.py", line 386, in sleep
    run(asyncio.sleep(secs))
  File "C:\Users\bwang\anaconda3\envs\trader\lib\site-packages\ib_insync\util.py", line 343, in run
    raise globalErrorEvent.value() or e
ConnectionError: Socket disconnect

During handling of the above exception, another exception occurred:

Traceback (most recent call last):
  File "C:\Users\bwang\Documents\GitHub\CL_Analyst\src\live_execution\live_trader.py", line 954, in _resubscribe_and_backfill
    self.manager.cancel_subscription(self._live_bars)
TypeError: IBKRConnectionManager.fetch_historical_bars_by_duration() got an unexpected keyword argument 'contract'
2026-03-04 14:30:43 [INFO] Subscribing to live 5-min bars (Brain stream)...
2026-03-04 14:30:43 [ERROR] Error 366, reqId 17: No historical data query found for ticker id:17
2026-03-04 14:30:43 [ERROR] Error 366, reqId 18: No historical data query found for ticker id:18
2026-03-04 14:30:44 [INFO] Subscribed to continuous contract live bars
2026-03-04 14:30:44 [INFO] Subscribing to front-month bars (Hands stream: 202603)...
2026-03-04 14:30:44 [INFO] Subscribed to front-month live bars
2026-03-04 14:30:44 [INFO] Reconnection complete — live bars flowing again
2026-03-04 14:30:44 [INFO] Reconnected successfully on attempt 3
2026-03-04 14:32:44 [INFO] Warning 2108, reqId -1: Market data farm connection is inactive but should be available upon demand.usfuture.nj
2026-03-04 14:32:44 [INFO] Warning 2108, reqId -1: Market data farm connection is inactive but should be available upon demand.usfuture.nj
2026-03-04 14:39:22 [INFO] Warning 2103, reqId -1: Market data farm connection is broken:usfuture
2026-03-04 14:39:23 [INFO] Warning 2104, reqId -1: Market data farm connection is OK:usfuture
2026-03-04 15:00:05 [INFO] NEW BAR: 2026-03-04 23:00:00  O=76.15 H=76.19 L=76.11 C=76.14 V=22
2026-03-04 15:00:12 [INFO] INFERENCE [Manatee] LONG: buy_prob=0.3939  sell_prob=0.0000  signal=Hold  action=HOLD  skip=BELOW_THRESHOLD
2026-03-04 15:05:05 [INFO] NEW BAR: 2026-03-04 23:05:00  O=76.05 H=76.05 L=76.05 C=76.05 V=0
2026-03-04 15:05:05 [INFO] Cache saved: 14411 bars → C:\Users\bwang\Documents\GitHub\CL_Analyst\data\processed\warm_start_cache_cid10.parquet
2026-03-04 15:05:05 [INFO] Mirrored warm_start_cache_cid10.parquet → C:\CL_Analyst_Data\processed\warm_start_cache_cid10.parquet
2026-03-04 15:05:12 [INFO] INFERENCE [Manatee] LONG: buy_prob=0.4061  sell_prob=0.0000  signal=Hold  action=HOLD  skip=BELOW_THRESHOLD
2026-03-04 15:10:05 [INFO] NEW BAR: 2026-03-04 23:10:00  O=75.85 H=75.86 L=75.85 C=75.86 V=6
2026-03-04 15:10:12 [INFO] INFERENCE [Manatee] LONG: buy_prob=0.3997  sell_prob=0.0000  signal=Hold  action=HOLD  skip=BELOW_THRESHOLD
2026-03-04 15:15:05 [INFO] NEW BAR: 2026-03-04 23:15:00  O=76.02 H=76.02 L=76.01 C=76.01 V=7
2026-03-04 15:15:12 [INFO] INFERENCE [Manatee] LONG: buy_prob=0.4312  sell_prob=0.0000  signal=Hold  action=HOLD  skip=BELOW_THRESHOLD
2026-03-04 15:20:05 [INFO] NEW BAR: 2026-03-04 23:20:00  O=76.08 H=76.09 L=76.08 C=76.08 V=127
2026-03-04 15:20:12 [INFO] INFERENCE [Manatee] LONG: buy_prob=0.4166  sell_prob=0.0000  signal=Hold  action=HOLD  skip=BELOW_THRESHOLD
2026-03-04 15:25:05 [INFO] NEW BAR: 2026-03-04 23:25:00  O=76.01 H=76.01 L=76.01 C=76.01 V=2
2026-03-04 15:25:12 [INFO] INFERENCE [Manatee] LONG: buy_prob=0.4447  sell_prob=0.0000  signal=Hold  action=HOLD  skip=BELOW_THRESHOLD
2026-03-04 15:30:05 [INFO] NEW BAR: 2026-03-04 23:30:00  O=76.06 H=76.06 L=76.06 C=76.06 V=1
2026-03-04 15:30:12 [INFO] INFERENCE [Manatee] LONG: buy_prob=0.4440  sell_prob=0.0000  signal=Hold  action=HOLD  skip=BELOW_THRESHOLD
2026-03-04 15:35:05 [INFO] NEW BAR: 2026-03-04 23:35:00  O=76.00 H=76.00 L=76.00 C=76.00 V=6
2026-03-04 15:35:12 [INFO] INFERENCE [Manatee] LONG: buy_prob=0.4222  sell_prob=0.0000  signal=Hold  action=HOLD  skip=BELOW_THRESHOLD
2026-03-04 15:40:05 [INFO] NEW BAR: 2026-03-04 23:40:00  O=76.02 H=76.02 L=76.02 C=76.02 V=0
2026-03-04 15:40:12 [INFO] INFERENCE [Manatee] LONG: buy_prob=0.4030  sell_prob=0.0000  signal=Hold  action=HOLD  skip=BELOW_THRESHOLD
2026-03-04 15:45:05 [INFO] NEW BAR: 2026-03-04 23:45:00  O=76.05 H=76.05 L=76.05 C=76.05 V=0
2026-03-04 15:45:12 [INFO] INFERENCE [Manatee] LONG: buy_prob=0.4042  sell_prob=0.0000  signal=Hold  action=HOLD  skip=BELOW_THRESHOLD
2026-03-04 15:50:05 [INFO] NEW BAR: 2026-03-04 23:50:00  O=76.02 H=76.02 L=76.02 C=76.02 V=0
2026-03-04 15:50:12 [INFO] INFERENCE [Manatee] LONG: buy_prob=0.4031  sell_prob=0.0000  signal=Hold  action=HOLD  skip=BELOW_THRESHOLD
2026-03-04 15:55:05 [INFO] NEW BAR: 2026-03-04 23:55:00  O=75.90 H=75.90 L=75.90 C=75.90 V=2
2026-03-04 15:55:12 [INFO] INFERENCE [Manatee] LONG: buy_prob=0.4186  sell_prob=0.0000  signal=Hold  action=HOLD  skip=BELOW_THRESHOLD
2026-03-04 16:00:05 [INFO] NEW BAR: 2026-03-05 00:00:00  O=75.96 H=75.97 L=75.93 C=75.93 V=11
2026-03-04 16:00:11 [INFO] INFERENCE [Manatee] LONG: buy_prob=0.4550  sell_prob=0.0000  signal=Hold  action=HOLD  skip=BELOW_THRESHOLD
2026-03-04 16:05:05 [INFO] NEW BAR: 2026-03-05 00:05:00  O=75.79 H=75.80 L=75.78 C=75.78 V=10
2026-03-04 16:05:05 [INFO] Cache saved: 14423 bars → C:\Users\bwang\Documents\GitHub\CL_Analyst\data\processed\warm_start_cache_cid10.parquet
2026-03-04 16:05:05 [INFO] Mirrored warm_start_cache_cid10.parquet → C:\CL_Analyst_Data\processed\warm_start_cache_cid10.parquet
2026-03-04 16:05:12 [INFO] INFERENCE [Manatee] LONG: buy_prob=0.4257  sell_prob=0.0000  signal=Hold  action=HOLD  skip=BELOW_THRESHOLD
2026-03-04 16:10:05 [INFO] NEW BAR: 2026-03-05 00:10:00  O=75.64 H=75.64 L=75.62 C=75.62 V=6
2026-03-04 16:10:12 [INFO] INFERENCE [Manatee] LONG: buy_prob=0.4078  sell_prob=0.0000  signal=Hold  action=HOLD  skip=BELOW_THRESHOLD
2026-03-04 16:15:05 [INFO] NEW BAR: 2026-03-05 00:15:00  O=75.60 H=75.60 L=75.60 C=75.60 V=2
2026-03-04 16:15:12 [INFO] INFERENCE [Manatee] LONG: buy_prob=0.4083  sell_prob=0.0000  signal=Hold  action=HOLD  skip=BELOW_THRESHOLD
2026-03-04 16:20:05 [INFO] NEW BAR: 2026-03-05 00:20:00  O=75.73 H=75.74 L=75.72 C=75.72 V=22
2026-03-04 16:20:11 [INFO] INFERENCE [Manatee] LONG: buy_prob=0.4024  sell_prob=0.0000  signal=Hold  action=HOLD  skip=BELOW_THRESHOLD
2026-03-04 16:25:05 [INFO] NEW BAR: 2026-03-05 00:25:00  O=75.77 H=75.77 L=75.77 C=75.77 V=1
2026-03-04 16:25:12 [INFO] INFERENCE [Manatee] LONG: buy_prob=0.4128  sell_prob=0.0000  signal=Hold  action=HOLD  skip=BELOW_THRESHOLD
2026-03-04 16:30:05 [INFO] NEW BAR: 2026-03-05 00:30:00  O=75.77 H=75.77 L=75.77 C=75.77 V=1
2026-03-04 16:30:12 [INFO] INFERENCE [Manatee] LONG: buy_prob=0.4196  sell_prob=0.0000  signal=Hold  action=HOLD  skip=BELOW_THRESHOLD
2026-03-04 16:35:05 [INFO] NEW BAR: 2026-03-05 00:35:00  O=75.76 H=75.76 L=75.76 C=75.76 V=1
2026-03-04 16:35:12 [INFO] INFERENCE [Manatee] LONG: buy_prob=0.4225  sell_prob=0.0000  signal=Hold  action=HOLD  skip=BELOW_THRESHOLD
2026-03-04 16:40:05 [INFO] NEW BAR: 2026-03-05 00:40:00  O=75.74 H=75.74 L=75.74 C=75.74 V=4
2026-03-04 16:40:12 [INFO] INFERENCE [Manatee] LONG: buy_prob=0.4258  sell_prob=0.0000  signal=Hold  action=HOLD  skip=BELOW_THRESHOLD
2026-03-04 16:45:05 [INFO] NEW BAR: 2026-03-05 00:45:00  O=75.76 H=75.76 L=75.76 C=75.76 V=2
2026-03-04 16:45:12 [INFO] INFERENCE [Manatee] LONG: buy_prob=0.4207  sell_prob=0.0000  signal=Hold  action=HOLD  skip=BELOW_THRESHOLD
2026-03-04 16:50:05 [INFO] NEW BAR: 2026-03-05 00:50:00  O=75.70 H=75.70 L=75.70 C=75.70 V=0
2026-03-04 16:50:12 [INFO] INFERENCE [Manatee] LONG: buy_prob=0.4244  sell_prob=0.0000  signal=Hold  action=HOLD  skip=BELOW_THRESHOLD
2026-03-04 16:55:05 [INFO] NEW BAR: 2026-03-05 00:55:00  O=75.68 H=75.68 L=75.67 C=75.67 V=2
2026-03-04 16:55:12 [INFO] INFERENCE [Manatee] LONG: buy_prob=0.4092  sell_prob=0.0000  signal=Hold  action=HOLD  skip=BELOW_THRESHOLD
2026-03-04 17:00:04 [INFO] NEW BAR: 2026-03-05 01:00:00  O=75.72 H=75.89 L=75.72 C=75.87 V=214
2026-03-04 17:00:11 [INFO] INFERENCE [Manatee] LONG: buy_prob=0.3910  sell_prob=0.0000  signal=Hold  action=HOLD  skip=BELOW_THRESHOLD
2026-03-04 17:05:04 [INFO] NEW BAR: 2026-03-05 01:05:00  O=76.54 H=76.58 L=76.54 C=76.57 V=17
2026-03-04 17:05:04 [INFO] Cache saved: 14435 bars → C:\Users\bwang\Documents\GitHub\CL_Analyst\data\processed\warm_start_cache_cid10.parquet
2026-03-04 17:05:04 [INFO] Mirrored warm_start_cache_cid10.parquet → C:\CL_Analyst_Data\processed\warm_start_cache_cid10.parquet
2026-03-04 17:05:12 [INFO] INFERENCE [Manatee] LONG: buy_prob=0.4302  sell_prob=0.0000  signal=Hold  action=HOLD  skip=BELOW_THRESHOLD
2026-03-04 17:10:05 [INFO] NEW BAR: 2026-03-05 01:10:00  O=76.68 H=76.69 L=76.65 C=76.65 V=14
2026-03-04 17:10:12 [INFO] INFERENCE [Manatee] LONG: buy_prob=0.4108  sell_prob=0.0000  signal=Hold  action=HOLD  skip=BELOW_THRESHOLD
2026-03-04 17:15:04 [INFO] NEW BAR: 2026-03-05 01:15:00  O=76.64 H=76.66 L=76.64 C=76.65 V=9
2026-03-04 17:15:11 [INFO] INFERENCE [Manatee] LONG: buy_prob=0.4201  sell_prob=0.0000  signal=Hold  action=HOLD  skip=BELOW_THRESHOLD
2026-03-04 17:20:04 [INFO] NEW BAR: 2026-03-05 01:20:00  O=76.71 H=76.72 L=76.69 C=76.69 V=25
2026-03-04 17:20:11 [INFO] INFERENCE [Manatee] LONG: buy_prob=0.4194  sell_prob=0.0000  signal=Hold  action=HOLD  skip=BELOW_THRESHOLD
2026-03-04 17:25:05 [INFO] NEW BAR: 2026-03-05 01:25:00  O=76.68 H=76.70 L=76.68 C=76.70 V=3
2026-03-04 17:25:12 [INFO] INFERENCE [Manatee] LONG: buy_prob=0.3999  sell_prob=0.0000  signal=Hold  action=HOLD  skip=BELOW_THRESHOLD
2026-03-04 17:30:04 [INFO] NEW BAR: 2026-03-05 01:30:00  O=76.72 H=76.75 L=76.69 C=76.70 V=24
2026-03-04 17:30:11 [INFO] INFERENCE [Manatee] LONG: buy_prob=0.3889  sell_prob=0.0000  signal=Hold  action=HOLD  skip=BELOW_THRESHOLD
2026-03-04 17:35:05 [INFO] NEW BAR: 2026-03-05 01:35:00  O=76.58 H=76.59 L=76.58 C=76.59 V=4
2026-03-04 17:35:12 [INFO] INFERENCE [Manatee] LONG: buy_prob=0.4244  sell_prob=0.0000  signal=Hold  action=HOLD  skip=BELOW_THRESHOLD
2026-03-04 17:40:04 [INFO] NEW BAR: 2026-03-05 01:40:00  O=76.53 H=76.65 L=76.53 C=76.61 V=391
2026-03-04 17:40:11 [INFO] INFERENCE [Manatee] LONG: buy_prob=0.4288  sell_prob=0.0000  signal=Hold  action=HOLD  skip=BELOW_THRESHOLD
2026-03-04 17:45:05 [INFO] NEW BAR: 2026-03-05 01:45:00  O=76.48 H=76.48 L=76.48 C=76.48 V=1
2026-03-04 17:45:12 [INFO] INFERENCE [Manatee] LONG: buy_prob=0.3930  sell_prob=0.0000  signal=Hold  action=HOLD  skip=BELOW_THRESHOLD
2026-03-04 17:50:05 [INFO] NEW BAR: 2026-03-05 01:50:00  O=76.59 H=76.60 L=76.59 C=76.60 V=3
2026-03-04 17:50:11 [INFO] INFERENCE [Manatee] LONG: buy_prob=0.4194  sell_prob=0.0000  signal=Hold  action=HOLD  skip=BELOW_THRESHOLD
2026-03-04 17:55:05 [INFO] NEW BAR: 2026-03-05 01:55:00  O=76.79 H=76.79 L=76.78 C=76.78 V=6
2026-03-04 17:55:12 [INFO] INFERENCE [Manatee] LONG: buy_prob=0.3474  sell_prob=0.0000  signal=Hold  action=HOLD  skip=BELOW_THRESHOLD
2026-03-04 18:00:04 [INFO] NEW BAR: 2026-03-05 02:00:00  O=76.90 H=76.95 L=76.90 C=76.95 V=16
2026-03-04 18:00:11 [INFO] INFERENCE [Manatee] LONG: buy_prob=0.3808  sell_prob=0.0000  signal=Hold  action=HOLD  skip=BELOW_THRESHOLD
2026-03-04 18:05:04 [INFO] NEW BAR: 2026-03-05 02:05:00  O=76.90 H=76.92 L=76.90 C=76.91 V=4
2026-03-04 18:05:04 [INFO] Cache saved: 14447 bars → C:\Users\bwang\Documents\GitHub\CL_Analyst\data\processed\warm_start_cache_cid10.parquet
2026-03-04 18:05:04 [INFO] Mirrored warm_start_cache_cid10.parquet → C:\CL_Analyst_Data\processed\warm_start_cache_cid10.parquet
2026-03-04 18:05:11 [INFO] INFERENCE [Manatee] LONG: buy_prob=0.3851  sell_prob=0.0000  signal=Hold  action=HOLD  skip=BELOW_THRESHOLD
2026-03-04 18:10:05 [INFO] NEW BAR: 2026-03-05 02:10:00  O=76.87 H=76.87 L=76.86 C=76.87 V=8
2026-03-04 18:10:12 [INFO] INFERENCE [Manatee] LONG: buy_prob=0.3457  sell_prob=0.0000  signal=Hold  action=HOLD  skip=BELOW_THRESHOLD
2026-03-04 18:15:05 [INFO] NEW BAR: 2026-03-05 02:15:00  O=77.01 H=77.01 L=77.01 C=77.01 V=8
2026-03-04 18:15:12 [INFO] INFERENCE [Manatee] LONG: buy_prob=0.3927  sell_prob=0.0000  signal=Hold  action=HOLD  skip=BELOW_THRESHOLD
2026-03-04 18:20:04 [INFO] NEW BAR: 2026-03-05 02:20:00  O=77.10 H=77.11 L=77.10 C=77.11 V=7
2026-03-04 18:20:11 [INFO] INFERENCE [Manatee] LONG: buy_prob=0.3909  sell_prob=0.0000  signal=Hold  action=HOLD  skip=BELOW_THRESHOLD
2026-03-04 18:25:05 [INFO] NEW BAR: 2026-03-05 02:25:00  O=77.33 H=77.34 L=77.32 C=77.34 V=10
2026-03-04 18:25:12 [INFO] INFERENCE [Manatee] LONG: buy_prob=0.3832  sell_prob=0.0000  signal=Hold  action=HOLD  skip=BELOW_THRESHOLD
2026-03-04 18:30:04 [INFO] NEW BAR: 2026-03-05 02:30:00  O=77.31 H=77.31 L=77.23 C=77.26 V=66
2026-03-04 18:30:11 [INFO] INFERENCE [Manatee] LONG: buy_prob=0.3659  sell_prob=0.0000  signal=Hold  action=HOLD  skip=BELOW_THRESHOLD
2026-03-04 18:35:04 [INFO] NEW BAR: 2026-03-05 02:35:00  O=77.24 H=77.26 L=77.24 C=77.24 V=11
2026-03-04 18:35:11 [INFO] INFERENCE [Manatee] LONG: buy_prob=0.4297  sell_prob=0.0000  signal=Hold  action=HOLD  skip=BELOW_THRESHOLD
2026-03-04 18:40:04 [INFO] NEW BAR: 2026-03-05 02:40:00  O=77.12 H=77.14 L=77.12 C=77.13 V=5
2026-03-04 18:40:11 [INFO] INFERENCE [Manatee] LONG: buy_prob=0.4137  sell_prob=0.0000  signal=Hold  action=HOLD  skip=BELOW_THRESHOLD
2026-03-04 18:45:05 [INFO] NEW BAR: 2026-03-05 02:45:00  O=76.99 H=77.01 L=76.98 C=77.01 V=8
2026-03-04 18:45:12 [INFO] INFERENCE [Manatee] LONG: buy_prob=0.4145  sell_prob=0.0000  signal=Hold  action=HOLD  skip=BELOW_THRESHOLD
2026-03-04 18:50:05 [INFO] NEW BAR: 2026-03-05 02:50:00  O=77.01 H=77.01 L=76.99 C=77.00 V=6
2026-03-04 18:50:12 [INFO] INFERENCE [Manatee] LONG: buy_prob=0.4161  sell_prob=0.0000  signal=Hold  action=HOLD  skip=BELOW_THRESHOLD
2026-03-04 18:55:05 [INFO] NEW BAR: 2026-03-05 02:55:00  O=77.11 H=77.11 L=77.11 C=77.11 V=1
2026-03-04 18:55:12 [INFO] INFERENCE [Manatee] LONG: buy_prob=0.4093  sell_prob=0.0000  signal=Hold  action=HOLD  skip=BELOW_THRESHOLD
2026-03-04 18:55:47 [INFO] Warning 2103, reqId -1: Market data farm connection is broken:jfarm
2026-03-04 18:55:58 [INFO] Warning 2104, reqId -1: Market data farm connection is OK:jfarm
2026-03-04 19:00:05 [INFO] NEW BAR: 2026-03-05 03:00:00  O=77.37 H=77.37 L=77.35 C=77.35 V=15
2026-03-04 19:00:12 [INFO] INFERENCE [Manatee] LONG: buy_prob=0.3958  sell_prob=0.0000  signal=Hold  action=HOLD  skip=BELOW_THRESHOLD
2026-03-04 19:05:04 [INFO] NEW BAR: 2026-03-05 03:05:00  O=77.29 H=77.29 L=77.29 C=77.29 V=1
2026-03-04 19:05:04 [INFO] Cache saved: 14459 bars → C:\Users\bwang\Documents\GitHub\CL_Analyst\data\processed\warm_start_cache_cid10.parquet
2026-03-04 19:05:04 [INFO] Mirrored warm_start_cache_cid10.parquet → C:\CL_Analyst_Data\processed\warm_start_cache_cid10.parquet
2026-03-04 19:05:11 [INFO] INFERENCE [Manatee] LONG: buy_prob=0.4246  sell_prob=0.0000  signal=Hold  action=HOLD  skip=BELOW_THRESHOLD
2026-03-04 19:10:05 [INFO] NEW BAR: 2026-03-05 03:10:00  O=77.01 H=77.02 L=77.01 C=77.02 V=11
2026-03-04 19:10:12 [INFO] INFERENCE [Manatee] LONG: buy_prob=0.3738  sell_prob=0.0000  signal=Hold  action=HOLD  skip=BELOW_THRESHOLD
2026-03-04 19:15:05 [INFO] NEW BAR: 2026-03-05 03:15:00  O=77.01 H=77.04 L=77.00 C=77.04 V=8
2026-03-04 19:15:12 [INFO] INFERENCE [Manatee] LONG: buy_prob=0.3741  sell_prob=0.0000  signal=Hold  action=HOLD  skip=BELOW_THRESHOLD
2026-03-04 19:20:05 [INFO] NEW BAR: 2026-03-05 03:20:00  O=77.16 H=77.18 L=77.16 C=77.17 V=7
2026-03-04 19:20:11 [INFO] INFERENCE [Manatee] LONG: buy_prob=0.3844  sell_prob=0.0000  signal=Hold  action=HOLD  skip=BELOW_THRESHOLD
2026-03-04 19:25:04 [INFO] NEW BAR: 2026-03-05 03:25:00  O=77.33 H=77.34 L=77.32 C=77.34 V=6
2026-03-04 19:25:11 [INFO] INFERENCE [Manatee] LONG: buy_prob=0.3848  sell_prob=0.0000  signal=Hold  action=HOLD  skip=BELOW_THRESHOLD
2026-03-04 19:30:04 [INFO] NEW BAR: 2026-03-05 03:30:00  O=77.16 H=77.16 L=77.16 C=77.16 V=3
2026-03-04 19:30:11 [INFO] INFERENCE [Manatee] LONG: buy_prob=0.3782  sell_prob=0.0000  signal=Hold  action=HOLD  skip=BELOW_THRESHOLD
2026-03-04 19:35:05 [INFO] NEW BAR: 2026-03-05 03:35:00  O=77.16 H=77.16 L=77.14 C=77.14 V=8
2026-03-04 19:35:12 [INFO] INFERENCE [Manatee] LONG: buy_prob=0.4055  sell_prob=0.0000  signal=Hold  action=HOLD  skip=BELOW_THRESHOLD
2026-03-04 19:40:05 [INFO] NEW BAR: 2026-03-05 03:40:00  O=77.23 H=77.23 L=77.22 C=77.23 V=7
2026-03-04 19:40:12 [INFO] INFERENCE [Manatee] LONG: buy_prob=0.3767  sell_prob=0.0000  signal=Hold  action=HOLD  skip=BELOW_THRESHOLD
2026-03-04 19:45:05 [INFO] NEW BAR: 2026-03-05 03:45:00  O=77.06 H=77.07 L=77.06 C=77.07 V=6
2026-03-04 19:45:12 [INFO] INFERENCE [Manatee] LONG: buy_prob=0.4078  sell_prob=0.0000  signal=Hold  action=HOLD  skip=BELOW_THRESHOLD
2026-03-04 19:50:05 [INFO] NEW BAR: 2026-03-05 03:50:00  O=77.17 H=77.17 L=77.15 C=77.16 V=6
2026-03-04 19:50:12 [INFO] INFERENCE [Manatee] LONG: buy_prob=0.3834  sell_prob=0.0000  signal=Hold  action=HOLD  skip=BELOW_THRESHOLD
2026-03-04 19:55:05 [INFO] NEW BAR: 2026-03-05 03:55:00  O=77.14 H=77.16 L=77.14 C=77.16 V=10
2026-03-04 19:55:12 [INFO] INFERENCE [Manatee] LONG: buy_prob=0.3991  sell_prob=0.0000  signal=Hold  action=HOLD  skip=BELOW_THRESHOLD
2026-03-04 19:58:23 [INFO] Warning 2108, reqId -1: Market data farm connection is inactive but should be available upon demand.hfarm
2026-03-04 19:58:23 [INFO] Warning 2108, reqId -1: Market data farm connection is inactive but should be available upon demand.hfarm
2026-03-04 19:58:23 [INFO] Warning 2108, reqId -1: Market data farm connection is inactive but should be available upon demand.eufarmnj
2026-03-04 19:58:23 [INFO] Warning 2108, reqId -1: Market data farm connection is inactive but should be available upon demand.eufarmnj
2026-03-04 19:58:23 [INFO] Warning 2108, reqId -1: Market data farm connection is inactive but should be available upon demand.jfarm
2026-03-04 19:58:23 [INFO] Warning 2108, reqId -1: Market data farm connection is inactive but should be available upon demand.jfarm
2026-03-04 20:00:04 [INFO] NEW BAR: 2026-03-05 04:00:00  O=77.08 H=77.08 L=77.07 C=77.08 V=7
2026-03-04 20:00:11 [INFO] INFERENCE [Manatee] LONG: buy_prob=0.4069  sell_prob=0.0000  signal=Hold  action=HOLD  skip=BELOW_THRESHOLD
2026-03-04 20:05:04 [INFO] NEW BAR: 2026-03-05 04:05:00  O=77.19 H=77.21 L=77.19 C=77.21 V=5
2026-03-04 20:05:04 [INFO] Cache saved: 14471 bars → C:\Users\bwang\Documents\GitHub\CL_Analyst\data\processed\warm_start_cache_cid10.parquet
2026-03-04 20:05:04 [INFO] Mirrored warm_start_cache_cid10.parquet → C:\CL_Analyst_Data\processed\warm_start_cache_cid10.parquet
2026-03-04 20:05:11 [INFO] INFERENCE [Manatee] LONG: buy_prob=0.3849  sell_prob=0.0000  signal=Hold  action=HOLD  skip=BELOW_THRESHOLD
2026-03-04 20:10:05 [INFO] NEW BAR: 2026-03-05 04:10:00  O=77.22 H=77.24 L=77.22 C=77.24 V=16
2026-03-04 20:10:12 [INFO] INFERENCE [Manatee] LONG: buy_prob=0.4226  sell_prob=0.0000  signal=Hold  action=HOLD  skip=BELOW_THRESHOLD
2026-03-04 20:15:05 [INFO] NEW BAR: 2026-03-05 04:15:00  O=77.44 H=77.46 L=77.44 C=77.46 V=7
2026-03-04 20:15:12 [INFO] INFERENCE [Manatee] LONG: buy_prob=0.3687  sell_prob=0.0000  signal=Hold  action=HOLD  skip=BELOW_THRESHOLD
2026-03-04 20:20:04 [INFO] NEW BAR: 2026-03-05 04:20:00  O=77.50 H=77.50 L=77.49 C=77.49 V=11
2026-03-04 20:20:11 [INFO] INFERENCE [Manatee] LONG: buy_prob=0.3705  sell_prob=0.0000  signal=Hold  action=HOLD  skip=BELOW_THRESHOLD
2026-03-04 20:25:04 [INFO] NEW BAR: 2026-03-05 04:25:00  O=77.43 H=77.43 L=77.43 C=77.43 V=3
2026-03-04 20:25:11 [INFO] INFERENCE [Manatee] LONG: buy_prob=0.3930  sell_prob=0.0000  signal=Hold  action=HOLD  skip=BELOW_THRESHOLD
2026-03-04 20:30:04 [INFO] NEW BAR: 2026-03-05 04:30:00  O=77.46 H=77.46 L=77.46 C=77.46 V=3
2026-03-04 20:30:11 [INFO] INFERENCE [Manatee] LONG: buy_prob=0.3589  sell_prob=0.0000  signal=Hold  action=HOLD  skip=BELOW_THRESHOLD
2026-03-04 20:30:11 [INFO] Warning 2157, reqId -1: Sec-def data farm connection is broken:secdefnj
2026-03-04 20:30:11 [INFO] Warning 2158, reqId -1: Sec-def data farm connection is OK:secdefnj
2026-03-04 20:35:05 [INFO] NEW BAR: 2026-03-05 04:35:00  O=77.42 H=77.42 L=77.41 C=77.41 V=3
2026-03-04 20:35:12 [INFO] INFERENCE [Manatee] LONG: buy_prob=0.3518  sell_prob=0.0000  signal=Hold  action=HOLD  skip=BELOW_THRESHOLD
2026-03-04 20:40:05 [INFO] NEW BAR: 2026-03-05 04:40:00  O=77.42 H=77.42 L=77.42 C=77.42 V=0
2026-03-04 20:40:12 [INFO] INFERENCE [Manatee] LONG: buy_prob=0.3852  sell_prob=0.0000  signal=Hold  action=HOLD  skip=BELOW_THRESHOLD
2026-03-04 20:45:04 [INFO] NEW BAR: 2026-03-05 04:45:00  O=77.37 H=77.37 L=77.32 C=77.34 V=47
2026-03-04 20:45:11 [INFO] INFERENCE [Manatee] LONG: buy_prob=0.3846  sell_prob=0.0000  signal=Hold  action=HOLD  skip=BELOW_THRESHOLD
2026-03-04 20:46:04 [INFO] Warning 2157, reqId -1: Sec-def data farm connection is broken:secdefnj
2026-03-04 20:46:05 [INFO] Warning 2158, reqId -1: Sec-def data farm connection is OK:secdefnj
2026-03-04 20:50:05 [INFO] NEW BAR: 2026-03-05 04:50:00  O=77.21 H=77.21 L=77.21 C=77.21 V=1
2026-03-04 20:50:12 [INFO] INFERENCE [Manatee] LONG: buy_prob=0.3768  sell_prob=0.0000  signal=Hold  action=HOLD  skip=BELOW_THRESHOLD
2026-03-04 20:55:05 [INFO] NEW BAR: 2026-03-05 04:55:00  O=77.31 H=77.34 L=77.31 C=77.33 V=11
2026-03-04 20:55:12 [INFO] INFERENCE [Manatee] LONG: buy_prob=0.3922  sell_prob=0.0000  signal=Hold  action=HOLD  skip=BELOW_THRESHOLD
2026-03-04 21:00:05 [INFO] NEW BAR: 2026-03-05 05:00:00  O=77.38 H=77.47 L=77.38 C=77.44 V=69
2026-03-04 21:00:12 [INFO] INFERENCE [Manatee] LONG: buy_prob=0.3676  sell_prob=0.0000  signal=Hold  action=HOLD  skip=BELOW_THRESHOLD
2026-03-04 21:00:50 [INFO] Warning 2105, reqId -1: HMDS data farm connection is broken:fundfarm
2026-03-04 21:00:51 [INFO] Warning 2106, reqId -1: HMDS data farm connection is OK:fundfarm
2026-03-04 21:03:17 [INFO] Warning 2105, reqId -1: HMDS data farm connection is broken:euhmds
2026-03-04 21:03:18 [INFO] Warning 2106, reqId -1: HMDS data farm connection is OK:euhmds
2026-03-04 21:04:05 [INFO] Warning 2105, reqId -1: HMDS data farm connection is broken:ushmds
2026-03-04 21:04:05 [ERROR] Error 10182, reqId 3: Failed to request live updates (disconnected).
2026-03-04 21:04:05 [WARNING] SUBSCRIPTIONS LOST (Error 10182) — will resubscribe on reconnect
2026-03-04 21:04:05 [WARNING] SUBSCRIPTIONS LOST (Error 10182) — will resubscribe on reconnect
2026-03-04 21:04:05 [WARNING] SUBSCRIPTIONS LOST (Error 10182) — will resubscribe on reconnect
2026-03-04 21:04:05 [WARNING] SUBSCRIPTIONS LOST (Error 10182) — will resubscribe on reconnect
2026-03-04 21:04:05 [ERROR] Error 10182, reqId 4: Failed to request live updates (disconnected).
2026-03-04 21:04:05 [WARNING] SUBSCRIPTIONS LOST (Error 10182) — will resubscribe on reconnect
2026-03-04 21:04:05 [WARNING] SUBSCRIPTIONS LOST (Error 10182) — will resubscribe on reconnect
2026-03-04 21:04:05 [WARNING] SUBSCRIPTIONS LOST (Error 10182) — will resubscribe on reconnect
2026-03-04 21:04:05 [WARNING] SUBSCRIPTIONS LOST (Error 10182) — will resubscribe on reconnect
2026-03-04 21:04:10 [INFO] Warning 2106, reqId -1: HMDS data farm connection is OK:ushmds
2026-03-04 21:04:10 [INFO] CONNECTIVITY RESTORED (code 2106) — resubscribing...
2026-03-04 21:04:10 [INFO] Subscribing to live 5-min bars (Brain stream)...
2026-03-04 21:04:10 [ERROR] Resubscription failed — will retry on next reconnect
Traceback (most recent call last):
  File "C:\Users\bwang\Documents\GitHub\CL_Analyst\src\live_execution\live_trader.py", line 993, in _resubscribe_and_backfill
  File "C:\Users\bwang\Documents\GitHub\CL_Analyst\src\live_execution\live_trader.py", line 889, in _subscribe
    log.info("Subscribing to live 5-min bars (Brain stream)...")
  File "C:\Users\bwang\Documents\GitHub\CL_Analyst\src\live_execution\ibkr_client.py", line 523, in subscribe_live_bars
    bars = self.ib.reqHistoricalData(
  File "C:\Users\bwang\anaconda3\envs\trader\lib\site-packages\ib_insync\ib.py", line 1070, in reqHistoricalData
    return self._run(
  File "C:\Users\bwang\anaconda3\envs\trader\lib\site-packages\ib_insync\ib.py", line 318, in _run
    return util.run(*awaitables, timeout=self.RequestTimeout)
  File "C:\Users\bwang\anaconda3\envs\trader\lib\site-packages\ib_insync\util.py", line 341, in run
    result = loop.run_until_complete(task)
  File "C:\Users\bwang\anaconda3\envs\trader\lib\asyncio\base_events.py", line 625, in run_until_complete
    self._check_running()
  File "C:\Users\bwang\anaconda3\envs\trader\lib\asyncio\base_events.py", line 584, in _check_running
    raise RuntimeError('This event loop is already running')
RuntimeError: This event loop is already running
2026-03-04 21:04:10 [INFO] CONNECTIVITY RESTORED (code 2106) — resubscribing...
2026-03-04 21:04:10 [INFO] Subscribing to live 5-min bars (Brain stream)...
2026-03-04 21:04:10 [ERROR] Resubscription failed — will retry on next reconnect
Traceback (most recent call last):
  File "C:\Users\bwang\Documents\GitHub\CL_Analyst\src\live_execution\live_trader.py", line 993, in _resubscribe_and_backfill
  File "C:\Users\bwang\Documents\GitHub\CL_Analyst\src\live_execution\live_trader.py", line 889, in _subscribe
    log.info("Subscribing to live 5-min bars (Brain stream)...")
  File "C:\Users\bwang\Documents\GitHub\CL_Analyst\src\live_execution\ibkr_client.py", line 523, in subscribe_live_bars
    bars = self.ib.reqHistoricalData(
  File "C:\Users\bwang\anaconda3\envs\trader\lib\site-packages\ib_insync\ib.py", line 1070, in reqHistoricalData
    return self._run(
  File "C:\Users\bwang\anaconda3\envs\trader\lib\site-packages\ib_insync\ib.py", line 318, in _run
    return util.run(*awaitables, timeout=self.RequestTimeout)
  File "C:\Users\bwang\anaconda3\envs\trader\lib\site-packages\ib_insync\util.py", line 341, in run
    result = loop.run_until_complete(task)
  File "C:\Users\bwang\anaconda3\envs\trader\lib\asyncio\base_events.py", line 625, in run_until_complete
    self._check_running()
  File "C:\Users\bwang\anaconda3\envs\trader\lib\asyncio\base_events.py", line 584, in _check_running
    raise RuntimeError('This event loop is already running')
RuntimeError: This event loop is already running
2026-03-04 21:04:10 [INFO] CONNECTIVITY RESTORED (code 2106) — resubscribing...
2026-03-04 21:04:10 [INFO] Subscribing to live 5-min bars (Brain stream)...
2026-03-04 21:04:10 [ERROR] Resubscription failed — will retry on next reconnect
Traceback (most recent call last):
  File "C:\Users\bwang\Documents\GitHub\CL_Analyst\src\live_execution\live_trader.py", line 993, in _resubscribe_and_backfill
  File "C:\Users\bwang\Documents\GitHub\CL_Analyst\src\live_execution\live_trader.py", line 889, in _subscribe
    log.info("Subscribing to live 5-min bars (Brain stream)...")
  File "C:\Users\bwang\Documents\GitHub\CL_Analyst\src\live_execution\ibkr_client.py", line 523, in subscribe_live_bars
    bars = self.ib.reqHistoricalData(
  File "C:\Users\bwang\anaconda3\envs\trader\lib\site-packages\ib_insync\ib.py", line 1070, in reqHistoricalData
    return self._run(
  File "C:\Users\bwang\anaconda3\envs\trader\lib\site-packages\ib_insync\ib.py", line 318, in _run
    return util.run(*awaitables, timeout=self.RequestTimeout)
  File "C:\Users\bwang\anaconda3\envs\trader\lib\site-packages\ib_insync\util.py", line 341, in run
    result = loop.run_until_complete(task)
  File "C:\Users\bwang\anaconda3\envs\trader\lib\asyncio\base_events.py", line 625, in run_until_complete
    self._check_running()
  File "C:\Users\bwang\anaconda3\envs\trader\lib\asyncio\base_events.py", line 584, in _check_running
    raise RuntimeError('This event loop is already running')
RuntimeError: This event loop is already running
2026-03-04 21:04:10 [INFO] CONNECTIVITY RESTORED (code 2106) — resubscribing...
2026-03-04 21:04:10 [INFO] Subscribing to live 5-min bars (Brain stream)...
2026-03-04 21:04:10 [ERROR] Resubscription failed — will retry on next reconnect
Traceback (most recent call last):
  File "C:\Users\bwang\Documents\GitHub\CL_Analyst\src\live_execution\live_trader.py", line 993, in _resubscribe_and_backfill
  File "C:\Users\bwang\Documents\GitHub\CL_Analyst\src\live_execution\live_trader.py", line 889, in _subscribe
    log.info("Subscribing to live 5-min bars (Brain stream)...")
  File "C:\Users\bwang\Documents\GitHub\CL_Analyst\src\live_execution\ibkr_client.py", line 523, in subscribe_live_bars
    bars = self.ib.reqHistoricalData(
  File "C:\Users\bwang\anaconda3\envs\trader\lib\site-packages\ib_insync\ib.py", line 1070, in reqHistoricalData
    return self._run(
  File "C:\Users\bwang\anaconda3\envs\trader\lib\site-packages\ib_insync\ib.py", line 318, in _run
    return util.run(*awaitables, timeout=self.RequestTimeout)
  File "C:\Users\bwang\anaconda3\envs\trader\lib\site-packages\ib_insync\util.py", line 341, in run
    result = loop.run_until_complete(task)
  File "C:\Users\bwang\anaconda3\envs\trader\lib\asyncio\base_events.py", line 625, in run_until_complete
    self._check_running()
  File "C:\Users\bwang\anaconda3\envs\trader\lib\asyncio\base_events.py", line 584, in _check_running
    raise RuntimeError('This event loop is already running')
RuntimeError: This event loop is already running
2026-03-04 21:04:10 [ERROR] Error 366, reqId 3: No historical data query found for ticker id:3
2026-03-04 21:04:11 [ERROR] Error 366, reqId 4: No historical data query found for ticker id:4
2026-03-04 21:04:11 [ERROR] Error 366, reqId 3: No historical data query found for ticker id:3
2026-03-04 21:04:11 [ERROR] Error 366, reqId 4: No historical data query found for ticker id:4
2026-03-04 21:04:11 [ERROR] Error 366, reqId 3: No historical data query found for ticker id:3
2026-03-04 21:04:11 [ERROR] Error 366, reqId 4: No historical data query found for ticker id:4
2026-03-04 21:04:11 [ERROR] Error 366, reqId 3: No historical data query found for ticker id:3
2026-03-04 21:04:11 [ERROR] Error 366, reqId 4: No historical data query found for ticker id:4
2026-03-04 21:12:30 [INFO] Warning 2103, reqId -1: Market data farm connection is broken:usopt.nj
2026-03-04 21:12:30 [INFO] Warning 2104, reqId -1: Market data farm connection is OK:usopt.nj
2026-03-04 21:12:30 [INFO] CONNECTIVITY RESTORED (code 2104) — resubscribing...
2026-03-04 21:12:30 [INFO] Backfilling gap: 2026-03-05 05:00:00 → 2026-03-05 05:12:30.869572 (12.5 minutes)
2026-03-04 21:12:30 [ERROR] Gap backfill failed — continuing without
Traceback (most recent call last):
  File "C:\Users\bwang\Documents\GitHub\CL_Analyst\src\live_execution\live_trader.py", line 954, in _resubscribe_and_backfill
    self.manager.cancel_subscription(self._live_bars)
TypeError: IBKRConnectionManager.fetch_historical_bars_by_duration() got an unexpected keyword argument 'contract'
2026-03-04 21:12:30 [INFO] Subscribing to live 5-min bars (Brain stream)...
2026-03-04 21:12:30 [ERROR] Resubscription failed — will retry on next reconnect
Traceback (most recent call last):
  File "C:\Users\bwang\Documents\GitHub\CL_Analyst\src\live_execution\live_trader.py", line 993, in _resubscribe_and_backfill
  File "C:\Users\bwang\Documents\GitHub\CL_Analyst\src\live_execution\live_trader.py", line 889, in _subscribe
    log.info("Subscribing to live 5-min bars (Brain stream)...")
  File "C:\Users\bwang\Documents\GitHub\CL_Analyst\src\live_execution\ibkr_client.py", line 523, in subscribe_live_bars
    bars = self.ib.reqHistoricalData(
  File "C:\Users\bwang\anaconda3\envs\trader\lib\site-packages\ib_insync\ib.py", line 1070, in reqHistoricalData
    return self._run(
  File "C:\Users\bwang\anaconda3\envs\trader\lib\site-packages\ib_insync\ib.py", line 318, in _run
    return util.run(*awaitables, timeout=self.RequestTimeout)
  File "C:\Users\bwang\anaconda3\envs\trader\lib\site-packages\ib_insync\util.py", line 341, in run
    result = loop.run_until_complete(task)
  File "C:\Users\bwang\anaconda3\envs\trader\lib\asyncio\base_events.py", line 625, in run_until_complete
    self._check_running()
  File "C:\Users\bwang\anaconda3\envs\trader\lib\asyncio\base_events.py", line 584, in _check_running
    raise RuntimeError('This event loop is already running')
RuntimeError: This event loop is already running
2026-03-04 21:12:30 [INFO] CONNECTIVITY RESTORED (code 2104) — resubscribing...
2026-03-04 21:12:30 [INFO] Backfilling gap: 2026-03-05 05:00:00 → 2026-03-05 05:12:30.872696 (12.5 minutes)
2026-03-04 21:12:30 [ERROR] Gap backfill failed — continuing without
Traceback (most recent call last):
  File "C:\Users\bwang\Documents\GitHub\CL_Analyst\src\live_execution\live_trader.py", line 954, in _resubscribe_and_backfill
    self.manager.cancel_subscription(self._live_bars)
TypeError: IBKRConnectionManager.fetch_historical_bars_by_duration() got an unexpected keyword argument 'contract'
2026-03-04 21:12:30 [INFO] Subscribing to live 5-min bars (Brain stream)...
2026-03-04 21:12:30 [ERROR] Resubscription failed — will retry on next reconnect
Traceback (most recent call last):
  File "C:\Users\bwang\Documents\GitHub\CL_Analyst\src\live_execution\live_trader.py", line 993, in _resubscribe_and_backfill
  File "C:\Users\bwang\Documents\GitHub\CL_Analyst\src\live_execution\live_trader.py", line 889, in _subscribe
    log.info("Subscribing to live 5-min bars (Brain stream)...")
  File "C:\Users\bwang\Documents\GitHub\CL_Analyst\src\live_execution\ibkr_client.py", line 523, in subscribe_live_bars
    bars = self.ib.reqHistoricalData(
  File "C:\Users\bwang\anaconda3\envs\trader\lib\site-packages\ib_insync\ib.py", line 1070, in reqHistoricalData
    return self._run(
  File "C:\Users\bwang\anaconda3\envs\trader\lib\site-packages\ib_insync\ib.py", line 318, in _run
    return util.run(*awaitables, timeout=self.RequestTimeout)
  File "C:\Users\bwang\anaconda3\envs\trader\lib\site-packages\ib_insync\util.py", line 341, in run
    result = loop.run_until_complete(task)
  File "C:\Users\bwang\anaconda3\envs\trader\lib\asyncio\base_events.py", line 625, in run_until_complete
    self._check_running()
  File "C:\Users\bwang\anaconda3\envs\trader\lib\asyncio\base_events.py", line 584, in _check_running
    raise RuntimeError('This event loop is already running')
RuntimeError: This event loop is already running
2026-03-04 21:12:30 [INFO] CONNECTIVITY RESTORED (code 2104) — resubscribing...
2026-03-04 21:12:30 [INFO] Backfilling gap: 2026-03-05 05:00:00 → 2026-03-05 05:12:30.873252 (12.5 minutes)
2026-03-04 21:12:30 [ERROR] Gap backfill failed — continuing without
Traceback (most recent call last):
  File "C:\Users\bwang\Documents\GitHub\CL_Analyst\src\live_execution\live_trader.py", line 954, in _resubscribe_and_backfill
    self.manager.cancel_subscription(self._live_bars)
TypeError: IBKRConnectionManager.fetch_historical_bars_by_duration() got an unexpected keyword argument 'contract'
2026-03-04 21:12:30 [INFO] Subscribing to live 5-min bars (Brain stream)...
2026-03-04 21:12:30 [ERROR] Resubscription failed — will retry on next reconnect
Traceback (most recent call last):
  File "C:\Users\bwang\Documents\GitHub\CL_Analyst\src\live_execution\live_trader.py", line 993, in _resubscribe_and_backfill
  File "C:\Users\bwang\Documents\GitHub\CL_Analyst\src\live_execution\live_trader.py", line 889, in _subscribe
    log.info("Subscribing to live 5-min bars (Brain stream)...")
  File "C:\Users\bwang\Documents\GitHub\CL_Analyst\src\live_execution\ibkr_client.py", line 523, in subscribe_live_bars
    bars = self.ib.reqHistoricalData(
  File "C:\Users\bwang\anaconda3\envs\trader\lib\site-packages\ib_insync\ib.py", line 1070, in reqHistoricalData
    return self._run(
  File "C:\Users\bwang\anaconda3\envs\trader\lib\site-packages\ib_insync\ib.py", line 318, in _run
    return util.run(*awaitables, timeout=self.RequestTimeout)
  File "C:\Users\bwang\anaconda3\envs\trader\lib\site-packages\ib_insync\util.py", line 341, in run
    result = loop.run_until_complete(task)
  File "C:\Users\bwang\anaconda3\envs\trader\lib\asyncio\base_events.py", line 625, in run_until_complete
    self._check_running()
  File "C:\Users\bwang\anaconda3\envs\trader\lib\asyncio\base_events.py", line 584, in _check_running
    raise RuntimeError('This event loop is already running')
RuntimeError: This event loop is already running
2026-03-04 21:12:30 [INFO] CONNECTIVITY RESTORED (code 2104) — resubscribing...
2026-03-04 21:12:30 [INFO] Backfilling gap: 2026-03-05 05:00:00 → 2026-03-05 05:12:30.875031 (12.5 minutes)
2026-03-04 21:12:30 [ERROR] Gap backfill failed — continuing without
Traceback (most recent call last):
  File "C:\Users\bwang\Documents\GitHub\CL_Analyst\src\live_execution\live_trader.py", line 954, in _resubscribe_and_backfill
    self.manager.cancel_subscription(self._live_bars)
TypeError: IBKRConnectionManager.fetch_historical_bars_by_duration() got an unexpected keyword argument 'contract'
2026-03-04 21:12:30 [INFO] Subscribing to live 5-min bars (Brain stream)...
2026-03-04 21:12:30 [ERROR] Resubscription failed — will retry on next reconnect
Traceback (most recent call last):
  File "C:\Users\bwang\Documents\GitHub\CL_Analyst\src\live_execution\live_trader.py", line 993, in _resubscribe_and_backfill
  File "C:\Users\bwang\Documents\GitHub\CL_Analyst\src\live_execution\live_trader.py", line 889, in _subscribe
    log.info("Subscribing to live 5-min bars (Brain stream)...")
  File "C:\Users\bwang\Documents\GitHub\CL_Analyst\src\live_execution\ibkr_client.py", line 523, in subscribe_live_bars
    bars = self.ib.reqHistoricalData(
  File "C:\Users\bwang\anaconda3\envs\trader\lib\site-packages\ib_insync\ib.py", line 1070, in reqHistoricalData
    return self._run(
  File "C:\Users\bwang\anaconda3\envs\trader\lib\site-packages\ib_insync\ib.py", line 318, in _run
    return util.run(*awaitables, timeout=self.RequestTimeout)
  File "C:\Users\bwang\anaconda3\envs\trader\lib\site-packages\ib_insync\util.py", line 341, in run
    result = loop.run_until_complete(task)
  File "C:\Users\bwang\anaconda3\envs\trader\lib\asyncio\base_events.py", line 625, in run_until_complete
    self._check_running()
  File "C:\Users\bwang\anaconda3\envs\trader\lib\asyncio\base_events.py", line 584, in _check_running
    raise RuntimeError('This event loop is already running')
RuntimeError: This event loop is already running
2026-03-04 21:12:30 [ERROR] Error 366, reqId 3: No historical data query found for ticker id:3
2026-03-04 21:12:30 [ERROR] Error 366, reqId 4: No historical data query found for ticker id:4
2026-03-04 21:12:30 [ERROR] Error 366, reqId 3: No historical data query found for ticker id:3
2026-03-04 21:12:30 [ERROR] Error 366, reqId 4: No historical data query found for ticker id:4
2026-03-04 21:12:30 [ERROR] Error 366, reqId 3: No historical data query found for ticker id:3
2026-03-04 21:12:30 [ERROR] Error 366, reqId 4: No historical data query found for ticker id:4
2026-03-04 21:12:30 [ERROR] Error 366, reqId 3: No historical data query found for ticker id:3
2026-03-04 21:12:31 [ERROR] Error 366, reqId 4: No historical data query found for ticker id:4
2026-03-04 21:17:30 [INFO] Warning 2103, reqId -1: Market data farm connection is broken:usfarm
2026-03-04 21:17:30 [INFO] Warning 2103, reqId -1: Market data farm connection is broken:usfarm.nj
2026-03-04 21:17:31 [INFO] Warning 2104, reqId -1: Market data farm connection is OK:usfarm.nj
2026-03-04 21:17:31 [INFO] CONNECTIVITY RESTORED (code 2104) — resubscribing...
2026-03-04 21:17:31 [INFO] Backfilling gap: 2026-03-05 05:00:00 → 2026-03-05 05:17:31.992166 (17.5 minutes)
2026-03-04 21:17:31 [ERROR] Gap backfill failed — continuing without
Traceback (most recent call last):
  File "C:\Users\bwang\Documents\GitHub\CL_Analyst\src\live_execution\live_trader.py", line 954, in _resubscribe_and_backfill
    self.manager.cancel_subscription(self._live_bars)
TypeError: IBKRConnectionManager.fetch_historical_bars_by_duration() got an unexpected keyword argument 'contract'
2026-03-04 21:17:31 [INFO] Subscribing to live 5-min bars (Brain stream)...
2026-03-04 21:17:31 [ERROR] Resubscription failed — will retry on next reconnect
Traceback (most recent call last):
  File "C:\Users\bwang\Documents\GitHub\CL_Analyst\src\live_execution\live_trader.py", line 993, in _resubscribe_and_backfill
  File "C:\Users\bwang\Documents\GitHub\CL_Analyst\src\live_execution\live_trader.py", line 889, in _subscribe
    log.info("Subscribing to live 5-min bars (Brain stream)...")
  File "C:\Users\bwang\Documents\GitHub\CL_Analyst\src\live_execution\ibkr_client.py", line 523, in subscribe_live_bars
    bars = self.ib.reqHistoricalData(
  File "C:\Users\bwang\anaconda3\envs\trader\lib\site-packages\ib_insync\ib.py", line 1070, in reqHistoricalData
    return self._run(
  File "C:\Users\bwang\anaconda3\envs\trader\lib\site-packages\ib_insync\ib.py", line 318, in _run
    return util.run(*awaitables, timeout=self.RequestTimeout)
  File "C:\Users\bwang\anaconda3\envs\trader\lib\site-packages\ib_insync\util.py", line 341, in run
    result = loop.run_until_complete(task)
  File "C:\Users\bwang\anaconda3\envs\trader\lib\asyncio\base_events.py", line 625, in run_until_complete
    self._check_running()
  File "C:\Users\bwang\anaconda3\envs\trader\lib\asyncio\base_events.py", line 584, in _check_running
    raise RuntimeError('This event loop is already running')
RuntimeError: This event loop is already running
2026-03-04 21:17:31 [INFO] CONNECTIVITY RESTORED (code 2104) — resubscribing...
2026-03-04 21:17:31 [INFO] Backfilling gap: 2026-03-05 05:00:00 → 2026-03-05 05:17:31.998619 (17.5 minutes)
2026-03-04 21:17:31 [ERROR] Gap backfill failed — continuing without
Traceback (most recent call last):
  File "C:\Users\bwang\Documents\GitHub\CL_Analyst\src\live_execution\live_trader.py", line 954, in _resubscribe_and_backfill
    self.manager.cancel_subscription(self._live_bars)
TypeError: IBKRConnectionManager.fetch_historical_bars_by_duration() got an unexpected keyword argument 'contract'
2026-03-04 21:17:32 [INFO] Subscribing to live 5-min bars (Brain stream)...
2026-03-04 21:17:32 [ERROR] Resubscription failed — will retry on next reconnect
Traceback (most recent call last):
  File "C:\Users\bwang\Documents\GitHub\CL_Analyst\src\live_execution\live_trader.py", line 993, in _resubscribe_and_backfill
  File "C:\Users\bwang\Documents\GitHub\CL_Analyst\src\live_execution\live_trader.py", line 889, in _subscribe
    log.info("Subscribing to live 5-min bars (Brain stream)...")
  File "C:\Users\bwang\Documents\GitHub\CL_Analyst\src\live_execution\ibkr_client.py", line 523, in subscribe_live_bars
    bars = self.ib.reqHistoricalData(
  File "C:\Users\bwang\anaconda3\envs\trader\lib\site-packages\ib_insync\ib.py", line 1070, in reqHistoricalData
    return self._run(
  File "C:\Users\bwang\anaconda3\envs\trader\lib\site-packages\ib_insync\ib.py", line 318, in _run
    return util.run(*awaitables, timeout=self.RequestTimeout)
  File "C:\Users\bwang\anaconda3\envs\trader\lib\site-packages\ib_insync\util.py", line 341, in run
    result = loop.run_until_complete(task)
  File "C:\Users\bwang\anaconda3\envs\trader\lib\asyncio\base_events.py", line 625, in run_until_complete
    self._check_running()
  File "C:\Users\bwang\anaconda3\envs\trader\lib\asyncio\base_events.py", line 584, in _check_running
    raise RuntimeError('This event loop is already running')
RuntimeError: This event loop is already running
2026-03-04 21:17:32 [INFO] CONNECTIVITY RESTORED (code 2104) — resubscribing...
2026-03-04 21:17:32 [INFO] Backfilling gap: 2026-03-05 05:00:00 → 2026-03-05 05:17:32.001590 (17.5 minutes)
2026-03-04 21:17:32 [ERROR] Gap backfill failed — continuing without
Traceback (most recent call last):
  File "C:\Users\bwang\Documents\GitHub\CL_Analyst\src\live_execution\live_trader.py", line 954, in _resubscribe_and_backfill
    self.manager.cancel_subscription(self._live_bars)
TypeError: IBKRConnectionManager.fetch_historical_bars_by_duration() got an unexpected keyword argument 'contract'
2026-03-04 21:17:32 [INFO] Subscribing to live 5-min bars (Brain stream)...
2026-03-04 21:17:32 [ERROR] Resubscription failed — will retry on next reconnect
Traceback (most recent call last):
  File "C:\Users\bwang\Documents\GitHub\CL_Analyst\src\live_execution\live_trader.py", line 993, in _resubscribe_and_backfill
  File "C:\Users\bwang\Documents\GitHub\CL_Analyst\src\live_execution\live_trader.py", line 889, in _subscribe
    log.info("Subscribing to live 5-min bars (Brain stream)...")
  File "C:\Users\bwang\Documents\GitHub\CL_Analyst\src\live_execution\ibkr_client.py", line 523, in subscribe_live_bars
    bars = self.ib.reqHistoricalData(
  File "C:\Users\bwang\anaconda3\envs\trader\lib\site-packages\ib_insync\ib.py", line 1070, in reqHistoricalData
    return self._run(
  File "C:\Users\bwang\anaconda3\envs\trader\lib\site-packages\ib_insync\ib.py", line 318, in _run
    return util.run(*awaitables, timeout=self.RequestTimeout)
  File "C:\Users\bwang\anaconda3\envs\trader\lib\site-packages\ib_insync\util.py", line 341, in run
    result = loop.run_until_complete(task)
  File "C:\Users\bwang\anaconda3\envs\trader\lib\asyncio\base_events.py", line 625, in run_until_complete
    self._check_running()
  File "C:\Users\bwang\anaconda3\envs\trader\lib\asyncio\base_events.py", line 584, in _check_running
    raise RuntimeError('This event loop is already running')
RuntimeError: This event loop is already running
2026-03-04 21:17:32 [INFO] CONNECTIVITY RESTORED (code 2104) — resubscribing...
2026-03-04 21:17:32 [INFO] Backfilling gap: 2026-03-05 05:00:00 → 2026-03-05 05:17:32.002097 (17.5 minutes)
2026-03-04 21:17:32 [ERROR] Gap backfill failed — continuing without
Traceback (most recent call last):
  File "C:\Users\bwang\Documents\GitHub\CL_Analyst\src\live_execution\live_trader.py", line 954, in _resubscribe_and_backfill
    self.manager.cancel_subscription(self._live_bars)
TypeError: IBKRConnectionManager.fetch_historical_bars_by_duration() got an unexpected keyword argument 'contract'
2026-03-04 21:17:32 [INFO] Subscribing to live 5-min bars (Brain stream)...
2026-03-04 21:17:32 [ERROR] Resubscription failed — will retry on next reconnect
Traceback (most recent call last):
  File "C:\Users\bwang\Documents\GitHub\CL_Analyst\src\live_execution\live_trader.py", line 993, in _resubscribe_and_backfill
  File "C:\Users\bwang\Documents\GitHub\CL_Analyst\src\live_execution\live_trader.py", line 889, in _subscribe
    log.info("Subscribing to live 5-min bars (Brain stream)...")
  File "C:\Users\bwang\Documents\GitHub\CL_Analyst\src\live_execution\ibkr_client.py", line 523, in subscribe_live_bars
    bars = self.ib.reqHistoricalData(
  File "C:\Users\bwang\anaconda3\envs\trader\lib\site-packages\ib_insync\ib.py", line 1070, in reqHistoricalData
    return self._run(
  File "C:\Users\bwang\anaconda3\envs\trader\lib\site-packages\ib_insync\ib.py", line 318, in _run
    return util.run(*awaitables, timeout=self.RequestTimeout)
  File "C:\Users\bwang\anaconda3\envs\trader\lib\site-packages\ib_insync\util.py", line 341, in run
    result = loop.run_until_complete(task)
  File "C:\Users\bwang\anaconda3\envs\trader\lib\asyncio\base_events.py", line 625, in run_until_complete
    self._check_running()
  File "C:\Users\bwang\anaconda3\envs\trader\lib\asyncio\base_events.py", line 584, in _check_running
    raise RuntimeError('This event loop is already running')
RuntimeError: This event loop is already running
2026-03-04 21:17:32 [ERROR] Error 366, reqId 3: No historical data query found for ticker id:3
2026-03-04 21:17:32 [ERROR] Error 366, reqId 4: No historical data query found for ticker id:4
2026-03-04 21:17:32 [ERROR] Error 366, reqId 3: No historical data query found for ticker id:3
2026-03-04 21:17:32 [ERROR] Error 366, reqId 4: No historical data query found for ticker id:4
2026-03-04 21:17:32 [ERROR] Error 366, reqId 3: No historical data query found for ticker id:3
2026-03-04 21:17:32 [ERROR] Error 366, reqId 4: No historical data query found for ticker id:4
2026-03-04 21:17:32 [ERROR] Error 366, reqId 3: No historical data query found for ticker id:3
2026-03-04 21:17:32 [ERROR] Error 366, reqId 4: No historical data query found for ticker id:4
2026-03-04 21:17:33 [INFO] Warning 2104, reqId -1: Market data farm connection is OK:usfarm
2026-03-04 21:17:33 [INFO] CONNECTIVITY RESTORED (code 2104) — resubscribing...
2026-03-04 21:17:33 [INFO] Backfilling gap: 2026-03-05 05:00:00 → 2026-03-05 05:17:33.309172 (17.6 minutes)
2026-03-04 21:17:33 [ERROR] Gap backfill failed — continuing without
Traceback (most recent call last):
  File "C:\Users\bwang\Documents\GitHub\CL_Analyst\src\live_execution\live_trader.py", line 954, in _resubscribe_and_backfill
    self.manager.cancel_subscription(self._live_bars)
TypeError: IBKRConnectionManager.fetch_historical_bars_by_duration() got an unexpected keyword argument 'contract'
2026-03-04 21:17:33 [INFO] Subscribing to live 5-min bars (Brain stream)...
2026-03-04 21:17:33 [ERROR] Resubscription failed — will retry on next reconnect
Traceback (most recent call last):
  File "C:\Users\bwang\Documents\GitHub\CL_Analyst\src\live_execution\live_trader.py", line 993, in _resubscribe_and_backfill
  File "C:\Users\bwang\Documents\GitHub\CL_Analyst\src\live_execution\live_trader.py", line 889, in _subscribe
    log.info("Subscribing to live 5-min bars (Brain stream)...")
  File "C:\Users\bwang\Documents\GitHub\CL_Analyst\src\live_execution\ibkr_client.py", line 523, in subscribe_live_bars
    bars = self.ib.reqHistoricalData(
  File "C:\Users\bwang\anaconda3\envs\trader\lib\site-packages\ib_insync\ib.py", line 1070, in reqHistoricalData
    return self._run(
  File "C:\Users\bwang\anaconda3\envs\trader\lib\site-packages\ib_insync\ib.py", line 318, in _run
    return util.run(*awaitables, timeout=self.RequestTimeout)
  File "C:\Users\bwang\anaconda3\envs\trader\lib\site-packages\ib_insync\util.py", line 341, in run
    result = loop.run_until_complete(task)
  File "C:\Users\bwang\anaconda3\envs\trader\lib\asyncio\base_events.py", line 625, in run_until_complete
    self._check_running()
  File "C:\Users\bwang\anaconda3\envs\trader\lib\asyncio\base_events.py", line 584, in _check_running
    raise RuntimeError('This event loop is already running')
RuntimeError: This event loop is already running
2026-03-04 21:17:33 [INFO] CONNECTIVITY RESTORED (code 2104) — resubscribing...
2026-03-04 21:17:33 [INFO] Backfilling gap: 2026-03-05 05:00:00 → 2026-03-05 05:17:33.313222 (17.6 minutes)
2026-03-04 21:17:33 [ERROR] Gap backfill failed — continuing without
Traceback (most recent call last):
  File "C:\Users\bwang\Documents\GitHub\CL_Analyst\src\live_execution\live_trader.py", line 954, in _resubscribe_and_backfill
    self.manager.cancel_subscription(self._live_bars)
TypeError: IBKRConnectionManager.fetch_historical_bars_by_duration() got an unexpected keyword argument 'contract'
2026-03-04 21:17:33 [INFO] Subscribing to live 5-min bars (Brain stream)...
2026-03-04 21:17:33 [ERROR] Resubscription failed — will retry on next reconnect
Traceback (most recent call last):
  File "C:\Users\bwang\Documents\GitHub\CL_Analyst\src\live_execution\live_trader.py", line 993, in _resubscribe_and_backfill
  File "C:\Users\bwang\Documents\GitHub\CL_Analyst\src\live_execution\live_trader.py", line 889, in _subscribe
    log.info("Subscribing to live 5-min bars (Brain stream)...")
  File "C:\Users\bwang\Documents\GitHub\CL_Analyst\src\live_execution\ibkr_client.py", line 523, in subscribe_live_bars
    bars = self.ib.reqHistoricalData(
  File "C:\Users\bwang\anaconda3\envs\trader\lib\site-packages\ib_insync\ib.py", line 1070, in reqHistoricalData
    return self._run(
  File "C:\Users\bwang\anaconda3\envs\trader\lib\site-packages\ib_insync\ib.py", line 318, in _run
    return util.run(*awaitables, timeout=self.RequestTimeout)
  File "C:\Users\bwang\anaconda3\envs\trader\lib\site-packages\ib_insync\util.py", line 341, in run
    result = loop.run_until_complete(task)
  File "C:\Users\bwang\anaconda3\envs\trader\lib\asyncio\base_events.py", line 625, in run_until_complete
    self._check_running()
  File "C:\Users\bwang\anaconda3\envs\trader\lib\asyncio\base_events.py", line 584, in _check_running
    raise RuntimeError('This event loop is already running')
RuntimeError: This event loop is already running
2026-03-04 21:17:33 [INFO] CONNECTIVITY RESTORED (code 2104) — resubscribing...
2026-03-04 21:17:33 [INFO] Backfilling gap: 2026-03-05 05:00:00 → 2026-03-05 05:17:33.315087 (17.6 minutes)
2026-03-04 21:17:33 [ERROR] Gap backfill failed — continuing without
Traceback (most recent call last):
  File "C:\Users\bwang\Documents\GitHub\CL_Analyst\src\live_execution\live_trader.py", line 954, in _resubscribe_and_backfill
    self.manager.cancel_subscription(self._live_bars)
TypeError: IBKRConnectionManager.fetch_historical_bars_by_duration() got an unexpected keyword argument 'contract'
2026-03-04 21:17:33 [INFO] Subscribing to live 5-min bars (Brain stream)...
2026-03-04 21:17:33 [ERROR] Resubscription failed — will retry on next reconnect
Traceback (most recent call last):
  File "C:\Users\bwang\Documents\GitHub\CL_Analyst\src\live_execution\live_trader.py", line 993, in _resubscribe_and_backfill
  File "C:\Users\bwang\Documents\GitHub\CL_Analyst\src\live_execution\live_trader.py", line 889, in _subscribe
    log.info("Subscribing to live 5-min bars (Brain stream)...")
  File "C:\Users\bwang\Documents\GitHub\CL_Analyst\src\live_execution\ibkr_client.py", line 523, in subscribe_live_bars
    bars = self.ib.reqHistoricalData(
  File "C:\Users\bwang\anaconda3\envs\trader\lib\site-packages\ib_insync\ib.py", line 1070, in reqHistoricalData
    return self._run(
  File "C:\Users\bwang\anaconda3\envs\trader\lib\site-packages\ib_insync\ib.py", line 318, in _run
    return util.run(*awaitables, timeout=self.RequestTimeout)
  File "C:\Users\bwang\anaconda3\envs\trader\lib\site-packages\ib_insync\util.py", line 341, in run
    result = loop.run_until_complete(task)
  File "C:\Users\bwang\anaconda3\envs\trader\lib\asyncio\base_events.py", line 625, in run_until_complete
    self._check_running()
  File "C:\Users\bwang\anaconda3\envs\trader\lib\asyncio\base_events.py", line 584, in _check_running
    raise RuntimeError('This event loop is already running')
RuntimeError: This event loop is already running
2026-03-04 21:17:33 [INFO] CONNECTIVITY RESTORED (code 2104) — resubscribing...
2026-03-04 21:17:33 [INFO] Backfilling gap: 2026-03-05 05:00:00 → 2026-03-05 05:17:33.316898 (17.6 minutes)
2026-03-04 21:17:33 [ERROR] Gap backfill failed — continuing without
Traceback (most recent call last):
  File "C:\Users\bwang\Documents\GitHub\CL_Analyst\src\live_execution\live_trader.py", line 954, in _resubscribe_and_backfill
    self.manager.cancel_subscription(self._live_bars)
TypeError: IBKRConnectionManager.fetch_historical_bars_by_duration() got an unexpected keyword argument 'contract'
2026-03-04 21:17:33 [INFO] Subscribing to live 5-min bars (Brain stream)...
2026-03-04 21:17:33 [ERROR] Resubscription failed — will retry on next reconnect
Traceback (most recent call last):
  File "C:\Users\bwang\Documents\GitHub\CL_Analyst\src\live_execution\live_trader.py", line 993, in _resubscribe_and_backfill
  File "C:\Users\bwang\Documents\GitHub\CL_Analyst\src\live_execution\live_trader.py", line 889, in _subscribe
    log.info("Subscribing to live 5-min bars (Brain stream)...")
  File "C:\Users\bwang\Documents\GitHub\CL_Analyst\src\live_execution\ibkr_client.py", line 523, in subscribe_live_bars
    bars = self.ib.reqHistoricalData(
  File "C:\Users\bwang\anaconda3\envs\trader\lib\site-packages\ib_insync\ib.py", line 1070, in reqHistoricalData
    return self._run(
  File "C:\Users\bwang\anaconda3\envs\trader\lib\site-packages\ib_insync\ib.py", line 318, in _run
    return util.run(*awaitables, timeout=self.RequestTimeout)
  File "C:\Users\bwang\anaconda3\envs\trader\lib\site-packages\ib_insync\util.py", line 341, in run
    result = loop.run_until_complete(task)
  File "C:\Users\bwang\anaconda3\envs\trader\lib\asyncio\base_events.py", line 625, in run_until_complete
    self._check_running()
  File "C:\Users\bwang\anaconda3\envs\trader\lib\asyncio\base_events.py", line 584, in _check_running
    raise RuntimeError('This event loop is already running')
RuntimeError: This event loop is already running
2026-03-04 21:17:33 [ERROR] Error 366, reqId 3: No historical data query found for ticker id:3
2026-03-04 21:17:33 [ERROR] Error 366, reqId 4: No historical data query found for ticker id:4
2026-03-04 21:17:33 [ERROR] Error 366, reqId 3: No historical data query found for ticker id:3
2026-03-04 21:17:33 [ERROR] Error 366, reqId 4: No historical data query found for ticker id:4
2026-03-04 21:17:33 [ERROR] Error 366, reqId 3: No historical data query found for ticker id:3
2026-03-04 21:17:33 [ERROR] Error 366, reqId 4: No historical data query found for ticker id:4
2026-03-04 21:17:33 [ERROR] Error 366, reqId 3: No historical data query found for ticker id:3
2026-03-04 21:17:33 [ERROR] Error 366, reqId 4: No historical data query found for ticker id:4
2026-03-04 21:18:03 [INFO] Warning 2103, reqId -1: Market data farm connection is broken:usfarm.nj
2026-03-04 21:18:05 [INFO] Warning 2104, reqId -1: Market data farm connection is OK:usfarm.nj
2026-03-04 21:18:05 [INFO] CONNECTIVITY RESTORED (code 2104) — resubscribing...
2026-03-04 21:18:05 [INFO] Backfilling gap: 2026-03-05 05:00:00 → 2026-03-05 05:18:05.476797 (18.1 minutes)
2026-03-04 21:18:05 [ERROR] Gap backfill failed — continuing without
Traceback (most recent call last):
  File "C:\Users\bwang\Documents\GitHub\CL_Analyst\src\live_execution\live_trader.py", line 954, in _resubscribe_and_backfill
    self.manager.cancel_subscription(self._live_bars)
TypeError: IBKRConnectionManager.fetch_historical_bars_by_duration() got an unexpected keyword argument 'contract'
2026-03-04 21:18:05 [INFO] Subscribing to live 5-min bars (Brain stream)...
2026-03-04 21:18:05 [ERROR] Resubscription failed — will retry on next reconnect
Traceback (most recent call last):
  File "C:\Users\bwang\Documents\GitHub\CL_Analyst\src\live_execution\live_trader.py", line 993, in _resubscribe_and_backfill
  File "C:\Users\bwang\Documents\GitHub\CL_Analyst\src\live_execution\live_trader.py", line 889, in _subscribe
    log.info("Subscribing to live 5-min bars (Brain stream)...")
  File "C:\Users\bwang\Documents\GitHub\CL_Analyst\src\live_execution\ibkr_client.py", line 523, in subscribe_live_bars
    bars = self.ib.reqHistoricalData(
  File "C:\Users\bwang\anaconda3\envs\trader\lib\site-packages\ib_insync\ib.py", line 1070, in reqHistoricalData
    return self._run(
  File "C:\Users\bwang\anaconda3\envs\trader\lib\site-packages\ib_insync\ib.py", line 318, in _run
    return util.run(*awaitables, timeout=self.RequestTimeout)
  File "C:\Users\bwang\anaconda3\envs\trader\lib\site-packages\ib_insync\util.py", line 341, in run
    result = loop.run_until_complete(task)
  File "C:\Users\bwang\anaconda3\envs\trader\lib\asyncio\base_events.py", line 625, in run_until_complete
    self._check_running()
  File "C:\Users\bwang\anaconda3\envs\trader\lib\asyncio\base_events.py", line 584, in _check_running
    raise RuntimeError('This event loop is already running')
RuntimeError: This event loop is already running
2026-03-04 21:18:05 [INFO] CONNECTIVITY RESTORED (code 2104) — resubscribing...
2026-03-04 21:18:05 [INFO] Backfilling gap: 2026-03-05 05:00:00 → 2026-03-05 05:18:05.478818 (18.1 minutes)
2026-03-04 21:18:05 [ERROR] Gap backfill failed — continuing without
Traceback (most recent call last):
  File "C:\Users\bwang\Documents\GitHub\CL_Analyst\src\live_execution\live_trader.py", line 954, in _resubscribe_and_backfill
    self.manager.cancel_subscription(self._live_bars)
TypeError: IBKRConnectionManager.fetch_historical_bars_by_duration() got an unexpected keyword argument 'contract'
2026-03-04 21:18:05 [INFO] Subscribing to live 5-min bars (Brain stream)...
2026-03-04 21:18:05 [ERROR] Resubscription failed — will retry on next reconnect
Traceback (most recent call last):
  File "C:\Users\bwang\Documents\GitHub\CL_Analyst\src\live_execution\live_trader.py", line 993, in _resubscribe_and_backfill
  File "C:\Users\bwang\Documents\GitHub\CL_Analyst\src\live_execution\live_trader.py", line 889, in _subscribe
    log.info("Subscribing to live 5-min bars (Brain stream)...")
  File "C:\Users\bwang\Documents\GitHub\CL_Analyst\src\live_execution\ibkr_client.py", line 523, in subscribe_live_bars
    bars = self.ib.reqHistoricalData(
  File "C:\Users\bwang\anaconda3\envs\trader\lib\site-packages\ib_insync\ib.py", line 1070, in reqHistoricalData
    return self._run(
  File "C:\Users\bwang\anaconda3\envs\trader\lib\site-packages\ib_insync\ib.py", line 318, in _run
    return util.run(*awaitables, timeout=self.RequestTimeout)
  File "C:\Users\bwang\anaconda3\envs\trader\lib\site-packages\ib_insync\util.py", line 341, in run
    result = loop.run_until_complete(task)
  File "C:\Users\bwang\anaconda3\envs\trader\lib\asyncio\base_events.py", line 625, in run_until_complete
    self._check_running()
  File "C:\Users\bwang\anaconda3\envs\trader\lib\asyncio\base_events.py", line 584, in _check_running
    raise RuntimeError('This event loop is already running')
RuntimeError: This event loop is already running
2026-03-04 21:18:05 [INFO] CONNECTIVITY RESTORED (code 2104) — resubscribing...
2026-03-04 21:18:05 [INFO] Backfilling gap: 2026-03-05 05:00:00 → 2026-03-05 05:18:05.480572 (18.1 minutes)
2026-03-04 21:18:05 [ERROR] Gap backfill failed — continuing without
Traceback (most recent call last):
  File "C:\Users\bwang\Documents\GitHub\CL_Analyst\src\live_execution\live_trader.py", line 954, in _resubscribe_and_backfill
    self.manager.cancel_subscription(self._live_bars)
TypeError: IBKRConnectionManager.fetch_historical_bars_by_duration() got an unexpected keyword argument 'contract'
2026-03-04 21:18:05 [INFO] Subscribing to live 5-min bars (Brain stream)...
2026-03-04 21:18:05 [ERROR] Resubscription failed — will retry on next reconnect
Traceback (most recent call last):
  File "C:\Users\bwang\Documents\GitHub\CL_Analyst\src\live_execution\live_trader.py", line 993, in _resubscribe_and_backfill
  File "C:\Users\bwang\Documents\GitHub\CL_Analyst\src\live_execution\live_trader.py", line 889, in _subscribe
    log.info("Subscribing to live 5-min bars (Brain stream)...")
  File "C:\Users\bwang\Documents\GitHub\CL_Analyst\src\live_execution\ibkr_client.py", line 523, in subscribe_live_bars
    bars = self.ib.reqHistoricalData(
  File "C:\Users\bwang\anaconda3\envs\trader\lib\site-packages\ib_insync\ib.py", line 1070, in reqHistoricalData
    return self._run(
  File "C:\Users\bwang\anaconda3\envs\trader\lib\site-packages\ib_insync\ib.py", line 318, in _run
    return util.run(*awaitables, timeout=self.RequestTimeout)
  File "C:\Users\bwang\anaconda3\envs\trader\lib\site-packages\ib_insync\util.py", line 341, in run
    result = loop.run_until_complete(task)
  File "C:\Users\bwang\anaconda3\envs\trader\lib\asyncio\base_events.py", line 625, in run_until_complete
    self._check_running()
  File "C:\Users\bwang\anaconda3\envs\trader\lib\asyncio\base_events.py", line 584, in _check_running
    raise RuntimeError('This event loop is already running')
RuntimeError: This event loop is already running
2026-03-04 21:18:05 [INFO] CONNECTIVITY RESTORED (code 2104) — resubscribing...
2026-03-04 21:18:05 [INFO] Backfilling gap: 2026-03-05 05:00:00 → 2026-03-05 05:18:05.482732 (18.1 minutes)
2026-03-04 21:18:05 [ERROR] Gap backfill failed — continuing without
Traceback (most recent call last):
  File "C:\Users\bwang\Documents\GitHub\CL_Analyst\src\live_execution\live_trader.py", line 954, in _resubscribe_and_backfill
    self.manager.cancel_subscription(self._live_bars)
TypeError: IBKRConnectionManager.fetch_historical_bars_by_duration() got an unexpected keyword argument 'contract'
2026-03-04 21:18:05 [INFO] Subscribing to live 5-min bars (Brain stream)...
2026-03-04 21:18:05 [ERROR] Resubscription failed — will retry on next reconnect
Traceback (most recent call last):
  File "C:\Users\bwang\Documents\GitHub\CL_Analyst\src\live_execution\live_trader.py", line 993, in _resubscribe_and_backfill
  File "C:\Users\bwang\Documents\GitHub\CL_Analyst\src\live_execution\live_trader.py", line 889, in _subscribe
    log.info("Subscribing to live 5-min bars (Brain stream)...")
  File "C:\Users\bwang\Documents\GitHub\CL_Analyst\src\live_execution\ibkr_client.py", line 523, in subscribe_live_bars
    bars = self.ib.reqHistoricalData(
  File "C:\Users\bwang\anaconda3\envs\trader\lib\site-packages\ib_insync\ib.py", line 1070, in reqHistoricalData
    return self._run(
  File "C:\Users\bwang\anaconda3\envs\trader\lib\site-packages\ib_insync\ib.py", line 318, in _run
    return util.run(*awaitables, timeout=self.RequestTimeout)
  File "C:\Users\bwang\anaconda3\envs\trader\lib\site-packages\ib_insync\util.py", line 341, in run
    result = loop.run_until_complete(task)
  File "C:\Users\bwang\anaconda3\envs\trader\lib\asyncio\base_events.py", line 625, in run_until_complete
    self._check_running()
  File "C:\Users\bwang\anaconda3\envs\trader\lib\asyncio\base_events.py", line 584, in _check_running
    raise RuntimeError('This event loop is already running')
RuntimeError: This event loop is already running
2026-03-04 21:18:05 [ERROR] Error 366, reqId 3: No historical data query found for ticker id:3
2026-03-04 21:18:05 [ERROR] Error 366, reqId 4: No historical data query found for ticker id:4
2026-03-04 21:18:05 [ERROR] Error 366, reqId 3: No historical data query found for ticker id:3
2026-03-04 21:18:05 [ERROR] Error 366, reqId 4: No historical data query found for ticker id:4
2026-03-04 21:18:05 [ERROR] Error 366, reqId 3: No historical data query found for ticker id:3
2026-03-04 21:18:05 [ERROR] Error 366, reqId 4: No historical data query found for ticker id:4
2026-03-04 21:18:05 [ERROR] Error 366, reqId 3: No historical data query found for ticker id:3
2026-03-04 21:18:05 [ERROR] Error 366, reqId 4: No historical data query found for ticker id:4
2026-03-04 21:22:30 [INFO] Warning 2103, reqId -1: Market data farm connection is broken:usopt.nj
2026-03-04 21:22:33 [INFO] Warning 2104, reqId -1: Market data farm connection is OK:usopt.nj
2026-03-04 21:22:33 [INFO] CONNECTIVITY RESTORED (code 2104) — resubscribing...
2026-03-04 21:22:33 [INFO] Backfilling gap: 2026-03-05 05:00:00 → 2026-03-05 05:22:33.047702 (22.6 minutes)
2026-03-04 21:22:33 [ERROR] Gap backfill failed — continuing without
Traceback (most recent call last):
  File "C:\Users\bwang\Documents\GitHub\CL_Analyst\src\live_execution\live_trader.py", line 954, in _resubscribe_and_backfill
    self.manager.cancel_subscription(self._live_bars)
TypeError: IBKRConnectionManager.fetch_historical_bars_by_duration() got an unexpected keyword argument 'contract'
2026-03-04 21:22:33 [INFO] Subscribing to live 5-min bars (Brain stream)...
2026-03-04 21:22:33 [ERROR] Resubscription failed — will retry on next reconnect
Traceback (most recent call last):
  File "C:\Users\bwang\Documents\GitHub\CL_Analyst\src\live_execution\live_trader.py", line 993, in _resubscribe_and_backfill
  File "C:\Users\bwang\Documents\GitHub\CL_Analyst\src\live_execution\live_trader.py", line 889, in _subscribe
    log.info("Subscribing to live 5-min bars (Brain stream)...")
  File "C:\Users\bwang\Documents\GitHub\CL_Analyst\src\live_execution\ibkr_client.py", line 523, in subscribe_live_bars
    bars = self.ib.reqHistoricalData(
  File "C:\Users\bwang\anaconda3\envs\trader\lib\site-packages\ib_insync\ib.py", line 1070, in reqHistoricalData
    return self._run(
  File "C:\Users\bwang\anaconda3\envs\trader\lib\site-packages\ib_insync\ib.py", line 318, in _run
    return util.run(*awaitables, timeout=self.RequestTimeout)
  File "C:\Users\bwang\anaconda3\envs\trader\lib\site-packages\ib_insync\util.py", line 341, in run
    result = loop.run_until_complete(task)
  File "C:\Users\bwang\anaconda3\envs\trader\lib\asyncio\base_events.py", line 625, in run_until_complete
    self._check_running()
  File "C:\Users\bwang\anaconda3\envs\trader\lib\asyncio\base_events.py", line 584, in _check_running
    raise RuntimeError('This event loop is already running')
RuntimeError: This event loop is already running
2026-03-04 21:22:33 [INFO] CONNECTIVITY RESTORED (code 2104) — resubscribing...
2026-03-04 21:22:33 [INFO] Backfilling gap: 2026-03-05 05:00:00 → 2026-03-05 05:22:33.048711 (22.6 minutes)
2026-03-04 21:22:33 [ERROR] Gap backfill failed — continuing without
Traceback (most recent call last):
  File "C:\Users\bwang\Documents\GitHub\CL_Analyst\src\live_execution\live_trader.py", line 954, in _resubscribe_and_backfill
    self.manager.cancel_subscription(self._live_bars)
TypeError: IBKRConnectionManager.fetch_historical_bars_by_duration() got an unexpected keyword argument 'contract'
2026-03-04 21:22:33 [INFO] Subscribing to live 5-min bars (Brain stream)...
2026-03-04 21:22:33 [ERROR] Resubscription failed — will retry on next reconnect
Traceback (most recent call last):
  File "C:\Users\bwang\Documents\GitHub\CL_Analyst\src\live_execution\live_trader.py", line 993, in _resubscribe_and_backfill
  File "C:\Users\bwang\Documents\GitHub\CL_Analyst\src\live_execution\live_trader.py", line 889, in _subscribe
    log.info("Subscribing to live 5-min bars (Brain stream)...")
  File "C:\Users\bwang\Documents\GitHub\CL_Analyst\src\live_execution\ibkr_client.py", line 523, in subscribe_live_bars
    bars = self.ib.reqHistoricalData(
  File "C:\Users\bwang\anaconda3\envs\trader\lib\site-packages\ib_insync\ib.py", line 1070, in reqHistoricalData
    return self._run(
  File "C:\Users\bwang\anaconda3\envs\trader\lib\site-packages\ib_insync\ib.py", line 318, in _run
    return util.run(*awaitables, timeout=self.RequestTimeout)
  File "C:\Users\bwang\anaconda3\envs\trader\lib\site-packages\ib_insync\util.py", line 341, in run
    result = loop.run_until_complete(task)
  File "C:\Users\bwang\anaconda3\envs\trader\lib\asyncio\base_events.py", line 625, in run_until_complete
    self._check_running()
  File "C:\Users\bwang\anaconda3\envs\trader\lib\asyncio\base_events.py", line 584, in _check_running
    raise RuntimeError('This event loop is already running')
RuntimeError: This event loop is already running
2026-03-04 21:22:33 [INFO] CONNECTIVITY RESTORED (code 2104) — resubscribing...
2026-03-04 21:22:33 [INFO] Backfilling gap: 2026-03-05 05:00:00 → 2026-03-05 05:22:33.049906 (22.6 minutes)
2026-03-04 21:22:33 [ERROR] Gap backfill failed — continuing without
Traceback (most recent call last):
  File "C:\Users\bwang\Documents\GitHub\CL_Analyst\src\live_execution\live_trader.py", line 954, in _resubscribe_and_backfill
    self.manager.cancel_subscription(self._live_bars)
TypeError: IBKRConnectionManager.fetch_historical_bars_by_duration() got an unexpected keyword argument 'contract'
2026-03-04 21:22:33 [INFO] Subscribing to live 5-min bars (Brain stream)...
2026-03-04 21:22:33 [ERROR] Resubscription failed — will retry on next reconnect
Traceback (most recent call last):
  File "C:\Users\bwang\Documents\GitHub\CL_Analyst\src\live_execution\live_trader.py", line 993, in _resubscribe_and_backfill
  File "C:\Users\bwang\Documents\GitHub\CL_Analyst\src\live_execution\live_trader.py", line 889, in _subscribe
    log.info("Subscribing to live 5-min bars (Brain stream)...")
  File "C:\Users\bwang\Documents\GitHub\CL_Analyst\src\live_execution\ibkr_client.py", line 523, in subscribe_live_bars
    bars = self.ib.reqHistoricalData(
  File "C:\Users\bwang\anaconda3\envs\trader\lib\site-packages\ib_insync\ib.py", line 1070, in reqHistoricalData
    return self._run(
  File "C:\Users\bwang\anaconda3\envs\trader\lib\site-packages\ib_insync\ib.py", line 318, in _run
    return util.run(*awaitables, timeout=self.RequestTimeout)
  File "C:\Users\bwang\anaconda3\envs\trader\lib\site-packages\ib_insync\util.py", line 341, in run
    result = loop.run_until_complete(task)
  File "C:\Users\bwang\anaconda3\envs\trader\lib\asyncio\base_events.py", line 625, in run_until_complete
    self._check_running()
  File "C:\Users\bwang\anaconda3\envs\trader\lib\asyncio\base_events.py", line 584, in _check_running
    raise RuntimeError('This event loop is already running')
RuntimeError: This event loop is already running
2026-03-04 21:22:33 [INFO] CONNECTIVITY RESTORED (code 2104) — resubscribing...
2026-03-04 21:22:33 [INFO] Backfilling gap: 2026-03-05 05:00:00 → 2026-03-05 05:22:33.051474 (22.6 minutes)
2026-03-04 21:22:33 [ERROR] Gap backfill failed — continuing without
Traceback (most recent call last):
  File "C:\Users\bwang\Documents\GitHub\CL_Analyst\src\live_execution\live_trader.py", line 954, in _resubscribe_and_backfill
    self.manager.cancel_subscription(self._live_bars)
TypeError: IBKRConnectionManager.fetch_historical_bars_by_duration() got an unexpected keyword argument 'contract'
2026-03-04 21:22:33 [INFO] Subscribing to live 5-min bars (Brain stream)...
2026-03-04 21:22:33 [ERROR] Resubscription failed — will retry on next reconnect
Traceback (most recent call last):
  File "C:\Users\bwang\Documents\GitHub\CL_Analyst\src\live_execution\live_trader.py", line 993, in _resubscribe_and_backfill
  File "C:\Users\bwang\Documents\GitHub\CL_Analyst\src\live_execution\live_trader.py", line 889, in _subscribe
    log.info("Subscribing to live 5-min bars (Brain stream)...")
  File "C:\Users\bwang\Documents\GitHub\CL_Analyst\src\live_execution\ibkr_client.py", line 523, in subscribe_live_bars
    bars = self.ib.reqHistoricalData(
  File "C:\Users\bwang\anaconda3\envs\trader\lib\site-packages\ib_insync\ib.py", line 1070, in reqHistoricalData
    return self._run(
  File "C:\Users\bwang\anaconda3\envs\trader\lib\site-packages\ib_insync\ib.py", line 318, in _run
    return util.run(*awaitables, timeout=self.RequestTimeout)
  File "C:\Users\bwang\anaconda3\envs\trader\lib\site-packages\ib_insync\util.py", line 341, in run
    result = loop.run_until_complete(task)
  File "C:\Users\bwang\anaconda3\envs\trader\lib\asyncio\base_events.py", line 625, in run_until_complete
    self._check_running()
  File "C:\Users\bwang\anaconda3\envs\trader\lib\asyncio\base_events.py", line 584, in _check_running
    raise RuntimeError('This event loop is already running')
RuntimeError: This event loop is already running
2026-03-04 21:22:33 [ERROR] Error 366, reqId 3: No historical data query found for ticker id:3
2026-03-04 21:22:33 [ERROR] Error 366, reqId 4: No historical data query found for ticker id:4
2026-03-04 21:22:33 [ERROR] Error 366, reqId 3: No historical data query found for ticker id:3
2026-03-04 21:22:33 [ERROR] Error 366, reqId 4: No historical data query found for ticker id:4
2026-03-04 21:22:33 [ERROR] Error 366, reqId 3: No historical data query found for ticker id:3
2026-03-04 21:22:33 [ERROR] Error 366, reqId 4: No historical data query found for ticker id:4
2026-03-04 21:22:33 [ERROR] Error 366, reqId 3: No historical data query found for ticker id:3
2026-03-04 21:22:33 [ERROR] Error 366, reqId 4: No historical data query found for ticker id:4
2026-03-04 21:34:33 [ERROR] Error 1100, reqId -1: Connectivity between IBKR and Trader Workstation has been lost.
2026-03-04 21:34:39 [ERROR] Error 1100, reqId -1: Connectivity between IBKR and Trader Workstation has been lost.
2026-03-04 21:34:41 [ERROR] Error 1100, reqId -1: Connectivity between IBKR and Trader Workstation has been lost.
2026-03-04 21:34:46 [ERROR] Error 1100, reqId -1: Connectivity between IBKR and Trader Workstation has been lost.
2026-03-04 21:34:48 [ERROR] Error 1100, reqId -1: Connectivity between IBKR and Trader Workstation has been lost.
2026-03-04 21:34:55 [ERROR] Error 1100, reqId -1: Connectivity between IBKR and Trader Workstation has been lost.
2026-03-04 21:35:05 [ERROR] Error 1100, reqId -1: Connectivity between IBKR and Trader Workstation has been lost.
2026-03-04 21:35:14 [ERROR] Error 1100, reqId -1: Connectivity between IBKR and Trader Workstation has been lost.
2026-03-04 21:35:26 [ERROR] Error 1100, reqId -1: Connectivity between IBKR and Trader Workstation has been lost.
2026-03-04 21:35:51 [ERROR] Error 1100, reqId -1: Connectivity between IBKR and Trader Workstation has been lost.
2026-03-04 21:36:17 [INFO] Warning 2103, reqId -1: Market data farm connection is broken:cashfarm
2026-03-04 21:36:17 [INFO] Warning 2103, reqId -1: Market data farm connection is broken:usopt.nj
2026-03-04 21:36:17 [INFO] Warning 2103, reqId -1: Market data farm connection is broken:usfuture
2026-03-04 21:36:17 [INFO] Warning 2103, reqId -1: Market data farm connection is broken:usfarm.nj
2026-03-04 21:36:17 [INFO] Warning 2103, reqId -1: Market data farm connection is broken:usfarm
2026-03-04 21:36:17 [INFO] Warning 2157, reqId -1: Sec-def data farm connection is broken:secdefnj
2026-03-04 21:36:17 [INFO] Warning 2105, reqId -1: HMDS data farm connection is broken:euhmds
2026-03-04 21:36:17 [INFO] Warning 2105, reqId -1: HMDS data farm connection is broken:ushmds
2026-03-04 21:36:17 [INFO] Warning 2105, reqId -1: HMDS data farm connection is broken:fundfarm
2026-03-04 21:36:17 [ERROR] Error 10182, reqId 19: Failed to request live updates (disconnected).
2026-03-04 21:36:17 [WARNING] SUBSCRIPTIONS LOST (Error 10182) — will resubscribe on reconnect
2026-03-04 21:36:17 [WARNING] SUBSCRIPTIONS LOST (Error 10182) — will resubscribe on reconnect
2026-03-04 21:36:17 [WARNING] SUBSCRIPTIONS LOST (Error 10182) — will resubscribe on reconnect
2026-03-04 21:36:17 [WARNING] SUBSCRIPTIONS LOST (Error 10182) — will resubscribe on reconnect
2026-03-04 21:36:17 [ERROR] Error 10182, reqId 21: Failed to request live updates (disconnected).
2026-03-04 21:36:17 [WARNING] SUBSCRIPTIONS LOST (Error 10182) — will resubscribe on reconnect
2026-03-04 21:36:17 [WARNING] SUBSCRIPTIONS LOST (Error 10182) — will resubscribe on reconnect
2026-03-04 21:36:17 [WARNING] SUBSCRIPTIONS LOST (Error 10182) — will resubscribe on reconnect
2026-03-04 21:36:17 [WARNING] SUBSCRIPTIONS LOST (Error 10182) — will resubscribe on reconnect
2026-03-04 21:36:17 [ERROR] Error 10182, reqId 8: Failed to request live updates (disconnected).
2026-03-04 21:36:17 [WARNING] SUBSCRIPTIONS LOST (Error 10182) — will resubscribe on reconnect
2026-03-04 21:36:17 [WARNING] SUBSCRIPTIONS LOST (Error 10182) — will resubscribe on reconnect
2026-03-04 21:36:17 [WARNING] SUBSCRIPTIONS LOST (Error 10182) — will resubscribe on reconnect
2026-03-04 21:36:17 [WARNING] SUBSCRIPTIONS LOST (Error 10182) — will resubscribe on reconnect
2026-03-04 21:36:17 [ERROR] Error 10182, reqId 16: Failed to request live updates (disconnected).
2026-03-04 21:36:17 [WARNING] SUBSCRIPTIONS LOST (Error 10182) — will resubscribe on reconnect
2026-03-04 21:36:17 [WARNING] SUBSCRIPTIONS LOST (Error 10182) — will resubscribe on reconnect
2026-03-04 21:36:17 [WARNING] SUBSCRIPTIONS LOST (Error 10182) — will resubscribe on reconnect
2026-03-04 21:36:17 [WARNING] SUBSCRIPTIONS LOST (Error 10182) — will resubscribe on reconnect
2026-03-04 21:36:17 [ERROR] Error 10182, reqId 10: Failed to request live updates (disconnected).
2026-03-04 21:36:17 [WARNING] SUBSCRIPTIONS LOST (Error 10182) — will resubscribe on reconnect
2026-03-04 21:36:17 [WARNING] SUBSCRIPTIONS LOST (Error 10182) — will resubscribe on reconnect
2026-03-04 21:36:17 [WARNING] SUBSCRIPTIONS LOST (Error 10182) — will resubscribe on reconnect
2026-03-04 21:36:17 [WARNING] SUBSCRIPTIONS LOST (Error 10182) — will resubscribe on reconnect
2026-03-04 21:36:17 [ERROR] Error 10182, reqId 15: Failed to request live updates (disconnected).
2026-03-04 21:36:17 [WARNING] SUBSCRIPTIONS LOST (Error 10182) — will resubscribe on reconnect
2026-03-04 21:36:17 [WARNING] SUBSCRIPTIONS LOST (Error 10182) — will resubscribe on reconnect
2026-03-04 21:36:17 [WARNING] SUBSCRIPTIONS LOST (Error 10182) — will resubscribe on reconnect
2026-03-04 21:36:17 [WARNING] SUBSCRIPTIONS LOST (Error 10182) — will resubscribe on reconnect
2026-03-04 21:36:17 [ERROR] Error 10182, reqId 26: Failed to request live updates (disconnected).
2026-03-04 21:36:17 [WARNING] SUBSCRIPTIONS LOST (Error 10182) — will resubscribe on reconnect
2026-03-04 21:36:17 [WARNING] SUBSCRIPTIONS LOST (Error 10182) — will resubscribe on reconnect
2026-03-04 21:36:17 [WARNING] SUBSCRIPTIONS LOST (Error 10182) — will resubscribe on reconnect
2026-03-04 21:36:17 [WARNING] SUBSCRIPTIONS LOST (Error 10182) — will resubscribe on reconnect
2026-03-04 21:36:17 [ERROR] Error 10182, reqId 6: Failed to request live updates (disconnected).
2026-03-04 21:36:17 [WARNING] SUBSCRIPTIONS LOST (Error 10182) — will resubscribe on reconnect
2026-03-04 21:36:17 [WARNING] SUBSCRIPTIONS LOST (Error 10182) — will resubscribe on reconnect
2026-03-04 21:36:17 [WARNING] SUBSCRIPTIONS LOST (Error 10182) — will resubscribe on reconnect
2026-03-04 21:36:17 [WARNING] SUBSCRIPTIONS LOST (Error 10182) — will resubscribe on reconnect
2026-03-04 21:36:17 [ERROR] Error 10182, reqId 7: Failed to request live updates (disconnected).
2026-03-04 21:36:17 [WARNING] SUBSCRIPTIONS LOST (Error 10182) — will resubscribe on reconnect
2026-03-04 21:36:17 [WARNING] SUBSCRIPTIONS LOST (Error 10182) — will resubscribe on reconnect
2026-03-04 21:36:17 [WARNING] SUBSCRIPTIONS LOST (Error 10182) — will resubscribe on reconnect
2026-03-04 21:36:17 [WARNING] SUBSCRIPTIONS LOST (Error 10182) — will resubscribe on reconnect
2026-03-04 21:36:17 [ERROR] Error 10182, reqId 23: Failed to request live updates (disconnected).
2026-03-04 21:36:17 [WARNING] SUBSCRIPTIONS LOST (Error 10182) — will resubscribe on reconnect
2026-03-04 21:36:17 [WARNING] SUBSCRIPTIONS LOST (Error 10182) — will resubscribe on reconnect
2026-03-04 21:36:17 [WARNING] SUBSCRIPTIONS LOST (Error 10182) — will resubscribe on reconnect
2026-03-04 21:36:17 [WARNING] SUBSCRIPTIONS LOST (Error 10182) — will resubscribe on reconnect
2026-03-04 21:36:17 [ERROR] Error 10182, reqId 9: Failed to request live updates (disconnected).
2026-03-04 21:36:17 [WARNING] SUBSCRIPTIONS LOST (Error 10182) — will resubscribe on reconnect
2026-03-04 21:36:17 [WARNING] SUBSCRIPTIONS LOST (Error 10182) — will resubscribe on reconnect
2026-03-04 21:36:17 [WARNING] SUBSCRIPTIONS LOST (Error 10182) — will resubscribe on reconnect
2026-03-04 21:36:17 [WARNING] SUBSCRIPTIONS LOST (Error 10182) — will resubscribe on reconnect
2026-03-04 21:36:17 [ERROR] Error 10182, reqId 22: Failed to request live updates (disconnected).
2026-03-04 21:36:17 [WARNING] SUBSCRIPTIONS LOST (Error 10182) — will resubscribe on reconnect
2026-03-04 21:36:17 [WARNING] SUBSCRIPTIONS LOST (Error 10182) — will resubscribe on reconnect
2026-03-04 21:36:17 [WARNING] SUBSCRIPTIONS LOST (Error 10182) — will resubscribe on reconnect
2026-03-04 21:36:17 [WARNING] SUBSCRIPTIONS LOST (Error 10182) — will resubscribe on reconnect
2026-03-04 21:36:17 [ERROR] Error 10182, reqId 18: Failed to request live updates (disconnected).
2026-03-04 21:36:17 [WARNING] SUBSCRIPTIONS LOST (Error 10182) — will resubscribe on reconnect
2026-03-04 21:36:17 [WARNING] SUBSCRIPTIONS LOST (Error 10182) — will resubscribe on reconnect
2026-03-04 21:36:17 [WARNING] SUBSCRIPTIONS LOST (Error 10182) — will resubscribe on reconnect
2026-03-04 21:36:17 [WARNING] SUBSCRIPTIONS LOST (Error 10182) — will resubscribe on reconnect
2026-03-04 21:36:17 [ERROR] Error 10182, reqId 11: Failed to request live updates (disconnected).
2026-03-04 21:36:17 [WARNING] SUBSCRIPTIONS LOST (Error 10182) — will resubscribe on reconnect
2026-03-04 21:36:17 [WARNING] SUBSCRIPTIONS LOST (Error 10182) — will resubscribe on reconnect
2026-03-04 21:36:17 [WARNING] SUBSCRIPTIONS LOST (Error 10182) — will resubscribe on reconnect
2026-03-04 21:36:17 [WARNING] SUBSCRIPTIONS LOST (Error 10182) — will resubscribe on reconnect
2026-03-04 21:36:17 [ERROR] Error 10182, reqId 20: Failed to request live updates (disconnected).
2026-03-04 21:36:17 [WARNING] SUBSCRIPTIONS LOST (Error 10182) — will resubscribe on reconnect
2026-03-04 21:36:17 [WARNING] SUBSCRIPTIONS LOST (Error 10182) — will resubscribe on reconnect
2026-03-04 21:36:17 [WARNING] SUBSCRIPTIONS LOST (Error 10182) — will resubscribe on reconnect
2026-03-04 21:36:17 [WARNING] SUBSCRIPTIONS LOST (Error 10182) — will resubscribe on reconnect
2026-03-04 21:36:17 [ERROR] Error 10182, reqId 14: Failed to request live updates (disconnected).
2026-03-04 21:36:17 [WARNING] SUBSCRIPTIONS LOST (Error 10182) — will resubscribe on reconnect
2026-03-04 21:36:17 [WARNING] SUBSCRIPTIONS LOST (Error 10182) — will resubscribe on reconnect
2026-03-04 21:36:17 [WARNING] SUBSCRIPTIONS LOST (Error 10182) — will resubscribe on reconnect
2026-03-04 21:36:17 [WARNING] SUBSCRIPTIONS LOST (Error 10182) — will resubscribe on reconnect
2026-03-04 21:36:17 [ERROR] Error 10182, reqId 17: Failed to request live updates (disconnected).
2026-03-04 21:36:17 [WARNING] SUBSCRIPTIONS LOST (Error 10182) — will resubscribe on reconnect
2026-03-04 21:36:17 [WARNING] SUBSCRIPTIONS LOST (Error 10182) — will resubscribe on reconnect
2026-03-04 21:36:17 [WARNING] SUBSCRIPTIONS LOST (Error 10182) — will resubscribe on reconnect
2026-03-04 21:36:17 [WARNING] SUBSCRIPTIONS LOST (Error 10182) — will resubscribe on reconnect
2026-03-04 21:36:17 [ERROR] Error 10182, reqId 24: Failed to request live updates (disconnected).
2026-03-04 21:36:17 [WARNING] SUBSCRIPTIONS LOST (Error 10182) — will resubscribe on reconnect
2026-03-04 21:36:17 [WARNING] SUBSCRIPTIONS LOST (Error 10182) — will resubscribe on reconnect
2026-03-04 21:36:17 [WARNING] SUBSCRIPTIONS LOST (Error 10182) — will resubscribe on reconnect
2026-03-04 21:36:17 [WARNING] SUBSCRIPTIONS LOST (Error 10182) — will resubscribe on reconnect
2026-03-04 21:36:17 [ERROR] Error 10182, reqId 5: Failed to request live updates (disconnected).
2026-03-04 21:36:17 [WARNING] SUBSCRIPTIONS LOST (Error 10182) — will resubscribe on reconnect
2026-03-04 21:36:17 [WARNING] SUBSCRIPTIONS LOST (Error 10182) — will resubscribe on reconnect
2026-03-04 21:36:17 [WARNING] SUBSCRIPTIONS LOST (Error 10182) — will resubscribe on reconnect
2026-03-04 21:36:17 [WARNING] SUBSCRIPTIONS LOST (Error 10182) — will resubscribe on reconnect
2026-03-04 21:36:17 [ERROR] Error 10182, reqId 28: Failed to request live updates (disconnected).
2026-03-04 21:36:17 [WARNING] SUBSCRIPTIONS LOST (Error 10182) — will resubscribe on reconnect
2026-03-04 21:36:17 [WARNING] SUBSCRIPTIONS LOST (Error 10182) — will resubscribe on reconnect
2026-03-04 21:36:17 [WARNING] SUBSCRIPTIONS LOST (Error 10182) — will resubscribe on reconnect
2026-03-04 21:36:17 [WARNING] SUBSCRIPTIONS LOST (Error 10182) — will resubscribe on reconnect
2026-03-04 21:36:17 [ERROR] Error 10182, reqId 12: Failed to request live updates (disconnected).
2026-03-04 21:36:17 [WARNING] SUBSCRIPTIONS LOST (Error 10182) — will resubscribe on reconnect
2026-03-04 21:36:17 [WARNING] SUBSCRIPTIONS LOST (Error 10182) — will resubscribe on reconnect
2026-03-04 21:36:17 [WARNING] SUBSCRIPTIONS LOST (Error 10182) — will resubscribe on reconnect
2026-03-04 21:36:17 [WARNING] SUBSCRIPTIONS LOST (Error 10182) — will resubscribe on reconnect
2026-03-04 21:36:17 [ERROR] Error 10182, reqId 13: Failed to request live updates (disconnected).
2026-03-04 21:36:17 [WARNING] SUBSCRIPTIONS LOST (Error 10182) — will resubscribe on reconnect
2026-03-04 21:36:17 [WARNING] SUBSCRIPTIONS LOST (Error 10182) — will resubscribe on reconnect
2026-03-04 21:36:17 [WARNING] SUBSCRIPTIONS LOST (Error 10182) — will resubscribe on reconnect
2026-03-04 21:36:17 [WARNING] SUBSCRIPTIONS LOST (Error 10182) — will resubscribe on reconnect
2026-03-04 21:36:17 [ERROR] Error 10182, reqId 25: Failed to request live updates (disconnected).
2026-03-04 21:36:17 [WARNING] SUBSCRIPTIONS LOST (Error 10182) — will resubscribe on reconnect
2026-03-04 21:36:17 [WARNING] SUBSCRIPTIONS LOST (Error 10182) — will resubscribe on reconnect
2026-03-04 21:36:17 [WARNING] SUBSCRIPTIONS LOST (Error 10182) — will resubscribe on reconnect
2026-03-04 21:36:17 [WARNING] SUBSCRIPTIONS LOST (Error 10182) — will resubscribe on reconnect
2026-03-04 21:36:17 [ERROR] Error 10182, reqId 27: Failed to request live updates (disconnected).
2026-03-04 21:36:17 [WARNING] SUBSCRIPTIONS LOST (Error 10182) — will resubscribe on reconnect
2026-03-04 21:36:17 [WARNING] SUBSCRIPTIONS LOST (Error 10182) — will resubscribe on reconnect
2026-03-04 21:36:17 [WARNING] SUBSCRIPTIONS LOST (Error 10182) — will resubscribe on reconnect
2026-03-04 21:36:17 [WARNING] SUBSCRIPTIONS LOST (Error 10182) — will resubscribe on reconnect
2026-03-04 21:39:20 [ERROR] Error 1100, reqId -1: Connectivity between IBKR and Trader Workstation has been lost.
2026-03-04 21:42:21 [ERROR] Error 1100, reqId -1: Connectivity between IBKR and Trader Workstation has been lost.
2026-03-04 21:45:25 [ERROR] Error 1100, reqId -1: Connectivity between IBKR and Trader Workstation has been lost.
2026-03-04 21:48:30 [ERROR] Error 1100, reqId -1: Connectivity between IBKR and Trader Workstation has been lost.
2026-03-04 21:51:35 [ERROR] Error 1100, reqId -1: Connectivity between IBKR and Trader Workstation has been lost.
2026-03-04 21:54:37 [ERROR] Error 1100, reqId -1: Connectivity between IBKR and Trader Workstation has been lost.
2026-03-04 21:57:39 [ERROR] Error 1100, reqId -1: Connectivity between IBKR and Trader Workstation has been lost.
2026-03-04 22:00:43 [ERROR] Error 1100, reqId -1: Connectivity between IBKR and Trader Workstation has been lost.
2026-03-04 22:03:49 [ERROR] Error 1100, reqId -1: Connectivity between IBKR and Trader Workstation has been lost.
2026-03-04 22:06:51 [ERROR] Error 1100, reqId -1: Connectivity between IBKR and Trader Workstation has been lost.
2026-03-04 22:09:55 [ERROR] Error 1100, reqId -1: Connectivity between IBKR and Trader Workstation has been lost.
2026-03-04 22:13:00 [ERROR] Error 1100, reqId -1: Connectivity between IBKR and Trader Workstation has been lost.
2026-03-04 22:16:00 [ERROR] Error 1100, reqId -1: Connectivity between IBKR and Trader Workstation has been lost.
2026-03-04 22:19:02 [ERROR] Error 1100, reqId -1: Connectivity between IBKR and Trader Workstation has been lost.
2026-03-04 22:22:07 [ERROR] Error 1100, reqId -1: Connectivity between IBKR and Trader Workstation has been lost.
2026-03-04 22:25:09 [ERROR] Error 1100, reqId -1: Connectivity between IBKR and Trader Workstation has been lost.
2026-03-04 22:28:14 [ERROR] Error 1100, reqId -1: Connectivity between IBKR and Trader Workstation has been lost.
2026-03-04 22:31:15 [ERROR] Error 1100, reqId -1: Connectivity between IBKR and Trader Workstation has been lost.
2026-03-04 22:31:46 [ERROR] Error 1100, reqId -1: Connectivity between IBKR and Trader Workstation has been lost.
2026-03-04 22:34:51 [ERROR] Error 1100, reqId -1: Connectivity between IBKR and Trader Workstation has been lost.
2026-03-04 22:37:53 [ERROR] Error 1100, reqId -1: Connectivity between IBKR and Trader Workstation has been lost.
2026-03-04 22:40:53 [ERROR] Error 1100, reqId -1: Connectivity between IBKR and Trader Workstation has been lost.
2026-03-04 22:43:55 [ERROR] Error 1100, reqId -1: Connectivity between IBKR and Trader Workstation has been lost.
2026-03-04 22:46:56 [ERROR] Error 1100, reqId -1: Connectivity between IBKR and Trader Workstation has been lost.
2026-03-04 22:50:00 [ERROR] Error 1100, reqId -1: Connectivity between IBKR and Trader Workstation has been lost.
2026-03-04 22:53:01 [ERROR] Error 1100, reqId -1: Connectivity between IBKR and Trader Workstation has been lost.
2026-03-04 22:56:06 [ERROR] Error 1100, reqId -1: Connectivity between IBKR and Trader Workstation has been lost.
2026-03-04 22:59:11 [ERROR] Error 1100, reqId -1: Connectivity between IBKR and Trader Workstation has been lost.
2026-03-04 23:02:16 [ERROR] Error 1100, reqId -1: Connectivity between IBKR and Trader Workstation has been lost.
2026-03-04 23:05:22 [ERROR] Error 1100, reqId -1: Connectivity between IBKR and Trader Workstation has been lost.
2026-03-04 23:08:22 [ERROR] Error 1100, reqId -1: Connectivity between IBKR and Trader Workstation has been lost.
2026-03-04 23:11:24 [ERROR] Error 1100, reqId -1: Connectivity between IBKR and Trader Workstation has been lost.
2026-03-04 23:14:28 [ERROR] Error 1100, reqId -1: Connectivity between IBKR and Trader Workstation has been lost.
2026-03-04 23:17:31 [ERROR] Error 1100, reqId -1: Connectivity between IBKR and Trader Workstation has been lost.
2026-03-04 23:20:33 [ERROR] Error 1100, reqId -1: Connectivity between IBKR and Trader Workstation has been lost.
2026-03-04 23:20:54 [ERROR] Peer closed connection.
2026-03-04 23:20:54 [ERROR] Connection lost: Socket disconnect — attempting reconnect...
2026-03-04 23:20:54 [INFO] Reconnect attempt 1/50 (waiting 5s)...
2026-03-04 23:20:59 [INFO] Attempting IBKR connection on 127.0.0.1:7497 (clientId=10) ...
2026-03-04 23:20:59 [INFO] Connecting to 127.0.0.1:7497 with clientId 10...
2026-03-04 23:21:01 [INFO] Disconnecting
2026-03-04 23:21:01 [ERROR] API connection failed: ConnectionRefusedError(22, 'The remote computer refused the network connection', None, 1225, None)
2026-03-04 23:21:01 [ERROR] Make sure API port on TWS/IBG is open
2026-03-04 23:21:01 [WARNING] Connection failed on port 7497: [WinError 1225] The remote computer refused the network connection
2026-03-04 23:21:01 [WARNING] Reconnect attempt 1 failed: Could not connect to IBKR on any port [7497]: [WinError 1225] The remote computer refused the network connection
2026-03-04 23:21:01 [INFO] Reconnect attempt 2/50 (waiting 10s)...
2026-03-04 23:21:11 [INFO] Attempting IBKR connection on 127.0.0.1:7497 (clientId=10) ...
2026-03-04 23:21:11 [INFO] Connecting to 127.0.0.1:7497 with clientId 10...
2026-03-04 23:21:13 [INFO] Disconnecting
2026-03-04 23:21:13 [ERROR] API connection failed: ConnectionRefusedError(22, 'The remote computer refused the network connection', None, 1225, None)
2026-03-04 23:21:13 [ERROR] Make sure API port on TWS/IBG is open
2026-03-04 23:21:13 [WARNING] Connection failed on port 7497: [WinError 1225] The remote computer refused the network connection
2026-03-04 23:21:13 [WARNING] Reconnect attempt 2 failed: Could not connect to IBKR on any port [7497]: [WinError 1225] The remote computer refused the network connection
2026-03-04 23:21:13 [INFO] Reconnect attempt 3/50 (waiting 20s)...
2026-03-04 23:21:33 [INFO] Attempting IBKR connection on 127.0.0.1:7497 (clientId=10) ...
2026-03-04 23:21:33 [INFO] Connecting to 127.0.0.1:7497 with clientId 10...
2026-03-04 23:21:35 [INFO] Disconnecting
2026-03-04 23:21:35 [ERROR] API connection failed: ConnectionRefusedError(22, 'The remote computer refused the network connection', None, 1225, None)
2026-03-04 23:21:35 [ERROR] Make sure API port on TWS/IBG is open
2026-03-04 23:21:35 [WARNING] Connection failed on port 7497: [WinError 1225] The remote computer refused the network connection
2026-03-04 23:21:35 [WARNING] Reconnect attempt 3 failed: Could not connect to IBKR on any port [7497]: [WinError 1225] The remote computer refused the network connection
2026-03-04 23:21:35 [INFO] Reconnect attempt 4/50 (waiting 40s)...
2026-03-04 23:22:15 [INFO] Attempting IBKR connection on 127.0.0.1:7497 (clientId=10) ...
2026-03-04 23:22:15 [INFO] Connecting to 127.0.0.1:7497 with clientId 10...
2026-03-04 23:22:17 [INFO] Disconnecting
2026-03-04 23:22:17 [ERROR] API connection failed: ConnectionRefusedError(22, 'The remote computer refused the network connection', None, 1225, None)
2026-03-04 23:22:17 [ERROR] Make sure API port on TWS/IBG is open
2026-03-04 23:22:17 [WARNING] Connection failed on port 7497: [WinError 1225] The remote computer refused the network connection
2026-03-04 23:22:17 [WARNING] Reconnect attempt 4 failed: Could not connect to IBKR on any port [7497]: [WinError 1225] The remote computer refused the network connection
2026-03-04 23:22:17 [INFO] Reconnect attempt 5/50 (waiting 80s)...
2026-03-04 23:23:37 [INFO] Attempting IBKR connection on 127.0.0.1:7497 (clientId=10) ...
2026-03-04 23:23:37 [INFO] Connecting to 127.0.0.1:7497 with clientId 10...
2026-03-04 23:23:39 [INFO] Disconnecting
2026-03-04 23:23:39 [ERROR] API connection failed: ConnectionRefusedError(22, 'The remote computer refused the network connection', None, 1225, None)
2026-03-04 23:23:39 [ERROR] Make sure API port on TWS/IBG is open
2026-03-04 23:23:39 [WARNING] Connection failed on port 7497: [WinError 1225] The remote computer refused the network connection
2026-03-04 23:23:39 [WARNING] Reconnect attempt 5 failed: Could not connect to IBKR on any port [7497]: [WinError 1225] The remote computer refused the network connection
2026-03-04 23:23:39 [INFO] Reconnect attempt 6/50 (waiting 160s)...
2026-03-04 23:26:19 [INFO] Attempting IBKR connection on 127.0.0.1:7497 (clientId=10) ...
2026-03-04 23:26:19 [INFO] Connecting to 127.0.0.1:7497 with clientId 10...
2026-03-04 23:26:21 [INFO] Disconnecting
2026-03-04 23:26:21 [ERROR] API connection failed: ConnectionRefusedError(22, 'The remote computer refused the network connection', None, 1225, None)
2026-03-04 23:26:21 [ERROR] Make sure API port on TWS/IBG is open
2026-03-04 23:26:21 [WARNING] Connection failed on port 7497: [WinError 1225] The remote computer refused the network connection
2026-03-04 23:26:21 [WARNING] Reconnect attempt 6 failed: Could not connect to IBKR on any port [7497]: [WinError 1225] The remote computer refused the network connection
2026-03-04 23:26:21 [INFO] Reconnect attempt 7/50 (waiting 300s)...
2026-03-04 23:31:21 [INFO] Attempting IBKR connection on 127.0.0.1:7497 (clientId=10) ...
2026-03-04 23:31:21 [INFO] Connecting to 127.0.0.1:7497 with clientId 10...
2026-03-04 23:31:23 [INFO] Disconnecting
2026-03-04 23:31:23 [ERROR] API connection failed: ConnectionRefusedError(22, 'The remote computer refused the network connection', None, 1225, None)
2026-03-04 23:31:23 [ERROR] Make sure API port on TWS/IBG is open
2026-03-04 23:31:23 [WARNING] Connection failed on port 7497: [WinError 1225] The remote computer refused the network connection
2026-03-04 23:31:23 [WARNING] Reconnect attempt 7 failed: Could not connect to IBKR on any port [7497]: [WinError 1225] The remote computer refused the network connection
2026-03-04 23:31:23 [INFO] Reconnect attempt 8/50 (waiting 300s)...
2026-03-04 23:36:23 [INFO] Attempting IBKR connection on 127.0.0.1:7497 (clientId=10) ...
2026-03-04 23:36:23 [INFO] Connecting to 127.0.0.1:7497 with clientId 10...
2026-03-04 23:36:25 [INFO] Disconnecting
2026-03-04 23:36:25 [ERROR] API connection failed: ConnectionRefusedError(22, 'The remote computer refused the network connection', None, 1225, None)
2026-03-04 23:36:25 [ERROR] Make sure API port on TWS/IBG is open
2026-03-04 23:36:25 [WARNING] Connection failed on port 7497: [WinError 1225] The remote computer refused the network connection
2026-03-04 23:36:25 [WARNING] Reconnect attempt 8 failed: Could not connect to IBKR on any port [7497]: [WinError 1225] The remote computer refused the network connection
2026-03-04 23:36:25 [INFO] Reconnect attempt 9/50 (waiting 300s)...
2026-03-04 23:41:25 [INFO] Attempting IBKR connection on 127.0.0.1:7497 (clientId=10) ...
2026-03-04 23:41:25 [INFO] Connecting to 127.0.0.1:7497 with clientId 10...
2026-03-04 23:41:27 [INFO] Disconnecting
2026-03-04 23:41:27 [ERROR] API connection failed: ConnectionRefusedError(22, 'The remote computer refused the network connection', None, 1225, None)
2026-03-04 23:41:27 [ERROR] Make sure API port on TWS/IBG is open
2026-03-04 23:41:27 [WARNING] Connection failed on port 7497: [WinError 1225] The remote computer refused the network connection
2026-03-04 23:41:27 [WARNING] Reconnect attempt 9 failed: Could not connect to IBKR on any port [7497]: [WinError 1225] The remote computer refused the network connection
2026-03-04 23:41:27 [INFO] Reconnect attempt 10/50 (waiting 300s)...
2026-03-04 23:46:27 [INFO] Attempting IBKR connection on 127.0.0.1:7497 (clientId=10) ...
2026-03-04 23:46:27 [INFO] Connecting to 127.0.0.1:7497 with clientId 10...
2026-03-04 23:46:29 [INFO] Disconnecting
2026-03-04 23:46:29 [ERROR] API connection failed: ConnectionRefusedError(22, 'The remote computer refused the network connection', None, 1225, None)
2026-03-04 23:46:29 [ERROR] Make sure API port on TWS/IBG is open
2026-03-04 23:46:29 [WARNING] Connection failed on port 7497: [WinError 1225] The remote computer refused the network connection
2026-03-04 23:46:29 [WARNING] Reconnect attempt 10 failed: Could not connect to IBKR on any port [7497]: [WinError 1225] The remote computer refused the network connection
2026-03-04 23:46:29 [INFO] Reconnect attempt 11/50 (waiting 300s)...
2026-03-04 23:51:29 [INFO] Attempting IBKR connection on 127.0.0.1:7497 (clientId=10) ...
2026-03-04 23:51:29 [INFO] Connecting to 127.0.0.1:7497 with clientId 10...
2026-03-04 23:51:31 [INFO] Disconnecting
2026-03-04 23:51:31 [ERROR] API connection failed: ConnectionRefusedError(22, 'The remote computer refused the network connection', None, 1225, None)
2026-03-04 23:51:31 [ERROR] Make sure API port on TWS/IBG is open
2026-03-04 23:51:31 [WARNING] Connection failed on port 7497: [WinError 1225] The remote computer refused the network connection
2026-03-04 23:51:31 [WARNING] Reconnect attempt 11 failed: Could not connect to IBKR on any port [7497]: [WinError 1225] The remote computer refused the network connection
2026-03-04 23:51:31 [INFO] Reconnect attempt 12/50 (waiting 300s)...
2026-03-04 23:56:31 [INFO] Attempting IBKR connection on 127.0.0.1:7497 (clientId=10) ...
2026-03-04 23:56:31 [INFO] Connecting to 127.0.0.1:7497 with clientId 10...
2026-03-04 23:56:33 [INFO] Disconnecting
2026-03-04 23:56:33 [ERROR] API connection failed: ConnectionRefusedError(22, 'The remote computer refused the network connection', None, 1225, None)
2026-03-04 23:56:33 [ERROR] Make sure API port on TWS/IBG is open
2026-03-04 23:56:33 [WARNING] Connection failed on port 7497: [WinError 1225] The remote computer refused the network connection
2026-03-04 23:56:33 [WARNING] Reconnect attempt 12 failed: Could not connect to IBKR on any port [7497]: [WinError 1225] The remote computer refused the network connection
2026-03-04 23:56:33 [INFO] Reconnect attempt 13/50 (waiting 300s)...
2026-03-05 00:01:33 [INFO] Attempting IBKR connection on 127.0.0.1:7497 (clientId=10) ...
2026-03-05 00:01:33 [INFO] Connecting to 127.0.0.1:7497 with clientId 10...
2026-03-05 00:01:35 [INFO] Disconnecting
2026-03-05 00:01:35 [ERROR] API connection failed: ConnectionRefusedError(22, 'The remote computer refused the network connection', None, 1225, None)
2026-03-05 00:01:35 [ERROR] Make sure API port on TWS/IBG is open
2026-03-05 00:01:35 [WARNING] Connection failed on port 7497: [WinError 1225] The remote computer refused the network connection
2026-03-05 00:01:35 [WARNING] Reconnect attempt 13 failed: Could not connect to IBKR on any port [7497]: [WinError 1225] The remote computer refused the network connection
2026-03-05 00:01:35 [INFO] Reconnect attempt 14/50 (waiting 300s)...
2026-03-05 00:06:35 [INFO] Attempting IBKR connection on 127.0.0.1:7497 (clientId=10) ...
2026-03-05 00:06:35 [INFO] Connecting to 127.0.0.1:7497 with clientId 10...
2026-03-05 00:06:37 [INFO] Disconnecting
2026-03-05 00:06:37 [ERROR] API connection failed: ConnectionRefusedError(22, 'The remote computer refused the network connection', None, 1225, None)
2026-03-05 00:06:37 [ERROR] Make sure API port on TWS/IBG is open
2026-03-05 00:06:37 [WARNING] Connection failed on port 7497: [WinError 1225] The remote computer refused the network connection
2026-03-05 00:06:37 [WARNING] Reconnect attempt 14 failed: Could not connect to IBKR on any port [7497]: [WinError 1225] The remote computer refused the network connection
2026-03-05 00:06:37 [INFO] Reconnect attempt 15/50 (waiting 300s)...
2026-03-05 00:11:37 [INFO] Attempting IBKR connection on 127.0.0.1:7497 (clientId=10) ...
2026-03-05 00:11:37 [INFO] Connecting to 127.0.0.1:7497 with clientId 10...
2026-03-05 00:11:39 [INFO] Disconnecting
2026-03-05 00:11:39 [ERROR] API connection failed: ConnectionRefusedError(22, 'The remote computer refused the network connection', None, 1225, None)
2026-03-05 00:11:39 [ERROR] Make sure API port on TWS/IBG is open
2026-03-05 00:11:39 [WARNING] Connection failed on port 7497: [WinError 1225] The remote computer refused the network connection
2026-03-05 00:11:39 [WARNING] Reconnect attempt 15 failed: Could not connect to IBKR on any port [7497]: [WinError 1225] The remote computer refused the network connection
2026-03-05 00:11:39 [INFO] Reconnect attempt 16/50 (waiting 300s)...
2026-03-05 00:16:39 [INFO] Attempting IBKR connection on 127.0.0.1:7497 (clientId=10) ...
2026-03-05 00:16:39 [INFO] Connecting to 127.0.0.1:7497 with clientId 10...
2026-03-05 00:16:41 [INFO] Disconnecting
2026-03-05 00:16:41 [ERROR] API connection failed: ConnectionRefusedError(22, 'The remote computer refused the network connection', None, 1225, None)
2026-03-05 00:16:41 [ERROR] Make sure API port on TWS/IBG is open
2026-03-05 00:16:41 [WARNING] Connection failed on port 7497: [WinError 1225] The remote computer refused the network connection
2026-03-05 00:16:41 [WARNING] Reconnect attempt 16 failed: Could not connect to IBKR on any port [7497]: [WinError 1225] The remote computer refused the network connection
2026-03-05 00:16:41 [INFO] Reconnect attempt 17/50 (waiting 300s)...
2026-03-05 00:21:41 [INFO] Attempting IBKR connection on 127.0.0.1:7497 (clientId=10) ...
2026-03-05 00:21:41 [INFO] Connecting to 127.0.0.1:7497 with clientId 10...
2026-03-05 00:21:43 [INFO] Disconnecting
2026-03-05 00:21:43 [ERROR] API connection failed: ConnectionRefusedError(22, 'The remote computer refused the network connection', None, 1225, None)
2026-03-05 00:21:43 [ERROR] Make sure API port on TWS/IBG is open
2026-03-05 00:21:43 [WARNING] Connection failed on port 7497: [WinError 1225] The remote computer refused the network connection
2026-03-05 00:21:43 [WARNING] Reconnect attempt 17 failed: Could not connect to IBKR on any port [7497]: [WinError 1225] The remote computer refused the network connection
2026-03-05 00:21:43 [INFO] Reconnect attempt 18/50 (waiting 300s)...
2026-03-05 00:26:43 [INFO] Attempting IBKR connection on 127.0.0.1:7497 (clientId=10) ...
2026-03-05 00:26:43 [INFO] Connecting to 127.0.0.1:7497 with clientId 10...
2026-03-05 00:26:45 [INFO] Disconnecting
2026-03-05 00:26:45 [ERROR] API connection failed: ConnectionRefusedError(22, 'The remote computer refused the network connection', None, 1225, None)
2026-03-05 00:26:45 [ERROR] Make sure API port on TWS/IBG is open
2026-03-05 00:26:45 [WARNING] Connection failed on port 7497: [WinError 1225] The remote computer refused the network connection
2026-03-05 00:26:45 [WARNING] Reconnect attempt 18 failed: Could not connect to IBKR on any port [7497]: [WinError 1225] The remote computer refused the network connection
2026-03-05 00:26:45 [INFO] Reconnect attempt 19/50 (waiting 300s)...
2026-03-05 00:31:45 [INFO] Attempting IBKR connection on 127.0.0.1:7497 (clientId=10) ...
2026-03-05 00:31:45 [INFO] Connecting to 127.0.0.1:7497 with clientId 10...
2026-03-05 00:31:48 [INFO] Disconnecting
2026-03-05 00:31:48 [ERROR] API connection failed: ConnectionRefusedError(22, 'The remote computer refused the network connection', None, 1225, None)
2026-03-05 00:31:48 [ERROR] Make sure API port on TWS/IBG is open
2026-03-05 00:31:48 [WARNING] Connection failed on port 7497: [WinError 1225] The remote computer refused the network connection
2026-03-05 00:31:48 [WARNING] Reconnect attempt 19 failed: Could not connect to IBKR on any port [7497]: [WinError 1225] The remote computer refused the network connection
2026-03-05 00:31:48 [INFO] Reconnect attempt 20/50 (waiting 300s)...
2026-03-05 00:36:48 [INFO] Attempting IBKR connection on 127.0.0.1:7497 (clientId=10) ...
2026-03-05 00:36:48 [INFO] Connecting to 127.0.0.1:7497 with clientId 10...
2026-03-05 00:36:50 [INFO] Disconnecting
2026-03-05 00:36:50 [ERROR] API connection failed: ConnectionRefusedError(22, 'The remote computer refused the network connection', None, 1225, None)
2026-03-05 00:36:50 [ERROR] Make sure API port on TWS/IBG is open
2026-03-05 00:36:50 [WARNING] Connection failed on port 7497: [WinError 1225] The remote computer refused the network connection
2026-03-05 00:36:50 [WARNING] Reconnect attempt 20 failed: Could not connect to IBKR on any port [7497]: [WinError 1225] The remote computer refused the network connection
2026-03-05 00:36:50 [INFO] Reconnect attempt 21/50 (waiting 300s)...
2026-03-05 00:41:50 [INFO] Attempting IBKR connection on 127.0.0.1:7497 (clientId=10) ...
2026-03-05 00:41:50 [INFO] Connecting to 127.0.0.1:7497 with clientId 10...
2026-03-05 00:41:52 [INFO] Disconnecting
2026-03-05 00:41:52 [ERROR] API connection failed: ConnectionRefusedError(22, 'The remote computer refused the network connection', None, 1225, None)
2026-03-05 00:41:52 [ERROR] Make sure API port on TWS/IBG is open
2026-03-05 00:41:52 [WARNING] Connection failed on port 7497: [WinError 1225] The remote computer refused the network connection
2026-03-05 00:41:52 [WARNING] Reconnect attempt 21 failed: Could not connect to IBKR on any port [7497]: [WinError 1225] The remote computer refused the network connection
2026-03-05 00:41:52 [INFO] Reconnect attempt 22/50 (waiting 300s)...
2026-03-05 00:46:52 [INFO] Attempting IBKR connection on 127.0.0.1:7497 (clientId=10) ...
2026-03-05 00:46:52 [INFO] Connecting to 127.0.0.1:7497 with clientId 10...
2026-03-05 00:46:54 [INFO] Disconnecting
2026-03-05 00:46:54 [ERROR] API connection failed: ConnectionRefusedError(22, 'The remote computer refused the network connection', None, 1225, None)
2026-03-05 00:46:54 [ERROR] Make sure API port on TWS/IBG is open
2026-03-05 00:46:54 [WARNING] Connection failed on port 7497: [WinError 1225] The remote computer refused the network connection
2026-03-05 00:46:54 [WARNING] Reconnect attempt 22 failed: Could not connect to IBKR on any port [7497]: [WinError 1225] The remote computer refused the network connection
2026-03-05 00:46:54 [INFO] Reconnect attempt 23/50 (waiting 300s)...
2026-03-05 00:51:54 [INFO] Attempting IBKR connection on 127.0.0.1:7497 (clientId=10) ...
2026-03-05 00:51:54 [INFO] Connecting to 127.0.0.1:7497 with clientId 10...
2026-03-05 00:51:56 [INFO] Disconnecting
2026-03-05 00:51:56 [ERROR] API connection failed: ConnectionRefusedError(22, 'The remote computer refused the network connection', None, 1225, None)
2026-03-05 00:51:56 [ERROR] Make sure API port on TWS/IBG is open
2026-03-05 00:51:56 [WARNING] Connection failed on port 7497: [WinError 1225] The remote computer refused the network connection
2026-03-05 00:51:56 [WARNING] Reconnect attempt 23 failed: Could not connect to IBKR on any port [7497]: [WinError 1225] The remote computer refused the network connection
2026-03-05 00:51:56 [INFO] Reconnect attempt 24/50 (waiting 300s)...
2026-03-05 00:56:56 [INFO] Attempting IBKR connection on 127.0.0.1:7497 (clientId=10) ...
2026-03-05 00:56:56 [INFO] Connecting to 127.0.0.1:7497 with clientId 10...
2026-03-05 00:56:58 [INFO] Disconnecting
2026-03-05 00:56:58 [ERROR] API connection failed: ConnectionRefusedError(22, 'The remote computer refused the network connection', None, 1225, None)
2026-03-05 00:56:58 [ERROR] Make sure API port on TWS/IBG is open
2026-03-05 00:56:58 [WARNING] Connection failed on port 7497: [WinError 1225] The remote computer refused the network connection
2026-03-05 00:56:58 [WARNING] Reconnect attempt 24 failed: Could not connect to IBKR on any port [7497]: [WinError 1225] The remote computer refused the network connection
2026-03-05 00:56:58 [INFO] Reconnect attempt 25/50 (waiting 300s)...
2026-03-05 01:01:58 [INFO] Attempting IBKR connection on 127.0.0.1:7497 (clientId=10) ...
2026-03-05 01:01:58 [INFO] Connecting to 127.0.0.1:7497 with clientId 10...
2026-03-05 01:02:00 [INFO] Disconnecting
2026-03-05 01:02:00 [ERROR] API connection failed: ConnectionRefusedError(22, 'The remote computer refused the network connection', None, 1225, None)
2026-03-05 01:02:00 [ERROR] Make sure API port on TWS/IBG is open
2026-03-05 01:02:00 [WARNING] Connection failed on port 7497: [WinError 1225] The remote computer refused the network connection
2026-03-05 01:02:00 [WARNING] Reconnect attempt 25 failed: Could not connect to IBKR on any port [7497]: [WinError 1225] The remote computer refused the network connection
2026-03-05 01:02:00 [INFO] Reconnect attempt 26/50 (waiting 300s)...
2026-03-05 01:07:00 [INFO] Attempting IBKR connection on 127.0.0.1:7497 (clientId=10) ...
2026-03-05 01:07:00 [INFO] Connecting to 127.0.0.1:7497 with clientId 10...
2026-03-05 01:07:02 [INFO] Disconnecting
2026-03-05 01:07:02 [ERROR] API connection failed: ConnectionRefusedError(22, 'The remote computer refused the network connection', None, 1225, None)
2026-03-05 01:07:02 [ERROR] Make sure API port on TWS/IBG is open
2026-03-05 01:07:02 [WARNING] Connection failed on port 7497: [WinError 1225] The remote computer refused the network connection
2026-03-05 01:07:02 [WARNING] Reconnect attempt 26 failed: Could not connect to IBKR on any port [7497]: [WinError 1225] The remote computer refused the network connection
2026-03-05 01:07:02 [INFO] Reconnect attempt 27/50 (waiting 300s)...
2026-03-05 01:12:02 [INFO] Attempting IBKR connection on 127.0.0.1:7497 (clientId=10) ...
2026-03-05 01:12:02 [INFO] Connecting to 127.0.0.1:7497 with clientId 10...
2026-03-05 01:12:04 [INFO] Disconnecting
2026-03-05 01:12:04 [ERROR] API connection failed: ConnectionRefusedError(22, 'The remote computer refused the network connection', None, 1225, None)
2026-03-05 01:12:04 [ERROR] Make sure API port on TWS/IBG is open
2026-03-05 01:12:04 [WARNING] Connection failed on port 7497: [WinError 1225] The remote computer refused the network connection
2026-03-05 01:12:04 [WARNING] Reconnect attempt 27 failed: Could not connect to IBKR on any port [7497]: [WinError 1225] The remote computer refused the network connection
2026-03-05 01:12:04 [INFO] Reconnect attempt 28/50 (waiting 300s)...
2026-03-05 01:17:04 [INFO] Attempting IBKR connection on 127.0.0.1:7497 (clientId=10) ...
2026-03-05 01:17:04 [INFO] Connecting to 127.0.0.1:7497 with clientId 10...
2026-03-05 01:17:06 [INFO] Disconnecting
2026-03-05 01:17:06 [ERROR] API connection failed: ConnectionRefusedError(22, 'The remote computer refused the network connection', None, 1225, None)
2026-03-05 01:17:06 [ERROR] Make sure API port on TWS/IBG is open
2026-03-05 01:17:06 [WARNING] Connection failed on port 7497: [WinError 1225] The remote computer refused the network connection
2026-03-05 01:17:06 [WARNING] Reconnect attempt 28 failed: Could not connect to IBKR on any port [7497]: [WinError 1225] The remote computer refused the network connection
2026-03-05 01:17:06 [INFO] Reconnect attempt 29/50 (waiting 300s)...
2026-03-05 01:22:06 [INFO] Attempting IBKR connection on 127.0.0.1:7497 (clientId=10) ...
2026-03-05 01:22:06 [INFO] Connecting to 127.0.0.1:7497 with clientId 10...
2026-03-05 01:22:08 [INFO] Disconnecting
2026-03-05 01:22:08 [ERROR] API connection failed: ConnectionRefusedError(22, 'The remote computer refused the network connection', None, 1225, None)
2026-03-05 01:22:08 [ERROR] Make sure API port on TWS/IBG is open
2026-03-05 01:22:08 [WARNING] Connection failed on port 7497: [WinError 1225] The remote computer refused the network connection
2026-03-05 01:22:08 [WARNING] Reconnect attempt 29 failed: Could not connect to IBKR on any port [7497]: [WinError 1225] The remote computer refused the network connection
2026-03-05 01:22:08 [INFO] Reconnect attempt 30/50 (waiting 300s)...
2026-03-05 01:27:08 [INFO] Attempting IBKR connection on 127.0.0.1:7497 (clientId=10) ...
2026-03-05 01:27:08 [INFO] Connecting to 127.0.0.1:7497 with clientId 10...
2026-03-05 01:27:10 [INFO] Disconnecting
2026-03-05 01:27:10 [ERROR] API connection failed: ConnectionRefusedError(22, 'The remote computer refused the network connection', None, 1225, None)
2026-03-05 01:27:10 [ERROR] Make sure API port on TWS/IBG is open
2026-03-05 01:27:10 [WARNING] Connection failed on port 7497: [WinError 1225] The remote computer refused the network connection
2026-03-05 01:27:10 [WARNING] Reconnect attempt 30 failed: Could not connect to IBKR on any port [7497]: [WinError 1225] The remote computer refused the network connection
2026-03-05 01:27:10 [INFO] Reconnect attempt 31/50 (waiting 300s)...
2026-03-05 01:32:10 [INFO] Attempting IBKR connection on 127.0.0.1:7497 (clientId=10) ...
2026-03-05 01:32:10 [INFO] Connecting to 127.0.0.1:7497 with clientId 10...
2026-03-05 01:32:12 [INFO] Disconnecting
2026-03-05 01:32:12 [ERROR] API connection failed: ConnectionRefusedError(22, 'The remote computer refused the network connection', None, 1225, None)
2026-03-05 01:32:12 [ERROR] Make sure API port on TWS/IBG is open
2026-03-05 01:32:12 [WARNING] Connection failed on port 7497: [WinError 1225] The remote computer refused the network connection
2026-03-05 01:32:12 [WARNING] Reconnect attempt 31 failed: Could not connect to IBKR on any port [7497]: [WinError 1225] The remote computer refused the network connection
2026-03-05 01:32:12 [INFO] Reconnect attempt 32/50 (waiting 300s)...
2026-03-05 01:37:12 [INFO] Attempting IBKR connection on 127.0.0.1:7497 (clientId=10) ...
2026-03-05 01:37:12 [INFO] Connecting to 127.0.0.1:7497 with clientId 10...
2026-03-05 01:37:14 [INFO] Disconnecting
2026-03-05 01:37:14 [ERROR] API connection failed: ConnectionRefusedError(22, 'The remote computer refused the network connection', None, 1225, None)
2026-03-05 01:37:14 [ERROR] Make sure API port on TWS/IBG is open
2026-03-05 01:37:14 [WARNING] Connection failed on port 7497: [WinError 1225] The remote computer refused the network connection
2026-03-05 01:37:14 [WARNING] Reconnect attempt 32 failed: Could not connect to IBKR on any port [7497]: [WinError 1225] The remote computer refused the network connection
2026-03-05 01:37:14 [INFO] Reconnect attempt 33/50 (waiting 300s)...
2026-03-05 01:42:14 [INFO] Attempting IBKR connection on 127.0.0.1:7497 (clientId=10) ...
2026-03-05 01:42:14 [INFO] Connecting to 127.0.0.1:7497 with clientId 10...
2026-03-05 01:42:16 [INFO] Disconnecting
2026-03-05 01:42:16 [ERROR] API connection failed: ConnectionRefusedError(22, 'The remote computer refused the network connection', None, 1225, None)
2026-03-05 01:42:16 [ERROR] Make sure API port on TWS/IBG is open
2026-03-05 01:42:16 [WARNING] Connection failed on port 7497: [WinError 1225] The remote computer refused the network connection
2026-03-05 01:42:16 [WARNING] Reconnect attempt 33 failed: Could not connect to IBKR on any port [7497]: [WinError 1225] The remote computer refused the network connection
2026-03-05 01:42:16 [INFO] Reconnect attempt 34/50 (waiting 300s)...
2026-03-05 01:47:16 [INFO] Attempting IBKR connection on 127.0.0.1:7497 (clientId=10) ...
2026-03-05 01:47:16 [INFO] Connecting to 127.0.0.1:7497 with clientId 10...
2026-03-05 01:47:18 [INFO] Disconnecting
2026-03-05 01:47:18 [ERROR] API connection failed: ConnectionRefusedError(22, 'The remote computer refused the network connection', None, 1225, None)
2026-03-05 01:47:18 [ERROR] Make sure API port on TWS/IBG is open
2026-03-05 01:47:18 [WARNING] Connection failed on port 7497: [WinError 1225] The remote computer refused the network connection
2026-03-05 01:47:18 [WARNING] Reconnect attempt 34 failed: Could not connect to IBKR on any port [7497]: [WinError 1225] The remote computer refused the network connection
2026-03-05 01:47:18 [INFO] Reconnect attempt 35/50 (waiting 300s)...
2026-03-05 01:52:18 [INFO] Attempting IBKR connection on 127.0.0.1:7497 (clientId=10) ...
2026-03-05 01:52:18 [INFO] Connecting to 127.0.0.1:7497 with clientId 10...
2026-03-05 01:52:20 [INFO] Disconnecting
2026-03-05 01:52:20 [ERROR] API connection failed: ConnectionRefusedError(22, 'The remote computer refused the network connection', None, 1225, None)
2026-03-05 01:52:20 [ERROR] Make sure API port on TWS/IBG is open
2026-03-05 01:52:20 [WARNING] Connection failed on port 7497: [WinError 1225] The remote computer refused the network connection
2026-03-05 01:52:20 [WARNING] Reconnect attempt 35 failed: Could not connect to IBKR on any port [7497]: [WinError 1225] The remote computer refused the network connection
2026-03-05 01:52:20 [INFO] Reconnect attempt 36/50 (waiting 300s)...
2026-03-05 01:57:20 [INFO] Attempting IBKR connection on 127.0.0.1:7497 (clientId=10) ...
2026-03-05 01:57:20 [INFO] Connecting to 127.0.0.1:7497 with clientId 10...
2026-03-05 01:57:22 [INFO] Disconnecting
2026-03-05 01:57:22 [ERROR] API connection failed: ConnectionRefusedError(22, 'The remote computer refused the network connection', None, 1225, None)
2026-03-05 01:57:22 [ERROR] Make sure API port on TWS/IBG is open
2026-03-05 01:57:22 [WARNING] Connection failed on port 7497: [WinError 1225] The remote computer refused the network connection
2026-03-05 01:57:22 [WARNING] Reconnect attempt 36 failed: Could not connect to IBKR on any port [7497]: [WinError 1225] The remote computer refused the network connection
2026-03-05 01:57:22 [INFO] Reconnect attempt 37/50 (waiting 300s)...
2026-03-05 02:02:22 [INFO] Attempting IBKR connection on 127.0.0.1:7497 (clientId=10) ...
2026-03-05 02:02:22 [INFO] Connecting to 127.0.0.1:7497 with clientId 10...
2026-03-05 02:02:25 [INFO] Disconnecting
2026-03-05 02:02:25 [ERROR] API connection failed: ConnectionRefusedError(22, 'The remote computer refused the network connection', None, 1225, None)
2026-03-05 02:02:25 [ERROR] Make sure API port on TWS/IBG is open
2026-03-05 02:02:25 [WARNING] Connection failed on port 7497: [WinError 1225] The remote computer refused the network connection
2026-03-05 02:02:25 [WARNING] Reconnect attempt 37 failed: Could not connect to IBKR on any port [7497]: [WinError 1225] The remote computer refused the network connection
2026-03-05 02:02:25 [INFO] Reconnect attempt 38/50 (waiting 300s)...
2026-03-05 02:07:25 [INFO] Attempting IBKR connection on 127.0.0.1:7497 (clientId=10) ...
2026-03-05 02:07:25 [INFO] Connecting to 127.0.0.1:7497 with clientId 10...
2026-03-05 02:07:27 [INFO] Disconnecting
2026-03-05 02:07:27 [ERROR] API connection failed: ConnectionRefusedError(22, 'The remote computer refused the network connection', None, 1225, None)
2026-03-05 02:07:27 [ERROR] Make sure API port on TWS/IBG is open
2026-03-05 02:07:27 [WARNING] Connection failed on port 7497: [WinError 1225] The remote computer refused the network connection
2026-03-05 02:07:27 [WARNING] Reconnect attempt 38 failed: Could not connect to IBKR on any port [7497]: [WinError 1225] The remote computer refused the network connection
2026-03-05 02:07:27 [INFO] Reconnect attempt 39/50 (waiting 300s)...
2026-03-05 02:12:27 [INFO] Attempting IBKR connection on 127.0.0.1:7497 (clientId=10) ...
2026-03-05 02:12:27 [INFO] Connecting to 127.0.0.1:7497 with clientId 10...
2026-03-05 02:12:29 [INFO] Disconnecting
2026-03-05 02:12:29 [ERROR] API connection failed: ConnectionRefusedError(22, 'The remote computer refused the network connection', None, 1225, None)
2026-03-05 02:12:29 [ERROR] Make sure API port on TWS/IBG is open
2026-03-05 02:12:29 [WARNING] Connection failed on port 7497: [WinError 1225] The remote computer refused the network connection
2026-03-05 02:12:29 [WARNING] Reconnect attempt 39 failed: Could not connect to IBKR on any port [7497]: [WinError 1225] The remote computer refused the network connection
2026-03-05 02:12:29 [INFO] Reconnect attempt 40/50 (waiting 300s)...
2026-03-05 02:17:29 [INFO] Attempting IBKR connection on 127.0.0.1:7497 (clientId=10) ...
2026-03-05 02:17:29 [INFO] Connecting to 127.0.0.1:7497 with clientId 10...
2026-03-05 02:17:31 [INFO] Disconnecting
2026-03-05 02:17:31 [ERROR] API connection failed: ConnectionRefusedError(22, 'The remote computer refused the network connection', None, 1225, None)
2026-03-05 02:17:31 [ERROR] Make sure API port on TWS/IBG is open
2026-03-05 02:17:31 [WARNING] Connection failed on port 7497: [WinError 1225] The remote computer refused the network connection
2026-03-05 02:17:31 [WARNING] Reconnect attempt 40 failed: Could not connect to IBKR on any port [7497]: [WinError 1225] The remote computer refused the network connection
2026-03-05 02:17:31 [INFO] Reconnect attempt 41/50 (waiting 300s)...
2026-03-05 02:22:31 [INFO] Attempting IBKR connection on 127.0.0.1:7497 (clientId=10) ...
2026-03-05 02:22:31 [INFO] Connecting to 127.0.0.1:7497 with clientId 10...
2026-03-05 02:22:33 [INFO] Disconnecting
2026-03-05 02:22:33 [ERROR] API connection failed: ConnectionRefusedError(22, 'The remote computer refused the network connection', None, 1225, None)
2026-03-05 02:22:33 [ERROR] Make sure API port on TWS/IBG is open
2026-03-05 02:22:33 [WARNING] Connection failed on port 7497: [WinError 1225] The remote computer refused the network connection
2026-03-05 02:22:33 [WARNING] Reconnect attempt 41 failed: Could not connect to IBKR on any port [7497]: [WinError 1225] The remote computer refused the network connection
2026-03-05 02:22:33 [INFO] Reconnect attempt 42/50 (waiting 300s)...
2026-03-05 02:27:33 [INFO] Attempting IBKR connection on 127.0.0.1:7497 (clientId=10) ...
2026-03-05 02:27:33 [INFO] Connecting to 127.0.0.1:7497 with clientId 10...
2026-03-05 02:27:35 [INFO] Disconnecting
2026-03-05 02:27:35 [ERROR] API connection failed: ConnectionRefusedError(22, 'The remote computer refused the network connection', None, 1225, None)
2026-03-05 02:27:35 [ERROR] Make sure API port on TWS/IBG is open
2026-03-05 02:27:35 [WARNING] Connection failed on port 7497: [WinError 1225] The remote computer refused the network connection
2026-03-05 02:27:35 [WARNING] Reconnect attempt 42 failed: Could not connect to IBKR on any port [7497]: [WinError 1225] The remote computer refused the network connection
2026-03-05 02:27:35 [INFO] Reconnect attempt 43/50 (waiting 300s)...
2026-03-05 02:32:35 [INFO] Attempting IBKR connection on 127.0.0.1:7497 (clientId=10) ...
2026-03-05 02:32:35 [INFO] Connecting to 127.0.0.1:7497 with clientId 10...
2026-03-05 02:32:37 [INFO] Disconnecting
2026-03-05 02:32:37 [ERROR] API connection failed: ConnectionRefusedError(22, 'The remote computer refused the network connection', None, 1225, None)
2026-03-05 02:32:37 [ERROR] Make sure API port on TWS/IBG is open
2026-03-05 02:32:37 [WARNING] Connection failed on port 7497: [WinError 1225] The remote computer refused the network connection
2026-03-05 02:32:37 [WARNING] Reconnect attempt 43 failed: Could not connect to IBKR on any port [7497]: [WinError 1225] The remote computer refused the network connection
2026-03-05 02:32:37 [INFO] Reconnect attempt 44/50 (waiting 300s)...
2026-03-05 02:37:37 [INFO] Attempting IBKR connection on 127.0.0.1:7497 (clientId=10) ...
2026-03-05 02:37:37 [INFO] Connecting to 127.0.0.1:7497 with clientId 10...
2026-03-05 02:37:39 [INFO] Disconnecting
2026-03-05 02:37:39 [ERROR] API connection failed: ConnectionRefusedError(22, 'The remote computer refused the network connection', None, 1225, None)
2026-03-05 02:37:39 [ERROR] Make sure API port on TWS/IBG is open
2026-03-05 02:37:39 [WARNING] Connection failed on port 7497: [WinError 1225] The remote computer refused the network connection
2026-03-05 02:37:39 [WARNING] Reconnect attempt 44 failed: Could not connect to IBKR on any port [7497]: [WinError 1225] The remote computer refused the network connection
2026-03-05 02:37:39 [INFO] Reconnect attempt 45/50 (waiting 300s)...
2026-03-05 02:42:39 [INFO] Attempting IBKR connection on 127.0.0.1:7497 (clientId=10) ...
2026-03-05 02:42:39 [INFO] Connecting to 127.0.0.1:7497 with clientId 10...
2026-03-05 02:42:41 [INFO] Disconnecting
2026-03-05 02:42:41 [ERROR] API connection failed: ConnectionRefusedError(22, 'The remote computer refused the network connection', None, 1225, None)
2026-03-05 02:42:41 [ERROR] Make sure API port on TWS/IBG is open
2026-03-05 02:42:41 [WARNING] Connection failed on port 7497: [WinError 1225] The remote computer refused the network connection
2026-03-05 02:42:41 [WARNING] Reconnect attempt 45 failed: Could not connect to IBKR on any port [7497]: [WinError 1225] The remote computer refused the network connection
2026-03-05 02:42:41 [INFO] Reconnect attempt 46/50 (waiting 300s)...
2026-03-05 02:47:41 [INFO] Attempting IBKR connection on 127.0.0.1:7497 (clientId=10) ...
2026-03-05 02:47:41 [INFO] Connecting to 127.0.0.1:7497 with clientId 10...
2026-03-05 02:47:43 [INFO] Disconnecting
2026-03-05 02:47:43 [ERROR] API connection failed: ConnectionRefusedError(22, 'The remote computer refused the network connection', None, 1225, None)
2026-03-05 02:47:43 [ERROR] Make sure API port on TWS/IBG is open
2026-03-05 02:47:43 [WARNING] Connection failed on port 7497: [WinError 1225] The remote computer refused the network connection
2026-03-05 02:47:43 [WARNING] Reconnect attempt 46 failed: Could not connect to IBKR on any port [7497]: [WinError 1225] The remote computer refused the network connection
2026-03-05 02:47:43 [INFO] Reconnect attempt 47/50 (waiting 300s)...
2026-03-05 02:52:43 [INFO] Attempting IBKR connection on 127.0.0.1:7497 (clientId=10) ...
2026-03-05 02:52:43 [INFO] Connecting to 127.0.0.1:7497 with clientId 10...
2026-03-05 02:52:45 [INFO] Disconnecting
2026-03-05 02:52:45 [ERROR] API connection failed: ConnectionRefusedError(22, 'The remote computer refused the network connection', None, 1225, None)
2026-03-05 02:52:45 [ERROR] Make sure API port on TWS/IBG is open
2026-03-05 02:52:45 [WARNING] Connection failed on port 7497: [WinError 1225] The remote computer refused the network connection
2026-03-05 02:52:45 [WARNING] Reconnect attempt 47 failed: Could not connect to IBKR on any port [7497]: [WinError 1225] The remote computer refused the network connection
2026-03-05 02:52:45 [INFO] Reconnect attempt 48/50 (waiting 300s)...
2026-03-05 02:57:45 [INFO] Attempting IBKR connection on 127.0.0.1:7497 (clientId=10) ...
2026-03-05 02:57:45 [INFO] Connecting to 127.0.0.1:7497 with clientId 10...
2026-03-05 02:57:47 [INFO] Disconnecting
2026-03-05 02:57:47 [ERROR] API connection failed: ConnectionRefusedError(22, 'The remote computer refused the network connection', None, 1225, None)
2026-03-05 02:57:47 [ERROR] Make sure API port on TWS/IBG is open
2026-03-05 02:57:47 [WARNING] Connection failed on port 7497: [WinError 1225] The remote computer refused the network connection
2026-03-05 02:57:47 [WARNING] Reconnect attempt 48 failed: Could not connect to IBKR on any port [7497]: [WinError 1225] The remote computer refused the network connection
2026-03-05 02:57:47 [INFO] Reconnect attempt 49/50 (waiting 300s)...
2026-03-05 03:02:47 [INFO] Attempting IBKR connection on 127.0.0.1:7497 (clientId=10) ...
2026-03-05 03:02:47 [INFO] Connecting to 127.0.0.1:7497 with clientId 10...
2026-03-05 03:02:49 [INFO] Disconnecting
2026-03-05 03:02:49 [ERROR] API connection failed: ConnectionRefusedError(22, 'The remote computer refused the network connection', None, 1225, None)
2026-03-05 03:02:49 [ERROR] Make sure API port on TWS/IBG is open
2026-03-05 03:02:49 [WARNING] Connection failed on port 7497: [WinError 1225] The remote computer refused the network connection
2026-03-05 03:02:49 [WARNING] Reconnect attempt 49 failed: Could not connect to IBKR on any port [7497]: [WinError 1225] The remote computer refused the network connection
2026-03-05 03:02:49 [INFO] Reconnect attempt 50/50 (waiting 300s)...
2026-03-05 03:07:49 [INFO] Attempting IBKR connection on 127.0.0.1:7497 (clientId=10) ...
2026-03-05 03:07:49 [INFO] Connecting to 127.0.0.1:7497 with clientId 10...
2026-03-05 03:07:51 [INFO] Disconnecting
2026-03-05 03:07:51 [ERROR] API connection failed: ConnectionRefusedError(22, 'The remote computer refused the network connection', None, 1225, None)
2026-03-05 03:07:51 [ERROR] Make sure API port on TWS/IBG is open
2026-03-05 03:07:51 [WARNING] Connection failed on port 7497: [WinError 1225] The remote computer refused the network connection
2026-03-05 03:07:51 [WARNING] Reconnect attempt 50 failed: Could not connect to IBKR on any port [7497]: [WinError 1225] The remote computer refused the network connection
2026-03-05 03:07:51 [ERROR] Reconnection failed after 50 attempts — shutting down.
2026-03-05 03:07:51 [INFO] Event loop exited.
2026-03-05 03:07:51 [INFO] Shutting down...
2026-03-05 03:07:51 [INFO] Cache saved: 14482 bars → C:\Users\bwang\Documents\GitHub\CL_Analyst\data\processed\warm_start_cache_cid10.parquet
2026-03-05 03:07:51 [INFO] Mirrored warm_start_cache_cid10.parquet → C:\CL_Analyst_Data\processed\warm_start_cache_cid10.parquet
2026-03-05 03:07:51 [INFO] Shutdown complete.
