DateTime,y_true,prob_Buy,prob_Hold,predicted,Open,High,Low,Close,Volume
2026-01-01 23:00:00,0,0.2986513031252004,0.7013486968747996,Hold,56.657833,56.815735,56.657833,56.726913,1045
2026-01-02 00:00:00,0,0.29842519832838893,0.701574801671611,Hold,56.726913,56.726913,56.657833,56.6677,471
2026-01-02 01:00:00,0,0.3236445412931742,0.6763554587068258,Hold,56.6677,56.815735,56.657833,56.77626,1598
2026-01-02 02:00:00,0,0.3370326594690073,0.6629673405309927,Hold,56.77626,56.88482,56.76639,56.855213,1104
2026-01-02 03:00:00,0,0.3581541732446536,0.6418458267553464,Hold,56.855213,56.97364,56.845345,56.96377,964
2026-01-02 04:00:00,0,0.4210971744510175,0.5789028255489825,Hold,56.96377,57.022984,56.88482,56.914425,1099
2026-01-02 05:00:00,0,0.4477414994537265,0.5522585005462735,Hold,56.924294,56.993378,56.924294,56.993378,522
2026-01-02 06:00:00,0,0.45637213608771793,0.543627863912282,Hold,56.993378,57.131542,56.97364,57.092068,1453
2026-01-02 07:00:00,0,0.5240664472886781,0.47593355271132187,Buy,57.092068,57.17102,56.934162,57.052593,2228
2026-01-02 08:00:00,0,0.5748577111960913,0.4251422888039087,Buy,57.04272,57.16115,56.559143,56.56901,7080
2026-01-02 09:00:00,0,0.5748992856512627,0.4251007143487373,Buy,56.56901,56.598618,56.263073,56.460453,7167
2026-01-02 10:00:00,0,0.5995599538727783,0.4004400461272217,Buy,56.47032,56.805866,56.47032,56.647964,5009
2026-01-02 11:00:00,0,0.6170315896522324,0.38296841034776763,Buy,56.647964,56.726913,56.3815,56.529537,3441
2026-01-02 12:00:00,0,0.6089583729039126,0.39104162709608736,Buy,56.529537,56.56901,56.154514,56.17425,4973
2026-01-02 13:00:00,0,0.5652961356780604,0.43470386432193964,Buy,56.18412,56.302547,56.105167,56.11504,7928
2026-01-02 14:00:00,0,0.5566348201109435,0.44336517988905655,Buy,56.11504,56.2236,55.88805,55.947266,15998
2026-01-02 15:00:00,0,0.493058275050588,0.5069417249494119,Hold,55.957134,56.243336,55.858444,56.02622,13907
2026-01-02 16:00:00,0,0.4578317373252065,0.5421682626747935,Hold,56.02622,56.18412,55.87818,56.02622,10223
2026-01-02 17:00:00,0,0.4204853805649626,0.5795146194350373,Hold,56.02622,56.440716,56.00648,56.253204,10011
2026-01-02 18:00:00,0,0.36274981692222424,0.6372501830777757,Hold,56.253204,56.47032,56.18412,56.430847,7146
2026-01-02 19:00:00,0,0.3404355004408347,0.6595644995591653,Hold,56.430847,56.68744,56.420975,56.49006,14234
2026-01-02 20:00:00,0,0.31128171374138297,0.688718286258617,Hold,56.49006,56.56901,56.47032,56.539406,2859
2026-01-02 21:00:00,0,0.30049091093368346,0.6995090890663165,Hold,56.539406,56.598618,56.529537,56.57888,1356
2026-01-04 23:00:00,0,0.30522728984930947,0.6947727101506905,Hold,56.717045,56.746655,55.81897,56.56901,9953
2026-01-05 00:00:00,0,0.3002124474994434,0.6997875525005566,Hold,56.56901,56.707176,56.559143,56.628223,2649
2026-01-05 01:00:00,0,0.33984810163577023,0.6601518983642298,Hold,56.628223,56.97364,56.499928,56.529537,6500
2026-01-05 02:00:00,0,0.33029542182197463,0.6697045781780253,Hold,56.519665,56.638096,56.499928,56.519665,1768
2026-01-05 03:00:00,0,0.3764756841857532,0.6235243158142467,Hold,56.519665,56.529537,56.27294,56.312416,2115
2026-01-05 04:00:00,0,0.42590025529424835,0.5740997447057516,Hold,56.302547,56.3815,56.243336,56.27294,1505
2026-01-05 05:00:00,0,0.4731903065502485,0.5268096934497515,Hold,56.27294,56.351894,56.0953,56.144646,2387
2026-01-05 06:00:00,0,0.4800762619264946,0.5199237380735053,Hold,56.144646,56.27294,56.0953,56.134777,1963
2026-01-05 07:00:00,0,0.512319064483876,0.487680935516124,Buy,56.144646,56.233467,55.957134,56.01635,2924
2026-01-05 08:00:00,1,0.5463604138882832,0.45363958611171684,Buy,56.01635,56.164383,55.572243,55.858444,10513
2026-01-05 09:00:00,1,0.5839855886707248,0.4160144113292752,Buy,55.848576,56.697308,55.81897,56.657833,11048
2026-01-05 10:00:00,1,0.5994952512792647,0.40050474872073527,Buy,56.657833,56.68744,56.450584,56.628223,8222
2026-01-05 11:00:00,0,0.5967843023581917,0.4032156976418083,Buy,56.618355,56.993378,56.56901,56.88482,8626
2026-01-05 12:00:00,0,0.5925678304773659,0.40743216952263406,Buy,56.88482,57.0822,56.707176,57.0822,6672
2026-01-05 13:00:00,0,0.5533013043065769,0.44669869569342313,Buy,57.0822,57.200626,56.993378,57.14141,10025
2026-01-05 14:00:00,0,0.5271185153763548,0.4728814846236452,Buy,57.131542,57.43748,57.022984,57.220364,20103
2026-01-05 15:00:00,0,0.4656048923469029,0.5343951076530971,Hold,57.230232,57.74342,56.76639,57.6546,27994
2026-01-05 16:00:00,0,0.45196397002485317,0.5480360299751468,Hold,57.64473,57.6546,57.131542,57.35853,18359
2026-01-05 17:00:00,0,0.40598334315951334,0.5940166568404867,Hold,57.35853,57.565777,57.33879,57.54604,11617
2026-01-05 18:00:00,0,0.37845231194579987,0.6215476880542001,Hold,57.54604,57.6546,57.45722,57.516434,7626
2026-01-05 19:00:00,0,0.36401031236731507,0.6359896876326849,Hold,57.526302,57.63486,57.417744,57.53617,11617
2026-01-05 20:00:00,0,0.33255328417610636,0.6674467158238937,Hold,57.53617,57.64473,57.53617,57.57565,3447
2026-01-05 21:00:00,0,0.3044676497636899,0.6955323502363101,Hold,57.57565,57.64473,57.54604,57.585518,2603
2026-01-05 23:00:00,0,0.3152745978228481,0.6847254021771518,Hold,57.57565,57.615124,57.289448,57.45722,1667
2026-01-06 00:00:00,0,0.3198732026557793,0.6801267973442207,Hold,57.45722,57.54604,57.35853,57.506565,2109
2026-01-06 01:00:00,0,0.3582977862489308,0.6417022137510692,Hold,57.506565,57.516434,57.2401,57.24997,3422
2026-01-06 02:00:00,0,0.35096173869463093,0.6490382613053691,Hold,57.259842,57.328922,57.131542,57.230232,2082
2026-01-06 03:00:00,0,0.3820091578845221,0.6179908421154778,Hold,57.2401,57.398006,57.190758,57.35853,1148
2026-01-06 04:00:00,0,0.42435323912226575,0.5756467608777343,Hold,57.35853,57.398006,57.319054,57.34866,521
2026-01-06 05:00:00,0,0.45600447073458156,0.5439955292654184,Hold,57.34866,57.417744,57.309185,57.319054,1060
2026-01-06 06:00:00,0,0.4608486611955366,0.5391513388044634,Hold,57.309185,57.427612,57.26971,57.3684,1592
2026-01-06 07:00:00,1,0.5450618958287236,0.45493810417127645,Buy,57.3684,57.3684,57.121674,57.200626,3567
2026-01-06 08:00:00,0,0.5656512249332161,0.43434877506678393,Buy,57.190758,57.723682,57.0822,57.703945,7897
2026-01-06 09:00:00,0,0.600711124035167,0.399288875964833,Buy,57.713814,57.901325,57.526302,57.624992,10945
2026-01-06 10:00:00,0,0.5866968663917612,0.4133031336082388,Buy,57.63486,57.822372,57.605255,57.812504,4171
2026-01-06 11:00:00,0,0.5859971329677339,0.4140028670322661,Buy,57.812504,57.861847,57.6546,57.822372,5394
2026-01-06 12:00:00,0,0.6132244251276846,0.3867755748723154,Buy,57.83224,57.861847,57.615124,57.792767,5641
2026-01-06 13:00:00,0,0.5890178785986786,0.4109821214013214,Buy,57.792767,58.098705,57.74342,57.960537,13076
2026-01-06 14:00:00,0,0.549135441067204,0.450864558932796,Buy,57.970406,58.02962,57.328922,57.3684,21655
2026-01-06 15:00:00,0,0.48521609474607286,0.5147839052539271,Hold,57.3684,57.664467,56.97364,57.37827,31095
2026-01-06 16:00:00,0,0.43991031828007143,0.5600896817199286,Hold,57.37827,57.516434,57.18089,57.190758,11111
2026-01-06 17:00:00,0,0.39128551545644213,0.6087144845435579,Hold,57.200626,57.220364,56.825603,56.86508,11623
2026-01-06 18:00:00,0,0.32323470429914214,0.6767652957008579,Hold,56.87495,56.934162,56.598618,56.608486,10122
2026-01-06 19:00:00,0,0.2920435669053102,0.7079564330946898,Hold,56.618355,56.628223,56.17425,56.19399,23090
2026-01-06 20:00:00,0,0.25005165186781186,0.7499483481321881,Hold,56.19399,56.312416,56.0953,56.154514,5903
2026-01-06 21:00:00,0,0.2561598988239469,0.7438401011760531,Hold,56.164383,56.302547,56.134777,56.2236,2880
2026-01-06 23:00:00,0,0.2778467138912807,0.7221532861087193,Hold,56.253204,56.342026,55.63146,55.71041,4523
2026-01-07 00:00:00,0,0.29790354321504325,0.7020964567849568,Hold,55.72028,55.838707,55.02945,55.58211,13955
2026-01-07 01:00:00,0,0.3148299543580687,0.6851700456419313,Hold,55.58211,55.92753,55.562374,55.63146,11412
2026-01-07 02:00:00,0,0.3080829506545625,0.6919170493454375,Hold,55.63146,55.72028,55.5229,55.69067,2870
2026-01-07 03:00:00,0,0.3484032787365654,0.6515967212634346,Hold,55.700542,55.73015,55.5229,55.58211,2490
2026-01-07 04:00:00,0,0.3766155600586156,0.6233844399413844,Hold,55.58211,55.661064,55.453815,55.5229,2646
2026-01-07 05:00:00,0,0.4020848332811428,0.5979151667188571,Hold,55.51303,55.5229,55.384735,55.5229,2042
2026-01-07 06:00:00,0,0.4519538895366814,0.5480461104633185,Hold,55.53277,55.6808,55.453815,55.493294,2699
2026-01-07 07:00:00,0,0.4833191095698767,0.5166808904301232,Hold,55.48342,55.651196,55.384735,55.591984,4691
2026-01-07 08:00:00,0,0.5144186937904855,0.48558130620951445,Buy,55.601852,55.858444,55.5229,55.799232,8714
2026-01-07 09:00:00,0,0.54960053063112,0.45039946936888,Buy,55.78936,55.91766,55.542637,55.601852,6877
2026-01-07 10:00:00,0,0.5383818133169045,0.4616181866830955,Buy,55.601852,56.144646,55.542637,56.12491,7394
2026-01-07 11:00:00,0,0.5627445982277383,0.43725540177226174,Buy,56.12491,56.243336,55.99661,56.0953,6429
2026-01-07 12:00:00,0,0.553014360715578,0.44698563928442203,Buy,56.0953,56.342026,55.99661,56.29268,8165
2026-01-07 13:00:00,0,0.53580565123618,0.46419434876382004,Buy,56.28281,56.420975,55.87818,56.243336,23666
2026-01-07 14:00:00,0,0.4972553445281308,0.5027446554718692,Hold,56.253204,56.332157,55.61172,55.769623,22385
2026-01-07 15:00:00,0,0.4481425191275006,0.5518574808724994,Hold,55.769623,55.90779,55.51303,55.700542,20081
2026-01-07 16:00:00,0,0.4098431583136404,0.5901568416863596,Hold,55.700542,55.81897,55.41434,55.41434,15163
2026-01-07 17:00:00,0,0.37116112016297326,0.6288388798370268,Hold,55.42421,55.463684,55.12814,55.13801,17012
2026-01-07 18:00:00,0,0.3089903062970649,0.6910096937029351,Hold,55.13801,55.286045,55.12814,55.246567,12038
2026-01-07 19:00:00,0,0.3181419799718361,0.6818580200281639,Hold,55.266304,55.58211,55.22683,55.503162,21150
2026-01-07 20:00:00,0,0.2809959791150436,0.7190040208849564,Hold,55.503162,55.572243,55.364994,55.552505,4844
2026-01-07 21:00:00,0,0.2756926783454076,0.7243073216545923,Hold,55.552505,55.661064,55.5229,55.661064,2408
2026-01-07 23:00:00,0,0.2860098854828188,0.7139901145171812,Hold,55.6808,55.71041,55.552505,55.562374,1280
2026-01-08 00:00:00,0,0.284365237482751,0.715634762517249,Hold,55.552505,55.61172,55.53277,55.552505,489
2026-01-08 01:00:00,0,0.2974922429394922,0.7025077570605078,Hold,55.562374,55.72028,55.53277,55.69067,2358
2026-01-08 02:00:00,0,0.33079694951425404,0.669203050485746,Hold,55.69067,55.69067,55.42421,55.48342,2862
2026-01-08 03:00:00,0,0.33607644669739095,0.6639235533026091,Hold,55.48342,55.542637,55.404472,55.5229,1212
2026-01-08 04:00:00,0,0.3783394123733666,0.6216605876266335,Hold,55.5229,55.591984,55.48342,55.53277,887
2026-01-08 05:00:00,0,0.4216063504099584,0.5783936495900416,Hold,55.542637,55.591984,55.473553,55.5229,1210
2026-01-08 06:00:00,0,0.4387720167424662,0.5612279832575338,Hold,55.51303,55.53277,55.355125,55.5229,2236
2026-01-08 07:00:00,1,0.5009887707903947,0.4990112292096053,Buy,55.51303,55.552505,55.394604,55.43408,1564
2026-01-08 08:00:00,1,0.5401474475243544,0.4598525524756456,Buy,55.42421,55.463684,55.2367,55.453815,5433
2026-01-08 09:00:00,1,0.5498503014313929,0.4501496985686071,Buy,55.443947,55.77949,55.32552,55.69067,5422
2026-01-08 10:00:00,0,0.5683251227880439,0.4316748772119561,Buy,55.6808,55.957134,55.651196,55.90779,5087
2026-01-08 11:00:00,0,0.5893814259385776,0.41061857406142244,Buy,55.89792,56.17425,55.838707,56.0953,6159
2026-01-08 12:00:00,1,0.5715845253972467,0.4284154746027533,Buy,56.0953,56.19399,56.045956,56.144646,6951
2026-01-08 13:00:00,0,0.5568763723009579,0.4431236276990421,Buy,56.144646,56.430847,56.02622,56.32229,13502
2026-01-08 14:00:00,1,0.5628386719079639,0.4371613280920361,Buy,56.32229,56.48019,56.164383,56.2236,20316
2026-01-08 15:00:00,1,0.5067600869146248,0.4932399130853752,Buy,56.213726,56.302547,55.99661,56.11504,14481
2026-01-08 16:00:00,1,0.4560713077137071,0.5439286922862929,Hold,56.12491,56.411106,56.105167,56.32229,12743
2026-01-08 17:00:00,1,0.43608839870131566,0.5639116012986843,Hold,56.312416,56.608486,56.29268,56.539406,11596
2026-01-08 18:00:00,1,0.3702827163492038,0.6297172836507963,Hold,56.529537,56.953903,56.499928,56.934162,14987
2026-01-08 19:00:00,0,0.36539909034668355,0.6346009096533165,Hold,56.944035,57.496696,56.78613,57.43748,33753
2026-01-08 20:00:00,0,0.32007689585720905,0.6799231041427909,Hold,57.43748,57.901325,57.43748,57.822372,12484
2026-01-08 21:00:00,0,0.3334699173863801,0.6665300826136199,Hold,57.822372,57.970406,57.595387,57.63486,7029
2026-01-08 23:00:00,0,0.32157628702148694,0.6784237129785131,Hold,57.63486,57.684208,57.506565,57.516434,1882
2026-01-09 00:00:00,0,0.3170921598921253,0.6829078401078748,Hold,57.516434,57.53617,57.45722,57.45722,1483
2026-01-09 01:00:00,0,0.36384882417890974,0.6361511758210903,Hold,57.47696,57.486828,57.220364,57.33879,5344
2026-01-09 02:00:00,0,0.3651403376456272,0.6348596623543727,Hold,57.33879,57.427612,57.33879,57.388138,1687
2026-01-09 03:00:00,0,0.3867510289842545,0.6132489710157455,Hold,57.388138,57.388138,57.2401,57.34866,2005
2026-01-09 04:00:00,0,0.437530566099512,0.562469433900488,Hold,57.34866,57.44735,57.289448,57.427612,1353
2026-01-09 05:00:00,0,0.4929492644207028,0.5070507355792973,Hold,57.417744,57.496696,57.33879,57.407875,1351
2026-01-09 06:00:00,0,0.5109960669027437,0.4890039330972563,Buy,57.398006,57.605255,57.388138,57.565777,2620
2026-01-09 07:00:00,0,0.5736875228981271,0.4263124771018729,Buy,57.57565,57.763157,57.506565,57.565777,3252
2026-01-09 08:00:00,0,0.5753789721158108,0.4246210278841892,Buy,57.565777,57.585518,57.388138,57.407875,6303
2026-01-09 09:00:00,1,0.573813148893475,0.426186851106525,Buy,57.417744,57.506565,56.855213,57.16115,10287
2026-01-09 10:00:00,1,0.590023422159858,0.40997657784014196,Buy,57.16115,57.35853,57.101936,57.319054,5944
2026-01-09 11:00:00,0,0.5806790454634827,0.4193209545365173,Buy,57.33879,57.55591,57.33879,57.526302,4602
2026-01-09 12:00:00,1,0.597123925847089,0.40287607415291105,Buy,57.516434,57.55591,57.3684,57.37827,4126
2026-01-09 13:00:00,1,0.5781827623492455,0.4218172376507545,Buy,57.37827,57.565777,57.2401,57.496696,8559
2026-01-09 14:00:00,0,0.5545140656776318,0.44548593432236816,Buy,57.506565,58.562546,57.417744,58.463856,34687
2026-01-09 15:00:00,0,0.47138404001605977,0.5286159599839402,Hold,58.453987,58.750057,58.177654,58.680973,20327
2026-01-09 16:00:00,0,0.4361605842611276,0.5638394157388724,Hold,58.671104,58.98691,58.53294,58.977043,24079
2026-01-09 17:00:00,0,0.4115299184695552,0.5884700815304448,Hold,58.977043,58.977043,58.483593,58.582283,19274
2026-01-09 18:00:00,0,0.3867182745550631,0.613281725444937,Hold,58.59215,58.671104,58.32569,58.651367,11181
2026-01-09 19:00:00,0,0.3792324072514031,0.6207675927485969,Hold,58.651367,58.661236,58.207264,58.207264,22630
2026-01-09 20:00:00,0,0.3299500567076658,0.6700499432923341,Hold,58.207264,58.256607,57.980274,58.000015,7284
2026-01-09 21:00:00,0,0.3229977767835255,0.6770022232164745,Hold,58.000015,58.177654,57.9408,58.009884,4286
2026-01-11 23:00:00,0,0.3327602850180286,0.6672397149819713,Hold,58.227,59.016518,58.14805,58.81914,7967
2026-01-12 00:00:00,0,0.3312490676443446,0.6687509323556554,Hold,58.80927,58.80927,58.572414,58.671104,2887
2026-01-12 01:00:00,0,0.3491724005043024,0.6508275994956976,Hold,58.680973,58.70071,57.871716,58.019753,9560
2026-01-12 02:00:00,0,0.340772698152321,0.6592273018476791,Hold,58.02962,58.42438,58.019753,58.384903,2647
2026-01-12 03:00:00,0,0.3734122501096439,0.626587749890356,Hold,58.384903,58.52307,58.355297,58.404644,1632
2026-01-12 04:00:00,0,0.4267864974999826,0.5732135025000173,Hold,58.404644,58.49346,58.365166,58.43425,691
2026-01-12 05:00:00,0,0.46932269880181354,0.5306773011981865,Hold,58.42438,58.53294,58.39477,58.513203,1004
2026-01-12 06:00:00,0,0.4953247389047625,0.5046752610952375,Hold,58.50333,58.53294,58.384903,58.453987,1114
2026-01-12 07:00:00,0,0.5402693501316929,0.45973064986830714,Buy,58.44412,58.463856,58.12831,58.177654,3446
2026-01-12 08:00:00,0,0.5711437098745519,0.4288562901254481,Buy,58.167786,58.355297,57.901325,58.167786,7354
2026-01-12 09:00:00,0,0.5687558474157165,0.4312441525842835,Buy,58.167786,58.207264,57.95067,58.098705,4264
2026-01-12 10:00:00,0,0.5969224959009323,0.40307750409906773,Buy,58.098705,58.23687,57.921062,58.03949,4319
2026-01-12 11:00:00,0,0.5786875808712969,0.4213124191287031,Buy,58.03949,58.04936,57.684208,57.83224,6440
2026-01-12 12:00:00,0,0.5767407753153276,0.42325922468467236,Buy,57.84211,58.266476,57.75329,58.24674,6232
2026-01-12 13:00:00,0,0.578925743636344,0.42107425636365603,Buy,58.23687,58.305954,57.881588,58.000015,7649
2026-01-12 14:00:00,0,0.5545057443050171,0.4454942556949829,Buy,58.000015,58.24674,57.713814,57.95067,16544
2026-01-12 15:00:00,0,0.47824529858872594,0.521754701411274,Hold,57.960537,58.43425,57.960537,58.32569,12621
2026-01-12 16:00:00,0,0.4518009983429929,0.5481990016570071,Hold,58.32569,58.651367,58.177654,58.266476,15817
2026-01-12 17:00:00,0,0.41167295627363965,0.5883270437263604,Hold,58.266476,58.53294,58.177654,58.49346,7524
2026-01-12 18:00:00,0,0.3892164611897133,0.6107835388102867,Hold,58.49346,58.50333,58.227,58.33556,8769
2026-01-12 19:00:00,0,0.3684682995621299,0.6315317004378701,Hold,58.32569,59.026386,58.29608,58.80927,23685
2026-01-12 20:00:00,0,0.34854841349206556,0.6514515865079344,Hold,58.81914,58.82901,58.562546,58.73032,4616
2026-01-12 21:00:00,0,0.3237887172864058,0.6762112827135942,Hold,58.73032,59.125076,58.671104,59.055996,5598
2026-01-12 23:00:00,0,0.31332127531895815,0.6866787246810419,Hold,59.164555,59.164555,58.89809,59.026386,1131
2026-01-13 00:00:00,0,0.3253460204789772,0.6746539795210228,Hold,59.016518,59.046127,58.858616,58.89809,868
2026-01-13 01:00:00,0,0.39051866730547935,0.6094813326945206,Hold,58.917828,59.20403,58.858616,58.89809,3326
2026-01-13 02:00:00,0,0.4048592525475874,0.5951407474524126,Hold,58.90796,58.967175,58.69084,58.89809,2422
2026-01-13 03:00:00,1,0.40894998090641294,0.591050019093587,Hold,58.90796,58.98691,58.868484,58.957306,1258
2026-01-13 04:00:00,1,0.453072393103842,0.5469276068961579,Hold,58.957306,59.016518,58.88822,58.99678,589
2026-01-13 05:00:00,1,0.5036617511985133,0.4963382488014867,Buy,58.99678,59.046127,58.868484,58.99678,857
2026-01-13 06:00:00,0,0.5094469723389758,0.49055302766102415,Buy,58.98691,59.322456,58.947437,59.29285,1963
2026-01-13 07:00:00,1,0.5533803642816263,0.4466196357183737,Buy,59.29285,59.29285,59.046127,59.055996,2847
2026-01-13 08:00:00,1,0.5765552086914874,0.42344479130851265,Buy,59.046127,59.421146,58.957306,59.332325,6767
2026-01-13 09:00:00,0,0.5747710307334615,0.4252289692665385,Buy,59.332325,60.023155,59.332325,59.736954,12911
2026-01-13 10:00:00,1,0.5751978068298221,0.42480219317017787,Buy,59.727085,59.865253,59.361935,59.559315,8268
2026-01-13 11:00:00,0,0.5627686229165483,0.4372313770834517,Buy,59.559315,59.98368,59.450756,59.944202,5901
2026-01-13 12:00:00,0,0.5693386428869406,0.4306613571130594,Buy,59.95407,59.96394,59.69748,59.934334,6907
2026-01-13 13:00:00,0,0.5614006958859572,0.4385993041140428,Buy,59.934334,59.99355,59.519836,59.628395,13605
2026-01-13 14:00:00,0,0.540486692474238,0.459513307525762,Buy,59.628395,60.625164,59.431015,60.200798,38857
2026-01-13 15:00:00,0,0.4808770091870787,0.5191229908129213,Hold,60.19093,60.615295,60.141582,60.54621,20135
2026-01-13 16:00:00,0,0.4531806622203308,0.5468193377796692,Hold,60.536343,60.694244,60.39818,60.55608,18033
2026-01-13 17:00:00,0,0.4427290281162528,0.5572709718837472,Hold,60.54621,60.54621,59.924465,59.98368,14162
2026-01-13 18:00:00,0,0.4025964858422845,0.5974035141577154,Hold,59.98368,60.625164,59.973812,60.487,21701
2026-01-13 19:00:00,0,0.40228738723836655,0.5977126127616335,Hold,60.487,60.506737,59.638264,60.230404,29506
2026-01-13 20:00:00,0,0.3708143072655279,0.6291856927344721,Hold,60.230404,60.34883,60.131714,60.240273,3328
2026-01-13 21:00:00,0,0.3589469275203153,0.6410530724796847,Hold,60.240273,60.39818,60.17119,60.299488,3075
2026-01-13 23:00:00,0,0.35732079691815505,0.6426792030818449,Hold,60.319225,60.39818,60.26988,60.34883,523
2026-01-14 00:00:00,0,0.3281428476575042,0.6718571523424959,Hold,60.34883,60.34883,60.25014,60.27975,663
2026-01-14 01:00:00,0,0.35151402146036914,0.6484859785396309,Hold,60.28962,60.299488,60.06263,60.220535,2384
2026-01-14 02:00:00,0,0.3637740408506291,0.6362259591493709,Hold,60.220535,60.27975,60.121845,60.121845,1324
2026-01-14 03:00:00,0,0.38403526868757704,0.615964731312423,Hold,60.121845,60.210667,60.003418,60.17119,1601
2026-01-14 04:00:00,0,0.4502134337165229,0.5497865662834771,Hold,60.17119,60.240273,60.111977,60.16132,877
2026-01-14 05:00:00,0,0.47306390860419606,0.5269360913958039,Hold,60.16132,60.18106,60.033024,60.072502,1073
2026-01-14 06:00:00,1,0.5057001022316422,0.4942998977683578,Buy,60.08237,60.200798,59.845512,59.88499,1682
2026-01-14 07:00:00,1,0.5351396917670804,0.4648603082329196,Buy,59.904728,60.033024,59.825775,59.904728,2657
2026-01-14 08:00:00,1,0.5580252779329956,0.4419747220670044,Buy,59.904728,60.013287,59.677742,59.85538,5904
2026-01-14 09:00:00,1,0.5775241534717543,0.42247584652824566,Buy,59.85538,60.210667,59.59879,60.200798,7668
2026-01-14 10:00:00,0,0.5808538849751864,0.4191461150248136,Buy,60.19093,61.197563,60.16132,61.187695,14630
2026-01-14 11:00:00,0,0.5783021598280799,0.42169784017192014,Buy,61.187695,61.286385,60.911366,61.000183,7996
2026-01-14 12:00:00,0,0.5552153495227365,0.44478465047726345,Buy,61.010056,61.118614,60.6449,61.069267,9259
2026-01-14 13:00:00,0,0.5492327870003829,0.4507672129996171,Buy,61.079136,61.286385,60.704117,60.812675,15066
2026-01-14 14:00:00,0,0.5325860740627829,0.4674139259372171,Buy,60.832413,61.029793,60.74359,60.901493,12121
2026-01-14 15:00:00,0,0.49069132836534585,0.5093086716346542,Hold,60.901493,61.03966,60.427784,60.86202,21660
2026-01-14 16:00:00,0,0.4648694677471499,0.5351305322528501,Hold,60.871887,61.010056,60.56595,60.921234,14667
2026-01-14 17:00:00,0,0.44974385114333315,0.5502561488566668,Hold,60.911366,61.23704,60.792934,60.980446,13068
2026-01-14 18:00:00,0,0.4065136654309979,0.5934863345690021,Hold,60.980446,61.0594,60.802807,61.019924,10101
2026-01-14 19:00:00,0,0.3597816536785965,0.6402183463214035,Hold,61.010056,61.53311,60.970577,61.493633,20887
2026-01-14 20:00:00,0,0.32888524651678036,0.6711147534832196,Hold,61.493633,61.54298,58.414513,59.470493,56536
2026-01-14 21:00:00,0,0.284899994398747,0.715100005601253,Hold,59.460625,61.03966,59.243507,60.25014,8221
2026-01-14 23:00:00,0,0.2959581967590328,0.7040418032409672,Hold,60.26001,60.338963,59.717216,59.95407,2249
2026-01-15 00:00:00,0,0.2884482643006828,0.7115517356993172,Hold,59.89486,60.240273,59.865253,60.200798,512
2026-01-15 01:00:00,0,0.32306616018450196,0.676933839815498,Hold,60.210667,60.210667,59.28298,59.529705,2058
2026-01-15 02:00:00,0,0.32692854431358476,0.6730714556864152,Hold,59.519836,59.559315,59.273113,59.361935,413
2026-01-15 03:00:00,0,0.3656032349271342,0.6343967650728658,Hold,59.361935,59.5001,59.10534,59.263245,512
2026-01-15 04:00:00,0,0.3968847147274051,0.603115285272595,Hold,59.29285,59.30272,59.164555,59.243507,251
2026-01-15 05:00:00,0,0.438461220963367,0.5615387790366331,Hold,59.233635,59.263245,59.055996,59.19416,465
2026-01-15 06:00:00,0,0.45295266983643073,0.5470473301635692,Hold,59.154686,59.509968,59.154686,59.411278,829
2026-01-15 07:00:00,0,0.4907672622730668,0.5092327377269332,Hold,59.352066,59.411278,59.03626,59.233635,814
2026-01-15 08:00:00,0,0.5015346222014013,0.4984653777985987,Buy,59.20403,59.480362,59.065865,59.39154,1990
2026-01-15 09:00:00,0,0.5394459488727951,0.46055405112720493,Buy,59.40141,59.460625,58.562546,58.572414,2316
2026-01-15 10:00:00,0,0.5602488846306998,0.4397511153693002,Buy,58.60202,58.9277,58.355297,58.7994,3359
2026-01-15 11:00:00,0,0.5398782209782157,0.4601217790217843,Buy,58.83888,59.253376,58.7994,59.19416,2045
2026-01-15 12:00:00,0,0.5510849615806666,0.44891503841933345,Buy,59.213898,59.253376,58.562546,58.6415,2374
2026-01-15 13:00:00,0,0.5158700667753742,0.48412993322462583,Buy,58.63163,58.661236,58.365166,58.513203,2524
2026-01-15 14:00:00,0,0.5181076108398076,0.4818923891601924,Buy,58.52307,58.779663,58.108574,58.52307,4823
2026-01-15 15:00:00,0,0.44767903309114854,0.5523209669088515,Hold,58.54281,58.651367,58.227,58.562546,2932
2026-01-15 16:00:00,0,0.41955280134352696,0.580447198656473,Hold,58.562546,58.651367,58.197395,58.23687,2477
2026-01-15 17:00:00,0,0.390936254745421,0.6090637452545791,Hold,58.23687,58.33556,58.167786,58.305954,1961
2026-01-15 18:00:00,0,0.33799992698541576,0.6620000730145843,Hold,58.315823,58.71058,58.266476,58.404644,3274
2026-01-15 19:00:00,0,0.32055184091944194,0.6794481590805581,Hold,58.384903,58.453987,58.256607,58.276344,3964
2026-01-15 20:00:00,0,0.3102017872108282,0.6897982127891717,Hold,58.266476,58.32569,58.14805,58.227,658
2026-01-15 21:00:00,0,0.30412081039306726,0.6958791896069327,Hold,58.207264,58.54281,58.187523,58.50333,687
2026-01-15 23:00:00,0,0.3194604803287293,0.6805395196712707,Hold,58.483593,58.53294,58.33556,58.414513,360
2026-01-16 00:00:00,0,0.2819063775500056,0.7180936224499944,Hold,58.414513,58.592545,58.414513,58.454075,1117
2026-01-16 01:00:00,0,0.3179836862279246,0.6820163137720754,Hold,58.473854,58.65189,58.444183,58.483746,2664
2026-01-16 02:00:00,0,0.3463155881756916,0.6536844118243084,Hold,58.483746,58.523308,58.276043,58.374947,2063
2026-01-16 03:00:00,0,0.37027469294081555,0.6297253070591844,Hold,58.36506,58.444183,58.25626,58.315605,1425
2026-01-16 04:00:00,0,0.41242451188364054,0.5875754881163595,Hold,58.315605,58.374947,58.26615,58.335384,813
2026-01-16 05:00:00,0,0.492491180377065,0.5075088196229349,Hold,58.325497,58.36506,58.22659,58.24637,1060
2026-01-16 06:00:00,0,0.5044685399487715,0.4955314600512285,Buy,58.24637,58.414513,58.167244,58.40462,1921
2026-01-16 07:00:00,0,0.54345227844509,0.45654772155490997,Buy,58.39473,58.71123,58.38484,58.552982,5047
2026-01-16 08:00:00,0,0.5749808600009988,0.4250191399990012,Buy,58.552982,58.8497,58.345276,58.79036,7314
2026-01-16 09:00:00,0,0.5756386209969185,0.42436137900308146,Buy,58.79036,59.156315,58.67167,58.918938,9189
2026-01-16 10:00:00,0,0.564022968380414,0.435977031619586,Buy,58.92883,59.225548,58.889267,59.195877,5852
2026-01-16 11:00:00,0,0.5612366983911397,0.43876330160886035,Buy,59.185986,59.24533,59.037624,59.176094,5158
2026-01-16 12:00:00,0,0.5650223202022184,0.43497767979778157,Buy,59.185986,59.393692,59.047516,59.0673,7918
2026-01-16 13:00:00,0,0.5543761341558203,0.4456238658441797,Buy,59.0673,59.275,58.96839,59.225548,9358
2026-01-16 14:00:00,0,0.531515376705343,0.468484623294657,Buy,59.225548,59.314564,58.750793,58.800247,22018
2026-01-16 15:00:00,0,0.4698195953444337,0.5301804046555663,Hold,58.800247,59.09697,58.701344,58.94861,13525
2026-01-16 16:00:00,0,0.4428604127057476,0.5571395872942524,Hold,58.94861,59.185986,58.869484,59.09697,10526
2026-01-16 17:00:00,0,0.4275070990548484,0.5724929009451516,Hold,59.09697,59.23544,58.780468,59.037624,14485
2026-01-16 18:00:00,0,0.37502412053633316,0.6249758794636668,Hold,59.047516,59.20577,58.889267,59.09697,8077
2026-01-16 19:00:00,0,0.37715816007659614,0.6228418399234039,Hold,59.10686,59.10686,58.57276,58.731014,20428
2026-01-16 20:00:00,0,0.3153919215921115,0.6846080784078885,Hold,58.731014,58.82003,58.632107,58.65189,3444
2026-01-16 21:00:00,0,0.3224075227927358,0.6775924772072641,Hold,58.642,58.71123,58.552982,58.57276,2728
2026-01-18 23:00:00,0,0.39066662603568053,0.6093333739643194,Hold,58.295822,58.54309,57.959538,58.325497,6453
2026-01-19 00:00:00,0,0.35822241663471,0.64177758336529,Hold,58.335384,58.68156,58.295822,58.602436,2146
2026-01-19 01:00:00,0,0.39623855937685426,0.6037614406231457,Hold,58.612324,58.760685,58.4244,58.721123,2542
2026-01-19 02:00:00,0,0.4160334373532404,0.5839665626467596,Hold,58.721123,58.780468,58.65189,58.750793,1817
2026-01-19 03:00:00,0,0.4526969726616409,0.5473030273383591,Hold,58.760685,58.82003,58.731014,58.800247,985
2026-01-19 04:00:00,0,0.5066111639555655,0.4933888360444345,Buy,58.81014,58.909046,58.661777,58.661777,1931
2026-01-19 05:00:00,0,0.5298476152484987,0.47015238475150134,Buy,58.661777,58.770576,58.54309,58.632107,1662
2026-01-19 06:00:00,0,0.5389155026909719,0.4610844973090281,Buy,58.632107,58.642,58.26615,58.315605,2979
2026-01-19 07:00:00,0,0.5828227191793875,0.41717728082061245,Buy,58.315605,58.523308,58.206806,58.335384,4031
2026-01-19 08:00:00,0,0.6347277418874566,0.3652722581125434,Buy,58.345276,58.463966,57.96943,58.26615,7590
2026-01-19 09:00:00,0,0.6433004025983028,0.3566995974016972,Buy,58.28593,58.295822,57.890305,57.96943,5754
2026-01-19 10:00:00,0,0.6200965218587985,0.3799034781412015,Buy,57.96943,58.39473,57.959538,58.305714,4376
2026-01-19 11:00:00,0,0.6373886861300518,0.36261131386994816,Buy,58.305714,58.4244,58.12768,58.345276,4948
2026-01-19 12:00:00,0,0.6250042131064483,0.37499578689355173,Buy,58.335384,58.39473,58.196915,58.374947,3252
2026-01-19 13:00:00,0,0.6203166867318147,0.3796833132681853,Buy,58.374947,58.444183,58.28593,58.40462,3874
2026-01-19 14:00:00,0,0.6099331559964574,0.39006684400354263,Buy,58.40462,58.67167,58.335384,58.65189,5619
2026-01-19 15:00:00,0,0.5846025915811558,0.4153974084188442,Buy,58.661777,58.750793,58.51342,58.67167,5273
2026-01-19 16:00:00,0,0.5556502440390471,0.44434975596095294,Buy,58.68156,58.8497,58.582653,58.780468,6132
2026-01-19 17:00:00,0,0.5128675738144133,0.4871324261855867,Buy,58.780468,58.8497,58.54309,58.592545,3418
2026-01-19 18:00:00,0,0.45831256809516585,0.5416874319048341,Hold,58.592545,58.81014,58.582653,58.71123,1809
2026-01-19 19:00:00,0,0.4388896121849431,0.561110387815057,Hold,58.721123,58.800247,58.71123,58.780468,551
2026-01-19 23:00:00,0,0.4026946276619082,0.5973053723380918,Hold,58.79036,58.81014,58.65189,58.740906,744
2026-01-20 00:00:00,0,0.3935048394418964,0.6064951605581036,Hold,58.740906,58.918938,58.731014,58.800247,1076
2026-01-20 01:00:00,0,0.43445051214610386,0.5655494878538961,Hold,58.79036,58.839813,58.622215,58.622215,2056
2026-01-20 02:00:00,0,0.4450787039428058,0.5549212960571942,Hold,58.632107,58.731014,58.582653,58.691452,1437
2026-01-20 03:00:00,0,0.49020072542156307,0.509799274578437,Hold,58.691452,58.770576,58.602436,58.760685,1065
2026-01-20 04:00:00,0,0.5199596020472199,0.4800403979527801,Buy,58.760685,58.859592,58.691452,58.701344,1028
2026-01-20 05:00:00,0,0.5422513076978829,0.4577486923021171,Buy,58.701344,58.750793,58.612324,58.67167,1170
2026-01-20 06:00:00,0,0.5571153282378936,0.44288467176210644,Buy,58.68156,58.800247,58.5332,58.71123,2017
2026-01-20 07:00:00,0,0.6337908713530693,0.36620912864693067,Buy,58.721123,58.938717,58.305714,58.36506,7270
2026-01-20 08:00:00,1,0.6378649699328284,0.3621350300671716,Buy,58.374947,58.40462,58.078228,58.39473,9995
2026-01-20 09:00:00,1,0.6418984927572734,0.3581015072427266,Buy,58.39473,58.889267,58.36506,58.8497,11207
2026-01-20 10:00:00,0,0.6415149640969774,0.3584850359030226,Buy,58.8497,59.047516,58.701344,58.978283,8121
2026-01-20 11:00:00,0,0.6339079012179566,0.3660920987820434,Buy,58.96839,59.0673,58.740906,59.047516,5126
2026-01-20 12:00:00,0,0.6106762262609379,0.38932377373906213,Buy,59.047516,59.324455,59.037624,59.24533,8473
2026-01-20 13:00:00,1,0.627240583249458,0.372759416750542,Buy,59.255222,59.265114,58.8497,58.92883,8526
2026-01-20 14:00:00,0,0.5683344263704153,0.4316655736295847,Buy,58.918938,59.848663,58.859592,59.749756,26779
2026-01-20 15:00:00,0,0.5335334772830769,0.4664665227169231,Buy,59.739864,59.848663,59.324455,59.393692,19137
2026-01-20 16:00:00,0,0.4718006271150179,0.5281993728849821,Hold,59.3838,59.69041,59.35413,59.66074,14547
2026-01-20 17:00:00,0,0.45511392585486626,0.5448860741451338,Hold,59.65085,59.77943,59.571724,59.729977,8158
2026-01-20 18:00:00,0,0.42552577027436483,0.5744742297256351,Hold,59.739864,59.818993,59.52227,59.601395,10081
2026-01-20 19:00:00,0,0.4154082026040147,0.5845917973959853,Hold,59.601395,59.749756,59.23544,59.284893,31529
2026-01-20 20:00:00,0,0.36762983058888143,0.6323701694111186,Hold,59.275,59.35413,58.68156,58.82992,16888
2026-01-20 21:00:00,0,0.32886874059835686,0.6711312594016432,Hold,58.82003,58.938717,58.71123,58.869484,3637
2026-01-20 23:00:00,0,0.3304889380853816,0.6695110619146184,Hold,58.918938,59.185986,58.81014,58.978283,2152
2026-01-21 00:00:00,0,0.3317859282120757,0.6682140717879244,Hold,58.978283,59.057407,58.81014,59.017845,1794
2026-01-21 01:00:00,0,0.35282057130400307,0.6471794286959969,Hold,59.007954,59.12664,58.81014,59.09697,2537
2026-01-21 02:00:00,0,0.38304481488167175,0.6169551851183283,Hold,59.09697,59.23544,59.007954,59.116753,2241
2026-01-21 03:00:00,0,0.39466520037139535,0.6053347996286047,Hold,59.116753,59.225548,59.07719,59.07719,1793
2026-01-21 04:00:00,0,0.44765539800877824,0.5523446019912217,Hold,59.07719,59.146423,59.037624,59.0673,935
2026-01-21 05:00:00,0,0.4536413027523863,0.5463586972476138,Hold,59.07719,59.255222,59.057407,59.166206,2220
2026-01-21 06:00:00,0,0.48960741482481973,0.5103925851751803,Hold,59.166206,59.275,59.017845,59.195877,2037
2026-01-21 07:00:00,0,0.5537732938687078,0.44622670613129223,Buy,59.20577,59.20577,58.81014,58.92883,6264
2026-01-21 08:00:00,1,0.5794823167250863,0.4205176832749137,Buy,58.92883,59.10686,58.642,58.661777,10211
2026-01-21 09:00:00,0,0.6055647993228057,0.3944352006771943,Buy,58.661777,59.225548,58.57276,59.21566,12186
2026-01-21 10:00:00,0,0.6075798569358231,0.39242014306417694,Buy,59.21566,59.393692,59.047516,59.255222,9369
2026-01-21 11:00:00,0,0.61421989063393,0.38578010936607,Buy,59.255222,59.93768,59.24533,59.720085,16077
2026-01-21 12:00:00,0,0.5826121237263076,0.41738787627369245,Buy,59.720085,59.93768,59.680523,59.83877,8144
2026-01-21 13:00:00,0,0.5643339538823076,0.43566604611769244,Buy,59.848663,60.22451,59.65085,59.67063,15946
2026-01-21 14:00:00,0,0.5479657649676958,0.4520342350323042,Buy,59.66074,59.83877,59.472816,59.67063,20409
2026-01-21 15:00:00,0,0.4717124041629939,0.5282875958370061,Hold,59.67063,59.878334,59.41347,59.83877,19920
2026-01-21 16:00:00,0,0.4704076144162222,0.5295923855837779,Hold,59.83877,59.97724,59.621178,59.789318,15595
2026-01-21 17:00:00,0,0.44813781866706226,0.5518621813329377,Hold,59.77943,59.848663,59.591507,59.729977,8618
2026-01-21 18:00:00,0,0.3834039294319952,0.6165960705680048,Hold,59.729977,60.125603,59.710194,60.016804,13003
2026-01-21 19:00:00,0,0.4030374058517342,0.5969625941482658,Hold,60.016804,60.036587,59.759647,59.987133,14660
2026-01-21 20:00:00,0,0.3863195202850229,0.6136804797149771,Hold,59.987133,60.05637,59.878334,60.006916,3874
2026-01-21 21:00:00,0,0.3768263213556836,0.6231736786443164,Hold,60.006916,60.08604,59.957462,60.006916,2489
2026-01-21 23:00:00,0,0.38186753651317323,0.6181324634868268,Hold,60.016804,60.026695,59.759647,59.848663,1166
2026-01-22 00:00:00,0,0.3843975962894506,0.6156024037105494,Hold,59.83877,59.9179,59.79921,59.858555,885
2026-01-22 01:00:00,0,0.39448119440560436,0.6055188055943956,Hold,59.858555,60.11571,59.818993,60.04648,2916
2026-01-22 02:00:00,0,0.4131030619471358,0.5868969380528641,Hold,60.036587,60.105824,59.9179,60.07615,1606
2026-01-22 03:00:00,0,0.44422213417662265,0.5557778658233774,Hold,60.07615,60.155277,60.04648,60.105824,1325
2026-01-22 04:00:00,0,0.5024871650070023,0.4975128349929977,Buy,60.105824,60.145386,60.066257,60.105824,712
2026-01-22 05:00:00,0,0.5432864106449632,0.4567135893550368,Buy,60.095932,60.135494,60.006916,60.05637,1107
2026-01-22 06:00:00,0,0.5674560404056199,0.4325439595943801,Buy,60.04648,60.04648,59.858555,59.967354,1787
2026-01-22 07:00:00,0,0.5924448559828754,0.40755514401712456,Buy,59.97724,59.987133,59.700302,59.77943,4051
2026-01-22 08:00:00,0,0.6113847836661442,0.38861521633385576,Buy,59.77943,59.927788,59.640957,59.710194,7501
2026-01-22 09:00:00,0,0.6226271306490706,0.3773728693509294,Buy,59.720085,59.729977,59.34424,59.403584,9411
2026-01-22 10:00:00,0,0.6082858451837265,0.3917141548162735,Buy,59.403584,59.482708,59.10686,59.195877,12295
2026-01-22 11:00:00,0,0.6077151352004979,0.3922848647995021,Buy,59.195877,59.255222,58.82992,59.08708,13171
2026-01-22 12:00:00,0,0.6093722934745238,0.3906277065254762,Buy,59.08708,59.13653,58.79036,58.79036,7247
2026-01-22 13:00:00,0,0.590975169829283,0.409024830170717,Buy,58.800247,59.12664,58.661777,59.047516,12924
2026-01-22 14:00:00,0,0.597025186442982,0.40297481355701803,Buy,59.037624,59.34424,58.770576,59.10686,30783
2026-01-22 15:00:00,0,0.5316158941805261,0.4683841058194739,Buy,59.10686,59.195877,58.780468,59.0673,19228
2026-01-22 16:00:00,0,0.4933706507325648,0.5066293492674352,Hold,59.07719,59.304676,58.721123,58.82992,16481
2026-01-22 17:00:00,0,0.46725378622356895,0.532746213776431,Hold,58.82992,58.82992,58.315605,58.50353,19055
2026-01-22 18:00:00,0,0.41227825336081164,0.5877217466391884,Hold,58.493637,58.661777,58.40462,58.612324,11217
2026-01-22 19:00:00,0,0.37580549721622214,0.6241945027837779,Hold,58.622215,58.740906,58.5332,58.691452,14218
2026-01-22 20:00:00,0,0.3515795547761273,0.6484204452238727,Hold,58.68156,58.770576,58.65189,58.760685,3743
2026-01-22 21:00:00,0,0.3502825179823043,0.6497174820176956,Hold,58.760685,59.037624,58.740906,59.017845,3157
2026-01-22 23:00:00,0,0.3567339287467789,0.6432660712532211,Hold,59.007954,59.09697,58.869484,58.938717,1423
2026-01-23 00:00:00,0,0.37672182496800916,0.6232781750319909,Hold,58.94861,59.057407,58.92883,59.027737,684
2026-01-23 01:00:00,0,0.4121753175968912,0.5878246824031088,Hold,59.017845,59.156315,58.92883,59.116753,2771
2026-01-23 02:00:00,0,0.42794483662563626,0.5720551633743638,Hold,59.116753,59.23544,59.007954,59.195877,2134
2026-01-23 03:00:00,0,0.4627509651489377,0.5372490348510623,Hold,59.195877,59.284893,59.146423,59.176094,2344
2026-01-23 04:00:00,0,0.5131918126784765,0.48680818732152353,Buy,59.176094,59.265114,59.146423,59.23544,713
2026-01-23 05:00:00,0,0.559404801009549,0.44059519899045096,Buy,59.23544,59.275,59.08708,59.156315,1404
2026-01-23 06:00:00,0,0.6050953674703714,0.3949046325296286,Buy,59.166206,59.334347,59.09697,59.314564,1871
2026-01-23 07:00:00,1,0.6213882879193376,0.37861171208066235,Buy,59.294785,59.304676,58.938717,59.017845,3185
2026-01-23 08:00:00,1,0.6600576600871264,0.3399423399128736,Buy,59.007954,59.453033,58.998062,59.24533,7598
2026-01-23 09:00:00,1,0.661093317963721,0.33890668203627905,Buy,59.255222,59.41347,59.20577,59.334347,5838
2026-01-23 10:00:00,1,0.6623331848710373,0.3376668151289627,Buy,59.34424,59.680523,59.324455,59.581615,6832
2026-01-23 11:00:00,1,0.6647859837906205,0.3352140162093795,Buy,59.581615,59.76954,59.52227,59.700302,5314
2026-01-23 12:00:00,0,0.649818273165416,0.35018172683458404,Buy,59.710194,59.878334,59.680523,59.77943,6219
2026-01-23 13:00:00,0,0.6165038630117907,0.3834961369882093,Buy,59.77943,60.39265,59.69041,60.35309,17416
2026-01-23 14:00:00,0,0.5997851812560645,0.4002148187439355,Buy,60.3432,60.590466,60.184948,60.48167,26947
2026-01-23 15:00:00,0,0.5356868575812584,0.46431314241874155,Buy,60.491558,60.521233,60.105824,60.11571,17424
2026-01-23 16:00:00,0,0.5104584669902646,0.48954153300973535,Buy,60.11571,60.521233,60.036587,60.442104,13805
2026-01-23 17:00:00,0,0.48347863289911075,0.5165213671008893,Hold,60.442104,60.560795,60.145386,60.50145,12981
2026-01-23 18:00:00,0,0.4243856091286505,0.5756143908713496,Hold,60.491558,60.580574,60.293747,60.412434,11116
2026-01-23 19:00:00,0,0.41582075378034156,0.5841792462196584,Hold,60.422325,60.590466,60.313526,60.412434,19541
2026-01-23 20:00:00,0,0.3759967239424453,0.6240032760575547,Hold,60.422325,60.550903,60.39265,60.491558,4815
2026-01-23 21:00:00,0,0.37700971091142454,0.6229902890885755,Hold,60.491558,60.689373,60.491558,60.61025,5303
2026-01-25 23:00:00,0,0.37575349438530486,0.6242465056146951,Hold,60.550903,60.630028,59.93768,60.37287,6650
2026-01-26 00:00:00,0,0.38389557493303583,0.6161044250669642,Hold,60.36298,60.48167,60.21462,60.432217,3223
2026-01-26 01:00:00,0,0.41986490262573833,0.5801350973742616,Hold,60.432217,60.62014,60.323418,60.451996,4256
2026-01-26 02:00:00,0,0.3992436866186656,0.6007563133813344,Hold,60.442104,60.48167,60.303635,60.313526,1740
2026-01-26 03:00:00,0,0.42057388642477994,0.5794261135752201,Hold,60.303635,60.432217,60.264072,60.432217,1096
2026-01-26 04:00:00,0,0.46141825413635834,0.5385817458636417,Hold,60.432217,60.531124,60.402542,60.521233,899
2026-01-26 05:00:00,0,0.49690329891149837,0.5030967010885017,Hold,60.521233,60.62014,60.35309,60.560795,1685
2026-01-26 06:00:00,0,0.5245498862134574,0.47545011378654256,Buy,60.550903,61.03555,60.50145,60.877296,6778
2026-01-26 07:00:00,0,0.5687056484755536,0.4312943515244464,Buy,60.867405,60.877296,60.264072,60.283855,7643
2026-01-26 08:00:00,0,0.6067880426858806,0.3932119573141194,Buy,60.283855,60.560795,60.11571,60.550903,11631
2026-01-26 09:00:00,0,0.6093141931933074,0.3906858068066926,Buy,60.560795,60.659702,60.145386,60.442104,7990
2026-01-26 10:00:00,0,0.6172242763554059,0.3827757236445941,Buy,60.432217,60.580574,60.283855,60.570686,4384
2026-01-26 11:00:00,0,0.6140721396171657,0.38592786038283433,Buy,60.570686,60.728935,60.39265,60.491558,5517
2026-01-26 12:00:00,0,0.6113116158445873,0.38868838415541274,Buy,60.491558,60.54101,60.19484,60.22451,6944
2026-01-26 13:00:00,0,0.5766261679607776,0.4233738320392224,Buy,60.2344,60.3432,59.898117,60.125603,12283
2026-01-26 14:00:00,0,0.5687402396924351,0.43125976030756485,Buy,60.125603,60.273964,59.83877,59.868446,20922
2026-01-26 15:00:00,0,0.5153392260364389,0.4846607739635611,Buy,59.868446,60.33331,59.759647,59.93768,15918
2026-01-26 16:00:00,0,0.43675319596182455,0.5632468040381755,Hold,59.93768,60.244293,59.76954,60.175056,12593
2026-01-26 17:00:00,0,0.4144090584047466,0.5855909415952534,Hold,60.175056,60.36298,60.066257,60.293747,7832
2026-01-26 18:00:00,0,0.37658212227579424,0.6234178777242058,Hold,60.293747,60.303635,59.878334,59.957462,10923
2026-01-26 19:00:00,0,0.35134861279132956,0.6486513872086704,Hold,59.957462,60.036587,59.82888,59.957462,11504
2026-01-26 20:00:00,0,0.33199465049314125,0.6680053495068587,Hold,59.957462,60.175056,59.66074,60.105824,11890
2026-01-26 21:00:00,0,0.32112019735077346,0.6788798026492265,Hold,60.11571,60.2344,59.97724,60.165165,2983
2026-01-26 23:00:00,0,0.33607164323316346,0.6639283567668366,Hold,60.11571,60.204727,60.08604,60.145386,531
2026-01-27 00:00:00,0,0.33357126016754335,0.6664287398324567,Hold,60.155277,60.184948,60.105824,60.145386,556
2026-01-27 01:00:00,0,0.37843877148175387,0.6215612285182461,Hold,60.135494,60.19484,59.542053,59.591507,4626
2026-01-27 02:00:00,0,0.37620966297887737,0.6237903370211226,Hold,59.591507,59.720085,59.561832,59.66074,2075
2026-01-27 03:00:00,0,0.4051381515954514,0.5948618484045486,Hold,59.65085,59.65085,59.561832,59.591507,1559
2026-01-27 04:00:00,0,0.4507912565803415,0.5492087434196584,Hold,59.591507,59.66074,59.561832,59.571724,888
2026-01-27 05:00:00,0,0.470466354638497,0.5295336453615029,Hold,59.561832,59.789318,59.51238,59.749756,1640
2026-01-27 06:00:00,0,0.5085782211464804,0.49142177885351956,Buy,59.759647,59.878334,59.69041,59.858555,1666
2026-01-27 07:00:00,1,0.5770793406260837,0.4229206593739163,Buy,59.858555,59.878334,59.63107,59.720085,2559
2026-01-27 08:00:00,1,0.6152136815844395,0.38478631841556055,Buy,59.729977,59.82888,59.482708,59.76954,6304
2026-01-27 09:00:00,1,0.6070019632677037,0.3929980367322963,Buy,59.76954,60.036587,59.63107,59.97724,5885
2026-01-27 10:00:00,0,0.6360934589949822,0.36390654100501785,Buy,59.987133,60.36298,59.957462,60.273964,8548
2026-01-27 11:00:00,1,0.6488316284226742,0.35116837157732583,Buy,60.264072,60.313526,59.90801,59.94757,5573
2026-01-27 12:00:00,1,0.6589224343416427,0.34107756565835734,Buy,59.94757,60.05637,59.77943,59.987133,5851
2026-01-27 13:00:00,0,0.5970941081720281,0.4029058918279719,Buy,59.987133,61.18391,59.94757,61.104782,26994
2026-01-27 14:00:00,1,0.5981063297896625,0.4018936702103375,Buy,61.104782,61.134457,60.273964,60.61025,30433
2026-01-27 15:00:00,0,0.5187559011952808,0.4812440988047192,Buy,60.61025,61.03555,60.432217,61.015766,17411
2026-01-27 16:00:00,0,0.5063274894480696,0.4936725105519304,Buy,61.025658,61.302597,60.946533,61.223473,19807
2026-01-27 17:00:00,0,0.4816339645257047,0.5183660354742953,Hold,61.21358,61.510303,61.18391,61.401505,18002
2026-01-27 18:00:00,0,0.4482360815435784,0.5517639184564216,Hold,61.401505,61.559757,61.24325,61.272926,13579
2026-01-27 19:00:00,0,0.4154402096516817,0.5845597903483183,Hold,61.282818,61.896038,61.263035,61.510303,26255
2026-01-27 20:00:00,0,0.3858088604318921,0.6141911395681079,Hold,61.52019,61.94549,61.500412,61.87626,7168
2026-01-27 21:00:00,0,0.38648158224646617,0.6135184177535338,Hold,61.87626,61.896038,61.688335,61.88615,3946
2026-01-27 23:00:00,0,0.3974091799990521,0.6025908200009479,Hold,61.896038,61.985058,61.77735,61.856476,1467
2026-01-28 00:00:00,0,0.401778561843601,0.598221438156399,Hold,61.856476,61.965275,61.787243,61.84659,1578
2026-01-28 01:00:00,0,0.442036990147254,0.5579630098527459,Hold,61.836697,61.955383,61.658665,61.76746,3773
2026-01-28 02:00:00,0,0.41323223209837656,0.5867677679016234,Hold,61.76746,62.0444,61.708115,61.955383,2521
2026-01-28 03:00:00,0,0.4492643547512886,0.5507356452487113,Hold,61.955383,62.17298,61.94549,62.01473,3453
2026-01-28 04:00:00,0,0.4870797350138843,0.5129202649861158,Hold,62.02462,62.16309,61.994946,62.133415,2469
2026-01-28 05:00:00,0,0.5144900954264412,0.4855099045735588,Buy,62.133415,62.19276,62.074074,62.18287,1374
2026-01-28 06:00:00,0,0.5676247109474054,0.4323752890525946,Buy,62.18287,62.31145,62.0444,62.08396,3476
2026-01-28 07:00:00,0,0.6031389817768,0.39686101822319997,Buy,62.08396,62.093853,61.718006,61.816914,5971
2026-01-28 08:00:00,0,0.6083932788544821,0.39160672114551787,Buy,61.816914,62.113636,61.727898,62.02462,8722
2026-01-28 09:00:00,1,0.6193310569176038,0.3806689430823962,Buy,62.02462,62.03451,61.391613,61.49052,10509
2026-01-28 10:00:00,1,0.6421926830992633,0.35780731690073675,Buy,61.48063,61.60921,61.421288,61.46085,5397
2026-01-28 11:00:00,0,0.6187087722283979,0.38129122777160207,Buy,61.45096,61.91582,61.431175,61.88615,5607
2026-01-28 12:00:00,0,0.6183776906021627,0.38162230939783726,Buy,61.896038,62.47959,61.718006,62.123528,21957
2026-01-28 13:00:00,0,0.5919379845625956,0.4080620154374044,Buy,62.123528,62.697186,62.074074,62.657623,19212
2026-01-28 14:00:00,0,0.6094413297211733,0.39055867027882674,Buy,62.657623,62.825768,62.18287,62.489483,37839
2026-01-28 15:00:00,0,0.5595143497609169,0.44048565023908315,Buy,62.489483,62.568607,61.955383,62.271885,21688
2026-01-28 16:00:00,0,0.5543931422832106,0.44560685771678943,Buy,62.281776,62.400467,62.004837,62.05429,13471
2026-01-28 17:00:00,0,0.521245598235297,0.47875440176470296,Buy,62.0444,62.242214,61.856476,62.05429,10969
2026-01-28 18:00:00,0,0.4336358092042941,0.5663641907957059,Hold,62.0444,62.489483,62.01473,62.410355,8620
2026-01-28 19:00:00,0,0.4334064303007203,0.5665935696992797,Hold,62.420246,62.598278,62.351013,62.538937,14608
2026-01-28 20:00:00,0,0.40363333673346835,0.5963666632665316,Hold,62.529045,62.776314,62.529045,62.687298,5072
2026-01-28 21:00:00,0,0.38616254305977804,0.613837456940222,Hold,62.677406,62.87522,62.627953,62.805984,4149
2026-01-28 23:00:00,0,0.41145378325274595,0.588546216747254,Hold,62.805984,63.132378,62.58839,62.687298,5233
2026-01-29 00:00:00,0,0.3689929433120583,0.6310070566879418,Hold,62.697186,62.974125,62.61806,62.845547,2293
2026-01-29 01:00:00,0,0.39575369777410696,0.604246302225893,Hold,62.835655,63.132378,62.73675,63.122486,4724
2026-01-29 02:00:00,0,0.4085794964174318,0.5914205035825681,Hold,63.122486,63.359863,62.944454,63.3203,4236
2026-01-29 03:00:00,0,0.44023365333771963,0.5597663466622804,Hold,63.330193,63.399426,63.221394,63.369755,2797
2026-01-29 04:00:00,0,0.47710934230926694,0.5228906576907331,Hold,63.369755,63.67637,63.34997,63.617023,3830
2026-01-29 05:00:00,0,0.5214652165796693,0.47853478342033073,Buy,63.617023,63.617023,63.3203,63.4291,2819
2026-01-29 06:00:00,0,0.550227291469024,0.44977270853097595,Buy,63.4291,63.775272,63.3203,63.488445,4251
2026-01-29 07:00:00,1,0.5872744234762278,0.4127255765237722,Buy,63.488445,63.696148,63.330193,63.379646,5117
2026-01-29 08:00:00,1,0.5835458773862326,0.41645412261376735,Buy,63.379646,63.963196,63.34997,63.913742,9979
2026-01-29 09:00:00,0,0.6003838841199046,0.3996161158800954,Buy,63.923634,64.37861,63.656586,64.14123,12702
2026-01-29 10:00:00,1,0.5761923134023385,0.42380768659766155,Buy,64.14123,64.16101,63.617023,64.022545,11023
2026-01-29 11:00:00,1,0.5833386262220034,0.4166613737779966,Buy,64.01265,64.210464,63.666477,64.022545,7811
2026-01-29 12:00:00,1,0.5806318425737615,0.41936815742623845,Buy,64.01265,64.1709,63.88407,63.98298,8499
2026-01-29 13:00:00,0,0.552277606401268,0.447722393598732,Buy,63.98298,64.912704,63.913742,64.73467,24956
2026-01-29 14:00:00,0,0.5488143800592624,0.4511856199407376,Buy,64.74456,65.75342,64.68522,65.40724,55777
2026-01-29 15:00:00,0,0.4664499036669247,0.5335500963330753,Hold,65.40724,65.46658,63.933525,64.71489,64690
2026-01-29 16:00:00,0,0.45196775833163805,0.548032241668362,Hold,64.71489,65.031395,64.1709,64.52697,32500
2026-01-29 17:00:00,0,0.426861830374121,0.573138169625879,Hold,64.53686,64.96216,64.358826,64.78413,25965
2026-01-29 18:00:00,0,0.3967959868122561,0.6032040131877439,Hold,64.77424,64.873146,64.19068,64.40828,19307
2026-01-29 19:00:00,0,0.3766721875290627,0.6233278124709374,Hold,64.41817,64.873146,64.358826,64.665436,23224
2026-01-29 20:00:00,0,0.3596851501614475,0.6403148498385525,Hold,64.65555,65.20943,64.635765,64.76434,10229
2026-01-29 21:00:00,0,0.3450898545724013,0.6549101454275987,Hold,64.754456,64.80391,64.50719,64.794014,4432
2026-01-29 23:00:00,0,0.3521117636222605,0.6478882363777395,Hold,64.80391,65.150085,64.665436,64.873146,2088
2026-01-30 00:00:00,0,0.345492316870114,0.6545076831298859,Hold,64.86325,64.98194,63.399426,64.64565,8266
2026-01-30 01:00:00,0,0.3476762972364614,0.6523237027635387,Hold,64.64565,64.85336,63.973087,64.0621,8534
2026-01-30 02:00:00,0,0.3517371537891255,0.6482628462108745,Hold,64.08189,64.12145,62.944454,63.7456,13295
2026-01-30 03:00:00,0,0.3665044115613441,0.6334955884386559,Hold,63.755493,63.775272,63.409317,63.537895,3334
2026-01-30 04:00:00,0,0.4067668370685201,0.5932331629314799,Hold,63.537895,63.73571,63.528008,63.626915,2779
2026-01-30 05:00:00,0,0.43450356706323434,0.5654964329367657,Hold,63.617023,64.03243,63.537895,63.775272,4724
2026-01-30 06:00:00,0,0.45358155451179366,0.5464184454882064,Hold,63.765385,63.785164,63.28074,63.3203,3720
2026-01-30 07:00:00,0,0.4767467426801277,0.5232532573198723,Hold,63.340084,63.686256,63.31041,63.45877,5052
2026-01-30 08:00:00,0,0.49690145447515066,0.5030985455248493,Hold,63.44888,63.99287,63.389538,63.804947,10814
2026-01-30 09:00:00,0,0.49556616632218475,0.5044338336778152,Hold,63.795055,64.3885,63.775272,63.973087,10969
2026-01-30 10:00:00,0,0.4932137255764567,0.5067862744235433,Hold,63.973087,64.1709,63.518116,63.923634,9596
2026-01-30 11:00:00,0,0.5031090243817987,0.4968909756182013,Buy,63.923634,64.358826,63.59724,64.30937,17171
2026-01-30 12:00:00,0,0.5186064260310705,0.48139357396892946,Buy,64.30937,64.64565,64.16101,64.52697,9346
2026-01-30 13:00:00,0,0.5195510263090023,0.4804489736909977,Buy,64.53686,64.724785,64.20058,64.5962,13813
2026-01-30 14:00:00,0,0.486020941923251,0.5139790580767489,Hold,64.58631,65.19954,64.56653,64.972046,28247
2026-01-30 15:00:00,0,0.4509078748991591,0.5490921251008409,Hold,64.972046,65.07095,64.57642,64.89292,18231
2026-01-30 16:00:00,0,0.4503320066442543,0.5496679933557457,Hold,64.90282,65.38746,64.73467,64.972046,23211
2026-01-30 17:00:00,0,0.41773930652804414,0.5822606934719559,Hold,64.972046,65.12041,63.636803,63.824726,42667
2026-01-30 18:00:00,0,0.3703474461885536,0.6296525538114464,Hold,63.824726,64.072,63.478554,63.98298,22587
2026-01-30 19:00:00,0,0.3597249628217887,0.6402750371782113,Hold,63.99287,64.96216,63.963196,64.85336,24953
2026-01-30 20:00:00,0,0.33354784585833747,0.6664521541416626,Hold,64.85336,65.19954,64.83358,65.05118,9516
2026-01-30 21:00:00,0,0.3293533129686221,0.6706466870313779,Hold,65.05118,65.150085,64.972046,65.0215,3424
2026-02-01 23:00:00,0,0.34530754035428934,0.6546924596457107,Hold,64.01265,64.03243,62.281776,62.5785,15988
2026-02-02 00:00:00,0,0.2868810841141938,0.7131189158858062,Hold,62.58839,63.102707,62.568607,63.0038,3896
2026-02-02 01:00:00,0,0.3319388244119,0.6680611755881001,Hold,63.01369,63.02358,61.925713,62.34112,16601
2026-02-02 02:00:00,0,0.3312038910875527,0.6687961089124472,Hold,62.34112,62.430138,61.63888,61.75757,5886
2026-02-02 03:00:00,0,0.35469235728774584,0.6453076427122542,Hold,61.74768,61.965275,61.59932,61.60921,5741
2026-02-02 04:00:00,0,0.38083998035739514,0.6191600196426048,Hold,61.6191,61.648773,61.431175,61.500412,4009
2026-02-02 05:00:00,0,0.41405048783828535,0.5859495121617146,Hold,61.500412,61.52019,60.75861,60.92675,10513
2026-02-02 06:00:00,0,0.4434414108560466,0.5565585891439534,Hold,60.92675,61.193798,60.78828,60.995987,6468
2026-02-02 07:00:00,0,0.4631269539978991,0.536873046002101,Hold,60.986095,61.569645,60.986095,61.233364,10300
2026-02-02 08:00:00,0,0.5064861795016761,0.49351382049832393,Buy,61.24325,61.688335,60.986095,60.986095,13012
2026-02-02 09:00:00,0,0.5010593779911848,0.49894062200881517,Buy,60.995987,61.45096,60.719048,61.431175,13501
2026-02-02 10:00:00,0,0.5166775947704706,0.4833224052295294,Buy,61.421288,61.59932,61.07511,61.233364,9181
2026-02-02 11:00:00,0,0.5288217611108696,0.47117823888913035,Buy,61.223473,61.34216,60.93664,61.18391,6360
2026-02-02 12:00:00,0,0.49481158702759975,0.5051884129724002,Hold,61.18391,61.6191,61.18391,61.441067,8630
2026-02-02 13:00:00,0,0.4990461173489919,0.500953882651008,Hold,61.441067,61.441067,60.90697,61.431175,16490
2026-02-02 14:00:00,0,0.5010512741753832,0.4989487258246168,Buy,61.441067,61.87626,61.31249,61.38172,26074
2026-02-02 15:00:00,0,0.4677254520407382,0.5322745479592619,Hold,61.38172,61.88615,61.114674,61.272926,33652
2026-02-02 16:00:00,0,0.41404502453631015,0.5859549754636899,Hold,61.263035,61.530083,61.07511,61.292706,20719
2026-02-02 17:00:00,0,0.3888695984223104,0.6111304015776896,Hold,61.282818,61.302597,60.986095,61.094894,11029
2026-02-02 18:00:00,0,0.3594623823157884,0.6405376176842116,Hold,61.085003,61.401505,60.867405,61.05533,10378
2026-02-02 19:00:00,0,0.32347088264068724,0.6765291173593128,Hold,61.04544,61.539974,60.90697,61.371834,18595
2026-02-02 20:00:00,0,0.27867418385995923,0.7213258161400408,Hold,61.38172,61.6191,61.35205,61.569645,4239
2026-02-02 21:00:00,0,0.30318666978866915,0.6968133302113309,Hold,61.569645,61.688335,61.48063,61.648773,2106
2026-02-02 23:00:00,0,0.3229210174865201,0.67707898251348,Hold,61.59932,61.60921,61.114674,61.263035,2283
2026-02-03 00:00:00,0,0.31267159095442215,0.6873284090455778,Hold,61.263035,61.371834,61.21358,61.302597,1098
2026-02-03 01:00:00,0,0.367511811657144,0.6324881883428559,Hold,61.32238,61.77735,61.302597,61.668552,4038
2026-02-03 02:00:00,0,0.36807890593155235,0.6319210940684477,Hold,61.668552,61.698227,60.877296,61.085003,5078
2026-02-03 03:00:00,0,0.36599542021538095,0.634004579784619,Hold,61.06522,61.32238,60.93664,61.253143,2398
2026-02-03 04:00:00,0,0.42589634561376655,0.5741036543862335,Hold,61.253143,61.34216,61.144344,61.233364,1247
2026-02-03 05:00:00,0,0.4715468129105397,0.5284531870894603,Hold,61.24325,61.292706,61.124565,61.193798,1467
2026-02-03 06:00:00,0,0.4872114622502717,0.5127885377497283,Hold,61.193798,61.24325,61.07511,61.164127,1634
2026-02-03 07:00:00,0,0.5383019254831926,0.46169807451680744,Buy,61.144344,61.38172,61.04544,61.233364,3626
2026-02-03 08:00:00,0,0.5887350842576244,0.41126491574237556,Buy,61.24325,61.48063,60.669594,60.946533,10387
2026-02-03 09:00:00,0,0.5834512538012133,0.4165487461987867,Buy,60.946533,61.193798,60.451996,61.05533,11355
2026-02-03 10:00:00,0,0.5519713354459459,0.4480286645540541,Buy,61.06522,61.658665,61.06522,61.539974,7796
2026-02-03 11:00:00,0,0.5625438522577001,0.4374561477422999,Buy,61.539974,61.718006,61.421288,61.668552,6298
2026-02-03 12:00:00,0,0.5542520608753572,0.44574793912464283,Buy,61.668552,61.90593,61.530083,61.87626,7837
2026-02-03 13:00:00,0,0.5253200093022368,0.47467999069776323,Buy,61.87626,62.02462,61.668552,61.91582,10576
2026-02-03 14:00:00,0,0.48091611394139816,0.5190838860586018,Hold,61.91582,62.44003,61.708115,62.05429,24517
2026-02-03 15:00:00,0,0.43424129333259814,0.5657587066674019,Hold,62.0444,62.281776,61.836697,62.05429,16430
2026-02-03 16:00:00,1,0.4355461981644418,0.5644538018355583,Hold,62.05429,62.31145,61.836697,61.985058,22939
2026-02-03 17:00:00,0,0.3911124876956427,0.6088875123043573,Hold,61.985058,63.04336,61.836697,62.44992,48073
2026-02-03 18:00:00,0,0.36054067743637086,0.6394593225636291,Hold,62.44992,62.667515,61.91582,62.400467,19374
2026-02-03 19:00:00,0,0.29966594582855766,0.7003340541714423,Hold,62.400467,62.87522,62.01473,62.7862,20202
2026-02-03 20:00:00,0,0.2826904204878625,0.7173095795121375,Hold,62.776314,63.508224,62.766422,63.379646,10572
2026-02-03 21:00:00,0,0.28696302159676057,0.7130369784032394,Hold,63.389538,63.44888,62.845547,63.201614,6413
2026-02-03 23:00:00,0,0.28869412702735564,0.7113058729726444,Hold,63.102707,63.14227,62.934563,63.063145,1314
2026-02-04 00:00:00,0,0.28440931971075634,0.7155906802892437,Hold,63.053253,63.201614,63.02358,63.063145,1014
2026-02-04 01:00:00,0,0.31723654624485176,0.6827634537551482,Hold,63.073032,63.468662,62.776314,63.34997,4702
2026-02-04 02:00:00,0,0.3404060746286285,0.6595939253713715,Hold,63.34997,63.43899,62.845547,62.964237,3441
2026-02-04 03:00:00,0,0.34438676046483674,0.6556132395351633,Hold,62.964237,63.18183,62.88511,63.14227,1982
2026-02-04 04:00:00,0,0.3884138334840313,0.6115861665159688,Hold,63.14227,63.201614,63.073032,63.14227,890
2026-02-04 05:00:00,0,0.43594737600087163,0.5640526239991284,Hold,63.14227,63.16205,63.04336,63.053253,1214
2026-02-04 06:00:00,0,0.46591599466925027,0.5340840053307497,Hold,63.053253,63.132378,62.934563,63.03347,1496
2026-02-04 07:00:00,0,0.5295601031996284,0.47043989680037157,Buy,63.04336,63.1126,62.568607,62.667515,4878
2026-02-04 08:00:00,0,0.553244324124885,0.446755675875115,Buy,62.667515,63.0038,62.261997,62.47959,8853
2026-02-04 09:00:00,0,0.5132508478138655,0.48674915218613446,Buy,62.47959,63.082924,62.390575,63.04336,7624
2026-02-04 10:00:00,0,0.5473860770681808,0.45261392293181923,Buy,63.03347,63.092815,62.74664,62.835655,4665
2026-02-04 11:00:00,1,0.5437209020798123,0.4562790979201877,Buy,62.835655,62.835655,62.568607,62.61806,4390
2026-02-04 12:00:00,0,0.5260364147044136,0.47396358529558635,Buy,62.60817,62.914783,62.538937,62.707077,5190
2026-02-04 13:00:00,1,0.5364797894651752,0.46352021053482484,Buy,62.707077,62.796093,62.17298,62.202652,11088
2026-02-04 14:00:00,1,0.4965446031760343,0.5034553968239657,Hold,62.212543,62.805984,62.17298,62.5785,18877
2026-02-04 15:00:00,1,0.46086235926947583,0.5391376407305242,Hold,62.558716,62.944454,62.34112,62.61806,19844
2026-02-04 16:00:00,1,0.40263648138617814,0.5973635186138219,Hold,62.627953,62.87522,62.291668,62.845547,14034
2026-02-04 17:00:00,0,0.38998688413472155,0.6100131158652784,Hold,62.835655,64.8138,62.796093,64.41817,63284
2026-02-04 18:00:00,0,0.3674775968747233,0.6325224031252767,Hold,64.42806,64.67533,63.933525,64.34894,29415
2026-02-04 19:00:00,0,0.3389072334216541,0.6610927665783459,Hold,64.329155,64.74456,62.934563,63.528008,48367
2026-02-04 20:00:00,0,0.3056893270997547,0.6943106729002453,Hold,63.537895,63.923634,63.468662,63.607132,6573
2026-02-04 21:00:00,0,0.28386495887873936,0.7161350411212606,Hold,63.617023,63.84451,63.55768,63.765385,2439
2026-02-04 23:00:00,0,0.29938493996152676,0.7006150600384733,Hold,63.785164,63.943417,63.31041,63.71593,2152
2026-02-05 00:00:00,0,0.30311982056637593,0.6968801794336241,Hold,63.70604,63.923634,63.636803,63.686256,1599
2026-02-05 01:00:00,0,0.3097137346037267,0.6902862653962734,Hold,63.686256,63.81484,63.379646,63.379646,5089
2026-02-05 02:00:00,0,0.33113744556519287,0.6688625544348071,Hold,63.389538,63.4291,62.895,62.993908,7465
2026-02-05 03:00:00,0,0.32425704898280877,0.6757429510171913,Hold,63.0038,63.29063,62.7862,63.14227,3779
2026-02-05 04:00:00,0,0.3645613229630558,0.6354386770369442,Hold,63.14227,63.191723,62.974125,63.082924,1519
2026-02-05 05:00:00,0,0.41438741308359905,0.585612586916401,Hold,63.063145,63.18183,62.904892,63.0038,2136
2026-02-05 06:00:00,0,0.41256247667491985,0.5874375233250801,Hold,63.0038,63.260956,62.993908,63.16205,1492
2026-02-05 07:00:00,0,0.47025530666557647,0.5297446933344235,Hold,63.18183,63.41921,63.102707,63.330193,3859
2026-02-05 08:00:00,0,0.510408092333041,0.48959190766695904,Buy,63.330193,63.547787,63.25107,63.41921,5406
2026-02-05 09:00:00,0,0.5202903321962438,0.47970966780375623,Buy,63.41921,63.70604,63.260956,63.488445,6403
2026-02-05 10:00:00,0,0.5270438461763736,0.47295615382362644,Buy,63.478554,63.71593,63.41921,63.44888,4930
2026-02-05 11:00:00,0,0.5268145177909278,0.4731854822090722,Buy,63.43899,63.84451,63.369755,63.84451,7326
2026-02-05 12:00:00,0,0.5037813150685431,0.49621868493145693,Buy,63.8544,63.963196,62.88511,63.122486,13258
2026-02-05 13:00:00,0,0.4849474169454148,0.5150525830545851,Hold,63.1126,63.31041,62.538937,62.657623,16501
2026-02-05 14:00:00,0,0.4731463980438418,0.5268536019561583,Hold,62.667515,62.984016,62.33123,62.86533,26614
2026-02-05 15:00:00,0,0.4062963966784861,0.593703603321514,Hold,62.85544,62.895,61.965275,62.33123,23228
2026-02-05 16:00:00,0,0.36140597983598804,0.6385940201640119,Hold,62.34112,62.895,62.074074,62.88511,20449
2026-02-05 17:00:00,0,0.35515849271612554,0.6448415072838745,Hold,62.895,63.17194,62.687298,62.904892,11735
2026-02-05 18:00:00,0,0.33373439716379705,0.666265602836203,Hold,62.895,62.993908,62.60817,62.687298,9613
2026-02-05 19:00:00,0,0.3246178392738436,0.6753821607261564,Hold,62.687298,62.7862,62.242214,62.499374,19610
2026-02-05 20:00:00,0,0.28365967225646016,0.7163403277435398,Hold,62.499374,62.75653,62.4697,62.58839,3757
2026-02-05 21:00:00,0,0.2975611656797971,0.7024388343202028,Hold,62.5785,62.61806,62.32134,62.430138,2936
2026-02-05 23:00:00,0,0.29392232015330605,0.7060776798466939,Hold,62.410355,62.44992,62.004837,62.133415,1557
2026-02-06 00:00:00,0,0.3053132452832785,0.6946867547167215,Hold,62.123528,62.31145,61.62899,62.212543,4624
2026-02-06 01:00:00,0,0.32315517590939197,0.676844824090608,Hold,62.232323,62.430138,61.925713,62.351013,5134
2026-02-06 02:00:00,0,0.3178518108861243,0.6821481891138756,Hold,62.360905,63.15216,62.32134,62.657623,7475
2026-02-06 03:00:00,0,0.32292602439142276,0.6770739756085773,Hold,62.637844,62.924675,62.627953,62.914783,1672
2026-02-06 04:00:00,0,0.3731198615446103,0.6268801384553897,Hold,62.904892,63.03347,62.895,62.944454,1292
2026-02-06 05:00:00,0,0.4420744685970668,0.5579255314029332,Hold,62.954346,63.56757,62.914783,63.389538,4564
2026-02-06 06:00:00,0,0.464125812302519,0.5358741876974811,Hold,63.399426,63.646694,63.28074,63.389538,4107
2026-02-06 07:00:00,0,0.5072269305650673,0.4927730694349327,Buy,63.379646,63.56757,63.3203,63.478554,3874
2026-02-06 08:00:00,0,0.5253992224751912,0.4746007775248088,Buy,63.488445,63.498333,62.954346,63.379646,10792
2026-02-06 09:00:00,0,0.522538142786061,0.47746185721393897,Buy,63.389538,63.87418,63.201614,63.488445,21487
2026-02-06 10:00:00,0,0.5267640286825322,0.47323597131746775,Buy,63.478554,63.488445,62.5785,62.707077,9842
2026-02-06 11:00:00,0,0.5232805184371982,0.47671948156280175,Buy,62.71697,62.944454,62.123528,62.529045,13515
2026-02-06 12:00:00,0,0.5336332189766018,0.46636678102339824,Buy,62.529045,62.538937,61.975166,62.33123,10969
2026-02-06 13:00:00,1,0.514890386350314,0.48510961364968597,Buy,62.32134,62.924675,61.52019,61.708115,31654
2026-02-06 14:00:00,0,0.4647227863916328,0.5352772136083672,Hold,61.688335,62.954346,61.579536,62.835655,30046
2026-02-06 15:00:00,0,0.43988714838332,0.56011285161668,Hold,62.845547,63.478554,62.776314,63.330193,29286
2026-02-06 16:00:00,0,0.3843508589144239,0.6156491410855761,Hold,63.330193,63.547787,63.102707,63.45877,13947
2026-02-06 17:00:00,0,0.3664189637072291,0.633581036292771,Hold,63.45877,63.686256,63.389538,63.58735,11771
2026-02-06 18:00:00,0,0.34638410779682194,0.6536158922031781,Hold,63.59724,63.666477,63.132378,63.28074,15775
2026-02-06 19:00:00,0,0.32431685894933854,0.6756831410506614,Hold,63.29063,63.29063,62.687298,62.71697,21425
2026-02-06 20:00:00,0,0.2968015301877998,0.7031984698122002,Hold,62.71697,62.805984,62.5785,62.776314,5501
2026-02-06 21:00:00,0,0.2969428548565858,0.7030571451434142,Hold,62.7862,62.85544,62.64773,62.805984,3165
2026-02-08 23:00:00,0,0.2845326629152755,0.7154673370847244,Hold,62.30156,62.489483,61.935604,62.261997,5933
2026-02-09 00:00:00,0,0.247808879255227,0.752191120744773,Hold,62.261997,62.47959,62.18287,62.420246,1278
2026-02-09 01:00:00,0,0.2668601398430989,0.733139860156901,Hold,62.420246,62.598278,62.360905,62.529045,2094
2026-02-09 02:00:00,0,0.28864699075408184,0.7113530092459182,Hold,62.529045,62.60817,62.16309,62.271885,2520
2026-02-09 03:00:00,0,0.30668392209255624,0.6933160779074438,Hold,62.271885,62.370792,62.202652,62.291668,1367
2026-02-09 04:00:00,0,0.3554836760023765,0.6445163239976235,Hold,62.291668,62.33123,62.19276,62.261997,944
2026-02-09 05:00:00,0,0.4043149915859028,0.5956850084140972,Hold,62.252106,62.32134,62.08396,62.212543,1534
2026-02-09 06:00:00,0,0.4332374256986936,0.5667625743013064,Hold,62.19276,62.291668,62.113636,62.19276,1336
2026-02-09 07:00:00,0,0.465727150824473,0.534272849175527,Hold,62.18287,62.202652,61.994946,62.0444,3179
2026-02-09 08:00:00,1,0.4929538312701586,0.5070461687298413,Hold,62.05429,62.44003,62.0444,62.212543,5610
2026-02-09 09:00:00,1,0.5008827124727556,0.4991172875272444,Buy,62.222435,62.529045,62.064182,62.212543,6113
2026-02-09 10:00:00,0,0.5035415804422532,0.49645841955774683,Buy,62.212543,63.191723,62.16309,63.17194,9597
2026-02-09 11:00:00,0,0.5122699000766496,0.48773009992335037,Buy,63.16205,63.17194,62.815876,63.132378,5510
2026-02-09 12:00:00,0,0.49978307760234475,0.5002169223976553,Hold,63.14227,63.221394,62.984016,63.04336,3836
2026-02-09 13:00:00,1,0.4814322017326997,0.5185677982673003,Hold,63.04336,63.053253,62.499374,62.538937,8597
2026-02-09 14:00:00,0,0.4642747832839782,0.5357252167160218,Hold,62.529045,63.617023,62.370792,63.369755,22188
2026-02-09 15:00:00,0,0.43127982188972463,0.5687201781102753,Hold,63.359863,63.528008,63.25107,63.468662,12000
2026-02-09 16:00:00,0,0.3767700158869245,0.6232299841130755,Hold,63.468662,64.1709,63.359863,64.14123,16180
2026-02-09 17:00:00,0,0.36730253386279194,0.632697466137208,Hold,64.14123,64.1709,63.84451,64.052216,9344
2026-02-09 18:00:00,0,0.32718561939180363,0.6728143806081963,Hold,64.072,64.072,63.686256,63.795055,8717
2026-02-09 19:00:00,0,0.32843914138236396,0.671560858617636,Hold,63.785164,63.804947,63.498333,63.547787,14631
2026-02-09 20:00:00,0,0.2996128153545134,0.7003871846454865,Hold,63.55768,63.636803,63.508224,63.58735,2703
2026-02-09 21:00:00,0,0.29016123584603065,0.7098387641539694,Hold,63.59724,63.765385,63.59724,63.71593,1993
2026-02-09 23:00:00,0,0.3034478665415279,0.6965521334584721,Hold,63.73571,63.795055,63.607132,63.70604,876
2026-02-10 00:00:00,0,0.30719669516029807,0.692803304839702,Hold,63.696148,63.696148,63.55768,63.607132,648
2026-02-10 01:00:00,0,0.33342287114937424,0.6665771288506257,Hold,63.607132,63.636803,63.17194,63.57746,3680
2026-02-10 02:00:00,0,0.34342471014782244,0.6565752898521775,Hold,63.58735,63.656586,63.498333,63.58735,1191
2026-02-10 03:00:00,0,0.358879680574905,0.641120319425095,Hold,63.58735,63.607132,63.379646,63.498333,2001
2026-02-10 04:00:00,0,0.413835691132199,0.586164308867801,Hold,63.488445,63.547787,63.44888,63.498333,935
2026-02-10 05:00:00,0,0.4294480074822422,0.5705519925177578,Hold,63.498333,63.56757,63.369755,63.389538,1660
2026-02-10 06:00:00,0,0.47254524846833706,0.527454751531663,Hold,63.389538,63.72582,63.369755,63.656586,2566
2026-02-10 07:00:00,0,0.5210898043782117,0.47891019562178827,Buy,63.656586,63.72582,63.488445,63.617023,2719
2026-02-10 08:00:00,0,0.5358569137445013,0.4641430862554987,Buy,63.59724,63.923634,63.379646,63.903854,5963
2026-02-10 09:00:00,0,0.535057129887609,0.464942870112391,Buy,63.903854,63.98298,63.41921,63.4291,5739
2026-02-10 10:00:00,0,0.5462026024240755,0.4537973975759245,Buy,63.43899,63.765385,63.3203,63.636803,5267
2026-02-10 11:00:00,0,0.5486875578601093,0.45131244213989075,Buy,63.636803,63.95331,63.58735,63.88407,4562
2026-02-10 12:00:00,0,0.5391757902992547,0.46082420970074534,Buy,63.88407,63.893963,63.547787,63.7456,4499
2026-02-10 13:00:00,0,0.5418913855307115,0.4581086144692885,Buy,63.7456,64.00276,63.666477,63.804947,6787
2026-02-10 14:00:00,0,0.5251383629340692,0.47486163706593076,Buy,63.804947,63.963196,63.4291,63.804947,16361
2026-02-10 15:00:00,0,0.4770067212283677,0.5229932787716323,Hold,63.824726,63.963196,63.41921,63.498333,14070
2026-02-10 16:00:00,0,0.4261576598972384,0.5738423401027616,Hold,63.488445,63.498333,63.082924,63.28074,14018
2026-02-10 17:00:00,0,0.4340779185974764,0.5659220814025236,Hold,63.270847,63.58735,63.17194,63.369755,8394
2026-02-10 18:00:00,0,0.3961340732808397,0.6038659267191603,Hold,63.369755,63.379646,62.954346,63.14227,15806
2026-02-10 19:00:00,0,0.3491006706306521,0.6508993293693479,Hold,63.14227,63.498333,63.092815,63.43899,12866
2026-02-10 20:00:00,0,0.32702582251017326,0.6729741774898268,Hold,63.43899,63.7456,63.3203,63.59724,8920
2026-02-10 21:00:00,0,0.332114539573812,0.667885460426188,Hold,63.607132,63.617023,63.4291,63.498333,3256
2026-02-10 23:00:00,0,0.34157023354252075,0.6584297664574792,Hold,63.498333,63.636803,63.44888,63.607132,969
2026-02-11 00:00:00,0,0.32351568863349894,0.6764843113665011,Hold,63.617023,63.636803,63.518116,63.537895,610
2026-02-11 01:00:00,0,0.35797037744178567,0.6420296225582143,Hold,63.547787,63.686256,63.468662,63.646694,1630
2026-02-11 02:00:00,0,0.3824518498472638,0.6175481501527362,Hold,63.646694,63.923634,63.626915,63.834618,2260
2026-02-11 03:00:00,0,0.3949641780037234,0.6050358219962766,Hold,63.834618,63.864292,63.7456,63.804947,1226
2026-02-11 04:00:00,0,0.44451852009429776,0.5554814799057022,Hold,63.804947,63.824726,63.70604,63.71593,718
2026-02-11 05:00:00,1,0.4931034316788476,0.5068965683211524,Hold,63.71593,63.73571,63.59724,63.646694,2032
2026-02-11 06:00:00,1,0.5138700415633116,0.4861299584366884,Buy,63.656586,63.7456,63.636803,63.73571,1372
2026-02-11 07:00:00,1,0.5622626876518216,0.43773731234817836,Buy,63.7456,63.98298,63.67637,63.824726,3468
2026-02-11 08:00:00,1,0.5792404907922242,0.42075950920777583,Buy,63.824726,64.240135,63.824726,64.08189,7179
2026-02-11 09:00:00,1,0.5768388135654062,0.4231611864345938,Buy,64.08189,64.269806,64.01265,64.13134,3923
2026-02-11 10:00:00,1,0.5715274419710736,0.42847255802892636,Buy,64.12145,64.22035,64.022545,64.19068,3602
2026-02-11 11:00:00,0,0.5416493099510553,0.4583506900489447,Buy,64.19068,64.705,64.16101,64.665436,6717
2026-02-11 12:00:00,0,0.5458001333493067,0.45419986665069334,Buy,64.67533,64.77424,64.210464,64.71489,9376
2026-02-11 13:00:00,0,0.5258570820826568,0.4741429179173432,Buy,64.705,64.85336,64.53686,64.74456,11172
2026-02-11 14:00:00,0,0.5088815484396145,0.49111845156038547,Buy,64.74456,65.11052,64.71489,64.84347,16368
2026-02-11 15:00:00,0,0.4500247959316771,0.5499752040683229,Hold,64.84347,64.86325,64.072,64.25992,20762
2026-02-11 16:00:00,0,0.4312584398257962,0.5687415601742039,Hold,64.25992,64.58631,64.11156,64.358826,14099
2026-02-11 17:00:00,0,0.42404296259449614,0.5759570374055039,Hold,64.358826,64.43795,64.052216,64.16101,11515
2026-02-11 18:00:00,0,0.3617855544043793,0.6382144455956207,Hold,64.15112,64.41817,63.73571,63.973087,14644
2026-02-11 19:00:00,0,0.3286209975917696,0.6713790024082305,Hold,63.973087,64.39839,63.785164,64.16101,29127
2026-02-11 20:00:00,0,0.28940213556866135,0.7105978644313387,Hold,64.16101,64.329155,64.13134,64.28959,3677
2026-02-11 21:00:00,0,0.27603344499384513,0.7239665550061549,Hold,64.299484,64.329155,64.18079,64.18079,1423
2026-02-11 23:00:00,0,0.26413969069320187,0.7358603093067981,Hold,64.16101,64.23025,64.091774,64.19068,792
2026-02-12 00:00:00,0,0.2524336132587666,0.7475663867412334,Hold,64.20058,64.299484,64.20058,64.25992,644
2026-02-12 01:00:00,0,0.27383802102508564,0.7261619789749143,Hold,64.25992,64.31926,64.072,64.18079,2126
2026-02-12 02:00:00,0,0.2967094378193684,0.7032905621806316,Hold,64.19068,64.240135,64.11156,64.20058,1105
2026-02-12 03:00:00,0,0.32357074048096734,0.6764292595190327,Hold,64.20058,64.30937,64.16101,64.2797,1065
2026-02-12 04:00:00,0,0.38778911347255923,0.6122108865274407,Hold,64.25992,64.3885,64.240135,64.269806,1022
2026-02-12 05:00:00,0,0.4218958811740688,0.5781041188259313,Hold,64.269806,64.2797,63.99287,64.20058,2247
2026-02-12 06:00:00,0,0.44172707092754643,0.5582729290724535,Hold,64.210464,64.22035,63.933525,64.12145,1718
2026-02-12 07:00:00,0,0.4813701114104582,0.5186298885895417,Hold,64.10167,64.20058,64.022545,64.13134,2106
2026-02-12 08:00:00,0,0.5086363453208603,0.49136365467913967,Buy,64.14123,64.33904,63.98298,64.269806,4778
2026-02-12 09:00:00,0,0.4963869684743559,0.5036130315256441,Hold,64.2797,64.33904,63.646694,63.765385,7529
2026-02-12 10:00:00,0,0.5119852365931536,0.48801476340684635,Buy,63.765385,63.81484,63.478554,63.72582,5094
2026-02-12 11:00:00,0,0.5064591035654995,0.4935408964345005,Buy,63.73571,63.943417,63.59724,63.795055,3817
2026-02-12 12:00:00,0,0.5170773416604573,0.48292265833954273,Buy,63.804947,63.923634,63.656586,63.71593,5009
2026-02-12 13:00:00,0,0.5381425687120391,0.46185743128796086,Buy,63.71593,63.903854,63.260956,63.537895,11782
2026-02-12 14:00:00,0,0.5001440651173816,0.49985593488261837,Buy,63.547787,63.70604,63.201614,63.260956,13224
2026-02-12 15:00:00,0,0.4424628624722831,0.5575371375277169,Hold,63.260956,63.41921,62.825768,62.924675,19486
2026-02-12 16:00:00,0,0.39681513408528957,0.6031848659147104,Hold,62.924675,62.964237,62.02462,62.08396,30979
2026-02-12 17:00:00,0,0.3698812375228793,0.6301187624771207,Hold,62.08396,62.252106,61.856476,61.94549,15786
2026-02-12 18:00:00,0,0.3328577324256478,0.6671422675743521,Hold,61.94549,62.103745,61.90593,61.985058,12218
2026-02-12 19:00:00,0,0.31254649581201593,0.6874535041879841,Hold,61.975166,62.380684,61.708115,62.261997,25847
2026-02-12 20:00:00,0,0.29343508999940365,0.7065649100005964,Hold,62.261997,62.271885,62.133415,62.242214,2898
2026-02-12 21:00:00,0,0.29220442771748684,0.7077955722825131,Hold,62.232323,62.30156,62.143307,62.222435,1872
2026-02-12 23:00:00,0,0.309718369672125,0.6902816303278749,Hold,62.30156,62.30156,62.113636,62.16309,953
2026-02-13 00:00:00,0,0.3074105531971277,0.6925894468028724,Hold,62.17298,62.291668,62.123528,62.18287,832
2026-02-13 01:00:00,0,0.33950416189767485,0.6604958381023252,Hold,62.18287,62.32134,62.074074,62.16309,3075
2026-02-13 02:00:00,0,0.34942830141638176,0.6505716985836183,Hold,62.17298,62.212543,62.02462,62.093853,1765
2026-02-13 03:00:00,0,0.3715438696133027,0.6284561303866973,Hold,62.08396,62.133415,61.975166,62.01473,1195
2026-02-13 04:00:00,0,0.38948497271999416,0.6105150272800058,Hold,62.02462,62.113636,62.01473,62.074074,762
2026-02-13 05:00:00,0,0.46928545313624787,0.5307145468637522,Hold,62.064182,62.08396,61.91582,61.935604,1198
2026-02-13 06:00:00,0,0.4909902962619927,0.5090097037380072,Hold,61.935604,62.17298,61.925713,62.143307,1154
2026-02-13 07:00:00,0,0.5547371788696447,0.4452628211303553,Buy,62.133415,62.1532,61.975166,61.994946,2277
2026-02-13 08:00:00,0,0.5543835307153244,0.4456164692846756,Buy,62.004837,62.351013,61.856476,62.222435,5200
2026-02-13 09:00:00,0,0.5398728680599124,0.4601271319400876,Buy,62.232323,62.47959,62.074074,62.410355,4332
2026-02-13 10:00:00,0,0.5468566847309332,0.4531433152690668,Buy,62.420246,62.568607,62.222435,62.4697,4208
2026-02-13 11:00:00,0,0.6016648690834013,0.39833513091659867,Buy,62.45981,62.45981,61.46085,61.708115,14895
2026-02-13 12:00:00,0,0.5533845678161211,0.4466154321838789,Buy,61.708115,61.94549,61.6191,61.896038,6017
2026-02-13 13:00:00,0,0.5266169441904139,0.47338305580958606,Buy,61.90593,62.360905,61.88615,62.271885,7931
2026-02-13 14:00:00,0,0.5532047499329331,0.4467952500670669,Buy,62.281776,62.281776,61.648773,61.985058,14873
2026-02-13 15:00:00,0,0.4932095212175919,0.5067904787824081,Hold,61.994946,62.281776,61.866367,62.02462,11171
2026-02-13 16:00:00,0,0.47579278207429193,0.524207217925708,Hold,62.01473,62.271885,61.75757,61.975166,10859
2026-02-13 17:00:00,0,0.4161555349884667,0.5838444650115333,Hold,61.975166,62.519154,61.955383,62.420246,8568
2026-02-13 18:00:00,0,0.37556245874218563,0.6244375412578144,Hold,62.430138,62.499374,62.291668,62.32134,6726
2026-02-13 19:00:00,0,0.3404744421405341,0.6595255578594659,Hold,62.33123,62.34112,62.01473,62.01473,13868
2026-02-13 20:00:00,0,0.3129307669042873,0.6870692330957127,Hold,62.01473,62.103745,61.698227,62.05429,5364
2026-02-13 21:00:00,0,0.3085133800173739,0.6914866199826262,Hold,62.05429,62.261997,62.05429,62.123528,1981
2026-02-15 23:00:00,0,0.3164989622005209,0.6835010377994791,Hold,62.60817,62.60817,62.08396,62.212543,1828
2026-02-16 00:00:00,0,0.33577353565536466,0.6642264643446354,Hold,62.212543,62.252106,62.143307,62.17298,324
2026-02-16 01:00:00,0,0.3626533489201156,0.6373466510798844,Hold,62.17298,62.242214,62.143307,62.18287,494
2026-02-16 02:00:00,0,0.37318917657448725,0.6268108234255128,Hold,62.17298,62.271885,62.074074,62.212543,646
2026-02-16 03:00:00,0,0.418446672790897,0.581553327209103,Hold,62.212543,62.281776,62.133415,62.222435,931
2026-02-16 04:00:00,0,0.46601043257582864,0.5339895674241714,Hold,62.232323,62.281776,62.19276,62.222435,1059
2026-02-16 05:00:00,0,0.5259611737346994,0.4740388262653006,Buy,62.232323,62.281776,62.1532,62.18287,431
2026-02-16 06:00:00,0,0.5196885511645826,0.48031144883541743,Buy,62.17298,62.291668,62.143307,62.222435,651
2026-02-16 07:00:00,0,0.5924914947498704,0.4075085052501296,Buy,62.212543,62.252106,62.064182,62.093853,1541
2026-02-16 08:00:00,1,0.6262817441080604,0.37371825589193963,Buy,62.103745,62.133415,61.807022,61.87626,2232
2026-02-16 09:00:00,1,0.6206508878051008,0.3793491121948992,Buy,61.87626,62.17298,61.836697,61.84659,2782
2026-02-16 10:00:00,0,0.6251943920947746,0.37480560790522544,Buy,61.84659,62.360905,61.826805,62.261997,5720
2026-02-16 11:00:00,1,0.646373088722232,0.353626911277768,Buy,62.271885,62.360905,62.16309,62.222435,2286
2026-02-16 12:00:00,0,0.6467487121168962,0.3532512878831038,Buy,62.212543,62.420246,62.143307,62.34112,1924
2026-02-16 13:00:00,0,0.6084516510767413,0.39154834892325874,Buy,62.34112,62.489483,62.261997,62.400467,2021
2026-02-16 14:00:00,0,0.5902830251167661,0.4097169748832339,Buy,62.370792,62.85544,62.30156,62.766422,5477
2026-02-16 15:00:00,0,0.5296192243023478,0.47038077569765224,Buy,62.766422,62.88511,62.529045,62.845547,4085
2026-02-16 16:00:00,0,0.49567183432590195,0.5043281656740981,Hold,62.85544,63.03347,62.74664,62.835655,4599
2026-02-16 17:00:00,0,0.4284260292674908,0.5715739707325092,Hold,62.835655,63.122486,62.7862,63.1126,3197
2026-02-16 18:00:00,0,0.39502198926832127,0.6049780107316787,Hold,63.102707,63.17194,63.02358,63.073032,2007
2026-02-16 19:00:00,0,0.3699898093807387,0.6300101906192612,Hold,63.082924,63.102707,62.993908,63.03347,1169
2026-02-16 23:00:00,0,0.3381096119040721,0.6618903880959279,Hold,63.053253,63.073032,62.944454,63.053253,451
2026-02-17 00:00:00,0,0.3646482112547804,0.6353517887452196,Hold,63.04336,63.073032,62.954346,62.974125,495
2026-02-17 01:00:00,0,0.3863754731933212,0.6136245268066788,Hold,62.964237,63.073032,62.88511,62.924675,1137
2026-02-17 02:00:00,0,0.42220674509834866,0.5777932549016513,Hold,62.914783,62.984016,62.85544,62.85544,428
2026-02-17 03:00:00,0,0.42035917779705256,0.5796408222029474,Hold,62.85544,62.904892,62.7862,62.85544,643
2026-02-17 04:00:00,0,0.47710205956260077,0.5228979404373992,Hold,62.845547,62.87522,62.75653,62.815876,341
2026-02-17 05:00:00,0,0.5320506012637168,0.46794939873628316,Buy,62.825768,62.825768,62.667515,62.687298,539
2026-02-17 06:00:00,0,0.5448644794700305,0.45513552052996953,Buy,62.687298,62.71697,62.627953,62.64773,1282
2026-02-17 07:00:00,0,0.5956036119242157,0.40439638807578426,Buy,62.657623,62.677406,62.45981,62.509262,1554
2026-02-17 08:00:00,1,0.5949886333553203,0.40501136664467974,Buy,62.509262,62.5785,62.291668,62.410355,2854
2026-02-17 09:00:00,1,0.6188429770086851,0.38115702299131493,Buy,62.400467,62.637844,62.31145,62.598278,2339
2026-02-17 10:00:00,0,0.6579596633561539,0.34204033664384614,Buy,62.598278,62.964237,62.509262,62.944454,4239
2026-02-17 11:00:00,0,0.6524101562116912,0.3475898437883088,Buy,62.934563,63.43899,62.904892,63.15216,11023
2026-02-17 12:00:00,0,0.6704964457739797,0.3295035542260203,Buy,63.16205,63.241177,62.845547,62.914783,5983
2026-02-17 13:00:00,0,0.5821770170088345,0.4178229829911655,Buy,62.914783,62.954346,61.648773,61.76746,24919
2026-02-17 14:00:00,0,0.5160729732839372,0.4839270267160628,Buy,61.75757,62.31145,61.688335,61.807022,14009
2026-02-17 15:00:00,0,0.5070671019822591,0.4929328980177409,Buy,61.807022,62.18287,61.193798,61.35205,14107
2026-02-17 16:00:00,0,0.42927821043390496,0.570721789566095,Hold,61.35205,61.816914,61.32238,61.688335,10479
2026-02-17 17:00:00,0,0.4080916236860464,0.5919083763139537,Hold,61.688335,61.698227,61.253143,61.530083,6989
2026-02-17 18:00:00,0,0.3332232793738587,0.6667767206261412,Hold,61.539974,61.84659,61.49052,61.718006,7813
2026-02-17 19:00:00,0,0.3225095359185482,0.6774904640814519,Hold,61.718006,61.816914,61.48063,61.579536,12749
2026-02-17 20:00:00,0,0.293619594602117,0.706380405397883,Hold,61.579536,61.718006,61.549866,61.569645,4117
2026-02-17 21:00:00,0,0.285604838082158,0.714395161917842,Hold,61.579536,61.678444,61.510303,61.6191,1656
2026-02-17 23:00:00,0,0.28655142270724643,0.7134485772927536,Hold,61.6191,61.62899,61.441067,61.569645,243
2026-02-18 00:00:00,0,0.3004002693233478,0.6995997306766522,Hold,61.579536,61.668552,61.52019,61.549866,256
2026-02-18 01:00:00,0,0.3193920094551661,0.6806079905448339,Hold,61.549866,61.688335,61.549866,61.648773,362
2026-02-18 02:00:00,0,0.33062567314476166,0.6693743268552383,Hold,61.668552,61.74768,61.6191,61.698227,257
2026-02-18 03:00:00,0,0.37465574851398614,0.6253442514860139,Hold,61.678444,61.836697,61.678444,61.807022,220
2026-02-18 04:00:00,0,0.42589277986948226,0.5741072201305177,Hold,61.816914,61.896038,61.816914,61.88615,228
2026-02-18 05:00:00,1,0.4743977368663436,0.5256022631336563,Hold,61.88615,61.896038,61.73779,61.75757,382
2026-02-18 06:00:00,1,0.5037741778707484,0.4962258221292516,Buy,61.75757,61.91582,61.688335,61.75757,332
2026-02-18 07:00:00,1,0.5325291744975444,0.46747082550245556,Buy,61.73779,61.866367,61.727898,61.816914,229
2026-02-18 08:00:00,1,0.5694417203875923,0.43055827961240767,Buy,61.826805,62.05429,61.77735,61.77735,699
2026-02-18 09:00:00,1,0.581396605844699,0.418603394155301,Buy,61.77735,62.02462,61.74768,61.826805,695
2026-02-18 10:00:00,1,0.6072757907880636,0.3927242092119364,Buy,61.856476,62.44992,61.856476,62.380684,1301
2026-02-18 11:00:00,1,0.5624053429303024,0.4375946570696976,Buy,62.380684,62.974125,62.370792,62.974125,1483
2026-02-18 12:00:00,1,0.5671831232772256,0.43281687672277436,Buy,62.974125,63.488445,62.805984,63.369755,2642
2026-02-18 13:00:00,1,0.5640694510541113,0.4359305489458887,Buy,63.369755,63.44888,63.132378,63.211502,2338
2026-02-18 14:00:00,1,0.5087489561985618,0.49125104380143825,Buy,63.201614,63.84451,63.053253,63.67637,3951
2026-02-18 15:00:00,1,0.4771795635382723,0.5228204364617277,Hold,63.67637,63.71593,63.468662,63.617023,3179
2026-02-18 16:00:00,0,0.45413083921604414,0.5458691607839559,Hold,63.626915,64.091774,63.537895,63.98298,4462
2026-02-18 17:00:00,0,0.430577742682361,0.5694222573176391,Hold,63.98298,64.43795,63.893963,64.39839,3006
2026-02-18 18:00:00,0,0.36867164244996165,0.6313283575500384,Hold,64.3885,64.517075,64.0621,64.477516,3450
2026-02-18 19:00:00,0,0.37140410081966496,0.6285958991803351,Hold,64.487404,64.73467,64.23025,64.447845,4536
2026-02-18 20:00:00,0,0.3276069415804746,0.6723930584195255,Hold,64.46762,64.84347,64.43795,64.665436,1601
2026-02-18 21:00:00,0,0.33764516286140195,0.6623548371385981,Hold,64.65555,64.71489,64.23025,64.36871,707
2026-02-18 23:00:00,0,0.3232204780876474,0.6767795219123526,Hold,64.3885,64.705,64.1709,64.40828,1241
2026-02-19 00:00:00,0,0.3302603670772384,0.6697396329227616,Hold,64.40828,64.46771,64.29932,64.42809,1287
2026-02-19 01:00:00,0,0.34836987594804364,0.6516301240519564,Hold,64.42809,64.55687,64.30922,64.54696,2268
2026-02-19 02:00:00,0,0.35885881272422204,0.641141187275778,Hold,64.55687,64.685646,64.50734,64.65593,2792
2026-02-19 03:00:00,0,0.3890725174514044,0.6109274825485955,Hold,64.65593,64.79461,64.636116,64.735176,2191
2026-02-19 04:00:00,0,0.43701909258469074,0.5629809074153093,Hold,64.74508,64.80452,64.537056,64.59649,2182
2026-02-19 05:00:00,1,0.46901776050517757,0.5309822394948225,Hold,64.6064,64.70546,64.57668,64.6163,1387
2026-02-19 06:00:00,1,0.47793532403635347,0.5220646759636465,Hold,64.62621,64.69555,64.55687,64.6163,1046
2026-02-19 07:00:00,0,0.5286474798222145,0.4713525201777855,Buy,64.62621,65.20075,64.6064,65.161125,6420
2026-02-19 08:00:00,0,0.5504450098217605,0.4495549901782395,Buy,65.15122,65.62671,65.00263,65.57718,11634
2026-02-19 09:00:00,0,0.5787574639544201,0.42124253604557993,Buy,65.57718,65.64652,65.03235,65.14132,11581
2026-02-19 10:00:00,0,0.5670650504715777,0.43293494952842226,Buy,65.13141,65.42859,64.99273,65.34934,7042
2026-02-19 11:00:00,0,0.5639093287528469,0.43609067124715306,Buy,65.359245,65.66633,65.19085,65.408775,7269
2026-02-19 12:00:00,0,0.5463075180479154,0.45369248195208456,Buy,65.418686,65.53755,65.32953,65.458305,6429
2026-02-19 13:00:00,0,0.5182852519586706,0.4817147480413294,Buy,65.458305,65.943695,65.34934,65.7852,18571
2026-02-19 14:00:00,0,0.5208460017037314,0.4791539982962686,Buy,65.805016,65.92388,65.32953,65.72577,23952
2026-02-19 15:00:00,0,0.48305026056577693,0.5169497394342231,Hold,65.745575,65.894165,64.834236,65.844635,50268
2026-02-19 16:00:00,0,0.4184476064800776,0.5815523935199224,Hold,65.844635,66.02294,65.656425,65.993225,17484
2026-02-19 17:00:00,0,0.42256970148848677,0.5774302985115132,Hold,65.96351,66.15172,65.755486,65.93379,15431
2026-02-19 18:00:00,0,0.3720417536690137,0.6279582463309863,Hold,65.93379,65.943695,65.57718,65.86445,13995
2026-02-19 19:00:00,0,0.3367857781215338,0.6632142218784662,Hold,65.87435,65.97341,65.705956,65.96351,19033
2026-02-19 20:00:00,0,0.30878845235845886,0.6912115476415411,Hold,65.953606,66.092285,65.894165,66.08238,4651
2026-02-19 21:00:00,0,0.32874542939142753,0.6712545706085724,Hold,66.07247,66.27059,65.28,66.042755,9768
2026-02-19 23:00:00,0,0.3105076901941522,0.6894923098058479,Hold,66.092285,66.10219,65.805016,65.81492,1629
2026-02-20 00:00:00,0,0.29882512295427505,0.7011748770457249,Hold,65.82483,65.91398,65.68614,65.82483,1478
2026-02-20 01:00:00,0,0.31931246400038016,0.6806875359996198,Hold,65.844635,66.141815,65.745575,65.943695,3295
2026-02-20 02:00:00,0,0.33612556909966923,0.6638744309003308,Hold,65.943695,66.230965,65.87435,65.953606,3204
2026-02-20 03:00:00,0,0.35588364332252653,0.6441163566774735,Hold,65.96351,66.08238,65.854546,66.01304,1354
2026-02-20 04:00:00,0,0.3849181869415456,0.6150818130584543,Hold,66.003136,66.10219,66.003136,66.092285,1333
2026-02-20 05:00:00,0,0.4213427117133298,0.5786572882866702,Hold,66.092285,66.290405,66.06257,66.21116,2114
2026-02-20 06:00:00,0,0.46421045300507646,0.5357895469949235,Hold,66.22106,66.39937,66.08238,66.092285,3482
2026-02-20 07:00:00,0,0.5159012395315228,0.4840987604684772,Buy,66.10219,66.122,65.68614,65.705956,5178
2026-02-20 08:00:00,0,0.5348231908414731,0.4651768091585269,Buy,65.71586,65.81492,65.47812,65.52765,8547
2026-02-20 09:00:00,0,0.5280776272715251,0.4719223727284749,Buy,65.53755,65.97341,65.24038,65.38896,10337
2026-02-20 10:00:00,0,0.5410937923838512,0.45890620761614875,Buy,65.39887,65.507835,65.25028,65.34934,7911
2026-02-20 11:00:00,0,0.5433930979712813,0.4566069020287187,Buy,65.359245,65.76539,65.19085,65.37906,9747
2026-02-20 12:00:00,0,0.527244874286706,0.47275512571329403,Buy,65.37906,65.59699,65.32953,65.54746,6447
2026-02-20 13:00:00,0,0.4992427014761112,0.5007572985238888,Hold,65.54746,65.66633,65.39887,65.63661,7490
2026-02-20 14:00:00,0,0.5004199103071298,0.49958008969287016,Buy,65.64652,65.88426,65.260185,65.62671,22696
2026-02-20 15:00:00,0,0.49701740982031734,0.5029825901796827,Hold,65.64652,66.03285,65.24038,65.33943,26670
2026-02-20 16:00:00,0,0.4110156662953457,0.5889843337046543,Hold,65.34934,65.72577,65.210655,65.56727,16516
2026-02-20 17:00:00,0,0.3755021449157106,0.6244978550842895,Hold,65.56727,65.88426,65.52765,65.82483,9429
2026-02-20 18:00:00,0,0.3471136216468167,0.6528863783531833,Hold,65.82483,66.10219,65.66633,65.93379,14966
2026-02-20 19:00:00,0,0.32367131725779985,0.6763286827422001,Hold,65.93379,65.943695,65.656425,65.83473,26527
2026-02-20 20:00:00,0,0.29104292636505097,0.7089570736349491,Hold,65.83473,65.87435,65.6168,65.745575,4724
2026-02-20 21:00:00,0,0.2902206382360679,0.7097793617639321,Hold,65.755486,65.81492,65.63661,65.68614,2506
2026-02-22 23:00:00,0,0.3098008286056596,0.6901991713943404,Hold,65.270096,65.48802,64.76489,65.369156,6069
2026-02-23 00:00:00,0,0.3060935021065238,0.6939064978934761,Hold,65.37906,65.39887,65.03235,65.10169,3463
2026-02-23 01:00:00,0,0.3018141143563223,0.6981858856436777,Hold,65.10169,65.359245,64.98283,65.28,2860
2026-02-23 02:00:00,0,0.32927777808749636,0.6707222219125036,Hold,65.28991,65.418686,65.260185,65.270096,1904
2026-02-23 03:00:00,0,0.3737521337806514,0.6262478662193486,Hold,65.270096,65.28,65.071976,65.10169,2101
2026-02-23 04:00:00,0,0.41470726342881087,0.5852927365711891,Hold,65.09179,65.14132,64.90357,64.972916,2053
2026-02-23 05:00:00,0,0.43538815287919874,0.5646118471208013,Hold,64.972916,65.19085,64.9333,65.121506,1438
2026-02-23 06:00:00,0,0.45952217258239225,0.5404778274176077,Hold,65.13141,65.210655,65.022446,65.05216,1382
2026-02-23 07:00:00,1,0.5191211646660179,0.4808788353339821,Buy,65.06207,65.18094,64.90357,65.04226,3743
2026-02-23 08:00:00,1,0.5306155372788587,0.4693844627211413,Buy,65.03235,65.29981,64.9432,65.24038,6489
2026-02-23 09:00:00,0,0.5216869424750447,0.47831305752495534,Buy,65.25028,65.67624,65.14132,65.606895,7036
2026-02-23 10:00:00,1,0.5292437189489283,0.4707562810510717,Buy,65.606895,65.606895,65.37906,65.468216,4292
2026-02-23 11:00:00,0,0.5390622444725579,0.4609377555274421,Buy,65.468216,65.844635,65.38896,65.81492,4753
2026-02-23 12:00:00,0,0.5206648569565554,0.4793351430434446,Buy,65.82483,66.10219,65.805016,66.08238,6826
2026-02-23 13:00:00,0,0.5023761478461114,0.4976238521538886,Buy,66.092285,66.31022,65.91398,66.280495,9010
2026-02-23 14:00:00,0,0.47705107167968663,0.5229489283203134,Hold,66.280495,66.58758,66.10219,66.379555,20132
2026-02-23 15:00:00,0,0.4820043576320304,0.5179956423679696,Hold,66.379555,66.64702,66.141815,66.17153,17859
2026-02-23 16:00:00,0,0.4331847128189681,0.5668152871810319,Hold,66.16163,66.50833,65.656425,65.755486,25564
2026-02-23 17:00:00,0,0.4202626201331681,0.5797373798668319,Hold,65.7753,65.83473,65.49793,65.62671,12123
2026-02-23 18:00:00,0,0.36061105644402036,0.6393889435559796,Hold,65.6168,65.71586,65.47812,65.58708,7907
2026-02-23 19:00:00,0,0.334787360776843,0.665212639223157,Hold,65.58708,65.76539,65.47812,65.705956,12846
2026-02-23 20:00:00,0,0.31213919369506044,0.6878608063049396,Hold,65.705956,65.87435,65.705956,65.81492,3186
2026-02-23 21:00:00,0,0.30121922549029945,0.6987807745097006,Hold,65.81492,65.87435,65.63661,65.66633,2659
2026-02-23 23:00:00,0,0.297765460274634,0.702234539725366,Hold,65.68614,65.71586,65.54746,65.63661,844
2026-02-24 00:00:00,0,0.3104815204385863,0.6895184795614138,Hold,65.64652,65.71586,65.58708,65.696045,853
2026-02-24 01:00:00,0,0.3347080887529228,0.6652919112470772,Hold,65.696045,65.844635,65.4484,65.82483,5283
2026-02-24 02:00:00,0,0.3717479666087901,0.6282520333912098,Hold,65.82483,66.191345,65.7852,66.18144,4010
2026-02-24 03:00:00,0,0.40341718042950725,0.5965828195704928,Hold,66.18144,66.31022,66.141815,66.25078,3323
2026-02-24 04:00:00,0,0.4276622122187793,0.5723377877812207,Hold,66.26069,66.280495,66.15172,66.16163,1379
2026-02-24 05:00:00,0,0.49440826658345294,0.5055917334165471,Hold,66.16163,66.330025,65.98332,66.22106,2744
2026-02-24 06:00:00,0,0.5069497367808239,0.4930502632191761,Buy,66.22106,66.230965,66.01304,66.13191,1741
2026-02-24 07:00:00,0,0.5474932059305122,0.4525067940694878,Buy,66.15172,66.17153,65.844635,65.93379,3218
2026-02-24 08:00:00,0,0.5809793736111677,0.4190206263888323,Buy,65.93379,65.98332,65.656425,65.92388,7100
2026-02-24 09:00:00,0,0.5745035065457598,0.42549649345424023,Buy,65.93379,65.96351,65.705956,65.92388,5283
2026-02-24 10:00:00,0,0.5846778204522916,0.41532217954770845,Buy,65.93379,65.98332,65.56727,65.656425,7193
2026-02-24 11:00:00,0,0.5748457687999334,0.42515423120006657,Buy,65.63661,65.7753,65.52765,65.745575,4139
2026-02-24 12:00:00,0,0.5487984068062856,0.45120159319371445,Buy,65.72577,66.01304,65.62671,65.993225,6321
2026-02-24 13:00:00,0,0.5807590872480543,0.41924091275194575,Buy,65.993225,66.51824,65.993225,66.240875,14615
2026-02-24 14:00:00,0,0.5676937863665684,0.4323062136334316,Buy,66.240875,66.25078,65.745575,65.904076,18602
2026-02-24 15:00:00,0,0.5197441818514713,0.4802558181485287,Buy,65.894165,66.03285,65.022446,65.270096,41737
2026-02-24 16:00:00,0,0.4351723283586236,0.5648276716413765,Hold,65.260185,65.59699,65.161125,65.369156,16558
2026-02-24 17:00:00,0,0.405008150466265,0.594991849533735,Hold,65.369156,65.696045,65.06207,65.210655,14513
2026-02-24 18:00:00,0,0.33422978342629106,0.6657702165737089,Hold,65.210655,65.418686,65.161125,65.319626,9708
2026-02-24 19:00:00,0,0.3158763067326086,0.6841236932673914,Hold,65.32953,65.33943,64.9333,65.28,21052
2026-02-24 20:00:00,0,0.28714956749571285,0.7128504325042871,Hold,65.28,65.844635,65.18094,65.67624,12957
2026-02-24 21:00:00,0,0.2912839619885779,0.7087160380114221,Hold,65.66633,65.696045,65.34934,65.458305,3662
2026-02-24 23:00:00,0,0.29178735556689084,0.7082126444331092,Hold,65.4484,65.49793,65.319626,65.408775,1930
2026-02-25 00:00:00,0,0.2778483203150939,0.7221516796849061,Hold,65.418686,65.6168,65.33943,65.47812,1546
2026-02-25 01:00:00,0,0.3283552176217997,0.6716447823782004,Hold,65.468216,65.67624,65.32953,65.42859,3744
2026-02-25 02:00:00,0,0.3270785701721287,0.6729214298278713,Hold,65.43849,65.71586,65.43849,65.696045,2988
2026-02-25 03:00:00,0,0.38965553274533976,0.6103444672546603,Hold,65.68614,65.97341,65.359245,65.38896,7240
2026-02-25 04:00:00,0,0.41847457615677325,0.5815254238432268,Hold,65.38896,65.51774,65.34934,65.38896,1983
2026-02-25 05:00:00,0,0.4529550318237004,0.5470449681762997,Hold,65.39887,65.48802,65.33943,65.408775,1828
2026-02-25 06:00:00,0,0.49414086138326646,0.5058591386167335,Hold,65.408775,65.408775,65.14132,65.369156,2744
2026-02-25 07:00:00,0,0.5579789891158435,0.44202101088415646,Buy,65.37906,65.557365,65.210655,65.28,3097
2026-02-25 08:00:00,0,0.5427082181909334,0.4572917818090666,Buy,65.270096,65.507835,65.121506,65.37906,8102
2026-02-25 09:00:00,0,0.5982017487160203,0.4017982512839797,Buy,65.39887,65.42859,64.834236,65.01254,10269
2026-02-25 10:00:00,0,0.5761319824554231,0.4238680175445769,Buy,65.01254,65.408775,64.98283,65.28991,6984
2026-02-25 11:00:00,0,0.5601980487077183,0.4398019512922817,Buy,65.28991,65.359245,65.18094,65.25028,3771
2026-02-25 12:00:00,0,0.5973479342653141,0.4026520657346859,Buy,65.25028,65.68614,65.1116,65.59699,14439
2026-02-25 13:00:00,0,0.5729923227059209,0.42700767729407907,Buy,65.59699,65.68614,65.24038,65.28991,10036
2026-02-25 14:00:00,0,0.5854364064101173,0.4145635935898827,Buy,65.28991,65.39887,64.675735,64.70546,24496
2026-02-25 15:00:00,0,0.5153744534221949,0.4846255465778051,Buy,64.69555,65.03235,64.636116,64.79461,22693
2026-02-25 16:00:00,0,0.4394737044928839,0.5605262955071161,Hold,64.79461,64.9333,64.50734,64.84414,19721
2026-02-25 17:00:00,0,0.40370508492273455,0.5962949150772654,Hold,64.84414,64.9531,64.725266,64.91348,9741
2026-02-25 18:00:00,0,0.35870232538502755,0.6412976746149724,Hold,64.90357,65.171036,64.85404,64.98283,11035
2026-02-25 19:00:00,0,0.3417285103341893,0.6582714896658107,Hold,64.98283,65.13141,64.735176,65.10169,17632
2026-02-25 20:00:00,0,0.340821486662831,0.659178513337169,Hold,65.10169,65.1116,64.80452,64.84414,4144
2026-02-25 21:00:00,0,0.340868893578092,0.659131106421908,Hold,64.834236,65.00263,64.81442,64.9531,2821
2026-02-25 23:00:00,0,0.3418420117004225,0.6581579882995775,Hold,65.03235,65.10169,64.9432,65.022446,1158
2026-02-26 00:00:00,0,0.346271457202079,0.6537285427979209,Hold,65.01254,65.23047,64.91348,65.13141,1691
2026-02-26 01:00:00,0,0.3807713663550383,0.6192286336449617,Hold,65.14132,65.14132,64.923386,65.00263,3262
2026-02-26 02:00:00,0,0.4053548445149088,0.5946451554850912,Hold,65.00263,65.05216,64.71536,64.84414,3159
2026-02-26 03:00:00,0,0.4321172420115004,0.5678827579884995,Hold,64.85404,64.98283,64.834236,64.89367,1532
2026-02-26 04:00:00,0,0.45424174190259686,0.5457582580974032,Hold,64.90357,65.00263,64.90357,64.96301,699
2026-02-26 05:00:00,0,0.5129512030158379,0.48704879698416215,Buy,64.9531,65.05216,64.873856,64.9333,1443
2026-02-26 06:00:00,0,0.522979638606551,0.47702036139344905,Buy,64.9333,64.96301,64.81442,64.89367,1196
2026-02-26 07:00:00,0,0.576176827041649,0.42382317295835104,Buy,64.873856,64.99273,64.74508,64.85404,2699
2026-02-26 08:00:00,0,0.5953298548795966,0.40467014512040345,Buy,64.86395,65.04226,64.784706,64.84414,6633
2026-02-26 09:00:00,0,0.6292298294451182,0.3707701705548818,Buy,64.84414,64.85404,64.190346,64.49743,14093
2026-02-26 10:00:00,0,0.5832945722881399,0.41670542771186014,Buy,64.49743,64.50734,63.6059,63.764393,17312
2026-02-26 11:00:00,0,0.5419690768391537,0.45803092316084626,Buy,63.75449,64.04176,63.67524,63.70496,6432
2026-02-26 12:00:00,0,0.562205937962082,0.43779406203791804,Buy,63.70496,63.833736,63.209663,63.516747,14152
2026-02-26 13:00:00,1,0.5099323576513926,0.49006764234860745,Buy,63.526653,63.883266,63.00164,63.7743,23199
2026-02-26 14:00:00,1,0.4982436218303084,0.5017563781696917,Hold,63.764393,64.140816,63.45731,64.1012,25190
2026-02-26 15:00:00,0,0.46163629769765785,0.5383637023023422,Hold,64.1012,65.88426,64.09129,65.86445,59818
2026-02-26 16:00:00,0,0.43784852660628054,0.5621514733937194,Hold,65.86445,66.08238,65.260185,65.795105,47132
2026-02-26 17:00:00,0,0.4112106840927161,0.5887893159072839,Hold,65.805016,65.96351,65.48802,65.844635,14518
2026-02-26 18:00:00,0,0.3814375414825869,0.6185624585174131,Hold,65.83473,66.042755,64.32903,65.10169,56849
2026-02-26 19:00:00,0,0.35424519567199364,0.6457548043280064,Hold,65.09179,65.18094,64.29932,64.725266,33913
2026-02-26 20:00:00,0,0.3182571281156359,0.6817428718843641,Hold,64.71536,64.9531,64.6163,64.89367,4013
2026-02-26 21:00:00,0,0.32511700377177444,0.6748829962282256,Hold,64.873856,65.022446,64.784706,64.85404,3360
2026-02-26 23:00:00,0,0.3086522309497734,0.6913477690502265,Hold,64.735176,64.824326,64.59649,64.6064,2001
2026-02-27 00:00:00,0,0.30879094709581595,0.6912090529041841,Hold,64.59649,64.685646,64.52715,64.636116,874
2026-02-27 01:00:00,0,0.3344327034393581,0.6655672965606418,Hold,64.64602,64.64602,64.239876,64.487526,4481
2026-02-27 02:00:00,0,0.34566113483666916,0.6543388651633308,Hold,64.49743,64.51724,64.34885,64.42809,2171
2026-02-27 03:00:00,0,0.38018259127990467,0.6198174087200954,Hold,64.437996,64.69555,64.41818,64.685646,2133
2026-02-27 04:00:00,0,0.42069122250512736,0.5793087774948726,Hold,64.685646,64.81442,64.636116,64.71536,1525
2026-02-27 05:00:00,0,0.4742002356666182,0.5257997643333818,Hold,64.725266,65.06207,64.71536,64.9531,3241
2026-02-27 06:00:00,0,0.4897904440421494,0.5102095559578506,Hold,64.9531,65.13141,64.883766,65.10169,2160
2026-02-27 07:00:00,1,0.5356183768976772,0.4643816231023228,Buy,65.1116,65.20075,65.03235,65.14132,3332
2026-02-27 08:00:00,1,0.5626175581374779,0.43738244186252206,Buy,65.14132,65.42859,64.9333,65.09179,9019
2026-02-27 09:00:00,1,0.5719269177931918,0.4280730822068082,Buy,65.09179,65.83473,65.022446,65.81492,12175
2026-02-27 10:00:00,0,0.5654596347358647,0.4345403652641353,Buy,65.81492,65.993225,65.507835,65.93379,12155
2026-02-27 11:00:00,0,0.5703862447732236,0.42961375522677636,Buy,65.92388,66.30031,65.844635,66.240875,12124
2026-02-27 12:00:00,0,0.56035151842404,0.43964848157596004,Buy,66.230965,66.41918,66.13191,66.40927,10703
2026-02-27 13:00:00,0,0.5310059465765286,0.46899405342347145,Buy,66.40927,67.17203,66.39937,67.112595,28521
2026-02-27 14:00:00,0,0.5238703633166061,0.4761296366833939,Buy,67.112595,67.19184,66.230965,66.27059,38859
2026-02-27 15:00:00,0,0.47801315875725975,0.5219868412427402,Hold,66.26069,66.4489,65.86445,66.280495,30658
2026-02-27 16:00:00,1,0.4165774934541649,0.5834225065458352,Hold,66.27059,66.290405,65.795105,65.91398,20753
2026-02-27 17:00:00,1,0.39785402092253586,0.6021459790774641,Hold,65.91398,66.17153,65.507835,66.13191,34948
2026-02-27 18:00:00,1,0.36144350801818453,0.6385564919818154,Hold,66.122,66.41918,66.06257,66.39937,15860
2026-02-27 19:00:00,1,0.3675833548052189,0.632416645194781,Hold,66.40927,66.60739,66.230965,66.41918,23902
2026-02-27 20:00:00,1,0.33949372756202656,0.6605062724379734,Hold,66.438995,66.775795,66.36965,66.6173,10568
2026-02-27 21:00:00,1,0.33076839269596003,0.66923160730404,Hold,66.627205,66.7857,66.330025,66.65692,7141
2026-03-01 23:00:00,0,0.3315833288822861,0.668416671117714,Hold,74.29439,74.621284,70.37164,71.29289,60046
2026-03-02 00:00:00,0,0.31397058283580337,0.6860294171641966,Hold,71.312706,71.451385,70.88675,71.114586,17178
2026-03-02 01:00:00,1,0.3255472979116122,0.6744527020883878,Hold,71.114586,71.15421,68.54895,69.07397,37045
2026-03-02 02:00:00,1,0.3185845854675963,0.6814154145324036,Hold,69.064064,69.6386,68.7867,69.34142,13991
2026-03-02 03:00:00,0,0.3386044568582078,0.6613955431417922,Hold,69.33152,70.44099,69.26218,70.04475,11541
2026-03-02 04:00:00,0,0.39076503236815224,0.6092349676318478,Hold,70.03484,70.67873,69.80701,70.52023,9072
2026-03-02 05:00:00,0,0.42770914080191363,0.5722908591980864,Hold,70.52023,70.90656,70.25277,70.90656,8979
2026-03-02 06:00:00,0,0.4531861647106682,0.5468138352893318,Hold,70.89665,71.65941,70.88675,71.302795,15827
2026-03-02 07:00:00,0,0.4811682551761072,0.5188317448238928,Hold,71.312706,72.6401,71.28299,72.55094,39944
2026-03-02 08:00:00,0,0.5164203493359338,0.48357965066406616,Buy,72.54104,72.67972,71.401855,71.86744,29286
2026-03-02 09:00:00,0,0.4997043809093086,0.5002956190906914,Hold,71.847626,71.85753,71.07496,71.738655,22844
2026-03-02 10:00:00,0,0.5137147856882535,0.48628521431174654,Buy,71.748566,71.76838,70.60938,71.33252,21896
2026-03-02 11:00:00,0,0.5095921559719643,0.4904078440280357,Buy,71.34242,71.66932,70.45089,71.27308,16055
2026-03-02 12:00:00,0,0.5026533899964377,0.4973466100035623,Buy,71.263176,72.233955,71.24336,71.91696,20878
2026-03-02 13:00:00,0,0.5031987764414125,0.49680122355858747,Buy,71.92687,71.92687,71.04524,71.60988,29053
2026-03-02 14:00:00,0,0.45232065926804876,0.5476793407319512,Hold,71.60988,71.75847,70.09428,70.381546,47281
2026-03-02 15:00:00,0,0.40928849560945235,0.5907115043905476,Hold,70.381546,71.1344,70.25277,70.579666,32894
2026-03-02 16:00:00,0,0.3970676078976224,0.6029323921023776,Hold,70.579666,70.68863,69.43058,70.21315,50966
2026-03-02 17:00:00,0,0.38072872455693646,0.6192712754430636,Hold,70.21315,70.2924,69.49992,69.94569,21289
2026-03-02 18:00:00,0,0.333571493796417,0.6664285062035831,Hold,69.93578,70.579666,69.65842,70.431076,18889
2026-03-02 19:00:00,0,0.30475823907529076,0.6952417609247092,Hold,70.431076,70.65891,70.1339,70.232956,25667
2026-03-02 20:00:00,0,0.29951992744512357,0.7004800725548764,Hold,70.232956,72.09527,70.232956,70.90656,44092
2026-03-02 21:00:00,0,0.26773537106539497,0.7322646289346051,Hold,70.89665,71.12449,70.31221,70.36173,11100
2026-03-02 23:00:00,0,0.25927383062132653,0.7407261693786735,Hold,70.55985,70.84712,69.74757,70.22305,6880
2026-03-03 00:00:00,0,0.28109448528114367,0.7189055147188563,Hold,70.25277,71.02543,70.21315,70.94618,5175
2026-03-03 01:00:00,0,0.28971973303308424,0.7102802669669157,Hold,70.95609,71.461296,70.95609,71.07496,10665
2026-03-03 02:00:00,0,0.3190686630088941,0.6809313369911059,Hold,71.08487,71.808,70.866936,71.699036,7337
2026-03-03 03:00:00,1,0.34887957899344846,0.6511204210065515,Hold,71.71885,72.02593,71.60988,71.75847,6148
2026-03-03 04:00:00,1,0.380859830115861,0.619140169884139,Hold,71.76838,72.10518,71.59007,72.00612,3617
2026-03-03 05:00:00,1,0.4301923686063355,0.5698076313936645,Hold,71.996216,72.68963,71.85753,72.17452,10378
2026-03-03 06:00:00,1,0.449208580269305,0.550791419730695,Hold,72.17452,72.41226,71.649506,72.372635,8633
2026-03-03 07:00:00,1,0.4956809670856808,0.5043190329143192,Hold,72.382545,73.41276,72.323105,73.1453,21467
2026-03-03 08:00:00,1,0.513175306914942,0.48682469308505805,Buy,73.16511,73.809,72.78869,73.75947,27084
2026-03-03 09:00:00,0,0.5259066472893764,0.4740933527106236,Buy,73.74956,74.83921,73.62078,74.512314,32087
2026-03-03 10:00:00,0,0.5527020996754051,0.44729790032459493,Buy,74.50241,76.54303,74.175514,75.74065,41894
2026-03-03 11:00:00,0,0.5337525275113701,0.46624747248862985,Buy,75.76046,76.80058,75.19582,76.46378,51217
2026-03-03 12:00:00,0,0.5155393691209015,0.4844606308790985,Buy,76.46378,76.85011,74.97789,75.21564,57655
2026-03-03 13:00:00,0,0.48936149392137374,0.5106385060786263,Hold,75.22554,75.83971,74.64109,75.493004,49492
2026-03-03 14:00:00,0,0.47574509937151543,0.5242549006284846,Hold,75.493004,77.246346,75.47319,75.96848,63876
2026-03-03 15:00:00,0,0.422198236739017,0.577801763260983,Hold,75.96848,76.909546,75.76046,76.24585,47324
2026-03-03 16:00:00,0,0.41521951968061993,0.5847804803193801,Hold,76.24585,76.59256,73.838715,75.24535,73389
2026-03-03 17:00:00,0,0.39582572244869296,0.604174277551307,Hold,75.25526,75.71093,74.472694,74.83921,32856
2026-03-03 18:00:00,0,0.35642916495244703,0.643570835047553,Hold,74.83921,74.83921,73.016525,73.99721,43975
2026-03-03 19:00:00,0,0.31431313301229924,0.6856868669877008,Hold,73.99721,74.1557,70.97591,72.88775,66313
2026-03-03 20:00:00,0,0.2897459472400592,0.7102540527599408,Hold,72.88775,73.4821,72.372635,73.38304,17996
2026-03-03 21:00:00,0,0.29020022509679516,0.7097997749032048,Hold,73.392944,74.423164,73.32361,74.09627,12132
2026-03-03 23:00:00,0,0.29290766241861016,0.7070923375813898,Hold,74.036835,74.859024,73.86843,74.83921,4955
2026-03-04 00:00:00,0,0.29308914311208517,0.7069108568879148,Hold,74.8194,74.9878,73.739655,74.25476,8072
2026-03-04 01:00:00,0,0.31898047312381783,0.6810195268761822,Hold,74.26467,74.97789,73.67031,74.25476,16580
2026-03-04 02:00:00,0,0.3196139365266752,0.6803860634733248,Hold,74.23495,74.8194,74.04674,74.324104,7846
2026-03-04 03:00:00,0,0.3359480739803407,0.6640519260196593,Hold,74.324104,74.611374,73.96749,74.41325,5854
2026-03-04 04:00:00,0,0.374336715008394,0.625663284991606,Hold,74.41325,74.87884,74.274574,74.77978,4302
2026-03-04 05:00:00,0,0.4112196142747056,0.5887803857252945,Hold,74.76987,75.68121,74.55194,75.19582,9084
2026-03-04 06:00:00,0,0.4414905357288219,0.5585094642711781,Hold,75.20573,76.12698,75.03733,76.12698,9203
2026-03-04 07:00:00,0,0.49094021357716944,0.5090597864228306,Hold,76.11707,76.25576,75.62178,75.74065,12147
2026-03-04 08:00:00,0,0.49589649552247983,0.5041035044775202,Hold,75.72084,76.5034,75.38403,76.01801,20725
2026-03-04 09:00:00,0,0.5033534534147049,0.49664654658529506,Buy,76.00811,76.18642,74.84911,76.04773,21918
2026-03-04 10:00:00,0,0.5046034961961395,0.49539650380386047,Buy,76.03783,76.07745,74.1458,74.512314,37487
2026-03-04 11:00:00,0,0.4945278544389075,0.5054721455610924,Hold,74.522224,74.88874,73.739655,74.225044,19508
2026-03-04 12:00:00,0,0.48298262342215464,0.5170173765778454,Hold,74.225044,74.58166,73.53163,73.937775,26297
2026-03-04 13:00:00,0,0.46415936713116085,0.5358406328688392,Hold,73.94768,73.977394,72.59057,73.21464,45245
2026-03-04 14:00:00,0,0.4426018478926693,0.5573981521073307,Hold,73.22455,74.44298,72.9769,73.6505,49773
2026-03-04 15:00:00,0,0.41191050691508085,0.5880894930849192,Hold,73.66041,73.838715,72.966995,73.53163,31066
2026-03-04 16:00:00,0,0.38595727459011336,0.6140427254098866,Hold,73.541534,74.086365,72.957085,73.46229,26647
2026-03-04 17:00:00,0,0.3762564256294115,0.6237435743705886,Hold,73.46229,74.4925,73.353325,74.423164,24433
2026-03-04 18:00:00,0,0.33269891390883116,0.6673010860911688,Hold,74.423164,74.53213,74.01702,74.20523,18747
2026-03-04 19:00:00,0,0.3007830095265227,0.6992169904734773,Hold,74.19533,74.20523,73.690125,73.8189,21322
2026-03-04 20:00:00,0,0.29321309896920456,0.7067869010307954,Hold,73.8189,74.651,73.809,74.59156,11482
2026-03-04 21:00:00,0,0.28747059470582387,0.7125294052941762,Hold,74.59156,75.51281,74.53213,75.39394,8824
2026-03-04 23:00:00,0,0.2965068821739775,0.7034931178260224,Hold,75.43356,75.47319,74.9977,75.23545,2780
2026-03-05 00:00:00,0,0.29937427432054203,0.7006257256794579,Hold,75.24535,75.25526,74.84911,74.9878,3219
2026-03-05 01:00:00,0,0.33028725384550484,0.6697127461544952,Hold,75.007614,76.23595,75.007614,76.18642,13710
2026-03-05 02:00:00,0,0.33446804988319656,0.6655319501168034,Hold,76.176506,76.69162,76.01801,76.65199,8185
2026-03-05 03:00:00,0,0.37047025228936487,0.6295297477106352,Hold,76.64209,76.6619,76.19632,76.35481,6031
2026-03-05 04:00:00,0,0.3998937850353439,0.6001062149646561,Hold,76.35481,76.91946,76.33501,76.65199,4735
2026-03-05 05:00:00,0,0.43313915307815143,0.5668608469218486,Hold,76.65199,77.355316,76.59256,77.008606,8489
2026-03-05 06:00:00,0,0.45681895856387295,0.5431810414361271,Hold,77.008606,77.01852,75.34441,75.84962,18028
2026-03-05 07:00:00,0,0.47652632311041865,0.5234736768895814,Hold,75.84962,76.59256,75.80999,76.43407,13341
2026-03-05 08:00:00,0,0.48799588826621265,0.5120041117337873,Hold,76.44397,76.92936,76.11707,76.275566,17684
2026-03-05 09:00:00,0,0.511414256004506,0.48858574399549404,Buy,76.26566,76.40434,74.26467,75.68121,40073
2026-03-05 10:00:00,1,0.5056064586972202,0.4943935413027798,Buy,75.68121,75.97839,75.39394,75.80009,11495
2026-03-05 11:00:00,0,0.5060751561033443,0.4939248438966557,Buy,75.79018,76.45387,75.62178,76.33501,13984
2026-03-05 12:00:00,1,0.5191114367144644,0.48088856328553564,Buy,76.33501,76.760956,75.89915,76.4935,20314
2026-03-05 13:00:00,1,0.49418488455216647,0.5058151154478335,Hold,76.4836,76.65199,75.84962,76.41425,21173
2026-03-05 14:00:00,1,0.4957585678902567,0.5042414321097433,Hold,76.43407,77.63268,76.11707,77.23644,43484
2026-03-05 15:00:00,1,0.4541776688934663,0.5458223311065338,Hold,77.23644,78.30628,76.98879,77.91004,40435
2026-03-05 16:00:00,0,0.4264700759738286,0.5735299240261714,Hold,77.91995,79.21763,77.56334,78.48459,42074
2026-03-05 17:00:00,0,0.41870103023059557,0.5812989697694044,Hold,78.464775,79.049225,78.028915,78.900635,30282
2026-03-05 18:00:00,0,0.38489452200383195,0.615105477996168,Hold,78.89073,80.38653,78.316185,80.079445,40065
2026-03-05 19:00:00,0,0.3633235080881472,0.6366764919118528,Hold,80.079445,80.951164,79.881325,80.84219,41485
2026-03-05 20:00:00,0,0.34046462973473485,0.6595353702652651,Hold,80.852104,81.387024,78.64308,79.049225,48236
2026-03-05 21:00:00,0,0.31450120749501376,0.6854987925049862,Hold,79.049225,79.22753,77.880325,78.127975,15739
2026-03-05 23:00:00,0,0.3045071115187322,0.6954928884812678,Hold,78.336,79.15819,78.23694,78.6728,5685
2026-03-06 00:00:00,0,0.3205849281503311,0.6794150718496689,Hold,78.69261,78.87092,77.791176,77.91995,5251
2026-03-06 01:00:00,0,0.3528592715740322,0.6471407284259678,Hold,77.929855,79.10866,77.50391,79.049225,14628
2026-03-06 02:00:00,0,0.36010709977909805,0.639892900220902,Hold,79.059135,79.10866,78.40534,78.93035,5665
2026-03-06 03:00:00,1,0.37927162770450246,0.6207283722954975,Hold,78.92045,79.41575,78.73224,79.26716,5780
2026-03-06 04:00:00,1,0.421653298223065,0.578346701776935,Hold,79.26716,79.32659,79.03932,79.26716,3560
2026-03-06 05:00:00,1,0.45701754674269635,0.5429824532573037,Hold,79.25725,79.683205,78.94026,79.55443,7182
2026-03-06 06:00:00,1,0.48038181226348836,0.5196181877365116,Hold,79.56433,80.1785,79.494995,79.95067,8505
2026-03-06 07:00:00,1,0.5201959958302764,0.4798040041697236,Buy,79.94076,80.366714,79.52471,80.32709,11073
2026-03-06 08:00:00,1,0.5456241237317552,0.4543758762682448,Buy,80.317184,80.98088,80.079445,80.63417,20710
2026-03-06 09:00:00,1,0.544300086422654,0.45569991357734596,Buy,80.604454,84.10124,80.416245,83.90313,43675
2026-03-06 10:00:00,1,0.5539961928646633,0.4460038071353367,Buy,83.90313,83.91303,82.74413,83.21962,35493
2026-03-06 11:00:00,1,0.544949251242218,0.45505074875778195,Buy,83.22952,85.40883,83.150276,85.23052,40773
2026-03-06 12:00:00,1,0.5557362582071299,0.4442637417928701,Buy,85.22061,85.88431,84.507385,85.27014,38699
2026-03-06 13:00:00,1,0.5238536977634873,0.47614630223651266,Buy,85.28005,86.96406,84.071526,86.5381,60129
2026-03-06 14:00:00,0,0.5065115357136564,0.49348846428634363,Buy,86.52819,88.77684,86.211205,87.88531,77614
2026-03-06 15:00:00,0,0.4818606834069289,0.5181393165930711,Hold,87.89521,88.69759,86.67678,87.99427,62747
2026-03-06 16:00:00,1,0.4366697895030946,0.5633302104969053,Hold,87.99427,89.51978,87.380104,89.45044,53106
2026-03-06 17:00:00,0,0.4141607668524669,0.5858392331475331,Hold,89.45044,91.73871,88.82637,91.530685,60184
2026-03-06 18:00:00,1,0.3750206869985751,0.624979313001425,Hold,91.530685,91.63965,88.69759,90.73821,62801
2026-03-06 19:00:00,1,0.36389223308432045,0.6361077669156796,Hold,90.7184,90.847176,89.34148,90.49056,60718
2026-03-06 20:00:00,1,0.3394328770035947,0.6605671229964053,Hold,90.47075,90.52028,89.46034,89.83677,20196
2026-03-06 21:00:00,1,0.32406453613234887,0.6759354638676511,Hold,89.84668,90.66887,89.73771,90.411316,9264
2026-03-08 22:00:00,1,0.38799653849979093,0.612003461500209,Hold,97.077995,110.193436,97.077995,105.93389,58106
2026-03-08 23:00:00,1,0.3886103880268827,0.6113896119731173,Hold,105.88436,107.50893,104.06167,107.01363,27108
2026-03-09 00:00:00,1,0.39096388066656085,0.6090361193334392,Hold,107.04335,108.99482,105.448494,107.24147,29910
2026-03-09 01:00:00,0,0.391593291318066,0.608406708681934,Hold,107.25137,114.58176,107.04335,113.9874,35576
2026-03-09 02:00:00,0,0.42349721909940485,0.5765027809005951,Hold,113.99731,118.35591,111.005714,113.23455,56831
2026-03-09 03:00:00,0,0.43455040995018945,0.5654495900498105,Hold,113.254364,115.403946,110.133995,114.53223,24526
2026-03-09 04:00:00,0,0.47956994194025204,0.520430058059748,Hold,114.54213,115.6714,113.51192,114.78978,12323
2026-03-09 05:00:00,0,0.49989990362784664,0.5001000963721534,Hold,114.75015,114.85912,102.06068,102.71446,50878
2026-03-09 06:00:00,0,0.5169410863731658,0.4830589136268342,Buy,102.734276,106.39947,99.078995,103.53666,47121
2026-03-09 07:00:00,0,0.5310800075805369,0.46891999241946314,Buy,103.47722,103.47722,99.40589,101.86256,25535
2026-03-09 08:00:00,0,0.5447588040699657,0.4552411959300343,Buy,101.87246,103.97252,100.5946,102.13001,20303
2026-03-09 09:00:00,0,0.5420814905744554,0.4579185094255446,Buy,102.13992,103.82393,95.34446,100.12902,30818
2026-03-09 10:00:00,0,0.5425415061392143,0.45745849386078574,Buy,100.13892,102.99183,99.67335,102.25879,19185
2026-03-09 11:00:00,0,0.534151994479102,0.465848005520898,Buy,102.248886,102.79371,100.60451,101.23848,14389
2026-03-09 12:00:00,0,0.5454791017940095,0.4545208982059905,Buy,101.18895,102.55597,99.178055,101.2682,27580
2026-03-09 13:00:00,0,0.5243979786924332,0.4756020213075668,Buy,101.24839,101.25829,96.27562,98.72238,62567
2026-03-09 14:00:00,0,0.49805388251851834,0.5019461174814817,Hold,98.71247,103.58618,98.4153,99.5842,52127
2026-03-09 15:00:00,0,0.4646460167762287,0.5353539832237713,Hold,99.57429,99.67335,93.759514,94.71048,59113
2026-03-09 16:00:00,0,0.44311164131412695,0.556888358685873,Hold,94.68076,96.46383,92.19438,93.8982,51163
2026-03-09 17:00:00,0,0.40137082936743007,0.5986291706325699,Hold,93.88829,95.14634,93.323654,94.04678,21487
2026-03-09 18:00:00,0,0.36384874844384446,0.6361512515561556,Hold,94.02698,94.53217,90.76793,94.39349,48382
2026-03-09 19:00:00,0,0.3258082286271295,0.6741917713728705,Hold,94.38359,94.68076,80.42615,85.101746,68552
2026-03-09 20:00:00,0,0.31169734712289526,0.6883026528771048,Hold,85.101746,88.00417,81.87241,84.27955,25345
2026-03-09 22:00:00,0,0.3019338140680166,0.6980661859319834,Hold,84.943245,89.15326,84.220116,87.043304,21997
2026-03-09 23:00:00,0,0.3103360782063019,0.6896639217936982,Hold,87.132454,89.381096,86.29045,87.81596,9420
2026-03-10 00:00:00,0,0.3142911880015539,0.685708811998446,Hold,87.81596,88.50938,84.358795,85.95365,19797
2026-03-10 01:00:00,0,0.33000291135142656,0.6699970886485734,Hold,85.963554,86.19139,83.635666,84.10124,16336
2026-03-10 02:00:00,0,0.3290177652682015,0.6709822347317985,Hold,84.11115,88.08342,83.90313,87.78625,12230
2026-03-10 03:00:00,0,0.35586609604598574,0.6441339039540143,Hold,87.77634,90.61934,87.32067,88.99477,17101
2026-03-10 04:00:00,0,0.3964595163489845,0.6035404836510154,Hold,89.06411,90.2231,88.76693,89.64856,8291
2026-03-10 05:00:00,0,0.4395633706147712,0.5604366293852288,Hold,89.64856,89.65846,86.607445,88.212204,11661
2026-03-10 06:00:00,0,0.44521141688725424,0.5547885831127457,Hold,88.24192,89.20279,87.043304,88.95515,10627
2026-03-10 07:00:00,0,0.503250883362608,0.49674911663739196,Buy,88.93533,89.20279,84.73522,85.01259,20791
2026-03-10 08:00:00,0,0.5089485541235285,0.49105144587647154,Buy,84.98287,87.81596,84.457855,87.7169,21409
2026-03-10 09:00:00,0,0.5278740642858396,0.4721259357141604,Buy,87.73672,87.91502,85.11165,86.122055,16580
2026-03-10 10:00:00,0,0.5214069234728376,0.47859307652716243,Buy,86.122055,89.32166,85.93384,87.95464,19262
2026-03-10 11:00:00,0,0.5189337824682441,0.48106621753175594,Buy,87.93484,89.02448,85.587135,88.36079,20664
2026-03-10 12:00:00,0,0.513695512562466,0.48630448743753396,Buy,88.34098,90.24291,87.91502,88.69759,29034
2026-03-10 13:00:00,0,0.5076124319067297,0.49238756809327033,Buy,88.68768,88.68768,86.3697,86.76594,37451
2026-03-10 14:00:00,0,0.5121308620381376,0.4878691379618624,Buy,86.75603,87.65747,82.22903,83.42764,53204
2026-03-10 15:00:00,0,0.4552600311566073,0.5447399688433927,Hold,83.42764,84.11115,82.03091,83.54652,45581
2026-03-10 16:00:00,0,0.43205031855838544,0.5679496814416145,Hold,83.51679,84.992775,81.29787,81.56533,36128
2026-03-10 17:00:00,0,0.4188884051395979,0.5811115948604021,Hold,81.535614,81.93185,76.00811,79.445465,95583
2026-03-10 18:00:00,0,0.3489979100048398,0.6510020899951602,Hold,79.42565,85.864494,78.87092,83.31868,67273
2026-03-10 19:00:00,0,0.3146774439515064,0.6853225560484937,Hold,83.31868,86.97396,83.13046,85.83478,30920
2026-03-10 20:00:00,0,0.30225118993688677,0.6977488100631133,Hold,85.84469,86.41923,84.953156,85.577225,9305
2026-03-10 22:00:00,0,0.28292014680013533,0.7170798531998647,Hold,86.072525,87.75653,85.89422,87.479164,6111
2026-03-10 23:00:00,0,0.30297384934300176,0.6970261506569982,Hold,87.45935,87.48907,84.43804,84.854095,9660
2026-03-11 00:00:00,0,0.34375375133783737,0.6562462486621626,Hold,84.88381,84.98287,81.0205,82.1894,20915
2026-03-11 01:00:00,0,0.3496929196741952,0.6503070803258049,Hold,82.1894,83.71491,81.6842,82.33799,11559
2026-03-11 02:00:00,0,0.3436131702696039,0.6563868297303961,Hold,82.32809,84.28946,82.1894,83.3484,8642
2026-03-11 03:00:00,0,0.4034839549764445,0.5965160450235555,Hold,83.36821,83.54652,81.8526,82.09034,7114
2026-03-11 04:00:00,0,0.44955595797213604,0.550444042027864,Hold,82.10025,82.78376,81.59505,82.29837,5369
2026-03-11 05:00:00,0,0.46476485506560417,0.5352351449343958,Hold,82.28846,83.49699,82.15968,83.21962,5938
2026-03-11 06:00:00,0,0.508436684523742,0.491563315476258,Buy,83.21962,83.76444,82.33799,82.78376,7149
2026-03-11 07:00:00,0,0.522164084879735,0.477835915120265,Buy,82.78376,84.98287,82.55592,84.68569,16320
2026-03-11 08:00:00,0,0.5432735028220107,0.4567264971779893,Buy,84.64607,86.013084,84.11115,85.71591,19142
2026-03-11 09:00:00,0,0.5231307710653794,0.4768692289346206,Buy,85.71591,88.15276,85.49798,87.92493,22653
2026-03-11 10:00:00,0,0.5657666718101007,0.43423332818989935,Buy,87.91502,87.91502,83.883316,84.14087,23442
2026-03-11 11:00:00,0,0.541687993418009,0.458312006581991,Buy,84.170586,86.47867,83.873405,85.864494,20828
2026-03-11 12:00:00,0,0.5354974064556309,0.46450259354436907,Buy,85.83478,87.25133,85.379105,86.38951,19022
2026-03-11 13:00:00,0,0.5555981329184252,0.4444018670815748,Buy,86.38951,86.48857,82.73423,83.26915,36971
2026-03-11 14:00:00,0,0.49869731123881594,0.501302688761184,Hold,83.29887,86.2013,81.22853,85.379105,47587
2026-03-11 15:00:00,0,0.4477468020293469,0.5522531979706531,Hold,85.39892,86.845184,84.943245,86.77584,23713
2026-03-11 16:00:00,0,0.42888306082193706,0.5711169391780629,Hold,86.80556,87.79615,86.072525,86.310265,24498
2026-03-11 17:00:00,0,0.3987315069984757,0.6012684930015243,Hold,86.30036,87.5485,85.3692,87.033394,25625
2026-03-11 18:00:00,0,0.37165654081112043,0.6283434591888796,Hold,87.02349,87.61784,85.874405,86.42914,34807
2026-03-11 19:00:00,1,0.33120301887851766,0.6687969811214823,Hold,86.43904,87.25133,86.13196,87.16217,7496
2026-03-11 20:00:00,0,0.3129707660617716,0.6870292339382285,Hold,87.16217,87.78625,86.97396,87.578224,6626
2026-03-11 22:00:00,0,0.30943821638995544,0.6905617836100446,Hold,88.47966,92.13494,87.77634,89.965546,17650
2026-03-11 23:00:00,0,0.30793225932522295,0.692067740674777,Hold,90.015076,93.49206,89.866486,91.619835,16407
2026-03-12 00:00:00,0,0.31416178437280945,0.6858382156271905,Hold,91.59012,93.31375,90.985855,92.253815,15538
2026-03-12 01:00:00,0,0.3450068835583228,0.6549931164416771,Hold,92.24391,92.80855,90.837265,92.352875,11695
2026-03-12 02:00:00,0,0.36211800678623624,0.6378819932137638,Hold,92.37269,95.06709,92.32316,93.63074,13442
2026-03-12 03:00:00,0,0.39540157859594416,0.6045984214040558,Hold,93.68027,94.64114,92.986855,93.59111,11372
2026-03-12 04:00:00,0,0.451536148462883,0.548463851537117,Hold,93.55149,94.33406,93.15525,93.93782,5163
2026-03-12 05:00:00,0,0.48533406514679056,0.5146659348532094,Hold,93.908104,93.908104,91.481155,92.19438,15602
2026-03-12 06:00:00,0,0.4937210767936396,0.5062789232063605,Hold,92.19438,92.84817,90.460846,91.68918,11817
2026-03-12 07:00:00,0,0.5231528345577461,0.4768471654422539,Buy,91.65946,91.65946,89.03439,89.59903,16148
2026-03-12 08:00:00,0,0.5251328860149207,0.4748671139850793,Buy,89.58913,91.629745,89.39101,91.24341,15505
2026-03-12 09:00:00,0,0.5377413027662281,0.4622586972337719,Buy,91.21369,92.006165,90.19338,90.3816,12201
2026-03-12 10:00:00,0,0.532397891806221,0.467602108193779,Buy,90.361786,90.985855,89.816956,90.213196,12506
2026-03-12 11:00:00,0,0.5186138191570594,0.4813861808429406,Buy,90.2231,91.97645,90.14385,91.79814,12070
2026-03-12 12:00:00,0,0.5200507934205367,0.4799492065794633,Buy,91.77833,92.70949,91.51087,92.02598,14752
2026-03-12 13:00:00,0,0.5320357595261701,0.4679642404738299,Buy,92.006165,94.30434,91.69908,93.88829,36919
2026-03-12 14:00:00,0,0.500707881370203,0.49929211862979705,Buy,93.908104,95.30484,93.323654,94.77982,39085
2026-03-12 15:00:00,0,0.46322978042897694,0.5367702195710231,Hold,94.76992,96.27562,93.4128,93.670364,46320
2026-03-12 16:00:00,0,0.4317065097614915,0.5682934902385085,Hold,93.65055,94.8987,92.154755,93.93782,30967
2026-03-12 17:00:00,0,0.4007179757899622,0.5992820242100378,Hold,93.92792,94.63123,93.33356,93.48215,16566
2026-03-12 18:00:00,0,0.3640636478973054,0.6359363521026946,Hold,93.48215,95.810036,93.036385,95.63173,25248
2026-03-12 19:00:00,0,0.36506132621240595,0.634938673787594,Hold,95.65154,96.04778,94.52227,95.4138,13837
2026-03-12 20:00:00,0,0.3300338304766742,0.6699661695233259,Hold,95.423706,95.7506,94.80954,95.48315,6824
2026-03-12 22:00:00,0,0.3334885126860587,0.6665114873139413,Hold,95.82985,97.16715,94.78973,95.31474,8952
2026-03-12 23:00:00,0,0.3345752794033255,0.6654247205966746,Hold,95.35437,96.5827,95.33456,95.70107,4483
2026-03-13 00:00:00,0,0.3392684004038618,0.6607315995961383,Hold,95.66145,95.81995,93.93782,94.67086,9085
2026-03-13 01:00:00,0,0.3378330622177446,0.6621669377822554,Hold,94.67086,95.31474,93.76942,94.80954,8719
2026-03-13 02:00:00,0,0.343307169459165,0.656692830540835,Hold,94.79964,95.572296,94.41331,95.34446,5174
2026-03-13 03:00:00,0,0.37602149050187367,0.6239785094981263,Hold,95.34446,95.70107,94.29443,94.67086,5102
2026-03-13 04:00:00,0,0.41332018674925153,0.5866798132507485,Hold,94.64114,94.96803,94.33406,94.37368,3025
2026-03-13 05:00:00,0,0.44978177713809175,0.5502182228619082,Hold,94.37368,94.73029,93.99725,94.22509,4466
2026-03-13 06:00:00,0,0.4772969162783535,0.5227030837216464,Hold,94.235,95.423706,93.63074,95.29493,7453
2026-03-13 07:00:00,0,0.5214785732342441,0.47852142676575593,Buy,95.31474,96.68176,95.13644,96.26571,11688
2026-03-13 08:00:00,0,0.5424497611932858,0.4575502388067142,Buy,96.22609,96.9195,94.5817,94.76001,15804
2026-03-13 09:00:00,0,0.546450642530645,0.453549357469355,Buy,94.75011,95.374176,94.08641,94.87888,11513
2026-03-13 10:00:00,0,0.5622894139253887,0.43771058607461133,Buy,94.85907,95.03738,92.48165,92.79864,15802
2026-03-13 11:00:00,0,0.5621417556659901,0.4378582443340099,Buy,92.788734,94.14584,92.24391,92.550995,17618
2026-03-13 12:00:00,1,0.5301382492817863,0.4698617507182137,Buy,92.5708,93.50196,91.17407,92.689674,22236
2026-03-13 13:00:00,0,0.5093333962683317,0.49066660373166826,Buy,92.70949,93.69017,92.02598,93.54159,30161
2026-03-13 14:00:00,0,0.48904227631882136,0.5109577236811786,Hold,93.53168,94.85907,93.135445,94.740204,21388
2026-03-13 15:00:00,1,0.44870897906141727,0.5512910209385827,Hold,94.73029,95.91901,94.50246,95.48315,25224
2026-03-13 16:00:00,1,0.4172147829990146,0.5827852170009854,Hold,95.49305,96.63223,95.31474,95.96854,20983
2026-03-13 17:00:00,0,0.4142769055389924,0.5857230944610077,Hold,95.958626,97.29593,95.48315,97.05818,20314
2026-03-13 18:00:00,0,0.3801520505674238,0.6198479494325762,Hold,97.038376,98.385574,96.0874,96.53317,34313
2026-03-13 19:00:00,0,0.34846188858314625,0.6515381114168537,Hold,96.56289,97.424706,96.32515,97.26621,9061
2026-03-13 20:00:00,0,0.3204893315730556,0.6795106684269444,Hold,97.28602,98.385574,97.276115,98.37567,8202
2026-03-15 22:00:00,0,0.34329614446086,0.65670385553914,Hold,99.98043,101.47623,98.40539,98.66294,18008
2026-03-15 23:00:00,0,0.3622729932326305,0.6377270067673695,Hold,98.65304,99.49504,97.474236,97.84075,10998
2026-03-16 00:00:00,0,0.34246287838634365,0.6575371216136563,Hold,97.85066,97.93981,96.42421,96.56289,10450
2026-03-16 01:00:00,0,0.3668938790191722,0.6331061209808277,Hold,96.552986,97.860565,95.82985,97.563385,9259
2026-03-16 02:00:00,0,0.3759174786404276,0.6240825213595724,Hold,97.5832,98.445015,97.18696,97.98934,7803
2026-03-16 03:00:00,0,0.389445674420396,0.610554325579604,Hold,98.009155,98.40539,97.622826,98.31624,4903
2026-03-16 04:00:00,0,0.4141365327779305,0.5858634672220695,Hold,98.33605,98.85116,98.28652,98.593605,2587
2026-03-16 05:00:00,0,0.4596392711999691,0.5403607288000309,Hold,98.61341,98.80163,97.39499,97.523766,4296
2026-03-16 06:00:00,0,0.4852644580888975,0.5147355419111025,Hold,97.523766,98.7521,97.19687,97.97944,5352
2026-03-16 07:00:00,0,0.5225232278573123,0.4774767721426877,Buy,97.98934,100.07949,97.662445,99.54457,11327
2026-03-16 08:00:00,0,0.5451770208104346,0.4548229791895654,Buy,99.564384,99.950714,98.60351,98.831345,12011
2026-03-16 09:00:00,0,0.547767787398553,0.45223221260144697,Buy,98.82144,99.33655,97.68226,98.21718,8783
2026-03-16 10:00:00,0,0.5311229083897014,0.46887709161029856,Buy,98.17755,98.36577,95.76051,95.92891,13908
2026-03-16 11:00:00,0,0.5469650915492853,0.4530349084507147,Buy,95.91901,96.89969,95.7506,96.0775,12970
2026-03-16 12:00:00,0,0.5409207789506244,0.4590792210493756,Buy,96.107216,96.48364,93.670364,94.36378,24573
2026-03-16 13:00:00,0,0.5330053888761466,0.46699461112385343,Buy,94.38359,94.78973,92.09532,92.47175,34690
2026-03-16 14:00:00,0,0.5086591040796181,0.4913408959203819,Buy,92.46184,94.52227,92.12504,94.26472,28787
2026-03-16 15:00:00,0,0.4523535504853502,0.5476464495146498,Hold,94.25481,94.83926,93.64064,94.5619,18827
2026-03-16 16:00:00,0,0.4233341716810588,0.5766658283189412,Hold,94.5817,95.67136,94.007164,94.67086,17927
2026-03-16 17:00:00,0,0.4151097830303867,0.5848902169696133,Hold,94.67086,94.70058,92.838264,93.4128,27295
2026-03-16 18:00:00,0,0.37167785742047554,0.6283221425795245,Hold,93.4128,93.68027,92.09532,92.600525,24886
2026-03-16 19:00:00,0,0.34151609774960534,0.6584839022503947,Hold,92.61043,93.86848,92.055695,92.491554,12517
2026-03-16 20:00:00,0,0.3042941207160955,0.6957058792839045,Hold,92.501465,93.521774,92.21419,93.33356,7643
2026-03-16 22:00:00,0,0.3187306588299149,0.6812693411700851,Hold,93.521774,94.42321,92.99676,94.0666,4075
2026-03-16 23:00:00,0,0.3182501657102574,0.6817498342897426,Hold,94.0765,94.42321,93.58121,94.03688,3253
2026-03-17 00:00:00,0,0.3066574890313785,0.6933425109686215,Hold,94.01707,95.45342,93.94772,94.99776,4934
2026-03-17 01:00:00,0,0.3270906428121422,0.6729093571878578,Hold,95.04729,95.28503,94.28453,94.92841,5930
2026-03-17 02:00:00,0,0.33585305073254895,0.664146949267451,Hold,94.91851,95.25531,94.67086,95.08691,3134
2026-03-17 03:00:00,0,0.3561263520861337,0.6438736479138663,Hold,95.06709,95.39399,94.83926,95.13644,3006
2026-03-17 04:00:00,0,0.40442222301368863,0.5955777769863113,Hold,95.12653,95.38409,94.52227,94.93832,2055
2026-03-17 05:00:00,0,0.43250584950750837,0.5674941504924916,Hold,94.94823,97.06809,94.38359,96.889786,5399
2026-03-17 06:00:00,0,0.4736687783342857,0.5263312216657143,Hold,96.9096,97.49405,96.107216,96.63223,8066
2026-03-17 07:00:00,0,0.5134538535014705,0.48654614649852945,Buy,96.602516,96.83035,95.58221,96.008156,6723
2026-03-17 08:00:00,0,0.518999221556236,0.481000778443764,Buy,95.97844,96.99875,95.810036,96.53317,8087
2026-03-17 09:00:00,0,0.5263488504644372,0.47365114953556275,Buy,96.543076,96.552986,94.73029,94.98785,7612
2026-03-17 10:00:00,0,0.5045529480908237,0.49544705190917626,Buy,94.99776,96.01807,94.97794,95.29493,4424
2026-03-17 11:00:00,0,0.49898313551416423,0.5010168644858357,Hold,95.29493,96.107216,95.25531,95.99825,5200
2026-03-17 12:00:00,0,0.5353835170924608,0.4646164829075392,Buy,95.99825,96.107216,94.21519,94.22509,9294
2026-03-17 13:00:00,0,0.5231947017492395,0.47680529825076046,Buy,94.25481,94.46284,92.94723,94.22509,16821
2026-03-17 14:00:00,0,0.501840744236706,0.498159255763294,Buy,94.22509,94.66095,92.986855,93.30384,16041
2026-03-17 15:00:00,0,0.4575036661544827,0.5424963338455173,Hold,93.323654,95.077,93.036385,94.77982,17817
2026-03-17 16:00:00,0,0.4139076937856684,0.5860923062143316,Hold,94.77982,94.93832,93.46233,94.155754,17023
2026-03-17 17:00:00,0,0.39190691142150785,0.6080930885784921,Hold,94.17556,95.13644,94.0765,94.85907,16237
2026-03-17 18:00:00,0,0.3771402100922487,0.6228597899077513,Hold,94.84917,95.46333,94.48264,95.06709,15992
2026-03-17 19:00:00,0,0.3391804547267332,0.6608195452732668,Hold,95.05719,95.423706,94.76001,95.2454,4276
2026-03-17 20:00:00,0,0.3334739970375145,0.6665260029624855,Hold,95.25531,95.4138,94.92841,95.11662,2681
2026-03-17 22:00:00,0,0.3148846431532937,0.6851153568467063,Hold,95.09682,95.50295,94.106224,94.94823,2010
2026-03-17 23:00:00,0,0.30474023111761295,0.695259768882387,Hold,94.8987,95.44352,94.76001,95.09682,1026
2026-03-18 00:00:00,0,0.29346039986586164,0.7065396001341384,Hold,95.09682,95.11662,93.759514,93.92792,1421
2026-03-18 01:00:00,0,0.291815901191945,0.708184098808055,Hold,93.88829,94.29443,93.59111,94.11613,922
2026-03-18 02:00:00,0,0.3153685141141746,0.6846314858858253,Hold,94.08641,94.29443,93.10572,93.65055,966
2026-03-18 03:00:00,0,0.37082483886715784,0.6291751611328422,Hold,93.65055,93.74961,92.17457,92.303345,2145
2026-03-18 04:00:00,0,0.40217979390754116,0.5978202060924589,Hold,92.31325,92.442024,91.966545,92.28353,1806
2026-03-18 05:00:00,0,0.44025383293520676,0.5597461670647932,Hold,92.28353,92.67977,91.60993,91.78824,1882
2026-03-18 06:00:00,1,0.46598666179757803,0.5340133382024219,Hold,91.817955,92.491554,91.094826,92.38259,2107
2026-03-18 07:00:00,1,0.4771886561985158,0.5228113438014842,Hold,92.31325,92.877884,92.17457,92.81845,1668
2026-03-18 08:00:00,1,0.5073468819265724,0.4926531180734276,Buy,92.82836,93.7397,92.739204,93.393,3996
2026-03-18 09:00:00,1,0.5209604084730479,0.4790395915269521,Buy,93.38309,94.056694,93.2345,93.858574,1641
2026-03-18 10:00:00,1,0.5050261013907317,0.4949738986092683,Buy,93.86848,94.0765,93.56139,93.82886,1574
2026-03-18 11:00:00,1,0.5213523914388963,0.47864760856110367,Buy,93.82886,95.08691,93.422714,94.18547,3757
2026-03-18 12:00:00,0,0.4893250214603352,0.5106749785396648,Hold,94.18547,97.14734,94.11613,97.028465,7922
2026-03-18 13:00:00,0,0.48479275688976187,0.5152072431102381,Hold,96.879875,98.16765,96.63223,97.97944,7533
2026-03-18 14:00:00,0,0.47543182545601087,0.5245681745439892,Hold,98.009155,98.47473,97.325645,97.92991,5559
2026-03-18 15:00:00,0,0.44268915471954895,0.557310845280451,Hold,97.93981,98.435104,96.95913,97.30583,7041
2026-03-18 16:00:00,0,0.413043941967594,0.586956058032406,Hold,97.226585,97.513855,96.543076,97.127525,5292
2026-03-18 17:00:00,1,0.3938980522311081,0.6061019477688919,Hold,97.127525,97.70207,95.11662,95.26521,5827
2026-03-18 18:00:00,0,0.3461096351745666,0.6538903648254334,Hold,95.30484,96.453926,94.4034,96.28552,7671
2026-03-18 19:00:00,0,0.32161934646755075,0.6783806535324493,Hold,96.305336,97.84075,95.909096,97.53367,2800
2026-03-18 20:00:00,0,0.3057312477164743,0.6942687522835257,Hold,97.55348,99.604004,97.43461,98.880875,2526
2026-03-18 22:00:00,0,0.3132109686862585,0.6867890313137415,Hold,98.197365,98.593605,97.50395,98.11812,922
2026-03-18 23:00:00,0,0.30429525858647244,0.6957047414135276,Hold,98.0884,98.544075,97.325645,98.197365,616
2026-03-19 00:00:00,0,0.3512770744667043,0.6487229255332957,Hold,98.197365,99.05638,98.04754,98.24731,12853
2026-03-19 01:00:00,0,0.346666827067828,0.6533331729321721,Hold,98.24731,98.54697,97.30839,97.93766,10805
2026-03-19 02:00:00,0,0.36588667208961245,0.6341133279103875,Hold,97.93766,98.137436,95.6403,96.079796,17367
2026-03-19 03:00:00,0,0.35989920414432897,0.640100795855671,Hold,96.079796,96.439384,95.74018,96.359474,6931
2026-03-19 04:00:00,0,0.40746036076312103,0.5925396392368789,Hold,96.36946,96.72905,96.18967,96.4194,4056
2026-03-19 05:00:00,0,0.4510376594704653,0.5489623405295347,Hold,96.39943,97.158554,95.85006,96.36946,8023
2026-03-19 06:00:00,0,0.4808562646562524,0.5191437353437476,Hold,96.3395,96.69908,95.92997,96.22962,8687
2026-03-19 07:00:00,0,0.5032992144690083,0.49670078553099173,Buy,96.219635,96.878876,95.21079,96.65913,19313
2026-03-19 08:00:00,0,0.501222081552647,0.498777918447353,Buy,96.63915,97.18852,95.70023,96.67911,19001
2026-03-19 09:00:00,1,0.5502224630827403,0.44977753691725975,Buy,96.67911,98.84662,94.301834,95.05097,41140
2026-03-19 10:00:00,0,0.5314821183771706,0.46851788162282937,Buy,95.05097,96.38944,94.75132,96.11975,20456
2026-03-19 11:00:00,0,0.5194371091676104,0.48056289083238957,Buy,96.11975,97.62802,95.84007,96.52928,14811
2026-03-19 12:00:00,0,0.5128439491834869,0.48715605081651314,Buy,96.55924,96.82893,95.16085,96.17968,23469
2026-03-19 13:00:00,0,0.5132747371658527,0.4867252628341473,Buy,96.17968,97.13858,95.25075,95.97991,41511
2026-03-19 14:00:00,0,0.48704567657424064,0.5129543234257594,Hold,95.96992,97.12859,95.670265,96.38944,28418
2026-03-19 15:00:00,0,0.4556349598543676,0.5443650401456324,Hold,96.39943,100.364876,95.58037,97.96763,66671
2026-03-19 16:00:00,0,0.4250760740008085,0.5749239259991915,Hold,97.93766,98.55695,96.52928,97.02871,35529
2026-03-19 17:00:00,0,0.38898476711047836,0.6110152328895216,Hold,97.018715,97.16855,95.01102,95.69024,28235
2026-03-19 18:00:00,0,0.3633462909743358,0.6366537090256642,Hold,95.69024,96.08978,94.052124,94.87118,35450
2026-03-19 19:00:00,0,0.3310896891065581,0.6689103108934419,Hold,94.86119,95.19081,91.994484,94.12204,42874
2026-03-19 20:00:00,0,0.2994567102399746,0.7005432897600254,Hold,94.11205,94.66142,93.862335,94.48163,7314
2026-03-19 22:00:00,0,0.2912679822623127,0.7087320177376872,Hold,94.351776,94.69138,93.84236,93.88232,2250
2026-03-19 23:00:00,0,0.3026156048669062,0.6973843951330938,Hold,93.84236,94.04213,93.51274,93.85235,2286
2026-03-20 00:00:00,0,0.28713782460768866,0.7128621753923113,Hold,93.85235,94.34179,93.29299,94.09207,5603
2026-03-20 01:00:00,0,0.33454357902232396,0.6654564209776761,Hold,94.06211,94.241905,92.36406,92.86349,11139
2026-03-20 02:00:00,0,0.30615509664697793,0.6938449033530221,Hold,92.85349,93.612625,92.75361,93.5527,6754
2026-03-20 03:00:00,0,0.3390440873364784,0.6609559126635216,Hold,93.5427,94.052124,93.27301,93.76245,4006
2026-03-20 04:00:00,0,0.35878865010029193,0.6412113498997081,Hold,93.74248,93.96223,93.30298,93.942245,2507
2026-03-20 05:00:00,0,0.4055049295854633,0.5944950704145366,Hold,93.95223,94.12204,93.18312,93.33295,4627
2026-03-20 06:00:00,0,0.4342211153973187,0.5657788846026812,Hold,93.33295,94.64144,93.32296,94.40172,5807
2026-03-20 07:00:00,0,0.47052511704806155,0.5294748829519385,Hold,94.40172,94.67141,93.43283,93.58266,7809
2026-03-20 08:00:00,0,0.4893414602907321,0.5106585397092679,Hold,93.5527,95.41056,93.18312,95.3806,18527
2026-03-20 09:00:00,0,0.4997531309644415,0.5002468690355585,Hold,95.36062,96.04983,94.97107,95.77015,15051
2026-03-20 10:00:00,0,0.5035993178454032,0.49640068215459676,Buy,95.77015,96.3395,95.19081,95.33065,10178
2026-03-20 11:00:00,0,0.5140340452892233,0.48596595471077675,Buy,95.32066,95.40057,93.97221,94.082085,12782
2026-03-20 12:00:00,0,0.5074479227327973,0.49255207726720274,Buy,94.0721,95.09093,93.79242,94.89116,15539
2026-03-20 13:00:00,0,0.48494164169287574,0.5150583583071242,Hold,94.89116,96.10976,94.67141,95.919975,24205
2026-03-20 14:00:00,0,0.4718942318874675,0.5281057681125325,Hold,95.9,96.958786,95.17084,96.73904,22443
2026-03-20 15:00:00,1,0.43246829170827605,0.567531708291724,Hold,96.72905,96.92882,95.58037,96.44937,24614
2026-03-20 16:00:00,0,0.4149429340264613,0.5850570659735387,Hold,96.44937,97.66798,96.11975,97.428246,19826
2026-03-20 17:00:00,0,0.38662093009660503,0.613379069903395,Hold,97.428246,98.39713,97.26843,97.9077,26762
2026-03-20 18:00:00,0,0.3491537973828525,0.6508462026171475,Hold,97.9077,98.63686,96.82893,98.47704,43671
2026-03-20 19:00:00,0,0.3166130467910526,0.6833869532089474,Hold,98.47704,98.63686,97.28841,97.36832,15071
2026-03-20 20:00:00,0,0.2963057762690877,0.7036942237309123,Hold,97.3783,98.04754,97.32836,97.977615,7039
2026-03-22 22:00:00,0,0.3270942213476604,0.6729057786523396,Hold,100.394844,101.38371,96.63915,97.96763,21666
2026-03-22 23:00:00,0,0.3244465657870233,0.6755534342129768,Hold,97.977615,98.666824,97.707924,98.47704,4523
2026-03-23 00:00:00,0,0.3162610141629092,0.6837389858370908,Hold,98.46706,98.826645,97.787834,98.04754,5757
2026-03-23 01:00:00,0,0.3386218232979099,0.6613781767020901,Hold,98.04754,98.63686,97.87773,98.46706,7385
2026-03-23 02:00:00,0,0.3555187083511187,0.6444812916488813,Hold,98.45707,98.99645,98.28726,98.7767,5320
2026-03-23 03:00:00,0,0.3716543873031597,0.6283456126968403,Hold,98.7767,99.216194,98.746735,99.09634,2993
2026-03-23 04:00:00,0,0.4114372938653795,0.5885627061346205,Hold,99.09634,99.18623,98.686806,98.7767,2124
2026-03-23 05:00:00,0,0.4433620967612779,0.5566379032387221,Hold,98.78669,98.87659,97.84776,98.37716,4867
2026-03-23 06:00:00,0,0.4951635387982727,0.5048364612017273,Hold,98.387146,100.724464,98.26729,100.45477,14058
2026-03-23 07:00:00,0,0.5382127478712923,0.46178725212870775,Buy,100.4348,101.55351,100.21505,100.98417,10772
2026-03-23 08:00:00,0,0.528757491811397,0.471242508188603,Buy,100.98417,100.98417,99.22619,99.22619,18330
2026-03-23 09:00:00,0,0.5351789963852048,0.46482100361479517,Buy,99.20621,99.32607,97.9976,98.7767,12839
2026-03-23 10:00:00,0,0.5325547297432965,0.46744527025670346,Buy,98.766716,99.316086,97.28841,98.47704,9686
2026-03-23 11:00:00,0,0.565983007145608,0.434016992854392,Buy,98.46706,98.65684,84.27334,92.39402,71371
2026-03-23 12:00:00,0,0.5984288179816807,0.4015711820183193,Buy,92.38403,93.21308,88.4885,89.29758,37921
2026-03-23 13:00:00,0,0.5682910443990663,0.4317089556009337,Buy,89.26761,91.18541,88.02903,89.03787,39713
2026-03-23 14:00:00,0,0.5567916504841662,0.44320834951583377,Buy,89.04786,90.20653,87.86921,89.14774,35005
2026-03-23 15:00:00,0,0.4867324084682879,0.5132675915317121,Hold,89.14774,90.72594,85.33212,90.39632,68148
2026-03-23 16:00:00,0,0.4608446957238443,0.5391553042761557,Hold,90.36635,91.76475,89.007904,89.54729,40683
2026-03-23 17:00:00,0,0.4268801688538316,0.5731198311461684,Hold,89.54729,90.20653,88.398605,88.5784,25995
2026-03-23 18:00:00,0,0.37857765205396104,0.621422347946039,Hold,88.56841,89.40745,86.63063,87.6195,33094
2026-03-23 19:00:00,0,0.3259459768616217,0.6740540231383783,Hold,87.59952,88.74821,87.329834,88.60837,9921
2026-03-23 20:00:00,0,0.30386796494625595,0.6961320350537441,Hold,88.59837,89.357506,88.288734,88.76818,5110
2026-03-23 22:00:00,0,0.2956692577986333,0.7043307422013667,Hold,88.67828,89.39746,88.618355,89.027885,2014
2026-03-23 23:00:00,0,0.30562511865060876,0.6943748813493913,Hold,89.027885,89.48736,88.398605,89.34752,3037
2026-03-24 00:00:00,0,0.2890814184370528,0.7109185815629472,Hold,89.337524,90.895744,89.247635,90.30642,10418
2026-03-24 01:00:00,0,0.3104399594674363,0.6895600405325637,Hold,90.296425,91.79471,90.28644,91.42513,7563
2026-03-24 02:00:00,0,0.3342224842939456,0.6657775157060544,Hold,91.415146,91.89459,90.845795,91.15544,6461
2026-03-24 03:00:00,0,0.33910376531275,0.66089623468725,Hold,91.17542,91.75475,91.13547,91.52502,2664
2026-03-24 04:00:00,0,0.3922494702266859,0.6077505297733141,Hold,91.51503,91.93455,91.365204,91.415146,2615
2026-03-24 05:00:00,0,0.4363700488140339,0.5636299511859661,Hold,91.43512,92.184265,91.20538,91.475075,4519
2026-03-24 06:00:00,0,0.48401947780348337,0.5159805221965166,Hold,91.48506,91.554985,90.50619,90.73592,7073
2026-03-24 07:00:00,0,0.5275098165188273,0.47249018348117267,Buy,90.7559,90.97565,89.28758,89.337524,12454
2026-03-24 08:00:00,0,0.5431306309478368,0.45686936905216324,Buy,89.34752,90.705956,89.007904,90.436264,17924
2026-03-24 09:00:00,0,0.5548497258195638,0.4451502741804362,Buy,90.436264,91.34522,90.16658,90.296425,8824
2026-03-24 10:00:00,0,0.5461500162161297,0.4538499837838703,Buy,90.31641,90.536156,89.32754,90.266464,7916
2026-03-24 11:00:00,0,0.5451689251423562,0.45483107485764385,Buy,90.266464,91.32525,89.86692,90.76589,10581
2026-03-24 12:00:00,0,0.5382178234843247,0.4617821765156753,Buy,90.7559,92.104355,90.675995,91.694824,16008
2026-03-24 13:00:00,0,0.5250352712629351,0.47496472873706486,Buy,91.68484,92.573814,91.335236,91.964516,26495
2026-03-24 14:00:00,0,0.5465335469482023,0.45346645305179767,Buy,91.9745,92.20424,90.41629,91.04557,33830
2026-03-24 15:00:00,0,0.4759170396097533,0.5240829603902467,Hold,91.04557,92.28415,90.456245,92.12433,20597
2026-03-24 16:00:00,0,0.4356020257677776,0.5643979742322224,Hold,92.11434,92.78358,91.81469,92.53386,18440
2026-03-24 17:00:00,0,0.4071559801580889,0.5928440198419112,Hold,92.56383,93.25304,91.085526,91.65487,23885
2026-03-24 18:00:00,0,0.3719277929058086,0.6280722070941914,Hold,91.664856,92.513885,90.845795,91.65487,25616
2026-03-24 19:00:00,0,0.3441086413703573,0.6558913586296427,Hold,91.65487,91.884605,91.05556,91.79471,6688
2026-03-24 20:00:00,0,0.3418849527747014,0.6581150472252986,Hold,91.79471,91.84465,86.24108,88.288734,28912
2026-03-24 22:00:00,0,0.2997678297322115,0.7002321702677885,Hold,88.38862,89.25762,87.69941,88.67828,5434
2026-03-24 23:00:00,0,0.288931904194306,0.7110680958056941,Hold,88.648315,88.89803,88.40859,88.758194,2565
2026-03-25 00:00:00,0,0.3175433823197545,0.6824566176802456,Hold,88.788155,88.89803,86.62064,87.689415,10856
2026-03-25 01:00:00,0,0.3332134667036956,0.6667865332963043,Hold,87.689415,87.97909,86.69057,87.48965,6823
2026-03-25 02:00:00,0,0.33401755703278896,0.665982442967211,Hold,87.49963,89.06784,87.219955,88.89803,4974
2026-03-25 03:00:00,0,0.36423147301850406,0.6357685269814959,Hold,88.928,89.12777,88.26875,88.84809,4269
2026-03-25 04:00:00,0,0.3981205541012807,0.6018794458987193,Hold,88.85808,88.99792,88.178856,88.2288,2850
2026-03-25 05:00:00,0,0.4173682785231602,0.5826317214768397,Hold,88.26875,89.247635,88.258766,89.06784,2884
2026-03-25 06:00:00,0,0.48126903658115805,0.518730963418842,Hold,89.04786,89.46738,88.808136,89.11778,4229
2026-03-25 07:00:00,0,0.5431005421283954,0.4568994578716046,Buy,89.10779,89.15774,88.148895,88.26875,7446
2026-03-25 08:00:00,0,0.5385752725114665,0.46142472748853347,Buy,88.24878,88.43856,86.49079,87.5296,19204
2026-03-25 09:00:00,0,0.5634434063624177,0.43655659363758226,Buy,87.50963,88.68827,87.08012,87.64947,11188
2026-03-25 10:00:00,0,0.5763045553212176,0.4236954446787824,Buy,87.60951,87.83925,86.80044,86.99022,8962
2026-03-25 11:00:00,0,0.579453470323963,0.420546529676037,Buy,87.000206,87.85922,86.36094,87.16003,13965
2026-03-25 12:00:00,0,0.5880965832645708,0.4119034167354292,Buy,87.15004,89.28758,86.93029,88.35865,25896
2026-03-25 13:00:00,0,0.5510081946074851,0.44899180539251493,Buy,88.34866,88.70825,87.31984,88.58839,29964
2026-03-25 14:00:00,0,0.5234512940264004,0.47654870597359955,Buy,88.59837,89.07783,88.15888,88.91801,23964
2026-03-25 15:00:00,0,0.4801409299586444,0.5198590700413557,Hold,88.91801,90.28644,88.73821,90.236496,25844
2026-03-25 16:00:00,0,0.45360335948068226,0.5463966405193177,Hold,90.25648,90.57611,89.25762,90.08667,23900
2026-03-25 17:00:00,0,0.4164313880818562,0.5835686119181438,Hold,90.07668,90.845795,89.12777,90.20653,26152
2026-03-25 18:00:00,0,0.3663895907754973,0.6336104092245027,Hold,90.21652,91.27531,89.80699,91.1055,21969
2026-03-25 19:00:00,0,0.34872707773556233,0.6512729222644377,Hold,91.13547,91.6249,90.456245,90.845795,7836
2026-03-25 20:00:00,0,0.3134995777303478,0.6865004222696522,Hold,90.83581,91.395164,90.83581,91.18541,2896
2026-03-25 22:00:00,0,0.32164124521484716,0.6783587547851528,Hold,91.27531,91.31526,90.77588,90.895744,1446
2026-03-25 23:00:00,0,0.3423239862694096,0.6576760137305904,Hold,90.87576,91.12548,90.60607,90.97565,1073
2026-03-26 00:00:00,0,0.3483928727318429,0.6516071272681572,Hold,90.97565,91.495056,90.845795,91.13547,3808
2026-03-26 01:00:00,0,0.3944137693830053,0.6055862306169947,Hold,91.09551,91.50504,90.83581,91.16543,3523
2026-03-26 02:00:00,0,0.3896466415690476,0.6103533584309524,Hold,91.18541,91.884605,90.97565,91.79471,4091
2026-03-26 03:00:00,0,0.4194904227441213,0.5805095772558787,Hold,91.804695,91.994484,91.475075,91.634895,2760
2026-03-26 04:00:00,0,0.4574976697603312,0.5425023302396688,Hold,91.64488,92.044426,91.51503,91.964516,2039
2026-03-26 05:00:00,0,0.4940727114923346,0.5059272885076653,Hold,91.9745,92.324104,91.81469,92.23421,4407
2026-03-26 06:00:00,0,0.5382686954663695,0.46173130453363054,Buy,92.23421,92.39402,91.994484,92.20424,6033
2026-03-26 07:00:00,0,0.5598844558125662,0.4401155441874338,Buy,92.20424,93.22307,92.184265,92.97336,8986
2026-03-26 08:00:00,0,0.5698421506680089,0.4301578493319911,Buy,92.94339,94.022156,92.593796,93.5527,12983
2026-03-26 09:00:00,0,0.5668123917317774,0.43318760826822256,Buy,93.532715,93.84236,93.09322,93.40286,8902
2026-03-26 10:00:00,0,0.5842595620171201,0.41574043798287985,Buy,93.40286,93.64259,92.55384,93.143166,9390
2026-03-26 11:00:00,0,0.5851946284079631,0.4148053715920369,Buy,93.13317,94.73134,92.9334,94.551544,9552
2026-03-26 12:00:00,0,0.5853010156982716,0.41469898430172836,Buy,94.571526,94.711365,93.85235,94.32181,11927
2026-03-26 13:00:00,0,0.5393662327735964,0.4606337672264036,Buy,94.32181,94.37176,92.61377,92.75361,27313
2026-03-26 14:00:00,0,0.522873267945656,0.47712673205434397,Buy,92.77359,94.082085,92.324104,93.59264,32402
2026-03-26 15:00:00,0,0.49144265537248283,0.5085573446275171,Hold,93.57267,94.631454,93.38289,94.48163,22337
2026-03-26 16:00:00,0,0.4633391694108518,0.5366608305891483,Hold,94.47164,95.13088,94.21194,94.601494,18010
2026-03-26 17:00:00,0,0.44002766829741374,0.5599723317025862,Hold,94.601494,95.33065,94.5016,95.13088,13648
2026-03-26 18:00:00,0,0.39934345345937083,0.6006565465406292,Hold,95.13088,95.180824,93.96223,94.21194,16341
2026-03-26 19:00:00,0,0.3707788266134524,0.6292211733865476,Hold,94.21194,94.551544,93.87233,93.99219,5834
2026-03-26 20:00:00,0,0.33097051984919285,0.6690294801508072,Hold,94.002174,94.351776,89.40745,93.68254,21277
2026-03-26 22:00:00,0,0.3161963285456828,0.6838036714543172,Hold,93.203094,93.6326,92.91343,93.13317,2003
2026-03-26 23:00:00,0,0.3046696026923785,0.6953303973076215,Hold,93.15315,93.35292,92.953384,93.143166,1337
2026-03-27 00:00:00,0,0.30517163555640237,0.6948283644435976,Hold,93.13317,94.04213,92.63375,93.97221,5496
2026-03-27 01:00:00,0,0.34089027381744247,0.6591097261825576,Hold,93.97221,94.09207,92.86349,92.953384,4529
2026-03-27 02:00:00,0,0.347030795366773,0.6529692046332269,Hold,92.9334,93.4628,91.9745,93.29299,5052
2026-03-27 03:00:00,0,0.362731228395108,0.6372687716048919,Hold,93.27301,93.692535,93.24305,93.38289,2582
2026-03-27 04:00:00,0,0.3924881789072186,0.6075118210927815,Hold,93.38289,93.76245,93.34293,93.71251,1509
2026-03-27 05:00:00,0,0.43932716583589276,0.5606728341641072,Hold,93.692535,93.9822,93.43283,93.96223,3240
2026-03-27 06:00:00,0,0.4625704930520413,0.5374295069479587,Hold,93.95223,94.34179,93.56268,94.241905,4246
2026-03-27 07:00:00,0,0.5256124242393756,0.4743875757606244,Buy,94.221924,95.36062,94.11205,94.961075,9933
2026-03-27 08:00:00,0,0.5331127887759632,0.46688721122403676,Buy,94.97107,96.19965,94.75132,95.9899,12155
2026-03-27 09:00:00,0,0.5348362364756131,0.46516376352438693,Buy,95.9899,96.63915,95.66028,95.9899,8943
2026-03-27 10:00:00,0,0.5325609795033606,0.46743902049663943,Buy,95.9899,97.02871,95.69024,96.92882,7749
2026-03-27 11:00:00,0,0.5346206217172218,0.4653793782827782,Buy,96.91883,97.10861,96.17968,96.52928,7759
2026-03-27 12:00:00,0,0.5259220412244059,0.4740779587755941,Buy,96.52928,97.13858,96.329506,96.65913,9741
2026-03-27 13:00:00,0,0.5272687947682805,0.4727312052317195,Buy,96.65913,97.75787,96.45936,97.647995,22274
2026-03-27 14:00:00,0,0.5032199742814526,0.4967800257185474,Buy,97.65798,98.23732,96.74902,98.06751,23712
2026-03-27 15:00:00,1,0.4785221969643079,0.5214778030356921,Hold,98.06751,98.0775,96.848915,97.87773,21735
2026-03-27 16:00:00,1,0.4267102805872724,0.5732897194127275,Hold,97.867744,98.78669,97.61803,98.69679,18121
2026-03-27 17:00:00,1,0.41116473400821785,0.5888352659917822,Hold,98.69679,98.72676,97.96763,98.47704,14408
2026-03-27 18:00:00,1,0.36898355105556857,0.6310164489444314,Hold,98.48703,99.925385,98.43709,99.05638,33377
2026-03-27 19:00:00,1,0.32733738141901375,0.6726626185809863,Hold,99.046394,100.42481,98.71677,99.54582,18121
2026-03-27 20:00:00,0,0.2932717491263773,0.7067282508736227,Hold,99.52584,101.12401,98.88657,101.06408,12477
2026-03-29 22:00:00,0,0.30194260306414333,0.6980573969358567,Hold,102.48245,103.26156,101.074066,102.003,11834
2026-03-29 23:00:00,0,0.292387165688889,0.707612834311111,Hold,102.01299,102.802086,101.7433,102.67223,4799
2026-03-30 00:00:00,0,0.3021195584988776,0.6978804415011224,Hold,102.68222,103.03182,100.93423,102.90197,11173
2026-03-30 01:00:00,0,0.3272036100484951,0.6727963899515049,Hold,102.93194,103.09175,101.59347,101.86316,6683
2026-03-30 02:00:00,0,0.3283615472081016,0.6716384527918984,Hold,101.873146,102.941925,101.0441,101.55351,6332
2026-03-30 03:00:00,0,0.3395936125704498,0.6604063874295503,Hold,101.55351,101.63342,100.145134,101.463615,10013
2026-03-30 04:00:00,0,0.3790836727836703,0.6209163272163297,Hold,101.463615,101.463615,100.964195,101.353745,2369
2026-03-30 05:00:00,0,0.4128262116390951,0.587173788360905,Hold,101.373726,101.41367,100.444786,100.73446,4122
2026-03-30 06:00:00,0,0.4449299938481815,0.5550700061518186,Hold,100.71448,101.653404,100.30495,101.47361,6057
2026-03-30 07:00:00,0,0.49170361062191026,0.5082963893780897,Hold,101.463615,102.07292,101.024124,101.573494,8399
2026-03-30 08:00:00,0,0.5007802055689283,0.4992197944310717,Buy,101.56351,102.372574,100.54467,100.9542,10554
2026-03-30 09:00:00,0,0.5077070184931853,0.49229298150681466,Buy,100.944214,101.73331,100.64456,101.47361,6251
2026-03-30 10:00:00,0,0.5249488506674378,0.4750511493325622,Buy,101.4836,101.923096,101.18394,101.58348,4499
2026-03-30 11:00:00,0,0.5437650111460123,0.4562349888539877,Buy,101.573494,101.653404,99.316086,100.994156,14105
2026-03-30 12:00:00,0,0.5194451237189528,0.4805548762810472,Buy,100.98417,101.373726,100.38486,100.56465,10655
2026-03-30 13:00:00,0,0.5294229628034697,0.4705770371965303,Buy,100.57464,102.74215,99.87544,102.28268,27799
2026-03-30 14:00:00,0,0.4975096554099307,0.5024903445900692,Hold,102.29267,102.392555,101.213905,101.95306,22629
2026-03-30 15:00:00,0,0.4744943574711935,0.5255056425288065,Hold,101.95306,102.91196,101.38371,102.85203,23808
2026-03-30 16:00:00,0,0.4240845183135029,0.5759154816864971,Hold,102.84204,103.741005,102.34261,102.81207,18699
2026-03-30 17:00:00,0,0.40586680738420544,0.5941331926157946,Hold,102.802086,103.61115,102.612305,103.25157,15369
2026-03-30 18:00:00,0,0.36550811207390393,0.6344918879260961,Hold,103.26156,103.29152,102.232735,103.20162,19149
2026-03-30 19:00:00,0,0.3535284699231657,0.6464715300768342,Hold,103.191635,104.230446,103.04181,104.0107,12436
2026-03-30 20:00:00,0,0.3110602281611364,0.6889397718388637,Hold,104.00071,105.23929,103.99072,104.88969,7011
2026-03-30 22:00:00,0,0.31817753007985716,0.6818224699201428,Hold,104.94962,105.51897,104.38027,105.44905,2677
2026-03-30 23:00:00,0,0.3317996383061852,0.6682003616938148,Hold,105.45904,106.73757,105.37913,106.08832,6672
2026-03-31 00:00:00,0,0.3238405659799752,0.6761594340200248,Hold,106.05835,106.41794,103.94078,103.95077,11246
2026-03-31 01:00:00,0,0.3065458720384268,0.6934541279615731,Hold,103.94078,104.62999,100.71448,101.56351,19151
2026-03-31 02:00:00,0,0.30917909866778387,0.6908209013322162,Hold,101.543526,102.46247,101.31379,102.12286,7005
2026-03-31 03:00:00,0,0.3355679261159659,0.6644320738840341,Hold,102.14284,103.04181,101.45363,102.872,5276
2026-03-31 04:00:00,0,0.36878406040763473,0.6312159395923653,Hold,102.85203,103.01184,102.472466,102.68222,2161
2026-03-31 05:00:00,0,0.414179330303031,0.585820669696969,Hold,102.66225,103.331474,102.34261,102.60231,3577
2026-03-31 06:00:00,0,0.45484750461394474,0.5451524953860553,Hold,102.58234,102.941925,102.33262,102.54238,3499
2026-03-31 07:00:00,0,0.48656659588840223,0.5134334041115978,Hold,102.55237,103.32149,101.683365,101.9131,7664
2026-03-31 08:00:00,0,0.4844302129828814,0.5155697870171185,Hold,101.923096,102.7921,101.79324,102.34261,10107
2026-03-31 09:00:00,0,0.4978660520528001,0.5021339479471999,Hold,102.3526,104.21047,101.18394,104.08062,13979
2026-03-31 10:00:00,0,0.501859799647729,0.498140200352271,Buy,104.08062,104.8797,103.55122,104.699905,11627
2026-03-31 11:00:00,0,0.5019827716451776,0.4980172283548224,Buy,104.70989,105.09945,102.422516,102.7022,20451
2026-03-31 12:00:00,0,0.48571517034897044,0.5142848296510296,Hold,102.68222,103.91081,102.15283,103.04181,18867
2026-03-31 13:00:00,0,0.4739897233763788,0.5260102766236212,Hold,103.06178,103.77097,102.08291,102.3526,21747
2026-03-31 14:00:00,0,0.4608579776127236,0.5391420223872764,Hold,102.3526,104.28039,101.99301,104.17052,29241
2026-03-31 15:00:00,0,0.4366103266494549,0.563389673350545,Hold,104.17052,104.65995,103.4014,104.49015,28039
2026-03-31 16:00:00,0,0.4177845619224713,0.5822154380775286,Hold,104.50014,104.919655,99.88543,101.71333,58066
2026-03-31 17:00:00,0,0.38351012409553514,0.6164898759044648,Hold,101.69336,102.52241,99.50587,102.312645,43019
2026-03-31 18:00:00,0,0.33711424525221606,0.662885754747784,Hold,102.32263,102.38257,100.68451,102.22275,35096
2026-03-31 19:00:00,0,0.3067247954705327,0.6932752045294672,Hold,102.21276,102.38257,101.53354,101.96304,7357
2026-03-31 20:00:00,0,0.28749815214628693,0.7125018478537131,Hold,101.983025,102.03297,100.554665,101.44364,5877
2026-03-31 22:00:00,0,0.2882947490957347,0.7117052509042653,Hold,101.60346,102.73216,101.40369,102.08291,3102
2026-03-31 23:00:00,0,0.2746491799002764,0.7253508200997236,Hold,102.08291,102.12286,101.49358,101.49358,2819
2026-04-01 00:00:00,0,0.2519263498542872,0.7480736501457128,Hold,101.513565,102.452484,101.433655,102.02298,4164
2026-04-01 01:00:00,0,0.2757330732474545,0.7242669267525454,Hold,102.02298,103.04181,101.763275,102.862015,6365
2026-04-01 02:00:00,0,0.2652176403939117,0.7347823596060883,Hold,102.84204,103.191635,102.41253,103.06178,2372
2026-04-01 03:00:00,0,0.3034964641355966,0.6965035358644034,Hold,103.06178,103.191635,102.68222,102.83205,2188
2026-04-01 04:00:00,0,0.3518229870963665,0.6481770129036335,Hold,102.84204,103.01184,102.392555,102.4425,1804
2026-04-01 05:00:00,0,0.3613937626044695,0.6386062373955306,Hold,102.452484,102.56236,100.914246,101.16396,5938
2026-04-01 06:00:00,0,0.4471599624943486,0.5528400375056515,Hold,101.14399,101.22389,96.53927,96.86889,27178
2026-04-01 07:00:00,0,0.4517631332364983,0.5482368667635017,Hold,96.83892,98.47704,96.38944,98.24731,18897
2026-04-01 08:00:00,0,0.4486909131281196,0.5513090868718804,Hold,98.24731,99.30609,97.837776,99.20621,14455
2026-04-01 09:00:00,0,0.46205875617846054,0.5379412438215394,Hold,99.20621,100.54467,98.99645,99.94536,12541
2026-04-01 10:00:00,0,0.4745311037629896,0.5254688962370104,Hold,99.925385,100.474754,99.32607,99.865456,11091
2026-04-01 11:00:00,0,0.4871101730264059,0.5128898269735941,Hold,99.845474,100.04524,98.21735,98.686806,12149
2026-04-01 12:00:00,0,0.46497182264276454,0.5350281773572354,Hold,98.666824,100.77441,97.89771,100.46477,26260
2026-04-01 13:00:00,0,0.46881317896974395,0.531186821030256,Hold,100.474754,100.89427,98.32722,98.84662,31709
2026-04-01 14:00:00,0,0.4366862167370049,0.5633137832629951,Hold,98.84662,99.46591,98.117455,98.9565,25788
2026-04-01 15:00:00,0,0.3828160346578109,0.6171839653421891,Hold,98.9465,100.16511,98.826645,99.61574,20682
2026-04-01 16:00:00,0,0.37252476551953817,0.6274752344804618,Hold,99.625725,100.744446,99.515854,99.9154,16106
2026-04-01 17:00:00,0,0.3471963708062617,0.6528036291937382,Hold,99.89542,99.925385,98.46706,99.19622,18284
2026-04-01 18:00:00,0,0.3303131727572226,0.6696868272427774,Hold,99.19622,100.32493,99.05638,99.71562,22383
2026-04-01 19:00:00,0,0.3030339227104326,0.6969660772895674,Hold,99.7356,99.77556,98.73675,99.40598,10051
2026-04-01 20:00:00,1,0.2815802547013835,0.7184197452986165,Hold,99.41597,99.88543,98.64685,98.79668,3597
2026-04-01 22:00:00,0,0.26621837874715204,0.733781621252848,Hold,98.80666,99.09634,98.25729,98.936516,1485
2026-04-01 23:00:00,1,0.263727882953835,0.736272117046165,Hold,98.91654,99.0364,98.517,98.826645,1715
2026-04-02 00:00:00,1,0.3089422597927397,0.6910577402072603,Hold,98.766716,98.906555,97.38829,97.91769,7454
2026-04-02 01:00:00,0,0.3122017658510632,0.6877982341489368,Hold,97.91769,104.38027,97.66798,104.05065,31939
2026-04-02 02:00:00,0,0.3180977319506315,0.6819022680493685,Hold,104.00071,104.52011,103.42137,103.681076,7873
2026-04-02 03:00:00,0,0.3242535719575236,0.6757464280424764,Hold,103.681076,104.70989,103.59118,104.590034,4442
2026-04-02 04:00:00,0,0.3683043171728903,0.6316956828271096,Hold,104.58005,105.52895,104.530106,104.839745,6853
2026-04-02 05:00:00,0,0.3859491108367497,0.6140508891632503,Hold,104.81977,106.02838,104.39026,106.018394,5822
2026-04-02 06:00:00,1,0.42247967974475026,0.5775203202552497,Hold,105.97844,106.62769,105.72873,105.97844,11417
2026-04-02 07:00:00,1,0.44476081374585213,0.5552391862541479,Hold,105.94848,106.54779,105.688774,106.11828,7450
2026-04-02 08:00:00,1,0.4725723192039912,0.5274276807960088,Hold,106.11828,107.117134,105.938484,107.10715,9448
2026-04-02 09:00:00,1,0.4643941706576723,0.5356058293423277,Hold,107.07718,107.90623,106.80749,107.54664,10842
2026-04-02 10:00:00,1,0.4764505324781922,0.5235494675218078,Hold,107.526665,108.49555,107.36685,108.2858,12653
2026-04-02 11:00:00,0,0.4660069449832731,0.5339930550167269,Hold,108.2858,109.804054,108.20589,109.63425,17943
2026-04-02 12:00:00,0,0.47196055005775556,0.5280394499422445,Hold,109.64423,113.210144,109.27466,113.010376,40033
2026-04-02 13:00:00,0,0.4563520543522191,0.543647945647781,Hold,113.02036,113.839424,110.57317,110.902794,55203
2026-04-02 14:00:00,0,0.4326488233295066,0.5673511766704934,Hold,110.902794,111.592,106.49785,108.68533,55889
2026-04-02 15:00:00,0,0.39431449772139954,0.6056855022786005,Hold,108.67535,112.00153,108.24584,111.38224,38139
2026-04-02 16:00:00,0,0.3555988620939352,0.6444011379060648,Hold,111.37225,112.031494,110.3734,110.872826,20961
2026-04-02 17:00:00,0,0.34350513288982415,0.6564948671101758,Hold,110.88281,111.87168,109.913925,111.582016,21272
2026-04-02 18:00:00,0,0.29051357546632434,0.7094864245336756,Hold,111.562035,112.17134,110.66307,111.00268,26825
2026-04-02 19:00:00,0,0.2754143803318938,0.7245856196681062,Hold,110.982704,111.63196,110.64309,111.342285,8619
2026-04-02 20:00:00,0,0.25329210093703014,0.7467078990629699,Hold,111.32231,111.9416,111.19246,111.93161,4549
2026-04-05 22:00:00,0,0.29029454540424016,0.7097054545957598,Hold,112.83058,115.347694,112.37111,113.559746,10746
2026-04-05 23:00:00,0,0.2860505373130234,0.7139494626869767,Hold,113.559746,114.31887,112.75067,114.17903,3597
2026-04-06 00:00:00,0,0.29263798108928635,0.7073620189107137,Hold,114.169044,114.21899,111.67191,112.07145,7268
2026-04-06 01:00:00,0,0.29483876979860374,0.7051612302013963,Hold,112.10142,112.660774,111.37225,111.67191,5616
2026-04-06 02:00:00,0,0.3152521690983803,0.6847478309016197,Hold,111.67191,111.87168,109.37454,111.38224,9059
2026-04-06 03:00:00,0,0.3506307729956619,0.6493692270043381,Hold,111.39223,112.22128,111.032646,111.202446,4462
2026-04-06 04:00:00,0,0.3721858509677526,0.6278141490322474,Hold,111.172485,111.532074,110.653076,111.28236,2757
2026-04-06 05:00:00,0,0.3798085479896789,0.6201914520103211,Hold,111.29234,111.95159,110.89281,111.61198,2785
2026-04-06 06:00:00,0,0.41493762048684707,0.5850623795131529,Hold,111.62197,112.14137,110.51324,110.74297,6456
2026-04-06 07:00:00,0,0.4653764646298181,0.5346235353701819,Hold,110.67306,111.51209,108.76524,109.29464,6944
2026-04-06 08:00:00,0,0.4858435472792959,0.5141564527207041,Hold,109.254684,110.053764,108.79521,109.364555,5692
2026-04-06 09:00:00,0,0.48031800145022135,0.5196819985497787,Hold,109.34458,111.592,109.05491,111.3323,6140
2026-04-06 10:00:00,0,0.4765886805205507,0.5234113194794493,Hold,111.28236,111.3323,109.62426,109.81404,5516
2026-04-06 11:00:00,0,0.46241471137200413,0.5375852886279959,Hold,109.79407,110.42334,109.474434,109.993835,3677
2026-04-06 12:00:00,0,0.4827660564637967,0.5172339435362032,Hold,109.973854,110.84286,109.804054,110.03379,5842
2026-04-06 13:00:00,0,0.4535501189528875,0.5464498810471126,Hold,110.06375,113.010376,109.71416,111.82174,19612
2026-04-06 14:00:00,0,0.441615043938196,0.5583849560618039,Hold,111.81175,112.70073,110.16364,110.83287,23140
2026-04-06 15:00:00,0,0.4135702098586518,0.5864297901413482,Hold,110.82288,112.57088,110.723,111.76181,12702
2026-04-06 16:00:00,0,0.3630970615438861,0.6369029384561139,Hold,111.751816,112.15136,111.04263,112.12139,8412
2026-04-06 17:00:00,0,0.3766581388074626,0.6233418611925374,Hold,112.111404,114.14907,112.09143,113.93931,16150
2026-04-06 18:00:00,0,0.30811465220092144,0.6918853477990785,Hold,113.93931,114.089134,111.60199,112.09143,18658
2026-04-06 19:00:00,0,0.27770957721184264,0.7222904227881574,Hold,112.08144,112.86055,111.73184,112.331154,5368
2026-04-06 20:00:00,0,0.2580565797033765,0.7419434202966235,Hold,112.32117,112.930466,112.111404,112.48098,2994
2026-04-06 22:00:00,0,0.27962600446856944,0.7203739955314306,Hold,112.49097,113.48982,112.381096,113.24011,2760
2026-04-06 23:00:00,0,0.2965238651167256,0.7034761348832743,Hold,113.28007,113.81945,112.91049,113.70957,1884
2026-04-07 00:00:00,0,0.2941446062412815,0.7058553937587184,Hold,113.699585,113.779495,112.53092,113.19017,4536
2026-04-07 01:00:00,0,0.3237183419030503,0.6762816580969497,Hold,113.230125,115.03805,112.62082,114.78834,8819
2026-04-07 02:00:00,0,0.32893504739527696,0.671064952604723,Hold,114.77834,115.36767,114.36882,114.82829,5708
2026-04-07 03:00:00,0,0.3534069434611635,0.6465930565388365,Hold,114.83828,115.6074,114.68845,115.49752,3608
2026-04-07 04:00:00,0,0.409229758714827,0.590770241285173,Hold,115.49752,116.42646,115.00809,115.30774,5599
2026-04-07 05:00:00,0,0.44317119825127765,0.5568288017487224,Hold,115.29775,115.90705,114.8183,115.13793,3434
2026-04-07 06:00:00,0,0.4647376354579794,0.5352623645420206,Hold,115.11796,115.6074,114.5586,114.7284,5846
2026-04-07 07:00:00,0,0.5304725638335335,0.4695274361664665,Buy,114.718414,115.49752,114.44872,115.23782,5628
2026-04-07 08:00:00,0,0.49053499260763983,0.5094650073923601,Hold,115.22783,115.267784,112.2013,112.56089,17870
2026-04-07 09:00:00,1,0.5128528341920416,0.48714716580795836,Buy,112.5509,112.94045,111.152504,112.42105,12519
2026-04-07 10:00:00,0,0.5051679602022175,0.49483203979778245,Buy,112.40108,114.48868,111.62197,114.06916,18007
2026-04-07 11:00:00,0,0.4994327111326198,0.5005672888673802,Hold,114.03919,115.79718,113.7695,115.6873,13428
2026-04-07 12:00:00,0,0.5129689069671878,0.4870310930328122,Buy,115.697296,116.31658,113.97926,114.93816,21965
2026-04-07 13:00:00,0,0.49273305470603324,0.5072669452939668,Hold,114.91819,116.13679,114.388794,116.086845,21165
2026-04-07 14:00:00,0,0.4909458925809843,0.5090541074190157,Hold,116.07686,116.91589,115.287766,116.28661,24225
2026-04-07 15:00:00,0,0.4404679768317628,0.5595320231682372,Hold,116.29661,117.49523,114.36882,114.84827,30045
2026-04-07 16:00:00,0,0.3974308145362178,0.6025691854637822,Hold,114.82829,115.50751,113.49982,115.00809,21049
2026-04-07 17:00:00,0,0.38105578640681276,0.6189442135931873,Hold,114.99809,115.73724,113.210144,113.78948,20924
2026-04-07 18:00:00,0,0.32436558332904736,0.6756344166709527,Hold,113.779495,115.36767,112.39108,114.988106,27129
2026-04-07 19:00:00,0,0.30699573215454246,0.6930042678454575,Hold,114.96813,115.23782,109.07489,112.10142,30789
2026-04-07 20:00:00,0,0.27211519027799014,0.7278848097220099,Hold,112.10142,112.36112,110.04378,110.213585,12209
2026-04-07 22:00:00,0,0.3209513506829394,0.6790486493170607,Hold,108.61542,109.0649,97.21849,98.666824,38711
2026-04-07 23:00:00,0,0.30381524350865735,0.6961847564913426,Hold,98.67682,98.67682,90.94569,96.34949,39728
2026-04-08 00:00:00,0,0.2870921866006768,0.7129078133993232,Hold,96.40942,98.20735,93.942245,96.81895,26393
2026-04-08 01:00:00,0,0.31825422026635236,0.6817457797336477,Hold,96.8589,97.30839,95.70023,96.609184,10671
2026-04-08 02:00:00,0,0.32623765365657614,0.6737623463434239,Hold,96.61918,97.2085,95.890015,96.31952,9679
2026-04-08 03:00:00,0,0.35537198484275634,0.6446280151572437,Hold,96.30953,96.53927,95.39059,96.2496,6017
2026-04-08 04:00:00,0,0.3885987203352513,0.6114012796647488,Hold,96.23961,97.10861,95.39059,96.61918,6134
2026-04-08 05:00:00,0,0.44178074061133465,0.5582192593886653,Hold,96.58921,96.81895,95.260735,95.65028,5628
2026-04-08 06:00:00,0,0.4756722348116584,0.5243277651883416,Hold,95.63031,95.890015,94.45166,95.77015,11974
2026-04-08 07:00:00,0,0.5164749475467312,0.4835250524532688,Buy,95.750175,96.47934,95.52044,95.86005,7972
2026-04-08 08:00:00,0,0.546091719639081,0.453908280360919,Buy,95.85006,96.57922,94.80126,94.81125,10799
2026-04-08 09:00:00,0,0.5642884299664782,0.4357115700335218,Buy,94.80126,95.27072,94.03214,94.53157,8817
2026-04-08 10:00:00,0,0.5680737677202516,0.43192623227974836,Buy,94.54156,95.49047,94.022156,94.821236,8201
2026-04-08 11:00:00,0,0.5965141172487655,0.40348588275123454,Buy,94.83123,95.17084,93.01331,93.143166,14572
2026-04-08 12:00:00,0,0.589292055726607,0.41070794427339297,Buy,93.1132,95.100914,92.09437,92.46394,33042
2026-04-08 13:00:00,0,0.5530192332837773,0.44698076671622267,Buy,92.48392,94.3318,91.74477,93.143166,37362
2026-04-08 14:00:00,0,0.5281844808623053,0.4718155191376947,Buy,93.13317,96.20965,92.36406,95.4705,39772
2026-04-08 15:00:00,0,0.4916848634859733,0.5083151365140267,Hold,95.450516,96.31952,94.53157,94.83123,25337
2026-04-08 16:00:00,0,0.44679989649626145,0.5532001035037386,Hold,94.86119,95.510445,94.03214,94.31182,19277
2026-04-08 17:00:00,0,0.3987785834928755,0.6012214165071246,Hold,94.31182,96.16969,93.95223,95.21079,21119
2026-04-08 18:00:00,0,0.3695579503504047,0.6304420496495953,Hold,95.200806,95.56039,93.502754,95.32066,34071
2026-04-08 19:00:00,0,0.33619343419337017,0.6638065658066299,Hold,95.32066,96.79897,95.180824,95.97991,15223
2026-04-08 20:00:00,0,0.30540835430033814,0.6945916456996619,Hold,95.97991,96.63915,95.590355,96.38944,5435
2026-04-08 22:00:00,0,0.3007583610056541,0.6992416389943459,Hold,96.66912,97.76786,96.139725,96.689095,3721
2026-04-08 23:00:00,0,0.2994093023169952,0.7005906976830047,Hold,96.709076,97.158554,96.39943,97.018715,2640
2026-04-09 00:00:00,0,0.29078488921604195,0.709215110783958,Hold,96.988754,97.69794,96.26958,97.5581,6323
2026-04-09 01:00:00,0,0.34510780648094086,0.6548921935190591,Hold,97.5581,98.26729,96.73904,96.83892,7229
2026-04-09 02:00:00,0,0.3313902947783371,0.6686097052216629,Hold,96.86889,97.14857,96.39943,97.12859,3460
2026-04-09 03:00:00,0,0.34608263258836724,0.6539173674116328,Hold,97.13858,97.29839,96.609184,97.06866,1911
2026-04-09 04:00:00,0,0.3698460693062858,0.6301539306937143,Hold,97.0387,97.68795,97.018715,97.65798,1712
2026-04-09 05:00:00,0,0.4233336405533448,0.5766663594466552,Hold,97.65798,97.96763,97.158554,97.258446,3122
2026-04-09 06:00:00,0,0.44543783525382286,0.5545621647461771,Hold,97.258446,97.73789,96.848915,96.92882,5177
2026-04-09 07:00:00,0,0.4862943232573701,0.5137056767426299,Hold,96.92882,97.96763,96.848915,97.568085,6607
2026-04-09 08:00:00,1,0.5110448003533339,0.4889551996466661,Buy,97.5581,97.98761,97.14857,97.77785,6783
2026-04-09 09:00:00,1,0.5149544853338136,0.4850455146661864,Buy,97.77785,97.837776,97.07865,97.538124,4494
2026-04-09 10:00:00,0,0.5423747839893018,0.45762521601069817,Buy,97.52813,99.57578,97.4682,99.485886,12815
2026-04-09 11:00:00,0,0.5499397277996482,0.45006027220035183,Buy,99.50587,99.54582,98.277275,98.766716,11057
2026-04-09 12:00:00,0,0.5356946656658572,0.4643053343341428,Buy,98.766716,99.87544,98.48703,99.24616,12669
2026-04-09 13:00:00,0,0.5178332202838608,0.4821667797161392,Buy,99.25615,100.64456,98.88657,100.5247,20326
2026-04-09 14:00:00,0,0.48460799852011716,0.5153920014798828,Hold,100.53468,102.58234,100.13514,101.78325,29947
2026-04-09 15:00:00,0,0.46002489150760695,0.539975108492393,Hold,101.763275,102.52241,98.746735,99.046394,46746
2026-04-09 16:00:00,0,0.4232687697417101,0.5767312302582899,Hold,99.016426,99.06637,96.74902,97.318375,38060
2026-04-09 17:00:00,0,0.3979132203350604,0.6020867796649396,Hold,97.32836,97.62802,95.14087,96.219635,29250
2026-04-09 18:00:00,0,0.35558328276602824,0.6444167172339718,Hold,96.19965,98.54697,95.92997,98.29725,33877
2026-04-09 19:00:00,0,0.3467654671031593,0.6532345328968407,Hold,98.28726,99.386,97.77785,99.18623,9849
2026-04-09 20:00:00,0,0.317203503329468,0.682796496670532,Hold,99.17625,99.22619,97.71792,97.867744,5952
2026-04-09 22:00:00,0,0.2993502242125839,0.7006497757874162,Hold,98.117455,99.08635,97.9077,98.88657,3218
2026-04-09 23:00:00,0,0.30463105457072864,0.6953689454292713,Hold,98.89656,98.98646,98.117455,98.50701,1970
2026-04-10 00:00:00,0,0.3048030547138977,0.6951969452861023,Hold,98.50701,98.98646,98.14742,98.79668,2946
2026-04-10 01:00:00,0,0.3338363979397313,0.6661636020602687,Hold,98.81666,99.1263,98.21735,98.497025,3433
2026-04-10 02:00:00,0,0.34125200682929563,0.6587479931707043,Hold,98.46706,98.78669,98.357185,98.63686,2306
2026-04-10 03:00:00,0,0.3686434816879992,0.6313565183120008,Hold,98.65684,98.71677,97.4682,97.67796,3222
2026-04-10 04:00:00,0,0.40732062217396187,0.5926793778260382,Hold,97.68795,98.32722,97.54811,98.29725,1875
2026-04-10 05:00:00,0,0.447931516858521,0.552068483141479,Hold,98.277275,98.63686,97.9976,98.50701,2044
2026-04-10 06:00:00,0,0.4957354638900382,0.5042645361099618,Hold,98.48703,98.73675,98.17739,98.526985,3437
2026-04-10 07:00:00,0,0.516401432024786,0.48359856797521406,Buy,98.526985,99.88543,98.47704,99.55581,7540
2026-04-10 08:00:00,0,0.5264036574232072,0.47359634257679284,Buy,99.55581,100.30495,99.216194,100.15512,6661
2026-04-10 09:00:00,0,0.5570315509072855,0.4429684490927145,Buy,100.13514,100.145134,98.04754,98.46706,10599
2026-04-10 10:00:00,0,0.5520820708145838,0.4479179291854162,Buy,98.45707,98.88657,97.45821,97.88772,6923
2026-04-10 11:00:00,0,0.5333900392608859,0.4666099607391141,Buy,97.88772,98.387146,97.29839,97.977615,6399
2026-04-10 12:00:00,0,0.5274417554901375,0.4725582445098625,Buy,97.9976,98.25729,96.88887,98.06751,11226
2026-04-10 13:00:00,0,0.5061063756476419,0.49389362435235806,Buy,98.0775,98.686806,97.29839,98.28726,16707
2026-04-10 14:00:00,0,0.4990326870369977,0.5009673129630023,Hold,98.31723,98.88657,97.10861,98.39713,23961
2026-04-10 15:00:00,0,0.4731484178568276,0.5268515821431724,Hold,98.40713,99.34605,98.15741,99.076355,20089
2026-04-10 16:00:00,0,0.4263601241429856,0.5736398758570145,Hold,99.06637,99.386,98.00758,98.087494,13929
2026-04-10 17:00:00,0,0.3964545197558695,0.6035454802441305,Hold,98.087494,98.61688,97.807816,97.867744,13169
2026-04-10 18:00:00,1,0.3557215876578016,0.6442784123421984,Hold,97.867744,98.277275,95.83008,96.22962,25376
2026-04-10 19:00:00,1,0.3355816069889819,0.6644183930110181,Hold,96.22962,96.34949,95.41056,96.09977,8379
2026-04-10 20:00:00,1,0.3041979351230671,0.695802064876933,Hold,96.079796,96.17968,95.40057,95.52044,3950
2026-04-12 22:00:00,0,0.2831015541724683,0.7168984458275317,Hold,101.88314,105.409096,101.80323,104.430214,16594
2026-04-12 23:00:00,0,0.2766450388572175,0.7233549611427825,Hold,104.450195,105.50898,104.41024,104.60002,4287
2026-04-13 00:00:00,0,0.27299385557610517,0.7270061444238949,Hold,104.60002,104.919655,103.97074,103.980736,3897
2026-04-13 01:00:00,0,0.30113016838993883,0.6988698316100612,Hold,103.980736,104.40025,103.73102,104.19049,4969
2026-04-13 02:00:00,0,0.2960796597777038,0.7039203402222962,Hold,104.180504,104.9696,104.180504,104.779816,3027
2026-04-13 03:00:00,0,0.337985605938819,0.662014394061181,Hold,104.76983,105.059494,104.62999,104.72987,2407
2026-04-13 04:00:00,0,0.3714811035904219,0.628518896409578,Hold,104.73986,104.86971,104.44021,104.64996,1316
2026-04-13 05:00:00,0,0.4051568761808714,0.5948431238191286,Hold,104.65995,104.7898,104.040665,104.20048,2436
2026-04-13 06:00:00,0,0.4385453431387639,0.5614546568612361,Hold,104.180504,104.20048,102.93194,103.15168,5535
2026-04-13 07:00:00,0,0.4721174046727873,0.5278825953272127,Hold,103.13171,103.58119,102.84204,103.571205,5223
2026-04-13 08:00:00,0,0.4822822622449281,0.5177177377550719,Hold,103.58119,104.67993,103.24158,104.49015,5830
2026-04-13 09:00:00,0,0.47649841464638837,0.5235015853536116,Hold,104.50014,104.60002,103.89084,104.39026,3455
2026-04-13 10:00:00,0,0.46217389545499554,0.5378261045450045,Hold,104.3603,104.54009,103.70105,103.711044,3692
2026-04-13 11:00:00,0,0.46927255571771354,0.5307274442822865,Hold,103.73102,104.28039,103.30151,104.13056,5924
2026-04-13 12:00:00,0,0.4663678228789849,0.5336321771210151,Hold,104.150536,104.2704,103.24158,103.53125,8659
2026-04-13 13:00:00,0,0.48126829493823325,0.5187317050617668,Hold,103.53125,103.69106,100.24502,101.60346,26800
2026-04-13 14:00:00,0,0.4438027260200947,0.5561972739799053,Hold,101.61345,102.38257,100.46477,101.9131,21529
2026-04-13 15:00:00,0,0.3880941171360577,0.6119058828639423,Hold,101.903114,103.07178,101.89313,102.722176,16515
2026-04-13 16:00:00,0,0.37976896522814907,0.6202310347718509,Hold,102.71219,102.88199,99.10632,99.36603,41235
2026-04-13 17:00:00,0,0.3499777957403108,0.6500222042596893,Hold,99.36603,99.865456,98.63686,99.046394,17645
2026-04-13 18:00:00,0,0.319984080273046,0.680015919726954,Hold,99.05638,99.28612,96.91883,97.018715,20716
2026-04-13 19:00:00,0,0.26521938246590987,0.7347806175340901,Hold,97.00873,98.06751,96.92882,97.91769,7244
2026-04-13 20:00:00,0,0.25736908651365437,0.7426309134863456,Hold,97.93766,98.1674,97.59805,97.89771,4296
2026-04-13 22:00:00,0,0.25255816387421287,0.7474418361257871,Hold,97.87773,97.88772,97.33835,97.41826,1554
2026-04-13 23:00:00,0,0.27845233148729426,0.7215476685127058,Hold,97.428246,97.47819,95.95993,96.5093,4295
2026-04-14 00:00:00,0,0.2923202876741683,0.7076797123258317,Hold,96.439384,96.848915,95.58037,95.86005,3555
2026-04-14 01:00:00,0,0.2989330603850016,0.7010669396149984,Hold,95.87003,97.16855,95.85006,97.06866,3779
2026-04-14 02:00:00,0,0.31179027079553634,0.6882097292044637,Hold,97.05867,97.158554,96.67911,96.97876,1514
2026-04-14 03:00:00,0,0.34246217796873185,0.6575378220312682,Hold,97.00873,97.508156,96.63915,96.878876,2585
2026-04-14 04:00:00,0,0.36817873601921114,0.6318212639807889,Hold,96.86889,96.88887,96.549255,96.5992,1100
2026-04-14 05:00:00,0,0.39935202072003584,0.6006479792799642,Hold,96.63915,97.35833,96.52928,97.238464,1617
2026-04-14 06:00:00,0,0.44723546805581577,0.5527645319441843,Hold,97.238464,97.62802,97.0387,97.27842,3288
2026-04-14 07:00:00,0,0.532851775048017,0.46714822495198305,Buy,97.27842,97.38829,95.09093,96.40942,11307
2026-04-14 08:00:00,0,0.5389251374992576,0.46107486250074237,Buy,96.42939,96.9488,96.25959,96.279564,5209
2026-04-14 09:00:00,0,0.5366124838820345,0.46338751611796547,Buy,96.25959,97.18852,96.12974,96.77899,3197
2026-04-14 10:00:00,0,0.5419145315077564,0.45808546849224363,Buy,96.73904,97.44823,96.04983,97.238464,4493
2026-04-14 11:00:00,0,0.5590424549606494,0.4409575450393506,Buy,97.2085,97.85776,95.94994,97.08864,6539
2026-04-14 12:00:00,0,0.5539623670139752,0.44603763298602483,Buy,97.07865,97.07865,95.5504,95.730194,9927
2026-04-14 13:00:00,0,0.5483971813793537,0.45160281862064633,Buy,95.74018,96.22962,94.56154,94.5915,19518
2026-04-14 14:00:00,0,0.5411429794141621,0.4588570205858379,Buy,94.571526,94.571526,92.104355,93.312965,29784
2026-04-14 15:00:00,0,0.49075237362237484,0.5092476263776251,Hold,93.312965,94.21194,92.104355,92.5039,20810
2026-04-14 16:00:00,0,0.4425286224126265,0.5574713775873734,Hold,92.52387,92.70367,91.81469,92.66371,13187
2026-04-14 17:00:00,0,0.4152766496617911,0.5847233503382089,Hold,92.653725,92.89345,91.395164,91.95453,15259
2026-04-14 18:00:00,0,0.3679758811311112,0.6320241188688889,Hold,91.944534,92.05441,90.95567,91.664856,23260
2026-04-14 19:00:00,0,0.3223149379868712,0.6776850620131287,Hold,91.64488,92.08438,91.46509,91.91457,4111
2026-04-14 20:00:00,0,0.30263993245774923,0.6973600675422508,Hold,91.90459,92.244194,91.34522,91.964516,4650
2026-04-14 22:00:00,0,0.30194012774433354,0.6980598722556665,Hold,91.91457,92.27416,91.085526,91.60493,2042
2026-04-14 23:00:00,0,0.3126857702569777,0.6873142297430224,Hold,91.59494,91.90459,86.86037,90.19654,6333
2026-04-15 00:00:00,0,0.2907158137245395,0.7092841862754605,Hold,90.19654,91.085526,90.046715,90.25648,3284
2026-04-15 01:00:00,0,0.3059294197018476,0.6940705802981524,Hold,90.236496,90.7559,89.86692,90.38632,2446
2026-04-15 02:00:00,0,0.30891724627662176,0.6910827537233782,Hold,90.39632,91.20538,90.33638,91.15544,2030
2026-04-15 03:00:00,0,0.35403909973080616,0.6459609002691938,Hold,91.145454,91.38518,90.77588,90.83581,1917
2026-04-15 04:00:00,0,0.4028303175363843,0.5971696824636157,Hold,90.845795,91.7148,90.76589,91.56497,1691
2026-04-15 05:00:00,0,0.44098579470665084,0.5590142052933491,Hold,91.554985,91.64488,91.03558,91.12548,1636
2026-04-15 06:00:00,0,0.4751876068396906,0.5248123931603095,Hold,91.1055,91.13547,90.19654,90.80585,3421
2026-04-15 07:00:00,0,0.5077167211448513,0.49228327885514866,Buy,90.815834,91.37519,90.4962,90.64603,4300
2026-04-15 08:00:00,0,0.5317390865151285,0.46826091348487153,Buy,90.65601,91.634895,90.28644,91.225365,4417
2026-04-15 09:00:00,0,0.535773541077331,0.464226458922669,Buy,91.225365,92.61377,91.18541,92.14431,7040
2026-04-15 10:00:00,0,0.531728108519306,0.46827189148069404,Buy,92.14431,93.19311,91.59494,92.63375,9492
2026-04-15 11:00:00,0,0.5462125795859499,0.45378742041405007,Buy,92.61377,92.843506,91.05556,91.58495,8579
2026-04-15 12:00:00,0,0.5434159069236846,0.4565840930763154,Buy,91.57496,92.37405,91.1055,91.86463,9623
2026-04-15 13:00:00,0,0.5437220283805224,0.4562779716194776,Buy,91.86463,92.12433,90.296425,90.94569,15121
2026-04-15 14:00:00,0,0.511515351534513,0.488484648465487,Buy,90.96566,92.354065,90.456245,92.244194,15889
2026-04-15 15:00:00,0,0.464717278267314,0.535282721732686,Hold,92.23421,92.81354,91.91457,92.22422,14827
2026-04-15 16:00:00,0,0.43111964269074293,0.5688803573092571,Hold,92.22422,92.433975,91.31526,91.65487,8951
2026-04-15 17:00:00,0,0.39138005798174236,0.6086199420182576,Hold,91.65487,92.48392,91.445114,92.40401,10315
2026-04-15 18:00:00,0,0.36510262828462703,0.634897371715373,Hold,92.39402,92.69368,90.895744,91.05556,13739
2026-04-15 19:00:00,0,0.33139928376896016,0.6686007162310399,Hold,91.005615,91.02559,90.60607,90.88575,3367
2026-04-15 20:00:00,0,0.3055534885949454,0.6944465114050546,Hold,90.88575,91.365204,90.87576,91.28529,1695
2026-04-15 22:00:00,0,0.30803644060766927,0.6919635593923308,Hold,91.365204,91.395164,90.705956,90.895744,1581
2026-04-15 23:00:00,0,0.32326228975461774,0.6767377102453822,Hold,90.925705,90.925705,90.56612,90.85579,652
2026-04-16 00:00:00,0,0.29410424106440114,0.7058957589355989,Hold,90.815834,90.94569,90.41629,90.85579,1229
2026-04-16 01:00:00,0,0.312600427837098,0.687399572162902,Hold,90.895744,91.395164,90.7559,91.335236,960
2026-04-16 02:00:00,0,0.3284174473303369,0.671582552669663,Hold,91.32525,91.65487,91.26532,91.37519,1149
2026-04-16 03:00:00,0,0.33901579995345554,0.6609842000465445,Hold,91.35522,91.634895,91.09551,91.60493,910
2026-04-16 04:00:00,0,0.37501468961777795,0.624985310382222,Hold,91.56497,91.76475,91.554985,91.664856,762
2026-04-16 05:00:00,0,0.4168735195020906,0.5831264804979094,Hold,91.64488,91.78472,91.37519,91.4551,1212
2026-04-16 06:00:00,0,0.4372738200304529,0.5627261799695471,Hold,91.4551,91.57496,91.20538,91.475075,1138
2026-04-16 07:00:00,0,0.4925872608369879,0.5074127391630121,Hold,91.48506,92.573814,91.43512,92.54385,4210
2026-04-16 08:00:00,0,0.5372654354560442,0.4627345645439558,Buy,92.55384,92.89345,92.244194,92.28415,4390
2026-04-16 09:00:00,0,0.523640727596767,0.47635927240323295,Buy,92.28415,92.72364,92.03443,92.53386,2029
2026-04-16 10:00:00,1,0.5292182031989319,0.47078179680106813,Buy,92.53386,92.54385,91.75475,91.774734,1741
2026-04-16 11:00:00,1,0.5504037019603238,0.44959629803967616,Buy,91.75475,91.75475,90.99563,91.40516,4337
2026-04-16 12:00:00,1,0.5364871102603671,0.4635128897396329,Buy,91.395164,92.12433,91.005615,92.104355,5076
2026-04-16 13:00:00,0,0.5217503978976895,0.4782496021023105,Buy,92.09437,93.3729,91.774734,93.063255,11647
2026-04-16 14:00:00,0,0.4902181030345793,0.5097818969654206,Hold,93.063255,93.81239,92.77359,93.32296,9881
2026-04-16 15:00:00,0,0.45897641244697374,0.5410235875530263,Hold,93.312965,93.87233,92.71365,93.26302,14343
2026-04-16 16:00:00,0,0.4295766365367295,0.5704233634632705,Hold,93.25304,94.4217,93.24305,94.3318,10834
2026-04-16 17:00:00,0,0.39548158604164735,0.6045184139583526,Hold,94.34179,95.33065,94.21194,95.031,10363
2026-04-16 18:00:00,0,0.3439261287504635,0.6560738712495364,Hold,95.05097,95.07095,93.60264,93.68254,11942
2026-04-16 19:00:00,0,0.32060904484564895,0.6793909551543511,Hold,93.68254,93.99219,93.18312,93.43283,3172
2026-04-16 20:00:00,0,0.3080035292652228,0.6919964707347772,Hold,93.44282,93.51274,93.0233,93.08323,1360
2026-04-16 22:00:00,0,0.30907553413870953,0.6909244658612905,Hold,93.07324,93.57267,92.80355,92.923416,726
2026-04-16 23:00:00,0,0.28834313718885013,0.7116568628111499,Hold,92.923416,93.44282,92.903435,93.21308,694
2026-04-17 00:00:00,0,0.3077703696018993,0.6922296303981007,Hold,93.22307,93.41286,92.903435,93.33295,562
2026-04-17 01:00:00,0,0.34159220165386345,0.6584077983461365,Hold,93.29299,93.56268,92.99333,93.21308,406
2026-04-17 02:00:00,0,0.33892450283324715,0.6610754971667528,Hold,93.203094,93.452805,93.16314,93.22307,348
2026-04-17 03:00:00,0,0.35699060040680536,0.6430093995931947,Hold,93.16314,93.51274,93.03329,93.3729,403
2026-04-17 04:00:00,0,0.4124015415393468,0.5875984584606532,Hold,93.392876,93.4628,93.13317,93.23306,280
2026-04-17 05:00:00,0,0.45196864462488423,0.5480313553751157,Hold,93.22307,93.422844,93.03329,93.15315,287
2026-04-17 06:00:00,0,0.4785160121429954,0.5214839878570046,Hold,93.203094,93.93226,93.15315,93.70252,849
2026-04-17 07:00:00,0,0.5526996451660401,0.4473003548339599,Buy,93.65258,93.84236,93.312965,93.60264,763
2026-04-17 08:00:00,0,0.5547297008164203,0.44527029918357974,Buy,93.62261,93.68254,92.214226,92.45396,1178
2026-04-17 09:00:00,0,0.57775731550264,0.42224268449736,Buy,92.48392,92.62376,90.436264,90.73592,2256
2026-04-17 10:00:00,0,0.5640162712338824,0.4359837287661176,Buy,90.705956,91.445114,90.156586,91.15544,1210
2026-04-17 11:00:00,0,0.5589534598811264,0.44104654011887356,Buy,91.145454,91.32525,90.57611,90.79585,708
2026-04-17 12:00:00,0,0.5511528414587201,0.4488471585412799,Buy,90.815834,90.96566,84.55302,85.3521,6307
2026-04-17 13:00:00,0,0.5230497543940961,0.47695024560590393,Buy,85.3521,86.07127,82.90491,84.51306,8153
2026-04-17 14:00:00,0,0.4657103100624225,0.5342896899375775,Hold,84.52305,84.582985,80.467705,82.1258,4640
2026-04-17 15:00:00,0,0.41612805686100107,0.5838719431389989,Hold,82.09583,83.55416,81.54646,82.89492,3712
2026-04-17 16:00:00,0,0.36701491839761,0.63298508160239,Hold,82.92488,83.55416,82.54532,82.94486,1751
2026-04-17 17:00:00,0,0.32769617074560653,0.6723038292543935,Hold,82.914894,84.54303,82.854965,83.29446,2173
2026-04-17 18:00:00,0,0.2901198803038155,0.7098801196961845,Hold,83.29446,84.90262,82.90491,84.57299,3695
2026-04-17 19:00:00,0,0.26791292089348956,0.7320870791065104,Hold,84.60296,84.86266,84.1335,84.563,912
2026-04-17 20:00:00,0,0.2540976409046311,0.7459023590953688,Hold,84.57299,85.48195,84.49309,85.47196,714
2026-04-19 22:00:00,0,0.2706318827686245,0.7293681172313755,Hold,85.47196,86.87791,84.67687,85.32652,19806
2026-04-19 23:00:00,0,0.23543549929436208,0.7645645007056379,Hold,85.30713,85.96647,85.17138,85.92768,4685
2026-04-20 00:00:00,0,0.2602221030801786,0.7397778969198214,Hold,85.92768,86.141,85.30713,85.42348,5936
2026-04-20 01:00:00,0,0.29151677866365583,0.7084832213363441,Hold,85.40409,85.42348,83.833305,84.0854,10558
2026-04-20 02:00:00,0,0.27932533972978274,0.7206746602702172,Hold,84.06602,84.79323,83.95936,84.51204,5648
2026-04-20 03:00:00,0,0.28930977404870767,0.7106902259512924,Hold,84.521736,84.82232,84.453865,84.74475,1765
2026-04-20 04:00:00,0,0.3417418572269783,0.6582581427730216,Hold,84.735054,85.20047,84.667175,84.76414,2810
2026-04-20 05:00:00,0,0.36758087614964646,0.6324191238503536,Hold,84.76414,85.1326,84.667175,84.88049,2360
2026-04-20 06:00:00,0,0.4181935148030806,0.5818064851969194,Hold,84.909584,85.3653,84.6187,84.735054,5176
2026-04-20 07:00:00,0,0.4417865158161752,0.5582134841838249,Hold,84.72536,85.55923,83.978745,85.02594,9011
2026-04-20 08:00:00,0,0.469285273500618,0.530714726499382,Hold,85.06472,85.75315,84.67687,84.773834,7224
2026-04-20 09:00:00,0,0.47435977411534513,0.5256402258846549,Hold,84.81262,85.151985,84.25994,84.95806,6661
2026-04-20 10:00:00,0,0.4852641406451917,0.5147358593548084,Hold,84.95806,84.977455,84.06602,84.84171,5230
2026-04-20 11:00:00,0,0.4926102086079787,0.5073897913920213,Hold,84.8611,85.27804,84.318115,84.453865,7711
2026-04-20 12:00:00,0,0.49613006235410884,0.5038699376458912,Hold,84.463554,84.88049,84.03693,84.30842,10522
2026-04-20 13:00:00,0,0.5265653797456274,0.47343462025437255,Buy,84.33751,84.802925,82.85399,83.348495,28206
2026-04-20 14:00:00,0,0.49161351191707947,0.5083864880829205,Hold,83.35819,85.17138,83.3291,84.63809,20971
2026-04-20 15:00:00,0,0.44306957727918306,0.5569304227208169,Hold,84.628395,84.8514,83.843,84.67687,19712
2026-04-20 16:00:00,0,0.39954033486007967,0.6004596651399203,Hold,84.667175,85.01624,84.37629,84.6187,9034
2026-04-20 17:00:00,0,0.35074418030952187,0.6492558196904781,Hold,84.628395,85.30713,84.43447,84.84171,13021
2026-04-20 18:00:00,0,0.31037626393301054,0.6896237360669895,Hold,84.832016,85.09381,84.32781,84.72536,14965
2026-04-20 19:00:00,0,0.2855851679174023,0.7144148320825977,Hold,84.72536,84.76414,84.19206,84.24055,4006
2026-04-20 20:00:00,0,0.29913688670647454,0.7008631132935255,Hold,84.250244,84.40538,82.970345,83.280624,6770
2026-04-20 22:00:00,0,0.2644552921771576,0.7355447078228424,Hold,83.212746,83.90118,82.90247,83.73634,3260
2026-04-20 23:00:00,0,0.2710718791400596,0.7289281208599404,Hold,83.72665,83.88178,83.493935,83.5909,977
2026-04-21 00:00:00,0,0.288525421742986,0.711474578257014,Hold,83.5909,83.939964,83.493935,83.8527,3156
2026-04-21 01:00:00,0,0.3071044722248084,0.6928955277751916,Hold,83.87209,84.0951,83.79452,84.01753,2387
2026-04-21 02:00:00,0,0.3043214211626377,0.6956785788373623,Hold,84.01753,84.143585,83.8624,84.02723,1165
2026-04-21 03:00:00,0,0.3284636193230558,0.6715363806769442,Hold,84.02723,84.143585,83.90118,84.04662,1032
2026-04-21 04:00:00,0,0.3785555891207187,0.6214444108792814,Hold,84.04662,84.05632,83.64908,83.66847,1316
2026-04-21 05:00:00,0,0.41850295482835126,0.5814970451716488,Hold,83.658775,83.658775,83.06731,83.54242,3755
2026-04-21 06:00:00,0,0.43641475586159056,0.5635852441384095,Hold,83.54242,84.0951,83.523026,83.98844,2773
2026-04-21 07:00:00,0,0.4967510890625164,0.5032489109374836,Hold,83.969055,84.81262,83.25153,83.81391,7169
2026-04-21 08:00:00,0,0.498012742019007,0.501987257980993,Hold,83.82361,84.22115,83.38728,84.16298,5528
2026-04-21 09:00:00,1,0.5187966618046713,0.4812033381953287,Buy,84.182365,84.832016,83.93027,84.04662,6149
2026-04-21 10:00:00,1,0.5107269113639701,0.4892730886360299,Buy,84.04662,84.16298,83.523026,84.02723,4388
2026-04-21 11:00:00,0,0.5201080655383672,0.4798919344616328,Buy,84.007835,85.03564,84.007835,84.938675,11045
2026-04-21 12:00:00,1,0.5406162647456347,0.45938373525436527,Buy,84.92898,85.06472,84.143585,84.696266,10627
2026-04-21 13:00:00,1,0.5434244016595218,0.45657559834047823,Buy,84.696266,84.70596,83.92057,84.15328,13483
2026-04-21 14:00:00,1,0.49995918850533905,0.500040811494661,Hold,84.16298,86.09252,84.12419,86.04404,23137
2026-04-21 15:00:00,0,0.46491355398064527,0.5350864460193547,Hold,86.04404,87.35303,85.71436,87.03305,28399
2026-04-21 16:00:00,0,0.3999028265154532,0.6000971734845468,Hold,87.04275,87.70209,86.70338,87.673,16590
2026-04-21 17:00:00,0,0.41449398592224274,0.5855060140777573,Hold,87.673,88.67171,86.26705,86.70338,36013
2026-04-21 18:00:00,0,0.3822751107677395,0.6177248892322604,Hold,86.71307,87.32394,85.23925,86.121605,34477
2026-04-21 19:00:00,0,0.3364819951598127,0.6635180048401873,Hold,86.121605,89.42801,85.19077,88.991684,31076
2026-04-21 20:00:00,0,0.30768530074897316,0.6923146992510268,Hold,88.98199,89.15652,85.219864,87.47907,19211
2026-04-21 22:00:00,0,0.2759981226831712,0.7240018773168289,Hold,87.265755,87.94449,86.984566,87.58573,2415
2026-04-21 23:00:00,0,0.2672040396098094,0.7327959603901906,Hold,87.605125,87.954185,87.576035,87.740875,1210
2026-04-22 00:00:00,0,0.3333654727780671,0.666634527221933,Hold,87.750565,87.76026,86.06343,87.07183,7030
2026-04-22 01:00:00,0,0.3442539931138009,0.6557460068861991,Hold,87.06214,87.06214,86.33492,86.68398,4185
2026-04-22 02:00:00,0,0.34908739466178085,0.6509126053382192,Hold,86.69368,86.80034,86.44158,86.61611,2137
2026-04-22 03:00:00,0,0.3676145530715415,0.6323854469284584,Hold,86.6452,86.96518,86.45128,86.55794,2168
2026-04-22 04:00:00,0,0.3925654587057068,0.6074345412942932,Hold,86.54824,86.8973,86.48037,86.85852,2077
2026-04-22 05:00:00,0,0.46635753949513314,0.5336424605048669,Hold,86.83913,86.86822,84.977455,86.06343,10043
2026-04-22 06:00:00,0,0.4689797277226903,0.5310202722773096,Hold,86.06343,86.257355,85.92768,86.03434,3174
2026-04-22 07:00:00,0,0.5041334499293448,0.49586655007065517,Buy,86.014946,86.69368,85.811325,86.6646,4978
2026-04-22 08:00:00,0,0.5343010684545909,0.4656989315454091,Buy,86.6549,88.63292,86.50945,88.05115,10368
2026-04-22 09:00:00,0,0.5388124930033706,0.46118750699662936,Buy,88.05115,88.38082,87.401505,88.09963,7708
2026-04-22 10:00:00,0,0.5639284015375642,0.4360715984624358,Buy,88.09963,88.1869,87.20758,87.38211,5055
2026-04-22 11:00:00,0,0.5631760036065625,0.4368239963934375,Buy,87.37241,87.886314,87.06214,87.469376,6612
2026-04-22 12:00:00,0,0.5508820157344588,0.44911798426554117,Buy,87.47907,88.81715,86.984566,88.65231,15631
2026-04-22 13:00:00,0,0.5265201318920772,0.47347986810792275,Buy,88.64262,89.28257,87.673,88.9432,30204
2026-04-22 14:00:00,0,0.48468131544480536,0.5153186845551947,Hold,88.952896,89.651024,88.196594,89.408615,21333
2026-04-22 15:00:00,0,0.44747347118085345,0.5525265288191465,Hold,89.408615,90.43642,88.53596,90.28127,25585
2026-04-22 16:00:00,0,0.4250368035716726,0.5749631964283274,Hold,90.26188,90.88244,90.058266,90.77578,14415
2026-04-22 17:00:00,1,0.3786347402793263,0.6213652597206737,Hold,90.78548,90.84365,89.52497,89.80616,19475
2026-04-22 18:00:00,1,0.32691633438971857,0.6730836656102814,Hold,89.81586,90.4752,89.786766,90.12614,11423
2026-04-22 19:00:00,1,0.32477265566937913,0.6752273443306209,Hold,90.12614,90.25219,89.60254,89.79646,5325
2026-04-22 20:00:00,1,0.2974509225118243,0.7025490774881757,Hold,89.79646,90.31036,89.60254,90.04857,2644
2026-04-22 22:00:00,1,0.30946887068701895,0.690531129312981,Hold,90.07765,90.10674,89.52497,89.718895,1077
2026-04-22 23:00:00,1,0.3135942060214273,0.6864057939785727,Hold,89.718895,89.97099,89.59284,89.91282,772
2026-04-23 00:00:00,0,0.2981306076696861,0.7018693923303139,Hold,89.922516,94.26641,89.79646,90.10674,22719
2026-04-23 01:00:00,0,0.31860613890695505,0.681393861093045,Hold,90.13583,90.863045,90.000084,90.63034,4694
2026-04-23 02:00:00,0,0.3616342612782472,0.6383657387217527,Hold,90.64973,92.375656,90.61095,92.172035,8441
2026-04-23 03:00:00,0,0.37593535761807084,0.6240646423819292,Hold,92.18173,92.375656,91.56117,91.66783,4823
2026-04-23 04:00:00,0,0.3951506436600479,0.6048493563399522,Hold,91.69692,91.793884,91.173325,91.202415,2383
2026-04-23 05:00:00,0,0.4433612782537557,0.5566387217462443,Hold,91.21211,91.58057,90.9794,91.00849,2388
2026-04-23 06:00:00,0,0.4785790558179632,0.5214209441820368,Hold,91.01819,91.78419,90.80487,91.54178,3545
2026-04-23 07:00:00,0,0.5277613702169314,0.47223862978306863,Buy,91.522385,91.861755,90.407326,90.84365,5867
2026-04-23 08:00:00,0,0.5415619107753983,0.4584380892246017,Buy,90.83396,92.16234,90.81457,92.01689,6046
2026-04-23 09:00:00,0,0.5462899967282371,0.4537100032717629,Buy,92.007195,92.73441,91.40604,92.04598,8013
2026-04-23 10:00:00,0,0.5239418345819066,0.4760581654180934,Buy,92.07507,92.172035,90.892136,91.08606,4429
2026-04-23 11:00:00,1,0.5535416974449947,0.4464583025550053,Buy,91.066666,91.35755,90.203705,90.41702,11424
2026-04-23 12:00:00,1,0.5503306814606572,0.4496693185393428,Buy,90.42672,91.14423,89.49588,90.39763,20998
2026-04-23 13:00:00,1,0.5272413939946857,0.4727586060053143,Buy,90.38793,91.58057,90.15523,91.13454,17922
2026-04-23 14:00:00,1,0.4964959409756267,0.5035040590243733,Hold,91.13454,91.7551,90.203705,90.25219,17496
2026-04-23 15:00:00,0,0.45891933510846505,0.541080664891535,Hold,90.26188,91.77449,90.13583,91.58057,15359
2026-04-23 16:00:00,1,0.3872053337733643,0.6127946662266357,Hold,91.58057,91.82297,91.07636,91.59026,9737
2026-04-23 17:00:00,0,0.4099920985208926,0.5900079014791074,Hold,91.57087,95.40086,91.56117,93.2677,62223
2026-04-23 18:00:00,0,0.35057251468228684,0.6494274853177131,Hold,93.29679,93.90765,92.30778,93.771904,30208
2026-04-23 19:00:00,0,0.3283064510396236,0.6716935489603764,Hold,93.75251,93.93674,93.04469,93.47132,7633
2026-04-23 20:00:00,0,0.3062785421497189,0.693721457850281,Hold,93.48102,94.45064,93.47132,94.05309,4634
2026-04-23 22:00:00,0,0.30287808238882424,0.6971219176111758,Hold,93.68464,94.39246,92.96712,94.13066,1980
2026-04-23 23:00:00,0,0.3005921968996239,0.6994078031003761,Hold,94.13066,94.179146,93.74281,93.868866,1102
2026-04-24 00:00:00,0,0.31933805458818465,0.6806619454118154,Hold,93.84947,94.57669,93.74281,94.21793,4668
2026-04-24 01:00:00,0,0.3499522991798009,0.650047700820199,Hold,94.22762,94.634865,93.74281,94.06279,3923
2026-04-24 02:00:00,0,0.3736878312367054,0.6263121687632947,Hold,94.05309,94.13066,93.461624,93.54889,3249
2026-04-24 03:00:00,0,0.3992641892481873,0.6007358107518127,Hold,93.54889,93.75251,93.16104,93.68464,2156
2026-04-24 04:00:00,0,0.4125460597275077,0.5874539402724923,Hold,93.68464,93.7816,93.034996,93.09317,1517
2026-04-24 05:00:00,0,0.48205045014685066,0.5179495498531493,Hold,93.09317,93.248314,92.75381,93.0253,2654
2026-04-24 06:00:00,0,0.4931572996662005,0.5068427003337995,Hold,93.05439,93.626465,92.64715,93.56828,3701
2026-04-24 07:00:00,0,0.5226301467599285,0.47736985324007153,Buy,93.58768,93.839775,93.09317,93.76221,4847
2026-04-24 08:00:00,0,0.5430470352633633,0.4569529647366367,Buy,93.771904,94.87727,93.771904,94.0337,7661
2026-04-24 09:00:00,0,0.5417475744142237,0.4582524255857763,Buy,94.02401,94.81909,93.72343,94.770615,4643
2026-04-24 10:00:00,0,0.5516346379933464,0.44836536200665356,Buy,94.76092,94.76092,93.89796,93.975525,3935
2026-04-24 11:00:00,0,0.5723783311964339,0.4276216688035661,Buy,94.004616,94.01431,90.78548,91.60966,34486
2026-04-24 12:00:00,0,0.5661889851071572,0.4338110148928428,Buy,91.61935,93.558586,91.28968,93.005905,18367
2026-04-24 13:00:00,0,0.5567285694453176,0.44327143055468243,Buy,93.005905,93.005905,91.76479,92.30778,19672
2026-04-24 14:00:00,0,0.5082170036166753,0.4917829963833247,Buy,92.33687,92.68593,91.78419,92.23021,17907
2026-04-24 15:00:00,0,0.48937775248885357,0.5106222475111464,Hold,92.23021,92.89925,89.86434,90.688515,33675
2026-04-24 16:00:00,0,0.3987370610242411,0.6012629389757589,Hold,90.688515,91.56117,90.30067,90.92123,15038
2026-04-24 17:00:00,0,0.3772324896024786,0.6227675103975214,Hold,90.91153,91.25089,89.93221,90.76608,14551
2026-04-24 18:00:00,0,0.3525601076721032,0.6474398923278968,Hold,90.77578,91.76479,90.756386,91.36725,16302
2026-04-24 19:00:00,0,0.31792238280137586,0.6820776171986241,Hold,91.35755,92.317474,91.2315,91.89085,7485
2026-04-24 20:00:00,0,0.289097331674116,0.710902668325884,Hold,91.91023,92.656845,91.90054,91.997505,5446
2026-04-26 22:00:00,0,0.2852729105138492,0.7147270894861508,Hold,92.695625,93.74281,92.5017,93.09317,5247
2026-04-26 23:00:00,0,0.3086496618602325,0.6913503381397674,Hold,93.13196,93.36466,93.034996,93.209526,1364
2026-04-27 00:00:00,0,0.33559255178420166,0.6644074482157983,Hold,93.21922,93.597374,92.860466,93.15135,3205
2026-04-27 01:00:00,0,0.3531066423735649,0.6468933576264351,Hold,93.12226,93.19983,92.550186,92.95743,4833
2026-04-27 02:00:00,0,0.3570915953028383,0.6429084046971617,Hold,92.94773,92.94773,92.33687,92.33687,2532
2026-04-27 03:00:00,0,0.37300521629065037,0.6269947837093497,Hold,92.346565,92.453224,92.10416,92.40474,1766
2026-04-27 04:00:00,0,0.42921546413046907,0.5707845358695309,Hold,92.40474,92.763504,92.30778,92.695625,984
2026-04-27 05:00:00,0,0.4676111066184351,0.5323888933815649,Hold,92.67623,93.345276,92.64715,93.15135,2718
2026-04-27 06:00:00,0,0.5079128060190985,0.4920871939809015,Buy,93.141655,93.48102,93.10287,93.16104,2327
2026-04-27 07:00:00,0,0.5202023490133201,0.4797976509866799,Buy,93.16104,93.946434,93.15135,93.88826,3476
2026-04-27 08:00:00,0,0.5706658108212692,0.4293341891787308,Buy,93.89796,94.150055,93.461624,93.54889,4490
2026-04-27 09:00:00,0,0.5691351661192275,0.43086483388077246,Buy,93.54889,93.75251,93.22892,93.558586,3263
2026-04-27 10:00:00,0,0.603839901603984,0.39616009839601596,Buy,93.56828,93.57798,92.172035,92.5114,5307
2026-04-27 11:00:00,0,0.586949855326022,0.41305014467397805,Buy,92.521095,92.55988,91.71631,92.22051,6251
2026-04-27 12:00:00,0,0.5962441552741962,0.40375584472580384,Buy,92.210815,93.60707,91.968414,93.39375,10866
2026-04-27 13:00:00,0,0.5670624139621363,0.4329375860378637,Buy,93.39375,93.597374,92.71502,92.802284,13752
2026-04-27 14:00:00,0,0.5345562466121184,0.4654437533878816,Buy,92.79259,93.84947,92.40474,93.81069,19018
2026-04-27 15:00:00,0,0.5050827583896782,0.4949172416103218,Buy,93.81069,94.5379,93.180435,93.248314,19316
2026-04-27 16:00:00,0,0.45793221873362405,0.5420677812663759,Hold,93.22892,93.665245,93.141655,93.63616,7164
2026-04-27 17:00:00,0,0.4500737277458568,0.5499262722541431,Hold,93.63616,94.70274,93.23862,93.60707,12576
2026-04-27 18:00:00,0,0.4064654699203505,0.5935345300796495,Hold,93.63616,94.27611,93.287094,93.61677,12302
2026-04-27 19:00:00,0,0.39347486190638126,0.6065251380936187,Hold,93.61677,93.694336,92.98651,93.48102,6647
2026-04-27 20:00:00,0,0.34932583091641306,0.6506741690835869,Hold,93.47132,93.85917,93.33558,93.74281,2221
2026-04-27 22:00:00,0,0.3553830351473311,0.644616964852669,Hold,93.73312,93.839775,93.37436,93.694336,1321
2026-04-27 23:00:00,0,0.3531511977071148,0.6468488022928852,Hold,93.694336,93.85917,93.65555,93.71373,835
2026-04-28 00:00:00,0,0.34732403571539255,0.6526759642846074,Hold,93.71373,94.24702,93.316185,94.082184,3670
2026-04-28 01:00:00,0,0.37239149860119175,0.6276085013988082,Hold,94.082184,94.45064,93.90765,94.37307,2807
2026-04-28 02:00:00,0,0.38147873261395004,0.61852126738605,Hold,94.37307,94.58639,94.27611,94.431244,1852
2026-04-28 03:00:00,0,0.38976909549302086,0.6102309045069791,Hold,94.42155,94.634865,94.22762,94.634865,1349
2026-04-28 04:00:00,1,0.4526671343525597,0.5473328656474403,Hold,94.62517,94.838486,94.36337,94.49912,1317
2026-04-28 05:00:00,1,0.5039796703807895,0.4960203296192105,Buy,94.49912,95.84689,94.44094,95.21664,5350
2026-04-28 06:00:00,1,0.5016278033265491,0.4983721966734509,Buy,95.23603,95.459045,94.75122,95.38148,3302
2026-04-28 07:00:00,1,0.5434563024176692,0.4565436975823308,Buy,95.38148,96.20565,95.3039,95.88567,6662
2026-04-28 08:00:00,1,0.5361630391509506,0.46383696084904935,Buy,95.89537,96.25413,95.23603,95.943855,6632
2026-04-28 09:00:00,0,0.5270366471296694,0.47296335287033064,Buy,95.96324,96.85529,95.95355,96.777725,5635
2026-04-28 10:00:00,0,0.5362083738862886,0.4637916261137114,Buy,96.777725,97.06861,96.428665,96.709854,5205
2026-04-28 11:00:00,0,0.5318941564082048,0.4681058435917952,Buy,96.70016,98.75575,96.51593,98.18368,15943
2026-04-28 12:00:00,0,0.5122980919615774,0.4877019080384226,Buy,98.203064,98.22246,95.119675,96.38018,29338
2026-04-28 13:00:00,0,0.48036617568301077,0.5196338243169892,Hold,96.38988,97.37889,95.74993,96.38018,25951
2026-04-28 14:00:00,0,0.44867298988905013,0.5513270101109499,Hold,96.399574,97.41767,96.20565,96.3414,23030
2026-04-28 15:00:00,0,0.3980948611293859,0.601905138870614,Hold,96.36079,96.97165,96.00203,96.75833,15152
2026-04-28 16:00:00,0,0.38393443146490247,0.6160655685350975,Hold,96.76803,97.155876,96.050514,96.19595,9976
2026-04-28 17:00:00,0,0.33443947241883715,0.6655605275811629,Hold,96.20565,97.40798,96.118385,97.194664,10609
2026-04-28 18:00:00,0,0.3259055421468902,0.6740944578531098,Hold,97.17527,97.28193,96.3317,96.96195,14978
2026-04-28 19:00:00,0,0.299475148966371,0.700524851033629,Hold,96.952255,97.020134,96.748634,96.87469,3718
2026-04-28 20:00:00,0,0.2927952494399102,0.7072047505600898,Hold,96.86499,96.90378,96.48684,96.5935,3126
2026-04-28 22:00:00,0,0.282614270575189,0.7173857294248109,Hold,96.68076,96.71955,96.3414,96.5838,1272
2026-04-28 23:00:00,0,0.278845188961357,0.721154811038643,Hold,96.5935,96.66137,96.3317,96.399574,982
2026-04-29 00:00:00,0,0.2803294744222282,0.7196705255777718,Hold,96.40927,96.40927,95.92446,96.292915,3116
2026-04-29 01:00:00,0,0.2972211630874683,0.7027788369125316,Hold,96.28322,97.679474,96.225044,97.3401,6917
2026-04-29 02:00:00,1,0.323180445656273,0.676819554343727,Hold,97.33041,97.3401,95.429955,96.28322,6709
2026-04-29 03:00:00,1,0.33537631942301205,0.664623680576988,Hold,96.31231,96.44805,95.78871,96.28322,2555
2026-04-29 04:00:00,1,0.3374483008622779,0.662551699137722,Hold,96.28322,96.603195,96.19595,96.51593,1162
2026-04-29 05:00:00,1,0.3607194428257509,0.639280557174249,Hold,96.55471,96.82621,96.535324,96.79712,1468
2026-04-29 06:00:00,1,0.3827746787730218,0.6172253212269783,Hold,96.81651,97.572815,96.574104,97.53403,4288
2026-04-29 07:00:00,1,0.45125348823802125,0.5487465117619788,Hold,97.49525,98.83332,97.291626,98.610306,7759
2026-04-29 08:00:00,0,0.4443071427309482,0.5556928572690518,Hold,98.62,100.62711,98.53274,100.45258,14377
2026-04-29 09:00:00,1,0.4757562320690236,0.5242437679309764,Hold,100.46228,100.55924,99.72537,100.413795,7210
2026-04-29 10:00:00,1,0.46724864670739524,0.5327513532926047,Hold,100.42349,100.6659,99.95808,100.00656,4481
2026-04-29 11:00:00,1,0.46341532522760637,0.5365846747723937,Hold,99.996864,100.307144,99.61871,100.25866,6850
2026-04-29 12:00:00,1,0.45797695263213295,0.5420230473678671,Hold,100.27805,101.19919,99.85142,100.6659,11744
2026-04-29 13:00:00,1,0.44669860628113184,0.5533013937188682,Hold,100.6756,102.05246,99.9193,101.77126,25672
2026-04-29 14:00:00,1,0.4232240018818737,0.5767759981181263,Hold,101.79066,102.22699,101.21858,101.99428,17168
2026-04-29 15:00:00,0,0.3992840889921872,0.6007159110078129,Hold,101.98458,103.78808,101.74218,103.53597,26793
2026-04-29 16:00:00,0,0.36578739144297123,0.6342126085570288,Hold,103.55537,104.011086,102.9639,103.88504,17321
2026-04-29 17:00:00,0,0.3423425011098723,0.6576574988901277,Hold,103.88504,104.40863,103.041466,103.283875,21742
2026-04-29 18:00:00,0,0.2885482610472689,0.7114517389527311,Hold,103.33235,104.185616,103.23539,103.55537,18148
2026-04-29 19:00:00,0,0.2795718271908558,0.7204281728091442,Hold,103.57476,105.19402,103.44871,104.50559,9647
2026-04-29 20:00:00,0,0.26293916724586713,0.7370608327541328,Hold,104.495895,105.30068,104.26319,105.19402,4035
2026-04-29 22:00:00,0,0.2629289184125376,0.7370710815874624,Hold,105.7564,106.30908,104.31167,105.116455,3398
2026-04-29 23:00:00,0,0.2545031256466812,0.7454968743533188,Hold,105.10676,105.20372,104.55408,104.68012,1452
2026-04-30 00:00:00,0,0.26317888098320263,0.7368211190167974,Hold,104.70921,104.81587,103.215996,104.146835,6629
2026-04-30 01:00:00,1,0.27143341180945574,0.7285665881905443,Hold,104.13714,104.34076,103.84625,103.91412,2847
2026-04-30 02:00:00,0,0.2996790648922942,0.7003209351077058,Hold,103.93352,105.93093,103.92382,105.10676,6646
2026-04-30 03:00:00,0,0.3234370309772768,0.6765629690227233,Hold,105.12615,106.25091,104.85466,105.78549,4794
2026-04-30 04:00:00,0,0.36087136716804064,0.6391286328319594,Hold,105.79519,107.5599,105.7564,106.5224,7252
2026-04-30 05:00:00,0,0.3829218419695509,0.6170781580304491,Hold,106.503006,106.5224,105.533394,106.04729,3794
2026-04-30 06:00:00,0,0.40852777000808255,0.5914722299919175,Hold,106.04729,106.95873,104.97101,105.048584,8138
2026-04-30 07:00:00,0,0.4406657167895522,0.5593342832104478,Hold,105.009796,105.320076,104.36985,104.97101,7147
2026-04-30 08:00:00,0,0.44683333786306656,0.5531666621369334,Hold,104.97101,105.19402,104.2341,104.70921,5678
2026-04-30 09:00:00,0,0.47328196071086637,0.5267180392891336,Hold,104.70921,105.56248,103.15782,103.65233,10754
2026-04-30 10:00:00,0,0.48403761240285903,0.515962387597141,Hold,103.69112,104.04987,102.973595,103.19661,8442
2026-04-30 11:00:00,0,0.4771085031465815,0.5228914968534185,Hold,103.20631,103.215996,100.35562,101.35433,24100
2026-04-30 12:00:00,0,0.4728079485868242,0.5271920514131758,Hold,101.35433,102.61484,101.29615,102.09124,14671
2026-04-30 13:00:00,0,0.43233314430563424,0.5676668556943658,Hold,102.10094,102.76028,100.69499,102.24638,17581
2026-04-30 14:00:00,0,0.41537466482663615,0.5846253351733639,Hold,102.24638,103.22569,101.50947,102.76997,19761
2026-04-30 15:00:00,0,0.3900312988003579,0.6099687011996421,Hold,102.77967,103.38084,100.404106,100.93739,32389
2026-04-30 16:00:00,0,0.3625814134542315,0.6374185865457684,Hold,100.93739,101.974884,100.859825,101.587036,10716
2026-04-30 17:00:00,0,0.3495997646460384,0.6504002353539615,Hold,101.587036,101.6743,100.200485,100.520454,17115
2026-04-30 18:00:00,0,0.2734621291414263,0.7265378708585737,Hold,100.520454,102.39182,100.28775,102.1882,20593
2026-04-30 19:00:00,0,0.2603950777864015,0.7396049222135985,Hold,102.207596,102.23669,101.519165,102.02337,5618
2026-04-30 20:00:00,0,0.2510408828483484,0.7489591171516516,Hold,102.01367,102.92511,101.90701,102.207596,5418
2026-04-30 22:00:00,0,0.24091525219784868,0.7590847478021513,Hold,101.9458,102.75058,101.868225,102.47909,1073
2026-04-30 23:00:00,0,0.24512362352227351,0.7548763764777264,Hold,102.47909,102.634224,102.29486,102.43061,628
2026-05-01 00:00:00,0,0.2567467176178508,0.7432532823821492,Hold,102.43061,102.81846,102.178505,102.42091,1735
2026-05-01 01:00:00,0,0.26943042804087936,0.7305695719591206,Hold,102.42091,102.78937,101.9458,102.12033,1704
2026-05-01 02:00:00,0,0.27437803572001784,0.7256219642799822,Hold,102.10094,103.148125,101.88762,102.29486,2101
2026-05-01 03:00:00,0,0.31962030275230197,0.6803796972476981,Hold,102.25607,102.52757,102.178505,102.33365,1145
2026-05-01 04:00:00,0,0.3650126000083388,0.6349873999916612,Hold,102.314255,102.39182,101.79066,101.800354,1448
2026-05-01 05:00:00,0,0.3989271443283558,0.6010728556716443,Hold,101.81005,102.13003,101.800354,101.92641,1178
2026-05-01 06:00:00,0,0.4305803634143014,0.5694196365856986,Hold,101.91671,103.40992,101.91671,102.7118,3794
2026-05-01 07:00:00,0,0.4942474781851603,0.5057525218148398,Hold,102.7215,102.91542,100.966484,102.314255,7395
2026-05-01 08:00:00,0,0.49573935947563275,0.5042606405243673,Hold,102.314255,102.52757,101.49977,102.32395,5220
2026-05-01 09:00:00,0,0.5192927721821328,0.48070722781786723,Buy,102.33365,102.9445,102.02337,102.21729,3446
2026-05-01 10:00:00,0,0.5137280094769479,0.48627199052305214,Buy,102.23669,102.50818,101.77126,101.81975,2865
2026-05-01 11:00:00,0,0.5201406537826192,0.4798593462173808,Buy,101.81005,102.003975,100.791954,100.9083,7920
2026-05-01 12:00:00,0,0.5009509199694431,0.4990490800305569,Buy,100.93739,101.237976,99.10481,100.60772,16748
2026-05-01 13:00:00,0,0.49864060675504573,0.5013593932449543,Hold,100.62711,100.71438,97.369194,97.78613,25825
2026-05-01 14:00:00,0,0.45903542809959336,0.5409645719004066,Hold,97.747345,98.64909,96.28322,98.52304,27835
2026-05-01 15:00:00,0,0.4328321598626656,0.5671678401373343,Hold,98.50365,99.36661,97.69887,97.98975,18015
2026-05-01 16:00:00,0,0.4007848285074868,0.5992151714925131,Hold,98.01884,99.47327,97.65038,98.73636,17970
2026-05-01 17:00:00,0,0.3734327050970986,0.6265672949029014,Hold,98.784836,99.027245,98.15459,98.35821,9909
2026-05-01 18:00:00,0,0.32345290336949806,0.6765470966305019,Hold,98.367905,99.58962,98.06732,99.07572,16536
2026-05-01 19:00:00,0,0.2909585789133029,0.7090414210866971,Hold,99.095116,99.31813,98.72666,99.07572,3805
2026-05-01 20:00:00,0,0.2721419783028538,0.7278580216971462,Hold,99.08542,99.62841,98.93028,99.386,3597
2026-05-03 22:00:00,0,0.2698115854937353,0.7301884145062647,Hold,96.70016,98.49395,96.09899,97.98975,10191
2026-05-03 23:00:00,0,0.24121496772019857,0.7587850322798014,Hold,97.97036,98.67818,97.93157,98.6394,2030
2026-05-04 00:00:00,0,0.25154193826061083,0.7484580617393892,Hold,98.6394,99.22117,97.98975,98.086716,3770
2026-05-04 01:00:00,0,0.2547020421586122,0.7452979578413879,Hold,98.07702,98.891495,98.07702,98.542435,2202
2026-05-04 02:00:00,0,0.2742928271734761,0.7257071728265239,Hold,98.53274,98.99815,98.30972,98.72666,1337
2026-05-04 03:00:00,0,0.303781328501239,0.696218671498761,Hold,98.73636,99.095116,98.66849,98.80423,1426
2026-05-04 04:00:00,0,0.3530765101246562,0.6469234898753438,Hold,98.79453,98.83332,98.04793,98.59091,1585
2026-05-04 05:00:00,1,0.38722371725934757,0.6127762827406524,Hold,98.59091,98.66849,97.07831,97.883095,4104
2026-05-04 06:00:00,1,0.3917194997727852,0.6082805002272148,Hold,97.90248,99.65749,97.76674,99.30843,4957
2026-05-04 07:00:00,1,0.4287239318659926,0.5712760681340074,Hold,99.29874,100.307144,99.269646,100.307144,5389
2026-05-04 08:00:00,1,0.46977439322047787,0.5302256067795221,Hold,100.29745,101.36403,99.98717,100.12291,7075
2026-05-04 09:00:00,1,0.46660206832821516,0.5333979316717848,Hold,100.152,100.200485,99.49266,99.928986,3639
2026-05-04 10:00:00,0,0.5101936551146751,0.48980634488532493,Buy,99.928986,104.19531,99.85142,102.459694,28764
2026-05-04 11:00:00,0,0.5036284780896787,0.4963715219103213,Buy,102.459694,102.82815,100.73377,100.966484,11839
2026-05-04 12:00:00,0,0.4976104650328581,0.5023895349671419,Hold,100.97618,101.02466,99.01755,99.70598,14864
2026-05-04 13:00:00,0,0.4895751302762292,0.5104248697237708,Hold,99.69628,101.01496,98.73636,99.095116,22313
2026-05-04 14:00:00,0,0.4541016420285827,0.5458983579714173,Hold,99.11451,100.50107,98.406685,100.32653,19493
2026-05-04 15:00:00,0,0.42576102520622827,0.5742389747937717,Hold,100.345924,102.80876,99.861115,102.39182,34311
2026-05-04 16:00:00,0,0.397015910817272,0.6029840891827281,Hold,102.42091,103.40023,101.50947,102.90572,24824
2026-05-04 17:00:00,0,0.38274420702762274,0.6172557929723772,Hold,102.90572,103.02207,101.78096,102.071846,12744
2026-05-04 18:00:00,0,0.3408265328355553,0.6591734671644447,Hold,102.071846,103.51658,101.56765,102.47909,18309
2026-05-04 19:00:00,0,0.3341142190445763,0.6658857809554237,Hold,102.47909,102.634224,101.625824,102.09124,7949
2026-05-04 20:00:00,0,0.3035762268512383,0.6964237731487617,Hold,102.09124,102.12033,101.4319,101.9458,2102
2026-05-04 22:00:00,0,0.3058247931457511,0.6941752068542488,Hold,101.74218,102.27547,101.490074,101.722786,1112
2026-05-04 23:00:00,0,0.30435575739434234,0.6956442426056577,Hold,101.74218,101.92641,101.625824,101.800354,544
2026-05-05 00:00:00,0,0.3134017298477373,0.6865982701522627,Hold,101.81005,102.05246,101.344635,101.654915,1348
2026-05-05 01:00:00,0,0.3417061118446749,0.6582938881553251,Hold,101.63552,101.87792,101.36403,101.60643,1516
2026-05-05 02:00:00,0,0.3407148472081385,0.6592851527918615,Hold,101.60643,101.60643,100.76286,101.02466,2397
2026-05-05 03:00:00,0,0.3616726285390121,0.6383273714609878,Hold,101.04405,101.344635,100.93739,101.19919,770
2026-05-05 04:00:00,0,0.40856817363723485,0.5914318263627651,Hold,101.19919,101.208885,100.69499,101.005264,877
2026-05-05 05:00:00,0,0.42340622127655847,0.5765937787234415,Hold,101.01496,101.40281,101.005264,101.10223,1749
2026-05-05 06:00:00,0,0.47041896008846545,0.5295810399115346,Hold,101.12162,102.14942,100.830734,101.24767,3784
2026-05-05 07:00:00,0,0.49218194332167314,0.5078180566783268,Hold,101.237976,101.63552,100.01626,101.373726,5982
2026-05-05 08:00:00,0,0.49658790336761094,0.5034120966323891,Hold,101.36403,101.50947,99.94838,100.28775,6507
2026-05-05 09:00:00,0,0.5032717909232559,0.4967282090767441,Buy,100.29745,101.32524,100.29745,100.85013,4833
2026-05-05 10:00:00,0,0.4981900772381017,0.5018099227618983,Hold,100.85013,101.237976,100.35562,101.01496,3805
2026-05-05 11:00:00,0,0.5222442933514335,0.4777557066485665,Buy,101.02466,101.897316,100.578636,100.59803,6465
2026-05-05 12:00:00,0,0.5333670903552495,0.46663290964475046,Buy,100.58833,101.04405,99.47327,100.08413,13093
2026-05-05 13:00:00,0,0.5099036538671134,0.49009634613288655,Buy,100.08413,100.21987,98.93998,98.95937,13635
2026-05-05 14:00:00,0,0.5036522056046387,0.49634779439536125,Buy,99.00785,99.87081,98.00914,98.53274,29005
2026-05-05 15:00:00,0,0.44800145629347815,0.5519985437065218,Hold,98.53274,99.405396,98.203064,98.99815,14931
2026-05-05 16:00:00,0,0.4006127275089326,0.5993872724910674,Hold,98.98846,99.30843,98.65879,99.201775,7146
2026-05-05 17:00:00,0,0.36632314950352557,0.6336768504964745,Hold,99.201775,99.269646,98.367905,98.96906,9743
2026-05-05 18:00:00,0,0.3349325105531237,0.6650674894468763,Hold,98.95937,99.512054,98.73636,99.16299,13080
2026-05-05 19:00:00,0,0.3177210270473722,0.6822789729526277,Hold,99.17268,99.78355,99.066025,99.65749,4999
2026-05-05 20:00:00,0,0.2844042844788029,0.7155957155211972,Hold,99.66719,99.686584,99.25025,99.56053,3071
2026-05-05 22:00:00,0,0.3040526232337613,0.6959473767662387,Hold,99.579926,99.579926,96.10869,97.96066,6093
2026-05-05 23:00:00,0,0.31935898877567204,0.680641011224328,Hold,97.96066,98.07702,96.17656,96.76803,6470
2026-05-06 00:00:00,0,0.2731609876958936,0.7268390123041064,Hold,96.76803,98.32912,96.5838,97.84431,6268
2026-05-06 01:00:00,0,0.2869315956849137,0.7130684043150863,Hold,97.82491,98.21276,97.06861,97.504944,4316
2026-05-06 02:00:00,0,0.29060141763689173,0.7093985823631083,Hold,97.51463,97.72795,97.398285,97.58251,1499
2026-05-06 03:00:00,0,0.31586420943638527,0.6841357905636147,Hold,97.601906,97.91218,97.27223,97.52433,1401
2026-05-06 04:00:00,0,0.3722635247253626,0.6277364752746374,Hold,97.543724,97.679474,97.16557,97.3401,997
2026-05-06 05:00:00,0,0.3985474518982098,0.6014525481017903,Hold,97.3401,98.29033,97.14618,97.24314,2899
2026-05-06 06:00:00,0,0.42696778654555706,0.573032213454443,Hold,97.25284,98.22246,96.709854,97.78613,4872
2026-05-06 07:00:00,0,0.5007949339591391,0.4992050660408609,Buy,97.79583,98.1158,94.73183,94.82879,11318
2026-05-06 08:00:00,0,0.522283535593256,0.477716464406744,Buy,94.79001,96.0796,92.29808,92.550186,19819
2026-05-06 09:00:00,0,0.5351791990482387,0.46482080095176126,Buy,92.550186,93.40345,90.4752,90.513985,25768
2026-05-06 10:00:00,1,0.5447054097170112,0.4552945902829888,Buy,90.513985,90.552765,86.810036,87.08153,34536
2026-05-06 11:00:00,0,0.5047149096097432,0.4952850903902568,Buy,87.06214,89.81586,85.96647,89.747986,32872
2026-05-06 12:00:00,0,0.4925698535811764,0.5074301464188236,Hold,89.747986,93.180435,89.66072,92.521095,32200
2026-05-06 13:00:00,0,0.46121371478276113,0.5387862852172389,Hold,92.521095,93.85917,92.23021,93.12226,28063
2026-05-06 14:00:00,0,0.4576185385145909,0.5423814614854091,Hold,93.112564,94.37307,91.60966,91.90054,26774
2026-05-06 15:00:00,0,0.4128585944688231,0.5871414055311769,Hold,91.89085,93.19013,91.7454,92.43383,17987
2026-05-06 16:00:00,0,0.35516743152188546,0.6448325684781145,Hold,92.43383,93.422844,91.69692,92.95743,13369
2026-05-06 17:00:00,0,0.32229108034807386,0.6777089196519261,Hold,92.94773,93.034996,92.10416,92.346565,9150
2026-05-06 18:00:00,0,0.29240697697877416,0.7075930230212258,Hold,92.35626,92.41444,91.46421,92.317474,16617
2026-05-06 19:00:00,0,0.25966162227546913,0.7403383777245309,Hold,92.32717,92.66654,91.94902,92.47262,4946
2026-05-06 20:00:00,0,0.23537526825801908,0.764624731741981,Hold,92.453224,93.44224,92.172035,93.287094,3666
2026-05-06 22:00:00,0,0.233514425374317,0.766485574625683,Hold,93.37436,93.40345,92.71502,92.94773,1354
2026-05-06 23:00:00,0,0.24614030758298697,0.753859692417013,Hold,92.938034,93.141655,92.81198,92.976814,751
2026-05-07 00:00:00,0,0.2326376503985935,0.7673623496014065,Hold,92.98651,93.54889,92.831375,93.22892,2408
2026-05-07 01:00:00,0,0.257805318361605,0.7421946816383951,Hold,93.258,93.519806,92.48231,92.53079,3060
2026-05-07 02:00:00,0,0.25179265312533,0.7482073468746699,Hold,92.5114,92.870155,91.94902,92.79259,2515
2026-05-07 03:00:00,0,0.28165707521671124,0.7183429247832888,Hold,92.78289,93.034996,92.453224,92.89925,1121
2026-05-07 04:00:00,0,0.3289164081945853,0.6710835918054148,Hold,92.90894,92.92834,92.59866,92.64715,728
2026-05-07 05:00:00,0,0.3587194116115829,0.6412805883884172,Hold,92.64715,92.860466,92.36596,92.46292,1195
2026-05-07 06:00:00,0,0.4095672962774972,0.5904327037225028,Hold,92.48231,92.763504,91.309074,91.7551,4889
2026-05-07 07:00:00,0,0.47607782806715027,0.5239221719328497,Hold,91.78419,91.861755,89.127426,90.49459,17050
2026-05-07 08:00:00,0,0.4673153836048347,0.5326846163951653,Hold,90.49459,91.71631,89.91282,90.058266,9372
2026-05-07 09:00:00,0,0.471699998775627,0.528300001224373,Hold,90.058266,90.36854,89.340744,90.04857,5790
2026-05-07 10:00:00,0,0.46989932007724416,0.5301006799227559,Hold,90.067955,90.49459,89.437706,90.03887,5766
2026-05-07 11:00:00,0,0.5059475924779514,0.4940524075220486,Buy,89.99039,90.13583,88.55535,89.030464,9163
2026-05-07 12:00:00,1,0.5208730971221137,0.4791269028778863,Buy,89.01107,89.27287,87.120316,87.9348,17430
2026-05-07 13:00:00,1,0.502495849411771,0.49750415058822905,Buy,87.94449,89.87403,87.9251,88.39052,22847
2026-05-07 14:00:00,1,0.48414422901320747,0.5158557709867926,Hold,88.400215,88.79776,87.55664,88.4293,17652
2026-05-07 15:00:00,1,0.39642898977663044,0.6035710102233696,Hold,88.400215,90.59155,88.39052,90.4752,22222
2026-05-07 16:00:00,0,0.3643856696530934,0.6356143303469066,Hold,90.4752,92.976814,90.43642,92.73441,29844
2026-05-07 17:00:00,0,0.33265166126001716,0.6673483387399828,Hold,92.72472,94.49912,91.687225,91.997505,34660
2026-05-07 18:00:00,0,0.2785979138606153,0.7214020861393847,Hold,91.997505,93.665245,91.69692,92.70532,26310
2026-05-07 19:00:00,0,0.25562449922646274,0.7443755007735373,Hold,92.73441,94.34398,92.57927,93.43254,15247
2026-05-07 20:00:00,0,0.22619421316176322,0.7738057868382368,Hold,93.44224,95.013016,91.84236,94.69305,11963
2026-05-07 22:00:00,0,0.241484536999598,0.7585154630004021,Hold,95.26512,95.64327,93.19983,94.314896,6548
2026-05-07 23:00:00,0,0.2405824965607603,0.7594175034392396,Hold,94.2955,94.3052,93.75251,94.0337,1323
2026-05-08 00:00:00,0,0.25996489462567635,0.7400351053743237,Hold,94.043396,94.34398,93.47132,93.65555,1961
2026-05-08 01:00:00,0,0.2900373269939331,0.7099626730060669,Hold,93.64585,93.65555,92.61806,93.112564,4386
2026-05-08 02:00:00,0,0.3116727823217069,0.6883272176782931,Hold,93.12226,93.5392,92.19143,92.84107,3381
2026-05-08 03:00:00,0,0.3200264503413688,0.6799735496586312,Hold,92.79259,92.89925,92.46292,92.802284,1185
2026-05-08 04:00:00,0,0.3621290720915572,0.6378709279084428,Hold,92.79259,93.54889,92.74411,92.88955,1958
2026-05-08 05:00:00,0,0.4183399407354726,0.5816600592645274,Hold,92.860466,92.99621,92.41444,92.521095,1927
2026-05-08 06:00:00,0,0.434270622858898,0.565729377141102,Hold,92.53079,92.87985,91.28968,92.2496,5866
2026-05-08 07:00:00,0,0.44012358134104995,0.55987641865895,Hold,92.23021,92.99621,91.90054,92.36596,4774
2026-05-08 08:00:00,0,0.47792971710658066,0.5220702828934194,Hold,92.36596,92.627754,91.309074,91.726006,6440
2026-05-08 09:00:00,0,0.49098238435712227,0.5090176156428777,Hold,91.726006,92.492004,90.9697,92.2593,5658
2026-05-08 10:00:00,0,0.49678788888384023,0.5032121111161598,Hold,92.269,92.40474,91.58057,92.007195,5126
2026-05-08 11:00:00,0,0.5001737120647799,0.4998262879352201,Buy,92.04598,92.36596,91.347855,92.08477,4596
2026-05-08 12:00:00,0,0.5049109568922127,0.49508904310778734,Buy,92.09447,92.72472,91.7357,92.453224,7339
2026-05-08 13:00:00,0,0.4879056278131229,0.5120943721868771,Hold,92.453224,92.5017,91.05697,91.44482,16892
2026-05-08 14:00:00,0,0.46495202678967135,0.5350479732103286,Hold,91.47391,92.938034,91.45451,92.5114,15275
2026-05-08 15:00:00,0,0.41881832300730126,0.5811816769926987,Hold,92.521095,93.19983,92.210815,92.89925,17516
2026-05-08 16:00:00,0,0.36333068127681856,0.6366693187231814,Hold,92.89925,93.258,92.550186,93.209526,10356
2026-05-08 17:00:00,1,0.3495183335785042,0.6504816664214959,Hold,93.209526,93.23862,92.41444,92.58897,7736
2026-05-08 18:00:00,1,0.3215001970248606,0.6784998029751395,Hold,92.58897,92.89925,91.71631,92.656845,17127
2026-05-08 19:00:00,1,0.29270364750159933,0.7072963524984006,Hold,92.656845,92.74411,91.81327,92.02659,4518
2026-05-08 20:00:00,1,0.27441871998479983,0.7255812800152002,Hold,92.036285,92.16234,91.54178,91.80358,2411
2026-05-10 22:00:00,0,0.29886962517158466,0.7011303748284153,Hold,95.20694,95.84689,94.68335,95.3039,7803
2026-05-10 23:00:00,0,0.28572725035553465,0.7142727496444654,Hold,95.323296,95.914764,95.20694,95.86628,2790
2026-05-11 00:00:00,0,0.2978835711534005,0.7021164288465995,Hold,95.85659,96.87469,95.50752,96.23474,5591
2026-05-11 01:00:00,0,0.31907998255924974,0.6809200174407503,Hold,96.21535,96.35109,95.8372,95.97294,4634
2026-05-11 02:00:00,0,0.30507042160553977,0.6949295783944602,Hold,96.01173,96.8359,95.87598,96.777725,3126
2026-05-11 03:00:00,0,0.34012485415325333,0.6598751458467467,Hold,96.777725,97.262535,96.65167,96.913475,3297
2026-05-11 04:00:00,0,0.34787875909257,0.65212124090743,Hold,96.913475,97.32071,96.90378,97.25284,1630
2026-05-11 05:00:00,0,0.39593513607742653,0.6040648639225734,Hold,97.24314,97.291626,96.5935,96.73894,2436
2026-05-11 06:00:00,0,0.43465777916690845,0.5653422208330916,Hold,96.73894,97.088005,95.89537,96.02142,4397
2026-05-11 07:00:00,0,0.48950702845930877,0.5104929715406912,Hold,96.00203,96.30261,95.255424,95.3136,4804
2026-05-11 08:00:00,0,0.5030519767308721,0.4969480232691279,Buy,95.294205,95.44935,93.975525,94.62517,9058
2026-05-11 09:00:00,0,0.4897732476991721,0.5102267523008279,Hold,94.65426,95.12937,94.41186,95.10998,3420
2026-05-11 10:00:00,0,0.4855746072268254,0.5144253927731746,Hold,95.10028,95.12937,94.324585,95.04211,3706
2026-05-11 11:00:00,0,0.4912828740434188,0.5087171259565813,Hold,95.0518,95.58509,94.74152,95.33299,3212
2026-05-11 12:00:00,0,0.49558571364888965,0.5044142863511103,Hold,95.33299,95.70145,93.65555,95.10028,11691
2026-05-11 13:00:00,0,0.4842002016693283,0.5157997983306717,Hold,95.10028,95.13907,93.209526,93.68464,18137
2026-05-11 14:00:00,0,0.4576725241524314,0.5423274758475686,Hold,93.70403,94.98393,93.626465,94.72213,13556
2026-05-11 15:00:00,0,0.43444528418550205,0.565554715814498,Hold,94.70274,95.3136,94.23732,94.89667,13621
2026-05-11 16:00:00,0,0.40614336390348565,0.5938566360965143,Hold,94.90636,96.806816,94.87727,96.24444,14873
2026-05-11 17:00:00,0,0.3780907418152339,0.6219092581847661,Hold,96.24444,96.24444,95.12937,95.35239,8457
2026-05-11 18:00:00,0,0.35674931051569164,0.6432506894843084,Hold,95.37178,95.89537,94.84818,95.148766,16735
2026-05-11 19:00:00,0,0.3049861371660176,0.6950138628339824,Hold,95.13907,95.50752,94.86758,95.34269,3772
2026-05-11 20:00:00,0,0.29125976980621837,0.7087402301937816,Hold,95.323296,95.97294,95.18755,95.26512,4348
2026-05-11 22:00:00,0,0.28459401826344183,0.7154059817365581,Hold,95.40086,95.459045,95.04211,95.255424,844
2026-05-11 23:00:00,0,0.29911651200363826,0.7008834879963617,Hold,95.255424,95.294205,95.02271,95.12937,455
2026-05-12 00:00:00,0,0.3077197191680427,0.6922802808319573,Hold,95.13907,95.78871,95.119675,95.73054,2543
2026-05-12 01:00:00,0,0.3542112016090336,0.6457887983909665,Hold,95.71114,96.12808,95.37178,96.03112,2219
2026-05-12 02:00:00,0,0.3694298447478108,0.6305701552521892,Hold,96.04082,96.263824,95.92446,95.96324,1793
2026-05-12 03:00:00,0,0.4001064928781741,0.5998935071218259,Hold,95.99233,96.19595,95.8275,96.13778,1133
2026-05-12 04:00:00,1,0.45860202004804534,0.5413979799519546,Hold,96.12808,96.157166,95.672356,96.01173,927
2026-05-12 05:00:00,1,0.4596484988604591,0.5403515011395409,Hold,96.03112,96.49654,95.8178,96.18626,1382
2026-05-12 06:00:00,0,0.5339188074908116,0.46608119250918845,Buy,96.20565,97.65038,96.17656,97.466156,6711
2026-05-12 07:00:00,0,0.5536565263301748,0.4463434736698252,Buy,97.48555,97.65038,97.20436,97.611595,3827
2026-05-12 08:00:00,0,0.5700898872501693,0.4299101127498307,Buy,97.601906,98.38729,97.543724,97.83461,5813
2026-05-12 09:00:00,0,0.5738039566507105,0.4261960433492895,Buy,97.854004,98.66849,97.79583,98.01884,5141
2026-05-12 10:00:00,0,0.544052139208605,0.45594786079139504,Buy,98.00914,98.8721,97.75704,98.581215,5033
2026-05-12 11:00:00,0,0.5631364161154285,0.43686358388457147,Buy,98.571526,98.94968,98.07702,98.19337,5037
2026-05-12 12:00:00,0,0.5645522808483733,0.4354477191516267,Buy,98.203064,98.66849,97.543724,97.70856,8592
2026-05-12 13:00:00,0,0.5297191736088044,0.4702808263911956,Buy,97.69887,99.027245,97.611595,98.67818,10988
2026-05-12 14:00:00,0,0.5298276900407736,0.47017230995922643,Buy,98.67818,99.07572,98.300026,98.84302,10834
2026-05-12 15:00:00,0,0.48513858796661047,0.5148614120333895,Hold,98.84302,99.1339,98.086716,98.41638,10757
2026-05-12 16:00:00,0,0.43423430173441785,0.5657656982655821,Hold,98.39699,98.8721,98.14489,98.55213,7588
2026-05-12 17:00:00,0,0.44297400205418447,0.5570259979458155,Hold,98.542435,98.6297,98.15459,98.60061,6735
2026-05-12 18:00:00,0,0.37004167763237955,0.6299583223676204,Hold,98.60061,99.59932,98.44547,99.42479,17705
2026-05-12 19:00:00,0,0.34368960406197563,0.6563103959380243,Hold,99.43449,99.444176,99.10481,99.269646,3784
2026-05-12 20:00:00,0,0.32113628612160616,0.6788637138783938,Hold,99.25995,99.35691,98.81393,98.94968,1911
2026-05-12 22:00:00,0,0.31973108690235624,0.6802689130976438,Hold,99.05633,99.16299,98.610306,98.83332,1070
2026-05-12 23:00:00,0,0.31466280232344374,0.6853371976765563,Hold,98.83332,99.027245,98.82362,98.96906,471
2026-05-13 00:00:00,0,0.33244620817692033,0.6675537918230796,Hold,98.95937,98.97876,97.8637,98.3776,3747
2026-05-13 01:00:00,0,0.3542304526705049,0.6457695473294951,Hold,98.38729,98.542435,98.18368,98.49395,1030
2026-05-13 02:00:00,0,0.3653335198641945,0.6346664801358055,Hold,98.51334,98.65879,97.70856,97.99944,1578
2026-05-13 03:00:00,0,0.4050083146401385,0.5949916853598616,Hold,97.98975,98.125496,97.776436,97.98975,1160
2026-05-13 04:00:00,0,0.4757667115451598,0.5242332884548402,Hold,97.98006,97.98006,97.52433,97.68917,962
2026-05-13 05:00:00,0,0.507725551453946,0.49227444854605396,Buy,97.679474,97.83461,97.504944,97.611595,984
2026-05-13 06:00:00,0,0.5235670030206928,0.4764329969793072,Buy,97.601906,98.04793,97.51463,97.91218,2186
2026-05-13 07:00:00,0,0.5649340427243356,0.43506595727566444,Buy,97.91218,98.27094,97.59221,98.15459,3076
2026-05-13 08:00:00,0,0.5836478524953884,0.4163521475046116,Buy,98.15459,98.716965,97.98006,98.48425,4184
2026-05-13 09:00:00,1,0.5790137756084441,0.42098622439155586,Buy,98.47456,98.8818,98.1158,98.22246,2675
2026-05-13 10:00:00,0,0.5919331566391631,0.4080668433608369,Buy,98.25155,99.27934,98.24185,99.19208,4326
2026-05-13 11:00:00,0,0.5977340248269689,0.4022659751730311,Buy,99.201775,99.25025,98.581215,98.75575,3449
2026-05-13 12:00:00,0,0.5960774804129425,0.4039225195870575,Buy,98.76545,99.62841,98.66849,99.22117,5951
2026-05-13 13:00:00,0,0.5804777037513867,0.41952229624861326,Buy,99.22117,99.76415,98.93028,99.74476,10132
2026-05-13 14:00:00,0,0.5745093924939209,0.42549060750607914,Buy,99.74476,100.520454,99.57023,100.00656,14131
2026-05-13 15:00:00,0,0.5136133579035372,0.48638664209646276,Buy,100.00656,100.10352,98.920586,99.11451,10774
2026-05-13 16:00:00,0,0.4784715631448544,0.5215284368551456,Hold,99.12421,99.25995,97.78613,98.99815,15327
2026-05-13 17:00:00,0,0.4473799359564206,0.5526200640435794,Hold,98.97876,99.07572,98.14489,98.25155,6890
2026-05-13 18:00:00,0,0.3913863990483415,0.6086136009516585,Hold,98.24185,98.31942,97.63099,97.94127,12984
2026-05-13 19:00:00,0,0.35599410609184273,0.6440058939081572,Hold,97.96066,98.32912,97.883095,98.28064,2483
2026-05-13 20:00:00,0,0.33560670499078965,0.6643932950092104,Hold,98.29033,98.49395,97.640686,97.93157,2519
2026-05-13 22:00:00,0,0.33167948825839755,0.6683205117416025,Hold,97.950966,98.18368,97.66008,97.80552,738
2026-05-13 23:00:00,0,0.32325111697799963,0.6767488830220003,Hold,97.776436,97.99944,97.73765,97.950966,341
2026-05-14 00:00:00,0,0.31463336663364955,0.6853666333663504,Hold,97.98006,98.21276,97.82491,98.07702,883
2026-05-14 01:00:00,0,0.3415624847929534,0.6584375152070465,Hold,98.06732,98.32912,97.66978,98.00914,1620
2026-05-14 02:00:00,0,0.35682479607612766,0.6431752039238723,Hold,97.98006,98.435776,97.8637,98.406685,921
2026-05-14 03:00:00,0,0.3997032698429244,0.6002967301570756,Hold,98.3776,98.64909,98.086716,98.31942,1481
2026-05-14 04:00:00,0,0.43466726749208123,0.5653327325079187,Hold,98.300026,98.49395,98.28064,98.3776,574
2026-05-14 05:00:00,0,0.5020565910668748,0.49794340893312516,Buy,98.39699,98.72666,98.28064,98.3776,1327
2026-05-14 06:00:00,0,0.546536715971548,0.45346328402845204,Buy,98.367905,98.3776,96.574104,97.98975,6050
2026-05-14 07:00:00,0,0.6028491474264802,0.3971508525735198,Buy,97.99944,98.99815,97.854004,98.84302,4264
2026-05-14 08:00:00,0,0.6276653954542881,0.3723346045457119,Buy,98.852715,99.24056,97.93157,98.261246,6265
2026-05-14 09:00:00,0,0.6265574002665508,0.3734425997334492,Buy,98.232155,98.99815,97.747345,97.99944,4186
2026-05-14 10:00:00,0,0.6141839158232837,0.3858160841767163,Buy,98.00914,98.6297,97.06861,97.99944,7540
2026-05-14 11:00:00,0,0.6071362172714393,0.3928637827285607,Buy,98.03823,98.232155,97.00074,97.22375,4815
2026-05-14 12:00:00,0,0.6093556867258791,0.39064431327412086,Buy,97.233444,97.8734,96.37048,97.31102,8239
2026-05-14 13:00:00,0,0.5755399882035751,0.4244600117964249,Buy,97.33041,98.028534,97.126785,97.82491,9058
2026-05-14 14:00:00,0,0.5531197815604992,0.44688021843950076,Buy,97.84431,98.66849,97.28193,97.53403,10186
2026-05-14 15:00:00,0,0.5168415249303966,0.4831584750696034,Buy,97.53403,98.00914,97.3401,97.90248,6871
2026-05-14 16:00:00,0,0.47606642862761284,0.5239335713723872,Hold,97.91218,98.1061,97.20436,97.98975,7529
2026-05-14 17:00:00,0,0.4550582973755306,0.5449417026244694,Hold,97.99944,98.96906,97.84431,98.64909,8371
2026-05-14 18:00:00,0,0.41334780804033017,0.5866521919596699,Hold,98.6394,98.90119,97.99944,98.34851,9997
2026-05-14 19:00:00,0,0.3707726935869252,0.6292273064130748,Hold,98.34851,98.91089,98.27094,98.90119,1920
2026-05-14 20:00:00,0,0.3386576958990617,0.6613423041009383,Hold,98.91089,99.07572,98.72666,98.920586,1807
2026-05-14 22:00:00,0,0.3335922170912943,0.6664077829087057,Hold,98.95937,98.96906,98.39699,98.86241,659
2026-05-14 23:00:00,0,0.33826243051331556,0.6617375694866845,Hold,98.83332,98.93028,98.610306,98.83332,231
2026-05-15 00:00:00,0,0.3479877618078036,0.6520122381921964,Hold,98.84302,98.920586,98.49395,98.746056,414
2026-05-15 01:00:00,0,0.3550903542541933,0.6449096457458068,Hold,98.70727,99.77385,98.59091,99.269646,995
2026-05-15 02:00:00,1,0.3759234013260135,0.6240765986739865,Hold,99.31813,99.79324,98.93028,99.512054,700
2026-05-15 03:00:00,1,0.4081090710116606,0.5918909289883394,Hold,99.550835,99.57023,99.24056,99.25995,214
2026-05-15 04:00:00,1,0.4659462118808011,0.5340537881191989,Hold,99.27934,99.47327,99.25995,99.269646,306
2026-05-15 05:00:00,0,0.4863130144220013,0.5136869855779986,Hold,99.30843,100.63681,99.30843,100.200485,1159
2026-05-15 06:00:00,0,0.5180210361808555,0.4819789638191445,Buy,100.200485,100.45258,99.93868,100.064735,536
2026-05-15 07:00:00,0,0.5556538482826042,0.4443461517173958,Buy,100.08413,100.44289,99.579926,100.43319,909
2026-05-15 08:00:00,0,0.566233139669842,0.433766860330158,Buy,100.413795,102.04276,100.26836,101.76157,2623
2026-05-15 09:00:00,0,0.5543000841547552,0.4456999158452448,Buy,101.70339,102.110634,101.237976,102.003975,1206
2026-05-15 10:00:00,0,0.5544065760304185,0.44559342396958146,Buy,102.003975,102.01367,99.77385,100.11322,1701
2026-05-15 11:00:00,0,0.5423325832827582,0.45766741671724176,Buy,100.05504,101.4222,99.928986,101.28645,1127
2026-05-15 12:00:00,0,0.5490208663913914,0.45097913360860864,Buy,101.315544,101.52886,100.84043,101.05375,1992
2026-05-15 13:00:00,0,0.5343142100623374,0.46568578993766263,Buy,101.05375,101.11192,100.33623,101.11192,3072
2026-05-15 14:00:00,0,0.5087837972500366,0.49121620274996336,Buy,101.11192,101.800354,100.375015,101.46099,2784
2026-05-15 15:00:00,0,0.45681147499906205,0.543188525000938,Hold,101.451294,102.49848,101.170105,102.24638,3507
2026-05-15 16:00:00,0,0.45318341055094685,0.5468165894490531,Hold,102.24638,102.56635,101.78096,101.88762,2338
2026-05-15 17:00:00,0,0.4446234558827611,0.5553765441172389,Hold,101.897316,102.13003,101.548256,101.87792,2371
2026-05-15 18:00:00,0,0.38484310058884946,0.6151568994111505,Hold,101.868225,102.57605,101.84884,102.12033,3928
2026-05-15 19:00:00,0,0.36243073687252164,0.6375692631274783,Hold,102.13003,102.52757,102.02337,102.40152,955
2026-05-15 20:00:00,0,0.35373311844060606,0.6462668815593939,Hold,102.39182,102.77967,102.178505,102.45,841
2026-05-18 00:00:00,0,0.36265493516242087,0.6373450648375791,Hold,102.45,103.23,102.0,102.98,3821
2026-05-18 01:00:00,0,0.4077185912163114,0.5922814087836886,Hold,102.97,104.37,102.65,103.32,7245
2026-05-18 02:00:00,0,0.40774042692201373,0.5922595730779863,Hold,103.33,103.73,103.14,103.27,2041
2026-05-18 03:00:00,0,0.42934815802132503,0.570651841978675,Hold,103.26,103.4,103.08,103.17,1086
2026-05-18 04:00:00,0,0.4800380049862441,0.519961995013756,Hold,103.19,103.34,103.0,103.17,1339
2026-05-18 05:00:00,0,0.5121744215121844,0.4878255784878156,Buy,103.15,103.31,102.56,102.88,1878
2026-05-18 06:00:00,0,0.5319275172690935,0.4680724827309065,Buy,102.88,103.45,102.8,102.87,3028
2026-05-18 07:00:00,0,0.5610852853350818,0.43891471466491816,Buy,102.84,102.93,101.6,102.18,7394
2026-05-18 08:00:00,0,0.5711940407058452,0.42880595929415477,Buy,102.18,102.43,101.63,101.81,5785
2026-05-18 09:00:00,0,0.567652570661311,0.43234742933868897,Buy,101.8,102.56,101.7,102.21,4141
2026-05-18 10:00:00,0,0.553658274499941,0.446341725500059,Buy,102.2,102.52,102.06,102.43,2376
2026-05-18 11:00:00,0,0.5740565821767243,0.4259434178232757,Buy,102.46,103.26,100.16,100.89,18685
2026-05-18 12:00:00,1,0.5904014013805898,0.40959859861941017,Buy,100.91,101.61,98.6,99.04,21506
2026-05-18 13:00:00,1,0.5285379836089604,0.4714620163910396,Buy,99.07,100.24,98.95,99.59,20859
2026-05-18 14:00:00,0,0.5031461142040808,0.49685388579591916,Buy,99.58,102.37,99.55,102.22,22439
2026-05-18 15:00:00,0,0.4630170533310766,0.5369829466689233,Hold,102.21,103.13,102.03,102.85,21062
2026-05-18 16:00:00,0,0.4280376974048897,0.5719623025951103,Hold,102.84,103.64,102.71,102.91,12944
2026-05-18 17:00:00,0,0.4170074935777052,0.5829925064222947,Hold,102.91,103.12,102.19,103.03,9768
2026-05-18 18:00:00,0,0.3582263666040939,0.6417736333959061,Hold,103.02,105.21,103.01,104.65,25500
2026-05-18 19:00:00,0,0.3640729663829836,0.6359270336170164,Hold,104.66,104.8,101.41,101.96,18369
2026-05-18 20:00:00,0,0.315720648926163,0.684279351073837,Hold,101.96,102.6,101.1,102.49,4497
2026-05-18 22:00:00,0,0.3265797367728571,0.6734202632271429,Hold,102.58,102.74,102.12,102.45,2167
2026-05-18 23:00:00,0,0.31996979512797125,0.6800302048720288,Hold,102.45,102.52,102.26,102.3,549
2026-05-19 00:00:00,0,0.2919587156737067,0.7080412843262933,Hold,102.3,102.75,102.22,102.51,1890
2026-05-19 01:00:00,0,0.32096871743150623,0.6790312825684938,Hold,102.47,103.0,102.24,102.53,2633
2026-05-19 02:00:00,0,0.3193306183301449,0.680669381669855,Hold,102.5,103.1,102.42,102.91,1222
2026-05-19 03:00:00,0,0.35264602174569215,0.6473539782543078,Hold,102.93,103.13,102.67,102.83,961
2026-05-19 04:00:00,0,0.40070184830784017,0.5992981516921598,Hold,102.84,102.92,102.59,102.65,671
2026-05-19 05:00:00,0,0.4274510856195929,0.5725489143804071,Hold,102.64,103.45,102.58,103.16,1882
2026-05-19 06:00:00,0,0.4658967662165686,0.5341032337834314,Hold,103.16,103.85,102.74,103.72,5355
2026-05-19 07:00:00,0,0.5153515086539529,0.48464849134604715,Buy,103.71,104.0,103.02,103.15,4087
2026-05-19 08:00:00,0,0.5299834309109035,0.4700165690890965,Buy,103.17,103.86,103.03,103.24,3947
2026-05-19 09:00:00,0,0.5441101824954716,0.4558898175045284,Buy,103.25,103.58,102.56,102.79,3460
2026-05-19 10:00:00,0,0.5396425289135308,0.4603574710864692,Buy,102.79,104.18,102.73,103.42,7553
2026-05-19 11:00:00,0,0.5174126253910228,0.48258737460897716,Buy,103.45,104.1,103.41,103.97,3815
2026-05-19 12:00:00,0,0.5471361116374142,0.45286388836258584,Buy,103.98,104.01,103.23,103.51,4871
2026-05-19 13:00:00,0,0.5478731313802502,0.4521268686197498,Buy,103.5,104.71,103.14,103.46,19486
2026-05-19 14:00:00,0,0.514248896091193,0.48575110390880705,Buy,103.48,103.79,102.61,103.49,17207
2026-05-19 15:00:00,0,0.47331916350804526,0.5266808364919547,Hold,103.48,103.91,102.96,103.83,9911
2026-05-19 16:00:00,0,0.4446255712093196,0.5553744287906803,Hold,103.82,104.15,103.51,103.71,7794
2026-05-19 17:00:00,0,0.4274718587822654,0.5725281412177345,Hold,103.71,104.09,103.27,103.44,9535
2026-05-19 18:00:00,0,0.38221879525542685,0.6177812047445732,Hold,103.43,104.86,103.09,104.65,23913
2026-05-19 19:00:00,0,0.37091134853752933,0.6290886514624707,Hold,104.66,104.66,104.12,104.48,4076
2026-05-19 20:00:00,0,0.37048361197922347,0.6295163880207766,Hold,104.49,104.59,103.95,104.03,2584
2026-05-19 22:00:00,0,0.3520931461142881,0.6479068538857119,Hold,104.12,104.36,104.03,104.21,792
2026-05-19 23:00:00,0,0.3584113296985895,0.6415886703014104,Hold,104.21,104.29,103.76,103.92,1034
2026-05-20 00:00:00,0,0.3399418911705626,0.6600581088294374,Hold,103.92,104.02,103.71,103.87,1195
2026-05-20 01:00:00,0,0.38446432108697304,0.615535678913027,Hold,103.85,104.45,103.12,103.61,3742
2026-05-20 02:00:00,0,0.3822151987804841,0.617784801219516,Hold,103.58,104.45,103.41,104.2,2348
2026-05-20 03:00:00,0,0.41801746059911055,0.5819825394008895,Hold,104.2,104.33,103.57,103.68,1534
2026-05-20 04:00:00,0,0.44804522740791725,0.5519547725920828,Hold,103.68,103.97,103.32,103.9,1307
2026-05-20 05:00:00,0,0.49660975038620003,0.5033902496138,Hold,103.88,103.94,103.57,103.84,1023
2026-05-20 06:00:00,0,0.5113554996443453,0.48864450035565465,Buy,103.86,104.01,102.65,102.79,4774
2026-05-20 07:00:00,0,0.5276507483967229,0.4723492516032771,Buy,102.75,103.17,102.5,103.04,4122
2026-05-20 08:00:00,0,0.5534876631718816,0.4465123368281184,Buy,103.05,103.12,101.82,102.06,7704
2026-05-20 09:00:00,0,0.54874558278795,0.45125441721204995,Buy,102.09,102.72,101.64,102.35,4840
2026-05-20 10:00:00,0,0.5742205366143034,0.4257794633856966,Buy,102.34,102.51,100.87,101.48,8945
2026-05-20 11:00:00,0,0.5561991627115058,0.4438008372884942,Buy,101.48,102.77,101.42,102.52,7517
2026-05-20 12:00:00,0,0.5790243698134268,0.42097563018657325,Buy,102.53,102.65,100.75,101.66,13538
2026-05-20 13:00:00,0,0.5210940136945419,0.4789059863054581,Buy,101.68,102.33,101.29,102.27,15267
2026-05-20 14:00:00,0,0.504784229261903,0.49521577073809697,Buy,102.26,102.8,99.45,100.49,43562
2026-05-20 15:00:00,0,0.45537130154836614,0.5446286984516339,Hold,100.5,100.67,97.0,99.26,40514
2026-05-20 16:00:00,0,0.4126284924265914,0.5873715075734086,Hold,99.23,99.64,97.6,97.89,17953
2026-05-20 17:00:00,0,0.3811863873787518,0.6188136126212482,Hold,97.84,98.35,96.94,98.32,21538
2026-05-20 18:00:00,0,0.3533115502822697,0.6466884497177303,Hold,98.3,98.71,97.76,97.95,18559
2026-05-20 19:00:00,0,0.295916339501712,0.7040836604982881,Hold,97.94,98.58,97.77,98.53,5679
2026-05-20 20:00:00,0,0.26019994131086954,0.7398000586891305,Hold,98.52,99.11,98.33,99.08,3429
2026-05-20 22:00:00,0,0.2758539925704946,0.7241460074295054,Hold,98.95,99.22,98.75,98.99,1543
2026-05-20 23:00:00,0,0.2705943698757271,0.7294056301242728,Hold,98.96,99.21,98.75,98.88,1037
2026-05-21 00:00:00,0,0.2827917695508643,0.7172082304491356,Hold,98.87,100.11,98.79,99.12,3736
2026-05-21 01:00:00,0,0.31167769210488455,0.6883223078951155,Hold,99.12,99.16,98.5,98.6,3620
2026-05-21 02:00:00,0,0.3077529795205394,0.6922470204794606,Hold,98.59,99.25,98.52,99.15,1356
2026-05-21 03:00:00,0,0.338105529228479,0.6618944707715211,Hold,99.16,99.27,98.94,99.12,877
2026-05-21 04:00:00,0,0.3813195663831634,0.6186804336168366,Hold,99.1,99.29,98.79,98.84,789
2026-05-21 05:00:00,0,0.4242094163037796,0.5757905836962204,Hold,98.84,100.06,98.82,99.42,2355
2026-05-21 06:00:00,0,0.46746566227397063,0.5325343377260294,Hold,99.45,99.85,98.8,99.55,4348
2026-05-21 07:00:00,0,0.5112598750793498,0.4887401249206502,Buy,99.58,99.93,99.24,99.28,2576
2026-05-21 08:00:00,0,0.5561749273630535,0.4438250726369465,Buy,99.28,99.58,98.04,98.47,8129
2026-05-21 09:00:00,1,0.5806628693468877,0.4193371306531123,Buy,98.5,98.5,97.25,97.59,6056
2026-05-21 10:00:00,0,0.513234051745063,0.486765948254937,Buy,97.6,101.34,97.48,101.06,20209
2026-05-21 11:00:00,0,0.5316536884620935,0.4683463115379065,Buy,101.08,101.08,100.15,100.59,9638
2026-05-21 12:00:00,0,0.5208544014214993,0.4791455985785007,Buy,100.57,101.29,100.44,101.09,13011
2026-05-21 13:00:00,0,0.5298932205223579,0.4701067794776421,Buy,101.09,102.66,100.29,100.53,31210
2026-05-21 14:00:00,0,0.47089665486405985,0.5291033451359402,Hold,100.53,101.56,100.27,101.35,19783
2026-05-21 15:00:00,0,0.45867387031777523,0.5413261296822247,Hold,101.36,102.14,100.72,100.73,15730
2026-05-21 16:00:00,0,0.42822846193780123,0.5717715380621988,Hold,100.72,100.78,99.79,100.01,13148
2026-05-21 17:00:00,0,0.39310263947502194,0.6068973605249781,Hold,100.0,100.43,95.76,96.33,47789
2026-05-21 18:00:00,0,0.3149890153601849,0.6850109846398151,Hold,96.34,98.3,96.0,98.01,38068
2026-05-21 19:00:00,0,0.2907444314512248,0.7092555685487751,Hold,98.01,98.21,97.06,97.32,12355
2026-05-21 20:00:00,0,0.252599267899184,0.747400732100816,Hold,97.35,98.18,97.21,98.0,3143
2026-05-21 22:00:00,0,0.2473886457977294,0.7526113542022705,Hold,98.0,98.0,97.29,97.73,1739
2026-05-21 23:00:00,0,0.2392064594621479,0.7607935405378521,Hold,97.73,97.91,97.51,97.74,908
2026-05-22 00:00:00,0,0.23524716450217964,0.7647528354978204,Hold,97.74,98.15,97.6,97.93,2462
2026-05-22 01:00:00,0,0.2734091229451987,0.7265908770548013,Hold,97.92,98.35,97.62,97.69,2384
2026-05-22 02:00:00,0,0.2817484670972984,0.7182515329027016,Hold,97.66,97.97,97.33,97.47,1412
2026-05-22 03:00:00,0,0.2983572528404391,0.7016427471595609,Hold,97.44,97.57,97.24,97.46,1301
2026-05-22 04:00:00,0,0.34344996020454543,0.6565500397954546,Hold,97.48,97.48,96.92,97.35,1646
2026-05-22 05:00:00,0,0.37698247864287693,0.6230175213571231,Hold,97.34,98.55,97.34,98.38,1992
2026-05-22 06:00:00,0,0.44794933117756686,0.5520506688224331,Hold,98.38,98.73,97.92,98.0,3272
2026-05-22 07:00:00,0,0.47134605730385376,0.5286539426961463,Hold,97.98,98.93,97.95,98.46,6116
2026-05-22 08:00:00,0,0.5016601006162097,0.4983398993837903,Buy,98.46,99.43,98.09,98.7,10020
2026-05-22 09:00:00,0,0.5130636741101224,0.48693632588987756,Buy,98.72,99.07,97.89,98.52,4523
2026-05-22 10:00:00,0,0.517438121802725,0.48256187819727503,Buy,98.5,98.8,97.66,98.31,4483
2026-05-22 11:00:00,0,0.5228321168185912,0.4771678831814088,Buy,98.32,98.66,97.16,97.52,5513
2026-05-22 12:00:00,0,0.5445040482155242,0.45549595178447577,Buy,97.55,97.77,95.65,96.22,19093
2026-05-22 13:00:00,0,0.496152126282051,0.503847873717949,Hold,96.2,98.11,95.46,97.77,25612
2026-05-22 14:00:00,0,0.47091348036549435,0.5290865196345056,Hold,97.78,98.17,97.29,97.57,10145
2026-05-22 15:00:00,0,0.44810187450099626,0.5518981254990037,Hold,97.57,97.96,96.8,97.06,11129
2026-05-22 16:00:00,0,0.396897762487803,0.603102237512197,Hold,97.06,97.41,96.52,96.86,12090
2026-05-22 17:00:00,0,0.3754902893782108,0.6245097106217892,Hold,96.83,97.24,94.73,96.07,28189
2026-05-22 18:00:00,0,0.31364352226074355,0.6863564777392565,Hold,96.07,96.77,96.0,96.25,16445
2026-05-22 19:00:00,0,0.28350063732738323,0.7164993626726168,Hold,96.23,96.95,96.08,96.28,6927
2026-05-22 20:00:00,0,0.25683784251962305,0.743162157480377,Hold,96.23,97.27,95.97,97.0,5992
2026-05-25 00:00:00,0,0.27570203608183985,0.7242979639181601,Hold,92.12,92.29,90.87,91.9,3977
2026-05-25 01:00:00,0,0.27570311442751017,0.7242968855724898,Hold,91.92,92.52,91.7,92.41,4169
2026-05-25 02:00:00,0,0.29179140435285345,0.7082085956471466,Hold,92.42,92.55,91.71,91.74,2236
2026-05-25 03:00:00,0,0.34575825748843697,0.654241742511563,Hold,91.72,91.78,90.32,90.94,7710
2026-05-25 04:00:00,0,0.36423873999807405,0.635761260001926,Hold,91.01,91.3,90.87,90.98,1854
2026-05-25 05:00:00,0,0.39125549839805374,0.6087445016019463,Hold,90.97,91.05,90.58,90.98,2057
2026-05-25 06:00:00,0,0.4205658236497445,0.5794341763502555,Hold,91.0,91.61,90.87,91.4,2787
2026-05-25 07:00:00,0,0.4457688733779355,0.5542311266220645,Hold,91.4,92.7,91.25,91.76,8062
2026-05-25 08:00:00,0,0.4782794878727543,0.5217205121272457,Hold,91.76,92.52,91.63,91.75,3708
2026-05-25 09:00:00,0,0.49999392985318125,0.5000060701468187,Hold,91.74,91.85,91.01,91.23,3218
2026-05-25 10:00:00,0,0.5053023226422,0.4946976773578,Buy,91.23,91.35,90.71,90.91,3153
2026-05-25 11:00:00,0,0.4949369911908001,0.5050630088091999,Hold,90.91,91.42,90.54,90.89,4829
2026-05-25 12:00:00,0,0.5083431008113085,0.4916568991886915,Buy,90.91,91.55,90.34,91.47,5349
2026-05-25 13:00:00,0,0.4739304814032468,0.5260695185967532,Hold,91.5,91.88,91.31,91.39,4745
2026-05-25 14:00:00,0,0.45394115759803255,0.5460588424019674,Hold,91.39,91.52,90.89,91.43,5480
2026-05-25 15:00:00,0,0.4467235771498146,0.5532764228501854,Hold,91.46,91.82,90.42,91.09,10021
2026-05-25 16:00:00,0,0.3974938416744212,0.6025061583255789,Hold,91.1,91.6,89.75,89.85,6258
2026-05-25 17:00:00,0,0.3449572579245643,0.6550427420754357,Hold,89.86,90.45,89.41,90.33,4507
2026-05-25 18:00:00,0,0.29069674697193787,0.7093032530280621,Hold,90.33,90.44,90.14,90.3,844
2026-05-25 22:00:00,0,0.26855162311718445,0.7314483768828155,Hold,91.0,91.23,90.35,90.77,3913
2026-05-25 23:00:00,0,0.26013601432383027,0.7398639856761697,Hold,90.75,91.12,90.6,90.93,2100
2026-05-26 00:00:00,0,0.28913555524609813,0.7108644447539019,Hold,90.94,91.6,90.9,91.48,6100
2026-05-26 01:00:00,0,0.30467419303474885,0.6953258069652511,Hold,91.5,92.04,91.38,91.85,3647
2026-05-26 02:00:00,0,0.3186683008820772,0.6813316991179228,Hold,91.85,91.94,91.39,91.58,2055
2026-05-26 03:00:00,0,0.34429311274764235,0.6557068872523577,Hold,91.58,91.72,91.4,91.66,1429
2026-05-26 04:00:00,0,0.3714446377208898,0.6285553622791102,Hold,91.66,92.12,91.58,92.02,1579
2026-05-26 05:00:00,0,0.42639277733748737,0.5736072226625126,Hold,92.01,92.55,91.79,91.89,2906
2026-05-26 06:00:00,0,0.4541459757951402,0.5458540242048597,Hold,91.9,92.31,91.4,91.67,4407
2026-05-26 07:00:00,0,0.49927983567615397,0.500720164323846,Hold,91.66,92.96,91.53,92.47,8667
2026-05-26 08:00:00,0,0.5335796838882202,0.4664203161117798,Buy,92.47,93.64,92.33,93.2,7160
2026-05-26 09:00:00,0,0.5379648659557188,0.4620351340442812,Buy,93.21,93.28,92.51,92.61,5481
2026-05-26 10:00:00,0,0.5553359174591432,0.44466408254085676,Buy,92.61,92.73,91.5,92.02,7171
2026-05-26 11:00:00,0,0.5456081582850147,0.45439184171498526,Buy,92.02,92.9,91.98,92.72,6712
2026-05-26 12:00:00,0,0.5439260362687723,0.45607396373122766,Buy,92.72,93.36,92.42,92.8,8681
2026-05-26 13:00:00,0,0.5550216300156714,0.4449783699843286,Buy,92.81,94.51,92.54,94.2,16709
2026-05-26 14:00:00,0,0.5215429113490886,0.4784570886509114,Buy,94.16,94.43,93.17,94.19,17732
2026-05-26 15:00:00,0,0.4883027782093162,0.5116972217906838,Hold,94.19,94.7,93.81,93.9,14276
2026-05-26 16:00:00,0,0.4264788165951347,0.5735211834048652,Hold,93.89,94.36,93.71,94.03,9504
2026-05-26 17:00:00,0,0.41302780830946434,0.5869721916905357,Hold,94.04,94.16,93.56,93.76,8326
2026-05-26 18:00:00,0,0.3640709778226098,0.6359290221773902,Hold,93.76,94.09,93.41,93.68,14781
2026-05-26 19:00:00,0,0.3370581038901508,0.6629418961098492,Hold,93.69,94.06,93.51,93.53,4609
2026-05-26 20:00:00,0,0.3109845407807427,0.6890154592192572,Hold,93.51,93.87,93.2,93.57,2702
2026-05-26 22:00:00,0,0.3046148966892773,0.6953851033107227,Hold,93.39,93.69,93.3,93.58,1179
2026-05-26 23:00:00,0,0.321822834710357,0.678177165289643,Hold,93.57,93.62,93.1,93.31,1244
2026-05-27 00:00:00,0,0.30846932781602404,0.691530672183976,Hold,93.33,93.43,92.81,92.96,2608
2026-05-27 01:00:00,0,0.32106442814526404,0.678935571854736,Hold,92.97,93.22,92.55,92.85,2448
2026-05-27 02:00:00,0,0.3253992445607772,0.6746007554392228,Hold,92.84,92.84,92.16,92.4,2641
2026-05-27 03:00:00,0,0.33096010088621053,0.6690398991137895,Hold,92.38,92.39,91.87,92.11,2644
2026-05-27 04:00:00,0,0.3762997790017549,0.6237002209982452,Hold,92.11,92.15,91.81,91.94,1362
2026-05-27 05:00:00,0,0.3895563075940541,0.610443692405946,Hold,91.95,92.22,91.73,91.85,2303
2026-05-27 06:00:00,0,0.43759477268458336,0.5624052273154166,Hold,91.84,92.04,91.41,91.54,4254
2026-05-27 07:00:00,0,0.5030769265857552,0.4969230734142448,Buy,91.54,91.65,90.85,91.12,6789
2026-05-27 08:00:00,0,0.5173761415826205,0.48262385841737954,Buy,91.1,91.26,89.69,90.17,9388
2026-05-27 09:00:00,0,0.5217932545977996,0.47820674540220043,Buy,90.16,90.53,89.64,89.87,7922
2026-05-27 10:00:00,0,0.5180665537645884,0.48193344623541157,Buy,89.86,90.51,89.83,90.21,4784
2026-05-27 11:00:00,0,0.5135387728902808,0.4864612271097192,Buy,90.2,90.85,89.96,90.54,8653
2026-05-27 12:00:00,0,0.5410619386023882,0.45893806139761184,Buy,90.55,90.77,87.77,88.84,32457
2026-05-27 13:00:00,0,0.4943129924860012,0.5056870075139988,Hold,88.85,90.02,88.76,89.8,19017
2026-05-27 14:00:00,0,0.47437342299060864,0.5256265770093913,Hold,89.79,91.01,89.46,90.81,23818
2026-05-27 15:00:00,0,0.43381716811953885,0.5661828318804611,Hold,90.82,91.19,89.93,90.01,20930
2026-05-27 16:00:00,0,0.36781903865045856,0.6321809613495415,Hold,90.02,90.4,89.42,89.88,12244
2026-05-27 17:00:00,0,0.3463783750818478,0.6536216249181521,Hold,89.88,90.1,89.16,89.52,8983
2026-05-27 18:00:00,0,0.31573729988152077,0.6842627001184792,Hold,89.53,89.6,88.48,88.94,18144
2026-05-27 19:00:00,0,0.2776212740819208,0.7223787259180792,Hold,88.94,89.58,88.83,89.44,5362
2026-05-27 20:00:00,0,0.25888153011792153,0.7411184698820785,Hold,89.44,89.6,89.3,89.41,1827
2026-05-27 22:00:00,0,0.26025732218140496,0.739742677818595,Hold,89.11,90.08,89.11,89.7,2072
2026-05-27 23:00:00,0,0.2548920558900383,0.7451079441099617,Hold,89.75,90.4,89.61,90.2,2454
2026-05-28 00:00:00,0,0.2388664457662242,0.7611335542337758,Hold,90.21,90.69,90.18,90.48,3565
2026-05-28 01:00:00,0,0.26513223130444014,0.7348677686955598,Hold,90.46,90.48,89.97,90.18,2910
2026-05-28 02:00:00,0,0.27309950404937894,0.7269004959506211,Hold,90.17,90.97,89.93,90.94,2892
2026-05-28 03:00:00,0,0.2971649843062067,0.7028350156937933,Hold,90.94,92.23,90.86,92.18,6859
2026-05-28 04:00:00,0,0.3407416844886599,0.6592583155113401,Hold,92.2,92.52,91.99,92.17,3268
2026-05-28 05:00:00,0,0.40554643168474686,0.5944535683152532,Hold,92.14,92.23,91.41,91.58,3556
2026-05-28 06:00:00,0,0.43243815608152697,0.5675618439184731,Hold,91.57,91.62,90.75,91.15,3870
2026-05-28 07:00:00,0,0.47568370556242073,0.5243162944375792,Hold,91.15,91.42,90.81,90.93,4614
2026-05-28 08:00:00,0,0.4989453467314207,0.5010546532685793,Hold,90.93,91.03,90.48,90.56,5180
2026-05-28 09:00:00,0,0.5054598188192333,0.4945401811807667,Buy,90.56,90.78,89.87,90.25,4435
2026-05-28 10:00:00,0,0.5256989423137025,0.4743010576862975,Buy,90.26,91.37,90.0,91.01,5762
2026-05-28 11:00:00,0,0.5033974759266627,0.49660252407333727,Buy,91.0,91.57,90.74,91.3,5963
2026-05-28 12:00:00,0,0.5211635668293229,0.47883643317067714,Buy,91.31,91.45,90.4,90.54,8739
2026-05-28 13:00:00,0,0.49055742803596875,0.5094425719640312,Hold,90.54,91.35,90.3,90.83,10714
2026-05-28 14:00:00,0,0.4590567243163402,0.5409432756836599,Hold,90.83,91.14,87.11,89.49,26177
2026-05-28 15:00:00,0,0.41339343166782166,0.5866065683321784,Hold,89.51,90.16,88.98,89.78,14126
2026-05-28 16:00:00,0,0.39821574905115,0.60178425094885,Hold,89.77,90.25,88.02,88.24,14108
2026-05-28 17:00:00,0,0.3549881111321085,0.6450118888678915,Hold,88.26,89.16,88.2,88.85,9562
2026-05-28 18:00:00,0,0.2898544640287487,0.7101455359712513,Hold,88.86,89.54,88.59,89.25,13109
2026-05-28 19:00:00,0,0.25543173050713874,0.7445682694928613,Hold,89.24,89.49,89.01,89.48,3067
2026-05-28 20:00:00,0,0.2562358164366627,0.7437641835633373,Hold,89.47,89.64,88.53,88.53,4329
2026-05-28 22:00:00,0,0.2548747347034797,0.7451252652965203,Hold,88.55,88.92,88.26,88.51,1348
2026-05-28 23:00:00,0,0.2594538860034303,0.7405461139965697,Hold,88.54,88.67,88.2,88.53,1205
2026-05-29 00:00:00,0,0.26038220168797144,0.7396177983120286,Hold,88.53,88.53,87.63,88.36,2915
2026-05-29 01:00:00,0,0.2759068776720164,0.7240931223279836,Hold,88.35,88.44,87.67,87.89,2677
2026-05-29 02:00:00,0,0.2865119045680263,0.7134880954319738,Hold,87.9,88.05,87.57,87.77,1976
2026-05-29 03:00:00,0,0.2992879760769983,0.7007120239230017,Hold,87.81,88.29,87.37,88.2,2692
2026-05-29 04:00:00,0,0.33704119861981985,0.6629588013801802,Hold,88.18,88.25,87.47,87.71,2963
2026-05-29 05:00:00,0,0.36167708328512316,0.6383229167148768,Hold,87.72,88.13,87.67,88.02,1555
2026-05-29 06:00:00,0,0.40659529198575634,0.5934047080142437,Hold,88.01,88.04,87.17,87.48,3153
2026-05-29 07:00:00,0,0.44521872042131977,0.5547812795786802,Hold,87.48,89.01,87.34,88.72,5200
2026-05-29 08:00:00,0,0.4759086347181024,0.5240913652818976,Hold,88.72,89.02,88.52,88.68,3662
2026-05-29 09:00:00,0,0.5042894636372182,0.49571053636278184,Buy,88.69,88.72,86.86,87.5,10722
2026-05-29 10:00:00,0,0.5009072337123968,0.49909276628760324,Buy,87.5,87.82,86.71,87.35,4146
2026-05-29 11:00:00,0,0.5100425186329122,0.48995748136708783,Buy,87.34,88.31,87.16,87.61,5623
2026-05-29 12:00:00,0,0.5018262086123777,0.4981737913876223,Buy,87.62,88.16,87.21,87.33,7456
2026-05-29 13:00:00,0,0.479075290902718,0.520924709097282,Hold,87.32,87.87,86.73,87.69,14415
2026-05-29 14:00:00,0,0.47663447378443874,0.5233655262155612,Hold,87.68,88.95,87.46,87.96,23305
2026-05-29 15:00:00,0,0.41602447584520114,0.5839755241547988,Hold,87.97,88.01,86.35,87.6,28522
2026-05-29 16:00:00,1,0.4054525676706836,0.5945474323293164,Hold,87.6,87.97,86.43,86.58,14166
2026-05-29 17:00:00,0,0.36985841602531266,0.6301415839746873,Hold,86.59,87.32,86.56,87.19,13006
2026-05-29 18:00:00,0,0.31731559644055674,0.6826844035594433,Hold,87.18,88.0,87.0,87.64,19778
2026-05-29 19:00:00,0,0.26798744851438827,0.7320125514856117,Hold,87.66,88.17,87.5,88.08,4616
2026-05-29 20:00:00,0,0.24886214376692928,0.7511378562330707,Hold,88.08,88.14,87.62,87.76,2574
2026-06-01 00:00:00,0,0.26422342580991914,0.7357765741900808,Hold,89.43,89.95,89.25,89.33,2350
2026-06-01 01:00:00,0,0.2942111698344205,0.7057888301655795,Hold,89.33,90.2,89.03,89.88,3473
2026-06-01 02:00:00,0,0.3175541500896065,0.6824458499103935,Hold,89.89,90.0,89.51,89.61,1749
2026-06-01 03:00:00,0,0.34591334182221073,0.6540866581777893,Hold,89.59,90.04,89.16,89.74,3227
2026-06-01 04:00:00,0,0.38493890020677296,0.6150610997932271,Hold,89.73,89.94,89.26,89.65,1320
2026-06-01 05:00:00,0,0.4175147726139268,0.5824852273860732,Hold,89.66,90.0,89.48,89.75,1493
2026-06-01 06:00:00,0,0.43370804820077036,0.5662919517992296,Hold,89.73,90.76,89.71,90.16,4140
2026-06-01 07:00:00,0,0.4942312139661316,0.5057687860338684,Hold,90.15,90.71,90.08,90.37,4028
2026-06-01 08:00:00,0,0.5098587930854955,0.49014120691450447,Buy,90.39,91.26,90.21,90.82,5849
2026-06-01 09:00:00,0,0.51201148304912,0.48798851695087997,Buy,90.82,91.25,90.55,90.8,3028
2026-06-01 10:00:00,0,0.5182265959457576,0.4817734040542424,Buy,90.78,90.93,90.47,90.64,3313
2026-06-01 11:00:00,0,0.514356038873774,0.485643961126226,Buy,90.64,90.79,90.17,90.25,3882
2026-06-01 12:00:00,1,0.521237099093084,0.478762900906916,Buy,90.25,90.47,89.27,89.66,10034
2026-06-01 13:00:00,0,0.453110542743274,0.546889457256726,Hold,89.65,94.2,89.45,94.14,40100
2026-06-01 14:00:00,0,0.42143254413823517,0.5785674558617648,Hold,94.17,94.71,92.92,94.52,26307
2026-06-01 15:00:00,0,0.4013702533296806,0.5986297466703194,Hold,94.52,94.78,92.2,93.78,26808
2026-06-01 16:00:00,0,0.3921043849155095,0.6078956150844905,Hold,93.77,94.45,92.74,92.82,21023
2026-06-01 17:00:00,0,0.35820728245189853,0.6417927175481015,Hold,92.81,93.21,90.8,91.79,26957
2026-06-01 18:00:00,0,0.31840453096367377,0.6815954690363262,Hold,91.78,92.65,91.43,92.52,15346
2026-06-01 19:00:00,0,0.3116352892409868,0.6883647107590132,Hold,92.51,92.65,92.1,92.44,5171
2026-06-01 20:00:00,0,0.2874724490600733,0.7125275509399267,Hold,92.46,92.55,92.08,92.47,2292
2026-06-01 22:00:00,0,0.29063722737976866,0.7093627726202314,Hold,92.45,92.61,92.14,92.3,1130
2026-06-01 23:00:00,0,0.28513741769522216,0.7148625823047778,Hold,92.31,92.37,91.69,91.93,1661
2026-06-02 00:00:00,0,0.2735260013299407,0.7264739986700592,Hold,91.91,92.49,91.65,92.4,2896
2026-06-02 01:00:00,0,0.32969608101540615,0.6703039189845938,Hold,92.39,92.65,91.5,91.68,4462
2026-06-02 02:00:00,0,0.31685855770210114,0.6831414422978989,Hold,91.67,91.88,91.46,91.77,2021
2026-06-02 03:00:00,0,0.34261158345591913,0.6573884165440809,Hold,91.78,91.81,91.26,91.45,1802
2026-06-02 04:00:00,0,0.38317213291275337,0.6168278670872467,Hold,91.44,91.51,91.15,91.21,1166
2026-06-02 05:00:00,0,0.4147981803013815,0.5852018196986185,Hold,91.23,91.47,91.0,91.37,1784
2026-06-02 06:00:00,0,0.4447308873739306,0.5552691126260694,Hold,91.39,91.7,90.99,91.55,3037
2026-06-02 07:00:00,0,0.48192034806997686,0.5180796519300231,Hold,91.54,91.74,90.56,90.82,5973
2026-06-02 08:00:00,0,0.5024818664882771,0.4975181335117229,Buy,90.81,91.23,90.15,90.65,7666
2026-06-02 09:00:00,0,0.4904792002568871,0.5095207997431128,Hold,90.65,91.08,90.12,91.01,5131
2026-06-02 10:00:00,0,0.4715362962249678,0.5284637037750322,Hold,91.01,91.52,90.93,91.17,4326
2026-06-02 11:00:00,1,0.4788869113308094,0.5211130886691906,Hold,91.16,91.25,90.74,91.02,3468
2026-06-02 12:00:00,1,0.4893420325591435,0.5106579674408565,Hold,91.03,91.6,90.58,91.14,8067
2026-06-02 13:00:00,0,0.5341610036224159,0.4658389963775841,Buy,91.13,92.45,91.09,92.28,17707
2026-06-02 14:00:00,0,0.5233619692740429,0.4766380307259571,Buy,92.28,92.5,91.68,91.92,12102
2026-06-02 15:00:00,0,0.4958545799462325,0.5041454200537675,Hold,91.91,93.1,91.44,92.86,12743
2026-06-02 16:00:00,0,0.46810164400420706,0.5318983559957929,Hold,92.86,93.41,92.46,93.12,12423
2026-06-02 17:00:00,0,0.4257790578622162,0.5742209421377837,Hold,93.11,93.95,92.9,93.84,12438
2026-06-02 18:00:00,0,0.41321849456137966,0.5867815054386203,Hold,93.84,94.0,93.2,93.9,14323
2026-06-02 19:00:00,0,0.3890143288011545,0.6109856711988455,Hold,93.89,93.9,93.45,93.69,5286
2026-06-02 20:00:00,0,0.363559099177641,0.636440900822359,Hold,93.66,93.72,93.34,93.39,2706
2026-06-02 22:00:00,0,0.36578682027415893,0.634213179725841,Hold,93.45,94.5,93.45,94.25,3284
2026-06-02 23:00:00,0,0.3767299416249889,0.623270058375011,Hold,94.26,96.08,94.12,94.61,8952
2026-06-03 00:00:00,0,0.3396150661377205,0.6603849338622795,Hold,94.59,94.89,94.24,94.38,3563
2026-06-03 01:00:00,0,0.3835801903777931,0.6164198096222069,Hold,94.41,95.1,94.2,94.85,3942
2026-06-03 02:00:00,0,0.3795612327417066,0.6204387672582934,Hold,94.83,94.89,94.52,94.72,1312
2026-06-03 03:00:00,0,0.4036445588134489,0.596355441186551,Hold,94.74,94.8,94.53,94.71,1228
2026-06-03 04:00:00,0,0.4541983415664483,0.5458016584335517,Hold,94.72,95.19,94.71,94.9,1120
2026-06-03 05:00:00,0,0.5007277388175632,0.49927226118243684,Buy,94.92,95.59,94.79,95.56,1841
2026-06-03 06:00:00,0,0.5289947253855924,0.47100527461440755,Buy,95.58,95.84,95.14,95.75,4236
2026-06-03 07:00:00,0,0.5702651611545381,0.42973483884546193,Buy,95.73,96.02,95.5,95.88,4637
2026-06-03 08:00:00,0,0.599743787589215,0.400256212410785,Buy,95.87,96.56,95.61,96.34,7793
2026-06-03 09:00:00,0,0.5868329454649809,0.4131670545350191,Buy,96.36,96.98,95.89,96.87,6795
2026-06-03 10:00:00,0,0.5856190025334768,0.41438099746652324,Buy,96.87,97.0,95.63,95.99,11841
2026-06-03 11:00:00,0,0.5677787632014001,0.4322212367985999,Buy,95.98,96.05,95.53,95.71,5107
2026-06-03 12:00:00,0,0.5698065647443441,0.4301934352556559,Buy,95.71,96.5,95.31,96.02,8597
2026-06-03 13:00:00,0,0.5282677904963768,0.47173220950362316,Buy,96.01,96.15,94.44,94.48,18420
2026-06-03 14:00:00,0,0.5108471696907375,0.4891528303092625,Buy,94.48,95.65,94.34,95.25,16333
2026-06-03 15:00:00,0,0.44554198731695926,0.5544580126830407,Hold,95.24,96.31,95.06,95.9,15251
2026-06-03 16:00:00,0,0.42873735700944654,0.5712626429905534,Hold,95.89,96.32,95.64,95.67,12434
2026-06-03 17:00:00,0,0.3916229765152633,0.6083770234847368,Hold,95.66,96.48,95.25,96.24,9723
2026-06-03 18:00:00,0,0.3679833948416256,0.6320166051583744,Hold,96.22,96.57,95.85,96.06,11951
2026-06-03 19:00:00,0,0.3168604730271353,0.6831395269728646,Hold,96.05,96.23,95.67,96.22,4225
2026-06-03 20:00:00,0,0.3141113802889556,0.6858886197110444,Hold,96.22,96.49,96.01,96.2,3689
2026-06-03 22:00:00,0,0.3045170982766693,0.6954829017233307,Hold,95.75,95.91,95.0,95.24,2776
2026-06-03 23:00:00,0,0.2854212229525315,0.7145787770474685,Hold,95.23,95.5,95.16,95.39,950
2026-06-04 00:00:00,0,0.3232159326016758,0.6767840673983242,Hold,95.39,95.77,95.23,95.32,2294
2026-06-04 01:00:00,0,0.3469447012391605,0.6530552987608396,Hold,95.32,95.5,94.84,95.01,2824
2026-06-04 02:00:00,0,0.3423558368694487,0.6576441631305513,Hold,94.99,95.1,94.79,94.84,1409
2026-06-04 03:00:00,0,0.3782191389895228,0.6217808610104771,Hold,94.84,95.52,94.76,95.12,1946
2026-06-04 04:00:00,0,0.399722518263509,0.600277481736491,Hold,95.11,95.35,95.05,95.21,933
2026-06-04 05:00:00,0,0.4349300633812214,0.5650699366187786,Hold,95.2,95.6,95.16,95.18,1205
2026-06-04 06:00:00,0,0.479257665659456,0.520742334340544,Hold,95.16,95.46,94.92,95.21,1928
2026-06-04 07:00:00,0,0.5260796336090154,0.47392036639098456,Buy,95.21,95.62,94.9,95.42,3554
2026-06-04 08:00:00,0,0.5765806881381794,0.4234193118618206,Buy,95.46,95.69,94.38,94.88,8261
2026-06-04 09:00:00,0,0.5984970541113462,0.40150294588865376,Buy,94.88,95.05,94.06,94.51,5742
2026-06-04 10:00:00,0,0.5854029770351966,0.4145970229648034,Buy,94.51,95.3,94.5,94.91,4621
2026-06-04 11:00:00,0,0.5757777181682735,0.4242222818317265,Buy,94.89,94.93,92.34,92.45,15057
2026-06-04 12:00:00,0,0.5910261106321646,0.4089738893678354,Buy,92.47,93.0,91.91,92.66,15650
2026-06-04 13:00:00,0,0.5502798207191234,0.4497201792808766,Buy,92.68,93.15,92.13,92.36,13213
2026-06-04 14:00:00,0,0.5110002258437797,0.4889997741562203,Buy,92.38,93.12,92.01,93.06,10213
2026-06-04 15:00:00,0,0.4803020055859459,0.5196979944140541,Hold,93.06,93.26,92.63,93.0,9716
2026-06-04 16:00:00,0,0.43864737506786367,0.5613526249321363,Hold,93.0,93.15,92.28,92.39,6934
2026-06-04 17:00:00,0,0.4094055583100584,0.5905944416899416,Hold,92.4,92.61,91.94,92.33,6669
2026-06-04 18:00:00,0,0.3745349393211781,0.6254650606788219,Hold,92.33,93.46,91.95,93.33,18433
2026-06-04 19:00:00,0,0.34330549009575373,0.6566945099042463,Hold,93.34,93.36,92.98,93.17,3407
2026-06-04 20:00:00,0,0.31549453170503633,0.6845054682949636,Hold,93.15,93.21,92.85,92.91,1700
2026-06-04 22:00:00,0,0.3172708495289013,0.6827291504710987,Hold,92.82,92.94,92.52,92.9,510
2026-06-04 23:00:00,0,0.31217187271228547,0.6878281272877145,Hold,92.88,93.03,92.82,92.97,375
2026-06-05 00:00:00,0,0.3407874376205858,0.6592125623794143,Hold,92.97,93.02,92.62,92.69,1398
2026-06-05 01:00:00,0,0.3588108229440111,0.6411891770559889,Hold,92.68,93.19,92.52,93.14,1738
2026-06-05 02:00:00,0,0.3729279452258065,0.6270720547741935,Hold,93.13,93.54,93.1,93.42,2217
2026-06-05 03:00:00,0,0.4298689275537033,0.5701310724462967,Hold,93.4,93.48,93.0,93.18,1406
2026-06-05 04:00:00,0,0.45074892343178363,0.5492510765682164,Hold,93.18,93.2,92.95,93.03,826
2026-06-05 05:00:00,0,0.4900506114136516,0.5099493885863484,Hold,93.03,93.22,92.94,92.94,1201
2026-06-05 06:00:00,0,0.5236879620805243,0.47631203791947574,Buy,92.96,93.13,92.58,92.76,2502
2026-06-05 07:00:00,0,0.6018781860115059,0.3981218139884941,Buy,92.76,92.85,92.02,92.69,4122
2026-06-05 08:00:00,0,0.6011212642829749,0.39887873571702515,Buy,92.7,92.99,91.5,92.84,8059
2026-06-05 09:00:00,0,0.6208557617950838,0.37914423820491616,Buy,92.84,93.15,91.94,92.85,8801
2026-06-05 10:00:00,0,0.6066906580985784,0.39330934190142164,Buy,92.84,93.14,92.47,92.86,3470
2026-06-05 11:00:00,0,0.5999851964939961,0.40001480350600394,Buy,92.87,93.63,92.59,92.89,6684
2026-06-05 12:00:00,0,0.5953081823843607,0.4046918176156393,Buy,92.91,93.15,92.34,92.39,5584
2026-06-05 13:00:00,0,0.5908624205571829,0.40913757944281715,Buy,92.4,92.59,91.26,91.48,16954
2026-06-05 14:00:00,0,0.5469656929923574,0.4530343070076426,Buy,91.48,91.67,90.55,91.31,17469
2026-06-05 15:00:00,0,0.49830331444694365,0.5016966855530564,Hold,91.32,91.51,90.47,90.77,12447
2026-06-05 16:00:00,1,0.44679310203974804,0.553206897960252,Hold,90.77,91.02,89.68,90.08,12843
2026-06-05 17:00:00,1,0.4194582104065598,0.5805417895934402,Hold,90.08,90.36,89.92,90.03,8906
2026-06-05 18:00:00,1,0.3802761362749864,0.6197238637250135,Hold,90.02,90.72,89.9,90.3,18720
2026-06-05 19:00:00,1,0.3369171221939231,0.6630828778060769,Hold,90.31,90.42,90.0,90.24,4206
2026-06-05 20:00:00,1,0.3119511085054121,0.6880488914945879,Hold,90.23,90.44,90.17,90.25,2111
2026-06-08 00:00:00,0,0.2895041830293188,0.7104958169706812,Hold,92.76,92.85,92.28,92.41,1700
2026-06-08 01:00:00,0,0.32408865879604426,0.6759113412039557,Hold,92.39,94.8,92.2,93.29,12104
2026-06-08 02:00:00,0,0.33152749326059117,0.6684725067394088,Hold,93.29,94.37,93.23,93.64,5888
2026-06-08 03:00:00,0,0.3659890151171679,0.6340109848828321,Hold,93.63,94.02,93.36,93.53,2598
2026-06-08 04:00:00,0,0.37921462168644754,0.6207853783135524,Hold,93.54,94.6,93.53,94.47,3440
2026-06-08 05:00:00,0,0.4264020449286601,0.5735979550713399,Hold,94.46,94.85,94.08,94.48,3380
2026-06-08 06:00:00,0,0.44171490604426217,0.5582850939557378,Hold,94.46,94.84,93.95,94.62,5413
2026-06-08 07:00:00,0,0.48581853847467255,0.5141814615253275,Hold,94.61,94.93,94.01,94.61,5418
2026-06-08 08:00:00,0,0.5079365189742167,0.49206348102578334,Buy,94.6,95.25,94.21,94.66,7705
2026-06-08 09:00:00,0,0.5128053847183419,0.4871946152816581,Buy,94.66,94.91,94.24,94.67,5332
2026-06-08 10:00:00,0,0.5493587107003803,0.45064128929961966,Buy,94.67,95.47,93.49,93.76,9816
2026-06-08 11:00:00,0,0.5201496924627267,0.4798503075372733,Buy,93.76,94.07,91.05,91.22,15850
2026-06-08 12:00:00,0,0.5097823712022459,0.4902176287977541,Buy,91.21,92.15,91.01,91.91,9187
2026-06-08 13:00:00,0,0.5025287020389567,0.4974712979610433,Buy,91.92,92.08,90.39,91.06,12691
2026-06-08 14:00:00,0,0.46650115706223283,0.5334988429377672,Hold,91.05,92.24,90.98,91.77,11209
2026-06-08 15:00:00,0,0.43702246052405413,0.5629775394759459,Hold,91.77,92.38,91.39,91.61,10247
2026-06-08 16:00:00,0,0.37301757129766633,0.6269824287023337,Hold,91.61,91.79,91.05,91.41,6644
2026-06-08 17:00:00,0,0.3530155477000932,0.6469844522999069,Hold,91.41,91.45,90.76,91.12,7703
2026-06-08 18:00:00,0,0.3242196673541859,0.675780332645814,Hold,91.12,91.49,90.91,91.14,10866
2026-06-08 19:00:00,0,0.287412101961542,0.712587898038458,Hold,91.14,91.5,91.01,91.25,2820
2026-06-08 20:00:00,0,0.262102617511999,0.7378973824880011,Hold,91.24,91.56,91.1,91.28,2016
2026-06-08 22:00:00,0,0.2588806098626219,0.741119390137378,Hold,91.28,91.55,91.25,91.37,533
2026-06-08 23:00:00,0,0.26925611273433614,0.7307438872656639,Hold,91.39,91.43,91.3,91.38,1704
2026-06-09 00:00:00,0,0.32423767336503195,0.675762326634968,Hold,91.34,91.47,90.71,91.03,2350
2026-06-09 01:00:00,0,0.3157637427698876,0.6842362572301124,Hold,91.05,91.15,90.59,90.95,1683
2026-06-09 02:00:00,0,0.3620225398102641,0.6379774601897359,Hold,90.93,91.0,90.48,90.63,1481
2026-06-09 03:00:00,0,0.39045964383135595,0.6095403561686441,Hold,90.66,90.69,89.85,90.15,2583
2026-06-09 04:00:00,0,0.4061624362515642,0.5938375637484359,Hold,90.14,90.38,90.01,90.27,1183
2026-06-09 05:00:00,0,0.44831750481763766,0.5516824951823623,Hold,90.28,90.36,89.81,90.14,1677
2026-06-09 06:00:00,0,0.4989249680051465,0.5010750319948535,Hold,90.14,90.16,89.6,89.93,3344
2026-06-09 07:00:00,0,0.5511924208801846,0.4488075791198154,Buy,89.92,90.11,89.33,89.7,4972
2026-06-09 08:00:00,0,0.5922795569986569,0.40772044300134314,Buy,89.7,89.91,88.8,89.25,6564
2026-06-09 09:00:00,0,0.5854382793794809,0.4145617206205191,Buy,89.25,89.36,88.8,89.16,4648
2026-06-09 10:00:00,0,0.5966616584253894,0.40333834157461057,Buy,89.15,89.46,88.7,89.01,4646
2026-06-09 11:00:00,0,0.5875857915801141,0.41241420841988585,Buy,88.99,89.79,88.97,89.56,5197
2026-06-09 12:00:00,0,0.6276853505051284,0.3723146494948716,Buy,89.56,89.67,88.84,89.04,7281
2026-06-09 13:00:00,0,0.6029884128507026,0.3970115871492974,Buy,89.05,89.54,87.47,87.84,24582
2026-06-09 14:00:00,0,0.5480422293852765,0.45195777061472353,Buy,87.84,88.22,87.37,87.78,16887
2026-06-09 15:00:00,1,0.5140155846538572,0.4859844153461428,Buy,87.77,87.91,86.7,86.7,14397
2026-06-09 16:00:00,0,0.42686827071715333,0.5731317292828466,Hold,86.7,89.49,85.95,87.87,40563
2026-06-09 17:00:00,0,0.3971113038477777,0.6028886961522223,Hold,87.87,88.5,87.12,88.15,19728
2026-06-09 18:00:00,0,0.36509315926917146,0.6349068407308285,Hold,88.15,88.63,87.95,88.05,15721
2026-06-09 19:00:00,0,0.3166188144733426,0.6833811855266574,Hold,88.07,88.61,87.93,88.3,4779
2026-06-09 20:00:00,0,0.29809046373867165,0.7019095362613283,Hold,88.31,88.78,88.23,88.7,4703
2026-06-09 22:00:00,0,0.2904171248610046,0.7095828751389954,Hold,89.4,89.91,88.65,89.12,4138
2026-06-09 23:00:00,0,0.27656941320034606,0.723430586799654,Hold,89.11,89.34,88.85,89.18,1384
2026-06-10 00:00:00,0,0.2877090275935661,0.7122909724064339,Hold,89.19,90.0,88.76,88.86,4600
2026-06-10 01:00:00,0,0.27868017105200416,0.7213198289479958,Hold,88.85,89.36,88.28,89.27,4118
2026-06-10 02:00:00,0,0.32206435744661227,0.6779356425533878,Hold,89.26,89.4,88.73,88.96,1809
2026-06-10 03:00:00,0,0.3494260275096637,0.6505739724903363,Hold,88.96,89.16,88.57,88.64,1455
2026-06-10 04:00:00,0,0.3793487369426824,0.6206512630573175,Hold,88.61,88.93,88.61,88.66,609
2026-06-10 05:00:00,0,0.43663704239560974,0.5633629576043903,Hold,88.68,88.77,87.88,88.07,2413
2026-06-10 06:00:00,0,0.43697347532769343,0.5630265246723065,Hold,88.07,88.29,87.61,88.26,3026
2026-06-10 07:00:00,0,0.5054981176420144,0.49450188235798564,Buy,88.26,88.67,87.69,88.02,4228
2026-06-10 08:00:00,0,0.5378870454725331,0.4621129545274669,Buy,88.0,88.85,87.39,87.68,5747
2026-06-10 09:00:00,1,0.5215288338429596,0.47847116615704044,Buy,87.69,88.51,87.4,87.92,3781
2026-06-10 10:00:00,1,0.5338217138452609,0.4661782861547391,Buy,87.9,88.47,87.75,88.03,3297
2026-06-10 11:00:00,0,0.5252279965664834,0.47477200343351655,Buy,88.0,90.42,87.76,90.05,23075
2026-06-10 12:00:00,0,0.5393843417577863,0.46061565824221373,Buy,90.04,90.1,88.71,89.08,13393
2026-06-10 13:00:00,0,0.47728031229319207,0.5227196877068079,Hold,89.07,89.9,88.9,89.79,10660
2026-06-10 14:00:00,0,0.47045088682426656,0.5295491131757335,Hold,89.78,90.38,89.48,90.26,12995
2026-06-10 15:00:00,0,0.43203239837217544,0.5679676016278246,Hold,90.27,91.47,89.36,90.63,21903
2026-06-10 16:00:00,0,0.38436710589251905,0.6156328941074809,Hold,90.62,91.28,90.53,91.05,11083
2026-06-10 17:00:00,0,0.3889017704220812,0.6110982295779188,Hold,91.04,91.84,90.83,90.89,11563
2026-06-10 18:00:00,1,0.3397499232781084,0.6602500767218916,Hold,90.9,90.91,89.81,90.19,18628
2026-06-10 19:00:00,1,0.29467005224240145,0.7053299477575985,Hold,90.18,90.61,90.12,90.42,3679
2026-06-10 20:00:00,0,0.28289049408006695,0.717109505919933,Hold,90.4,91.87,90.27,91.85,6031
2026-06-10 22:00:00,0,0.2768294530591463,0.7231705469408537,Hold,92.25,93.36,91.9,93.35,5776
2026-06-10 23:00:00,0,0.2985183204364846,0.7014816795635155,Hold,93.35,93.64,92.45,92.47,7801
2026-06-11 00:00:00,0,0.32887699479423665,0.6711230052057633,Hold,92.53,92.75,91.91,92.35,5415
2026-06-11 01:00:00,0,0.36403144180376434,0.6359685581962357,Hold,92.36,92.38,91.2,91.65,5240
2026-06-11 02:00:00,0,0.36569000145835057,0.6343099985416494,Hold,91.64,91.99,91.44,91.57,1673
2026-06-11 03:00:00,0,0.37919365092093577,0.6208063490790643,Hold,91.56,92.11,91.54,91.81,1479
2026-06-11 04:00:00,0,0.4514181581146471,0.548581841885353,Hold,91.82,91.95,91.0,91.11,2349
2026-06-11 05:00:00,0,0.48421244447857853,0.5157875555214215,Hold,91.1,91.19,90.34,90.6,2762
2026-06-11 06:00:00,0,0.4982181673653173,0.5017818326346827,Hold,90.64,90.96,90.39,90.47,2569
2026-06-11 07:00:00,0,0.5720133290894661,0.4279866709105339,Buy,90.47,90.55,89.36,89.83,7074
2026-06-11 08:00:00,0,0.5987966864255753,0.40120331357442474,Buy,89.84,89.91,88.77,89.1,6825
2026-06-11 09:00:00,0,0.5908530768833661,0.4091469231166339,Buy,89.11,89.8,89.07,89.31,3999
2026-06-11 10:00:00,0,0.5881131001890748,0.4118868998109252,Buy,89.3,89.52,88.75,88.96,4614
2026-06-11 11:00:00,0,0.5764883676886703,0.4235116323113297,Buy,88.96,89.37,88.63,89.04,6449
2026-06-11 12:00:00,0,0.6009578821044419,0.3990421178955581,Buy,89.05,91.48,88.95,90.06,25863
2026-06-11 13:00:00,0,0.5667014227851899,0.43329857721481013,Buy,90.06,90.66,89.05,89.34,16520
2026-06-11 14:00:00,0,0.5228074032280332,0.4771925967719668,Buy,89.36,90.4,89.35,90.07,10122
2026-06-11 15:00:00,0,0.4968109495309648,0.5031890504690353,Hold,90.08,91.21,89.97,90.84,11534
2026-06-11 16:00:00,0,0.415887486564572,0.584112513435428,Hold,90.84,91.5,90.65,90.84,8563
2026-06-11 17:00:00,0,0.4250832019327269,0.5749167980672731,Hold,90.85,90.92,86.54,87.39,37260
2026-06-11 18:00:00,0,0.3508346374826476,0.6491653625173524,Hold,87.39,88.32,87.11,87.8,21737
2026-06-11 19:00:00,0,0.3412388918104058,0.6587611081895942,Hold,87.78,87.85,85.81,86.53,16802
2026-06-11 20:00:00,0,0.3016258185347465,0.6983741814652535,Hold,86.54,86.59,85.74,86.42,5047
2026-06-11 22:00:00,0,0.3114579452433021,0.6885420547566978,Hold,86.64,86.64,85.13,85.95,4027
2026-06-11 23:00:00,0,0.29731700636062874,0.7026829936393713,Hold,85.94,86.2,85.69,86.06,1588
2026-06-12 00:00:00,0,0.2470940210904515,0.7529059789095485,Hold,86.07,86.74,86.04,86.64,2310
2026-06-12 01:00:00,0,0.25919866732249597,0.740801332677504,Hold,86.63,86.92,86.56,86.81,2561
2026-06-12 02:00:00,0,0.27470439937906527,0.7252956006209348,Hold,86.8,86.9,86.5,86.74,1247
2026-06-12 03:00:00,0,0.31156379325959577,0.6884362067404042,Hold,86.73,86.98,86.21,86.26,1834
2026-06-12 04:00:00,0,0.3422142335407069,0.6577857664592931,Hold,86.25,86.36,86.07,86.08,1039
2026-06-12 05:00:00,0,0.36912469935481,0.6308753006451899,Hold,86.08,86.16,85.67,86.06,2005
2026-06-12 06:00:00,0,0.3946070706438593,0.6053929293561406,Hold,86.06,86.15,85.74,86.1,2292
2026-06-12 07:00:00,0,0.4746845118159756,0.5253154881840244,Hold,86.08,86.4,84.92,85.2,6453
2026-06-12 08:00:00,1,0.49645600698676423,0.5035439930132357,Hold,85.18,85.23,83.2,83.87,13958
2026-06-12 09:00:00,0,0.47261086081499204,0.527389139185008,Hold,83.88,84.22,83.47,84.16,5394
2026-06-12 10:00:00,0,0.48143029037545876,0.5185697096245412,Hold,84.16,85.28,84.01,84.7,8475
2026-06-12 11:00:00,0,0.4803714016167357,0.5196285983832643,Hold,84.69,85.2,84.04,84.9,6596
2026-06-12 12:00:00,0,0.47911723837780384,0.5208827616221962,Hold,84.88,85.7,84.72,85.09,8687
2026-06-12 13:00:00,0,0.4671233193530236,0.5328766806469765,Hold,85.09,87.04,84.96,87.02,18186
2026-06-12 14:00:00,0,0.4792614680977832,0.5207385319022169,Hold,87.03,87.23,84.74,84.96,20122
