DateTime,y_true,prob_Sell,prob_Hold,predicted,Open,High,Low,Close,Volume
2026-01-01 23:00:00,0,0.30397595592378696,0.6960240440762131,Hold,56.657833,56.815735,56.657833,56.726913,1045
2026-01-02 00:00:00,0,0.3427305220777393,0.6572694779222608,Hold,56.726913,56.726913,56.657833,56.6677,471
2026-01-02 01:00:00,0,0.365662773328545,0.634337226671455,Hold,56.6677,56.815735,56.657833,56.77626,1598
2026-01-02 02:00:00,0,0.37113784597875,0.62886215402125,Hold,56.77626,56.88482,56.76639,56.855213,1104
2026-01-02 03:00:00,1,0.4164449147161806,0.5835550852838194,Hold,56.855213,56.97364,56.845345,56.96377,964
2026-01-02 04:00:00,0,0.4718390574859333,0.5281609425140668,Hold,56.96377,57.022984,56.88482,56.914425,1099
2026-01-02 05:00:00,1,0.5030886386473323,0.49691136135266767,Sell,56.924294,56.993378,56.924294,56.993378,522
2026-01-02 06:00:00,1,0.5280356923930482,0.47196430760695185,Sell,56.993378,57.131542,56.97364,57.092068,1453
2026-01-02 07:00:00,1,0.5433443343126818,0.4566556656873182,Sell,57.092068,57.17102,56.934162,57.052593,2228
2026-01-02 08:00:00,0,0.5779478815759916,0.42205211842400836,Sell,57.04272,57.16115,56.559143,56.56901,7080
2026-01-02 09:00:00,0,0.5741971225122695,0.4258028774877305,Sell,56.56901,56.598618,56.263073,56.460453,7167
2026-01-02 10:00:00,1,0.5963131578648445,0.4036868421351555,Sell,56.47032,56.805866,56.47032,56.647964,5009
2026-01-02 11:00:00,0,0.5630104376874798,0.4369895623125202,Sell,56.647964,56.726913,56.3815,56.529537,3441
2026-01-02 12:00:00,0,0.5694798445591454,0.43052015544085465,Sell,56.529537,56.56901,56.154514,56.17425,4973
2026-01-02 13:00:00,0,0.5307453005203264,0.4692546994796736,Sell,56.18412,56.302547,56.105167,56.11504,7928
2026-01-02 14:00:00,0,0.498900649190207,0.501099350809793,Hold,56.11504,56.2236,55.88805,55.947266,15998
2026-01-02 15:00:00,0,0.44666893254393686,0.5533310674560632,Hold,55.957134,56.243336,55.858444,56.02622,13907
2026-01-02 16:00:00,0,0.40571873878143555,0.5942812612185644,Hold,56.02622,56.18412,55.87818,56.02622,10223
2026-01-02 17:00:00,0,0.38092437912155475,0.6190756208784453,Hold,56.02622,56.440716,56.00648,56.253204,10011
2026-01-02 18:00:00,0,0.3370832814561797,0.6629167185438203,Hold,56.253204,56.47032,56.18412,56.430847,7146
2026-01-02 19:00:00,0,0.31298414022062704,0.687015859779373,Hold,56.430847,56.68744,56.420975,56.49006,14234
2026-01-02 20:00:00,0,0.29912588033197596,0.700874119668024,Hold,56.49006,56.56901,56.47032,56.539406,2859
2026-01-02 21:00:00,0,0.29148414091368613,0.7085158590863139,Hold,56.539406,56.598618,56.529537,56.57888,1356
2026-01-04 23:00:00,0,0.24689013607234328,0.7531098639276568,Hold,56.717045,56.746655,55.81897,56.56901,9953
2026-01-05 00:00:00,0,0.23629929173221073,0.7637007082677892,Hold,56.56901,56.707176,56.559143,56.628223,2649
2026-01-05 01:00:00,0,0.28335275384121184,0.7166472461587882,Hold,56.628223,56.97364,56.499928,56.529537,6500
2026-01-05 02:00:00,1,0.26722043667858325,0.7327795633214167,Hold,56.519665,56.638096,56.499928,56.519665,1768
2026-01-05 03:00:00,0,0.3521898519003855,0.6478101480996146,Hold,56.519665,56.529537,56.27294,56.312416,2115
2026-01-05 04:00:00,0,0.36361801053114934,0.6363819894688507,Hold,56.302547,56.3815,56.243336,56.27294,1505
2026-01-05 05:00:00,0,0.41577476455554846,0.5842252354444515,Hold,56.27294,56.351894,56.0953,56.144646,2387
2026-01-05 06:00:00,0,0.42242752061229266,0.5775724793877073,Hold,56.144646,56.27294,56.0953,56.134777,1963
2026-01-05 07:00:00,0,0.48704812695942,0.51295187304058,Hold,56.144646,56.233467,55.957134,56.01635,2924
2026-01-05 08:00:00,0,0.5211092554866454,0.47889074451335456,Sell,56.01635,56.164383,55.572243,55.858444,10513
2026-01-05 09:00:00,0,0.5249610494693198,0.47503895053068024,Sell,55.848576,56.697308,55.81897,56.657833,11048
2026-01-05 10:00:00,0,0.5284318790474386,0.4715681209525614,Sell,56.657833,56.68744,56.450584,56.628223,8222
2026-01-05 11:00:00,0,0.5166456415152046,0.48335435848479535,Sell,56.618355,56.993378,56.56901,56.88482,8626
2026-01-05 12:00:00,0,0.4911762383877661,0.508823761612234,Hold,56.88482,57.0822,56.707176,57.0822,6672
2026-01-05 13:00:00,0,0.4453459279390234,0.5546540720609766,Hold,57.0822,57.200626,56.993378,57.14141,10025
2026-01-05 14:00:00,0,0.41242575819448823,0.5875742418055118,Hold,57.131542,57.43748,57.022984,57.220364,20103
2026-01-05 15:00:00,0,0.35670023802389006,0.6432997619761099,Hold,57.230232,57.74342,56.76639,57.6546,27994
2026-01-05 16:00:00,0,0.32918990519546315,0.6708100948045368,Hold,57.64473,57.6546,57.131542,57.35853,18359
2026-01-05 17:00:00,0,0.294402472930872,0.7055975270691279,Hold,57.35853,57.565777,57.33879,57.54604,11617
2026-01-05 18:00:00,0,0.25210199394585175,0.7478980060541482,Hold,57.54604,57.6546,57.45722,57.516434,7626
2026-01-05 19:00:00,0,0.2344553288320744,0.7655446711679256,Hold,57.526302,57.63486,57.417744,57.53617,11617
2026-01-05 20:00:00,0,0.21506560798862315,0.7849343920113768,Hold,57.53617,57.64473,57.53617,57.57565,3447
2026-01-05 21:00:00,0,0.20779721847494628,0.7922027815250537,Hold,57.57565,57.64473,57.54604,57.585518,2603
2026-01-05 23:00:00,0,0.20851090416512907,0.7914890958348709,Hold,57.57565,57.615124,57.289448,57.45722,1667
2026-01-06 00:00:00,0,0.1993335850872899,0.8006664149127101,Hold,57.45722,57.54604,57.35853,57.506565,2109
2026-01-06 01:00:00,0,0.24260189650425212,0.7573981034957479,Hold,57.506565,57.516434,57.2401,57.24997,3422
2026-01-06 02:00:00,0,0.25081574431716314,0.7491842556828369,Hold,57.259842,57.328922,57.131542,57.230232,2082
2026-01-06 03:00:00,0,0.2872177972145044,0.7127822027854955,Hold,57.2401,57.398006,57.190758,57.35853,1148
2026-01-06 04:00:00,0,0.30906859304252315,0.6909314069574768,Hold,57.35853,57.398006,57.319054,57.34866,521
2026-01-06 05:00:00,0,0.3603871759865543,0.6396128240134458,Hold,57.34866,57.417744,57.309185,57.319054,1060
2026-01-06 06:00:00,0,0.4083314072722684,0.5916685927277316,Hold,57.309185,57.427612,57.26971,57.3684,1592
2026-01-06 07:00:00,0,0.4707136667121637,0.5292863332878364,Hold,57.3684,57.3684,57.121674,57.200626,3567
2026-01-06 08:00:00,0,0.5003627422809651,0.4996372577190349,Sell,57.190758,57.723682,57.0822,57.703945,7897
2026-01-06 09:00:00,0,0.5097774499198217,0.49022255008017834,Sell,57.713814,57.901325,57.526302,57.624992,10945
2026-01-06 10:00:00,0,0.5080107089190217,0.49198929108097833,Sell,57.63486,57.822372,57.605255,57.812504,4171
2026-01-06 11:00:00,1,0.511691371487376,0.488308628512624,Sell,57.812504,57.861847,57.6546,57.822372,5394
2026-01-06 12:00:00,0,0.5126465515804784,0.48735344841952155,Sell,57.83224,57.861847,57.615124,57.792767,5641
2026-01-06 13:00:00,1,0.4923969086493921,0.5076030913506079,Hold,57.792767,58.098705,57.74342,57.960537,13076
2026-01-06 14:00:00,1,0.4946303807342113,0.5053696192657887,Hold,57.970406,58.02962,57.328922,57.3684,21655
2026-01-06 15:00:00,1,0.41397693002658154,0.5860230699734185,Hold,57.3684,57.664467,56.97364,57.37827,31095
2026-01-06 16:00:00,1,0.3909375945527412,0.6090624054472589,Hold,57.37827,57.516434,57.18089,57.190758,11111
2026-01-06 17:00:00,1,0.38412692120863806,0.615873078791362,Hold,57.200626,57.220364,56.825603,56.86508,11623
2026-01-06 18:00:00,1,0.295340795032427,0.7046592049675731,Hold,56.87495,56.934162,56.598618,56.608486,10122
2026-01-06 19:00:00,1,0.2858537650320276,0.7141462349679724,Hold,56.618355,56.628223,56.17425,56.19399,23090
2026-01-06 20:00:00,1,0.25028893947295877,0.7497110605270412,Hold,56.19399,56.312416,56.0953,56.154514,5903
2026-01-06 21:00:00,1,0.27299880794687365,0.7270011920531263,Hold,56.164383,56.302547,56.134777,56.2236,2880
2026-01-06 23:00:00,0,0.29864908150103914,0.7013509184989608,Hold,56.253204,56.342026,55.63146,55.71041,4523
2026-01-07 00:00:00,0,0.2972348652123362,0.7027651347876638,Hold,55.72028,55.838707,55.02945,55.58211,13955
2026-01-07 01:00:00,0,0.32918047779725135,0.6708195222027487,Hold,55.58211,55.92753,55.562374,55.63146,11412
2026-01-07 02:00:00,0,0.32243381427444706,0.6775661857255529,Hold,55.63146,55.72028,55.5229,55.69067,2870
2026-01-07 03:00:00,0,0.38697396914299265,0.6130260308570074,Hold,55.700542,55.73015,55.5229,55.58211,2490
2026-01-07 04:00:00,0,0.4181143366404798,0.5818856633595202,Hold,55.58211,55.661064,55.453815,55.5229,2646
2026-01-07 05:00:00,0,0.4744731171719431,0.5255268828280568,Hold,55.51303,55.5229,55.384735,55.5229,2042
2026-01-07 06:00:00,0,0.48274371462834087,0.5172562853716591,Hold,55.53277,55.6808,55.453815,55.493294,2699
2026-01-07 07:00:00,0,0.5441604531210396,0.45583954687896044,Sell,55.48342,55.651196,55.384735,55.591984,4691
2026-01-07 08:00:00,0,0.5596765117749757,0.4403234882250243,Sell,55.601852,55.858444,55.5229,55.799232,8714
2026-01-07 09:00:00,0,0.5335056055612049,0.46649439443879515,Sell,55.78936,55.91766,55.542637,55.601852,6877
2026-01-07 10:00:00,0,0.5511116827460876,0.44888831725391243,Sell,55.601852,56.144646,55.542637,56.12491,7394
2026-01-07 11:00:00,0,0.5341973922832413,0.46580260771675874,Sell,56.12491,56.243336,55.99661,56.0953,6429
2026-01-07 12:00:00,1,0.5287101633096624,0.47128983669033764,Sell,56.0953,56.342026,55.99661,56.29268,8165
2026-01-07 13:00:00,1,0.5132440018739909,0.4867559981260091,Sell,56.28281,56.420975,55.87818,56.243336,23666
2026-01-07 14:00:00,0,0.49992469269157824,0.5000753073084218,Hold,56.253204,56.332157,55.61172,55.769623,22385
2026-01-07 15:00:00,0,0.45480608752360274,0.5451939124763973,Hold,55.769623,55.90779,55.51303,55.700542,20081
2026-01-07 16:00:00,0,0.43930748082079546,0.5606925191792045,Hold,55.700542,55.81897,55.41434,55.41434,15163
2026-01-07 17:00:00,0,0.37857894447152685,0.6214210555284732,Hold,55.42421,55.463684,55.12814,55.13801,17012
2026-01-07 18:00:00,0,0.3463786676426525,0.6536213323573474,Hold,55.13801,55.286045,55.12814,55.246567,12038
2026-01-07 19:00:00,0,0.294807796551559,0.705192203448441,Hold,55.266304,55.58211,55.22683,55.503162,21150
2026-01-07 20:00:00,0,0.26350570717149724,0.7364942928285028,Hold,55.503162,55.572243,55.364994,55.552505,4844
2026-01-07 21:00:00,0,0.272539165674624,0.727460834325376,Hold,55.552505,55.661064,55.5229,55.661064,2408
2026-01-07 23:00:00,0,0.27353180019552886,0.7264681998044711,Hold,55.6808,55.71041,55.552505,55.562374,1280
2026-01-08 00:00:00,0,0.2840326123555782,0.7159673876444218,Hold,55.552505,55.61172,55.53277,55.552505,489
2026-01-08 01:00:00,0,0.3546105323905622,0.6453894676094378,Hold,55.562374,55.72028,55.53277,55.69067,2358
2026-01-08 02:00:00,0,0.3560015163262531,0.6439984836737469,Hold,55.69067,55.69067,55.42421,55.48342,2862
2026-01-08 03:00:00,0,0.3927183467400725,0.6072816532599274,Hold,55.48342,55.542637,55.404472,55.5229,1212
2026-01-08 04:00:00,0,0.4251235994673302,0.5748764005326699,Hold,55.5229,55.591984,55.48342,55.53277,887
2026-01-08 05:00:00,0,0.47021531832986185,0.5297846816701381,Hold,55.542637,55.591984,55.473553,55.5229,1210
2026-01-08 06:00:00,0,0.5098690150663739,0.49013098493362606,Sell,55.51303,55.53277,55.355125,55.5229,2236
2026-01-08 07:00:00,0,0.5693250421956356,0.4306749578043644,Sell,55.51303,55.552505,55.394604,55.43408,1564
2026-01-08 08:00:00,0,0.5930659761207201,0.4069340238792799,Sell,55.42421,55.463684,55.2367,55.453815,5433
2026-01-08 09:00:00,0,0.574530157115353,0.42546984288464695,Sell,55.443947,55.77949,55.32552,55.69067,5422
2026-01-08 10:00:00,0,0.5760411143665894,0.42395888563341055,Sell,55.6808,55.957134,55.651196,55.90779,5087
2026-01-08 11:00:00,0,0.5308171158291608,0.4691828841708392,Sell,55.89792,56.17425,55.838707,56.0953,6159
2026-01-08 12:00:00,0,0.5272788123985573,0.47272118760144266,Sell,56.0953,56.19399,56.045956,56.144646,6951
2026-01-08 13:00:00,0,0.48846445800723864,0.5115355419927614,Hold,56.144646,56.430847,56.02622,56.32229,13502
2026-01-08 14:00:00,0,0.47065159542495866,0.5293484045750414,Hold,56.32229,56.48019,56.164383,56.2236,20316
2026-01-08 15:00:00,0,0.4575927613861111,0.542407238613889,Hold,56.213726,56.302547,55.99661,56.11504,14481
2026-01-08 16:00:00,0,0.4033476157537022,0.5966523842462979,Hold,56.12491,56.411106,56.105167,56.32229,12743
2026-01-08 17:00:00,0,0.36631416601453604,0.633685833985464,Hold,56.312416,56.608486,56.29268,56.539406,11596
2026-01-08 18:00:00,0,0.31826524661364736,0.6817347533863527,Hold,56.529537,56.953903,56.499928,56.934162,14987
2026-01-08 19:00:00,0,0.2673825100848582,0.7326174899151419,Hold,56.944035,57.496696,56.78613,57.43748,33753
2026-01-08 20:00:00,0,0.2428431437251876,0.7571568562748124,Hold,57.43748,57.901325,57.43748,57.822372,12484
2026-01-08 21:00:00,0,0.24117863716899499,0.758821362831005,Hold,57.822372,57.970406,57.595387,57.63486,7029
2026-01-08 23:00:00,0,0.2311146801654151,0.7688853198345849,Hold,57.63486,57.684208,57.506565,57.516434,1882
2026-01-09 00:00:00,0,0.24400773368057868,0.7559922663194213,Hold,57.516434,57.53617,57.45722,57.45722,1483
2026-01-09 01:00:00,0,0.27568426067263047,0.7243157393273696,Hold,57.47696,57.486828,57.220364,57.33879,5344
2026-01-09 02:00:00,0,0.2804485961643793,0.7195514038356208,Hold,57.33879,57.427612,57.33879,57.388138,1687
2026-01-09 03:00:00,0,0.32088286488020734,0.6791171351197927,Hold,57.388138,57.388138,57.2401,57.34866,2005
2026-01-09 04:00:00,0,0.33676479619946215,0.6632352038005378,Hold,57.34866,57.44735,57.289448,57.427612,1353
2026-01-09 05:00:00,0,0.38570728063526505,0.614292719364735,Hold,57.417744,57.496696,57.33879,57.407875,1351
2026-01-09 06:00:00,0,0.4329248016458085,0.5670751983541915,Hold,57.398006,57.605255,57.388138,57.565777,2620
2026-01-09 07:00:00,0,0.4427020791301221,0.5572979208698778,Hold,57.57565,57.763157,57.506565,57.565777,3252
2026-01-09 08:00:00,0,0.4812877645003412,0.5187122354996587,Hold,57.565777,57.585518,57.388138,57.407875,6303
2026-01-09 09:00:00,0,0.5005107451277483,0.4994892548722517,Sell,57.417744,57.506565,56.855213,57.16115,10287
2026-01-09 10:00:00,0,0.5149567722072425,0.48504322779275755,Sell,57.16115,57.35853,57.101936,57.319054,5944
2026-01-09 11:00:00,0,0.508659196410009,0.491340803589991,Sell,57.33879,57.55591,57.33879,57.526302,4602
2026-01-09 12:00:00,0,0.5067185650906738,0.4932814349093262,Sell,57.516434,57.55591,57.3684,57.37827,4126
2026-01-09 13:00:00,0,0.508278336027713,0.491721663972287,Sell,57.37827,57.565777,57.2401,57.496696,8559
2026-01-09 14:00:00,0,0.46638608678757104,0.5336139132124289,Hold,57.506565,58.562546,57.417744,58.463856,34687
2026-01-09 15:00:00,0,0.42933318471233645,0.5706668152876635,Hold,58.453987,58.750057,58.177654,58.680973,20327
2026-01-09 16:00:00,0,0.35210686166354865,0.6478931383364513,Hold,58.671104,58.98691,58.53294,58.977043,24079
2026-01-09 17:00:00,0,0.3283218392375402,0.6716781607624598,Hold,58.977043,58.977043,58.483593,58.582283,19274
2026-01-09 18:00:00,0,0.31979406983950076,0.6802059301604992,Hold,58.59215,58.671104,58.32569,58.651367,11181
2026-01-09 19:00:00,0,0.30793919354719473,0.6920608064528053,Hold,58.651367,58.661236,58.207264,58.207264,22630
2026-01-09 20:00:00,0,0.2809795701073207,0.7190204298926792,Hold,58.207264,58.256607,57.980274,58.000015,7284
2026-01-09 21:00:00,0,0.2718135800000834,0.7281864199999166,Hold,58.000015,58.177654,57.9408,58.009884,4286
2026-01-11 23:00:00,0,0.26380298510150846,0.7361970148984915,Hold,58.227,59.016518,58.14805,58.81914,7967
2026-01-12 00:00:00,0,0.24640558669028512,0.7535944133097149,Hold,58.80927,58.80927,58.572414,58.671104,2887
2026-01-12 01:00:00,0,0.2920578381647374,0.7079421618352626,Hold,58.680973,58.70071,57.871716,58.019753,9560
2026-01-12 02:00:00,0,0.2739688672126714,0.7260311327873286,Hold,58.02962,58.42438,58.019753,58.384903,2647
2026-01-12 03:00:00,0,0.30913045465426003,0.69086954534574,Hold,58.384903,58.52307,58.355297,58.404644,1632
2026-01-12 04:00:00,0,0.34619714408908436,0.6538028559109157,Hold,58.404644,58.49346,58.365166,58.43425,691
2026-01-12 05:00:00,0,0.3955412484268761,0.6044587515731239,Hold,58.42438,58.53294,58.39477,58.513203,1004
2026-01-12 06:00:00,0,0.43798616928872447,0.5620138307112755,Hold,58.50333,58.53294,58.384903,58.453987,1114
2026-01-12 07:00:00,0,0.49577199475185985,0.5042280052481402,Hold,58.44412,58.463856,58.12831,58.177654,3446
2026-01-12 08:00:00,0,0.4953205009547521,0.5046794990452479,Hold,58.167786,58.355297,57.901325,58.167786,7354
2026-01-12 09:00:00,0,0.5242730485958395,0.47572695140416055,Sell,58.167786,58.207264,57.95067,58.098705,4264
2026-01-12 10:00:00,0,0.5329658629513397,0.46703413704866026,Sell,58.098705,58.23687,57.921062,58.03949,4319
2026-01-12 11:00:00,0,0.5410365173977877,0.4589634826022123,Sell,58.03949,58.04936,57.684208,57.83224,6440
2026-01-12 12:00:00,0,0.5041462568313604,0.4958537431686396,Sell,57.84211,58.266476,57.75329,58.24674,6232
2026-01-12 13:00:00,0,0.5016706004656455,0.4983293995343545,Sell,58.23687,58.305954,57.881588,58.000015,7649
2026-01-12 14:00:00,0,0.4763277421726203,0.5236722578273797,Hold,58.000015,58.24674,57.713814,57.95067,16544
2026-01-12 15:00:00,0,0.44417973974532976,0.5558202602546702,Hold,57.960537,58.43425,57.960537,58.32569,12621
2026-01-12 16:00:00,0,0.40294594200692274,0.5970540579930772,Hold,58.32569,58.651367,58.177654,58.266476,15817
2026-01-12 17:00:00,0,0.3758522176488224,0.6241477823511776,Hold,58.266476,58.53294,58.177654,58.49346,7524
2026-01-12 18:00:00,0,0.35177094694311367,0.6482290530568864,Hold,58.49346,58.50333,58.227,58.33556,8769
2026-01-12 19:00:00,0,0.33085220571079593,0.6691477942892041,Hold,58.32569,59.026386,58.29608,58.80927,23685
2026-01-12 20:00:00,0,0.3030681609616827,0.6969318390383172,Hold,58.81914,58.82901,58.562546,58.73032,4616
2026-01-12 21:00:00,0,0.2842120957737937,0.7157879042262063,Hold,58.73032,59.125076,58.671104,59.055996,5598
2026-01-12 23:00:00,0,0.26968441211712474,0.7303155878828753,Hold,59.164555,59.164555,58.89809,59.026386,1131
2026-01-13 00:00:00,0,0.2899666515492449,0.710033348450755,Hold,59.016518,59.046127,58.858616,58.89809,868
2026-01-13 01:00:00,0,0.32380388277506855,0.6761961172249314,Hold,58.917828,59.20403,58.858616,58.89809,3326
2026-01-13 02:00:00,0,0.3388861891592987,0.6611138108407013,Hold,58.90796,58.967175,58.69084,58.89809,2422
2026-01-13 03:00:00,0,0.3792573629114806,0.6207426370885194,Hold,58.90796,58.98691,58.868484,58.957306,1258
2026-01-13 04:00:00,0,0.4094221618564672,0.5905778381435328,Hold,58.957306,59.016518,58.88822,58.99678,589
2026-01-13 05:00:00,0,0.4743234392056563,0.5256765607943437,Hold,58.99678,59.046127,58.868484,58.99678,857
2026-01-13 06:00:00,0,0.5100111564589297,0.4899888435410703,Sell,58.98691,59.322456,58.947437,59.29285,1963
2026-01-13 07:00:00,0,0.5354045314339307,0.46459546856606926,Sell,59.29285,59.29285,59.046127,59.055996,2847
2026-01-13 08:00:00,0,0.5891352661957859,0.41086473380421407,Sell,59.046127,59.421146,58.957306,59.332325,6767
2026-01-13 09:00:00,0,0.6080698559193246,0.3919301440806754,Sell,59.332325,60.023155,59.332325,59.736954,12911
2026-01-13 10:00:00,0,0.5998538613596816,0.40014613864031845,Sell,59.727085,59.865253,59.361935,59.559315,8268
2026-01-13 11:00:00,0,0.6067734495666729,0.3932265504333271,Sell,59.559315,59.98368,59.450756,59.944202,5901
2026-01-13 12:00:00,0,0.592691513570011,0.40730848642998896,Sell,59.95407,59.96394,59.69748,59.934334,6907
2026-01-13 13:00:00,0,0.5756069585961359,0.42439304140386414,Sell,59.934334,59.99355,59.519836,59.628395,13605
2026-01-13 14:00:00,0,0.5591703186978221,0.4408296813021779,Sell,59.628395,60.625164,59.431015,60.200798,38857
2026-01-13 15:00:00,0,0.5040623721549248,0.4959376278450752,Sell,60.19093,60.615295,60.141582,60.54621,20135
2026-01-13 16:00:00,0,0.4642773477935891,0.5357226522064109,Hold,60.536343,60.694244,60.39818,60.55608,18033
2026-01-13 17:00:00,0,0.42937597128324395,0.5706240287167561,Hold,60.54621,60.54621,59.924465,59.98368,14162
2026-01-13 18:00:00,0,0.38693260583640093,0.6130673941635991,Hold,59.98368,60.625164,59.973812,60.487,21701
2026-01-13 19:00:00,0,0.3520851890778581,0.647914810922142,Hold,60.487,60.506737,59.638264,60.230404,29506
2026-01-13 20:00:00,0,0.31312362720305914,0.6868763727969409,Hold,60.230404,60.34883,60.131714,60.240273,3328
2026-01-13 21:00:00,0,0.32221674357480545,0.6777832564251945,Hold,60.240273,60.39818,60.17119,60.299488,3075
2026-01-13 23:00:00,0,0.3141281751871428,0.6858718248128572,Hold,60.319225,60.39818,60.26988,60.34883,523
2026-01-14 00:00:00,0,0.3056950228197322,0.6943049771802678,Hold,60.34883,60.34883,60.25014,60.27975,663
2026-01-14 01:00:00,0,0.33579878685272857,0.6642012131472714,Hold,60.28962,60.299488,60.06263,60.220535,2384
2026-01-14 02:00:00,0,0.33338181867476085,0.6666181813252392,Hold,60.220535,60.27975,60.121845,60.121845,1324
2026-01-14 03:00:00,0,0.3825726371221746,0.6174273628778254,Hold,60.121845,60.210667,60.003418,60.17119,1601
2026-01-14 04:00:00,0,0.4247234827068074,0.5752765172931926,Hold,60.17119,60.240273,60.111977,60.16132,877
2026-01-14 05:00:00,0,0.48229510849281915,0.5177048915071809,Hold,60.16132,60.18106,60.033024,60.072502,1073
2026-01-14 06:00:00,0,0.5138682235879505,0.4861317764120495,Sell,60.08237,60.200798,59.845512,59.88499,1682
2026-01-14 07:00:00,0,0.5242632109168666,0.47573678908313344,Sell,59.904728,60.033024,59.825775,59.904728,2657
2026-01-14 08:00:00,0,0.545890310092369,0.454109689907631,Sell,59.904728,60.013287,59.677742,59.85538,5904
2026-01-14 09:00:00,0,0.5700369765226437,0.42996302347735627,Sell,59.85538,60.210667,59.59879,60.200798,7668
2026-01-14 10:00:00,0,0.5914025454661103,0.40859745453388974,Sell,60.19093,61.197563,60.16132,61.187695,14630
2026-01-14 11:00:00,0,0.5732388933094553,0.4267611066905447,Sell,61.187695,61.286385,60.911366,61.000183,7996
2026-01-14 12:00:00,0,0.5813305445622792,0.4186694554377208,Sell,61.010056,61.118614,60.6449,61.069267,9259
2026-01-14 13:00:00,0,0.5643813100210536,0.43561868997894637,Sell,61.079136,61.286385,60.704117,60.812675,15066
2026-01-14 14:00:00,0,0.4973938927630699,0.5026061072369301,Hold,60.832413,61.029793,60.74359,60.901493,12121
2026-01-14 15:00:00,0,0.4864823078169334,0.5135176921830666,Hold,60.901493,61.03966,60.427784,60.86202,21660
2026-01-14 16:00:00,0,0.4401396890475997,0.5598603109524003,Hold,60.871887,61.010056,60.56595,60.921234,14667
2026-01-14 17:00:00,0,0.399500159617191,0.600499840382809,Hold,60.911366,61.23704,60.792934,60.980446,13068
2026-01-14 18:00:00,0,0.3599986230764627,0.6400013769235373,Hold,60.980446,61.0594,60.802807,61.019924,10101
2026-01-14 19:00:00,1,0.32031770483254374,0.6796822951674563,Hold,61.010056,61.53311,60.970577,61.493633,20887
2026-01-14 20:00:00,0,0.3289032443370796,0.6710967556629204,Hold,61.493633,61.54298,58.414513,59.470493,56536
2026-01-14 21:00:00,0,0.3061023448380755,0.6938976551619245,Hold,59.460625,61.03966,59.243507,60.25014,8221
2026-01-14 23:00:00,0,0.31131691398160183,0.6886830860183981,Hold,60.26001,60.338963,59.717216,59.95407,2249
2026-01-15 00:00:00,0,0.3281337571048855,0.6718662428951145,Hold,59.89486,60.240273,59.865253,60.200798,512
2026-01-15 01:00:00,0,0.3753826117603428,0.6246173882396572,Hold,60.210667,60.210667,59.28298,59.529705,2058
2026-01-15 02:00:00,0,0.3862052999237373,0.6137947000762627,Hold,59.519836,59.559315,59.273113,59.361935,413
2026-01-15 03:00:00,0,0.4098664620476409,0.5901335379523591,Hold,59.361935,59.5001,59.10534,59.263245,512
2026-01-15 04:00:00,0,0.45224856619229614,0.5477514338077039,Hold,59.29285,59.30272,59.164555,59.243507,251
2026-01-15 05:00:00,0,0.48453434855972205,0.515465651440278,Hold,59.233635,59.263245,59.055996,59.19416,465
2026-01-15 06:00:00,0,0.48714908417049263,0.5128509158295074,Hold,59.154686,59.509968,59.154686,59.411278,829
2026-01-15 07:00:00,0,0.522242994808063,0.477757005191937,Sell,59.352066,59.411278,59.03626,59.233635,814
2026-01-15 08:00:00,0,0.519763049819956,0.480236950180044,Sell,59.20403,59.480362,59.065865,59.39154,1990
2026-01-15 09:00:00,0,0.5796399856848493,0.4203600143151507,Sell,59.40141,59.460625,58.562546,58.572414,2316
2026-01-15 10:00:00,0,0.561987565503813,0.438012434496187,Sell,58.60202,58.9277,58.355297,58.7994,3359
2026-01-15 11:00:00,0,0.5405241227446111,0.45947587725538885,Sell,58.83888,59.253376,58.7994,59.19416,2045
2026-01-15 12:00:00,0,0.5878736248774353,0.41212637512256467,Sell,59.213898,59.253376,58.562546,58.6415,2374
2026-01-15 13:00:00,0,0.5462384213076203,0.45376157869237965,Sell,58.63163,58.661236,58.365166,58.513203,2524
2026-01-15 14:00:00,0,0.516925303346092,0.483074696653908,Sell,58.52307,58.779663,58.108574,58.52307,4823
2026-01-15 15:00:00,0,0.49706842934815454,0.5029315706518455,Hold,58.54281,58.651367,58.227,58.562546,2932
2026-01-15 16:00:00,0,0.49627981706172003,0.50372018293828,Hold,58.562546,58.651367,58.197395,58.23687,2477
2026-01-15 17:00:00,0,0.480642997947525,0.5193570020524749,Hold,58.23687,58.33556,58.167786,58.305954,1961
2026-01-15 18:00:00,0,0.41954294591042657,0.5804570540895735,Hold,58.315823,58.71058,58.266476,58.404644,3274
2026-01-15 19:00:00,0,0.4117926467055455,0.5882073532944545,Hold,58.384903,58.453987,58.256607,58.276344,3964
2026-01-15 20:00:00,0,0.40695149018122134,0.5930485098187787,Hold,58.266476,58.32569,58.14805,58.227,658
2026-01-15 21:00:00,0,0.35325595011862904,0.646744049881371,Hold,58.207264,58.54281,58.187523,58.50333,687
2026-01-15 23:00:00,0,0.3703064706012554,0.6296935293987447,Hold,58.483593,58.53294,58.33556,58.414513,360
2026-01-16 00:00:00,0,0.3805132842364651,0.6194867157635349,Hold,58.414513,58.592545,58.414513,58.454075,1117
2026-01-16 01:00:00,0,0.39093887515578246,0.6090611248442175,Hold,58.473854,58.65189,58.444183,58.483746,2664
2026-01-16 02:00:00,0,0.4103981950924155,0.5896018049075845,Hold,58.483746,58.523308,58.276043,58.374947,2063
2026-01-16 03:00:00,0,0.4484994869096795,0.5515005130903206,Hold,58.36506,58.444183,58.25626,58.315605,1425
2026-01-16 04:00:00,0,0.49104069437414083,0.5089593056258592,Hold,58.315605,58.374947,58.26615,58.335384,813
2026-01-16 05:00:00,0,0.5507964968758503,0.4492035031241497,Sell,58.325497,58.36506,58.22659,58.24637,1060
2026-01-16 06:00:00,0,0.5543464027490395,0.44565359725096054,Sell,58.24637,58.414513,58.167244,58.40462,1921
2026-01-16 07:00:00,0,0.5768172813181687,0.4231827186818313,Sell,58.39473,58.71123,58.38484,58.552982,5047
2026-01-16 08:00:00,0,0.5758489384331476,0.42415106156685245,Sell,58.552982,58.8497,58.345276,58.79036,7314
2026-01-16 09:00:00,0,0.5798213298643682,0.4201786701356318,Sell,58.79036,59.156315,58.67167,58.918938,9189
2026-01-16 10:00:00,0,0.5899827714632616,0.4100172285367384,Sell,58.92883,59.225548,58.889267,59.195877,5852
2026-01-16 11:00:00,0,0.576381287629072,0.42361871237092796,Sell,59.185986,59.24533,59.037624,59.176094,5158
2026-01-16 12:00:00,0,0.5679256787751891,0.43207432122481093,Sell,59.185986,59.393692,59.047516,59.0673,7918
2026-01-16 13:00:00,0,0.5254565764637777,0.47454342353622225,Sell,59.0673,59.275,58.96839,59.225548,9358
2026-01-16 14:00:00,0,0.5574148888774754,0.44258511112252463,Sell,59.225548,59.314564,58.750793,58.800247,22018
2026-01-16 15:00:00,0,0.4731325833379772,0.5268674166620229,Hold,58.800247,59.09697,58.701344,58.94861,13525
2026-01-16 16:00:00,1,0.4332902305863222,0.5667097694136778,Hold,58.94861,59.185986,58.869484,59.09697,10526
2026-01-16 17:00:00,0,0.41420767656517077,0.5857923234348292,Hold,59.09697,59.23544,58.780468,59.037624,14485
2026-01-16 18:00:00,1,0.38046557693694766,0.6195344230630524,Hold,59.047516,59.20577,58.889267,59.09697,8077
2026-01-16 19:00:00,0,0.38159177972633573,0.6184082202736643,Hold,59.10686,59.10686,58.57276,58.731014,20428
2026-01-16 20:00:00,0,0.3727135191709832,0.6272864808290168,Hold,58.731014,58.82003,58.632107,58.65189,3444
2026-01-16 21:00:00,0,0.3716627274406854,0.6283372725593146,Hold,58.642,58.71123,58.552982,58.57276,2728
2026-01-18 23:00:00,0,0.34252323815582153,0.6574767618441785,Hold,58.295822,58.54309,57.959538,58.325497,6453
2026-01-19 00:00:00,0,0.3229536503984902,0.6770463496015098,Hold,58.335384,58.68156,58.295822,58.602436,2146
2026-01-19 01:00:00,0,0.3559946477028941,0.6440053522971059,Hold,58.612324,58.760685,58.4244,58.721123,2542
2026-01-19 02:00:00,0,0.38334641777483064,0.6166535822251693,Hold,58.721123,58.780468,58.65189,58.750793,1817
2026-01-19 03:00:00,0,0.43647762408247676,0.5635223759175232,Hold,58.760685,58.82003,58.731014,58.800247,985
2026-01-19 04:00:00,0,0.5033376037752861,0.49666239622471386,Sell,58.81014,58.909046,58.661777,58.661777,1931
2026-01-19 05:00:00,0,0.5202817429384196,0.47971825706158044,Sell,58.661777,58.770576,58.54309,58.632107,1662
2026-01-19 06:00:00,0,0.5693672620244284,0.43063273797557156,Sell,58.632107,58.642,58.26615,58.315605,2979
2026-01-19 07:00:00,0,0.5683235471138187,0.4316764528861813,Sell,58.315605,58.523308,58.206806,58.335384,4031
2026-01-19 08:00:00,0,0.5896758106860327,0.4103241893139673,Sell,58.345276,58.463966,57.96943,58.26615,7590
2026-01-19 09:00:00,0,0.6066421574094684,0.39335784259053164,Sell,58.28593,58.295822,57.890305,57.96943,5754
2026-01-19 10:00:00,0,0.5755467691598923,0.42445323084010766,Sell,57.96943,58.39473,57.959538,58.305714,4376
2026-01-19 11:00:00,0,0.5835674228289006,0.4164325771710994,Sell,58.305714,58.4244,58.12768,58.345276,4948
2026-01-19 12:00:00,0,0.5817244455879946,0.41827555441200537,Sell,58.335384,58.39473,58.196915,58.374947,3252
2026-01-19 13:00:00,0,0.536749134699583,0.46325086530041704,Sell,58.374947,58.444183,58.28593,58.40462,3874
2026-01-19 14:00:00,0,0.4755406337479925,0.5244593662520075,Hold,58.40462,58.67167,58.335384,58.65189,5619
2026-01-19 15:00:00,0,0.4541297102576032,0.5458702897423968,Hold,58.661777,58.750793,58.51342,58.67167,5273
2026-01-19 16:00:00,0,0.409484048664386,0.590515951335614,Hold,58.68156,58.8497,58.582653,58.780468,6132
2026-01-19 17:00:00,0,0.42514754457604204,0.574852455423958,Hold,58.780468,58.8497,58.54309,58.592545,3418
2026-01-19 18:00:00,0,0.34569748003414924,0.6543025199658508,Hold,58.592545,58.81014,58.582653,58.71123,1809
2026-01-19 19:00:00,0,0.3337139704602442,0.6662860295397558,Hold,58.721123,58.800247,58.71123,58.780468,551
2026-01-19 23:00:00,0,0.3240650455215694,0.6759349544784305,Hold,58.79036,58.81014,58.65189,58.740906,744
2026-01-20 00:00:00,0,0.2856111058157287,0.7143888941842713,Hold,58.740906,58.918938,58.731014,58.800247,1076
2026-01-20 01:00:00,0,0.35284957210985757,0.6471504278901424,Hold,58.79036,58.839813,58.622215,58.622215,2056
2026-01-20 02:00:00,0,0.3611474119783114,0.6388525880216886,Hold,58.632107,58.731014,58.582653,58.691452,1437
2026-01-20 03:00:00,0,0.3676188860347666,0.6323811139652333,Hold,58.691452,58.770576,58.602436,58.760685,1065
2026-01-20 04:00:00,0,0.4377433467961797,0.5622566532038202,Hold,58.760685,58.859592,58.691452,58.701344,1028
2026-01-20 05:00:00,0,0.4796587221997794,0.5203412778002205,Hold,58.701344,58.750793,58.612324,58.67167,1170
2026-01-20 06:00:00,0,0.5066967252846257,0.4933032747153743,Sell,58.68156,58.800247,58.5332,58.71123,2017
2026-01-20 07:00:00,0,0.5796028290052297,0.42039717099477025,Sell,58.721123,58.938717,58.305714,58.36506,7270
2026-01-20 08:00:00,0,0.57106664690152,0.42893335309848,Sell,58.374947,58.40462,58.078228,58.39473,9995
2026-01-20 09:00:00,0,0.541819934078155,0.458180065921845,Sell,58.39473,58.889267,58.36506,58.8497,11207
2026-01-20 10:00:00,0,0.5475300238240158,0.45246997617598417,Sell,58.8497,59.047516,58.701344,58.978283,8121
2026-01-20 11:00:00,0,0.5296527750972386,0.4703472249027614,Sell,58.96839,59.0673,58.740906,59.047516,5126
2026-01-20 12:00:00,0,0.5428788671667005,0.45712113283329947,Sell,59.047516,59.324455,59.037624,59.24533,8473
2026-01-20 13:00:00,0,0.5081666613641174,0.49183333863588263,Sell,59.255222,59.265114,58.8497,58.92883,8526
2026-01-20 14:00:00,1,0.4294212041161765,0.5705787958838235,Hold,58.918938,59.848663,58.859592,59.749756,26779
2026-01-20 15:00:00,0,0.4163749191168432,0.5836250808831568,Hold,59.739864,59.848663,59.324455,59.393692,19137
2026-01-20 16:00:00,0,0.3331131152686754,0.6668868847313246,Hold,59.3838,59.69041,59.35413,59.66074,14547
2026-01-20 17:00:00,0,0.3224816599126131,0.677518340087387,Hold,59.65085,59.77943,59.571724,59.729977,8158
2026-01-20 18:00:00,0,0.3026217478109368,0.6973782521890632,Hold,59.739864,59.818993,59.52227,59.601395,10081
2026-01-20 19:00:00,0,0.32711229397375396,0.672887706026246,Hold,59.601395,59.749756,59.23544,59.284893,31529
2026-01-20 20:00:00,0,0.3629274814271622,0.6370725185728379,Hold,59.275,59.35413,58.68156,58.82992,16888
2026-01-20 21:00:00,0,0.33691800131362115,0.6630819986863788,Hold,58.82003,58.938717,58.71123,58.869484,3637
2026-01-20 23:00:00,0,0.3270833376543651,0.6729166623456349,Hold,58.918938,59.185986,58.81014,58.978283,2152
2026-01-21 00:00:00,0,0.3334214793207566,0.6665785206792434,Hold,58.978283,59.057407,58.81014,59.017845,1794
2026-01-21 01:00:00,0,0.36272488005599185,0.6372751199440081,Hold,59.007954,59.12664,58.81014,59.09697,2537
2026-01-21 02:00:00,0,0.3665051847739,0.6334948152261,Hold,59.09697,59.23544,59.007954,59.116753,2241
2026-01-21 03:00:00,0,0.4221326587185426,0.5778673412814574,Hold,59.116753,59.225548,59.07719,59.07719,1793
2026-01-21 04:00:00,0,0.4733779599346153,0.5266220400653847,Hold,59.07719,59.146423,59.037624,59.0673,935
2026-01-21 05:00:00,0,0.5296178947798106,0.4703821052201894,Sell,59.07719,59.255222,59.057407,59.166206,2220
2026-01-21 06:00:00,0,0.5437246668792807,0.45627533312071933,Sell,59.166206,59.275,59.017845,59.195877,2037
2026-01-21 07:00:00,0,0.6191418686983535,0.3808581313016465,Sell,59.20577,59.20577,58.81014,58.92883,6264
2026-01-21 08:00:00,0,0.625877324039861,0.37412267596013904,Sell,58.92883,59.10686,58.642,58.661777,10211
2026-01-21 09:00:00,0,0.5853857513953594,0.4146142486046406,Sell,58.661777,59.225548,58.57276,59.21566,12186
2026-01-21 10:00:00,0,0.5843560885192702,0.41564391148072977,Sell,59.21566,59.393692,59.047516,59.255222,9369
2026-01-21 11:00:00,0,0.5540580906186355,0.44594190938136447,Sell,59.255222,59.93768,59.24533,59.720085,16077
2026-01-21 12:00:00,0,0.5423245223401446,0.4576754776598554,Sell,59.720085,59.93768,59.680523,59.83877,8144
2026-01-21 13:00:00,0,0.5533315560548737,0.4466684439451263,Sell,59.848663,60.22451,59.65085,59.67063,15946
2026-01-21 14:00:00,0,0.5196278887455412,0.4803721112544588,Sell,59.66074,59.83877,59.472816,59.67063,20409
2026-01-21 15:00:00,0,0.44943232048240755,0.5505676795175924,Hold,59.67063,59.878334,59.41347,59.83877,19920
2026-01-21 16:00:00,0,0.39922839929885484,0.6007716007011452,Hold,59.83877,59.97724,59.621178,59.789318,15595
2026-01-21 17:00:00,0,0.3791512981118198,0.6208487018881802,Hold,59.77943,59.848663,59.591507,59.729977,8618
2026-01-21 18:00:00,0,0.35036422550795654,0.6496357744920435,Hold,59.729977,60.125603,59.710194,60.016804,13003
2026-01-21 19:00:00,0,0.31881035483468556,0.6811896451653144,Hold,60.016804,60.036587,59.759647,59.987133,14660
2026-01-21 20:00:00,0,0.3065299808290092,0.6934700191709908,Hold,59.987133,60.05637,59.878334,60.006916,3874
2026-01-21 21:00:00,0,0.3129653973331823,0.6870346026668177,Hold,60.006916,60.08604,59.957462,60.006916,2489
2026-01-21 23:00:00,0,0.3221482044993066,0.6778517955006934,Hold,60.016804,60.026695,59.759647,59.848663,1166
2026-01-22 00:00:00,0,0.3225817292675358,0.6774182707324642,Hold,59.83877,59.9179,59.79921,59.858555,885
2026-01-22 01:00:00,0,0.3597359819428229,0.640264018057177,Hold,59.858555,60.11571,59.818993,60.04648,2916
2026-01-22 02:00:00,0,0.3556918778685644,0.6443081221314356,Hold,60.036587,60.105824,59.9179,60.07615,1606
2026-01-22 03:00:00,0,0.378824175904253,0.621175824095747,Hold,60.07615,60.155277,60.04648,60.105824,1325
2026-01-22 04:00:00,1,0.4136482730035315,0.5863517269964684,Hold,60.105824,60.145386,60.066257,60.105824,712
2026-01-22 05:00:00,1,0.49413332888349126,0.5058666711165087,Hold,60.095932,60.135494,60.006916,60.05637,1107
2026-01-22 06:00:00,1,0.5424035994652331,0.4575964005347669,Sell,60.04648,60.04648,59.858555,59.967354,1787
2026-01-22 07:00:00,1,0.5877885187416173,0.4122114812583827,Sell,59.97724,59.987133,59.700302,59.77943,4051
2026-01-22 08:00:00,1,0.596767535885493,0.40323246411450697,Sell,59.77943,59.927788,59.640957,59.710194,7501
2026-01-22 09:00:00,0,0.6333876588068745,0.36661234119312547,Sell,59.720085,59.729977,59.34424,59.403584,9411
2026-01-22 10:00:00,0,0.6420026310576877,0.35799736894231227,Sell,59.403584,59.482708,59.10686,59.195877,12295
2026-01-22 11:00:00,0,0.6119839033289256,0.3880160966710744,Sell,59.195877,59.255222,58.82992,59.08708,13171
2026-01-22 12:00:00,0,0.6470783522022978,0.3529216477977022,Sell,59.08708,59.13653,58.79036,58.79036,7247
2026-01-22 13:00:00,0,0.573770929131344,0.426229070868656,Sell,58.800247,59.12664,58.661777,59.047516,12924
2026-01-22 14:00:00,0,0.5164844554104613,0.4835155445895387,Sell,59.037624,59.34424,58.770576,59.10686,30783
2026-01-22 15:00:00,0,0.5009769508288845,0.4990230491711155,Sell,59.10686,59.195877,58.780468,59.0673,19228
2026-01-22 16:00:00,0,0.4798123826031934,0.5201876173968065,Hold,59.07719,59.304676,58.721123,58.82992,16481
2026-01-22 17:00:00,0,0.5059172353151946,0.4940827646848054,Sell,58.82992,58.82992,58.315605,58.50353,19055
2026-01-22 18:00:00,0,0.4288555772449683,0.5711444227550317,Hold,58.493637,58.661777,58.40462,58.612324,11217
2026-01-22 19:00:00,0,0.3860028359077405,0.6139971640922595,Hold,58.622215,58.740906,58.5332,58.691452,14218
2026-01-22 20:00:00,0,0.36522875163991125,0.6347712483600887,Hold,58.68156,58.770576,58.65189,58.760685,3743
2026-01-22 21:00:00,0,0.363383310909376,0.636616689090624,Hold,58.760685,59.037624,58.740906,59.017845,3157
2026-01-22 23:00:00,0,0.35974254084261986,0.6402574591573802,Hold,59.007954,59.09697,58.869484,58.938717,1423
2026-01-23 00:00:00,0,0.3467260893571399,0.6532739106428601,Hold,58.94861,59.057407,58.92883,59.027737,684
2026-01-23 01:00:00,0,0.36651994885049854,0.6334800511495015,Hold,59.017845,59.156315,58.92883,59.116753,2771
2026-01-23 02:00:00,0,0.369728300725699,0.6302716992743009,Hold,59.116753,59.23544,59.007954,59.195877,2134
2026-01-23 03:00:00,0,0.4205660639502754,0.5794339360497246,Hold,59.195877,59.284893,59.146423,59.176094,2344
2026-01-23 04:00:00,0,0.46441703099152054,0.5355829690084795,Hold,59.176094,59.265114,59.146423,59.23544,713
2026-01-23 05:00:00,0,0.5164967398610432,0.48350326013895684,Sell,59.23544,59.275,59.08708,59.156315,1404
2026-01-23 06:00:00,0,0.5239705690285039,0.4760294309714961,Sell,59.166206,59.334347,59.09697,59.314564,1871
2026-01-23 07:00:00,0,0.6086775615983641,0.39132243840163594,Sell,59.294785,59.304676,58.938717,59.017845,3185
2026-01-23 08:00:00,0,0.5938837880026998,0.4061162119973002,Sell,59.007954,59.453033,58.998062,59.24533,7598
2026-01-23 09:00:00,0,0.5872044235347094,0.41279557646529064,Sell,59.255222,59.41347,59.20577,59.334347,5838
2026-01-23 10:00:00,0,0.5565791154525882,0.4434208845474118,Sell,59.34424,59.680523,59.324455,59.581615,6832
2026-01-23 11:00:00,0,0.5294492465586973,0.4705507534413027,Sell,59.581615,59.76954,59.52227,59.700302,5314
2026-01-23 12:00:00,0,0.5322459195188881,0.4677540804811119,Sell,59.710194,59.878334,59.680523,59.77943,6219
2026-01-23 13:00:00,0,0.4848262151639188,0.5151737848360812,Hold,59.77943,60.39265,59.69041,60.35309,17416
2026-01-23 14:00:00,0,0.4528848585900194,0.5471151414099806,Hold,60.3432,60.590466,60.184948,60.48167,26947
2026-01-23 15:00:00,0,0.4646209969080774,0.5353790030919225,Hold,60.491558,60.521233,60.105824,60.11571,17424
2026-01-23 16:00:00,0,0.38568184906660286,0.6143181509333971,Hold,60.11571,60.521233,60.036587,60.442104,13805
2026-01-23 17:00:00,0,0.35055444820328935,0.6494455517967106,Hold,60.442104,60.560795,60.145386,60.50145,12981
2026-01-23 18:00:00,0,0.32105414990034803,0.6789458500996519,Hold,60.491558,60.580574,60.293747,60.412434,11116
2026-01-23 19:00:00,0,0.3049239509022164,0.6950760490977836,Hold,60.422325,60.590466,60.313526,60.412434,19541
2026-01-23 20:00:00,0,0.2892580129764945,0.7107419870235054,Hold,60.422325,60.550903,60.39265,60.491558,4815
2026-01-23 21:00:00,0,0.2918105596319416,0.7081894403680584,Hold,60.491558,60.689373,60.491558,60.61025,5303
2026-01-25 23:00:00,0,0.301099708824058,0.698900291175942,Hold,60.550903,60.630028,59.93768,60.37287,6650
2026-01-26 00:00:00,0,0.27951703844629366,0.7204829615537063,Hold,60.36298,60.48167,60.21462,60.432217,3223
2026-01-26 01:00:00,0,0.290097474941595,0.709902525058405,Hold,60.432217,60.62014,60.323418,60.451996,4256
2026-01-26 02:00:00,0,0.3140307597329557,0.6859692402670443,Hold,60.442104,60.48167,60.303635,60.313526,1740
2026-01-26 03:00:00,0,0.33788074277023566,0.6621192572297643,Hold,60.303635,60.432217,60.264072,60.432217,1096
2026-01-26 04:00:00,0,0.37812841390456386,0.6218715860954361,Hold,60.432217,60.531124,60.402542,60.521233,899
2026-01-26 05:00:00,0,0.41244821092851497,0.587551789071485,Hold,60.521233,60.62014,60.35309,60.560795,1685
2026-01-26 06:00:00,0,0.4764538943241883,0.5235461056758117,Hold,60.550903,61.03555,60.50145,60.877296,6778
2026-01-26 07:00:00,0,0.5069919168991315,0.4930080831008685,Sell,60.867405,60.877296,60.264072,60.283855,7643
2026-01-26 08:00:00,0,0.5181059149804307,0.4818940850195693,Sell,60.283855,60.560795,60.11571,60.550903,11631
2026-01-26 09:00:00,0,0.5385998555175333,0.4614001444824667,Sell,60.560795,60.659702,60.145386,60.442104,7990
2026-01-26 10:00:00,0,0.521403889180932,0.47859611081906805,Sell,60.432217,60.580574,60.283855,60.570686,4384
2026-01-26 11:00:00,0,0.5316981126806523,0.46830188731934774,Sell,60.570686,60.728935,60.39265,60.491558,5517
2026-01-26 12:00:00,0,0.5652757523799739,0.43472424762002615,Sell,60.491558,60.54101,60.19484,60.22451,6944
2026-01-26 13:00:00,0,0.5509309487801423,0.44906905121985774,Sell,60.2344,60.3432,59.898117,60.125603,12283
2026-01-26 14:00:00,0,0.5291486733591096,0.47085132664089036,Sell,60.125603,60.273964,59.83877,59.868446,20922
2026-01-26 15:00:00,0,0.4441957696198259,0.5558042303801741,Hold,59.868446,60.33331,59.759647,59.93768,15918
2026-01-26 16:00:00,0,0.4012708753811393,0.5987291246188606,Hold,59.93768,60.244293,59.76954,60.175056,12593
2026-01-26 17:00:00,0,0.3750816566531367,0.6249183433468632,Hold,60.175056,60.36298,60.066257,60.293747,7832
2026-01-26 18:00:00,0,0.35384149324478026,0.6461585067552198,Hold,60.293747,60.303635,59.878334,59.957462,10923
2026-01-26 19:00:00,0,0.31985765595459936,0.6801423440454006,Hold,59.957462,60.036587,59.82888,59.957462,11504
2026-01-26 20:00:00,0,0.30849413426130784,0.6915058657386921,Hold,59.957462,60.175056,59.66074,60.105824,11890
2026-01-26 21:00:00,0,0.30495173139086124,0.6950482686091388,Hold,60.11571,60.2344,59.97724,60.165165,2983
2026-01-26 23:00:00,0,0.28980870194400915,0.7101912980559908,Hold,60.11571,60.204727,60.08604,60.145386,531
2026-01-27 00:00:00,0,0.3012093056806773,0.6987906943193227,Hold,60.155277,60.184948,60.105824,60.145386,556
2026-01-27 01:00:00,0,0.3735300595292864,0.6264699404707136,Hold,60.135494,60.19484,59.542053,59.591507,4626
2026-01-27 02:00:00,0,0.3355264386352852,0.6644735613647148,Hold,59.591507,59.720085,59.561832,59.66074,2075
2026-01-27 03:00:00,0,0.4109859906095547,0.5890140093904452,Hold,59.65085,59.65085,59.561832,59.591507,1559
2026-01-27 04:00:00,0,0.4375454493029623,0.5624545506970378,Hold,59.591507,59.66074,59.561832,59.571724,888
2026-01-27 05:00:00,0,0.4743330025343839,0.5256669974656161,Hold,59.561832,59.789318,59.51238,59.749756,1640
2026-01-27 06:00:00,0,0.49756918589415583,0.5024308141058442,Hold,59.759647,59.878334,59.69041,59.858555,1666
2026-01-27 07:00:00,0,0.5536353633501413,0.4463646366498587,Sell,59.858555,59.878334,59.63107,59.720085,2559
2026-01-27 08:00:00,0,0.555381725371232,0.444618274628768,Sell,59.729977,59.82888,59.482708,59.76954,6304
2026-01-27 09:00:00,0,0.5560137086099264,0.4439862913900736,Sell,59.76954,60.036587,59.63107,59.97724,5885
2026-01-27 10:00:00,0,0.5331925179145653,0.46680748208543466,Sell,59.987133,60.36298,59.957462,60.273964,8548
2026-01-27 11:00:00,0,0.566902387263413,0.433097612736587,Sell,60.264072,60.313526,59.90801,59.94757,5573
2026-01-27 12:00:00,0,0.5412913677557892,0.45870863224421077,Sell,59.94757,60.05637,59.77943,59.987133,5851
2026-01-27 13:00:00,0,0.5369501029051718,0.46304989709482824,Sell,59.987133,61.18391,59.94757,61.104782,26994
2026-01-27 14:00:00,0,0.500469462765075,0.499530537234925,Sell,61.104782,61.134457,60.273964,60.61025,30433
2026-01-27 15:00:00,0,0.42844618647575483,0.5715538135242452,Hold,60.61025,61.03555,60.432217,61.015766,17411
2026-01-27 16:00:00,0,0.39961720139241075,0.6003827986075893,Hold,61.025658,61.302597,60.946533,61.223473,19807
2026-01-27 17:00:00,0,0.37687726089670903,0.623122739103291,Hold,61.21358,61.510303,61.18391,61.401505,18002
2026-01-27 18:00:00,0,0.34352416965198707,0.6564758303480129,Hold,61.401505,61.559757,61.24325,61.272926,13579
2026-01-27 19:00:00,0,0.3142552491644916,0.6857447508355083,Hold,61.282818,61.896038,61.263035,61.510303,26255
2026-01-27 20:00:00,0,0.30037889596351636,0.6996211040364837,Hold,61.52019,61.94549,61.500412,61.87626,7168
2026-01-27 21:00:00,0,0.3090603427560328,0.6909396572439672,Hold,61.87626,61.896038,61.688335,61.88615,3946
2026-01-27 23:00:00,0,0.30376538167935213,0.6962346183206478,Hold,61.896038,61.985058,61.77735,61.856476,1467
2026-01-28 00:00:00,0,0.2931468579434071,0.7068531420565929,Hold,61.856476,61.965275,61.787243,61.84659,1578
2026-01-28 01:00:00,0,0.32010904518442845,0.6798909548155716,Hold,61.836697,61.955383,61.658665,61.76746,3773
2026-01-28 02:00:00,0,0.3282504344206133,0.6717495655793867,Hold,61.76746,62.0444,61.708115,61.955383,2521
2026-01-28 03:00:00,0,0.37146353863024956,0.6285364613697504,Hold,61.955383,62.17298,61.94549,62.01473,3453
2026-01-28 04:00:00,0,0.41950802109755764,0.5804919789024423,Hold,62.02462,62.16309,61.994946,62.133415,2469
2026-01-28 05:00:00,0,0.4713138103669545,0.5286861896330455,Hold,62.133415,62.19276,62.074074,62.18287,1374
2026-01-28 06:00:00,0,0.5412695049099183,0.4587304950900817,Sell,62.18287,62.31145,62.0444,62.08396,3476
2026-01-28 07:00:00,0,0.5466437115463973,0.45335628845360265,Sell,62.08396,62.093853,61.718006,61.816914,5971
2026-01-28 08:00:00,0,0.5600363514044011,0.4399636485955989,Sell,61.816914,62.113636,61.727898,62.02462,8722
2026-01-28 09:00:00,0,0.5297829025648912,0.47021709743510876,Sell,62.02462,62.03451,61.391613,61.49052,10509
2026-01-28 10:00:00,0,0.5131398551231681,0.48686014487683194,Sell,61.48063,61.60921,61.421288,61.46085,5397
2026-01-28 11:00:00,0,0.5342111981546335,0.46578880184536653,Sell,61.45096,61.91582,61.431175,61.88615,5607
2026-01-28 12:00:00,0,0.5860110888469133,0.41398891115308667,Sell,61.896038,62.47959,61.718006,62.123528,21957
2026-01-28 13:00:00,0,0.5806377560417564,0.4193622439582436,Sell,62.123528,62.697186,62.074074,62.657623,19212
2026-01-28 14:00:00,0,0.543718394704318,0.45628160529568196,Sell,62.657623,62.825768,62.18287,62.489483,37839
2026-01-28 15:00:00,0,0.4896254471810349,0.5103745528189652,Hold,62.489483,62.568607,61.955383,62.271885,21688
2026-01-28 16:00:00,0,0.4421228803422528,0.5578771196577472,Hold,62.281776,62.400467,62.004837,62.05429,13471
2026-01-28 17:00:00,0,0.38175662159447565,0.6182433784055243,Hold,62.0444,62.242214,61.856476,62.05429,10969
2026-01-28 18:00:00,0,0.3720522014974697,0.6279477985025304,Hold,62.0444,62.489483,62.01473,62.410355,8620
2026-01-28 19:00:00,0,0.35546018109769983,0.6445398189023002,Hold,62.420246,62.598278,62.351013,62.538937,14608
2026-01-28 20:00:00,0,0.3262894698807296,0.6737105301192704,Hold,62.529045,62.776314,62.529045,62.687298,5072
2026-01-28 21:00:00,0,0.32065271678178037,0.6793472832182197,Hold,62.677406,62.87522,62.627953,62.805984,4149
2026-01-28 23:00:00,0,0.3230829645108413,0.6769170354891587,Hold,62.805984,63.132378,62.58839,62.687298,5233
2026-01-29 00:00:00,0,0.29899739644797174,0.7010026035520283,Hold,62.697186,62.974125,62.61806,62.845547,2293
2026-01-29 01:00:00,0,0.34497950203875355,0.6550204979612464,Hold,62.835655,63.132378,62.73675,63.122486,4724
2026-01-29 02:00:00,0,0.3543035662502752,0.6456964337497249,Hold,63.122486,63.359863,62.944454,63.3203,4236
2026-01-29 03:00:00,0,0.39191519362927835,0.6080848063707216,Hold,63.330193,63.399426,63.221394,63.369755,2797
2026-01-29 04:00:00,0,0.45162926243252527,0.5483707375674747,Hold,63.369755,63.67637,63.34997,63.617023,3830
2026-01-29 05:00:00,0,0.48792711255421706,0.5120728874457829,Hold,63.617023,63.617023,63.3203,63.4291,2819
2026-01-29 06:00:00,0,0.5280009148166435,0.47199908518335654,Sell,63.4291,63.775272,63.3203,63.488445,4251
2026-01-29 07:00:00,0,0.5479897454546299,0.45201025454537014,Sell,63.488445,63.696148,63.330193,63.379646,5117
2026-01-29 08:00:00,0,0.5959440903627514,0.4040559096372486,Sell,63.379646,63.963196,63.34997,63.913742,9979
2026-01-29 09:00:00,0,0.5970705783677748,0.4029294216322252,Sell,63.923634,64.37861,63.656586,64.14123,12702
2026-01-29 10:00:00,0,0.6087745099674816,0.3912254900325184,Sell,64.14123,64.16101,63.617023,64.022545,11023
2026-01-29 11:00:00,0,0.6019726935787971,0.3980273064212029,Sell,64.01265,64.210464,63.666477,64.022545,7811
2026-01-29 12:00:00,0,0.595679599981578,0.40432040001842195,Sell,64.01265,64.1709,63.88407,63.98298,8499
2026-01-29 13:00:00,0,0.591181261907881,0.408818738092119,Sell,63.98298,64.912704,63.913742,64.73467,24956
2026-01-29 14:00:00,0,0.5542060146358408,0.44579398536415915,Sell,64.74456,65.75342,64.68522,65.40724,55777
2026-01-29 15:00:00,0,0.49252282178355067,0.5074771782164493,Hold,65.40724,65.46658,63.933525,64.71489,64690
2026-01-29 16:00:00,0,0.43828722374882295,0.5617127762511771,Hold,64.71489,65.031395,64.1709,64.52697,32500
2026-01-29 17:00:00,0,0.4199077249593355,0.5800922750406645,Hold,64.53686,64.96216,64.358826,64.78413,25965
2026-01-29 18:00:00,0,0.3853586490407812,0.6146413509592188,Hold,64.77424,64.873146,64.19068,64.40828,19307
2026-01-29 19:00:00,0,0.35206014204103386,0.6479398579589661,Hold,64.41817,64.873146,64.358826,64.665436,23224
2026-01-29 20:00:00,1,0.3394753556822909,0.6605246443177091,Hold,64.65555,65.20943,64.635765,64.76434,10229
2026-01-29 21:00:00,1,0.34516252003924486,0.6548374799607551,Hold,64.754456,64.80391,64.50719,64.794014,4432
2026-01-29 23:00:00,1,0.32722165452061613,0.6727783454793839,Hold,64.80391,65.150085,64.665436,64.873146,2088
2026-01-30 00:00:00,0,0.3779762200606304,0.6220237799393695,Hold,64.86325,64.98194,63.399426,64.64565,8266
2026-01-30 01:00:00,0,0.38902298881948966,0.6109770111805104,Hold,64.64565,64.85336,63.973087,64.0621,8534
2026-01-30 02:00:00,0,0.3876163906939801,0.61238360930602,Hold,64.08189,64.12145,62.944454,63.7456,13295
2026-01-30 03:00:00,0,0.41225623795497757,0.5877437620450224,Hold,63.755493,63.775272,63.409317,63.537895,3334
2026-01-30 04:00:00,0,0.45038033292410207,0.5496196670758979,Hold,63.537895,63.73571,63.528008,63.626915,2779
2026-01-30 05:00:00,0,0.47874398231081117,0.5212560176891888,Hold,63.617023,64.03243,63.537895,63.775272,4724
2026-01-30 06:00:00,0,0.50685433775162,0.49314566224837997,Sell,63.765385,63.785164,63.28074,63.3203,3720
2026-01-30 07:00:00,0,0.5091422569346771,0.4908577430653229,Sell,63.340084,63.686256,63.31041,63.45877,5052
2026-01-30 08:00:00,0,0.5330927912452015,0.4669072087547985,Sell,63.44888,63.99287,63.389538,63.804947,10814
2026-01-30 09:00:00,0,0.5370933288698533,0.4629066711301467,Sell,63.795055,64.3885,63.775272,63.973087,10969
2026-01-30 10:00:00,0,0.5375071425118146,0.46249285748818536,Sell,63.973087,64.1709,63.518116,63.923634,9596
2026-01-30 11:00:00,0,0.544679143893294,0.45532085610670603,Sell,63.923634,64.358826,63.59724,64.30937,17171
2026-01-30 12:00:00,0,0.5442489118069592,0.4557510881930408,Sell,64.30937,64.64565,64.16101,64.52697,9346
2026-01-30 13:00:00,0,0.5406693869080109,0.4593306130919891,Sell,64.53686,64.724785,64.20058,64.5962,13813
2026-01-30 14:00:00,0,0.4934301717390851,0.5065698282609149,Hold,64.58631,65.19954,64.56653,64.972046,28247
2026-01-30 15:00:00,0,0.46500359829806387,0.5349964017019362,Hold,64.972046,65.07095,64.57642,64.89292,18231
2026-01-30 16:00:00,1,0.42462711645799506,0.5753728835420049,Hold,64.90282,65.38746,64.73467,64.972046,23211
2026-01-30 17:00:00,0,0.41259759614010577,0.5874024038598942,Hold,64.972046,65.12041,63.636803,63.824726,42667
2026-01-30 18:00:00,0,0.3697010380155324,0.6302989619844677,Hold,63.824726,64.072,63.478554,63.98298,22587
2026-01-30 19:00:00,1,0.37677552132751885,0.6232244786724812,Hold,63.99287,64.96216,63.963196,64.85336,24953
2026-01-30 20:00:00,1,0.3499256893594859,0.650074310640514,Hold,64.85336,65.19954,64.83358,65.05118,9516
2026-01-30 21:00:00,1,0.32204365229268334,0.6779563477073167,Hold,65.05118,65.150085,64.972046,65.0215,3424
2026-02-01 23:00:00,0,0.3363252523580315,0.6636747476419684,Hold,64.01265,64.03243,62.281776,62.5785,15988
2026-02-02 00:00:00,0,0.2875761276925788,0.7124238723074212,Hold,62.58839,63.102707,62.568607,63.0038,3896
2026-02-02 01:00:00,0,0.32792342001565167,0.6720765799843483,Hold,63.01369,63.02358,61.925713,62.34112,16601
2026-02-02 02:00:00,0,0.3382259029975071,0.6617740970024929,Hold,62.34112,62.430138,61.63888,61.75757,5886
2026-02-02 03:00:00,0,0.36815425292243725,0.6318457470775627,Hold,61.74768,61.965275,61.59932,61.60921,5741
2026-02-02 04:00:00,0,0.4101492580706826,0.5898507419293174,Hold,61.6191,61.648773,61.431175,61.500412,4009
2026-02-02 05:00:00,0,0.4183236815691293,0.5816763184308706,Hold,61.500412,61.52019,60.75861,60.92675,10513
2026-02-02 06:00:00,0,0.41816332134963957,0.5818366786503604,Hold,60.92675,61.193798,60.78828,60.995987,6468
2026-02-02 07:00:00,0,0.4598851532200043,0.5401148467799957,Hold,60.986095,61.569645,60.986095,61.233364,10300
2026-02-02 08:00:00,0,0.45795932835792297,0.542040671642077,Hold,61.24325,61.688335,60.986095,60.986095,13012
2026-02-02 09:00:00,0,0.5004594758477731,0.49954052415222694,Sell,60.995987,61.45096,60.719048,61.431175,13501
2026-02-02 10:00:00,0,0.5168229776182048,0.48317702238179516,Sell,61.421288,61.59932,61.07511,61.233364,9181
2026-02-02 11:00:00,0,0.5110307107825062,0.48896928921749383,Sell,61.223473,61.34216,60.93664,61.18391,6360
2026-02-02 12:00:00,0,0.5304458582360997,0.4695541417639003,Sell,61.18391,61.6191,61.18391,61.441067,8630
2026-02-02 13:00:00,0,0.5388720183045674,0.46112798169543256,Sell,61.441067,61.441067,60.90697,61.431175,16490
2026-02-02 14:00:00,0,0.5051897990351109,0.49481020096488915,Sell,61.441067,61.87626,61.31249,61.38172,26074
2026-02-02 15:00:00,0,0.46844595800390454,0.5315540419960955,Hold,61.38172,61.88615,61.114674,61.272926,33652
2026-02-02 16:00:00,0,0.42978122809226205,0.570218771907738,Hold,61.263035,61.530083,61.07511,61.292706,20719
2026-02-02 17:00:00,0,0.42289010915801745,0.5771098908419825,Hold,61.282818,61.302597,60.986095,61.094894,11029
2026-02-02 18:00:00,0,0.3630288008024056,0.6369711991975944,Hold,61.085003,61.401505,60.867405,61.05533,10378
2026-02-02 19:00:00,0,0.37633332159927524,0.6236666784007248,Hold,61.04544,61.539974,60.90697,61.371834,18595
2026-02-02 20:00:00,0,0.3635292742077654,0.6364707257922346,Hold,61.38172,61.6191,61.35205,61.569645,4239
2026-02-02 21:00:00,0,0.37091702057088594,0.6290829794291141,Hold,61.569645,61.688335,61.48063,61.648773,2106
2026-02-02 23:00:00,0,0.3795388981746259,0.6204611018253741,Hold,61.59932,61.60921,61.114674,61.263035,2283
2026-02-03 00:00:00,0,0.30657834396106776,0.6934216560389322,Hold,61.263035,61.371834,61.21358,61.302597,1098
2026-02-03 01:00:00,0,0.36763646990601895,0.632363530093981,Hold,61.32238,61.77735,61.302597,61.668552,4038
2026-02-03 02:00:00,0,0.38663395932079214,0.6133660406792079,Hold,61.668552,61.698227,60.877296,61.085003,5078
2026-02-03 03:00:00,0,0.42189751104388257,0.5781024889561175,Hold,61.06522,61.32238,60.93664,61.253143,2398
2026-02-03 04:00:00,0,0.43719175680138456,0.5628082431986154,Hold,61.253143,61.34216,61.144344,61.233364,1247
2026-02-03 05:00:00,0,0.515843444512714,0.484156555487286,Sell,61.24325,61.292706,61.124565,61.193798,1467
2026-02-03 06:00:00,0,0.5380641700783838,0.4619358299216162,Sell,61.193798,61.24325,61.07511,61.164127,1634
2026-02-03 07:00:00,0,0.5751292963213789,0.4248707036786211,Sell,61.144344,61.38172,61.04544,61.233364,3626
2026-02-03 08:00:00,0,0.5834068439641905,0.4165931560358095,Sell,61.24325,61.48063,60.669594,60.946533,10387
2026-02-03 09:00:00,0,0.5778802441115457,0.4221197558884543,Sell,60.946533,61.193798,60.451996,61.05533,11355
2026-02-03 10:00:00,0,0.5650689342665033,0.4349310657334967,Sell,61.06522,61.658665,61.06522,61.539974,7796
2026-02-03 11:00:00,0,0.5579103860187952,0.44208961398120483,Sell,61.539974,61.718006,61.421288,61.668552,6298
2026-02-03 12:00:00,0,0.5464786342326632,0.4535213657673368,Sell,61.668552,61.90593,61.530083,61.87626,7837
2026-02-03 13:00:00,0,0.513361486170222,0.48663851382977796,Sell,61.87626,62.02462,61.668552,61.91582,10576
2026-02-03 14:00:00,0,0.4768790083002791,0.5231209916997209,Hold,61.91582,62.44003,61.708115,62.05429,24517
2026-02-03 15:00:00,0,0.45361579123042356,0.5463842087695765,Hold,62.0444,62.281776,61.836697,62.05429,16430
2026-02-03 16:00:00,0,0.3896293218648375,0.6103706781351625,Hold,62.05429,62.31145,61.836697,61.985058,22939
2026-02-03 17:00:00,0,0.3848089424220109,0.6151910575779891,Hold,61.985058,63.04336,61.836697,62.44992,48073
2026-02-03 18:00:00,0,0.33075066332008507,0.6692493366799149,Hold,62.44992,62.667515,61.91582,62.400467,19374
2026-02-03 19:00:00,0,0.30927837933632435,0.6907216206636757,Hold,62.400467,62.87522,62.01473,62.7862,20202
2026-02-03 20:00:00,0,0.2887841306836447,0.7112158693163553,Hold,62.776314,63.508224,62.766422,63.379646,10572
2026-02-03 21:00:00,0,0.2997390815527628,0.7002609184472373,Hold,63.389538,63.44888,62.845547,63.201614,6413
2026-02-03 23:00:00,0,0.2937657015592675,0.7062342984407325,Hold,63.102707,63.14227,62.934563,63.063145,1314
2026-02-04 00:00:00,0,0.2721055250014777,0.7278944749985223,Hold,63.053253,63.201614,63.02358,63.063145,1014
2026-02-04 01:00:00,0,0.3031739658105088,0.6968260341894912,Hold,63.073032,63.468662,62.776314,63.34997,4702
2026-02-04 02:00:00,0,0.3306562907837263,0.6693437092162737,Hold,63.34997,63.43899,62.845547,62.964237,3441
2026-02-04 03:00:00,0,0.3533057825591716,0.6466942174408283,Hold,62.964237,63.18183,62.88511,63.14227,1982
2026-02-04 04:00:00,0,0.3823258743888425,0.6176741256111575,Hold,63.14227,63.201614,63.073032,63.14227,890
2026-02-04 05:00:00,0,0.4434164411663025,0.5565835588336975,Hold,63.14227,63.16205,63.04336,63.053253,1214
2026-02-04 06:00:00,0,0.4712677487979225,0.5287322512020776,Hold,63.053253,63.132378,62.934563,63.03347,1496
2026-02-04 07:00:00,0,0.5402132342129243,0.45978676578707567,Sell,63.04336,63.1126,62.568607,62.667515,4878
2026-02-04 08:00:00,0,0.5268032419428373,0.47319675805716266,Sell,62.667515,63.0038,62.261997,62.47959,8853
2026-02-04 09:00:00,0,0.5470907563886751,0.4529092436113249,Sell,62.47959,63.082924,62.390575,63.04336,7624
2026-02-04 10:00:00,0,0.5689405294451433,0.4310594705548567,Sell,63.03347,63.092815,62.74664,62.835655,4665
2026-02-04 11:00:00,0,0.5632036557901646,0.4367963442098354,Sell,62.835655,62.835655,62.568607,62.61806,4390
2026-02-04 12:00:00,0,0.5545740427613401,0.44542595723865985,Sell,62.60817,62.914783,62.538937,62.707077,5190
2026-02-04 13:00:00,0,0.5723900001415834,0.42760999985841663,Sell,62.707077,62.796093,62.17298,62.202652,11088
2026-02-04 14:00:00,0,0.5275318488322236,0.4724681511677764,Sell,62.212543,62.805984,62.17298,62.5785,18877
2026-02-04 15:00:00,0,0.4881359391897377,0.5118640608102623,Hold,62.558716,62.944454,62.34112,62.61806,19844
2026-02-04 16:00:00,0,0.44596138709584243,0.5540386129041576,Hold,62.627953,62.87522,62.291668,62.845547,14034
2026-02-04 17:00:00,0,0.37812109972633823,0.6218789002736618,Hold,62.835655,64.8138,62.796093,64.41817,63284
2026-02-04 18:00:00,0,0.3093060169187336,0.6906939830812664,Hold,64.42806,64.67533,63.933525,64.34894,29415
2026-02-04 19:00:00,0,0.3167556168288599,0.6832443831711401,Hold,64.329155,64.74456,62.934563,63.528008,48367
2026-02-04 20:00:00,0,0.2800946033811086,0.7199053966188914,Hold,63.537895,63.923634,63.468662,63.607132,6573
2026-02-04 21:00:00,0,0.27471811294155213,0.7252818870584479,Hold,63.617023,63.84451,63.55768,63.765385,2439
2026-02-04 23:00:00,0,0.28913429962577386,0.7108657003742261,Hold,63.785164,63.943417,63.31041,63.71593,2152
2026-02-05 00:00:00,0,0.29285703515762557,0.7071429648423744,Hold,63.70604,63.923634,63.636803,63.686256,1599
2026-02-05 01:00:00,0,0.3580717886053222,0.6419282113946778,Hold,63.686256,63.81484,63.379646,63.379646,5089
2026-02-05 02:00:00,0,0.3894789157031388,0.6105210842968611,Hold,63.389538,63.4291,62.895,62.993908,7465
2026-02-05 03:00:00,0,0.42012966734261714,0.5798703326573829,Hold,63.0038,63.29063,62.7862,63.14227,3779
2026-02-05 04:00:00,0,0.4700517130190839,0.5299482869809161,Hold,63.14227,63.191723,62.974125,63.082924,1519
2026-02-05 05:00:00,0,0.47130400734882516,0.5286959926511748,Hold,63.063145,63.18183,62.904892,63.0038,2136
2026-02-05 06:00:00,0,0.5025435696108631,0.4974564303891369,Sell,63.0038,63.260956,62.993908,63.16205,1492
2026-02-05 07:00:00,0,0.5182888337166132,0.48171116628338684,Sell,63.18183,63.41921,63.102707,63.330193,3859
2026-02-05 08:00:00,0,0.5304094864167346,0.4695905135832654,Sell,63.330193,63.547787,63.25107,63.41921,5406
2026-02-05 09:00:00,1,0.5309807467696829,0.4690192532303171,Sell,63.41921,63.70604,63.260956,63.488445,6403
2026-02-05 10:00:00,0,0.5575980165629997,0.4424019834370003,Sell,63.478554,63.71593,63.41921,63.44888,4930
2026-02-05 11:00:00,1,0.5482947405894888,0.4517052594105112,Sell,63.43899,63.84451,63.369755,63.84451,7326
2026-02-05 12:00:00,0,0.5883227948401891,0.4116772051598109,Sell,63.8544,63.963196,62.88511,63.122486,13258
2026-02-05 13:00:00,0,0.5804002442357067,0.4195997557642933,Sell,63.1126,63.31041,62.538937,62.657623,16501
2026-02-05 14:00:00,0,0.5074658316793101,0.49253416832068986,Sell,62.667515,62.984016,62.33123,62.86533,26614
2026-02-05 15:00:00,0,0.4988168655559272,0.5011831344440728,Hold,62.85544,62.895,61.965275,62.33123,23228
2026-02-05 16:00:00,0,0.43257868110932124,0.5674213188906787,Hold,62.34112,62.895,62.074074,62.88511,20449
2026-02-05 17:00:00,0,0.41196348062301325,0.5880365193769868,Hold,62.895,63.17194,62.687298,62.904892,11735
2026-02-05 18:00:00,0,0.3504349791403673,0.6495650208596326,Hold,62.895,62.993908,62.60817,62.687298,9613
2026-02-05 19:00:00,0,0.32279788921608643,0.6772021107839136,Hold,62.687298,62.7862,62.242214,62.499374,19610
2026-02-05 20:00:00,0,0.3121078409131485,0.6878921590868514,Hold,62.499374,62.75653,62.4697,62.58839,3757
2026-02-05 21:00:00,0,0.3133681472344757,0.6866318527655243,Hold,62.5785,62.61806,62.32134,62.430138,2936
2026-02-05 23:00:00,0,0.32024267129686895,0.6797573287031311,Hold,62.410355,62.44992,62.004837,62.133415,1557
2026-02-06 00:00:00,0,0.3504823943273211,0.6495176056726789,Hold,62.123528,62.31145,61.62899,62.212543,4624
2026-02-06 01:00:00,0,0.3979270226404521,0.6020729773595479,Hold,62.232323,62.430138,61.925713,62.351013,5134
2026-02-06 02:00:00,0,0.38601013349195,0.61398986650805,Hold,62.360905,63.15216,62.32134,62.657623,7475
2026-02-06 03:00:00,0,0.3917573780773625,0.6082426219226376,Hold,62.637844,62.924675,62.627953,62.914783,1672
2026-02-06 04:00:00,0,0.42323829232499843,0.5767617076750016,Hold,62.904892,63.03347,62.895,62.944454,1292
2026-02-06 05:00:00,0,0.46731315968031995,0.53268684031968,Hold,62.954346,63.56757,62.914783,63.389538,4564
2026-02-06 06:00:00,0,0.46079814774087535,0.5392018522591246,Hold,63.399426,63.646694,63.28074,63.389538,4107
2026-02-06 07:00:00,1,0.5085374526043549,0.4914625473956451,Sell,63.379646,63.56757,63.3203,63.478554,3874
2026-02-06 08:00:00,0,0.5489410610705969,0.4510589389294031,Sell,63.488445,63.498333,62.954346,63.379646,10792
2026-02-06 09:00:00,1,0.5611070059333166,0.43889299406668336,Sell,63.389538,63.87418,63.201614,63.488445,21487
2026-02-06 10:00:00,0,0.6096834063429106,0.3903165936570894,Sell,63.478554,63.488445,62.5785,62.707077,9842
2026-02-06 11:00:00,0,0.5909807856746354,0.4090192143253646,Sell,62.71697,62.944454,62.123528,62.529045,13515
2026-02-06 12:00:00,0,0.5842648015354567,0.4157351984645433,Sell,62.529045,62.538937,61.975166,62.33123,10969
2026-02-06 13:00:00,0,0.5530125839262804,0.4469874160737196,Sell,62.32134,62.924675,61.52019,61.708115,31654
2026-02-06 14:00:00,0,0.5326915040539941,0.4673084959460059,Sell,61.688335,62.954346,61.579536,62.835655,30046
2026-02-06 15:00:00,0,0.4597996096645454,0.5402003903354546,Hold,62.845547,63.478554,62.776314,63.330193,29286
2026-02-06 16:00:00,0,0.4383570475373948,0.5616429524626052,Hold,63.330193,63.547787,63.102707,63.45877,13947
2026-02-06 17:00:00,0,0.4005586059317086,0.5994413940682914,Hold,63.45877,63.686256,63.389538,63.58735,11771
2026-02-06 18:00:00,0,0.35782676394695295,0.642173236053047,Hold,63.59724,63.666477,63.132378,63.28074,15775
2026-02-06 19:00:00,0,0.3701235490530841,0.6298764509469159,Hold,63.29063,63.29063,62.687298,62.71697,21425
2026-02-06 20:00:00,0,0.35201954180167755,0.6479804581983224,Hold,62.71697,62.805984,62.5785,62.776314,5501
2026-02-06 21:00:00,0,0.3589652843269562,0.6410347156730438,Hold,62.7862,62.85544,62.64773,62.805984,3165
2026-02-08 23:00:00,0,0.32718424630566395,0.672815753694336,Hold,62.30156,62.489483,61.935604,62.261997,5933
2026-02-09 00:00:00,0,0.29517787650855154,0.7048221234914485,Hold,62.261997,62.47959,62.18287,62.420246,1278
2026-02-09 01:00:00,0,0.32503465557093314,0.6749653444290669,Hold,62.420246,62.598278,62.360905,62.529045,2094
2026-02-09 02:00:00,0,0.33898346937826057,0.6610165306217395,Hold,62.529045,62.60817,62.16309,62.271885,2520
2026-02-09 03:00:00,0,0.37727872296437115,0.6227212770356289,Hold,62.271885,62.370792,62.202652,62.291668,1367
2026-02-09 04:00:00,0,0.40916030516961227,0.5908396948303878,Hold,62.291668,62.33123,62.19276,62.261997,944
2026-02-09 05:00:00,0,0.44350847673852206,0.556491523261478,Hold,62.252106,62.32134,62.08396,62.212543,1534
2026-02-09 06:00:00,0,0.46457648609983004,0.53542351390017,Hold,62.19276,62.291668,62.113636,62.19276,1336
2026-02-09 07:00:00,0,0.4989490858775899,0.5010509141224101,Hold,62.18287,62.202652,61.994946,62.0444,3179
2026-02-09 08:00:00,0,0.5005962193635187,0.4994037806364813,Sell,62.05429,62.44003,62.0444,62.212543,5610
2026-02-09 09:00:00,0,0.5082517782588066,0.49174822174119337,Sell,62.222435,62.529045,62.064182,62.212543,6113
2026-02-09 10:00:00,0,0.545656998906734,0.454343001093266,Sell,62.212543,63.191723,62.16309,63.17194,9597
2026-02-09 11:00:00,0,0.5366505929171295,0.46334940708287053,Sell,63.16205,63.17194,62.815876,63.132378,5510
2026-02-09 12:00:00,0,0.5491396016248675,0.4508603983751325,Sell,63.14227,63.221394,62.984016,63.04336,3836
2026-02-09 13:00:00,0,0.5449226050345313,0.45507739496546873,Sell,63.04336,63.053253,62.499374,62.538937,8597
2026-02-09 14:00:00,0,0.5027781866134248,0.49722181338657523,Sell,62.529045,63.617023,62.370792,63.369755,22188
2026-02-09 15:00:00,0,0.45762504973542245,0.5423749502645776,Hold,63.359863,63.528008,63.25107,63.468662,12000
2026-02-09 16:00:00,0,0.41000640768572516,0.5899935923142748,Hold,63.468662,64.1709,63.359863,64.14123,16180
2026-02-09 17:00:00,0,0.3814288491414089,0.6185711508585912,Hold,64.14123,64.1709,63.84451,64.052216,9344
2026-02-09 18:00:00,0,0.3507473241838479,0.6492526758161521,Hold,64.072,64.072,63.686256,63.795055,8717
2026-02-09 19:00:00,0,0.33462515424626876,0.6653748457537312,Hold,63.785164,63.804947,63.498333,63.547787,14631
2026-02-09 20:00:00,0,0.3184450611109501,0.6815549388890498,Hold,63.55768,63.636803,63.508224,63.58735,2703
2026-02-09 21:00:00,0,0.33900496599434715,0.6609950340056528,Hold,63.59724,63.765385,63.59724,63.71593,1993
2026-02-09 23:00:00,0,0.32771858213994537,0.6722814178600547,Hold,63.73571,63.795055,63.607132,63.70604,876
2026-02-10 00:00:00,0,0.3178850007039076,0.6821149992960924,Hold,63.696148,63.696148,63.55768,63.607132,648
2026-02-10 01:00:00,0,0.36387615499490994,0.6361238450050901,Hold,63.607132,63.636803,63.17194,63.57746,3680
2026-02-10 02:00:00,0,0.3478116812422203,0.6521883187577797,Hold,63.58735,63.656586,63.498333,63.58735,1191
2026-02-10 03:00:00,0,0.4017415016917961,0.5982584983082039,Hold,63.58735,63.607132,63.379646,63.498333,2001
2026-02-10 04:00:00,0,0.43415581030261985,0.5658441896973802,Hold,63.488445,63.547787,63.44888,63.498333,935
2026-02-10 05:00:00,0,0.4867955653613226,0.5132044346386774,Hold,63.498333,63.56757,63.369755,63.389538,1660
2026-02-10 06:00:00,0,0.5371487038643031,0.46285129613569687,Sell,63.389538,63.72582,63.369755,63.656586,2566
2026-02-10 07:00:00,0,0.5554242834807828,0.44457571651921723,Sell,63.656586,63.72582,63.488445,63.617023,2719
2026-02-10 08:00:00,0,0.5673838058930372,0.43261619410696284,Sell,63.59724,63.923634,63.379646,63.903854,5963
2026-02-10 09:00:00,0,0.573457945373466,0.42654205462653405,Sell,63.903854,63.98298,63.41921,63.4291,5739
2026-02-10 10:00:00,0,0.6054445817304235,0.3945554182695765,Sell,63.43899,63.765385,63.3203,63.636803,5267
2026-02-10 11:00:00,0,0.5966697554426326,0.40333024455736743,Sell,63.636803,63.95331,63.58735,63.88407,4562
2026-02-10 12:00:00,0,0.5788968115160437,0.42110318848395634,Sell,63.88407,63.893963,63.547787,63.7456,4499
2026-02-10 13:00:00,0,0.5500217108986992,0.4499782891013008,Sell,63.7456,64.00276,63.666477,63.804947,6787
2026-02-10 14:00:00,0,0.5595209694927563,0.4404790305072437,Sell,63.804947,63.963196,63.4291,63.804947,16361
2026-02-10 15:00:00,0,0.5368685352269673,0.4631314647730327,Sell,63.824726,63.963196,63.41921,63.498333,14070
2026-02-10 16:00:00,0,0.47324043611692007,0.52675956388308,Hold,63.488445,63.498333,63.082924,63.28074,14018
2026-02-10 17:00:00,0,0.44545761583237525,0.5545423841676247,Hold,63.270847,63.58735,63.17194,63.369755,8394
2026-02-10 18:00:00,0,0.4190912810584116,0.5809087189415885,Hold,63.369755,63.379646,62.954346,63.14227,15806
2026-02-10 19:00:00,0,0.4000691470587229,0.5999308529412771,Hold,63.14227,63.498333,63.092815,63.43899,12866
2026-02-10 20:00:00,0,0.3444978735019348,0.6555021264980652,Hold,63.43899,63.7456,63.3203,63.59724,8920
2026-02-10 21:00:00,0,0.3563566917151676,0.6436433082848324,Hold,63.607132,63.617023,63.4291,63.498333,3256
2026-02-10 23:00:00,0,0.33045888546677393,0.6695411145332261,Hold,63.498333,63.636803,63.44888,63.607132,969
2026-02-11 00:00:00,0,0.34430442425865804,0.655695575741342,Hold,63.617023,63.636803,63.518116,63.537895,610
2026-02-11 01:00:00,0,0.3655755206215215,0.6344244793784786,Hold,63.547787,63.686256,63.468662,63.646694,1630
2026-02-11 02:00:00,0,0.3882805843492116,0.6117194156507884,Hold,63.646694,63.923634,63.626915,63.834618,2260
2026-02-11 03:00:00,0,0.4198919500622092,0.5801080499377909,Hold,63.834618,63.864292,63.7456,63.804947,1226
2026-02-11 04:00:00,0,0.4759255089489748,0.5240744910510252,Hold,63.804947,63.824726,63.70604,63.71593,718
2026-02-11 05:00:00,0,0.5189366558858362,0.48106334411416385,Sell,63.71593,63.73571,63.59724,63.646694,2032
2026-02-11 06:00:00,0,0.55208806373824,0.44791193626175996,Sell,63.656586,63.7456,63.636803,63.73571,1372
2026-02-11 07:00:00,0,0.584672593563744,0.415327406436256,Sell,63.7456,63.98298,63.67637,63.824726,3468
2026-02-11 08:00:00,0,0.6327263997186399,0.36727360028136014,Sell,63.824726,64.240135,63.824726,64.08189,7179
2026-02-11 09:00:00,0,0.6149448898556442,0.3850551101443558,Sell,64.08189,64.269806,64.01265,64.13134,3923
2026-02-11 10:00:00,0,0.6086170981252664,0.39138290187473357,Sell,64.12145,64.22035,64.022545,64.19068,3602
2026-02-11 11:00:00,0,0.5862311788168051,0.4137688211831949,Sell,64.19068,64.705,64.16101,64.665436,6717
2026-02-11 12:00:00,0,0.59082601225395,0.40917398774604996,Sell,64.67533,64.77424,64.210464,64.71489,9376
2026-02-11 13:00:00,0,0.5789888069588293,0.42101119304117074,Sell,64.705,64.85336,64.53686,64.74456,11172
2026-02-11 14:00:00,1,0.5426992926803407,0.4573007073196593,Sell,64.74456,65.11052,64.71489,64.84347,16368
2026-02-11 15:00:00,0,0.5057922865941717,0.49420771340582825,Sell,64.84347,64.86325,64.072,64.25992,20762
2026-02-11 16:00:00,0,0.4479233814670059,0.5520766185329942,Hold,64.25992,64.58631,64.11156,64.358826,14099
2026-02-11 17:00:00,0,0.42500066717808876,0.5749993328219112,Hold,64.358826,64.43795,64.052216,64.16101,11515
2026-02-11 18:00:00,0,0.3789003397983862,0.6210996602016138,Hold,64.15112,64.41817,63.73571,63.973087,14644
2026-02-11 19:00:00,0,0.3496519345084177,0.6503480654915823,Hold,63.973087,64.39839,63.785164,64.16101,29127
2026-02-11 20:00:00,0,0.32874385392681527,0.6712561460731847,Hold,64.16101,64.329155,64.13134,64.28959,3677
2026-02-11 21:00:00,0,0.3267718941123163,0.6732281058876837,Hold,64.299484,64.329155,64.18079,64.18079,1423
2026-02-11 23:00:00,0,0.3251015283627538,0.6748984716372461,Hold,64.16101,64.23025,64.091774,64.19068,792
2026-02-12 00:00:00,0,0.333007802526685,0.6669921974733151,Hold,64.20058,64.299484,64.20058,64.25992,644
2026-02-12 01:00:00,0,0.3806019062216614,0.6193980937783385,Hold,64.25992,64.31926,64.072,64.18079,2126
2026-02-12 02:00:00,0,0.376876388490997,0.623123611509003,Hold,64.19068,64.240135,64.11156,64.20058,1105
2026-02-12 03:00:00,0,0.4141784474421566,0.5858215525578434,Hold,64.20058,64.30937,64.16101,64.2797,1065
2026-02-12 04:00:00,0,0.4436426288471114,0.5563573711528886,Hold,64.25992,64.3885,64.240135,64.269806,1022
2026-02-12 05:00:00,0,0.491444162147188,0.508555837852812,Hold,64.269806,64.2797,63.99287,64.20058,2247
2026-02-12 06:00:00,0,0.5110768936017656,0.48892310639823444,Sell,64.210464,64.22035,63.933525,64.12145,1718
2026-02-12 07:00:00,1,0.5546532865747448,0.4453467134252552,Sell,64.10167,64.20058,64.022545,64.13134,2106
2026-02-12 08:00:00,1,0.5921533085668361,0.4078466914331639,Sell,64.14123,64.33904,63.98298,64.269806,4778
2026-02-12 09:00:00,0,0.6228095216032352,0.3771904783967648,Sell,64.2797,64.33904,63.646694,63.765385,7529
2026-02-12 10:00:00,1,0.6065668279019573,0.39343317209804274,Sell,63.765385,63.81484,63.478554,63.72582,5094
2026-02-12 11:00:00,1,0.5825677546339945,0.41743224536600554,Sell,63.73571,63.943417,63.59724,63.795055,3817
2026-02-12 12:00:00,1,0.5972127571945532,0.40278724280544675,Sell,63.804947,63.923634,63.656586,63.71593,5009
2026-02-12 13:00:00,1,0.6022644126746961,0.3977355873253039,Sell,63.71593,63.903854,63.260956,63.537895,11782
2026-02-12 14:00:00,1,0.6048071382697461,0.3951928617302539,Sell,63.547787,63.70604,63.201614,63.260956,13224
2026-02-12 15:00:00,1,0.5637690152356093,0.4362309847643907,Sell,63.260956,63.41921,62.825768,62.924675,19486
2026-02-12 16:00:00,0,0.44747000199095494,0.552529998009045,Hold,62.924675,62.964237,62.02462,62.08396,30979
2026-02-12 17:00:00,0,0.4133170369741634,0.5866829630258366,Hold,62.08396,62.252106,61.856476,61.94549,15786
2026-02-12 18:00:00,0,0.3870066398262774,0.6129933601737225,Hold,61.94549,62.103745,61.90593,61.985058,12218
2026-02-12 19:00:00,0,0.35358746426146703,0.646412535738533,Hold,61.975166,62.380684,61.708115,62.261997,25847
2026-02-12 20:00:00,0,0.3537060199262025,0.6462939800737975,Hold,62.261997,62.271885,62.133415,62.242214,2898
2026-02-12 21:00:00,0,0.34077815906155073,0.6592218409384493,Hold,62.232323,62.30156,62.143307,62.222435,1872
2026-02-12 23:00:00,0,0.34363842305136877,0.6563615769486313,Hold,62.30156,62.30156,62.113636,62.16309,953
2026-02-13 00:00:00,0,0.3306544671130524,0.6693455328869475,Hold,62.17298,62.291668,62.123528,62.18287,832
2026-02-13 01:00:00,0,0.3904205835530398,0.6095794164469601,Hold,62.18287,62.32134,62.074074,62.16309,3075
2026-02-13 02:00:00,0,0.3944388973634893,0.6055611026365106,Hold,62.17298,62.212543,62.02462,62.093853,1765
2026-02-13 03:00:00,0,0.4269191334874877,0.5730808665125122,Hold,62.08396,62.133415,61.975166,62.01473,1195
2026-02-13 04:00:00,0,0.4760498833301616,0.5239501166698384,Hold,62.02462,62.113636,62.01473,62.074074,762
2026-02-13 05:00:00,0,0.5106308628836249,0.4893691371163751,Sell,62.064182,62.08396,61.91582,61.935604,1198
2026-02-13 06:00:00,0,0.5672587058738816,0.4327412941261184,Sell,61.935604,62.17298,61.925713,62.143307,1154
2026-02-13 07:00:00,0,0.5946927916826754,0.4053072083173246,Sell,62.133415,62.1532,61.975166,61.994946,2277
2026-02-13 08:00:00,0,0.5809295101856161,0.4190704898143839,Sell,62.004837,62.351013,61.856476,62.222435,5200
2026-02-13 09:00:00,1,0.5874582143781172,0.4125417856218828,Sell,62.232323,62.47959,62.074074,62.410355,4332
2026-02-13 10:00:00,1,0.5845009558614545,0.41549904413854555,Sell,62.420246,62.568607,62.222435,62.4697,4208
2026-02-13 11:00:00,0,0.607797294766178,0.39220270523382195,Sell,62.45981,62.45981,61.46085,61.708115,14895
2026-02-13 12:00:00,0,0.6054654799750698,0.39453452002493017,Sell,61.708115,61.94549,61.6191,61.896038,6017
2026-02-13 13:00:00,0,0.5649108533620407,0.4350891466379593,Sell,61.90593,62.360905,61.88615,62.271885,7931
2026-02-13 14:00:00,0,0.5176779421542023,0.48232205784579774,Sell,62.281776,62.281776,61.648773,61.985058,14873
2026-02-13 15:00:00,0,0.4656315266482986,0.5343684733517013,Hold,61.994946,62.281776,61.866367,62.02462,11171
2026-02-13 16:00:00,0,0.4257798357221031,0.5742201642778969,Hold,62.01473,62.271885,61.75757,61.975166,10859
2026-02-13 17:00:00,0,0.4299636047174283,0.5700363952825718,Hold,61.975166,62.519154,61.955383,62.420246,8568
2026-02-13 18:00:00,0,0.38825603942704356,0.6117439605729564,Hold,62.430138,62.499374,62.291668,62.32134,6726
2026-02-13 19:00:00,0,0.36845181309672437,0.6315481869032756,Hold,62.33123,62.34112,62.01473,62.01473,13868
2026-02-13 20:00:00,0,0.3498470838226171,0.6501529161773829,Hold,62.01473,62.103745,61.698227,62.05429,5364
2026-02-13 21:00:00,0,0.33805661238327517,0.6619433876167249,Hold,62.05429,62.261997,62.05429,62.123528,1981
2026-02-15 23:00:00,0,0.29453851339303283,0.7054614866069672,Hold,62.60817,62.60817,62.08396,62.212543,1828
2026-02-16 00:00:00,0,0.28416318739954827,0.7158368126004517,Hold,62.212543,62.252106,62.143307,62.17298,324
2026-02-16 01:00:00,0,0.3012946399470115,0.6987053600529884,Hold,62.17298,62.242214,62.143307,62.18287,494
2026-02-16 02:00:00,0,0.3199155905848339,0.6800844094151661,Hold,62.17298,62.271885,62.074074,62.212543,646
2026-02-16 03:00:00,0,0.3683287437007206,0.6316712562992794,Hold,62.212543,62.281776,62.133415,62.222435,931
2026-02-16 04:00:00,0,0.40234672173598496,0.597653278264015,Hold,62.232323,62.281776,62.19276,62.222435,1059
2026-02-16 05:00:00,0,0.46135999818873646,0.5386400018112636,Hold,62.232323,62.281776,62.1532,62.18287,431
2026-02-16 06:00:00,0,0.48989491278143715,0.5101050872185628,Hold,62.17298,62.291668,62.143307,62.222435,651
2026-02-16 07:00:00,0,0.5581869439997865,0.4418130560002135,Sell,62.212543,62.252106,62.064182,62.093853,1541
2026-02-16 08:00:00,0,0.5760735398745003,0.4239264601254997,Sell,62.103745,62.133415,61.807022,61.87626,2232
2026-02-16 09:00:00,0,0.5581292294982519,0.44187077050174806,Sell,61.87626,62.17298,61.836697,61.84659,2782
2026-02-16 10:00:00,0,0.5769944891267302,0.42300551087326976,Sell,61.84659,62.360905,61.826805,62.261997,5720
2026-02-16 11:00:00,0,0.5620656998318314,0.4379343001681686,Sell,62.271885,62.360905,62.16309,62.222435,2286
2026-02-16 12:00:00,0,0.582182462008592,0.417817537991408,Sell,62.212543,62.420246,62.143307,62.34112,1924
2026-02-16 13:00:00,0,0.5470251495088505,0.4529748504911495,Sell,62.34112,62.489483,62.261997,62.400467,2021
2026-02-16 14:00:00,0,0.509568809924789,0.49043119007521097,Sell,62.370792,62.85544,62.30156,62.766422,5477
2026-02-16 15:00:00,0,0.48026541387173294,0.5197345861282671,Hold,62.766422,62.88511,62.529045,62.845547,4085
2026-02-16 16:00:00,0,0.44868376536307053,0.5513162346369295,Hold,62.85544,63.03347,62.74664,62.835655,4599
2026-02-16 17:00:00,0,0.40828469657933,0.59171530342067,Hold,62.835655,63.122486,62.7862,63.1126,3197
2026-02-16 18:00:00,0,0.35543812639396277,0.6445618736060372,Hold,63.102707,63.17194,63.02358,63.073032,2007
2026-02-16 19:00:00,0,0.34857044780843904,0.651429552191561,Hold,63.082924,63.102707,62.993908,63.03347,1169
2026-02-16 23:00:00,0,0.31840109487999546,0.6815989051200045,Hold,63.053253,63.073032,62.944454,63.053253,451
2026-02-17 00:00:00,0,0.342543580833168,0.657456419166832,Hold,63.04336,63.073032,62.954346,62.974125,495
2026-02-17 01:00:00,0,0.36490152663786474,0.6350984733621352,Hold,62.964237,63.073032,62.88511,62.924675,1137
2026-02-17 02:00:00,0,0.36763498564624303,0.6323650143537569,Hold,62.914783,62.984016,62.85544,62.85544,428
2026-02-17 03:00:00,0,0.4212791465700457,0.5787208534299543,Hold,62.85544,62.904892,62.7862,62.85544,643
2026-02-17 04:00:00,0,0.4706888694142112,0.5293111305857888,Hold,62.845547,62.87522,62.75653,62.815876,341
2026-02-17 05:00:00,0,0.5142706852917954,0.4857293147082046,Sell,62.825768,62.825768,62.667515,62.687298,539
2026-02-17 06:00:00,0,0.538014982151757,0.461985017848243,Sell,62.687298,62.71697,62.627953,62.64773,1282
2026-02-17 07:00:00,0,0.5764584961786827,0.4235415038213173,Sell,62.657623,62.677406,62.45981,62.509262,1554
2026-02-17 08:00:00,0,0.5954255472554792,0.40457445274452075,Sell,62.509262,62.5785,62.291668,62.410355,2854
2026-02-17 09:00:00,0,0.6140837886686529,0.3859162113313471,Sell,62.400467,62.637844,62.31145,62.598278,2339
2026-02-17 10:00:00,0,0.6100056422210223,0.38999435777897773,Sell,62.598278,62.964237,62.509262,62.944454,4239
2026-02-17 11:00:00,1,0.6284538196368242,0.37154618036317577,Sell,62.934563,63.43899,62.904892,63.15216,11023
2026-02-17 12:00:00,1,0.6354780486020701,0.36452195139792987,Sell,63.16205,63.241177,62.845547,62.914783,5983
2026-02-17 13:00:00,0,0.5632154847252452,0.4367845152747548,Sell,62.914783,62.954346,61.648773,61.76746,24919
2026-02-17 14:00:00,0,0.48760951480264764,0.5123904851973524,Hold,61.75757,62.31145,61.688335,61.807022,14009
2026-02-17 15:00:00,0,0.4710525169823309,0.528947483017669,Hold,61.807022,62.18287,61.193798,61.35205,14107
2026-02-17 16:00:00,0,0.41336527743935453,0.5866347225606454,Hold,61.35205,61.816914,61.32238,61.688335,10479
2026-02-17 17:00:00,0,0.39989267156410674,0.6001073284358933,Hold,61.688335,61.698227,61.253143,61.530083,6989
2026-02-17 18:00:00,0,0.33764857671961634,0.6623514232803837,Hold,61.539974,61.84659,61.49052,61.718006,7813
2026-02-17 19:00:00,0,0.3118925687750798,0.6881074312249202,Hold,61.718006,61.816914,61.48063,61.579536,12749
2026-02-17 20:00:00,0,0.3036385384408843,0.6963614615591157,Hold,61.579536,61.718006,61.549866,61.569645,4117
2026-02-17 21:00:00,0,0.30059726830998273,0.6994027316900173,Hold,61.579536,61.678444,61.510303,61.6191,1656
2026-02-17 23:00:00,0,0.2894629719894102,0.7105370280105898,Hold,61.6191,61.62899,61.441067,61.569645,243
2026-02-18 00:00:00,0,0.30247831199676756,0.6975216880032324,Hold,61.579536,61.668552,61.52019,61.549866,256
2026-02-18 01:00:00,0,0.3422622462020884,0.6577377537979117,Hold,61.549866,61.688335,61.549866,61.648773,362
2026-02-18 02:00:00,0,0.367787212580896,0.632212787419104,Hold,61.668552,61.74768,61.6191,61.698227,257
2026-02-18 03:00:00,0,0.4224320710281561,0.5775679289718438,Hold,61.678444,61.836697,61.678444,61.807022,220
2026-02-18 04:00:00,0,0.457705108467326,0.542294891532674,Hold,61.816914,61.896038,61.816914,61.88615,228
2026-02-18 05:00:00,0,0.5043037137305206,0.49569628626947937,Sell,61.88615,61.896038,61.73779,61.75757,382
2026-02-18 06:00:00,0,0.5153785767421133,0.4846214232578867,Sell,61.75757,61.91582,61.688335,61.75757,332
2026-02-18 07:00:00,0,0.5836066421749107,0.41639335782508935,Sell,61.73779,61.866367,61.727898,61.816914,229
2026-02-18 08:00:00,0,0.5910364309171703,0.4089635690828297,Sell,61.826805,62.05429,61.77735,61.77735,699
2026-02-18 09:00:00,0,0.60818310440169,0.39181689559831,Sell,61.77735,62.02462,61.74768,61.826805,695
2026-02-18 10:00:00,0,0.611589681868202,0.38841031813179805,Sell,61.856476,62.44992,61.856476,62.380684,1301
2026-02-18 11:00:00,0,0.6003298809232769,0.3996701190767231,Sell,62.380684,62.974125,62.370792,62.974125,1483
2026-02-18 12:00:00,0,0.5731620555866622,0.4268379444133378,Sell,62.974125,63.488445,62.805984,63.369755,2642
2026-02-18 13:00:00,0,0.5724996917489432,0.4275003082510568,Sell,63.369755,63.44888,63.132378,63.211502,2338
2026-02-18 14:00:00,0,0.5268779654520693,0.47312203454793067,Sell,63.201614,63.84451,63.053253,63.67637,3951
2026-02-18 15:00:00,0,0.5021225805837006,0.49787741941629937,Sell,63.67637,63.71593,63.468662,63.617023,3179
2026-02-18 16:00:00,0,0.4503178022384517,0.5496821977615483,Hold,63.626915,64.091774,63.537895,63.98298,4462
2026-02-18 17:00:00,0,0.44271610429866415,0.5572838957013359,Hold,63.98298,64.43795,63.893963,64.39839,3006
2026-02-18 18:00:00,0,0.3853365312330345,0.6146634687669654,Hold,64.3885,64.517075,64.0621,64.477516,3450
2026-02-18 19:00:00,0,0.36008066964692986,0.6399193303530701,Hold,64.487404,64.73467,64.23025,64.447845,4536
2026-02-18 20:00:00,0,0.35741271629219734,0.6425872837078026,Hold,64.46762,64.84347,64.43795,64.665436,1601
2026-02-18 21:00:00,0,0.37024745098691575,0.6297525490130842,Hold,64.65555,64.71489,64.23025,64.36871,707
2026-02-18 23:00:00,0,0.3386297485410074,0.6613702514589925,Hold,64.3885,64.705,64.1709,64.40828,1241
2026-02-19 00:00:00,0,0.3414872093456659,0.6585127906543341,Hold,64.40828,64.46771,64.29932,64.42809,1287
2026-02-19 01:00:00,0,0.3585561646899812,0.6414438353100188,Hold,64.42809,64.55687,64.30922,64.54696,2268
2026-02-19 02:00:00,0,0.3701843673725349,0.6298156326274651,Hold,64.55687,64.685646,64.50734,64.65593,2792
2026-02-19 03:00:00,0,0.42606816167234157,0.5739318383276584,Hold,64.65593,64.79461,64.636116,64.735176,2191
2026-02-19 04:00:00,0,0.4717884491946049,0.5282115508053951,Hold,64.74508,64.80452,64.537056,64.59649,2182
2026-02-19 05:00:00,0,0.4995968583013195,0.5004031416986805,Hold,64.6064,64.70546,64.57668,64.6163,1387
2026-02-19 06:00:00,0,0.5377409053020449,0.4622590946979551,Sell,64.62621,64.69555,64.55687,64.6163,1046
2026-02-19 07:00:00,0,0.5992495647458033,0.40075043525419674,Sell,64.62621,65.20075,64.6064,65.161125,6420
2026-02-19 08:00:00,0,0.6092721047091465,0.3907278952908535,Sell,65.15122,65.62671,65.00263,65.57718,11634
2026-02-19 09:00:00,0,0.6054320109911198,0.39456798900888024,Sell,65.57718,65.64652,65.03235,65.14132,11581
2026-02-19 10:00:00,0,0.6154908267245089,0.38450917327549106,Sell,65.13141,65.42859,64.99273,65.34934,7042
2026-02-19 11:00:00,0,0.5946161336722047,0.40538386632779533,Sell,65.359245,65.66633,65.19085,65.408775,7269
2026-02-19 12:00:00,0,0.6050730439806796,0.3949269560193204,Sell,65.418686,65.53755,65.32953,65.458305,6429
2026-02-19 13:00:00,0,0.5959467785517857,0.4040532214482143,Sell,65.458305,65.943695,65.34934,65.7852,18571
2026-02-19 14:00:00,0,0.5646636121241694,0.4353363878758306,Sell,65.805016,65.92388,65.32953,65.72577,23952
2026-02-19 15:00:00,0,0.48348455156485626,0.5165154484351437,Hold,65.745575,65.894165,64.834236,65.844635,50268
2026-02-19 16:00:00,0,0.422748896656018,0.577251103343982,Hold,65.844635,66.02294,65.656425,65.993225,17484
2026-02-19 17:00:00,0,0.385499572205022,0.6145004277949779,Hold,65.96351,66.15172,65.755486,65.93379,15431
2026-02-19 18:00:00,0,0.3531946749913105,0.6468053250086895,Hold,65.93379,65.943695,65.57718,65.86445,13995
2026-02-19 19:00:00,0,0.35230504920538414,0.6476949507946159,Hold,65.87435,65.97341,65.705956,65.96351,19033
2026-02-19 20:00:00,0,0.3222525584081481,0.6777474415918519,Hold,65.953606,66.092285,65.894165,66.08238,4651
2026-02-19 21:00:00,0,0.31036814596974394,0.6896318540302561,Hold,66.07247,66.27059,65.28,66.042755,9768
2026-02-19 23:00:00,0,0.30679394711861346,0.6932060528813866,Hold,66.092285,66.10219,65.805016,65.81492,1629
2026-02-20 00:00:00,0,0.32885976942373196,0.671140230576268,Hold,65.82483,65.91398,65.68614,65.82483,1478
2026-02-20 01:00:00,0,0.35918182429367923,0.6408181757063207,Hold,65.844635,66.141815,65.745575,65.943695,3295
2026-02-20 02:00:00,0,0.38815271275147073,0.6118472872485292,Hold,65.943695,66.230965,65.87435,65.953606,3204
2026-02-20 03:00:00,0,0.4358809747368212,0.5641190252631788,Hold,65.96351,66.08238,65.854546,66.01304,1354
2026-02-20 04:00:00,0,0.4678908791603308,0.5321091208396692,Hold,66.003136,66.10219,66.003136,66.092285,1333
2026-02-20 05:00:00,0,0.518623888602215,0.481376111397785,Sell,66.092285,66.290405,66.06257,66.21116,2114
2026-02-20 06:00:00,0,0.5333278843441266,0.4666721156558734,Sell,66.22106,66.39937,66.08238,66.092285,3482
2026-02-20 07:00:00,0,0.5708436770339189,0.4291563229660811,Sell,66.10219,66.122,65.68614,65.705956,5178
2026-02-20 08:00:00,0,0.5917572544335157,0.4082427455664843,Sell,65.71586,65.81492,65.47812,65.52765,8547
2026-02-20 09:00:00,0,0.5895945226003139,0.41040547739968614,Sell,65.53755,65.97341,65.24038,65.38896,10337
2026-02-20 10:00:00,0,0.5803802119149329,0.41961978808506706,Sell,65.39887,65.507835,65.25028,65.34934,7911
2026-02-20 11:00:00,0,0.5660381596404916,0.43396184035950836,Sell,65.359245,65.76539,65.19085,65.37906,9747
2026-02-20 12:00:00,0,0.595346805833763,0.404653194166237,Sell,65.37906,65.59699,65.32953,65.54746,6447
2026-02-20 13:00:00,0,0.5592677923939836,0.4407322076060164,Sell,65.54746,65.66633,65.39887,65.63661,7490
2026-02-20 14:00:00,0,0.5235312326627433,0.47646876733725674,Sell,65.64652,65.88426,65.260185,65.62671,22696
2026-02-20 15:00:00,0,0.4984331436635054,0.5015668563364946,Hold,65.64652,66.03285,65.24038,65.33943,26670
2026-02-20 16:00:00,0,0.5408623706129563,0.4591376293870437,Sell,65.34934,65.72577,65.210655,65.56727,16516
2026-02-20 17:00:00,0,0.5199147427435907,0.48008525725640927,Sell,65.56727,65.88426,65.52765,65.82483,9429
2026-02-20 18:00:00,0,0.47087380298313714,0.5291261970168628,Hold,65.82483,66.10219,65.66633,65.93379,14966
2026-02-20 19:00:00,0,0.4690062100270416,0.5309937899729584,Hold,65.93379,65.943695,65.656425,65.83473,26527
2026-02-20 20:00:00,0,0.44927306575530446,0.5507269342446955,Hold,65.83473,65.87435,65.6168,65.745575,4724
2026-02-20 21:00:00,0,0.4514909442148043,0.5485090557851957,Hold,65.755486,65.81492,65.63661,65.68614,2506
2026-02-22 23:00:00,0,0.3836440726952102,0.6163559273047898,Hold,65.270096,65.48802,64.76489,65.369156,6069
2026-02-23 00:00:00,0,0.37148249131036465,0.6285175086896353,Hold,65.37906,65.39887,65.03235,65.10169,3463
2026-02-23 01:00:00,0,0.39937011968558295,0.600629880314417,Hold,65.10169,65.359245,64.98283,65.28,2860
2026-02-23 02:00:00,0,0.3967673495886586,0.6032326504113414,Hold,65.28991,65.418686,65.260185,65.270096,1904
2026-02-23 03:00:00,0,0.4614483797457048,0.5385516202542953,Hold,65.270096,65.28,65.071976,65.10169,2101
2026-02-23 04:00:00,0,0.5009062346334889,0.49909376536651107,Sell,65.09179,65.14132,64.90357,64.972916,2053
2026-02-23 05:00:00,0,0.5397015779649422,0.4602984220350578,Sell,64.972916,65.19085,64.9333,65.121506,1438
2026-02-23 06:00:00,0,0.5475088669932759,0.45249113300672406,Sell,65.13141,65.210655,65.022446,65.05216,1382
2026-02-23 07:00:00,0,0.5792149608000933,0.42078503919990673,Sell,65.06207,65.18094,64.90357,65.04226,3743
2026-02-23 08:00:00,0,0.6207113004344533,0.37928869956554667,Sell,65.03235,65.29981,64.9432,65.24038,6489
2026-02-23 09:00:00,0,0.6121690130221691,0.3878309869778309,Sell,65.25028,65.67624,65.14132,65.606895,7036
2026-02-23 10:00:00,0,0.6116450612910226,0.3883549387089774,Sell,65.606895,65.606895,65.37906,65.468216,4292
2026-02-23 11:00:00,0,0.6143606331898303,0.38563936681016975,Sell,65.468216,65.844635,65.38896,65.81492,4753
2026-02-23 12:00:00,0,0.6137893321194783,0.3862106678805217,Sell,65.82483,66.10219,65.805016,66.08238,6826
2026-02-23 13:00:00,0,0.5851841575802443,0.41481584241975566,Sell,66.092285,66.31022,65.91398,66.280495,9010
2026-02-23 14:00:00,0,0.5700794027298874,0.42992059727011256,Sell,66.280495,66.58758,66.10219,66.379555,20132
2026-02-23 15:00:00,0,0.5275354391857193,0.4724645608142807,Sell,66.379555,66.64702,66.141815,66.17153,17859
2026-02-23 16:00:00,0,0.47476736539006836,0.5252326346099316,Hold,66.16163,66.50833,65.656425,65.755486,25564
2026-02-23 17:00:00,0,0.44038490804915587,0.5596150919508441,Hold,65.7753,65.83473,65.49793,65.62671,12123
2026-02-23 18:00:00,0,0.4010504274163968,0.5989495725836032,Hold,65.6168,65.71586,65.47812,65.58708,7907
2026-02-23 19:00:00,0,0.3918587563667578,0.6081412436332422,Hold,65.58708,65.76539,65.47812,65.705956,12846
2026-02-23 20:00:00,0,0.3616924591687405,0.6383075408312595,Hold,65.705956,65.87435,65.705956,65.81492,3186
2026-02-23 21:00:00,0,0.3766845146171723,0.6233154853828278,Hold,65.81492,65.87435,65.63661,65.66633,2659
2026-02-23 23:00:00,0,0.36636208745760585,0.6336379125423941,Hold,65.68614,65.71586,65.54746,65.63661,844
2026-02-24 00:00:00,0,0.3639958582803737,0.6360041417196263,Hold,65.64652,65.71586,65.58708,65.696045,853
2026-02-24 01:00:00,0,0.4063407852439447,0.5936592147560553,Hold,65.696045,65.844635,65.4484,65.82483,5283
2026-02-24 02:00:00,0,0.4043744646524977,0.5956255353475023,Hold,65.82483,66.191345,65.7852,66.18144,4010
2026-02-24 03:00:00,0,0.45192395918262174,0.5480760408173783,Hold,66.18144,66.31022,66.141815,66.25078,3323
2026-02-24 04:00:00,0,0.4839550618324803,0.5160449381675196,Hold,66.26069,66.280495,66.15172,66.16163,1379
2026-02-24 05:00:00,0,0.5310197085608227,0.4689802914391773,Sell,66.16163,66.330025,65.98332,66.22106,2744
2026-02-24 06:00:00,0,0.5563528255617347,0.4436471744382653,Sell,66.22106,66.230965,66.01304,66.13191,1741
2026-02-24 07:00:00,0,0.6045412024777042,0.39545879752229585,Sell,66.15172,66.17153,65.844635,65.93379,3218
2026-02-24 08:00:00,0,0.6297264490417894,0.3702735509582106,Sell,65.93379,65.98332,65.656425,65.92388,7100
2026-02-24 09:00:00,0,0.6680764006845145,0.33192359931548554,Sell,65.93379,65.96351,65.705956,65.92388,5283
2026-02-24 10:00:00,0,0.657951053601366,0.34204894639863404,Sell,65.93379,65.98332,65.56727,65.656425,7193
2026-02-24 11:00:00,0,0.6505780159034661,0.3494219840965339,Sell,65.63661,65.7753,65.52765,65.745575,4139
2026-02-24 12:00:00,0,0.6601181886726605,0.3398818113273395,Sell,65.72577,66.01304,65.62671,65.993225,6321
2026-02-24 13:00:00,1,0.6150065097569992,0.3849934902430008,Sell,65.993225,66.51824,65.993225,66.240875,14615
2026-02-24 14:00:00,0,0.6153162111354609,0.38468378886453913,Sell,66.240875,66.25078,65.745575,65.904076,18602
2026-02-24 15:00:00,0,0.5080521554283635,0.49194784457163654,Sell,65.894165,66.03285,65.022446,65.270096,41737
2026-02-24 16:00:00,0,0.44293157637812725,0.5570684236218728,Hold,65.260185,65.59699,65.161125,65.369156,16558
2026-02-24 17:00:00,0,0.41966111405541406,0.5803388859445859,Hold,65.369156,65.696045,65.06207,65.210655,14513
2026-02-24 18:00:00,0,0.36850387169982984,0.6314961283001701,Hold,65.210655,65.418686,65.161125,65.319626,9708
2026-02-24 19:00:00,0,0.33758185939591023,0.6624181406040898,Hold,65.32953,65.33943,64.9333,65.28,21052
2026-02-24 20:00:00,0,0.3469481886127615,0.6530518113872386,Hold,65.28,65.844635,65.18094,65.67624,12957
2026-02-24 21:00:00,0,0.32874587159412527,0.6712541284058747,Hold,65.66633,65.696045,65.34934,65.458305,3662
2026-02-24 23:00:00,0,0.3054680597095761,0.694531940290424,Hold,65.4484,65.49793,65.319626,65.408775,1930
2026-02-25 00:00:00,0,0.29508897852735666,0.7049110214726433,Hold,65.418686,65.6168,65.33943,65.47812,1546
2026-02-25 01:00:00,0,0.33508167229151364,0.6649183277084864,Hold,65.468216,65.67624,65.32953,65.42859,3744
2026-02-25 02:00:00,0,0.3691412929248771,0.6308587070751229,Hold,65.43849,65.71586,65.43849,65.696045,2988
2026-02-25 03:00:00,0,0.3902283812802137,0.6097716187197864,Hold,65.68614,65.97341,65.359245,65.38896,7240
2026-02-25 04:00:00,0,0.4254053078886654,0.5745946921113346,Hold,65.38896,65.51774,65.34934,65.38896,1983
2026-02-25 05:00:00,0,0.4578516578034573,0.5421483421965427,Hold,65.39887,65.48802,65.33943,65.408775,1828
2026-02-25 06:00:00,0,0.49966885386653165,0.5003311461334683,Hold,65.408775,65.408775,65.14132,65.369156,2744
2026-02-25 07:00:00,0,0.5394570936389954,0.4605429063610046,Sell,65.37906,65.557365,65.210655,65.28,3097
2026-02-25 08:00:00,0,0.564477856759068,0.43552214324093197,Sell,65.270096,65.507835,65.121506,65.37906,8102
2026-02-25 09:00:00,0,0.5825517865035426,0.41744821349645744,Sell,65.39887,65.42859,64.834236,65.01254,10269
2026-02-25 10:00:00,0,0.6094375835643584,0.3905624164356416,Sell,65.01254,65.408775,64.98283,65.28991,6984
2026-02-25 11:00:00,0,0.6059321101105688,0.3940678898894312,Sell,65.28991,65.359245,65.18094,65.25028,3771
2026-02-25 12:00:00,0,0.6095647745644345,0.3904352254355655,Sell,65.25028,65.68614,65.1116,65.59699,14439
2026-02-25 13:00:00,0,0.5906707184958104,0.40932928150418957,Sell,65.59699,65.68614,65.24038,65.28991,10036
2026-02-25 14:00:00,0,0.5332027361883733,0.4667972638116267,Sell,65.28991,65.39887,64.675735,64.70546,24496
2026-02-25 15:00:00,0,0.4594991066885592,0.5405008933114408,Hold,64.69555,65.03235,64.636116,64.79461,22693
2026-02-25 16:00:00,0,0.4188247614410698,0.5811752385589302,Hold,64.79461,64.9333,64.50734,64.84414,19721
2026-02-25 17:00:00,0,0.37753159954538934,0.6224684004546106,Hold,64.84414,64.9531,64.725266,64.91348,9741
2026-02-25 18:00:00,0,0.35402470028719946,0.6459752997128005,Hold,64.90357,65.171036,64.85404,64.98283,11035
2026-02-25 19:00:00,0,0.3457067635237275,0.6542932364762726,Hold,64.98283,65.13141,64.735176,65.10169,17632
2026-02-25 20:00:00,0,0.298264285558069,0.701735714441931,Hold,65.10169,65.1116,64.80452,64.84414,4144
2026-02-25 21:00:00,0,0.3050414965494307,0.6949585034505693,Hold,64.834236,65.00263,64.81442,64.9531,2821
2026-02-25 23:00:00,0,0.27897260061952067,0.7210273993804793,Hold,65.03235,65.10169,64.9432,65.022446,1158
2026-02-26 00:00:00,0,0.30017237535038316,0.6998276246496169,Hold,65.01254,65.23047,64.91348,65.13141,1691
2026-02-26 01:00:00,0,0.3347817910423824,0.6652182089576175,Hold,65.14132,65.14132,64.923386,65.00263,3262
2026-02-26 02:00:00,0,0.332990431769636,0.6670095682303641,Hold,65.00263,65.05216,64.71536,64.84414,3159
2026-02-26 03:00:00,0,0.38598230266047545,0.6140176973395246,Hold,64.85404,64.98283,64.834236,64.89367,1532
2026-02-26 04:00:00,1,0.4395062185881677,0.5604937814118323,Hold,64.90357,65.00263,64.90357,64.96301,699
2026-02-26 05:00:00,1,0.468368643047337,0.531631356952663,Hold,64.9531,65.05216,64.873856,64.9333,1443
2026-02-26 06:00:00,1,0.4948137221459687,0.5051862778540313,Hold,64.9333,64.96301,64.81442,64.89367,1196
2026-02-26 07:00:00,1,0.5323618983638401,0.46763810163615993,Sell,64.873856,64.99273,64.74508,64.85404,2699
2026-02-26 08:00:00,1,0.573562095219337,0.426437904780663,Sell,64.86395,65.04226,64.784706,64.84414,6633
2026-02-26 09:00:00,1,0.5913433217193012,0.40865667828069885,Sell,64.84414,64.85404,64.190346,64.49743,14093
2026-02-26 10:00:00,0,0.5811509549640037,0.4188490450359963,Sell,64.49743,64.50734,63.6059,63.764393,17312
2026-02-26 11:00:00,0,0.5368405180551543,0.4631594819448457,Sell,63.75449,64.04176,63.67524,63.70496,6432
2026-02-26 12:00:00,0,0.5271377062542,0.4728622937458,Sell,63.70496,63.833736,63.209663,63.516747,14152
2026-02-26 13:00:00,0,0.5096883309934038,0.4903116690065962,Sell,63.526653,63.883266,63.00164,63.7743,23199
2026-02-26 14:00:00,0,0.473410189111583,0.526589810888417,Hold,63.764393,64.140816,63.45731,64.1012,25190
2026-02-26 15:00:00,0,0.4177767390575492,0.5822232609424508,Hold,64.1012,65.88426,64.09129,65.86445,59818
2026-02-26 16:00:00,0,0.3906238713758615,0.6093761286241385,Hold,65.86445,66.08238,65.260185,65.795105,47132
2026-02-26 17:00:00,0,0.3854343477824543,0.6145656522175458,Hold,65.805016,65.96351,65.48802,65.844635,14518
2026-02-26 18:00:00,0,0.3256021014816904,0.6743978985183097,Hold,65.83473,66.042755,64.32903,65.10169,56849
2026-02-26 19:00:00,0,0.32691329942078984,0.6730867005792102,Hold,65.09179,65.18094,64.29932,64.725266,33913
2026-02-26 20:00:00,0,0.3034698633507745,0.6965301366492255,Hold,64.71536,64.9531,64.6163,64.89367,4013
2026-02-26 21:00:00,0,0.2974581223894309,0.7025418776105691,Hold,64.873856,65.022446,64.784706,64.85404,3360
2026-02-26 23:00:00,0,0.29975216464860155,0.7002478353513985,Hold,64.735176,64.824326,64.59649,64.6064,2001
2026-02-27 00:00:00,0,0.32358796164094156,0.6764120383590584,Hold,64.59649,64.685646,64.52715,64.636116,874
2026-02-27 01:00:00,0,0.3696192286331372,0.6303807713668628,Hold,64.64602,64.64602,64.239876,64.487526,4481
2026-02-27 02:00:00,0,0.37122150671435006,0.6287784932856499,Hold,64.49743,64.51724,64.34885,64.42809,2171
2026-02-27 03:00:00,0,0.4034528287688191,0.596547171231181,Hold,64.437996,64.69555,64.41818,64.685646,2133
2026-02-27 04:00:00,0,0.42255285937641046,0.5774471406235895,Hold,64.685646,64.81442,64.636116,64.71536,1525
2026-02-27 05:00:00,0,0.4700406107689822,0.5299593892310178,Hold,64.725266,65.06207,64.71536,64.9531,3241
2026-02-27 06:00:00,0,0.4793142067444972,0.5206857932555028,Hold,64.9531,65.13141,64.883766,65.10169,2160
2026-02-27 07:00:00,0,0.5162569929297501,0.48374300707024986,Sell,65.1116,65.20075,65.03235,65.14132,3332
2026-02-27 08:00:00,0,0.5331685209928818,0.4668314790071182,Sell,65.14132,65.42859,64.9333,65.09179,9019
2026-02-27 09:00:00,0,0.5827304886293192,0.4172695113706808,Sell,65.09179,65.83473,65.022446,65.81492,12175
2026-02-27 10:00:00,0,0.5797826145149612,0.42021738548503884,Sell,65.81492,65.993225,65.507835,65.93379,12155
2026-02-27 11:00:00,0,0.5582766213986363,0.4417233786013637,Sell,65.92388,66.30031,65.844635,66.240875,12124
2026-02-27 12:00:00,0,0.5566922558367612,0.4433077441632388,Sell,66.230965,66.41918,66.13191,66.40927,10703
2026-02-27 13:00:00,1,0.5219352216746509,0.4780647783253491,Sell,66.40927,67.17203,66.39937,67.112595,28521
2026-02-27 14:00:00,0,0.4892294055330238,0.5107705944669763,Hold,67.112595,67.19184,66.230965,66.27059,38859
2026-02-27 15:00:00,0,0.45808452433848756,0.5419154756615124,Hold,66.26069,66.4489,65.86445,66.280495,30658
2026-02-27 16:00:00,0,0.4268720026034292,0.5731279973965708,Hold,66.27059,66.290405,65.795105,65.91398,20753
2026-02-27 17:00:00,0,0.394063850272372,0.605936149727628,Hold,65.91398,66.17153,65.507835,66.13191,34948
2026-02-27 18:00:00,0,0.3556111156405424,0.6443888843594576,Hold,66.122,66.41918,66.06257,66.39937,15860
2026-02-27 19:00:00,0,0.34065420975912725,0.6593457902408728,Hold,66.40927,66.60739,66.230965,66.41918,23902
2026-02-27 20:00:00,0,0.34426481046246277,0.6557351895375372,Hold,66.438995,66.775795,66.36965,66.6173,10568
2026-02-27 21:00:00,0,0.3503609052956632,0.6496390947043368,Hold,66.627205,66.7857,66.330025,66.65692,7141
2026-03-01 23:00:00,0,0.34172688684016705,0.658273113159833,Hold,74.29439,74.621284,70.37164,71.29289,60046
2026-03-02 00:00:00,0,0.33336042145617545,0.6666395785438246,Hold,71.312706,71.451385,70.88675,71.114586,17178
2026-03-02 01:00:00,0,0.32288820399377965,0.6771117960062203,Hold,71.114586,71.15421,68.54895,69.07397,37045
2026-03-02 02:00:00,0,0.33042417961257115,0.6695758203874289,Hold,69.064064,69.6386,68.7867,69.34142,13991
2026-03-02 03:00:00,0,0.36871464873655935,0.6312853512634407,Hold,69.33152,70.44099,69.26218,70.04475,11541
2026-03-02 04:00:00,0,0.4203214042060732,0.5796785957939268,Hold,70.03484,70.67873,69.80701,70.52023,9072
2026-03-02 05:00:00,0,0.45691631127073434,0.5430836887292656,Hold,70.52023,70.90656,70.25277,70.90656,8979
2026-03-02 06:00:00,0,0.4714391469931472,0.5285608530068528,Hold,70.89665,71.65941,70.88675,71.302795,15827
2026-03-02 07:00:00,0,0.5110639072121049,0.48893609278789507,Sell,71.312706,72.6401,71.28299,72.55094,39944
2026-03-02 08:00:00,0,0.5248632845235477,0.4751367154764523,Sell,72.54104,72.67972,71.401855,71.86744,29286
2026-03-02 09:00:00,0,0.5426453775947638,0.45735462240523617,Sell,71.847626,71.85753,71.07496,71.738655,22844
2026-03-02 10:00:00,0,0.5665637422778864,0.4334362577221136,Sell,71.748566,71.76838,70.60938,71.33252,21896
2026-03-02 11:00:00,0,0.5542024547748111,0.4457975452251889,Sell,71.34242,71.66932,70.45089,71.27308,16055
2026-03-02 12:00:00,0,0.5467609445487659,0.4532390554512341,Sell,71.263176,72.233955,71.24336,71.91696,20878
2026-03-02 13:00:00,0,0.5429318618230172,0.4570681381769828,Sell,71.92687,71.92687,71.04524,71.60988,29053
2026-03-02 14:00:00,0,0.5257714905523002,0.4742285094476998,Sell,71.60988,71.75847,70.09428,70.381546,47281
2026-03-02 15:00:00,0,0.4754760025853535,0.5245239974146465,Hold,70.381546,71.1344,70.25277,70.579666,32894
2026-03-02 16:00:00,0,0.43435596292522083,0.5656440370747792,Hold,70.579666,70.68863,69.43058,70.21315,50966
2026-03-02 17:00:00,0,0.3907891756641274,0.6092108243358726,Hold,70.21315,70.2924,69.49992,69.94569,21289
2026-03-02 18:00:00,0,0.3771460653200821,0.6228539346799179,Hold,69.93578,70.579666,69.65842,70.431076,18889
2026-03-02 19:00:00,0,0.3456697828188771,0.6543302171811229,Hold,70.431076,70.65891,70.1339,70.232956,25667
2026-03-02 20:00:00,0,0.3521528028567302,0.6478471971432698,Hold,70.232956,72.09527,70.232956,70.90656,44092
2026-03-02 21:00:00,0,0.3461229225539676,0.6538770774460324,Hold,70.89665,71.12449,70.31221,70.36173,11100
2026-03-02 23:00:00,0,0.30842029847963814,0.6915797015203619,Hold,70.55985,70.84712,69.74757,70.22305,6880
2026-03-03 00:00:00,0,0.3104556217824381,0.6895443782175619,Hold,70.25277,71.02543,70.21315,70.94618,5175
2026-03-03 01:00:00,0,0.32489823007507757,0.6751017699249224,Hold,70.95609,71.461296,70.95609,71.07496,10665
2026-03-03 02:00:00,0,0.3310773501732619,0.6689226498267381,Hold,71.08487,71.808,70.866936,71.699036,7337
2026-03-03 03:00:00,0,0.35194332492602654,0.6480566750739735,Hold,71.71885,72.02593,71.60988,71.75847,6148
2026-03-03 04:00:00,0,0.3911373907650538,0.6088626092349462,Hold,71.76838,72.10518,71.59007,72.00612,3617
2026-03-03 05:00:00,0,0.434216719817533,0.5657832801824669,Hold,71.996216,72.68963,71.85753,72.17452,10378
2026-03-03 06:00:00,0,0.4778446685939109,0.5221553314060892,Hold,72.17452,72.41226,71.649506,72.372635,8633
2026-03-03 07:00:00,0,0.5168630972233853,0.4831369027766147,Sell,72.382545,73.41276,72.323105,73.1453,21467
2026-03-03 08:00:00,0,0.5343446722728684,0.4656553277271316,Sell,73.16511,73.809,72.78869,73.75947,27084
2026-03-03 09:00:00,0,0.5387936757112225,0.4612063242887775,Sell,73.74956,74.83921,73.62078,74.512314,32087
2026-03-03 10:00:00,0,0.5657033065495665,0.43429669345043354,Sell,74.50241,76.54303,74.175514,75.74065,41894
2026-03-03 11:00:00,0,0.5475808363403166,0.4524191636596834,Sell,75.76046,76.80058,75.19582,76.46378,51217
2026-03-03 12:00:00,0,0.5369962891531747,0.46300371084682534,Sell,76.46378,76.85011,74.97789,75.21564,57655
2026-03-03 13:00:00,0,0.558352336169598,0.441647663830402,Sell,75.22554,75.83971,74.64109,75.493004,49492
2026-03-03 14:00:00,1,0.513914205308561,0.486085794691439,Sell,75.493004,77.246346,75.47319,75.96848,63876
2026-03-03 15:00:00,1,0.4933012208929235,0.5066987791070765,Hold,75.96848,76.909546,75.76046,76.24585,47324
2026-03-03 16:00:00,1,0.4565320632239346,0.5434679367760654,Hold,76.24585,76.59256,73.838715,75.24535,73389
2026-03-03 17:00:00,0,0.4013620465880379,0.5986379534119621,Hold,75.25526,75.71093,74.472694,74.83921,32856
2026-03-03 18:00:00,0,0.36770465994075996,0.63229534005924,Hold,74.83921,74.83921,73.016525,73.99721,43975
2026-03-03 19:00:00,0,0.3432992711656448,0.6567007288343552,Hold,73.99721,74.1557,70.97591,72.88775,66313
2026-03-03 20:00:00,0,0.31153016132786104,0.688469838672139,Hold,72.88775,73.4821,72.372635,73.38304,17996
2026-03-03 21:00:00,0,0.3230149794289122,0.6769850205710878,Hold,73.392944,74.423164,73.32361,74.09627,12132
2026-03-03 23:00:00,0,0.3099692705359984,0.6900307294640016,Hold,74.036835,74.859024,73.86843,74.83921,4955
2026-03-04 00:00:00,0,0.3311473218982962,0.6688526781017038,Hold,74.8194,74.9878,73.739655,74.25476,8072
2026-03-04 01:00:00,0,0.3281181271475375,0.6718818728524625,Hold,74.26467,74.97789,73.67031,74.25476,16580
2026-03-04 02:00:00,0,0.33597816427978416,0.6640218357202159,Hold,74.23495,74.8194,74.04674,74.324104,7846
2026-03-04 03:00:00,0,0.3909637764405357,0.6090362235594643,Hold,74.324104,74.611374,73.96749,74.41325,5854
2026-03-04 04:00:00,0,0.44963891777410786,0.5503610822258922,Hold,74.41325,74.87884,74.274574,74.77978,4302
2026-03-04 05:00:00,0,0.4854997850816425,0.5145002149183575,Hold,74.76987,75.68121,74.55194,75.19582,9084
2026-03-04 06:00:00,0,0.524272588899258,0.475727411100742,Sell,75.20573,76.12698,75.03733,76.12698,9203
2026-03-04 07:00:00,0,0.5462731916605283,0.45372680833947165,Sell,76.11707,76.25576,75.62178,75.74065,12147
2026-03-04 08:00:00,0,0.5573456292639084,0.4426543707360916,Sell,75.72084,76.5034,75.38403,76.01801,20725
2026-03-04 09:00:00,0,0.5875399679930389,0.41246003200696113,Sell,76.00811,76.18642,74.84911,76.04773,21918
2026-03-04 10:00:00,0,0.5634115018191691,0.4365884981808309,Sell,76.03783,76.07745,74.1458,74.512314,37487
2026-03-04 11:00:00,0,0.5475559901635246,0.45244400983647537,Sell,74.522224,74.88874,73.739655,74.225044,19508
2026-03-04 12:00:00,0,0.5399584156554654,0.46004158434453457,Sell,74.225044,74.58166,73.53163,73.937775,26297
2026-03-04 13:00:00,0,0.5362594030698162,0.46374059693018377,Sell,73.94768,73.977394,72.59057,73.21464,45245
2026-03-04 14:00:00,0,0.4797102112914783,0.5202897887085217,Hold,73.22455,74.44298,72.9769,73.6505,49773
2026-03-04 15:00:00,0,0.4544425106483696,0.5455574893516304,Hold,73.66041,73.838715,72.966995,73.53163,31066
2026-03-04 16:00:00,0,0.409073681213418,0.5909263187865821,Hold,73.541534,74.086365,72.957085,73.46229,26647
2026-03-04 17:00:00,0,0.41593819955513256,0.5840618004448674,Hold,73.46229,74.4925,73.353325,74.423164,24433
2026-03-04 18:00:00,0,0.3545032707173195,0.6454967292826805,Hold,74.423164,74.53213,74.01702,74.20523,18747
2026-03-04 19:00:00,0,0.32378889316775106,0.6762111068322489,Hold,74.19533,74.20523,73.690125,73.8189,21322
2026-03-04 20:00:00,0,0.3187926303952948,0.6812073696047052,Hold,73.8189,74.651,73.809,74.59156,11482
2026-03-04 21:00:00,0,0.31471890545435216,0.6852810945456478,Hold,74.59156,75.51281,74.53213,75.39394,8824
2026-03-04 23:00:00,0,0.3075941538355016,0.6924058461644984,Hold,75.43356,75.47319,74.9977,75.23545,2780
2026-03-05 00:00:00,0,0.2858206279369048,0.7141793720630951,Hold,75.24535,75.25526,74.84911,74.9878,3219
2026-03-05 01:00:00,0,0.35051138310174024,0.6494886168982598,Hold,75.007614,76.23595,75.007614,76.18642,13710
2026-03-05 02:00:00,0,0.36264918130076457,0.6373508186992354,Hold,76.176506,76.69162,76.01801,76.65199,8185
2026-03-05 03:00:00,0,0.40779545406858353,0.5922045459314165,Hold,76.64209,76.6619,76.19632,76.35481,6031
2026-03-05 04:00:00,0,0.43866512886914605,0.5613348711308539,Hold,76.35481,76.91946,76.33501,76.65199,4735
2026-03-05 05:00:00,1,0.46956933138508694,0.5304306686149131,Hold,76.65199,77.355316,76.59256,77.008606,8489
2026-03-05 06:00:00,0,0.48653057800380917,0.5134694219961908,Hold,77.008606,77.01852,75.34441,75.84962,18028
2026-03-05 07:00:00,0,0.5294310898589872,0.47056891014101276,Sell,75.84962,76.59256,75.80999,76.43407,13341
2026-03-05 08:00:00,0,0.5588253177553117,0.44117468224468825,Sell,76.44397,76.92936,76.11707,76.275566,17684
2026-03-05 09:00:00,0,0.5618216472293054,0.4381783527706946,Sell,76.26566,76.40434,74.26467,75.68121,40073
2026-03-05 10:00:00,0,0.5630905036774578,0.43690949632254217,Sell,75.68121,75.97839,75.39394,75.80009,11495
2026-03-05 11:00:00,0,0.5460466019810488,0.4539533980189512,Sell,75.79018,76.45387,75.62178,76.33501,13984
2026-03-05 12:00:00,0,0.5508201582440084,0.44917984175599157,Sell,76.33501,76.760956,75.89915,76.4935,20314
2026-03-05 13:00:00,0,0.5403069969052539,0.45969300309474614,Sell,76.4836,76.65199,75.84962,76.41425,21173
2026-03-05 14:00:00,0,0.5290665510348393,0.47093344896516065,Sell,76.43407,77.63268,76.11707,77.23644,43484
2026-03-05 15:00:00,0,0.48041678663553156,0.5195832133644684,Hold,77.23644,78.30628,76.98879,77.91004,40435
2026-03-05 16:00:00,0,0.4249132114414166,0.5750867885585834,Hold,77.91995,79.21763,77.56334,78.48459,42074
2026-03-05 17:00:00,0,0.38673189314864714,0.6132681068513528,Hold,78.464775,79.049225,78.028915,78.900635,30282
2026-03-05 18:00:00,0,0.37410039091816877,0.6258996090818312,Hold,78.89073,80.38653,78.316185,80.079445,40065
2026-03-05 19:00:00,0,0.3420412770292156,0.6579587229707844,Hold,80.079445,80.951164,79.881325,80.84219,41485
2026-03-05 20:00:00,0,0.31670962051059004,0.68329037948941,Hold,80.852104,81.387024,78.64308,79.049225,48236
2026-03-05 21:00:00,0,0.31330004547862494,0.686699954521375,Hold,79.049225,79.22753,77.880325,78.127975,15739
2026-03-05 23:00:00,0,0.2902947845479154,0.7097052154520846,Hold,78.336,79.15819,78.23694,78.6728,5685
2026-03-06 00:00:00,0,0.32894422695659475,0.6710557730434052,Hold,78.69261,78.87092,77.791176,77.91995,5251
2026-03-06 01:00:00,0,0.34520389387847267,0.6547961061215273,Hold,77.929855,79.10866,77.50391,79.049225,14628
2026-03-06 02:00:00,0,0.35965584323355815,0.6403441567664419,Hold,79.059135,79.10866,78.40534,78.93035,5665
2026-03-06 03:00:00,0,0.38671733223362476,0.6132826677663752,Hold,78.92045,79.41575,78.73224,79.26716,5780
2026-03-06 04:00:00,0,0.42790688469441013,0.5720931153055899,Hold,79.26716,79.32659,79.03932,79.26716,3560
2026-03-06 05:00:00,0,0.4473250003959352,0.5526749996040647,Hold,79.25725,79.683205,78.94026,79.55443,7182
2026-03-06 06:00:00,0,0.48440408629319254,0.5155959137068075,Hold,79.56433,80.1785,79.494995,79.95067,8505
2026-03-06 07:00:00,0,0.5114575055718975,0.4885424944281025,Sell,79.94076,80.366714,79.52471,80.32709,11073
2026-03-06 08:00:00,0,0.5448937833106785,0.4551062166893215,Sell,80.317184,80.98088,80.079445,80.63417,20710
2026-03-06 09:00:00,0,0.5639240799995585,0.4360759200004415,Sell,80.604454,84.10124,80.416245,83.90313,43675
2026-03-06 10:00:00,0,0.5671263752402068,0.4328736247597932,Sell,83.90313,83.91303,82.74413,83.21962,35493
2026-03-06 11:00:00,0,0.5592995996088129,0.4407004003911871,Sell,83.22952,85.40883,83.150276,85.23052,40773
2026-03-06 12:00:00,0,0.5549702557383039,0.44502974426169606,Sell,85.22061,85.88431,84.507385,85.27014,38699
2026-03-06 13:00:00,0,0.5597153694074937,0.44028463059250633,Sell,85.28005,86.96406,84.071526,86.5381,60129
2026-03-06 14:00:00,0,0.5339225468340432,0.46607745316595683,Sell,86.52819,88.77684,86.211205,87.88531,77614
2026-03-06 15:00:00,0,0.5102128972611295,0.4897871027388705,Sell,87.89521,88.69759,86.67678,87.99427,62747
2026-03-06 16:00:00,0,0.4796498808039578,0.5203501191960422,Hold,87.99427,89.51978,87.380104,89.45044,53106
2026-03-06 17:00:00,0,0.46301975962097497,0.536980240379025,Hold,89.45044,91.73871,88.82637,91.530685,60184
2026-03-06 18:00:00,0,0.4153410866688337,0.5846589133311664,Hold,91.530685,91.63965,88.69759,90.73821,62801
2026-03-06 19:00:00,0,0.393314037310182,0.606685962689818,Hold,90.7184,90.847176,89.34148,90.49056,60718
2026-03-06 20:00:00,0,0.3812916138620715,0.6187083861379286,Hold,90.47075,90.52028,89.46034,89.83677,20196
2026-03-06 21:00:00,0,0.37339946877918045,0.6266005312208196,Hold,89.84668,90.66887,89.73771,90.411316,9264
2026-03-08 22:00:00,0,0.3728901074634193,0.6271098925365808,Hold,97.077995,110.193436,97.077995,105.93389,58106
2026-03-08 23:00:00,0,0.37006670063371605,0.629933299366284,Hold,105.88436,107.50893,104.06167,107.01363,27108
2026-03-09 00:00:00,0,0.3611537500168692,0.6388462499831308,Hold,107.04335,108.99482,105.448494,107.24147,29910
2026-03-09 01:00:00,0,0.37169860156686085,0.6283013984331391,Hold,107.25137,114.58176,107.04335,113.9874,35576
2026-03-09 02:00:00,1,0.35093278654745674,0.6490672134525433,Hold,113.99731,118.35591,111.005714,113.23455,56831
2026-03-09 03:00:00,1,0.40195765600980216,0.5980423439901978,Hold,113.254364,115.403946,110.133995,114.53223,24526
2026-03-09 04:00:00,1,0.4426891859234679,0.5573108140765322,Hold,114.54213,115.6714,113.51192,114.78978,12323
2026-03-09 05:00:00,0,0.5065186335552854,0.49348136644471463,Sell,114.75015,114.85912,102.06068,102.71446,50878
2026-03-09 06:00:00,0,0.49939607654097745,0.5006039234590225,Hold,102.734276,106.39947,99.078995,103.53666,47121
2026-03-09 07:00:00,0,0.5371163822678514,0.4628836177321486,Sell,103.47722,103.47722,99.40589,101.86256,25535
2026-03-09 08:00:00,0,0.5507849065700952,0.44921509342990484,Sell,101.87246,103.97252,100.5946,102.13001,20303
2026-03-09 09:00:00,0,0.5392182224392098,0.4607817775607902,Sell,102.13992,103.82393,95.34446,100.12902,30818
2026-03-09 10:00:00,0,0.5571785756769762,0.44282142432302385,Sell,100.13892,102.99183,99.67335,102.25879,19185
2026-03-09 11:00:00,0,0.56389198422374,0.43610801577626,Sell,102.248886,102.79371,100.60451,101.23848,14389
2026-03-09 12:00:00,0,0.5452537655649485,0.45474623443505147,Sell,101.18895,102.55597,99.178055,101.2682,27580
2026-03-09 13:00:00,0,0.5459948051327288,0.4540051948672712,Sell,101.24839,101.25829,96.27562,98.72238,62567
2026-03-09 14:00:00,1,0.5012048329516198,0.49879516704838023,Sell,98.71247,103.58618,98.4153,99.5842,52127
2026-03-09 15:00:00,1,0.5001866385888328,0.49981336141116717,Sell,99.57429,99.67335,93.759514,94.71048,59113
2026-03-09 16:00:00,0,0.4359461849036488,0.5640538150963512,Hold,94.68076,96.46383,92.19438,93.8982,51163
2026-03-09 17:00:00,1,0.4016530370865224,0.5983469629134777,Hold,93.88829,95.14634,93.323654,94.04678,21487
2026-03-09 18:00:00,1,0.35602212018469237,0.6439778798153076,Hold,94.02698,94.53217,90.76793,94.39349,48382
2026-03-09 19:00:00,0,0.34120947177561645,0.6587905282243836,Hold,94.38359,94.68076,80.42615,85.101746,68552
2026-03-09 20:00:00,0,0.30540421897596604,0.694595781024034,Hold,85.101746,88.00417,81.87241,84.27955,25345
2026-03-09 22:00:00,0,0.33099972347214407,0.669000276527856,Hold,84.943245,89.15326,84.220116,87.043304,21997
2026-03-09 23:00:00,0,0.3060538324422445,0.6939461675577555,Hold,87.132454,89.381096,86.29045,87.81596,9420
2026-03-10 00:00:00,0,0.34095596086476554,0.6590440391352345,Hold,87.81596,88.50938,84.358795,85.95365,19797
2026-03-10 01:00:00,0,0.36041984923975895,0.639580150760241,Hold,85.963554,86.19139,83.635666,84.10124,16336
2026-03-10 02:00:00,0,0.36954766202418604,0.630452337975814,Hold,84.11115,88.08342,83.90313,87.78625,12230
2026-03-10 03:00:00,0,0.39598563099464956,0.6040143690053504,Hold,87.77634,90.61934,87.32067,88.99477,17101
2026-03-10 04:00:00,0,0.4229771935631731,0.5770228064368269,Hold,89.06411,90.2231,88.76693,89.64856,8291
2026-03-10 05:00:00,0,0.4465360476092746,0.5534639523907254,Hold,89.64856,89.65846,86.607445,88.212204,11661
2026-03-10 06:00:00,0,0.4560171447631023,0.5439828552368977,Hold,88.24192,89.20279,87.043304,88.95515,10627
2026-03-10 07:00:00,0,0.48297585247117863,0.5170241475288213,Hold,88.93533,89.20279,84.73522,85.01259,20791
2026-03-10 08:00:00,0,0.5098400669012495,0.4901599330987505,Sell,84.98287,87.81596,84.457855,87.7169,21409
2026-03-10 09:00:00,0,0.5329531011283466,0.4670468988716534,Sell,87.73672,87.91502,85.11165,86.122055,16580
2026-03-10 10:00:00,0,0.5180794655760447,0.4819205344239553,Sell,86.122055,89.32166,85.93384,87.95464,19262
2026-03-10 11:00:00,1,0.5178524855559232,0.4821475144440768,Sell,87.93484,89.02448,85.587135,88.36079,20664
2026-03-10 12:00:00,1,0.4941307451536948,0.5058692548463052,Hold,88.34098,90.24291,87.91502,88.69759,29034
2026-03-10 13:00:00,0,0.5050926535372648,0.49490734646273515,Sell,88.68768,88.68768,86.3697,86.76594,37451
2026-03-10 14:00:00,0,0.489293649493241,0.510706350506759,Hold,86.75603,87.65747,82.22903,83.42764,53204
2026-03-10 15:00:00,0,0.42547269018725,0.57452730981275,Hold,83.42764,84.11115,82.03091,83.54652,45581
2026-03-10 16:00:00,0,0.3910876257987258,0.6089123742012742,Hold,83.51679,84.992775,81.29787,81.56533,36128
2026-03-10 17:00:00,0,0.3695798067478445,0.6304201932521555,Hold,81.535614,81.93185,76.00811,79.445465,95583
2026-03-10 18:00:00,0,0.3570969911144639,0.6429030088855361,Hold,79.42565,85.864494,78.87092,83.31868,67273
2026-03-10 19:00:00,0,0.3334944049836208,0.6665055950163792,Hold,83.31868,86.97396,83.13046,85.83478,30920
2026-03-10 20:00:00,0,0.3006045159232279,0.6993954840767721,Hold,85.84469,86.41923,84.953156,85.577225,9305
2026-03-10 22:00:00,0,0.29207035004186965,0.7079296499581303,Hold,86.072525,87.75653,85.89422,87.479164,6111
2026-03-10 23:00:00,0,0.3191641179246339,0.6808358820753662,Hold,87.45935,87.48907,84.43804,84.854095,9660
2026-03-11 00:00:00,0,0.3208199535675948,0.6791800464324051,Hold,84.88381,84.98287,81.0205,82.1894,20915
2026-03-11 01:00:00,0,0.32653777540401036,0.6734622245959896,Hold,82.1894,83.71491,81.6842,82.33799,11559
2026-03-11 02:00:00,0,0.3377621661896374,0.6622378338103626,Hold,82.32809,84.28946,82.1894,83.3484,8642
2026-03-11 03:00:00,0,0.3865863023393295,0.6134136976606706,Hold,83.36821,83.54652,81.8526,82.09034,7114
2026-03-11 04:00:00,0,0.4048385443836903,0.5951614556163096,Hold,82.10025,82.78376,81.59505,82.29837,5369
2026-03-11 05:00:00,0,0.45423753818130896,0.545762461818691,Hold,82.28846,83.49699,82.15968,83.21962,5938
2026-03-11 06:00:00,0,0.4750832472798042,0.5249167527201958,Hold,83.21962,83.76444,82.33799,82.78376,7149
2026-03-11 07:00:00,0,0.4812972279419599,0.5187027720580402,Hold,82.78376,84.98287,82.55592,84.68569,16320
2026-03-11 08:00:00,0,0.4997157225742358,0.5002842774257642,Hold,84.64607,86.013084,84.11115,85.71591,19142
2026-03-11 09:00:00,0,0.49009222798844904,0.509907772011551,Hold,85.71591,88.15276,85.49798,87.92493,22653
2026-03-11 10:00:00,0,0.5130184850879131,0.48698151491208685,Sell,87.91502,87.91502,83.883316,84.14087,23442
2026-03-11 11:00:00,0,0.4940292696790055,0.5059707303209945,Hold,84.170586,86.47867,83.873405,85.864494,20828
2026-03-11 12:00:00,0,0.48457502308903794,0.515424976910962,Hold,85.83478,87.25133,85.379105,86.38951,19022
2026-03-11 13:00:00,0,0.5079347031702773,0.49206529682972266,Sell,86.38951,86.48857,82.73423,83.26915,36971
2026-03-11 14:00:00,0,0.44582414250795543,0.5541758574920446,Hold,83.29887,86.2013,81.22853,85.379105,47587
2026-03-11 15:00:00,0,0.40917475537510895,0.590825244624891,Hold,85.39892,86.845184,84.943245,86.77584,23713
2026-03-11 16:00:00,0,0.3741388933826518,0.6258611066173482,Hold,86.80556,87.79615,86.072525,86.310265,24498
2026-03-11 17:00:00,0,0.3351512374218249,0.6648487625781752,Hold,86.30036,87.5485,85.3692,87.033394,25625
2026-03-11 18:00:00,0,0.3196508865738606,0.6803491134261395,Hold,87.02349,87.61784,85.874405,86.42914,34807
2026-03-11 19:00:00,0,0.29735671575265593,0.702643284247344,Hold,86.43904,87.25133,86.13196,87.16217,7496
2026-03-11 20:00:00,0,0.27391475317806496,0.726085246821935,Hold,87.16217,87.78625,86.97396,87.578224,6626
2026-03-11 22:00:00,0,0.30115382188046347,0.6988461781195365,Hold,88.47966,92.13494,87.77634,89.965546,17650
2026-03-11 23:00:00,0,0.3143831548897415,0.6856168451102584,Hold,90.015076,93.49206,89.866486,91.619835,16407
2026-03-12 00:00:00,0,0.3349841742763203,0.6650158257236797,Hold,91.59012,93.31375,90.985855,92.253815,15538
2026-03-12 01:00:00,0,0.36882907787564495,0.6311709221243551,Hold,92.24391,92.80855,90.837265,92.352875,11695
2026-03-12 02:00:00,0,0.3656743119649339,0.6343256880350661,Hold,92.37269,95.06709,92.32316,93.63074,13442
2026-03-12 03:00:00,0,0.40288748738656827,0.5971125126134318,Hold,93.68027,94.64114,92.986855,93.59111,11372
2026-03-12 04:00:00,0,0.45023521550799245,0.5497647844920075,Hold,93.55149,94.33406,93.15525,93.93782,5163
2026-03-12 05:00:00,0,0.47781385279030636,0.5221861472096936,Hold,93.908104,93.908104,91.481155,92.19438,15602
2026-03-12 06:00:00,0,0.4903828396277136,0.5096171603722863,Hold,92.19438,92.84817,90.460846,91.68918,11817
2026-03-12 07:00:00,0,0.5103612880856525,0.4896387119143475,Sell,91.65946,91.65946,89.03439,89.59903,16148
2026-03-12 08:00:00,0,0.5387773601009264,0.46122263989907364,Sell,89.58913,91.629745,89.39101,91.24341,15505
2026-03-12 09:00:00,0,0.5517591418684679,0.44824085813153214,Sell,91.21369,92.006165,90.19338,90.3816,12201
2026-03-12 10:00:00,0,0.5360713648517919,0.46392863514820815,Sell,90.361786,90.985855,89.816956,90.213196,12506
2026-03-12 11:00:00,0,0.5432347657058408,0.45676523429415916,Sell,90.2231,91.97645,90.14385,91.79814,12070
2026-03-12 12:00:00,0,0.5349351649505022,0.4650648350494978,Sell,91.77833,92.70949,91.51087,92.02598,14752
2026-03-12 13:00:00,0,0.5452507573275318,0.4547492426724682,Sell,92.006165,94.30434,91.69908,93.88829,36919
2026-03-12 14:00:00,0,0.49357978124514573,0.5064202187548543,Hold,93.908104,95.30484,93.323654,94.77982,39085
2026-03-12 15:00:00,0,0.4523268772170775,0.5476731227829226,Hold,94.76992,96.27562,93.4128,93.670364,46320
2026-03-12 16:00:00,0,0.410055885336219,0.5899441146637809,Hold,93.65055,94.8987,92.154755,93.93782,30967
2026-03-12 17:00:00,0,0.3733372913627774,0.6266627086372226,Hold,93.92792,94.63123,93.33356,93.48215,16566
2026-03-12 18:00:00,0,0.3503464268370547,0.6496535731629454,Hold,93.48215,95.810036,93.036385,95.63173,25248
2026-03-12 19:00:00,0,0.31864992255335073,0.6813500774466492,Hold,95.65154,96.04778,94.52227,95.4138,13837
2026-03-12 20:00:00,0,0.307559972583569,0.6924400274164311,Hold,95.423706,95.7506,94.80954,95.48315,6824
2026-03-12 22:00:00,0,0.29042094615367586,0.7095790538463241,Hold,95.82985,97.16715,94.78973,95.31474,8952
2026-03-12 23:00:00,0,0.3014339077006382,0.6985660922993617,Hold,95.35437,96.5827,95.33456,95.70107,4483
2026-03-13 00:00:00,0,0.34560280360039064,0.6543971963996094,Hold,95.66145,95.81995,93.93782,94.67086,9085
2026-03-13 01:00:00,0,0.37105224747762666,0.6289477525223733,Hold,94.67086,95.31474,93.76942,94.80954,8719
2026-03-13 02:00:00,0,0.3676494062243949,0.6323505937756051,Hold,94.79964,95.572296,94.41331,95.34446,5174
2026-03-13 03:00:00,0,0.4054419320873722,0.5945580679126278,Hold,95.34446,95.70107,94.29443,94.67086,5102
2026-03-13 04:00:00,0,0.44673098925717064,0.5532690107428293,Hold,94.64114,94.96803,94.33406,94.37368,3025
2026-03-13 05:00:00,0,0.4781387827823131,0.5218612172176869,Hold,94.37368,94.73029,93.99725,94.22509,4466
2026-03-13 06:00:00,0,0.5143737641882068,0.4856262358117932,Sell,94.235,95.423706,93.63074,95.29493,7453
2026-03-13 07:00:00,0,0.5688824839419506,0.4311175160580494,Sell,95.31474,96.68176,95.13644,96.26571,11688
2026-03-13 08:00:00,0,0.58194973591745,0.41805026408254997,Sell,96.22609,96.9195,94.5817,94.76001,15804
2026-03-13 09:00:00,0,0.5915872687841006,0.4084127312158994,Sell,94.75011,95.374176,94.08641,94.87888,11513
2026-03-13 10:00:00,0,0.577992693950368,0.422007306049632,Sell,94.85907,95.03738,92.48165,92.79864,15802
2026-03-13 11:00:00,0,0.564321544629767,0.435678455370233,Sell,92.788734,94.14584,92.24391,92.550995,17618
2026-03-13 12:00:00,0,0.5607901921626939,0.4392098078373061,Sell,92.5708,93.50196,91.17407,92.689674,22236
2026-03-13 13:00:00,0,0.5595188310981534,0.44048116890184663,Sell,92.70949,93.69017,92.02598,93.54159,30161
2026-03-13 14:00:00,0,0.5325202311742552,0.4674797688257448,Sell,93.53168,94.85907,93.135445,94.740204,21388
2026-03-13 15:00:00,0,0.4642120943265522,0.5357879056734478,Hold,94.73029,95.91901,94.50246,95.48315,25224
2026-03-13 16:00:00,0,0.43258567332210374,0.5674143266778963,Hold,95.49305,96.63223,95.31474,95.96854,20983
2026-03-13 17:00:00,0,0.40973389322208503,0.5902661067779149,Hold,95.958626,97.29593,95.48315,97.05818,20314
2026-03-13 18:00:00,0,0.3841746277057811,0.6158253722942189,Hold,97.038376,98.385574,96.0874,96.53317,34313
2026-03-13 19:00:00,0,0.387104269439614,0.6128957305603859,Hold,96.56289,97.424706,96.32515,97.26621,9061
2026-03-13 20:00:00,0,0.37076784901647836,0.6292321509835217,Hold,97.28602,98.385574,97.276115,98.37567,8202
2026-03-15 22:00:00,0,0.3117904812651436,0.6882095187348565,Hold,99.98043,101.47623,98.40539,98.66294,18008
2026-03-15 23:00:00,0,0.30230924287525796,0.697690757124742,Hold,98.65304,99.49504,97.474236,97.84075,10998
2026-03-16 00:00:00,0,0.3142021845002363,0.6857978154997637,Hold,97.85066,97.93981,96.42421,96.56289,10450
2026-03-16 01:00:00,0,0.3281686475762727,0.6718313524237274,Hold,96.552986,97.860565,95.82985,97.563385,9259
2026-03-16 02:00:00,0,0.3227181574563633,0.6772818425436367,Hold,97.5832,98.445015,97.18696,97.98934,7803
2026-03-16 03:00:00,0,0.3831860933972137,0.6168139066027862,Hold,98.009155,98.40539,97.622826,98.31624,4903
2026-03-16 04:00:00,0,0.4163733007268236,0.5836266992731765,Hold,98.33605,98.85116,98.28652,98.593605,2587
2026-03-16 05:00:00,0,0.47844925468370864,0.5215507453162913,Hold,98.61341,98.80163,97.39499,97.523766,4296
2026-03-16 06:00:00,0,0.49833427678043457,0.5016657232195654,Hold,97.523766,98.7521,97.19687,97.97944,5352
2026-03-16 07:00:00,1,0.5478009193293534,0.4521990806706466,Sell,97.98934,100.07949,97.662445,99.54457,11327
2026-03-16 08:00:00,1,0.5680825904085741,0.4319174095914259,Sell,99.564384,99.950714,98.60351,98.831345,12011
2026-03-16 09:00:00,1,0.5841850794988842,0.4158149205011158,Sell,98.82144,99.33655,97.68226,98.21718,8783
2026-03-16 10:00:00,0,0.5535847441820816,0.4464152558179184,Sell,98.17755,98.36577,95.76051,95.92891,13908
2026-03-16 11:00:00,0,0.5433190441624017,0.45668095583759827,Sell,95.91901,96.89969,95.7506,96.0775,12970
2026-03-16 12:00:00,0,0.5582477458589044,0.44175225414109565,Sell,96.107216,96.48364,93.670364,94.36378,24573
2026-03-16 13:00:00,0,0.5570945711532568,0.4429054288467432,Sell,94.38359,94.78973,92.09532,92.47175,34690
2026-03-16 14:00:00,0,0.523285457407713,0.47671454259228696,Sell,92.46184,94.52227,92.12504,94.26472,28787
2026-03-16 15:00:00,0,0.4766873370410667,0.5233126629589333,Hold,94.25481,94.83926,93.64064,94.5619,18827
2026-03-16 16:00:00,0,0.44067966591276075,0.5593203340872392,Hold,94.5817,95.67136,94.007164,94.67086,17927
2026-03-16 17:00:00,0,0.4178502905035433,0.5821497094964567,Hold,94.67086,94.70058,92.838264,93.4128,27295
2026-03-16 18:00:00,0,0.36056344804642687,0.6394365519535732,Hold,93.4128,93.68027,92.09532,92.600525,24886
2026-03-16 19:00:00,0,0.3549453024499359,0.6450546975500642,Hold,92.61043,93.86848,92.055695,92.491554,12517
2026-03-16 20:00:00,0,0.3581168020573702,0.6418831979426298,Hold,92.501465,93.521774,92.21419,93.33356,7643
2026-03-16 22:00:00,0,0.32658418375316006,0.67341581624684,Hold,93.521774,94.42321,92.99676,94.0666,4075
2026-03-16 23:00:00,0,0.33538405165275503,0.6646159483472449,Hold,94.0765,94.42321,93.58121,94.03688,3253
2026-03-17 00:00:00,0,0.31906737790359313,0.6809326220964069,Hold,94.01707,95.45342,93.94772,94.99776,4934
2026-03-17 01:00:00,0,0.32826693311638167,0.6717330668836183,Hold,95.04729,95.28503,94.28453,94.92841,5930
2026-03-17 02:00:00,0,0.3268448456006059,0.6731551543993941,Hold,94.91851,95.25531,94.67086,95.08691,3134
2026-03-17 03:00:00,0,0.35470557141803133,0.6452944285819686,Hold,95.06709,95.39399,94.83926,95.13644,3006
2026-03-17 04:00:00,0,0.39610864566508014,0.6038913543349198,Hold,95.12653,95.38409,94.52227,94.93832,2055
2026-03-17 05:00:00,0,0.4608589555977991,0.5391410444022009,Hold,94.94823,97.06809,94.38359,96.889786,5399
2026-03-17 06:00:00,0,0.47505241260623554,0.5249475873937645,Hold,96.9096,97.49405,96.107216,96.63223,8066
2026-03-17 07:00:00,0,0.5312588715465842,0.46874112845341576,Sell,96.602516,96.83035,95.58221,96.008156,6723
2026-03-17 08:00:00,0,0.544720633344748,0.45527936665525204,Sell,95.97844,96.99875,95.810036,96.53317,8087
2026-03-17 09:00:00,0,0.5686700968130123,0.4313299031869877,Sell,96.543076,96.552986,94.73029,94.98785,7612
2026-03-17 10:00:00,0,0.5588905411143795,0.4411094588856205,Sell,94.99776,96.01807,94.97794,95.29493,4424
2026-03-17 11:00:00,0,0.5447275113859861,0.4552724886140139,Sell,95.29493,96.107216,95.25531,95.99825,5200
2026-03-17 12:00:00,0,0.5620789951586429,0.4379210048413571,Sell,95.99825,96.107216,94.21519,94.22509,9294
2026-03-17 13:00:00,0,0.5349906119002079,0.4650093880997921,Sell,94.25481,94.46284,92.94723,94.22509,16821
2026-03-17 14:00:00,0,0.5213524339902993,0.4786475660097007,Sell,94.22509,94.66095,92.986855,93.30384,16041
2026-03-17 15:00:00,0,0.5116419612559221,0.4883580387440779,Sell,93.323654,95.077,93.036385,94.77982,17817
2026-03-17 16:00:00,0,0.4666298321120282,0.5333701678879719,Hold,94.77982,94.93832,93.46233,94.155754,17023
2026-03-17 17:00:00,0,0.4474363258212954,0.5525636741787046,Hold,94.17556,95.13644,94.0765,94.85907,16237
2026-03-17 18:00:00,0,0.37408700538408435,0.6259129946159157,Hold,94.84917,95.46333,94.48264,95.06709,15992
2026-03-17 19:00:00,0,0.3605526069101307,0.6394473930898693,Hold,95.05719,95.423706,94.76001,95.2454,4276
2026-03-17 20:00:00,0,0.3268789833726088,0.6731210166273912,Hold,95.25531,95.4138,94.92841,95.11662,2681
2026-03-17 22:00:00,0,0.2939668241708224,0.7060331758291776,Hold,95.09682,95.50295,94.106224,94.94823,2010
2026-03-17 23:00:00,0,0.3095464917386131,0.690453508261387,Hold,94.8987,95.44352,94.76001,95.09682,1026
2026-03-18 00:00:00,0,0.31375925917473346,0.6862407408252665,Hold,95.09682,95.11662,93.759514,93.92792,1421
2026-03-18 01:00:00,0,0.32356140371387854,0.6764385962861215,Hold,93.88829,94.29443,93.59111,94.11613,922
2026-03-18 02:00:00,0,0.34519011730533083,0.6548098826946691,Hold,94.08641,94.29443,93.10572,93.65055,966
2026-03-18 03:00:00,0,0.3930339546705776,0.6069660453294223,Hold,93.65055,93.74961,92.17457,92.303345,2145
2026-03-18 04:00:00,0,0.43807785518081255,0.5619221448191875,Hold,92.31325,92.442024,91.966545,92.28353,1806
2026-03-18 05:00:00,0,0.46610121600076265,0.5338987839992373,Hold,92.28353,92.67977,91.60993,91.78824,1882
2026-03-18 06:00:00,0,0.49899759812838723,0.5010024018716128,Hold,91.817955,92.491554,91.094826,92.38259,2107
2026-03-18 07:00:00,0,0.53646914321499,0.46353085678501005,Sell,92.31325,92.877884,92.17457,92.81845,1668
2026-03-18 08:00:00,0,0.5230997260668419,0.47690027393315815,Sell,92.82836,93.7397,92.739204,93.393,3996
2026-03-18 09:00:00,0,0.5212542138724724,0.4787457861275276,Sell,93.38309,94.056694,93.2345,93.858574,1641
2026-03-18 10:00:00,0,0.5386054291142852,0.4613945708857148,Sell,93.86848,94.0765,93.56139,93.82886,1574
2026-03-18 11:00:00,0,0.5330204657253851,0.4669795342746149,Sell,93.82886,95.08691,93.422714,94.18547,3757
2026-03-18 12:00:00,0,0.5664685416396352,0.4335314583603648,Sell,94.18547,97.14734,94.11613,97.028465,7922
2026-03-18 13:00:00,0,0.5353212984609084,0.46467870153909163,Sell,96.879875,98.16765,96.63223,97.97944,7533
2026-03-18 14:00:00,0,0.5393136387382843,0.4606863612617157,Sell,98.009155,98.47473,97.325645,97.92991,5559
2026-03-18 15:00:00,0,0.5209775909666353,0.4790224090333647,Sell,97.93981,98.435104,96.95913,97.30583,7041
2026-03-18 16:00:00,0,0.4806293155320703,0.5193706844679298,Hold,97.226585,97.513855,96.543076,97.127525,5292
2026-03-18 17:00:00,0,0.4681167365461822,0.5318832634538178,Hold,97.127525,97.70207,95.11662,95.26521,5827
2026-03-18 18:00:00,0,0.39623248258412286,0.6037675174158772,Hold,95.30484,96.453926,94.4034,96.28552,7671
2026-03-18 19:00:00,0,0.3623929486196066,0.6376070513803934,Hold,96.305336,97.84075,95.909096,97.53367,2800
2026-03-18 20:00:00,0,0.36326982318108525,0.6367301768189148,Hold,97.55348,99.604004,97.43461,98.880875,2526
2026-03-18 22:00:00,0,0.3374069590144514,0.6625930409855486,Hold,98.197365,98.593605,97.50395,98.11812,922
2026-03-18 23:00:00,0,0.3442901370406505,0.6557098629593495,Hold,98.0884,98.544075,97.325645,98.197365,616
2026-03-19 00:00:00,0,0.3618047079474036,0.6381952920525964,Hold,98.197365,99.05638,98.04754,98.24731,12853
2026-03-19 01:00:00,0,0.37850532843971135,0.6214946715602887,Hold,98.24731,98.54697,97.30839,97.93766,10805
2026-03-19 02:00:00,0,0.3737413611169062,0.6262586388830937,Hold,97.93766,98.137436,95.6403,96.079796,17367
2026-03-19 03:00:00,0,0.4073707949092681,0.5926292050907319,Hold,96.079796,96.439384,95.74018,96.359474,6931
2026-03-19 04:00:00,0,0.4306267594909702,0.5693732405090298,Hold,96.36946,96.72905,96.18967,96.4194,4056
2026-03-19 05:00:00,0,0.44841631407618815,0.5515836859238119,Hold,96.39943,97.158554,95.85006,96.36946,8023
2026-03-19 06:00:00,0,0.4691562176964456,0.5308437823035543,Hold,96.3395,96.69908,95.92997,96.22962,8687
2026-03-19 07:00:00,0,0.5091588987813069,0.49084110121869307,Sell,96.219635,96.878876,95.21079,96.65913,19313
2026-03-19 08:00:00,0,0.5413192857246516,0.4586807142753484,Sell,96.63915,97.18852,95.70023,96.67911,19001
2026-03-19 09:00:00,0,0.5353715104815977,0.4646284895184023,Sell,96.67911,98.84662,94.301834,95.05097,41140
2026-03-19 10:00:00,0,0.5312680415625267,0.4687319584374733,Sell,95.05097,96.38944,94.75132,96.11975,20456
2026-03-19 11:00:00,0,0.5136033582236612,0.4863966417763388,Sell,96.11975,97.62802,95.84007,96.52928,14811
2026-03-19 12:00:00,0,0.5242305279131058,0.47576947208689424,Sell,96.55924,96.82893,95.16085,96.17968,23469
2026-03-19 13:00:00,0,0.5179607896463825,0.4820392103536175,Sell,96.17968,97.13858,95.25075,95.97991,41511
2026-03-19 14:00:00,0,0.49059993329053586,0.5094000667094641,Hold,95.96992,97.12859,95.670265,96.38944,28418
2026-03-19 15:00:00,1,0.4665642920961113,0.5334357079038887,Hold,96.39943,100.364876,95.58037,97.96763,66671
2026-03-19 16:00:00,0,0.44712965291987217,0.5528703470801278,Hold,97.93766,98.55695,96.52928,97.02871,35529
2026-03-19 17:00:00,0,0.4214557801654577,0.5785442198345423,Hold,97.018715,97.16855,95.01102,95.69024,28235
2026-03-19 18:00:00,0,0.3693926814277928,0.6306073185722072,Hold,95.69024,96.08978,94.052124,94.87118,35450
2026-03-19 19:00:00,0,0.3592745607517871,0.6407254392482129,Hold,94.86119,95.19081,91.994484,94.12204,42874
2026-03-19 20:00:00,0,0.3247793482388102,0.6752206517611898,Hold,94.11205,94.66142,93.862335,94.48163,7314
2026-03-19 22:00:00,0,0.31322512523891677,0.6867748747610832,Hold,94.351776,94.69138,93.84236,93.88232,2250
2026-03-19 23:00:00,0,0.32006815302128105,0.679931846978719,Hold,93.84236,94.04213,93.51274,93.85235,2286
2026-03-20 00:00:00,0,0.3640231573416624,0.6359768426583376,Hold,93.85235,94.34179,93.29299,94.09207,5603
2026-03-20 01:00:00,0,0.38711786614994226,0.6128821338500577,Hold,94.06211,94.241905,92.36406,92.86349,11139
2026-03-20 02:00:00,0,0.38626992462457505,0.6137300753754249,Hold,92.85349,93.612625,92.75361,93.5527,6754
2026-03-20 03:00:00,0,0.4083362194626733,0.5916637805373267,Hold,93.5427,94.052124,93.27301,93.76245,4006
2026-03-20 04:00:00,0,0.4444825348732974,0.5555174651267025,Hold,93.74248,93.96223,93.30298,93.942245,2507
2026-03-20 05:00:00,0,0.47891158954180985,0.5210884104581901,Hold,93.95223,94.12204,93.18312,93.33295,4627
2026-03-20 06:00:00,0,0.526360362028262,0.473639637971738,Sell,93.33295,94.64144,93.32296,94.40172,5807
2026-03-20 07:00:00,0,0.5336671142979189,0.4663328857020811,Sell,94.40172,94.67141,93.43283,93.58266,7809
2026-03-20 08:00:00,0,0.5709994348401622,0.42900056515983775,Sell,93.5527,95.41056,93.18312,95.3806,18527
2026-03-20 09:00:00,0,0.5512875254377522,0.44871247456224783,Sell,95.36062,96.04983,94.97107,95.77015,15051
2026-03-20 10:00:00,0,0.5687653824546407,0.4312346175453593,Sell,95.77015,96.3395,95.19081,95.33065,10178
2026-03-20 11:00:00,0,0.5765537512665561,0.42344624873344394,Sell,95.32066,95.40057,93.97221,94.082085,12782
2026-03-20 12:00:00,0,0.5592073419820625,0.44079265801793754,Sell,94.0721,95.09093,93.79242,94.89116,15539
2026-03-20 13:00:00,0,0.5551651206731205,0.4448348793268795,Sell,94.89116,96.10976,94.67141,95.919975,24205
2026-03-20 14:00:00,0,0.5208063043052482,0.4791936956947518,Sell,95.9,96.958786,95.17084,96.73904,22443
2026-03-20 15:00:00,0,0.49780306446236455,0.5021969355376354,Hold,96.72905,96.92882,95.58037,96.44937,24614
2026-03-20 16:00:00,0,0.43675346688720373,0.5632465331127963,Hold,96.44937,97.66798,96.11975,97.428246,19826
2026-03-20 17:00:00,0,0.4224824427656883,0.5775175572343116,Hold,97.428246,98.39713,97.26843,97.9077,26762
2026-03-20 18:00:00,0,0.3870829347012756,0.6129170652987244,Hold,97.9077,98.63686,96.82893,98.47704,43671
2026-03-20 19:00:00,0,0.3893357097063604,0.6106642902936397,Hold,98.47704,98.63686,97.28841,97.36832,15071
2026-03-20 20:00:00,0,0.37299660677244445,0.6270033932275556,Hold,97.3783,98.04754,97.32836,97.977615,7039
2026-03-22 22:00:00,0,0.30970152928269057,0.6902984707173094,Hold,100.394844,101.38371,96.63915,97.96763,21666
2026-03-22 23:00:00,0,0.2974013610876559,0.7025986389123441,Hold,97.977615,98.666824,97.707924,98.47704,4523
2026-03-23 00:00:00,0,0.3139333752184943,0.6860666247815057,Hold,98.46706,98.826645,97.787834,98.04754,5757
2026-03-23 01:00:00,0,0.3260742800903545,0.6739257199096456,Hold,98.04754,98.63686,97.87773,98.46706,7385
2026-03-23 02:00:00,0,0.3222531680978079,0.6777468319021921,Hold,98.45707,98.99645,98.28726,98.7767,5320
2026-03-23 03:00:00,0,0.3559271763309895,0.6440728236690105,Hold,98.7767,99.216194,98.746735,99.09634,2993
2026-03-23 04:00:00,0,0.3901212285899456,0.6098787714100544,Hold,99.09634,99.18623,98.686806,98.7767,2124
2026-03-23 05:00:00,0,0.42793624398028707,0.5720637560197129,Hold,98.78669,98.87659,97.84776,98.37716,4867
2026-03-23 06:00:00,1,0.4392459471067534,0.5607540528932466,Hold,98.387146,100.724464,98.26729,100.45477,14058
2026-03-23 07:00:00,1,0.4504467547253303,0.5495532452746696,Hold,100.4348,101.55351,100.21505,100.98417,10772
2026-03-23 08:00:00,1,0.49927627377099243,0.5007237262290076,Hold,100.98417,100.98417,99.22619,99.22619,18330
2026-03-23 09:00:00,1,0.5335977339194935,0.4664022660805065,Sell,99.20621,99.32607,97.9976,98.7767,12839
2026-03-23 10:00:00,1,0.5390071426366201,0.4609928573633799,Sell,98.766716,99.316086,97.28841,98.47704,9686
2026-03-23 11:00:00,0,0.4769454177808551,0.5230545822191449,Hold,98.46706,98.65684,84.27334,92.39402,71371
2026-03-23 12:00:00,0,0.46531309222675754,0.5346869077732425,Hold,92.38403,93.21308,88.4885,89.29758,37921
2026-03-23 13:00:00,0,0.4428261071082782,0.5571738928917218,Hold,89.26761,91.18541,88.02903,89.03787,39713
2026-03-23 14:00:00,0,0.44490319114390064,0.5550968088560994,Hold,89.04786,90.20653,87.86921,89.14774,35005
2026-03-23 15:00:00,0,0.4348967504828958,0.5651032495171042,Hold,89.14774,90.72594,85.33212,90.39632,68148
2026-03-23 16:00:00,0,0.39492796406948644,0.6050720359305135,Hold,90.36635,91.76475,89.007904,89.54729,40683
2026-03-23 17:00:00,0,0.3768498650127269,0.6231501349872731,Hold,89.54729,90.20653,88.398605,88.5784,25995
2026-03-23 18:00:00,0,0.3418665248294715,0.6581334751705286,Hold,88.56841,89.40745,86.63063,87.6195,33094
2026-03-23 19:00:00,0,0.3451773595696258,0.6548226404303742,Hold,87.59952,88.74821,87.329834,88.60837,9921
2026-03-23 20:00:00,0,0.3269862740331953,0.6730137259668048,Hold,88.59837,89.357506,88.288734,88.76818,5110
2026-03-23 22:00:00,0,0.3188106019339544,0.6811893980660456,Hold,88.67828,89.39746,88.618355,89.027885,2014
2026-03-23 23:00:00,0,0.33029187856154674,0.6697081214384533,Hold,89.027885,89.48736,88.398605,89.34752,3037
2026-03-24 00:00:00,0,0.31304268790486117,0.6869573120951389,Hold,89.337524,90.895744,89.247635,90.30642,10418
2026-03-24 01:00:00,0,0.33220791806274313,0.6677920819372569,Hold,90.296425,91.79471,90.28644,91.42513,7563
2026-03-24 02:00:00,0,0.328242016142561,0.671757983857439,Hold,91.415146,91.89459,90.845795,91.15544,6461
2026-03-24 03:00:00,0,0.358639484504598,0.6413605154954021,Hold,91.17542,91.75475,91.13547,91.52502,2664
2026-03-24 04:00:00,0,0.3613382220967117,0.6386617779032884,Hold,91.51503,91.93455,91.365204,91.415146,2615
2026-03-24 05:00:00,0,0.37806332199424575,0.6219366780057543,Hold,91.43512,92.184265,91.20538,91.475075,4519
2026-03-24 06:00:00,0,0.41846247093087247,0.5815375290691276,Hold,91.48506,91.554985,90.50619,90.73592,7073
2026-03-24 07:00:00,0,0.45456538407852753,0.5454346159214725,Hold,90.7559,90.97565,89.28758,89.337524,12454
2026-03-24 08:00:00,0,0.47049107505391247,0.5295089249460876,Hold,89.34752,90.705956,89.007904,90.436264,17924
2026-03-24 09:00:00,0,0.4790340756995519,0.5209659243004481,Hold,90.436264,91.34522,90.16658,90.296425,8824
2026-03-24 10:00:00,0,0.4860942686393743,0.5139057313606257,Hold,90.31641,90.536156,89.32754,90.266464,7916
2026-03-24 11:00:00,0,0.44793389409124124,0.5520661059087588,Hold,90.266464,91.32525,89.86692,90.76589,10581
2026-03-24 12:00:00,0,0.42628306324485843,0.5737169367551416,Hold,90.7559,92.104355,90.675995,91.694824,16008
2026-03-24 13:00:00,0,0.4451620432762215,0.5548379567237784,Hold,91.68484,92.573814,91.335236,91.964516,26495
2026-03-24 14:00:00,0,0.44299034875308124,0.5570096512469187,Hold,91.9745,92.20424,90.41629,91.04557,33830
2026-03-24 15:00:00,1,0.40489628418533496,0.595103715814665,Hold,91.04557,92.28415,90.456245,92.12433,20597
2026-03-24 16:00:00,1,0.40138958325815616,0.5986104167418438,Hold,92.11434,92.78358,91.81469,92.53386,18440
2026-03-24 17:00:00,1,0.35182742307803605,0.648172576921964,Hold,92.56383,93.25304,91.085526,91.65487,23885
2026-03-24 18:00:00,1,0.31323364780426044,0.6867663521957396,Hold,91.664856,92.513885,90.845795,91.65487,25616
2026-03-24 19:00:00,1,0.3183513794437909,0.6816486205562091,Hold,91.65487,91.884605,91.05556,91.79471,6688
2026-03-24 20:00:00,0,0.2889342284703831,0.7110657715296169,Hold,91.79471,91.84465,86.24108,88.288734,28912
2026-03-24 22:00:00,0,0.26064698400938296,0.739353015990617,Hold,88.38862,89.25762,87.69941,88.67828,5434
2026-03-24 23:00:00,0,0.260802390404337,0.7391976095956629,Hold,88.648315,88.89803,88.40859,88.758194,2565
2026-03-25 00:00:00,0,0.2817682420443008,0.7182317579556992,Hold,88.788155,88.89803,86.62064,87.689415,10856
2026-03-25 01:00:00,0,0.3231418969168374,0.6768581030831626,Hold,87.689415,87.97909,86.69057,87.48965,6823
2026-03-25 02:00:00,0,0.31178527294958275,0.6882147270504173,Hold,87.49963,89.06784,87.219955,88.89803,4974
2026-03-25 03:00:00,0,0.3399274185145083,0.6600725814854917,Hold,88.928,89.12777,88.26875,88.84809,4269
2026-03-25 04:00:00,0,0.35757165813625874,0.6424283418637413,Hold,88.85808,88.99792,88.178856,88.2288,2850
2026-03-25 05:00:00,0,0.38680407217529367,0.6131959278247063,Hold,88.26875,89.247635,88.258766,89.06784,2884
2026-03-25 06:00:00,0,0.39739762820743424,0.6026023717925657,Hold,89.04786,89.46738,88.808136,89.11778,4229
2026-03-25 07:00:00,0,0.4474205184583871,0.552579481541613,Hold,89.10779,89.15774,88.148895,88.26875,7446
2026-03-25 08:00:00,0,0.4816712735719717,0.5183287264280283,Hold,88.24878,88.43856,86.49079,87.5296,19204
2026-03-25 09:00:00,0,0.48515900831385056,0.5148409916861494,Hold,87.50963,88.68827,87.08012,87.64947,11188
2026-03-25 10:00:00,0,0.5170828885127438,0.48291711148725625,Sell,87.60951,87.83925,86.80044,86.99022,8962
2026-03-25 11:00:00,0,0.5093146825512659,0.4906853174487341,Sell,87.000206,87.85922,86.36094,87.16003,13965
2026-03-25 12:00:00,0,0.48928588512321186,0.5107141148767882,Hold,87.15004,89.28758,86.93029,88.35865,25896
2026-03-25 13:00:00,0,0.4735371153387388,0.5264628846612611,Hold,88.34866,88.70825,87.31984,88.58839,29964
2026-03-25 14:00:00,0,0.4314196027322886,0.5685803972677115,Hold,88.59837,89.07783,88.15888,88.91801,23964
2026-03-25 15:00:00,0,0.38550221805890533,0.6144977819410946,Hold,88.91801,90.28644,88.73821,90.236496,25844
2026-03-25 16:00:00,0,0.34162819856725724,0.6583718014327428,Hold,90.25648,90.57611,89.25762,90.08667,23900
2026-03-25 17:00:00,0,0.31749309892503474,0.6825069010749653,Hold,90.07668,90.845795,89.12777,90.20653,26152
2026-03-25 18:00:00,0,0.319099723481939,0.680900276518061,Hold,90.21652,91.27531,89.80699,91.1055,21969
2026-03-25 19:00:00,0,0.2914591221069283,0.7085408778930717,Hold,91.13547,91.6249,90.456245,90.845795,7836
2026-03-25 20:00:00,0,0.2819003840323067,0.7180996159676933,Hold,90.83581,91.395164,90.83581,91.18541,2896
2026-03-25 22:00:00,0,0.2713185622101294,0.7286814377898706,Hold,91.27531,91.31526,90.77588,90.895744,1446
2026-03-25 23:00:00,0,0.28107099090524,0.71892900909476,Hold,90.87576,91.12548,90.60607,90.97565,1073
2026-03-26 00:00:00,0,0.2744468056800432,0.7255531943199568,Hold,90.97565,91.495056,90.845795,91.13547,3808
2026-03-26 01:00:00,0,0.3171340166412437,0.6828659833587563,Hold,91.09551,91.50504,90.83581,91.16543,3523
2026-03-26 02:00:00,0,0.33630741355040605,0.663692586449594,Hold,91.18541,91.884605,90.97565,91.79471,4091
2026-03-26 03:00:00,0,0.37720232191179925,0.6227976780882007,Hold,91.804695,91.994484,91.475075,91.634895,2760
2026-03-26 04:00:00,0,0.41687330147231977,0.5831266985276802,Hold,91.64488,92.044426,91.51503,91.964516,2039
2026-03-26 05:00:00,0,0.45943829414100834,0.5405617058589917,Hold,91.9745,92.324104,91.81469,92.23421,4407
2026-03-26 06:00:00,0,0.48040797623790515,0.5195920237620948,Hold,92.23421,92.39402,91.994484,92.20424,6033
2026-03-26 07:00:00,0,0.5287408908551146,0.47125910914488545,Sell,92.20424,93.22307,92.184265,92.97336,8986
2026-03-26 08:00:00,0,0.5340736331935109,0.46592636680648913,Sell,92.94339,94.022156,92.593796,93.5527,12983
2026-03-26 09:00:00,0,0.5244060976020024,0.4755939023979976,Sell,93.532715,93.84236,93.09322,93.40286,8902
2026-03-26 10:00:00,0,0.5438530343431281,0.45614696565687185,Sell,93.40286,93.64259,92.55384,93.143166,9390
2026-03-26 11:00:00,0,0.5406226256288765,0.45937737437112347,Sell,93.13317,94.73134,92.9334,94.551544,9552
2026-03-26 12:00:00,0,0.5217662396862894,0.47823376031371057,Sell,94.571526,94.711365,93.85235,94.32181,11927
2026-03-26 13:00:00,0,0.5422979438022442,0.45770205619775584,Sell,94.32181,94.37176,92.61377,92.75361,27313
2026-03-26 14:00:00,0,0.5187414413029474,0.4812585586970526,Sell,92.77359,94.082085,92.324104,93.59264,32402
2026-03-26 15:00:00,1,0.4507574335193526,0.5492425664806474,Hold,93.57267,94.631454,93.38289,94.48163,22337
2026-03-26 16:00:00,1,0.4349491583736354,0.5650508416263647,Hold,94.47164,95.13088,94.21194,94.601494,18010
2026-03-26 17:00:00,1,0.4202934467053682,0.5797065532946317,Hold,94.601494,95.33065,94.5016,95.13088,13648
2026-03-26 18:00:00,1,0.3651197016216208,0.6348802983783792,Hold,95.13088,95.180824,93.96223,94.21194,16341
2026-03-26 19:00:00,1,0.3520270059728169,0.6479729940271831,Hold,94.21194,94.551544,93.87233,93.99219,5834
2026-03-26 20:00:00,0,0.341909254681521,0.658090745318479,Hold,94.002174,94.351776,89.40745,93.68254,21277
2026-03-26 22:00:00,0,0.29708865158047343,0.7029113484195266,Hold,93.203094,93.6326,92.91343,93.13317,2003
2026-03-26 23:00:00,0,0.3080832418958475,0.6919167581041525,Hold,93.15315,93.35292,92.953384,93.143166,1337
2026-03-27 00:00:00,0,0.34725987192143365,0.6527401280785663,Hold,93.13317,94.04213,92.63375,93.97221,5496
2026-03-27 01:00:00,0,0.37668301579858043,0.6233169842014196,Hold,93.97221,94.09207,92.86349,92.953384,4529
2026-03-27 02:00:00,0,0.3796988484763107,0.6203011515236894,Hold,92.9334,93.4628,91.9745,93.29299,5052
2026-03-27 03:00:00,0,0.4123159675342232,0.5876840324657768,Hold,93.27301,93.692535,93.24305,93.38289,2582
2026-03-27 04:00:00,0,0.4560226628308937,0.5439773371691063,Hold,93.38289,93.76245,93.34293,93.71251,1509
2026-03-27 05:00:00,0,0.47566888635611193,0.5243311136438881,Hold,93.692535,93.9822,93.43283,93.96223,3240
2026-03-27 06:00:00,0,0.4874962697897252,0.5125037302102748,Hold,93.95223,94.34179,93.56268,94.241905,4246
2026-03-27 07:00:00,0,0.5390880812436405,0.4609119187563595,Sell,94.221924,95.36062,94.11205,94.961075,9933
2026-03-27 08:00:00,0,0.5410548962262854,0.45894510377371456,Sell,94.97107,96.19965,94.75132,95.9899,12155
2026-03-27 09:00:00,0,0.5372244915445946,0.4627755084554054,Sell,95.9899,96.63915,95.66028,95.9899,8943
2026-03-27 10:00:00,0,0.5504216479683178,0.44957835203168217,Sell,95.9899,97.02871,95.69024,96.92882,7749
2026-03-27 11:00:00,0,0.5485827472663519,0.4514172527336481,Sell,96.91883,97.10861,96.17968,96.52928,7759
2026-03-27 12:00:00,0,0.5346948648596004,0.4653051351403996,Sell,96.52928,97.13858,96.329506,96.65913,9741
2026-03-27 13:00:00,0,0.5299960500627787,0.4700039499372213,Sell,96.65913,97.75787,96.45936,97.647995,22274
2026-03-27 14:00:00,0,0.48822867410104087,0.5117713258989591,Hold,97.65798,98.23732,96.74902,98.06751,23712
2026-03-27 15:00:00,0,0.4741732002091814,0.5258267997908186,Hold,98.06751,98.0775,96.848915,97.87773,21735
2026-03-27 16:00:00,0,0.4497036875848458,0.5502963124151542,Hold,97.867744,98.78669,97.61803,98.69679,18121
2026-03-27 17:00:00,0,0.4190040373215296,0.5809959626784704,Hold,98.69679,98.72676,97.96763,98.47704,14408
2026-03-27 18:00:00,0,0.35117946254958277,0.6488205374504172,Hold,98.48703,99.925385,98.43709,99.05638,33377
2026-03-27 19:00:00,0,0.3462166267610229,0.6537833732389771,Hold,99.046394,100.42481,98.71677,99.54582,18121
2026-03-27 20:00:00,0,0.3641886369408253,0.6358113630591746,Hold,99.52584,101.12401,98.88657,101.06408,12477
2026-03-29 22:00:00,0,0.3202057242012987,0.6797942757987012,Hold,102.48245,103.26156,101.074066,102.003,11834
2026-03-29 23:00:00,0,0.3156973247271041,0.6843026752728959,Hold,102.01299,102.802086,101.7433,102.67223,4799
2026-03-30 00:00:00,0,0.3475014003199631,0.6524985996800369,Hold,102.68222,103.03182,100.93423,102.90197,11173
2026-03-30 01:00:00,0,0.37382373505504585,0.6261762649449542,Hold,102.93194,103.09175,101.59347,101.86316,6683
2026-03-30 02:00:00,0,0.3617188684176718,0.6382811315823282,Hold,101.873146,102.941925,101.0441,101.55351,6332
2026-03-30 03:00:00,0,0.44054386595905815,0.5594561340409419,Hold,101.55351,101.63342,100.145134,101.463615,10013
2026-03-30 04:00:00,0,0.48330578954009734,0.5166942104599026,Hold,101.463615,101.463615,100.964195,101.353745,2369
2026-03-30 05:00:00,0,0.5128253428779845,0.48717465712201546,Sell,101.373726,101.41367,100.444786,100.73446,4122
2026-03-30 06:00:00,0,0.5394791760853664,0.46052082391463356,Sell,100.71448,101.653404,100.30495,101.47361,6057
2026-03-30 07:00:00,0,0.5554208779258409,0.44457912207415906,Sell,101.463615,102.07292,101.024124,101.573494,8399
2026-03-30 08:00:00,0,0.5798843941949265,0.42011560580507346,Sell,101.56351,102.372574,100.54467,100.9542,10554
2026-03-30 09:00:00,0,0.6014942307965271,0.3985057692034729,Sell,100.944214,101.73331,100.64456,101.47361,6251
2026-03-30 10:00:00,0,0.5833707649052067,0.4166292350947933,Sell,101.4836,101.923096,101.18394,101.58348,4499
2026-03-30 11:00:00,0,0.5832757004257527,0.4167242995742473,Sell,101.573494,101.653404,99.316086,100.994156,14105
2026-03-30 12:00:00,0,0.5819294882627464,0.4180705117372536,Sell,100.98417,101.373726,100.38486,100.56465,10655
2026-03-30 13:00:00,0,0.5925718381467114,0.40742816185328856,Sell,100.57464,102.74215,99.87544,102.28268,27799
2026-03-30 14:00:00,0,0.5821268754608485,0.4178731245391515,Sell,102.29267,102.392555,101.213905,101.95306,22629
2026-03-30 15:00:00,0,0.5115623898479729,0.48843761015202714,Sell,101.95306,102.91196,101.38371,102.85203,23808
2026-03-30 16:00:00,0,0.5024181064753814,0.49758189352461857,Sell,102.84204,103.741005,102.34261,102.81207,18699
2026-03-30 17:00:00,0,0.47596522020698734,0.5240347797930127,Hold,102.802086,103.61115,102.612305,103.25157,15369
2026-03-30 18:00:00,0,0.4186383914962281,0.5813616085037718,Hold,103.26156,103.29152,102.232735,103.20162,19149
2026-03-30 19:00:00,0,0.39062103134450676,0.6093789686554932,Hold,103.191635,104.230446,103.04181,104.0107,12436
2026-03-30 20:00:00,0,0.35204831312881235,0.6479516868711876,Hold,104.00071,105.23929,103.99072,104.88969,7011
2026-03-30 22:00:00,1,0.32171329505010476,0.6782867049498953,Hold,104.94962,105.51897,104.38027,105.44905,2677
2026-03-30 23:00:00,1,0.33367893153371525,0.6663210684662848,Hold,105.45904,106.73757,105.37913,106.08832,6672
2026-03-31 00:00:00,0,0.3605764312536278,0.6394235687463722,Hold,106.05835,106.41794,103.94078,103.95077,11246
2026-03-31 01:00:00,0,0.34049859657019405,0.6595014034298059,Hold,103.94078,104.62999,100.71448,101.56351,19151
2026-03-31 02:00:00,0,0.3648248685454646,0.6351751314545354,Hold,101.543526,102.46247,101.31379,102.12286,7005
2026-03-31 03:00:00,0,0.42077379759586153,0.5792262024041385,Hold,102.14284,103.04181,101.45363,102.872,5276
2026-03-31 04:00:00,0,0.4557969929851169,0.5442030070148831,Hold,102.85203,103.01184,102.472466,102.68222,2161
2026-03-31 05:00:00,0,0.48208552773663527,0.5179144722633647,Hold,102.66225,103.331474,102.34261,102.60231,3577
2026-03-31 06:00:00,0,0.5050088408905531,0.4949911591094469,Sell,102.58234,102.941925,102.33262,102.54238,3499
2026-03-31 07:00:00,0,0.5442658296453069,0.4557341703546931,Sell,102.55237,103.32149,101.683365,101.9131,7664
2026-03-31 08:00:00,0,0.5597419220796913,0.4402580779203087,Sell,101.923096,102.7921,101.79324,102.34261,10107
2026-03-31 09:00:00,0,0.6030896599174957,0.39691034008250425,Sell,102.3526,104.21047,101.18394,104.08062,13979
2026-03-31 10:00:00,1,0.6053194751188486,0.39468052488115135,Sell,104.08062,104.8797,103.55122,104.699905,11627
2026-03-31 11:00:00,0,0.5832374960323394,0.41676250396766057,Sell,104.70989,105.09945,102.422516,102.7022,20451
2026-03-31 12:00:00,0,0.5579084376677214,0.44209156233227864,Sell,102.68222,103.91081,102.15283,103.04181,18867
2026-03-31 13:00:00,0,0.5804767163579863,0.41952328364201374,Sell,103.06178,103.77097,102.08291,102.3526,21747
2026-03-31 14:00:00,0,0.5584246509860882,0.4415753490139118,Sell,102.3526,104.28039,101.99301,104.17052,29241
2026-03-31 15:00:00,1,0.5024320567294305,0.4975679432705695,Sell,104.17052,104.65995,103.4014,104.49015,28039
2026-03-31 16:00:00,0,0.43584803991658133,0.5641519600834186,Hold,104.50014,104.919655,99.88543,101.71333,58066
2026-03-31 17:00:00,0,0.39125716358295587,0.6087428364170442,Hold,101.69336,102.52241,99.50587,102.312645,43019
2026-03-31 18:00:00,0,0.34650465822570015,0.6534953417742999,Hold,102.32263,102.38257,100.68451,102.22275,35096
2026-03-31 19:00:00,0,0.3278342306567627,0.6721657693432372,Hold,102.21276,102.38257,101.53354,101.96304,7357
2026-03-31 20:00:00,0,0.3166821153243833,0.6833178846756167,Hold,101.983025,102.03297,100.554665,101.44364,5877
2026-03-31 22:00:00,0,0.277015628785226,0.722984371214774,Hold,101.60346,102.73216,101.40369,102.08291,3102
2026-03-31 23:00:00,0,0.29653991806871133,0.7034600819312886,Hold,102.08291,102.12286,101.49358,101.49358,2819
2026-04-01 00:00:00,1,0.2644206445970659,0.7355793554029342,Hold,101.513565,102.452484,101.433655,102.02298,4164
2026-04-01 01:00:00,1,0.2978769886267147,0.7021230113732853,Hold,102.02298,103.04181,101.763275,102.862015,6365
2026-04-01 02:00:00,1,0.29929916792463857,0.7007008320753614,Hold,102.84204,103.191635,102.41253,103.06178,2372
2026-04-01 03:00:00,1,0.33125667376813983,0.6687433262318602,Hold,103.06178,103.191635,102.68222,102.83205,2188
2026-04-01 04:00:00,1,0.37898731214933706,0.621012687850663,Hold,102.84204,103.01184,102.392555,102.4425,1804
2026-04-01 05:00:00,1,0.40110163546348804,0.598898364536512,Hold,102.452484,102.56236,100.914246,101.16396,5938
2026-04-01 06:00:00,0,0.41309585405723337,0.5869041459427666,Hold,101.14399,101.22389,96.53927,96.86889,27178
2026-04-01 07:00:00,0,0.4539984504461956,0.5460015495538044,Hold,96.83892,98.47704,96.38944,98.24731,18897
2026-04-01 08:00:00,0,0.4662769564992194,0.5337230435007806,Hold,98.24731,99.30609,97.837776,99.20621,14455
2026-04-01 09:00:00,0,0.48369587546764325,0.5163041245323567,Hold,99.20621,100.54467,98.99645,99.94536,12541
2026-04-01 10:00:00,0,0.485496605277175,0.514503394722825,Hold,99.925385,100.474754,99.32607,99.865456,11091
2026-04-01 11:00:00,0,0.4868495515830315,0.5131504484169684,Hold,99.845474,100.04524,98.21735,98.686806,12149
2026-04-01 12:00:00,0,0.47294658193450856,0.5270534180654914,Hold,98.666824,100.77441,97.89771,100.46477,26260
2026-04-01 13:00:00,0,0.46817664031009754,0.5318233596899025,Hold,100.474754,100.89427,98.32722,98.84662,31709
2026-04-01 14:00:00,0,0.44613953568760645,0.5538604643123936,Hold,98.84662,99.46591,98.117455,98.9565,25788
2026-04-01 15:00:00,0,0.40332356918316076,0.5966764308168393,Hold,98.9465,100.16511,98.826645,99.61574,20682
2026-04-01 16:00:00,0,0.36850446816332266,0.6314955318366773,Hold,99.625725,100.744446,99.515854,99.9154,16106
2026-04-01 17:00:00,0,0.34138965514848724,0.6586103448515128,Hold,99.89542,99.925385,98.46706,99.19622,18284
2026-04-01 18:00:00,0,0.32880453038036245,0.6711954696196376,Hold,99.19622,100.32493,99.05638,99.71562,22383
2026-04-01 19:00:00,0,0.3181148870573453,0.6818851129426546,Hold,99.7356,99.77556,98.73675,99.40598,10051
2026-04-01 20:00:00,0,0.2904443549875825,0.7095556450124175,Hold,99.41597,99.88543,98.64685,98.79668,3597
2026-04-01 22:00:00,0,0.2707505228811211,0.7292494771188789,Hold,98.80666,99.09634,98.25729,98.936516,1485
2026-04-01 23:00:00,0,0.2736181493549974,0.7263818506450026,Hold,98.91654,99.0364,98.517,98.826645,1715
2026-04-02 00:00:00,0,0.29272034420990134,0.7072796557900987,Hold,98.766716,98.906555,97.38829,97.91769,7454
2026-04-02 01:00:00,0,0.32695886847053596,0.673041131529464,Hold,97.91769,104.38027,97.66798,104.05065,31939
2026-04-02 02:00:00,0,0.31424208924259234,0.6857579107574077,Hold,104.00071,104.52011,103.42137,103.681076,7873
2026-04-02 03:00:00,0,0.38748802207811567,0.6125119779218844,Hold,103.681076,104.70989,103.59118,104.590034,4442
2026-04-02 04:00:00,0,0.4162002012439176,0.5837997987560823,Hold,104.58005,105.52895,104.530106,104.839745,6853
2026-04-02 05:00:00,0,0.4586110119340689,0.541388988065931,Hold,104.81977,106.02838,104.39026,106.018394,5822
2026-04-02 06:00:00,0,0.47527205457304467,0.5247279454269553,Hold,105.97844,106.62769,105.72873,105.97844,11417
2026-04-02 07:00:00,0,0.5051000480365212,0.4948999519634788,Sell,105.94848,106.54779,105.688774,106.11828,7450
2026-04-02 08:00:00,0,0.5553263312601345,0.44467366873986547,Sell,106.11828,107.117134,105.938484,107.10715,9448
2026-04-02 09:00:00,0,0.5690698824405975,0.43093011755940247,Sell,107.07718,107.90623,106.80749,107.54664,10842
2026-04-02 10:00:00,0,0.5696483189506985,0.43035168104930155,Sell,107.526665,108.49555,107.36685,108.2858,12653
2026-04-02 11:00:00,0,0.5644924211396265,0.4355075788603735,Sell,108.2858,109.804054,108.20589,109.63425,17943
2026-04-02 12:00:00,1,0.559090691565078,0.44090930843492204,Sell,109.64423,113.210144,109.27466,113.010376,40033
2026-04-02 13:00:00,0,0.5572153720965073,0.4427846279034927,Sell,113.02036,113.839424,110.57317,110.902794,55203
2026-04-02 14:00:00,0,0.5284925722771047,0.47150742772289533,Sell,110.902794,111.592,106.49785,108.68533,55889
2026-04-02 15:00:00,0,0.4701724478762907,0.5298275521237092,Hold,108.67535,112.00153,108.24584,111.38224,38139
2026-04-02 16:00:00,0,0.4265043488814632,0.5734956511185367,Hold,111.37225,112.031494,110.3734,110.872826,20961
2026-04-02 17:00:00,0,0.3856214763158581,0.6143785236841419,Hold,110.88281,111.87168,109.913925,111.582016,21272
2026-04-02 18:00:00,0,0.33637025194664766,0.6636297480533524,Hold,111.562035,112.17134,110.66307,111.00268,26825
2026-04-02 19:00:00,0,0.32110720830283634,0.6788927916971637,Hold,110.982704,111.63196,110.64309,111.342285,8619
2026-04-02 20:00:00,0,0.29910272762264584,0.7008972723773541,Hold,111.32231,111.9416,111.19246,111.93161,4549
2026-04-05 22:00:00,0,0.2787032691393193,0.7212967308606807,Hold,112.83058,115.347694,112.37111,113.559746,10746
2026-04-05 23:00:00,0,0.2988295219959583,0.7011704780040418,Hold,113.559746,114.31887,112.75067,114.17903,3597
2026-04-06 00:00:00,0,0.29990368097843423,0.7000963190215658,Hold,114.169044,114.21899,111.67191,112.07145,7268
2026-04-06 01:00:00,0,0.3311361363856334,0.6688638636143667,Hold,112.10142,112.660774,111.37225,111.67191,5616
2026-04-06 02:00:00,0,0.362520561983431,0.6374794380165689,Hold,111.67191,111.87168,109.37454,111.38224,9059
2026-04-06 03:00:00,0,0.3710461731754299,0.62895382682457,Hold,111.39223,112.22128,111.032646,111.202446,4462
2026-04-06 04:00:00,0,0.43018341854778047,0.5698165814522196,Hold,111.172485,111.532074,110.653076,111.28236,2757
2026-04-06 05:00:00,0,0.45717102808470567,0.5428289719152943,Hold,111.29234,111.95159,110.89281,111.61198,2785
2026-04-06 06:00:00,0,0.48845114840093473,0.5115488515990653,Hold,111.62197,112.14137,110.51324,110.74297,6456
2026-04-06 07:00:00,0,0.5416379472615703,0.45836205273842967,Sell,110.67306,111.51209,108.76524,109.29464,6944
2026-04-06 08:00:00,0,0.5564968219434628,0.44350317805653716,Sell,109.254684,110.053764,108.79521,109.364555,5692
2026-04-06 09:00:00,0,0.59290206191849,0.40709793808150996,Sell,109.34458,111.592,109.05491,111.3323,6140
2026-04-06 10:00:00,0,0.5767381872778052,0.42326181272219476,Sell,111.28236,111.3323,109.62426,109.81404,5516
2026-04-06 11:00:00,0,0.5439324342105346,0.4560675657894654,Sell,109.79407,110.42334,109.474434,109.993835,3677
2026-04-06 12:00:00,0,0.5368754241293265,0.46312457587067346,Sell,109.973854,110.84286,109.804054,110.03379,5842
2026-04-06 13:00:00,0,0.5370690742444298,0.46293092575557016,Sell,110.06375,113.010376,109.71416,111.82174,19612
2026-04-06 14:00:00,0,0.5092190762085248,0.4907809237914752,Sell,111.81175,112.70073,110.16364,110.83287,23140
2026-04-06 15:00:00,0,0.4517267633827851,0.5482732366172149,Hold,110.82288,112.57088,110.723,111.76181,12702
2026-04-06 16:00:00,0,0.4496623603378399,0.5503376396621601,Hold,111.751816,112.15136,111.04263,112.12139,8412
2026-04-06 17:00:00,0,0.4192089782542916,0.5807910217457084,Hold,112.111404,114.14907,112.09143,113.93931,16150
2026-04-06 18:00:00,0,0.36444946047047944,0.6355505395295206,Hold,113.93931,114.089134,111.60199,112.09143,18658
2026-04-06 19:00:00,0,0.3215677443472563,0.6784322556527437,Hold,112.08144,112.86055,111.73184,112.331154,5368
2026-04-06 20:00:00,0,0.3018493063650455,0.6981506936349545,Hold,112.32117,112.930466,112.111404,112.48098,2994
2026-04-06 22:00:00,0,0.2919129152955068,0.7080870847044932,Hold,112.49097,113.48982,112.381096,113.24011,2760
2026-04-06 23:00:00,0,0.30175959337847835,0.6982404066215216,Hold,113.28007,113.81945,112.91049,113.70957,1884
2026-04-07 00:00:00,0,0.2953157480920539,0.7046842519079461,Hold,113.699585,113.779495,112.53092,113.19017,4536
2026-04-07 01:00:00,0,0.3425836616152743,0.6574163383847257,Hold,113.230125,115.03805,112.62082,114.78834,8819
2026-04-07 02:00:00,0,0.3465246695308731,0.653475330469127,Hold,114.77834,115.36767,114.36882,114.82829,5708
2026-04-07 03:00:00,0,0.4055672328796243,0.5944327671203757,Hold,114.83828,115.6074,114.68845,115.49752,3608
2026-04-07 04:00:00,0,0.4512073803384201,0.5487926196615799,Hold,115.49752,116.42646,115.00809,115.30774,5599
2026-04-07 05:00:00,0,0.48354692913165054,0.5164530708683495,Hold,115.29775,115.90705,114.8183,115.13793,3434
2026-04-07 06:00:00,0,0.5103383742296902,0.4896616257703098,Sell,115.11796,115.6074,114.5586,114.7284,5846
2026-04-07 07:00:00,0,0.5604049192708704,0.43959508072912956,Sell,114.718414,115.49752,114.44872,115.23782,5628
2026-04-07 08:00:00,0,0.5955264353917824,0.4044735646082176,Sell,115.22783,115.267784,112.2013,112.56089,17870
2026-04-07 09:00:00,0,0.6171823981778403,0.38281760182215974,Sell,112.5509,112.94045,111.152504,112.42105,12519
2026-04-07 10:00:00,0,0.6055954564999163,0.3944045435000837,Sell,112.40108,114.48868,111.62197,114.06916,18007
2026-04-07 11:00:00,0,0.5919312082821866,0.4080687917178134,Sell,114.03919,115.79718,113.7695,115.6873,13428
2026-04-07 12:00:00,0,0.5969275187950713,0.40307248120492867,Sell,115.697296,116.31658,113.97926,114.93816,21965
2026-04-07 13:00:00,1,0.5753875538807759,0.4246124461192241,Sell,114.91819,116.13679,114.388794,116.086845,21165
2026-04-07 14:00:00,1,0.549037394978987,0.45096260502101304,Sell,116.07686,116.91589,115.287766,116.28661,24225
2026-04-07 15:00:00,1,0.5010877265409404,0.49891227345905964,Sell,116.29661,117.49523,114.36882,114.84827,30045
2026-04-07 16:00:00,1,0.48291876558356867,0.5170812344164313,Hold,114.82829,115.50751,113.49982,115.00809,21049
2026-04-07 17:00:00,1,0.4099207974090958,0.5900792025909042,Hold,114.99809,115.73724,113.210144,113.78948,20924
2026-04-07 18:00:00,1,0.38767779308525063,0.6123222069147494,Hold,113.779495,115.36767,112.39108,114.988106,27129
2026-04-07 19:00:00,1,0.33220134004450064,0.6677986599554994,Hold,114.96813,115.23782,109.07489,112.10142,30789
2026-04-07 20:00:00,1,0.30352949520069655,0.6964705047993034,Hold,112.10142,112.36112,110.04378,110.213585,12209
2026-04-07 22:00:00,0,0.30060716998393544,0.6993928300160646,Hold,108.61542,109.0649,97.21849,98.666824,38711
2026-04-07 23:00:00,0,0.2889937425910117,0.7110062574089884,Hold,98.67682,98.67682,90.94569,96.34949,39728
2026-04-08 00:00:00,0,0.2868512738467272,0.7131487261532727,Hold,96.40942,98.20735,93.942245,96.81895,26393
2026-04-08 01:00:00,0,0.32544338337061296,0.674556616629387,Hold,96.8589,97.30839,95.70023,96.609184,10671
2026-04-08 02:00:00,0,0.32392563841049243,0.6760743615895075,Hold,96.61918,97.2085,95.890015,96.31952,9679
2026-04-08 03:00:00,0,0.40100650700961443,0.5989934929903855,Hold,96.30953,96.53927,95.39059,96.2496,6017
2026-04-08 04:00:00,0,0.40851569393910037,0.5914843060608996,Hold,96.23961,97.10861,95.39059,96.61918,6134
2026-04-08 05:00:00,0,0.4416566462575862,0.5583433537424138,Hold,96.58921,96.81895,95.260735,95.65028,5628
2026-04-08 06:00:00,0,0.4611300878064285,0.5388699121935715,Hold,95.63031,95.890015,94.45166,95.77015,11974
2026-04-08 07:00:00,0,0.48355606027508147,0.5164439397249185,Hold,95.750175,96.47934,95.52044,95.86005,7972
2026-04-08 08:00:00,0,0.5143391861001942,0.48566081389980575,Sell,95.85006,96.57922,94.80126,94.81125,10799
2026-04-08 09:00:00,0,0.5318511350988313,0.4681488649011687,Sell,94.80126,95.27072,94.03214,94.53157,8817
2026-04-08 10:00:00,0,0.5246369347646043,0.47536306523539573,Sell,94.54156,95.49047,94.022156,94.821236,8201
2026-04-08 11:00:00,0,0.519853564473941,0.48014643552605896,Sell,94.83123,95.17084,93.01331,93.143166,14572
2026-04-08 12:00:00,0,0.5051021875691623,0.49489781243083775,Sell,93.1132,95.100914,92.09437,92.46394,33042
2026-04-08 13:00:00,0,0.5034680995665705,0.49653190043342954,Sell,92.48392,94.3318,91.74477,93.143166,37362
2026-04-08 14:00:00,0,0.47744303944156985,0.5225569605584302,Hold,93.13317,96.20965,92.36406,95.4705,39772
2026-04-08 15:00:00,0,0.46202475709444024,0.5379752429055598,Hold,95.450516,96.31952,94.53157,94.83123,25337
2026-04-08 16:00:00,0,0.45093974202124903,0.5490602579787509,Hold,94.86119,95.510445,94.03214,94.31182,19277
2026-04-08 17:00:00,0,0.3923731477141716,0.6076268522858284,Hold,94.31182,96.16969,93.95223,95.21079,21119
2026-04-08 18:00:00,0,0.3667333869072253,0.6332666130927747,Hold,95.200806,95.56039,93.502754,95.32066,34071
2026-04-08 19:00:00,0,0.33853400996802435,0.6614659900319757,Hold,95.32066,96.79897,95.180824,95.97991,15223
2026-04-08 20:00:00,0,0.2991986314222791,0.7008013685777209,Hold,95.97991,96.63915,95.590355,96.38944,5435
2026-04-08 22:00:00,0,0.2474572250151664,0.7525427749848336,Hold,96.66912,97.76786,96.139725,96.689095,3721
2026-04-08 23:00:00,0,0.25704162033105876,0.7429583796689412,Hold,96.709076,97.158554,96.39943,97.018715,2640
2026-04-09 00:00:00,0,0.2916854508964551,0.708314549103545,Hold,96.988754,97.69794,96.26958,97.5581,6323
2026-04-09 01:00:00,0,0.32841506068102466,0.6715849393189753,Hold,97.5581,98.26729,96.73904,96.83892,7229
2026-04-09 02:00:00,0,0.343123962989858,0.6568760370101421,Hold,96.86889,97.14857,96.39943,97.12859,3460
2026-04-09 03:00:00,0,0.3558719786151342,0.6441280213848658,Hold,97.13858,97.29839,96.609184,97.06866,1911
2026-04-09 04:00:00,0,0.3994994675256916,0.6005005324743085,Hold,97.0387,97.68795,97.018715,97.65798,1712
2026-04-09 05:00:00,0,0.42892035189461775,0.5710796481053823,Hold,97.65798,97.96763,97.158554,97.258446,3122
2026-04-09 06:00:00,0,0.437159072842477,0.562840927157523,Hold,97.258446,97.73789,96.848915,96.92882,5177
2026-04-09 07:00:00,0,0.4640546568229187,0.5359453431770813,Hold,96.92882,97.96763,96.848915,97.568085,6607
2026-04-09 08:00:00,0,0.48790363894094246,0.5120963610590575,Hold,97.5581,97.98761,97.14857,97.77785,6783
2026-04-09 09:00:00,0,0.5086855032207199,0.4913144967792801,Sell,97.77785,97.837776,97.07865,97.538124,4494
2026-04-09 10:00:00,0,0.5252795283276381,0.47472047167236187,Sell,97.52813,99.57578,97.4682,99.485886,12815
2026-04-09 11:00:00,0,0.5140083479418851,0.4859916520581149,Sell,99.50587,99.54582,98.277275,98.766716,11057
2026-04-09 12:00:00,0,0.5112148243898282,0.48878517561017176,Sell,98.766716,99.87544,98.48703,99.24616,12669
2026-04-09 13:00:00,0,0.5051911448323619,0.49480885516763806,Sell,99.25615,100.64456,98.88657,100.5247,20326
2026-04-09 14:00:00,1,0.470002509186636,0.529997490813364,Hold,100.53468,102.58234,100.13514,101.78325,29947
2026-04-09 15:00:00,0,0.4510498882267882,0.5489501117732118,Hold,101.763275,102.52241,98.746735,99.046394,46746
2026-04-09 16:00:00,0,0.3880523845807165,0.6119476154192836,Hold,99.016426,99.06637,96.74902,97.318375,38060
2026-04-09 17:00:00,0,0.32114720498402155,0.6788527950159784,Hold,97.32836,97.62802,95.14087,96.219635,29250
2026-04-09 18:00:00,0,0.3248275880649344,0.6751724119350656,Hold,96.19965,98.54697,95.92997,98.29725,33877
2026-04-09 19:00:00,0,0.29553827841736435,0.7044617215826356,Hold,98.28726,99.386,97.77785,99.18623,9849
2026-04-09 20:00:00,0,0.3089570967020054,0.6910429032979946,Hold,99.17625,99.22619,97.71792,97.867744,5952
2026-04-09 22:00:00,0,0.2791911177933479,0.7208088822066521,Hold,98.117455,99.08635,97.9077,98.88657,3218
2026-04-09 23:00:00,0,0.28766244411285186,0.7123375558871481,Hold,98.89656,98.98646,98.117455,98.50701,1970
2026-04-10 00:00:00,0,0.2940030516597442,0.7059969483402557,Hold,98.50701,98.98646,98.14742,98.79668,2946
2026-04-10 01:00:00,0,0.3284766455411142,0.6715233544588858,Hold,98.81666,99.1263,98.21735,98.497025,3433
2026-04-10 02:00:00,0,0.3421895748269832,0.6578104251730168,Hold,98.46706,98.78669,98.357185,98.63686,2306
2026-04-10 03:00:00,0,0.356511486805822,0.643488513194178,Hold,98.65684,98.71677,97.4682,97.67796,3222
2026-04-10 04:00:00,0,0.3985473608135039,0.601452639186496,Hold,97.68795,98.32722,97.54811,98.29725,1875
2026-04-10 05:00:00,0,0.44028489002770527,0.5597151099722948,Hold,98.277275,98.63686,97.9976,98.50701,2044
2026-04-10 06:00:00,0,0.461911355885693,0.538088644114307,Hold,98.48703,98.73675,98.17739,98.526985,3437
2026-04-10 07:00:00,0,0.4856572691985919,0.5143427308014081,Hold,98.526985,99.88543,98.47704,99.55581,7540
2026-04-10 08:00:00,0,0.5026420255332065,0.49735797446679353,Sell,99.55581,100.30495,99.216194,100.15512,6661
2026-04-10 09:00:00,0,0.5114835986708607,0.4885164013291393,Sell,100.13514,100.145134,98.04754,98.46706,10599
2026-04-10 10:00:00,0,0.504644030150049,0.495355969849951,Sell,98.45707,98.88657,97.45821,97.88772,6923
2026-04-10 11:00:00,0,0.49597239290791395,0.504027607092086,Hold,97.88772,98.387146,97.29839,97.977615,6399
2026-04-10 12:00:00,0,0.49414460963855317,0.5058553903614469,Hold,97.9976,98.25729,96.88887,98.06751,11226
2026-04-10 13:00:00,0,0.4936882376001535,0.5063117623998465,Hold,98.0775,98.686806,97.29839,98.28726,16707
2026-04-10 14:00:00,0,0.4762903486649445,0.5237096513350554,Hold,98.31723,98.88657,97.10861,98.39713,23961
2026-04-10 15:00:00,0,0.3979903947038546,0.6020096052961454,Hold,98.40713,99.34605,98.15741,99.076355,20089
2026-04-10 16:00:00,0,0.39294360350566715,0.6070563964943329,Hold,99.06637,99.386,98.00758,98.087494,13929
2026-04-10 17:00:00,0,0.37311888872488713,0.6268811112751129,Hold,98.087494,98.61688,97.807816,97.867744,13169
2026-04-10 18:00:00,0,0.30058616405398336,0.6994138359460167,Hold,97.867744,98.277275,95.83008,96.22962,25376
2026-04-10 19:00:00,0,0.2808769245010653,0.7191230754989347,Hold,96.22962,96.34949,95.41056,96.09977,8379
2026-04-10 20:00:00,0,0.2788606738312953,0.7211393261687047,Hold,96.079796,96.17968,95.40057,95.52044,3950
2026-04-12 22:00:00,0,0.315763527622076,0.684236472377924,Hold,101.88314,105.409096,101.80323,104.430214,16594
2026-04-12 23:00:00,0,0.3093211933310465,0.6906788066689535,Hold,104.450195,105.50898,104.41024,104.60002,4287
2026-04-13 00:00:00,0,0.3107301450743775,0.6892698549256224,Hold,104.60002,104.919655,103.97074,103.980736,3897
2026-04-13 01:00:00,0,0.34655938308223816,0.6534406169177618,Hold,103.980736,104.40025,103.73102,104.19049,4969
2026-04-13 02:00:00,0,0.3660530065002658,0.6339469934997342,Hold,104.180504,104.9696,104.180504,104.779816,3027
2026-04-13 03:00:00,0,0.3867967478672157,0.6132032521327844,Hold,104.76983,105.059494,104.62999,104.72987,2407
2026-04-13 04:00:00,0,0.4282679667340469,0.5717320332659531,Hold,104.73986,104.86971,104.44021,104.64996,1316
2026-04-13 05:00:00,0,0.4670479197439649,0.532952080256035,Hold,104.65995,104.7898,104.040665,104.20048,2436
2026-04-13 06:00:00,0,0.47695276633964356,0.5230472336603564,Hold,104.180504,104.20048,102.93194,103.15168,5535
2026-04-13 07:00:00,0,0.5136477516135388,0.4863522483864612,Sell,103.13171,103.58119,102.84204,103.571205,5223
2026-04-13 08:00:00,1,0.5539147255110284,0.4460852744889716,Sell,103.58119,104.67993,103.24158,104.49015,5830
2026-04-13 09:00:00,1,0.5650266766767013,0.43497332332329874,Sell,104.50014,104.60002,103.89084,104.39026,3455
2026-04-13 10:00:00,1,0.5555465719434345,0.4444534280565655,Sell,104.3603,104.54009,103.70105,103.711044,3692
2026-04-13 11:00:00,1,0.5441674969156814,0.45583250308431855,Sell,103.73102,104.28039,103.30151,104.13056,5924
2026-04-13 12:00:00,1,0.5412220673432204,0.4587779326567796,Sell,104.150536,104.2704,103.24158,103.53125,8659
2026-04-13 13:00:00,0,0.5439179786054062,0.45608202139459375,Sell,103.53125,103.69106,100.24502,101.60346,26800
2026-04-13 14:00:00,1,0.5087211755042707,0.49127882449572935,Sell,101.61345,102.38257,100.46477,101.9131,21529
2026-04-13 15:00:00,1,0.47714446370591856,0.5228555362940814,Hold,101.903114,103.07178,101.89313,102.722176,16515
2026-04-13 16:00:00,0,0.4429610883096321,0.5570389116903679,Hold,102.71219,102.88199,99.10632,99.36603,41235
2026-04-13 17:00:00,0,0.3981057439008594,0.6018942560991406,Hold,99.36603,99.865456,98.63686,99.046394,17645
2026-04-13 18:00:00,0,0.3249333118448199,0.6750666881551801,Hold,99.05638,99.28612,96.91883,97.018715,20716
2026-04-13 19:00:00,0,0.3107125782487885,0.6892874217512115,Hold,97.00873,98.06751,96.92882,97.91769,7244
2026-04-13 20:00:00,0,0.2847226631845991,0.7152773368154008,Hold,97.93766,98.1674,97.59805,97.89771,4296
2026-04-13 22:00:00,0,0.2889240840949472,0.7110759159050528,Hold,97.87773,97.88772,97.33835,97.41826,1554
2026-04-13 23:00:00,0,0.28918898685658295,0.7108110131434171,Hold,97.428246,97.47819,95.95993,96.5093,4295
2026-04-14 00:00:00,0,0.2713566505105933,0.7286433494894067,Hold,96.439384,96.848915,95.58037,95.86005,3555
2026-04-14 01:00:00,0,0.31267907870269257,0.6873209212973075,Hold,95.87003,97.16855,95.85006,97.06866,3779
2026-04-14 02:00:00,0,0.3156762448163768,0.6843237551836232,Hold,97.05867,97.158554,96.67911,96.97876,1514
2026-04-14 03:00:00,0,0.3510154588725898,0.6489845411274102,Hold,97.00873,97.508156,96.63915,96.878876,2585
2026-04-14 04:00:00,0,0.3851098768855692,0.6148901231144308,Hold,96.86889,96.88887,96.549255,96.5992,1100
2026-04-14 05:00:00,0,0.4403476413556477,0.5596523586443523,Hold,96.63915,97.35833,96.52928,97.238464,1617
2026-04-14 06:00:00,0,0.4411020773699166,0.5588979226300834,Hold,97.238464,97.62802,97.0387,97.27842,3288
2026-04-14 07:00:00,0,0.4931612913755732,0.5068387086244268,Hold,97.27842,97.38829,95.09093,96.40942,11307
2026-04-14 08:00:00,0,0.4976706210207776,0.5023293789792225,Hold,96.42939,96.9488,96.25959,96.279564,5209
2026-04-14 09:00:00,1,0.5080124642240013,0.49198753577599874,Sell,96.25959,97.18852,96.12974,96.77899,3197
2026-04-14 10:00:00,1,0.5208963452087721,0.47910365479122785,Sell,96.73904,97.44823,96.04983,97.238464,4493
2026-04-14 11:00:00,1,0.5203053386649235,0.47969466133507654,Sell,97.2085,97.85776,95.94994,97.08864,6539
2026-04-14 12:00:00,1,0.5211137293039363,0.4788862706960637,Sell,97.07865,97.07865,95.5504,95.730194,9927
2026-04-14 13:00:00,0,0.49333737455059995,0.5066626254494,Hold,95.74018,96.22962,94.56154,94.5915,19518
2026-04-14 14:00:00,0,0.4703726596869758,0.5296273403130243,Hold,94.571526,94.571526,92.104355,93.312965,29784
2026-04-14 15:00:00,0,0.4681636496206242,0.5318363503793758,Hold,93.312965,94.21194,92.104355,92.5039,20810
2026-04-14 16:00:00,1,0.46643023917680776,0.5335697608231922,Hold,92.52387,92.70367,91.81469,92.66371,13187
2026-04-14 17:00:00,1,0.4399642415867935,0.5600357584132065,Hold,92.653725,92.89345,91.395164,91.95453,15259
2026-04-14 18:00:00,1,0.42760845698210925,0.5723915430178907,Hold,91.944534,92.05441,90.95567,91.664856,23260
2026-04-14 19:00:00,1,0.4059672930706138,0.5940327069293863,Hold,91.64488,92.08438,91.46509,91.91457,4111
2026-04-14 20:00:00,1,0.3757712116855463,0.6242287883144537,Hold,91.90459,92.244194,91.34522,91.964516,4650
2026-04-14 22:00:00,1,0.36840872428581,0.6315912757141899,Hold,91.91457,92.27416,91.085526,91.60493,2042
2026-04-14 23:00:00,0,0.38471174772984146,0.6152882522701586,Hold,91.59494,91.90459,86.86037,90.19654,6333
2026-04-15 00:00:00,0,0.34772829166979,0.65227170833021,Hold,90.19654,91.085526,90.046715,90.25648,3284
2026-04-15 01:00:00,0,0.3723541268548016,0.6276458731451984,Hold,90.236496,90.7559,89.86692,90.38632,2446
2026-04-15 02:00:00,0,0.38942830637751463,0.6105716936224854,Hold,90.39632,91.20538,90.33638,91.15544,2030
2026-04-15 03:00:00,0,0.4060230236878544,0.5939769763121456,Hold,91.145454,91.38518,90.77588,90.83581,1917
2026-04-15 04:00:00,0,0.4394291306407386,0.5605708693592615,Hold,90.845795,91.7148,90.76589,91.56497,1691
2026-04-15 05:00:00,0,0.4656190851900826,0.5343809148099175,Hold,91.554985,91.64488,91.03558,91.12548,1636
2026-04-15 06:00:00,0,0.5083188333162809,0.4916811666837191,Sell,91.1055,91.13547,90.19654,90.80585,3421
2026-04-15 07:00:00,0,0.5263289534257755,0.47367104657422454,Sell,90.815834,91.37519,90.4962,90.64603,4300
2026-04-15 08:00:00,0,0.5308883095711412,0.4691116904288588,Sell,90.65601,91.634895,90.28644,91.225365,4417
2026-04-15 09:00:00,0,0.538259095884826,0.461740904115174,Sell,91.225365,92.61377,91.18541,92.14431,7040
2026-04-15 10:00:00,0,0.526289888239017,0.473710111760983,Sell,92.14431,93.19311,91.59494,92.63375,9492
2026-04-15 11:00:00,0,0.5269731036755166,0.47302689632448336,Sell,92.61377,92.843506,91.05556,91.58495,8579
2026-04-15 12:00:00,0,0.5272187055406864,0.4727812944593136,Sell,91.57496,92.37405,91.1055,91.86463,9623
2026-04-15 13:00:00,0,0.5193420255374038,0.48065797446259617,Sell,91.86463,92.12433,90.296425,90.94569,15121
2026-04-15 14:00:00,0,0.4911591161240148,0.5088408838759853,Hold,90.96566,92.354065,90.456245,92.244194,15889
2026-04-15 15:00:00,0,0.4425368367436673,0.5574631632563327,Hold,92.23421,92.81354,91.91457,92.22422,14827
2026-04-15 16:00:00,0,0.3838822354308894,0.6161177645691106,Hold,92.22422,92.433975,91.31526,91.65487,8951
2026-04-15 17:00:00,0,0.37741678430004005,0.62258321569996,Hold,91.65487,92.48392,91.445114,92.40401,10315
2026-04-15 18:00:00,0,0.36684399871843776,0.6331560012815622,Hold,92.39402,92.69368,90.895744,91.05556,13739
2026-04-15 19:00:00,0,0.3157461173774827,0.6842538826225173,Hold,91.005615,91.02559,90.60607,90.88575,3367
2026-04-15 20:00:00,0,0.2986342704416558,0.7013657295583442,Hold,90.88575,91.365204,90.87576,91.28529,1695
2026-04-15 22:00:00,0,0.29593006266515115,0.7040699373348489,Hold,91.365204,91.395164,90.705956,90.895744,1581
2026-04-15 23:00:00,0,0.30087228216970885,0.6991277178302912,Hold,90.925705,90.925705,90.56612,90.85579,652
2026-04-16 00:00:00,0,0.28295258915507787,0.7170474108449221,Hold,90.815834,90.94569,90.41629,90.85579,1229
2026-04-16 01:00:00,0,0.3538620343511512,0.6461379656488488,Hold,90.895744,91.395164,90.7559,91.335236,960
2026-04-16 02:00:00,0,0.3709898345966561,0.629010165403344,Hold,91.32525,91.65487,91.26532,91.37519,1149
2026-04-16 03:00:00,0,0.41021717499537724,0.5897828250046228,Hold,91.35522,91.634895,91.09551,91.60493,910
2026-04-16 04:00:00,0,0.4543985187108246,0.5456014812891754,Hold,91.56497,91.76475,91.554985,91.664856,762
2026-04-16 05:00:00,0,0.49939266903906177,0.5006073309609382,Hold,91.64488,91.78472,91.37519,91.4551,1212
2026-04-16 06:00:00,0,0.5074216518521651,0.49257834814783485,Sell,91.4551,91.57496,91.20538,91.475075,1138
2026-04-16 07:00:00,0,0.5353739365792018,0.46462606342079815,Sell,91.48506,92.573814,91.43512,92.54385,4210
2026-04-16 08:00:00,0,0.5547510675084423,0.4452489324915577,Sell,92.55384,92.89345,92.244194,92.28415,4390
2026-04-16 09:00:00,0,0.5484944393398448,0.45150556066015524,Sell,92.28415,92.72364,92.03443,92.53386,2029
2026-04-16 10:00:00,0,0.5757871360398985,0.4242128639601015,Sell,92.53386,92.54385,91.75475,91.774734,1741
2026-04-16 11:00:00,0,0.5704727212921084,0.42952727870789165,Sell,91.75475,91.75475,90.99563,91.40516,4337
2026-04-16 12:00:00,0,0.5418514226434206,0.45814857735657943,Sell,91.395164,92.12433,91.005615,92.104355,5076
2026-04-16 13:00:00,0,0.521489908616829,0.478510091383171,Sell,92.09437,93.3729,91.774734,93.063255,11647
2026-04-16 14:00:00,0,0.4763347604488454,0.5236652395511546,Hold,93.063255,93.81239,92.77359,93.32296,9881
2026-04-16 15:00:00,0,0.44553175024008895,0.554468249759911,Hold,93.312965,93.87233,92.71365,93.26302,14343
2026-04-16 16:00:00,0,0.41616738509000384,0.5838326149099962,Hold,93.25304,94.4217,93.24305,94.3318,10834
2026-04-16 17:00:00,0,0.4028846240823149,0.597115375917685,Hold,94.34179,95.33065,94.21194,95.031,10363
2026-04-16 18:00:00,0,0.3834190938209921,0.616580906179008,Hold,95.05097,95.07095,93.60264,93.68254,11942
2026-04-16 19:00:00,0,0.34544532926255916,0.6545546707374408,Hold,93.68254,93.99219,93.18312,93.43283,3172
2026-04-16 20:00:00,0,0.3636997076385348,0.6363002923614651,Hold,93.44282,93.51274,93.0233,93.08323,1360
2026-04-16 22:00:00,0,0.3111114648682126,0.6888885351317874,Hold,93.07324,93.57267,92.80355,92.923416,726
2026-04-16 23:00:00,0,0.3284763079473037,0.6715236920526964,Hold,92.923416,93.44282,92.903435,93.21308,694
2026-04-17 00:00:00,0,0.3612583025049919,0.6387416974950081,Hold,93.22307,93.41286,92.903435,93.33295,562
2026-04-17 01:00:00,0,0.35589222312030194,0.6441077768796981,Hold,93.29299,93.56268,92.99333,93.21308,406
2026-04-17 02:00:00,0,0.3736758273564557,0.6263241726435442,Hold,93.203094,93.452805,93.16314,93.22307,348
2026-04-17 03:00:00,1,0.4141721862902541,0.5858278137097459,Hold,93.16314,93.51274,93.03329,93.3729,403
2026-04-17 04:00:00,1,0.44168024040069104,0.558319759599309,Hold,93.392876,93.4628,93.13317,93.23306,280
2026-04-17 05:00:00,0,0.4632940564340067,0.5367059435659933,Hold,93.22307,93.422844,93.03329,93.15315,287
2026-04-17 06:00:00,1,0.49839833764615676,0.5016016623538433,Hold,93.203094,93.93226,93.15315,93.70252,849
2026-04-17 07:00:00,1,0.5261771359443675,0.47382286405563245,Sell,93.65258,93.84236,93.312965,93.60264,763
2026-04-17 08:00:00,1,0.5347514735604642,0.46524852643953585,Sell,93.62261,93.68254,92.214226,92.45396,1178
2026-04-17 09:00:00,1,0.4963916914684776,0.5036083085315224,Hold,92.48392,92.62376,90.436264,90.73592,2256
2026-04-17 10:00:00,1,0.49418293034084976,0.5058170696591502,Hold,90.705956,91.445114,90.156586,91.15544,1210
2026-04-17 11:00:00,1,0.4860153426423098,0.5139846573576903,Hold,91.145454,91.32525,90.57611,90.79585,708
2026-04-17 12:00:00,1,0.5200451519432555,0.4799548480567445,Sell,90.815834,90.96566,84.55302,85.3521,6307
2026-04-17 13:00:00,0,0.5232244657632623,0.4767755342367377,Sell,85.3521,86.07127,82.90491,84.51306,8153
2026-04-17 14:00:00,0,0.5332079318392029,0.4667920681607971,Sell,84.52305,84.582985,80.467705,82.1258,4640
2026-04-17 15:00:00,0,0.5031655288116462,0.4968344711883538,Sell,82.09583,83.55416,81.54646,82.89492,3712
2026-04-17 16:00:00,0,0.47698036775536856,0.5230196322446314,Hold,82.92488,83.55416,82.54532,82.94486,1751
2026-04-17 17:00:00,0,0.4614043356073468,0.5385956643926533,Hold,82.914894,84.54303,82.854965,83.29446,2173
2026-04-17 18:00:00,0,0.4277642166977368,0.5722357833022632,Hold,83.29446,84.90262,82.90491,84.57299,3695
2026-04-17 19:00:00,0,0.4086280576162364,0.5913719423837636,Hold,84.60296,84.86266,84.1335,84.563,912
2026-04-17 20:00:00,0,0.37557424871834205,0.624425751281658,Hold,84.57299,85.48195,84.49309,85.47196,714
2026-04-19 22:00:00,0,0.31951235983266973,0.6804876401673303,Hold,85.47196,86.87791,84.67687,85.32652,19806
2026-04-19 23:00:00,0,0.3362081734596876,0.6637918265403124,Hold,85.30713,85.96647,85.17138,85.92768,4685
2026-04-20 00:00:00,0,0.3169131352691429,0.6830868647308571,Hold,85.92768,86.141,85.30713,85.42348,5936
2026-04-20 01:00:00,0,0.3553526602675818,0.6446473397324182,Hold,85.40409,85.42348,83.833305,84.0854,10558
2026-04-20 02:00:00,0,0.34917987377453175,0.6508201262254683,Hold,84.06602,84.79323,83.95936,84.51204,5648
2026-04-20 03:00:00,0,0.4138320862372017,0.5861679137627983,Hold,84.521736,84.82232,84.453865,84.74475,1765
2026-04-20 04:00:00,0,0.41472429396362454,0.5852757060363755,Hold,84.735054,85.20047,84.667175,84.76414,2810
2026-04-20 05:00:00,0,0.4401705693995992,0.5598294306004008,Hold,84.76414,85.1326,84.667175,84.88049,2360
2026-04-20 06:00:00,0,0.47580428048984774,0.5241957195101523,Hold,84.909584,85.3653,84.6187,84.735054,5176
2026-04-20 07:00:00,0,0.5104508943834679,0.4895491056165321,Sell,84.72536,85.55923,83.978745,85.02594,9011
2026-04-20 08:00:00,0,0.5073619556228322,0.49263804437716785,Sell,85.06472,85.75315,84.67687,84.773834,7224
2026-04-20 09:00:00,0,0.5345525620634201,0.46544743793657994,Sell,84.81262,85.151985,84.25994,84.95806,6661
2026-04-20 10:00:00,0,0.5541392325422382,0.4458607674577618,Sell,84.95806,84.977455,84.06602,84.84171,5230
2026-04-20 11:00:00,0,0.5356110453590404,0.46438895464095964,Sell,84.8611,85.27804,84.318115,84.453865,7711
2026-04-20 12:00:00,0,0.5166522583384416,0.48334774166155836,Sell,84.463554,84.88049,84.03693,84.30842,10522
2026-04-20 13:00:00,0,0.5283855499979634,0.4716144500020366,Sell,84.33751,84.802925,82.85399,83.348495,28206
2026-04-20 14:00:00,0,0.4983796038985704,0.5016203961014296,Hold,83.35819,85.17138,83.3291,84.63809,20971
2026-04-20 15:00:00,0,0.480677520495268,0.519322479504732,Hold,84.628395,84.8514,83.843,84.67687,19712
2026-04-20 16:00:00,0,0.4235695681875916,0.5764304318124084,Hold,84.667175,85.01624,84.37629,84.6187,9034
2026-04-20 17:00:00,0,0.41907074754290236,0.5809292524570977,Hold,84.628395,85.30713,84.43447,84.84171,13021
2026-04-20 18:00:00,0,0.41129383465115865,0.5887061653488413,Hold,84.832016,85.09381,84.32781,84.72536,14965
2026-04-20 19:00:00,0,0.3895337395375943,0.6104662604624057,Hold,84.72536,84.76414,84.19206,84.24055,4006
2026-04-20 20:00:00,0,0.38622988673091424,0.6137701132690858,Hold,84.250244,84.40538,82.970345,83.280624,6770
2026-04-20 22:00:00,0,0.3409180407299653,0.6590819592700348,Hold,83.212746,83.90118,82.90247,83.73634,3260
2026-04-20 23:00:00,0,0.347920319191168,0.652079680808832,Hold,83.72665,83.88178,83.493935,83.5909,977
2026-04-21 00:00:00,0,0.33867428360447355,0.6613257163955264,Hold,83.5909,83.939964,83.493935,83.8527,3156
2026-04-21 01:00:00,0,0.3597869779682463,0.6402130220317537,Hold,83.87209,84.0951,83.79452,84.01753,2387
2026-04-21 02:00:00,0,0.3753208631349669,0.6246791368650331,Hold,84.01753,84.143585,83.8624,84.02723,1165
2026-04-21 03:00:00,0,0.41099521927544325,0.5890047807245568,Hold,84.02723,84.143585,83.90118,84.04662,1032
2026-04-21 04:00:00,0,0.45958340533098085,0.5404165946690191,Hold,84.04662,84.05632,83.64908,83.66847,1316
2026-04-21 05:00:00,0,0.5078540220881114,0.49214597791188863,Sell,83.658775,83.658775,83.06731,83.54242,3755
2026-04-21 06:00:00,0,0.5024694327925077,0.49753056720749234,Sell,83.54242,84.0951,83.523026,83.98844,2773
2026-04-21 07:00:00,0,0.5132548731103286,0.4867451268896714,Sell,83.969055,84.81262,83.25153,83.81391,7169
2026-04-21 08:00:00,0,0.5086772197572075,0.4913227802427925,Sell,83.82361,84.22115,83.38728,84.16298,5528
2026-04-21 09:00:00,0,0.5215983222533257,0.4784016777466743,Sell,84.182365,84.832016,83.93027,84.04662,6149
2026-04-21 10:00:00,0,0.5543922078137733,0.4456077921862267,Sell,84.04662,84.16298,83.523026,84.02723,4388
2026-04-21 11:00:00,0,0.5186082959491221,0.48139170405087794,Sell,84.007835,85.03564,84.007835,84.938675,11045
2026-04-21 12:00:00,0,0.537573527084586,0.46242647291541406,Sell,84.92898,85.06472,84.143585,84.696266,10627
2026-04-21 13:00:00,0,0.5174828295399667,0.4825171704600333,Sell,84.696266,84.70596,83.92057,84.15328,13483
2026-04-21 14:00:00,0,0.5028438566285515,0.49715614337144853,Sell,84.16298,86.09252,84.12419,86.04404,23137
2026-04-21 15:00:00,0,0.4126992582633201,0.5873007417366799,Hold,86.04404,87.35303,85.71436,87.03305,28399
2026-04-21 16:00:00,0,0.3753367388821843,0.6246632611178158,Hold,87.04275,87.70209,86.70338,87.673,16590
2026-04-21 17:00:00,0,0.3699427818046922,0.6300572181953078,Hold,87.673,88.67171,86.26705,86.70338,36013
2026-04-21 18:00:00,0,0.34265428052697394,0.6573457194730261,Hold,86.71307,87.32394,85.23925,86.121605,34477
2026-04-21 19:00:00,0,0.34236963219321176,0.6576303678067883,Hold,86.121605,89.42801,85.19077,88.991684,31076
2026-04-21 20:00:00,0,0.3380946939754151,0.661905306024585,Hold,88.98199,89.15652,85.219864,87.47907,19211
2026-04-21 22:00:00,0,0.3031153045267651,0.6968846954732348,Hold,87.265755,87.94449,86.984566,87.58573,2415
2026-04-21 23:00:00,0,0.3103757151239933,0.6896242848760067,Hold,87.605125,87.954185,87.576035,87.740875,1210
2026-04-22 00:00:00,0,0.3321537181770933,0.6678462818229067,Hold,87.750565,87.76026,86.06343,87.07183,7030
2026-04-22 01:00:00,0,0.361431476509175,0.6385685234908249,Hold,87.06214,87.06214,86.33492,86.68398,4185
2026-04-22 02:00:00,0,0.3639412266561616,0.6360587733438384,Hold,86.69368,86.80034,86.44158,86.61611,2137
2026-04-22 03:00:00,0,0.3791377345925289,0.6208622654074711,Hold,86.6452,86.96518,86.45128,86.55794,2168
2026-04-22 04:00:00,0,0.42378952103448136,0.5762104789655187,Hold,86.54824,86.8973,86.48037,86.85852,2077
2026-04-22 05:00:00,0,0.4864235359832484,0.5135764640167516,Hold,86.83913,86.86822,84.977455,86.06343,10043
2026-04-22 06:00:00,0,0.4988888620859492,0.5011111379140508,Hold,86.06343,86.257355,85.92768,86.03434,3174
2026-04-22 07:00:00,0,0.549783240005141,0.450216759994859,Sell,86.014946,86.69368,85.811325,86.6646,4978
2026-04-22 08:00:00,0,0.5599714030263256,0.44002859697367436,Sell,86.6549,88.63292,86.50945,88.05115,10368
2026-04-22 09:00:00,0,0.5611687235154257,0.4388312764845743,Sell,88.05115,88.38082,87.401505,88.09963,7708
2026-04-22 10:00:00,0,0.5664172463852699,0.4335827536147301,Sell,88.09963,88.1869,87.20758,87.38211,5055
2026-04-22 11:00:00,0,0.5380542834488555,0.46194571655114447,Sell,87.37241,87.886314,87.06214,87.469376,6612
2026-04-22 12:00:00,0,0.5461080856042474,0.4538919143957526,Sell,87.47907,88.81715,86.984566,88.65231,15631
2026-04-22 13:00:00,0,0.50861075456063,0.49138924543937,Sell,88.64262,89.28257,87.673,88.9432,30204
2026-04-22 14:00:00,0,0.45954850302278777,0.5404514969772123,Hold,88.952896,89.651024,88.196594,89.408615,21333
2026-04-22 15:00:00,0,0.4229310130080261,0.5770689869919738,Hold,89.408615,90.43642,88.53596,90.28127,25585
2026-04-22 16:00:00,0,0.40025627157081,0.59974372842919,Hold,90.26188,90.88244,90.058266,90.77578,14415
2026-04-22 17:00:00,0,0.39487640759143383,0.6051235924085662,Hold,90.78548,90.84365,89.52497,89.80616,19475
2026-04-22 18:00:00,0,0.3477797367941985,0.6522202632058015,Hold,89.81586,90.4752,89.786766,90.12614,11423
2026-04-22 19:00:00,0,0.3219438166238958,0.6780561833761042,Hold,90.12614,90.25219,89.60254,89.79646,5325
2026-04-22 20:00:00,0,0.3133365621536996,0.6866634378463004,Hold,89.79646,90.31036,89.60254,90.04857,2644
2026-04-22 22:00:00,0,0.2866347118877878,0.7133652881122122,Hold,90.07765,90.10674,89.52497,89.718895,1077
2026-04-22 23:00:00,0,0.2890235039610236,0.7109764960389764,Hold,89.718895,89.97099,89.59284,89.91282,772
2026-04-23 00:00:00,0,0.3195706960513005,0.6804293039486995,Hold,89.922516,94.26641,89.79646,90.10674,22719
2026-04-23 01:00:00,0,0.32991328361942024,0.6700867163805797,Hold,90.13583,90.863045,90.000084,90.63034,4694
2026-04-23 02:00:00,0,0.3343701217378433,0.6656298782621567,Hold,90.64973,92.375656,90.61095,92.172035,8441
2026-04-23 03:00:00,0,0.36987992386309443,0.6301200761369056,Hold,92.18173,92.375656,91.56117,91.66783,4823
2026-04-23 04:00:00,0,0.4115878768008862,0.5884121231991137,Hold,91.69692,91.793884,91.173325,91.202415,2383
2026-04-23 05:00:00,0,0.4548419838356324,0.5451580161643677,Hold,91.21211,91.58057,90.9794,91.00849,2388
2026-04-23 06:00:00,0,0.4840054036817079,0.5159945963182921,Hold,91.01819,91.78419,90.80487,91.54178,3545
2026-04-23 07:00:00,0,0.5166164948525347,0.4833835051474653,Sell,91.522385,91.861755,90.407326,90.84365,5867
2026-04-23 08:00:00,0,0.524392840167697,0.47560715983230295,Sell,90.83396,92.16234,90.81457,92.01689,6046
2026-04-23 09:00:00,0,0.5337511937604515,0.46624880623954845,Sell,92.007195,92.73441,91.40604,92.04598,8013
2026-04-23 10:00:00,0,0.5539854285584636,0.44601457144153644,Sell,92.07507,92.172035,90.892136,91.08606,4429
2026-04-23 11:00:00,0,0.5460286117200676,0.45397138827993244,Sell,91.066666,91.35755,90.203705,90.41702,11424
2026-04-23 12:00:00,0,0.5473596213021141,0.45264037869788587,Sell,90.42672,91.14423,89.49588,90.39763,20998
2026-04-23 13:00:00,0,0.5321055051186027,0.46789449488139734,Sell,90.38793,91.58057,90.15523,91.13454,17922
2026-04-23 14:00:00,0,0.5156615803197334,0.4843384196802666,Sell,91.13454,91.7551,90.203705,90.25219,17496
2026-04-23 15:00:00,0,0.46157274768347095,0.538427252316529,Hold,90.26188,91.77449,90.13583,91.58057,15359
2026-04-23 16:00:00,0,0.4143419237815851,0.5856580762184149,Hold,91.58057,91.82297,91.07636,91.59026,9737
2026-04-23 17:00:00,0,0.3784035604220435,0.6215964395779565,Hold,91.57087,95.40086,91.56117,93.2677,62223
2026-04-23 18:00:00,0,0.3273502640818294,0.6726497359181707,Hold,93.29679,93.90765,92.30778,93.771904,30208
2026-04-23 19:00:00,0,0.3217947585855266,0.6782052414144735,Hold,93.75251,93.93674,93.04469,93.47132,7633
2026-04-23 20:00:00,0,0.29469136724999145,0.7053086327500085,Hold,93.48102,94.45064,93.47132,94.05309,4634
2026-04-23 22:00:00,0,0.2865679778162219,0.7134320221837781,Hold,93.68464,94.39246,92.96712,94.13066,1980
2026-04-23 23:00:00,0,0.30980406926355974,0.6901959307364403,Hold,94.13066,94.179146,93.74281,93.868866,1102
2026-04-24 00:00:00,0,0.30413819615497023,0.6958618038450297,Hold,93.84947,94.57669,93.74281,94.21793,4668
2026-04-24 01:00:00,0,0.31079469242206176,0.6892053075779383,Hold,94.22762,94.634865,93.74281,94.06279,3923
2026-04-24 02:00:00,0,0.32710737620265984,0.6728926237973402,Hold,94.05309,94.13066,93.461624,93.54889,3249
2026-04-24 03:00:00,0,0.3599038656869424,0.6400961343130576,Hold,93.54889,93.75251,93.16104,93.68464,2156
2026-04-24 04:00:00,0,0.41143093458037433,0.5885690654196256,Hold,93.68464,93.7816,93.034996,93.09317,1517
2026-04-24 05:00:00,0,0.4377573871783774,0.5622426128216226,Hold,93.09317,93.248314,92.75381,93.0253,2654
2026-04-24 06:00:00,0,0.4598782926098561,0.5401217073901439,Hold,93.05439,93.626465,92.64715,93.56828,3701
2026-04-24 07:00:00,0,0.4887680326381077,0.5112319673618924,Hold,93.58768,93.839775,93.09317,93.76221,4847
2026-04-24 08:00:00,1,0.49497445675474544,0.5050255432452546,Hold,93.771904,94.87727,93.771904,94.0337,7661
2026-04-24 09:00:00,1,0.522807671799751,0.47719232820024904,Sell,94.02401,94.81909,93.72343,94.770615,4643
2026-04-24 10:00:00,1,0.5330340137669645,0.46696598623303553,Sell,94.76092,94.76092,93.89796,93.975525,3935
2026-04-24 11:00:00,0,0.5215078191723864,0.4784921808276136,Sell,94.004616,94.01431,90.78548,91.60966,34486
2026-04-24 12:00:00,0,0.5053039840517011,0.49469601594829893,Sell,91.61935,93.558586,91.28968,93.005905,18367
2026-04-24 13:00:00,0,0.5398395469266586,0.4601604530733414,Sell,93.005905,93.005905,91.76479,92.30778,19672
2026-04-24 14:00:00,0,0.4994400842208372,0.5005599157791628,Hold,92.33687,92.68593,91.78419,92.23021,17907
2026-04-24 15:00:00,0,0.4295325004184144,0.5704674995815856,Hold,92.23021,92.89925,89.86434,90.688515,33675
2026-04-24 16:00:00,0,0.36876908087413074,0.6312309191258693,Hold,90.688515,91.56117,90.30067,90.92123,15038
2026-04-24 17:00:00,0,0.3902399680400486,0.6097600319599514,Hold,90.91153,91.25089,89.93221,90.76608,14551
2026-04-24 18:00:00,0,0.3246557900776621,0.6753442099223379,Hold,90.77578,91.76479,90.756386,91.36725,16302
2026-04-24 19:00:00,0,0.3229417599337895,0.6770582400662105,Hold,91.35755,92.317474,91.2315,91.89085,7485
2026-04-24 20:00:00,0,0.3103809239671525,0.6896190760328476,Hold,91.91023,92.656845,91.90054,91.997505,5446
2026-04-26 22:00:00,0,0.2503453416832479,0.749654658316752,Hold,92.695625,93.74281,92.5017,93.09317,5247
2026-04-26 23:00:00,0,0.23602452059727486,0.7639754794027251,Hold,93.13196,93.36466,93.034996,93.209526,1364
2026-04-27 00:00:00,0,0.22703607423493072,0.7729639257650693,Hold,93.21922,93.597374,92.860466,93.15135,3205
2026-04-27 01:00:00,0,0.28612440416393686,0.7138755958360632,Hold,93.12226,93.19983,92.550186,92.95743,4833
2026-04-27 02:00:00,0,0.2756318515074109,0.7243681484925891,Hold,92.94773,92.94773,92.33687,92.33687,2532
2026-04-27 03:00:00,0,0.31219354137690936,0.6878064586230906,Hold,92.346565,92.453224,92.10416,92.40474,1766
2026-04-27 04:00:00,0,0.33163586091990316,0.6683641390800968,Hold,92.40474,92.763504,92.30778,92.695625,984
2026-04-27 05:00:00,0,0.39708884745478845,0.6029111525452115,Hold,92.67623,93.345276,92.64715,93.15135,2718
2026-04-27 06:00:00,0,0.42128116466017057,0.5787188353398294,Hold,93.141655,93.48102,93.10287,93.16104,2327
2026-04-27 07:00:00,0,0.472449199712844,0.5275508002871561,Hold,93.16104,93.946434,93.15135,93.88826,3476
2026-04-27 08:00:00,0,0.49421976828981257,0.5057802317101874,Hold,93.89796,94.150055,93.461624,93.54889,4490
2026-04-27 09:00:00,0,0.5059904657840768,0.4940095342159232,Sell,93.54889,93.75251,93.22892,93.558586,3263
2026-04-27 10:00:00,0,0.49630499452288795,0.5036950054771121,Hold,93.56828,93.57798,92.172035,92.5114,5307
2026-04-27 11:00:00,0,0.4798195577647861,0.5201804422352139,Hold,92.521095,92.55988,91.71631,92.22051,6251
2026-04-27 12:00:00,0,0.49461761026738427,0.5053823897326157,Hold,92.210815,93.60707,91.968414,93.39375,10866
2026-04-27 13:00:00,0,0.48166106673534087,0.5183389332646591,Hold,93.39375,93.597374,92.71502,92.802284,13752
2026-04-27 14:00:00,0,0.45225856691839156,0.5477414330816084,Hold,92.79259,93.84947,92.40474,93.81069,19018
2026-04-27 15:00:00,0,0.419788970494055,0.580211029505945,Hold,93.81069,94.5379,93.180435,93.248314,19316
2026-04-27 16:00:00,0,0.3533764446642885,0.6466235553357115,Hold,93.22892,93.665245,93.141655,93.63616,7164
2026-04-27 17:00:00,0,0.3463498733110802,0.6536501266889199,Hold,93.63616,94.70274,93.23862,93.60707,12576
2026-04-27 18:00:00,0,0.3108050656532825,0.6891949343467175,Hold,93.63616,94.27611,93.287094,93.61677,12302
2026-04-27 19:00:00,0,0.302934737602869,0.697065262397131,Hold,93.61677,93.694336,92.98651,93.48102,6647
2026-04-27 20:00:00,0,0.26722449924348135,0.7327755007565186,Hold,93.47132,93.85917,93.33558,93.74281,2221
2026-04-27 22:00:00,0,0.2466987220185756,0.7533012779814244,Hold,93.73312,93.839775,93.37436,93.694336,1321
2026-04-27 23:00:00,0,0.24126783759167328,0.7587321624083267,Hold,93.694336,93.85917,93.65555,93.71373,835
2026-04-28 00:00:00,0,0.2691067715724056,0.7308932284275944,Hold,93.71373,94.24702,93.316185,94.082184,3670
2026-04-28 01:00:00,0,0.31041539294901815,0.6895846070509819,Hold,94.082184,94.45064,93.90765,94.37307,2807
2026-04-28 02:00:00,0,0.3087790396038193,0.6912209603961808,Hold,94.37307,94.58639,94.27611,94.431244,1852
2026-04-28 03:00:00,0,0.34519383460611447,0.6548061653938855,Hold,94.42155,94.634865,94.22762,94.634865,1349
2026-04-28 04:00:00,0,0.37353610396398695,0.626463896036013,Hold,94.62517,94.838486,94.36337,94.49912,1317
2026-04-28 05:00:00,0,0.4368981801110714,0.5631018198889286,Hold,94.49912,95.84689,94.44094,95.21664,5350
2026-04-28 06:00:00,0,0.45428428063403775,0.5457157193659623,Hold,95.23603,95.459045,94.75122,95.38148,3302
2026-04-28 07:00:00,0,0.49903749175338874,0.5009625082466113,Hold,95.38148,96.20565,95.3039,95.88567,6662
2026-04-28 08:00:00,0,0.5164597782883504,0.48354022171164956,Sell,95.89537,96.25413,95.23603,95.943855,6632
2026-04-28 09:00:00,0,0.5276309887919869,0.4723690112080131,Sell,95.96324,96.85529,95.95355,96.777725,5635
2026-04-28 10:00:00,0,0.5213434779475536,0.47865652205244635,Sell,96.777725,97.06861,96.428665,96.709854,5205
2026-04-28 11:00:00,1,0.5311482020650979,0.46885179793490206,Sell,96.70016,98.75575,96.51593,98.18368,15943
2026-04-28 12:00:00,0,0.5198186590144768,0.48018134098552323,Sell,98.203064,98.22246,95.119675,96.38018,29338
2026-04-28 13:00:00,0,0.47982630695802375,0.5201736930419762,Hold,96.38988,97.37889,95.74993,96.38018,25951
2026-04-28 14:00:00,0,0.4627612708676721,0.537238729132328,Hold,96.399574,97.41767,96.20565,96.3414,23030
2026-04-28 15:00:00,0,0.4272129103240287,0.5727870896759713,Hold,96.36079,96.97165,96.00203,96.75833,15152
2026-04-28 16:00:00,0,0.38772030511188615,0.6122796948881138,Hold,96.76803,97.155876,96.050514,96.19595,9976
2026-04-28 17:00:00,0,0.36751469443245416,0.6324853055675459,Hold,96.20565,97.40798,96.118385,97.194664,10609
2026-04-28 18:00:00,0,0.32848538050625076,0.6715146194937492,Hold,97.17527,97.28193,96.3317,96.96195,14978
2026-04-28 19:00:00,0,0.31959582611567716,0.6804041738843228,Hold,96.952255,97.020134,96.748634,96.87469,3718
2026-04-28 20:00:00,0,0.30243488537492663,0.6975651146250734,Hold,96.86499,96.90378,96.48684,96.5935,3126
2026-04-28 22:00:00,0,0.28425806295184086,0.7157419370481591,Hold,96.68076,96.71955,96.3414,96.5838,1272
2026-04-28 23:00:00,0,0.2976229001516431,0.702377099848357,Hold,96.5935,96.66137,96.3317,96.399574,982
2026-04-29 00:00:00,0,0.30451961021884677,0.6954803897811532,Hold,96.40927,96.40927,95.92446,96.292915,3116
2026-04-29 01:00:00,0,0.3659387678872451,0.6340612321127549,Hold,96.28322,97.679474,96.225044,97.3401,6917
2026-04-29 02:00:00,0,0.35695512287254355,0.6430448771274564,Hold,97.33041,97.3401,95.429955,96.28322,6709
2026-04-29 03:00:00,0,0.3871007954431957,0.6128992045568042,Hold,96.31231,96.44805,95.78871,96.28322,2555
2026-04-29 04:00:00,0,0.42705309623904103,0.5729469037609589,Hold,96.28322,96.603195,96.19595,96.51593,1162
2026-04-29 05:00:00,0,0.48141722551790733,0.5185827744820927,Hold,96.55471,96.82621,96.535324,96.79712,1468
2026-04-29 06:00:00,0,0.517447067208688,0.48255293279131195,Sell,96.81651,97.572815,96.574104,97.53403,4288
2026-04-29 07:00:00,0,0.5379321340797865,0.46206786592021354,Sell,97.49525,98.83332,97.291626,98.610306,7759
2026-04-29 08:00:00,0,0.5385178378288308,0.4614821621711692,Sell,98.62,100.62711,98.53274,100.45258,14377
2026-04-29 09:00:00,0,0.5269413407185378,0.4730586592814622,Sell,100.46228,100.55924,99.72537,100.413795,7210
2026-04-29 10:00:00,0,0.5397686657799508,0.46023133422004925,Sell,100.42349,100.6659,99.95808,100.00656,4481
2026-04-29 11:00:00,0,0.5194093359816977,0.4805906640183023,Sell,99.996864,100.307144,99.61871,100.25866,6850
2026-04-29 12:00:00,0,0.4975855155119036,0.5024144844880964,Hold,100.27805,101.19919,99.85142,100.6659,11744
2026-04-29 13:00:00,0,0.5154707219433118,0.4845292780566882,Sell,100.6756,102.05246,99.9193,101.77126,25672
2026-04-29 14:00:00,0,0.5123355796550457,0.4876644203449543,Sell,101.79066,102.22699,101.21858,101.99428,17168
2026-04-29 15:00:00,0,0.4830538893312745,0.5169461106687254,Hold,101.98458,103.78808,101.74218,103.53597,26793
2026-04-29 16:00:00,0,0.44149295649491743,0.5585070435050825,Hold,103.55537,104.011086,102.9639,103.88504,17321
2026-04-29 17:00:00,0,0.40732696796991696,0.592673032030083,Hold,103.88504,104.40863,103.041466,103.283875,21742
2026-04-29 18:00:00,0,0.36728579801560995,0.6327142019843901,Hold,103.33235,104.185616,103.23539,103.55537,18148
2026-04-29 19:00:00,0,0.3495586010161285,0.6504413989838715,Hold,103.57476,105.19402,103.44871,104.50559,9647
2026-04-29 20:00:00,0,0.33192126474366107,0.6680787352563389,Hold,104.495895,105.30068,104.26319,105.19402,4035
2026-04-29 22:00:00,0,0.30319039664145325,0.6968096033585467,Hold,105.7564,106.30908,104.31167,105.116455,3398
2026-04-29 23:00:00,0,0.3208847952291829,0.6791152047708171,Hold,105.10676,105.20372,104.55408,104.68012,1452
2026-04-30 00:00:00,0,0.32590798989059167,0.6740920101094083,Hold,104.70921,104.81587,103.215996,104.146835,6629
2026-04-30 01:00:00,0,0.3322572621342694,0.6677427378657306,Hold,104.13714,104.34076,103.84625,103.91412,2847
2026-04-30 02:00:00,0,0.34550503542398303,0.654494964576017,Hold,103.93352,105.93093,103.92382,105.10676,6646
2026-04-30 03:00:00,0,0.38033057892837896,0.619669421071621,Hold,105.12615,106.25091,104.85466,105.78549,4794
2026-04-30 04:00:00,0,0.4031817462093941,0.5968182537906059,Hold,105.79519,107.5599,105.7564,106.5224,7252
2026-04-30 05:00:00,1,0.4447788357209089,0.5552211642790911,Hold,106.503006,106.5224,105.533394,106.04729,3794
2026-04-30 06:00:00,1,0.48082026443583925,0.5191797355641607,Hold,106.04729,106.95873,104.97101,105.048584,8138
2026-04-30 07:00:00,1,0.5198631232930561,0.48013687670694394,Sell,105.009796,105.320076,104.36985,104.97101,7147
2026-04-30 08:00:00,1,0.5529607337425583,0.4470392662574417,Sell,104.97101,105.19402,104.2341,104.70921,5678
2026-04-30 09:00:00,0,0.579744087287989,0.420255912712011,Sell,104.70921,105.56248,103.15782,103.65233,10754
2026-04-30 10:00:00,0,0.5796099565132402,0.4203900434867598,Sell,103.69112,104.04987,102.973595,103.19661,8442
2026-04-30 11:00:00,0,0.5357479650922412,0.4642520349077588,Sell,103.20631,103.215996,100.35562,101.35433,24100
2026-04-30 12:00:00,0,0.543843314834252,0.45615668516574803,Sell,101.35433,102.61484,101.29615,102.09124,14671
2026-04-30 13:00:00,0,0.536306633450489,0.463693366549511,Sell,102.10094,102.76028,100.69499,102.24638,17581
2026-04-30 14:00:00,0,0.5193864508190111,0.48061354918098886,Sell,102.24638,103.22569,101.50947,102.76997,19761
2026-04-30 15:00:00,0,0.459357801315803,0.5406421986841969,Hold,102.77967,103.38084,100.404106,100.93739,32389
2026-04-30 16:00:00,0,0.4215681134601896,0.5784318865398104,Hold,100.93739,101.974884,100.859825,101.587036,10716
2026-04-30 17:00:00,0,0.38833633617182695,0.611663663828173,Hold,101.587036,101.6743,100.200485,100.520454,17115
2026-04-30 18:00:00,0,0.3794522523089359,0.6205477476910641,Hold,100.520454,102.39182,100.28775,102.1882,20593
2026-04-30 19:00:00,0,0.33750796180224,0.6624920381977599,Hold,102.207596,102.23669,101.519165,102.02337,5618
2026-04-30 20:00:00,0,0.31919604578298905,0.680803954217011,Hold,102.01367,102.92511,101.90701,102.207596,5418
2026-04-30 22:00:00,0,0.29307341651972607,0.7069265834802739,Hold,101.9458,102.75058,101.868225,102.47909,1073
2026-04-30 23:00:00,0,0.2848176120356503,0.7151823879643497,Hold,102.47909,102.634224,102.29486,102.43061,628
2026-05-01 00:00:00,0,0.3109667557792424,0.6890332442207576,Hold,102.43061,102.81846,102.178505,102.42091,1735
2026-05-01 01:00:00,0,0.33542909799646387,0.6645709020035362,Hold,102.42091,102.78937,101.9458,102.12033,1704
2026-05-01 02:00:00,0,0.34498800526914003,0.6550119947308599,Hold,102.10094,103.148125,101.88762,102.29486,2101
2026-05-01 03:00:00,0,0.3562129717974995,0.6437870282025004,Hold,102.25607,102.52757,102.178505,102.33365,1145
2026-05-01 04:00:00,0,0.40576041417026687,0.5942395858297331,Hold,102.314255,102.39182,101.79066,101.800354,1448
2026-05-01 05:00:00,0,0.43793040918803255,0.5620695908119675,Hold,101.81005,102.13003,101.800354,101.92641,1178
2026-05-01 06:00:00,1,0.47898908572698917,0.5210109142730108,Hold,101.91671,103.40992,101.91671,102.7118,3794
2026-05-01 07:00:00,1,0.5170094579264528,0.4829905420735472,Sell,102.7215,102.91542,100.966484,102.314255,7395
2026-05-01 08:00:00,1,0.5316612145880172,0.4683387854119828,Sell,102.314255,102.52757,101.49977,102.32395,5220
2026-05-01 09:00:00,1,0.542012739713197,0.45798726028680303,Sell,102.33365,102.9445,102.02337,102.21729,3446
2026-05-01 10:00:00,1,0.5699122131258216,0.43008778687417837,Sell,102.23669,102.50818,101.77126,101.81975,2865
2026-05-01 11:00:00,1,0.5482817395539696,0.45171826044603036,Sell,101.81005,102.003975,100.791954,100.9083,7920
2026-05-01 12:00:00,1,0.5242484328895092,0.4757515671104908,Sell,100.93739,101.237976,99.10481,100.60772,16748
2026-05-01 13:00:00,0,0.49787976668487394,0.502120233315126,Hold,100.62711,100.71438,97.369194,97.78613,25825
2026-05-01 14:00:00,0,0.4570007159378814,0.5429992840621186,Hold,97.747345,98.64909,96.28322,98.52304,27835
2026-05-01 15:00:00,0,0.41811684481102157,0.5818831551889785,Hold,98.50365,99.36661,97.69887,97.98975,18015
2026-05-01 16:00:00,0,0.42073194716358436,0.5792680528364156,Hold,98.01884,99.47327,97.65038,98.73636,17970
2026-05-01 17:00:00,0,0.40891633482969525,0.5910836651703048,Hold,98.784836,99.027245,98.15459,98.35821,9909
2026-05-01 18:00:00,0,0.37388868052460644,0.6261113194753936,Hold,98.367905,99.58962,98.06732,99.07572,16536
2026-05-01 19:00:00,0,0.36845134843805766,0.6315486515619424,Hold,99.095116,99.31813,98.72666,99.07572,3805
2026-05-01 20:00:00,0,0.35633848025325127,0.6436615197467488,Hold,99.08542,99.62841,98.93028,99.386,3597
2026-05-03 22:00:00,0,0.28334992752739174,0.7166500724726083,Hold,96.70016,98.49395,96.09899,97.98975,10191
2026-05-03 23:00:00,0,0.2856845767491722,0.7143154232508278,Hold,97.97036,98.67818,97.93157,98.6394,2030
2026-05-04 00:00:00,0,0.2674385374710779,0.7325614625289221,Hold,98.6394,99.22117,97.98975,98.086716,3770
2026-05-04 01:00:00,0,0.3210656050878372,0.6789343949121628,Hold,98.07702,98.891495,98.07702,98.542435,2202
2026-05-04 02:00:00,0,0.3259252474161697,0.6740747525838303,Hold,98.53274,98.99815,98.30972,98.72666,1337
2026-05-04 03:00:00,0,0.36561194891550436,0.6343880510844957,Hold,98.73636,99.095116,98.66849,98.80423,1426
2026-05-04 04:00:00,0,0.38363039846076386,0.6163696015392361,Hold,98.79453,98.83332,98.04793,98.59091,1585
2026-05-04 05:00:00,0,0.4118639752908754,0.5881360247091246,Hold,98.59091,98.66849,97.07831,97.883095,4104
2026-05-04 06:00:00,0,0.46755919685217223,0.5324408031478278,Hold,97.90248,99.65749,97.76674,99.30843,4957
2026-05-04 07:00:00,0,0.4900333376085289,0.5099666623914711,Hold,99.29874,100.307144,99.269646,100.307144,5389
2026-05-04 08:00:00,0,0.4914126041271323,0.5085873958728677,Hold,100.29745,101.36403,99.98717,100.12291,7075
2026-05-04 09:00:00,0,0.5129853691056714,0.4870146308943286,Sell,100.152,100.200485,99.49266,99.928986,3639
2026-05-04 10:00:00,0,0.5062217792770572,0.49377822072294275,Sell,99.928986,104.19531,99.85142,102.459694,28764
2026-05-04 11:00:00,0,0.5115246237421395,0.4884753762578605,Sell,102.459694,102.82815,100.73377,100.966484,11839
2026-05-04 12:00:00,0,0.5027115359601704,0.4972884640398296,Sell,100.97618,101.02466,99.01755,99.70598,14864
2026-05-04 13:00:00,0,0.5009365732235675,0.49906342677643245,Sell,99.69628,101.01496,98.73636,99.095116,22313
2026-05-04 14:00:00,0,0.4973998914416616,0.5026001085583385,Hold,99.11451,100.50107,98.406685,100.32653,19493
2026-05-04 15:00:00,0,0.42381942704229564,0.5761805729577043,Hold,100.345924,102.80876,99.861115,102.39182,34311
2026-05-04 16:00:00,0,0.36547766453069563,0.6345223354693044,Hold,102.42091,103.40023,101.50947,102.90572,24824
2026-05-04 17:00:00,0,0.3784475235061778,0.6215524764938223,Hold,102.90572,103.02207,101.78096,102.071846,12744
2026-05-04 18:00:00,0,0.2978163381339866,0.7021836618660133,Hold,102.071846,103.51658,101.56765,102.47909,18309
2026-05-04 19:00:00,0,0.31225549542967296,0.687744504570327,Hold,102.47909,102.634224,101.625824,102.09124,7949
2026-05-04 20:00:00,0,0.2902040686390801,0.7097959313609199,Hold,102.09124,102.12033,101.4319,101.9458,2102
2026-05-04 22:00:00,0,0.2641408303177817,0.7358591696822183,Hold,101.74218,102.27547,101.490074,101.722786,1112
2026-05-04 23:00:00,0,0.27340021573702256,0.7265997842629774,Hold,101.74218,101.92641,101.625824,101.800354,544
2026-05-05 00:00:00,0,0.25622695318918,0.74377304681082,Hold,101.81005,102.05246,101.344635,101.654915,1348
2026-05-05 01:00:00,0,0.2651887697261171,0.734811230273883,Hold,101.63552,101.87792,101.36403,101.60643,1516
2026-05-05 02:00:00,0,0.28770888956092755,0.7122911104390725,Hold,101.60643,101.60643,100.76286,101.02466,2397
2026-05-05 03:00:00,0,0.32243378601576006,0.67756621398424,Hold,101.04405,101.344635,100.93739,101.19919,770
2026-05-05 04:00:00,0,0.35784781594346704,0.642152184056533,Hold,101.19919,101.208885,100.69499,101.005264,877
2026-05-05 05:00:00,0,0.3733009534004835,0.6266990465995165,Hold,101.01496,101.40281,101.005264,101.10223,1749
2026-05-05 06:00:00,0,0.4120405432755196,0.5879594567244804,Hold,101.12162,102.14942,100.830734,101.24767,3784
2026-05-05 07:00:00,0,0.45941969169589575,0.5405803083041043,Hold,101.237976,101.63552,100.01626,101.373726,5982
2026-05-05 08:00:00,0,0.5012657456694749,0.4987342543305251,Sell,101.36403,101.50947,99.94838,100.28775,6507
2026-05-05 09:00:00,0,0.49527661547714696,0.504723384522853,Hold,100.29745,101.32524,100.29745,100.85013,4833
2026-05-05 10:00:00,0,0.5354661294154174,0.4645338705845826,Sell,100.85013,101.237976,100.35562,101.01496,3805
2026-05-05 11:00:00,0,0.524792707672013,0.475207292327987,Sell,101.02466,101.897316,100.578636,100.59803,6465
2026-05-05 12:00:00,0,0.524049341144667,0.47595065885533305,Sell,100.58833,101.04405,99.47327,100.08413,13093
2026-05-05 13:00:00,0,0.49829739566619063,0.5017026043338093,Hold,100.08413,100.21987,98.93998,98.95937,13635
2026-05-05 14:00:00,0,0.4519976219815063,0.5480023780184937,Hold,99.00785,99.87081,98.00914,98.53274,29005
2026-05-05 15:00:00,0,0.4402908761345015,0.5597091238654985,Hold,98.53274,99.405396,98.203064,98.99815,14931
2026-05-05 16:00:00,0,0.41183712373718034,0.5881628762628197,Hold,98.98846,99.30843,98.65879,99.201775,7146
2026-05-05 17:00:00,0,0.3983093829969815,0.6016906170030185,Hold,99.201775,99.269646,98.367905,98.96906,9743
2026-05-05 18:00:00,0,0.3598851982398476,0.6401148017601523,Hold,98.95937,99.512054,98.73636,99.16299,13080
2026-05-05 19:00:00,1,0.3301690656371351,0.6698309343628649,Hold,99.17268,99.78355,99.066025,99.65749,4999
2026-05-05 20:00:00,1,0.31496486066442453,0.6850351393355755,Hold,99.66719,99.686584,99.25025,99.56053,3071
2026-05-05 22:00:00,0,0.28823006008240143,0.7117699399175985,Hold,99.579926,99.579926,96.10869,97.96066,6093
2026-05-05 23:00:00,0,0.3028558444641453,0.6971441555358546,Hold,97.96066,98.07702,96.17656,96.76803,6470
2026-05-06 00:00:00,0,0.31143339901760775,0.6885666009823923,Hold,96.76803,98.32912,96.5838,97.84431,6268
2026-05-06 01:00:00,0,0.3302645358013457,0.6697354641986544,Hold,97.82491,98.21276,97.06861,97.504944,4316
2026-05-06 02:00:00,1,0.32968813068533126,0.6703118693146688,Hold,97.51463,97.72795,97.398285,97.58251,1499
2026-05-06 03:00:00,1,0.36166773825610415,0.6383322617438958,Hold,97.601906,97.91218,97.27223,97.52433,1401
2026-05-06 04:00:00,1,0.40403580535652667,0.5959641946434733,Hold,97.543724,97.679474,97.16557,97.3401,997
2026-05-06 05:00:00,1,0.4156922357940868,0.5843077642059131,Hold,97.3401,98.29033,97.14618,97.24314,2899
2026-05-06 06:00:00,1,0.45657135954034367,0.5434286404596563,Hold,97.25284,98.22246,96.709854,97.78613,4872
2026-05-06 07:00:00,1,0.49207139569944247,0.5079286043005575,Hold,97.79583,98.1158,94.73183,94.82879,11318
2026-05-06 08:00:00,1,0.5081171333014913,0.49188286669850867,Sell,94.79001,96.0796,92.29808,92.550186,19819
2026-05-06 09:00:00,0,0.5143731927790883,0.48562680722091167,Sell,92.550186,93.40345,90.4752,90.513985,25768
2026-05-06 10:00:00,0,0.5389115858645085,0.4610884141354915,Sell,90.513985,90.552765,86.810036,87.08153,34536
2026-05-06 11:00:00,0,0.5165812443400043,0.4834187556599957,Sell,87.06214,89.81586,85.96647,89.747986,32872
2026-05-06 12:00:00,0,0.44687447929369073,0.5531255207063093,Hold,89.747986,93.180435,89.66072,92.521095,32200
2026-05-06 13:00:00,0,0.4234761262615438,0.5765238737384561,Hold,92.521095,93.85917,92.23021,93.12226,28063
2026-05-06 14:00:00,0,0.4282200595246621,0.5717799404753379,Hold,93.112564,94.37307,91.60966,91.90054,26774
2026-05-06 15:00:00,0,0.3809590002714436,0.6190409997285564,Hold,91.89085,93.19013,91.7454,92.43383,17987
2026-05-06 16:00:00,0,0.3572405550585824,0.6427594449414176,Hold,92.43383,93.422844,91.69692,92.95743,13369
2026-05-06 17:00:00,0,0.35004966904200446,0.6499503309579955,Hold,92.94773,93.034996,92.10416,92.346565,9150
2026-05-06 18:00:00,0,0.31514484622712835,0.6848551537728716,Hold,92.35626,92.41444,91.46421,92.317474,16617
2026-05-06 19:00:00,0,0.2800994724442065,0.7199005275557935,Hold,92.32717,92.66654,91.94902,92.47262,4946
2026-05-06 20:00:00,0,0.2668224357977564,0.7331775642022436,Hold,92.453224,93.44224,92.172035,93.287094,3666
2026-05-06 22:00:00,0,0.2460210276086567,0.7539789723913433,Hold,93.37436,93.40345,92.71502,92.94773,1354
2026-05-06 23:00:00,0,0.23125083574284613,0.7687491642571539,Hold,92.938034,93.141655,92.81198,92.976814,751
2026-05-07 00:00:00,0,0.2572137132055988,0.7427862867944012,Hold,92.98651,93.54889,92.831375,93.22892,2408
2026-05-07 01:00:00,0,0.3161623376045121,0.6838376623954878,Hold,93.258,93.519806,92.48231,92.53079,3060
2026-05-07 02:00:00,0,0.30905078928623636,0.6909492107137636,Hold,92.5114,92.870155,91.94902,92.79259,2515
2026-05-07 03:00:00,0,0.3362003705737757,0.6637996294262243,Hold,92.78289,93.034996,92.453224,92.89925,1121
2026-05-07 04:00:00,0,0.36797831934266667,0.6320216806573333,Hold,92.90894,92.92834,92.59866,92.64715,728
2026-05-07 05:00:00,1,0.4000864703568471,0.5999135296431529,Hold,92.64715,92.860466,92.36596,92.46292,1195
2026-05-07 06:00:00,1,0.44989645282616225,0.5501035471738378,Hold,92.48231,92.763504,91.309074,91.7551,4889
2026-05-07 07:00:00,0,0.4436632806981025,0.5563367193018975,Hold,91.78419,91.861755,89.127426,90.49459,17050
2026-05-07 08:00:00,0,0.4748767244052395,0.5251232755947606,Hold,90.49459,91.71631,89.91282,90.058266,9372
2026-05-07 09:00:00,0,0.4910536071973266,0.5089463928026734,Hold,90.058266,90.36854,89.340744,90.04857,5790
2026-05-07 10:00:00,0,0.5055809381434517,0.49441906185654827,Sell,90.067955,90.49459,89.437706,90.03887,5766
2026-05-07 11:00:00,0,0.5179012549277292,0.4820987450722708,Sell,89.99039,90.13583,88.55535,89.030464,9163
2026-05-07 12:00:00,0,0.5115966166753952,0.48840338332460476,Sell,89.01107,89.27287,87.120316,87.9348,17430
2026-05-07 13:00:00,0,0.48324055305566177,0.5167594469443382,Hold,87.94449,89.87403,87.9251,88.39052,22847
2026-05-07 14:00:00,0,0.5059042836542261,0.49409571634577387,Sell,88.400215,88.79776,87.55664,88.4293,17652
2026-05-07 15:00:00,0,0.4482930438691079,0.551706956130892,Hold,88.400215,90.59155,88.39052,90.4752,22222
2026-05-07 16:00:00,0,0.4141593339058009,0.585840666094199,Hold,90.4752,92.976814,90.43642,92.73441,29844
2026-05-07 17:00:00,0,0.34993586714138747,0.6500641328586125,Hold,92.72472,94.49912,91.687225,91.997505,34660
2026-05-07 18:00:00,0,0.3253614876972838,0.6746385123027162,Hold,91.997505,93.665245,91.69692,92.70532,26310
2026-05-07 19:00:00,0,0.3004727134748773,0.6995272865251227,Hold,92.73441,94.34398,92.57927,93.43254,15247
2026-05-07 20:00:00,0,0.27742777640755284,0.7225722235924472,Hold,93.44224,95.013016,91.84236,94.69305,11963
2026-05-07 22:00:00,0,0.2548466493769992,0.7451533506230008,Hold,95.26512,95.64327,93.19983,94.314896,6548
2026-05-07 23:00:00,0,0.2600268884805374,0.7399731115194625,Hold,94.2955,94.3052,93.75251,94.0337,1323
2026-05-08 00:00:00,0,0.2535042734903994,0.7464957265096006,Hold,94.043396,94.34398,93.47132,93.65555,1961
2026-05-08 01:00:00,0,0.26872195590598125,0.7312780440940188,Hold,93.64585,93.65555,92.61806,93.112564,4386
2026-05-08 02:00:00,0,0.28238367114193225,0.7176163288580677,Hold,93.12226,93.5392,92.19143,92.84107,3381
2026-05-08 03:00:00,0,0.303972121977345,0.696027878022655,Hold,92.79259,92.89925,92.46292,92.802284,1185
2026-05-08 04:00:00,0,0.3229641488544337,0.6770358511455663,Hold,92.79259,93.54889,92.74411,92.88955,1958
2026-05-08 05:00:00,0,0.37686362582286004,0.62313637417714,Hold,92.860466,92.99621,92.41444,92.521095,1927
2026-05-08 06:00:00,0,0.3968681185828476,0.6031318814171525,Hold,92.53079,92.87985,91.28968,92.2496,5866
2026-05-08 07:00:00,0,0.42399526555425454,0.5760047344457455,Hold,92.23021,92.99621,91.90054,92.36596,4774
2026-05-08 08:00:00,0,0.4656964305603647,0.5343035694396353,Hold,92.36596,92.627754,91.309074,91.726006,6440
2026-05-08 09:00:00,0,0.4841114182105254,0.5158885817894746,Hold,91.726006,92.492004,90.9697,92.2593,5658
2026-05-08 10:00:00,0,0.49118530350525524,0.5088146964947448,Hold,92.269,92.40474,91.58057,92.007195,5126
2026-05-08 11:00:00,0,0.47670118711104176,0.5232988128889582,Hold,92.04598,92.36596,91.347855,92.08477,4596
2026-05-08 12:00:00,0,0.47358100529851954,0.5264189947014805,Hold,92.09447,92.72472,91.7357,92.453224,7339
2026-05-08 13:00:00,0,0.4896236258805735,0.5103763741194265,Hold,92.453224,92.5017,91.05697,91.44482,16892
2026-05-08 14:00:00,0,0.437444503618181,0.562555496381819,Hold,91.47391,92.938034,91.45451,92.5114,15275
2026-05-08 15:00:00,0,0.40559704607265407,0.5944029539273459,Hold,92.521095,93.19983,92.210815,92.89925,17516
2026-05-08 16:00:00,0,0.3759878338778935,0.6240121661221065,Hold,92.89925,93.258,92.550186,93.209526,10356
2026-05-08 17:00:00,0,0.38750936858514307,0.6124906314148569,Hold,93.209526,93.23862,92.41444,92.58897,7736
2026-05-08 18:00:00,0,0.35041490509564727,0.6495850949043527,Hold,92.58897,92.89925,91.71631,92.656845,17127
2026-05-08 19:00:00,0,0.3408304966239147,0.6591695033760854,Hold,92.656845,92.74411,91.81327,92.02659,4518
2026-05-08 20:00:00,0,0.3241862920393913,0.6758137079606087,Hold,92.036285,92.16234,91.54178,91.80358,2411
2026-05-10 22:00:00,0,0.24897311811386483,0.7510268818861352,Hold,95.20694,95.84689,94.68335,95.3039,7803
2026-05-10 23:00:00,0,0.28172317042246264,0.7182768295775374,Hold,95.323296,95.914764,95.20694,95.86628,2790
2026-05-11 00:00:00,0,0.26049957619013175,0.7395004238098682,Hold,95.85659,96.87469,95.50752,96.23474,5591
2026-05-11 01:00:00,0,0.2886400254143772,0.7113599745856227,Hold,96.21535,96.35109,95.8372,95.97294,4634
2026-05-11 02:00:00,0,0.3023282728893691,0.697671727110631,Hold,96.01173,96.8359,95.87598,96.777725,3126
2026-05-11 03:00:00,0,0.3133454268402415,0.6866545731597584,Hold,96.777725,97.262535,96.65167,96.913475,3297
2026-05-11 04:00:00,0,0.3598921724253188,0.6401078275746812,Hold,96.913475,97.32071,96.90378,97.25284,1630
2026-05-11 05:00:00,0,0.4020114994540405,0.5979885005459595,Hold,97.24314,97.291626,96.5935,96.73894,2436
2026-05-11 06:00:00,0,0.4482584894217764,0.5517415105782236,Hold,96.73894,97.088005,95.89537,96.02142,4397
2026-05-11 07:00:00,0,0.500317156574795,0.49968284342520497,Sell,96.00203,96.30261,95.255424,95.3136,4804
2026-05-11 08:00:00,0,0.5350854429815841,0.4649145570184159,Sell,95.294205,95.44935,93.975525,94.62517,9058
2026-05-11 09:00:00,0,0.5235885285639238,0.4764114714360762,Sell,94.65426,95.12937,94.41186,95.10998,3420
2026-05-11 10:00:00,0,0.5576044187022324,0.44239558129776757,Sell,95.10028,95.12937,94.324585,95.04211,3706
2026-05-11 11:00:00,0,0.5250009920976278,0.47499900790237215,Sell,95.0518,95.58509,94.74152,95.33299,3212
2026-05-11 12:00:00,0,0.5323314114083468,0.46766858859165317,Sell,95.33299,95.70145,93.65555,95.10028,11691
2026-05-11 13:00:00,0,0.5180730123240745,0.48192698767592546,Sell,95.10028,95.13907,93.209526,93.68464,18137
2026-05-11 14:00:00,0,0.5006271361374721,0.4993728638625279,Sell,93.70403,94.98393,93.626465,94.72213,13556
2026-05-11 15:00:00,0,0.45036116170002644,0.5496388382999735,Hold,94.70274,95.3136,94.23732,94.89667,13621
2026-05-11 16:00:00,0,0.42050937617032025,0.5794906238296798,Hold,94.90636,96.806816,94.87727,96.24444,14873
2026-05-11 17:00:00,0,0.36965505722123915,0.6303449427787609,Hold,96.24444,96.24444,95.12937,95.35239,8457
2026-05-11 18:00:00,0,0.3240841592980477,0.6759158407019523,Hold,95.37178,95.89537,94.84818,95.148766,16735
2026-05-11 19:00:00,0,0.30671157999447474,0.6932884200055253,Hold,95.13907,95.50752,94.86758,95.34269,3772
2026-05-11 20:00:00,0,0.2849592893514313,0.7150407106485688,Hold,95.323296,95.97294,95.18755,95.26512,4348
2026-05-11 22:00:00,0,0.2862142827091995,0.7137857172908004,Hold,95.40086,95.459045,95.04211,95.255424,844
2026-05-11 23:00:00,0,0.2837808348530682,0.7162191651469318,Hold,95.255424,95.294205,95.02271,95.12937,455
2026-05-12 00:00:00,0,0.28873737555533924,0.7112626244446607,Hold,95.13907,95.78871,95.119675,95.73054,2543
2026-05-12 01:00:00,0,0.31069807226669743,0.6893019277333026,Hold,95.71114,96.12808,95.37178,96.03112,2219
2026-05-12 02:00:00,0,0.31138145829165353,0.6886185417083465,Hold,96.04082,96.263824,95.92446,95.96324,1793
2026-05-12 03:00:00,0,0.3638209676673358,0.6361790323326642,Hold,95.99233,96.19595,95.8275,96.13778,1133
2026-05-12 04:00:00,0,0.40775922900779693,0.5922407709922031,Hold,96.12808,96.157166,95.672356,96.01173,927
2026-05-12 05:00:00,0,0.4233352112774052,0.5766647887225949,Hold,96.03112,96.49654,95.8178,96.18626,1382
2026-05-12 06:00:00,0,0.4736799031252111,0.526320096874789,Hold,96.20565,97.65038,96.17656,97.466156,6711
2026-05-12 07:00:00,0,0.5029116944657294,0.49708830553427064,Sell,97.48555,97.65038,97.20436,97.611595,3827
2026-05-12 08:00:00,0,0.5187698416330385,0.4812301583669615,Sell,97.601906,98.38729,97.543724,97.83461,5813
2026-05-12 09:00:00,0,0.536615701317679,0.463384298682321,Sell,97.854004,98.66849,97.79583,98.01884,5141
2026-05-12 10:00:00,0,0.5438716748919082,0.45612832510809176,Sell,98.00914,98.8721,97.75704,98.581215,5033
2026-05-12 11:00:00,0,0.5218914331906284,0.47810856680937164,Sell,98.571526,98.94968,98.07702,98.19337,5037
2026-05-12 12:00:00,0,0.5325176009455908,0.46748239905440925,Sell,98.203064,98.66849,97.543724,97.70856,8592
2026-05-12 13:00:00,0,0.5109478860871048,0.48905211391289516,Sell,97.69887,99.027245,97.611595,98.67818,10988
2026-05-12 14:00:00,0,0.48598163014514734,0.5140183698548526,Hold,98.67818,99.07572,98.300026,98.84302,10834
2026-05-12 15:00:00,0,0.444999987052412,0.555000012947588,Hold,98.84302,99.1339,98.086716,98.41638,10757
2026-05-12 16:00:00,0,0.3893519991269511,0.6106480008730488,Hold,98.39699,98.8721,98.14489,98.55213,7588
2026-05-12 17:00:00,0,0.36443101295532904,0.635568987044671,Hold,98.542435,98.6297,98.15459,98.60061,6735
2026-05-12 18:00:00,0,0.31510000797435306,0.6848999920256469,Hold,98.60061,99.59932,98.44547,99.42479,17705
2026-05-12 19:00:00,0,0.275456303889884,0.7245436961101159,Hold,99.43449,99.444176,99.10481,99.269646,3784
2026-05-12 20:00:00,0,0.2668769533587328,0.7331230466412673,Hold,99.25995,99.35691,98.81393,98.94968,1911
2026-05-12 22:00:00,0,0.26020908583012503,0.739790914169875,Hold,99.05633,99.16299,98.610306,98.83332,1070
2026-05-12 23:00:00,0,0.26740596152840357,0.7325940384715964,Hold,98.83332,99.027245,98.82362,98.96906,471
2026-05-13 00:00:00,0,0.2716348220463947,0.7283651779536053,Hold,98.95937,98.97876,97.8637,98.3776,3747
2026-05-13 01:00:00,0,0.2947980692246197,0.7052019307753803,Hold,98.38729,98.542435,98.18368,98.49395,1030
2026-05-13 02:00:00,0,0.32919539397123077,0.6708046060287692,Hold,98.51334,98.65879,97.70856,97.99944,1578
2026-05-13 03:00:00,0,0.37167409926916906,0.6283259007308309,Hold,97.98975,98.125496,97.776436,97.98975,1160
2026-05-13 04:00:00,0,0.43060811228372575,0.5693918877162742,Hold,97.98006,97.98006,97.52433,97.68917,962
2026-05-13 05:00:00,0,0.470846521060095,0.529153478939905,Hold,97.679474,97.83461,97.504944,97.611595,984
2026-05-13 06:00:00,0,0.5138222656751759,0.48617773432482414,Sell,97.601906,98.04793,97.51463,97.91218,2186
2026-05-13 07:00:00,0,0.5490361623834795,0.4509638376165205,Sell,97.91218,98.27094,97.59221,98.15459,3076
2026-05-13 08:00:00,0,0.5677271682670305,0.4322728317329695,Sell,98.15459,98.716965,97.98006,98.48425,4184
2026-05-13 09:00:00,0,0.5730803272224785,0.4269196727775215,Sell,98.47456,98.8818,98.1158,98.22246,2675
2026-05-13 10:00:00,0,0.5425293750215526,0.45747062497844737,Sell,98.25155,99.27934,98.24185,99.19208,4326
2026-05-13 11:00:00,0,0.5479470240061859,0.4520529759938141,Sell,99.201775,99.25025,98.581215,98.75575,3449
2026-05-13 12:00:00,0,0.5339643337536099,0.46603566624639015,Sell,98.76545,99.62841,98.66849,99.22117,5951
2026-05-13 13:00:00,0,0.47658929620331053,0.5234107037966895,Hold,99.22117,99.76415,98.93028,99.74476,10132
2026-05-13 14:00:00,1,0.4694681004150616,0.5305318995849384,Hold,99.74476,100.520454,99.57023,100.00656,14131
2026-05-13 15:00:00,0,0.44819225152448267,0.5518077484755173,Hold,100.00656,100.10352,98.920586,99.11451,10774
2026-05-13 16:00:00,0,0.41947620755965576,0.5805237924403442,Hold,99.12421,99.25995,97.78613,98.99815,15327
2026-05-13 17:00:00,0,0.3936514793402387,0.6063485206597613,Hold,98.97876,99.07572,98.14489,98.25155,6890
2026-05-13 18:00:00,0,0.363625954792033,0.6363740452079669,Hold,98.24185,98.31942,97.63099,97.94127,12984
2026-05-13 19:00:00,0,0.33214966951894676,0.6678503304810532,Hold,97.96066,98.32912,97.883095,98.28064,2483
2026-05-13 20:00:00,0,0.3061271056185617,0.6938728943814383,Hold,98.29033,98.49395,97.640686,97.93157,2519
2026-05-13 22:00:00,0,0.27695384679383667,0.7230461532061634,Hold,97.950966,98.18368,97.66008,97.80552,738
2026-05-13 23:00:00,0,0.2983990778805003,0.7016009221194996,Hold,97.776436,97.99944,97.73765,97.950966,341
2026-05-14 00:00:00,0,0.29462134987410615,0.7053786501258938,Hold,97.98006,98.21276,97.82491,98.07702,883
2026-05-14 01:00:00,0,0.3316604206766878,0.6683395793233122,Hold,98.06732,98.32912,97.66978,98.00914,1620
2026-05-14 02:00:00,0,0.3465886234993676,0.6534113765006324,Hold,97.98006,98.435776,97.8637,98.406685,921
2026-05-14 03:00:00,0,0.3927343371947528,0.6072656628052472,Hold,98.3776,98.64909,98.086716,98.31942,1481
2026-05-14 04:00:00,0,0.447698346679983,0.552301653320017,Hold,98.300026,98.49395,98.28064,98.3776,574
2026-05-14 05:00:00,0,0.48119503566197513,0.5188049643380248,Hold,98.39699,98.72666,98.28064,98.3776,1327
2026-05-14 06:00:00,0,0.5093378782189412,0.49066212178105884,Sell,98.367905,98.3776,96.574104,97.98975,6050
2026-05-14 07:00:00,1,0.5386699439414933,0.46133005605850674,Sell,97.99944,98.99815,97.854004,98.84302,4264
2026-05-14 08:00:00,0,0.5395244485799683,0.4604755514200317,Sell,98.852715,99.24056,97.93157,98.261246,6265
2026-05-14 09:00:00,0,0.5455853171392004,0.45441468286079956,Sell,98.232155,98.99815,97.747345,97.99944,4186
2026-05-14 10:00:00,0,0.5601075193071213,0.4398924806928787,Sell,98.00914,98.6297,97.06861,97.99944,7540
2026-05-14 11:00:00,0,0.5736549668054228,0.42634503319457717,Sell,98.03823,98.232155,97.00074,97.22375,4815
2026-05-14 12:00:00,0,0.5649513750948735,0.4350486249051265,Sell,97.233444,97.8734,96.37048,97.31102,8239
2026-05-14 13:00:00,0,0.5398780662041139,0.46012193379588606,Sell,97.33041,98.028534,97.126785,97.82491,9058
2026-05-14 14:00:00,0,0.5133676523608206,0.4866323476391794,Sell,97.84431,98.66849,97.28193,97.53403,10186
2026-05-14 15:00:00,0,0.46831037863379193,0.5316896213662081,Hold,97.53403,98.00914,97.3401,97.90248,6871
2026-05-14 16:00:00,0,0.44152543666068067,0.5584745633393193,Hold,97.91218,98.1061,97.20436,97.98975,7529
2026-05-14 17:00:00,0,0.40661360142145525,0.5933863985785448,Hold,97.99944,98.96906,97.84431,98.64909,8371
2026-05-14 18:00:00,0,0.3646185259618587,0.6353814740381414,Hold,98.6394,98.90119,97.99944,98.34851,9997
2026-05-14 19:00:00,0,0.3250524233174855,0.6749475766825145,Hold,98.34851,98.91089,98.27094,98.90119,1920
2026-05-14 20:00:00,0,0.2919291113722562,0.7080708886277438,Hold,98.91089,99.07572,98.72666,98.920586,1807
2026-05-14 22:00:00,0,0.2644743233684074,0.7355256766315925,Hold,98.95937,98.96906,98.39699,98.86241,659
2026-05-14 23:00:00,0,0.275981738019348,0.724018261980652,Hold,98.83332,98.93028,98.610306,98.83332,231
2026-05-15 00:00:00,0,0.302836628465658,0.6971633715343419,Hold,98.84302,98.920586,98.49395,98.746056,414
2026-05-15 01:00:00,0,0.31093265740144177,0.6890673425985583,Hold,98.70727,99.77385,98.59091,99.269646,995
2026-05-15 02:00:00,0,0.32074520261148387,0.6792547973885161,Hold,99.31813,99.79324,98.93028,99.512054,700
2026-05-15 03:00:00,0,0.37265490131877643,0.6273450986812236,Hold,99.550835,99.57023,99.24056,99.25995,214
2026-05-15 04:00:00,0,0.4000488361579953,0.5999511638420048,Hold,99.27934,99.47327,99.25995,99.269646,306
2026-05-15 05:00:00,0,0.45804601141869855,0.5419539885813014,Hold,99.30843,100.63681,99.30843,100.200485,1159
2026-05-15 06:00:00,0,0.46050882715956615,0.5394911728404339,Hold,100.200485,100.45258,99.93868,100.064735,536
2026-05-15 07:00:00,0,0.4894513142073817,0.5105486857926183,Hold,100.08413,100.44289,99.579926,100.43319,909
2026-05-15 08:00:00,0,0.5641760054771492,0.4358239945228508,Sell,100.413795,102.04276,100.26836,101.76157,2623
2026-05-15 09:00:00,0,0.5579848038556842,0.44201519614431584,Sell,101.70339,102.110634,101.237976,102.003975,1206
2026-05-15 10:00:00,0,0.5720818465357015,0.4279181534642985,Sell,102.003975,102.01367,99.77385,100.11322,1701
2026-05-15 11:00:00,0,0.5442471609549793,0.45575283904502073,Sell,100.05504,101.4222,99.928986,101.28645,1127
2026-05-15 12:00:00,0,0.5487323902694714,0.4512676097305286,Sell,101.315544,101.52886,100.84043,101.05375,1992
2026-05-15 13:00:00,0,0.5372157111475019,0.4627842888524981,Sell,101.05375,101.11192,100.33623,101.11192,3072
2026-05-15 14:00:00,0,0.5333348466581643,0.46666515334183567,Sell,101.11192,101.800354,100.375015,101.46099,2784
2026-05-15 15:00:00,0,0.4737193995959194,0.5262806004040805,Hold,101.451294,102.49848,101.170105,102.24638,3507
2026-05-15 16:00:00,0,0.44744850431182415,0.5525514956881759,Hold,102.24638,102.56635,101.78096,101.88762,2338
2026-05-15 17:00:00,0,0.4504871541055378,0.5495128458944623,Hold,101.897316,102.13003,101.548256,101.87792,2371
2026-05-15 18:00:00,0,0.39112286817874553,0.6088771318212545,Hold,101.868225,102.57605,101.84884,102.12033,3928
2026-05-15 19:00:00,0,0.3705709811174696,0.6294290188825304,Hold,102.13003,102.52757,102.02337,102.40152,955
2026-05-15 20:00:00,0,0.34223104563654794,0.6577689543634521,Hold,102.39182,102.77967,102.178505,102.45,841
2026-05-18 00:00:00,0,0.3031331475311747,0.6968668524688253,Hold,102.45,103.23,102.0,102.98,3821
2026-05-18 01:00:00,0,0.32502024898811505,0.6749797510118849,Hold,102.97,104.37,102.65,103.32,7245
2026-05-18 02:00:00,0,0.3187423377734132,0.6812576622265868,Hold,103.33,103.73,103.14,103.27,2041
2026-05-18 03:00:00,0,0.367117046327171,0.632882953672829,Hold,103.26,103.4,103.08,103.17,1086
2026-05-18 04:00:00,0,0.4039790595999235,0.5960209404000765,Hold,103.19,103.34,103.0,103.17,1339
2026-05-18 05:00:00,1,0.4559747077228708,0.5440252922771291,Hold,103.15,103.31,102.56,102.88,1878
2026-05-18 06:00:00,1,0.47492796606786086,0.5250720339321391,Hold,102.88,103.45,102.8,102.87,3028
2026-05-18 07:00:00,0,0.5347291910747853,0.46527080892521466,Sell,102.84,102.93,101.6,102.18,7394
2026-05-18 08:00:00,0,0.5258466641427006,0.47415333585729935,Sell,102.18,102.43,101.63,101.81,5785
2026-05-18 09:00:00,0,0.5547465927112932,0.44525340728870677,Sell,101.8,102.56,101.7,102.21,4141
2026-05-18 10:00:00,1,0.5669237071479372,0.43307629285206284,Sell,102.2,102.52,102.06,102.43,2376
2026-05-18 11:00:00,0,0.5667338640385626,0.43326613596143737,Sell,102.46,103.26,100.16,100.89,18685
2026-05-18 12:00:00,0,0.5288425932221483,0.4711574067778517,Sell,100.91,101.61,98.6,99.04,21506
2026-05-18 13:00:00,0,0.5008838176531858,0.4991161823468142,Sell,99.07,100.24,98.95,99.59,20859
2026-05-18 14:00:00,0,0.5124625575698047,0.48753744243019526,Sell,99.58,102.37,99.55,102.22,22439
2026-05-18 15:00:00,0,0.47763211545145795,0.522367884548542,Hold,102.21,103.13,102.03,102.85,21062
2026-05-18 16:00:00,0,0.4305292566649226,0.5694707433350774,Hold,102.84,103.64,102.71,102.91,12944
2026-05-18 17:00:00,0,0.40888238604742017,0.5911176139525798,Hold,102.91,103.12,102.19,103.03,9768
2026-05-18 18:00:00,0,0.35141442111514276,0.6485855788848572,Hold,103.02,105.21,103.01,104.65,25500
2026-05-18 19:00:00,0,0.32637842353377616,0.6736215764662239,Hold,104.66,104.8,101.41,101.96,18369
2026-05-18 20:00:00,0,0.29555591021393485,0.7044440897860651,Hold,101.96,102.6,101.1,102.49,4497
2026-05-18 22:00:00,0,0.2820899011142225,0.7179100988857775,Hold,102.58,102.74,102.12,102.45,2167
2026-05-18 23:00:00,0,0.29874782879373313,0.7012521712062669,Hold,102.45,102.52,102.26,102.3,549
2026-05-19 00:00:00,0,0.27566881827830964,0.7243311817216904,Hold,102.3,102.75,102.22,102.51,1890
2026-05-19 01:00:00,0,0.3000729187466467,0.6999270812533533,Hold,102.47,103.0,102.24,102.53,2633
2026-05-19 02:00:00,0,0.3121231955600543,0.6878768044399457,Hold,102.5,103.1,102.42,102.91,1222
2026-05-19 03:00:00,0,0.35609675462642115,0.6439032453735789,Hold,102.93,103.13,102.67,102.83,961
2026-05-19 04:00:00,0,0.3951624607655217,0.6048375392344782,Hold,102.84,102.92,102.59,102.65,671
2026-05-19 05:00:00,0,0.4220529899017163,0.5779470100982838,Hold,102.64,103.45,102.58,103.16,1882
2026-05-19 06:00:00,0,0.44948823145703737,0.5505117685429626,Hold,103.16,103.85,102.74,103.72,5355
2026-05-19 07:00:00,0,0.4901548301749204,0.5098451698250797,Hold,103.71,104.0,103.02,103.15,4087
2026-05-19 08:00:00,0,0.5101266314520819,0.4898733685479181,Sell,103.17,103.86,103.03,103.24,3947
2026-05-19 09:00:00,0,0.5486568058915082,0.4513431941084918,Sell,103.25,103.58,102.56,102.79,3460
2026-05-19 10:00:00,0,0.5414323605160746,0.4585676394839254,Sell,102.79,104.18,102.73,103.42,7553
2026-05-19 11:00:00,0,0.5363925074158101,0.4636074925841899,Sell,103.45,104.1,103.41,103.97,3815
2026-05-19 12:00:00,0,0.559219568528731,0.440780431471269,Sell,103.98,104.01,103.23,103.51,4871
2026-05-19 13:00:00,0,0.535355153348066,0.46464484665193395,Sell,103.5,104.71,103.14,103.46,19486
2026-05-19 14:00:00,0,0.5087302219909309,0.4912697780090691,Sell,103.48,103.79,102.61,103.49,17207
2026-05-19 15:00:00,0,0.4503779336092218,0.5496220663907783,Hold,103.48,103.91,102.96,103.83,9911
2026-05-19 16:00:00,0,0.39778452285491017,0.6022154771450898,Hold,103.82,104.15,103.51,103.71,7794
2026-05-19 17:00:00,0,0.3741081939298138,0.6258918060701861,Hold,103.71,104.09,103.27,103.44,9535
2026-05-19 18:00:00,0,0.36487431463465975,0.6351256853653402,Hold,103.43,104.86,103.09,104.65,23913
2026-05-19 19:00:00,0,0.3315031320986789,0.6684968679013211,Hold,104.66,104.66,104.12,104.48,4076
2026-05-19 20:00:00,0,0.3262946858764013,0.6737053141235987,Hold,104.49,104.59,103.95,104.03,2584
2026-05-19 22:00:00,0,0.30159686046725404,0.6984031395327459,Hold,104.12,104.36,104.03,104.21,792
2026-05-19 23:00:00,0,0.33466403254349125,0.6653359674565087,Hold,104.21,104.29,103.76,103.92,1034
2026-05-20 00:00:00,0,0.3441112257244983,0.6558887742755017,Hold,103.92,104.02,103.71,103.87,1195
2026-05-20 01:00:00,0,0.37149822665139337,0.6285017733486067,Hold,103.85,104.45,103.12,103.61,3742
2026-05-20 02:00:00,0,0.37730703869196025,0.6226929613080397,Hold,103.58,104.45,103.41,104.2,2348
2026-05-20 03:00:00,0,0.44767065393691907,0.5523293460630809,Hold,104.2,104.33,103.57,103.68,1534
2026-05-20 04:00:00,1,0.47390700597005103,0.526092994029949,Hold,103.68,103.97,103.32,103.9,1307
2026-05-20 05:00:00,1,0.5086041018106113,0.49139589818938867,Sell,103.88,103.94,103.57,103.84,1023
2026-05-20 06:00:00,0,0.5626240481712153,0.43737595182878475,Sell,103.86,104.01,102.65,102.79,4774
2026-05-20 07:00:00,0,0.5623238418716898,0.4376761581283102,Sell,102.75,103.17,102.5,103.04,4122
2026-05-20 08:00:00,0,0.586455976430161,0.413544023569839,Sell,103.05,103.12,101.82,102.06,7704
2026-05-20 09:00:00,1,0.5924585482413193,0.40754145175868073,Sell,102.09,102.72,101.64,102.35,4840
2026-05-20 10:00:00,0,0.5769963097860337,0.42300369021396633,Sell,102.34,102.51,100.87,101.48,8945
2026-05-20 11:00:00,1,0.5684663105279907,0.4315336894720093,Sell,101.48,102.77,101.42,102.52,7517
2026-05-20 12:00:00,0,0.560479980953595,0.43952001904640503,Sell,102.53,102.65,100.75,101.66,13538
2026-05-20 13:00:00,1,0.5185280029581417,0.4814719970418583,Sell,101.68,102.33,101.29,102.27,15267
2026-05-20 14:00:00,0,0.5041193919687381,0.4958806080312619,Sell,102.26,102.8,99.45,100.49,43562
2026-05-20 15:00:00,0,0.4844794523575887,0.5155205476424113,Hold,100.5,100.67,97.0,99.26,40514
2026-05-20 16:00:00,0,0.45455907332284773,0.5454409266771523,Hold,99.23,99.64,97.6,97.89,17953
2026-05-20 17:00:00,0,0.4154112082336755,0.5845887917663245,Hold,97.84,98.35,96.94,98.32,21538
2026-05-20 18:00:00,0,0.3875344268938132,0.6124655731061868,Hold,98.3,98.71,97.76,97.95,18559
2026-05-20 19:00:00,0,0.37565908185301317,0.6243409181469868,Hold,97.94,98.58,97.77,98.53,5679
2026-05-20 20:00:00,0,0.34564138612972256,0.6543586138702775,Hold,98.52,99.11,98.33,99.08,3429
2026-05-20 22:00:00,0,0.31927487452849235,0.6807251254715077,Hold,98.95,99.22,98.75,98.99,1543
2026-05-20 23:00:00,0,0.32912724708730656,0.6708727529126934,Hold,98.96,99.21,98.75,98.88,1037
2026-05-21 00:00:00,0,0.306689783811665,0.693310216188335,Hold,98.87,100.11,98.79,99.12,3736
2026-05-21 01:00:00,0,0.3549360345621605,0.6450639654378395,Hold,99.12,99.16,98.5,98.6,3620
2026-05-21 02:00:00,0,0.3591406687395639,0.640859331260436,Hold,98.59,99.25,98.52,99.15,1356
2026-05-21 03:00:00,0,0.4163015447359886,0.5836984552640114,Hold,99.16,99.27,98.94,99.12,877
2026-05-21 04:00:00,0,0.42959078099912035,0.5704092190008796,Hold,99.1,99.29,98.79,98.84,789
2026-05-21 05:00:00,0,0.433818939095433,0.566181060904567,Hold,98.84,100.06,98.82,99.42,2355
2026-05-21 06:00:00,0,0.4484527075181392,0.5515472924818607,Hold,99.45,99.85,98.8,99.55,4348
2026-05-21 07:00:00,0,0.47015071276920417,0.5298492872307958,Hold,99.58,99.93,99.24,99.28,2576
2026-05-21 08:00:00,0,0.48521572500330884,0.5147842749966911,Hold,99.28,99.58,98.04,98.47,8129
2026-05-21 09:00:00,0,0.4928036107380558,0.5071963892619442,Hold,98.5,98.5,97.25,97.59,6056
2026-05-21 10:00:00,0,0.5071373195678073,0.4928626804321927,Sell,97.6,101.34,97.48,101.06,20209
2026-05-21 11:00:00,0,0.5126326913147187,0.48736730868528133,Sell,101.08,101.08,100.15,100.59,9638
2026-05-21 12:00:00,0,0.4936138828791644,0.5063861171208356,Hold,100.57,101.29,100.44,101.09,13011
2026-05-21 13:00:00,0,0.4855530979833407,0.5144469020166593,Hold,101.09,102.66,100.29,100.53,31210
2026-05-21 14:00:00,1,0.4341719574839879,0.565828042516012,Hold,100.53,101.56,100.27,101.35,19783
2026-05-21 15:00:00,1,0.40849306435241167,0.5915069356475884,Hold,101.36,102.14,100.72,100.73,15730
2026-05-21 16:00:00,1,0.397706900436589,0.602293099563411,Hold,100.72,100.78,99.79,100.01,13148
2026-05-21 17:00:00,0,0.32981419559102504,0.670185804408975,Hold,100.0,100.43,95.76,96.33,47789
2026-05-21 18:00:00,0,0.27240905562245993,0.7275909443775401,Hold,96.34,98.3,96.0,98.01,38068
2026-05-21 19:00:00,0,0.270172631240378,0.729827368759622,Hold,98.01,98.21,97.06,97.32,12355
2026-05-21 20:00:00,0,0.24972452191686514,0.7502754780831349,Hold,97.35,98.18,97.21,98.0,3143
2026-05-21 22:00:00,0,0.2463064073673861,0.7536935926326139,Hold,98.0,98.0,97.29,97.73,1739
2026-05-21 23:00:00,0,0.23183732632258072,0.7681626736774193,Hold,97.73,97.91,97.51,97.74,908
2026-05-22 00:00:00,0,0.2526379525256872,0.7473620474743128,Hold,97.74,98.15,97.6,97.93,2462
2026-05-22 01:00:00,0,0.26613012979599804,0.733869870204002,Hold,97.92,98.35,97.62,97.69,2384
2026-05-22 02:00:00,0,0.26953777872161716,0.7304622212783829,Hold,97.66,97.97,97.33,97.47,1412
2026-05-22 03:00:00,0,0.3001267782907649,0.6998732217092352,Hold,97.44,97.57,97.24,97.46,1301
2026-05-22 04:00:00,0,0.3412228339742848,0.6587771660257151,Hold,97.48,97.48,96.92,97.35,1646
2026-05-22 05:00:00,0,0.37851675018556064,0.6214832498144394,Hold,97.34,98.55,97.34,98.38,1992
2026-05-22 06:00:00,0,0.4033000311639695,0.5966999688360305,Hold,98.38,98.73,97.92,98.0,3272
2026-05-22 07:00:00,0,0.4340995120500373,0.5659004879499627,Hold,97.98,98.93,97.95,98.46,6116
2026-05-22 08:00:00,0,0.4499060643172006,0.5500939356827994,Hold,98.46,99.43,98.09,98.7,10020
2026-05-22 09:00:00,0,0.47782534386806486,0.5221746561319351,Hold,98.72,99.07,97.89,98.52,4523
2026-05-22 10:00:00,0,0.48195586532006407,0.5180441346799359,Hold,98.5,98.8,97.66,98.31,4483
2026-05-22 11:00:00,0,0.45023974863046423,0.5497602513695358,Hold,98.32,98.66,97.16,97.52,5513
2026-05-22 12:00:00,0,0.45241115263001175,0.5475888473699883,Hold,97.55,97.77,95.65,96.22,19093
2026-05-22 13:00:00,0,0.44191361091269066,0.5580863890873093,Hold,96.2,98.11,95.46,97.77,25612
2026-05-22 14:00:00,0,0.4233210940290459,0.5766789059709541,Hold,97.78,98.17,97.29,97.57,10145
2026-05-22 15:00:00,1,0.40284779469666443,0.5971522053033356,Hold,97.57,97.96,96.8,97.06,11129
2026-05-22 16:00:00,1,0.3528226606682392,0.6471773393317608,Hold,97.06,97.41,96.52,96.86,12090
2026-05-22 17:00:00,1,0.34224446732004743,0.6577555326799526,Hold,96.83,97.24,94.73,96.07,28189
2026-05-22 18:00:00,1,0.30871824168134515,0.6912817583186548,Hold,96.07,96.77,96.0,96.25,16445
2026-05-22 19:00:00,1,0.3144155238205405,0.6855844761794595,Hold,96.23,96.95,96.08,96.28,6927
2026-05-22 20:00:00,1,0.2991273796160015,0.7008726203839986,Hold,96.23,97.27,95.97,97.0,5992
2026-05-25 00:00:00,0,0.2819635194255159,0.7180364805744841,Hold,92.12,92.29,90.87,91.9,3977
2026-05-25 01:00:00,0,0.29881019697640065,0.7011898030235993,Hold,91.92,92.52,91.7,92.41,4169
2026-05-25 02:00:00,0,0.3514175381266422,0.6485824618733578,Hold,92.42,92.55,91.71,91.74,2236
2026-05-25 03:00:00,0,0.4004675923246158,0.5995324076753842,Hold,91.72,91.78,90.32,90.94,7710
2026-05-25 04:00:00,0,0.4144675039394247,0.5855324960605752,Hold,91.01,91.3,90.87,90.98,1854
2026-05-25 05:00:00,0,0.43827178039270065,0.5617282196072994,Hold,90.97,91.05,90.58,90.98,2057
2026-05-25 06:00:00,0,0.45157521457611427,0.5484247854238857,Hold,91.0,91.61,90.87,91.4,2787
2026-05-25 07:00:00,0,0.4595669890785829,0.540433010921417,Hold,91.4,92.7,91.25,91.76,8062
2026-05-25 08:00:00,0,0.45634109072716017,0.5436589092728399,Hold,91.76,92.52,91.63,91.75,3708
2026-05-25 09:00:00,0,0.47418968118124694,0.5258103188187531,Hold,91.74,91.85,91.01,91.23,3218
2026-05-25 10:00:00,0,0.48462950790915366,0.5153704920908464,Hold,91.23,91.35,90.71,90.91,3153
2026-05-25 11:00:00,0,0.47411797472177497,0.525882025278225,Hold,90.91,91.42,90.54,90.89,4829
2026-05-25 12:00:00,0,0.488658176291724,0.5113418237082761,Hold,90.91,91.55,90.34,91.47,5349
2026-05-25 13:00:00,0,0.462873118764973,0.5371268812350269,Hold,91.5,91.88,91.31,91.39,4745
2026-05-25 14:00:00,0,0.45483155833428274,0.5451684416657172,Hold,91.39,91.52,90.89,91.43,5480
2026-05-25 15:00:00,0,0.44081416707997045,0.5591858329200295,Hold,91.46,91.82,90.42,91.09,10021
2026-05-25 16:00:00,0,0.4023341050885151,0.5976658949114849,Hold,91.1,91.6,89.75,89.85,6258
2026-05-25 17:00:00,0,0.3839130344841242,0.6160869655158758,Hold,89.86,90.45,89.41,90.33,4507
2026-05-25 18:00:00,0,0.3798579596066719,0.6201420403933281,Hold,90.33,90.44,90.14,90.3,844
2026-05-25 22:00:00,0,0.30467175873651176,0.6953282412634882,Hold,91.0,91.23,90.35,90.77,3913
2026-05-25 23:00:00,0,0.3151329836042427,0.6848670163957573,Hold,90.75,91.12,90.6,90.93,2100
2026-05-26 00:00:00,0,0.31106777638636735,0.6889322236136326,Hold,90.94,91.6,90.9,91.48,6100
2026-05-26 01:00:00,0,0.31194811033061337,0.6880518896693866,Hold,91.5,92.04,91.38,91.85,3647
2026-05-26 02:00:00,0,0.3063170280112013,0.6936829719887987,Hold,91.85,91.94,91.39,91.58,2055
2026-05-26 03:00:00,0,0.31267443227742675,0.6873255677225732,Hold,91.58,91.72,91.4,91.66,1429
2026-05-26 04:00:00,0,0.3367930232775204,0.6632069767224795,Hold,91.66,92.12,91.58,92.02,1579
2026-05-26 05:00:00,0,0.36939235473106,0.63060764526894,Hold,92.01,92.55,91.79,91.89,2906
2026-05-26 06:00:00,0,0.41634236636646876,0.5836576336335313,Hold,91.9,92.31,91.4,91.67,4407
2026-05-26 07:00:00,0,0.4508942064175153,0.5491057935824847,Hold,91.66,92.96,91.53,92.47,8667
2026-05-26 08:00:00,0,0.44357610954436877,0.5564238904556312,Hold,92.47,93.64,92.33,93.2,7160
2026-05-26 09:00:00,0,0.4576884279504615,0.5423115720495385,Hold,93.21,93.28,92.51,92.61,5481
2026-05-26 10:00:00,0,0.4487707583008701,0.5512292416991299,Hold,92.61,92.73,91.5,92.02,7171
2026-05-26 11:00:00,0,0.41530146914439214,0.5846985308556079,Hold,92.02,92.9,91.98,92.72,6712
2026-05-26 12:00:00,0,0.42341925458732665,0.5765807454126733,Hold,92.72,93.36,92.42,92.8,8681
2026-05-26 13:00:00,0,0.4332977304981912,0.5667022695018088,Hold,92.81,94.51,92.54,94.2,16709
2026-05-26 14:00:00,0,0.4062167723265526,0.5937832276734474,Hold,94.16,94.43,93.17,94.19,17732
2026-05-26 15:00:00,0,0.3572095706937584,0.6427904293062416,Hold,94.19,94.7,93.81,93.9,14276
2026-05-26 16:00:00,0,0.3196318844898605,0.6803681155101395,Hold,93.89,94.36,93.71,94.03,9504
2026-05-26 17:00:00,0,0.29960557386736014,0.7003944261326398,Hold,94.04,94.16,93.56,93.76,8326
2026-05-26 18:00:00,0,0.2872622261761679,0.7127377738238321,Hold,93.76,94.09,93.41,93.68,14781
2026-05-26 19:00:00,0,0.2792155949623088,0.7207844050376913,Hold,93.69,94.06,93.51,93.53,4609
2026-05-26 20:00:00,0,0.2593211952667525,0.7406788047332475,Hold,93.51,93.87,93.2,93.57,2702
2026-05-26 22:00:00,0,0.25125002528736096,0.748749974712639,Hold,93.39,93.69,93.3,93.58,1179
2026-05-26 23:00:00,0,0.27714836014308386,0.7228516398569161,Hold,93.57,93.62,93.1,93.31,1244
2026-05-27 00:00:00,0,0.27418310407831914,0.7258168959216809,Hold,93.33,93.43,92.81,92.96,2608
2026-05-27 01:00:00,0,0.2991944449177662,0.7008055550822339,Hold,92.97,93.22,92.55,92.85,2448
2026-05-27 02:00:00,1,0.3097377727263326,0.6902622272736674,Hold,92.84,92.84,92.16,92.4,2641
2026-05-27 03:00:00,1,0.34791718536258737,0.6520828146374127,Hold,92.38,92.39,91.87,92.11,2644
2026-05-27 04:00:00,1,0.395858908329452,0.6041410916705481,Hold,92.11,92.15,91.81,91.94,1362
2026-05-27 05:00:00,0,0.4207001069223582,0.5792998930776418,Hold,91.95,92.22,91.73,91.85,2303
2026-05-27 06:00:00,1,0.4371870826949081,0.562812917305092,Hold,91.84,92.04,91.41,91.54,4254
2026-05-27 07:00:00,1,0.48493428165688346,0.5150657183431165,Hold,91.54,91.65,90.85,91.12,6789
2026-05-27 08:00:00,1,0.5079085604904695,0.4920914395095305,Sell,91.1,91.26,89.69,90.17,9388
2026-05-27 09:00:00,0,0.5362225994420698,0.46377740055793015,Sell,90.16,90.53,89.64,89.87,7922
2026-05-27 10:00:00,1,0.5497812318928997,0.45021876810710026,Sell,89.86,90.51,89.83,90.21,4784
2026-05-27 11:00:00,1,0.5305497490265992,0.46945025097340076,Sell,90.2,90.85,89.96,90.54,8653
2026-05-27 12:00:00,0,0.5460730340402322,0.4539269659597678,Sell,90.55,90.77,87.77,88.84,32457
2026-05-27 13:00:00,0,0.5348621203325323,0.46513787966746767,Sell,88.85,90.02,88.76,89.8,19017
2026-05-27 14:00:00,0,0.45760040988101447,0.5423995901189855,Hold,89.79,91.01,89.46,90.81,23818
2026-05-27 15:00:00,0,0.4371261549619197,0.5628738450380804,Hold,90.82,91.19,89.93,90.01,20930
2026-05-27 16:00:00,0,0.39162862324682796,0.608371376753172,Hold,90.02,90.4,89.42,89.88,12244
2026-05-27 17:00:00,0,0.384783229787437,0.615216770212563,Hold,89.88,90.1,89.16,89.52,8983
2026-05-27 18:00:00,0,0.3772291853000988,0.6227708146999011,Hold,89.53,89.6,88.48,88.94,18144
2026-05-27 19:00:00,0,0.3411277372808918,0.6588722627191081,Hold,88.94,89.58,88.83,89.44,5362
2026-05-27 20:00:00,0,0.3342179900014654,0.6657820099985345,Hold,89.44,89.6,89.3,89.41,1827
2026-05-27 22:00:00,0,0.29960968165851964,0.7003903183414804,Hold,89.11,90.08,89.11,89.7,2072
2026-05-27 23:00:00,0,0.2866123683322897,0.7133876316677104,Hold,89.75,90.4,89.61,90.2,2454
2026-05-28 00:00:00,0,0.29400984682809916,0.7059901531719008,Hold,90.21,90.69,90.18,90.48,3565
2026-05-28 01:00:00,0,0.3035941566791487,0.6964058433208513,Hold,90.46,90.48,89.97,90.18,2910
2026-05-28 02:00:00,0,0.3326612937693292,0.6673387062306708,Hold,90.17,90.97,89.93,90.94,2892
2026-05-28 03:00:00,0,0.36652806928045184,0.6334719307195482,Hold,90.94,92.23,90.86,92.18,6859
2026-05-28 04:00:00,0,0.37068611755771663,0.6293138824422834,Hold,92.2,92.52,91.99,92.17,3268
2026-05-28 05:00:00,0,0.44841378411688587,0.5515862158831142,Hold,92.14,92.23,91.41,91.58,3556
2026-05-28 06:00:00,0,0.4740983780198023,0.5259016219801977,Hold,91.57,91.62,90.75,91.15,3870
2026-05-28 07:00:00,0,0.5037696949300442,0.4962303050699558,Sell,91.15,91.42,90.81,90.93,4614
2026-05-28 08:00:00,0,0.5280439657351514,0.47195603426484856,Sell,90.93,91.03,90.48,90.56,5180
2026-05-28 09:00:00,0,0.5342299597809241,0.46577004021907586,Sell,90.56,90.78,89.87,90.25,4435
2026-05-28 10:00:00,1,0.5407291896406818,0.45927081035931816,Sell,90.26,91.37,90.0,91.01,5762
2026-05-28 11:00:00,1,0.5410884306560338,0.45891156934396615,Sell,91.0,91.57,90.74,91.3,5963
2026-05-28 12:00:00,1,0.5476891247052985,0.4523108752947015,Sell,91.31,91.45,90.4,90.54,8739
2026-05-28 13:00:00,1,0.5281707475521429,0.4718292524478571,Sell,90.54,91.35,90.3,90.83,10714
2026-05-28 14:00:00,0,0.4678603644641663,0.5321396355358337,Hold,90.83,91.14,87.11,89.49,26177
2026-05-28 15:00:00,0,0.42340041181950216,0.5765995881804978,Hold,89.51,90.16,88.98,89.78,14126
2026-05-28 16:00:00,0,0.39235643607129284,0.6076435639287072,Hold,89.77,90.25,88.02,88.24,14108
2026-05-28 17:00:00,0,0.3695218119341635,0.6304781880658366,Hold,88.26,89.16,88.2,88.85,9562
2026-05-28 18:00:00,0,0.3282024896385937,0.6717975103614062,Hold,88.86,89.54,88.59,89.25,13109
2026-05-28 19:00:00,0,0.2819822215964089,0.718017778403591,Hold,89.24,89.49,89.01,89.48,3067
2026-05-28 20:00:00,0,0.26508379659024145,0.7349162034097585,Hold,89.47,89.64,88.53,88.53,4329
2026-05-28 22:00:00,0,0.2520880388379889,0.7479119611620111,Hold,88.55,88.92,88.26,88.51,1348
2026-05-28 23:00:00,0,0.2755257859040059,0.7244742140959941,Hold,88.54,88.67,88.2,88.53,1205
2026-05-29 00:00:00,0,0.30962984402881777,0.6903701559711822,Hold,88.53,88.53,87.63,88.36,2915
2026-05-29 01:00:00,0,0.3326690722530072,0.6673309277469928,Hold,88.35,88.44,87.67,87.89,2677
2026-05-29 02:00:00,0,0.34196021041587527,0.6580397895841248,Hold,87.9,88.05,87.57,87.77,1976
2026-05-29 03:00:00,0,0.3802191994899467,0.6197808005100534,Hold,87.81,88.29,87.37,88.2,2692
2026-05-29 04:00:00,0,0.4355169339466903,0.5644830660533098,Hold,88.18,88.25,87.47,87.71,2963
2026-05-29 05:00:00,0,0.4607193232893568,0.5392806767106433,Hold,87.72,88.13,87.67,88.02,1555
2026-05-29 06:00:00,0,0.4845781972376288,0.5154218027623712,Hold,88.01,88.04,87.17,87.48,3153
2026-05-29 07:00:00,0,0.5094693322851565,0.49053066771484355,Sell,87.48,89.01,87.34,88.72,5200
2026-05-29 08:00:00,0,0.48030224290937956,0.5196977570906205,Hold,88.72,89.02,88.52,88.68,3662
2026-05-29 09:00:00,0,0.5058268967765049,0.49417310322349506,Sell,88.69,88.72,86.86,87.5,10722
2026-05-29 10:00:00,0,0.4945842865505181,0.5054157134494819,Hold,87.5,87.82,86.71,87.35,4146
2026-05-29 11:00:00,0,0.5071105114410124,0.4928894885589876,Sell,87.34,88.31,87.16,87.61,5623
2026-05-29 12:00:00,0,0.5085366672326509,0.4914633327673491,Sell,87.62,88.16,87.21,87.33,7456
2026-05-29 13:00:00,0,0.47147682948077274,0.5285231705192273,Hold,87.32,87.87,86.73,87.69,14415
2026-05-29 14:00:00,0,0.4511985895113611,0.548801410488639,Hold,87.68,88.95,87.46,87.96,23305
2026-05-29 15:00:00,0,0.3989167721932218,0.6010832278067781,Hold,87.97,88.01,86.35,87.6,28522
2026-05-29 16:00:00,0,0.40525514801093143,0.5947448519890686,Hold,87.6,87.97,86.43,86.58,14166
2026-05-29 17:00:00,0,0.42777520818803316,0.5722247918119668,Hold,86.59,87.32,86.56,87.19,13006
2026-05-29 18:00:00,0,0.36489677217801664,0.6351032278219834,Hold,87.18,88.0,87.0,87.64,19778
2026-05-29 19:00:00,0,0.3482342119365638,0.6517657880634362,Hold,87.66,88.17,87.5,88.08,4616
2026-05-29 20:00:00,0,0.3148080244995599,0.6851919755004401,Hold,88.08,88.14,87.62,87.76,2574
2026-06-01 00:00:00,0,0.2809746862995588,0.7190253137004412,Hold,89.43,89.95,89.25,89.33,2350
2026-06-01 01:00:00,0,0.29641665891759406,0.7035833410824059,Hold,89.33,90.2,89.03,89.88,3473
2026-06-01 02:00:00,0,0.28959938560224185,0.7104006143977581,Hold,89.89,90.0,89.51,89.61,1749
2026-06-01 03:00:00,0,0.3267768779148163,0.6732231220851836,Hold,89.59,90.04,89.16,89.74,3227
2026-06-01 04:00:00,0,0.37205737560233293,0.6279426243976671,Hold,89.73,89.94,89.26,89.65,1320
2026-06-01 05:00:00,0,0.39744645648410326,0.6025535435158967,Hold,89.66,90.0,89.48,89.75,1493
2026-06-01 06:00:00,0,0.4368039488767037,0.5631960511232963,Hold,89.73,90.76,89.71,90.16,4140
2026-06-01 07:00:00,0,0.46175674986041654,0.5382432501395835,Hold,90.15,90.71,90.08,90.37,4028
2026-06-01 08:00:00,0,0.4709858613927093,0.5290141386072906,Hold,90.39,91.26,90.21,90.82,5849
2026-06-01 09:00:00,0,0.47323767048886206,0.5267623295111379,Hold,90.82,91.25,90.55,90.8,3028
2026-06-01 10:00:00,0,0.516724838269475,0.483275161730525,Sell,90.78,90.93,90.47,90.64,3313
2026-06-01 11:00:00,0,0.5238205892662846,0.4761794107337154,Sell,90.64,90.79,90.17,90.25,3882
2026-06-01 12:00:00,0,0.5116441539414681,0.4883558460585319,Sell,90.25,90.47,89.27,89.66,10034
2026-06-01 13:00:00,0,0.45682500024349315,0.5431749997565068,Hold,89.65,94.2,89.45,94.14,40100
2026-06-01 14:00:00,1,0.4118948024030255,0.5881051975969744,Hold,94.17,94.71,92.92,94.52,26307
2026-06-01 15:00:00,0,0.3797215939291116,0.6202784060708884,Hold,94.52,94.78,92.2,93.78,26808
2026-06-01 16:00:00,0,0.34923710100113775,0.6507628989988623,Hold,93.77,94.45,92.74,92.82,21023
2026-06-01 17:00:00,0,0.3205962264920062,0.6794037735079939,Hold,92.81,93.21,90.8,91.79,26957
2026-06-01 18:00:00,0,0.28240712911176646,0.7175928708882335,Hold,91.78,92.65,91.43,92.52,15346
2026-06-01 19:00:00,0,0.25935734110729447,0.7406426588927055,Hold,92.51,92.65,92.1,92.44,5171
2026-06-01 20:00:00,0,0.23577352886578246,0.7642264711342175,Hold,92.46,92.55,92.08,92.47,2292
2026-06-01 22:00:00,0,0.22370711291969195,0.7762928870803081,Hold,92.45,92.61,92.14,92.3,1130
2026-06-01 23:00:00,0,0.22816787585317724,0.7718321241468228,Hold,92.31,92.37,91.69,91.93,1661
2026-06-02 00:00:00,0,0.24407896222400702,0.755921037775993,Hold,91.91,92.49,91.65,92.4,2896
2026-06-02 01:00:00,0,0.27243211031214487,0.7275678896878551,Hold,92.39,92.65,91.5,91.68,4462
2026-06-02 02:00:00,0,0.27762641206523003,0.7223735879347699,Hold,91.67,91.88,91.46,91.77,2021
2026-06-02 03:00:00,0,0.32508857759533166,0.6749114224046684,Hold,91.78,91.81,91.26,91.45,1802
2026-06-02 04:00:00,0,0.38575455665316155,0.6142454433468385,Hold,91.44,91.51,91.15,91.21,1166
2026-06-02 05:00:00,0,0.4195262515235964,0.5804737484764035,Hold,91.23,91.47,91.0,91.37,1784
2026-06-02 06:00:00,0,0.4382712167779985,0.5617287832220015,Hold,91.39,91.7,90.99,91.55,3037
2026-06-02 07:00:00,0,0.48243435114159344,0.5175656488584066,Hold,91.54,91.74,90.56,90.82,5973
2026-06-02 08:00:00,0,0.4800960874089938,0.5199039125910062,Hold,90.81,91.23,90.15,90.65,7666
2026-06-02 09:00:00,0,0.4812545822374636,0.5187454177625364,Hold,90.65,91.08,90.12,91.01,5131
2026-06-02 10:00:00,0,0.48972750542854704,0.510272494571453,Hold,91.01,91.52,90.93,91.17,4326
2026-06-02 11:00:00,0,0.48196894607628804,0.518031053923712,Hold,91.16,91.25,90.74,91.02,3468
2026-06-02 12:00:00,0,0.47775117619955615,0.5222488238004439,Hold,91.03,91.6,90.58,91.14,8067
2026-06-02 13:00:00,0,0.4668064019068098,0.5331935980931902,Hold,91.13,92.45,91.09,92.28,17707
2026-06-02 14:00:00,0,0.42492517143016206,0.5750748285698379,Hold,92.28,92.5,91.68,91.92,12102
2026-06-02 15:00:00,0,0.386089499958537,0.6139105000414631,Hold,91.91,93.1,91.44,92.86,12743
2026-06-02 16:00:00,0,0.3695346356555305,0.6304653643444695,Hold,92.86,93.41,92.46,93.12,12423
2026-06-02 17:00:00,0,0.33410243309004345,0.6658975669099565,Hold,93.11,93.95,92.9,93.84,12438
2026-06-02 18:00:00,0,0.27491823029908075,0.7250817697009193,Hold,93.84,94.0,93.2,93.9,14323
2026-06-02 19:00:00,0,0.25198592099836126,0.7480140790016387,Hold,93.89,93.9,93.45,93.69,5286
2026-06-02 20:00:00,0,0.23522723721516112,0.7647727627848389,Hold,93.66,93.72,93.34,93.39,2706
2026-06-02 22:00:00,0,0.22561651603099508,0.7743834839690049,Hold,93.45,94.5,93.45,94.25,3284
2026-06-02 23:00:00,0,0.22947286402473224,0.7705271359752678,Hold,94.26,96.08,94.12,94.61,8952
2026-06-03 00:00:00,0,0.22890751701141937,0.7710924829885806,Hold,94.59,94.89,94.24,94.38,3563
2026-06-03 01:00:00,0,0.25951889575603326,0.7404811042439667,Hold,94.41,95.1,94.2,94.85,3942
2026-06-03 02:00:00,0,0.26925825065867454,0.7307417493413255,Hold,94.83,94.89,94.52,94.72,1312
2026-06-03 03:00:00,0,0.3142205600340259,0.6857794399659741,Hold,94.74,94.8,94.53,94.71,1228
2026-06-03 04:00:00,0,0.3466499219503771,0.6533500780496229,Hold,94.72,95.19,94.71,94.9,1120
2026-06-03 05:00:00,0,0.4079540561899986,0.5920459438100014,Hold,94.92,95.59,94.79,95.56,1841
2026-06-03 06:00:00,0,0.4303178336124349,0.5696821663875651,Hold,95.58,95.84,95.14,95.75,4236
2026-06-03 07:00:00,0,0.45569918375154184,0.5443008162484582,Hold,95.73,96.02,95.5,95.88,4637
2026-06-03 08:00:00,0,0.4761724035304181,0.5238275964695819,Hold,95.87,96.56,95.61,96.34,7793
2026-06-03 09:00:00,1,0.4841011960578409,0.515898803942159,Hold,96.36,96.98,95.89,96.87,6795
2026-06-03 10:00:00,0,0.505971794940792,0.49402820505920797,Sell,96.87,97.0,95.63,95.99,11841
2026-06-03 11:00:00,0,0.5010473564590346,0.49895264354096536,Sell,95.98,96.05,95.53,95.71,5107
2026-06-03 12:00:00,0,0.5030141953278158,0.49698580467218423,Sell,95.71,96.5,95.31,96.02,8597
2026-06-03 13:00:00,0,0.5330434293431511,0.4669565706568489,Sell,96.01,96.15,94.44,94.48,18420
2026-06-03 14:00:00,0,0.4843047706373889,0.5156952293626111,Hold,94.48,95.65,94.34,95.25,16333
2026-06-03 15:00:00,0,0.4371092097963089,0.562890790203691,Hold,95.24,96.31,95.06,95.9,15251
2026-06-03 16:00:00,0,0.3911158684773051,0.6088841315226949,Hold,95.89,96.32,95.64,95.67,12434
2026-06-03 17:00:00,0,0.3701300001093517,0.6298699998906483,Hold,95.66,96.48,95.25,96.24,9723
2026-06-03 18:00:00,0,0.32902017914498977,0.6709798208550102,Hold,96.22,96.57,95.85,96.06,11951
2026-06-03 19:00:00,0,0.3228583069051866,0.6771416930948134,Hold,96.05,96.23,95.67,96.22,4225
2026-06-03 20:00:00,0,0.2773974410950334,0.7226025589049666,Hold,96.22,96.49,96.01,96.2,3689
2026-06-03 22:00:00,0,0.28581332282607574,0.7141866771739243,Hold,95.75,95.91,95.0,95.24,2776
2026-06-03 23:00:00,0,0.2767247528032323,0.7232752471967677,Hold,95.23,95.5,95.16,95.39,950
2026-06-04 00:00:00,0,0.2859338803246735,0.7140661196753265,Hold,95.39,95.77,95.23,95.32,2294
2026-06-04 01:00:00,0,0.31302542895591684,0.6869745710440831,Hold,95.32,95.5,94.84,95.01,2824
2026-06-04 02:00:00,0,0.3171581525034364,0.6828418474965636,Hold,94.99,95.1,94.79,94.84,1409
2026-06-04 03:00:00,0,0.34243542294747115,0.6575645770525289,Hold,94.84,95.52,94.76,95.12,1946
2026-06-04 04:00:00,0,0.37577869454854446,0.6242213054514556,Hold,95.11,95.35,95.05,95.21,933
2026-06-04 05:00:00,1,0.4095915613364967,0.5904084386635033,Hold,95.2,95.6,95.16,95.18,1205
2026-06-04 06:00:00,1,0.45045763667727684,0.5495423633227232,Hold,95.16,95.46,94.92,95.21,1928
2026-06-04 07:00:00,1,0.5007418983085645,0.4992581016914355,Sell,95.21,95.62,94.9,95.42,3554
2026-06-04 08:00:00,1,0.5105283622016679,0.48947163779833214,Sell,95.46,95.69,94.38,94.88,8261
2026-06-04 09:00:00,0,0.5249935928554903,0.4750064071445097,Sell,94.88,95.05,94.06,94.51,5742
2026-06-04 10:00:00,1,0.5253857776540887,0.47461422234591133,Sell,94.51,95.3,94.5,94.91,4621
2026-06-04 11:00:00,0,0.5142433226303001,0.48575667736969985,Sell,94.89,94.93,92.34,92.45,15057
2026-06-04 12:00:00,0,0.5182605245636053,0.4817394754363947,Sell,92.47,93.0,91.91,92.66,15650
2026-06-04 13:00:00,0,0.49888644763906537,0.5011135523609347,Hold,92.68,93.15,92.13,92.36,13213
2026-06-04 14:00:00,0,0.4607810097694025,0.5392189902305975,Hold,92.38,93.12,92.01,93.06,10213
2026-06-04 15:00:00,0,0.4587662262667866,0.5412337737332134,Hold,93.06,93.26,92.63,93.0,9716
2026-06-04 16:00:00,0,0.40387158378904847,0.5961284162109515,Hold,93.0,93.15,92.28,92.39,6934
2026-06-04 17:00:00,0,0.4165717911462877,0.5834282088537124,Hold,92.4,92.61,91.94,92.33,6669
2026-06-04 18:00:00,0,0.3477622242657307,0.6522377757342692,Hold,92.33,93.46,91.95,93.33,18433
2026-06-04 19:00:00,0,0.3150604546442299,0.6849395453557701,Hold,93.34,93.36,92.98,93.17,3407
2026-06-04 20:00:00,0,0.2863082589150514,0.7136917410849486,Hold,93.15,93.21,92.85,92.91,1700
2026-06-04 22:00:00,0,0.2643749323458175,0.7356250676541825,Hold,92.82,92.94,92.52,92.9,510
2026-06-04 23:00:00,0,0.2740468126736224,0.7259531873263776,Hold,92.88,93.03,92.82,92.97,375
2026-06-05 00:00:00,0,0.28963231221910424,0.7103676877808958,Hold,92.97,93.02,92.62,92.69,1398
2026-06-05 01:00:00,0,0.3145433630001797,0.6854566369998203,Hold,92.68,93.19,92.52,93.14,1738
2026-06-05 02:00:00,0,0.311444746038581,0.688555253961419,Hold,93.13,93.54,93.1,93.42,2217
2026-06-05 03:00:00,0,0.3281295962908049,0.6718704037091952,Hold,93.4,93.48,93.0,93.18,1406
2026-06-05 04:00:00,0,0.35974339645081915,0.6402566035491808,Hold,93.18,93.2,92.95,93.03,826
2026-06-05 05:00:00,0,0.3938380665603487,0.6061619334396513,Hold,93.03,93.22,92.94,92.94,1201
2026-06-05 06:00:00,0,0.44989045876925393,0.5501095412307461,Hold,92.96,93.13,92.58,92.76,2502
2026-06-05 07:00:00,0,0.5307139293798938,0.4692860706201062,Sell,92.76,92.85,92.02,92.69,4122
2026-06-05 08:00:00,0,0.5414618151096918,0.4585381848903082,Sell,92.7,92.99,91.5,92.84,8059
2026-06-05 09:00:00,0,0.5325569929919122,0.46744300700808783,Sell,92.84,93.15,91.94,92.85,8801
2026-06-05 10:00:00,0,0.5462138017852872,0.4537861982147128,Sell,92.84,93.14,92.47,92.86,3470
2026-06-05 11:00:00,1,0.5562263766607098,0.44377362333929016,Sell,92.87,93.63,92.59,92.89,6684
2026-06-05 12:00:00,1,0.5661816589486744,0.43381834105132555,Sell,92.91,93.15,92.34,92.39,5584
2026-06-05 13:00:00,0,0.5337923058532276,0.46620769414677243,Sell,92.4,92.59,91.26,91.48,16954
2026-06-05 14:00:00,0,0.4600997629841002,0.5399002370158998,Hold,91.48,91.67,90.55,91.31,17469
2026-06-05 15:00:00,0,0.4478221580176742,0.5521778419823258,Hold,91.32,91.51,90.47,90.77,12447
2026-06-05 16:00:00,0,0.40272272016108346,0.5972772798389165,Hold,90.77,91.02,89.68,90.08,12843
2026-06-05 17:00:00,0,0.37617053827174746,0.6238294617282525,Hold,90.08,90.36,89.92,90.03,8906
2026-06-05 18:00:00,0,0.35546703063122853,0.6445329693687715,Hold,90.02,90.72,89.9,90.3,18720
2026-06-05 19:00:00,0,0.34954705385603324,0.6504529461439668,Hold,90.31,90.42,90.0,90.24,4206
2026-06-05 20:00:00,0,0.3364276524811195,0.6635723475188805,Hold,90.23,90.44,90.17,90.25,2111
2026-06-08 00:00:00,0,0.3309160955815867,0.6690839044184134,Hold,92.76,92.85,92.28,92.41,1700
2026-06-08 01:00:00,0,0.3310134161557914,0.6689865838442086,Hold,92.39,94.8,92.2,93.29,12104
2026-06-08 02:00:00,0,0.32675289580141376,0.6732471041985862,Hold,93.29,94.37,93.23,93.64,5888
2026-06-08 03:00:00,0,0.356442906811251,0.643557093188749,Hold,93.63,94.02,93.36,93.53,2598
2026-06-08 04:00:00,0,0.39945375121257737,0.6005462487874227,Hold,93.54,94.6,93.53,94.47,3440
2026-06-08 05:00:00,1,0.4166519462762381,0.5833480537237619,Hold,94.46,94.85,94.08,94.48,3380
2026-06-08 06:00:00,1,0.4655111310010098,0.5344888689989902,Hold,94.46,94.84,93.95,94.62,5413
2026-06-08 07:00:00,1,0.5088906476387814,0.49110935236121855,Sell,94.61,94.93,94.01,94.61,5418
2026-06-08 08:00:00,1,0.5101577002332635,0.48984229976673654,Sell,94.6,95.25,94.21,94.66,7705
2026-06-08 09:00:00,1,0.5240178364580245,0.47598216354197553,Sell,94.66,94.91,94.24,94.67,5332
2026-06-08 10:00:00,1,0.5251916181101632,0.47480838188983676,Sell,94.67,95.47,93.49,93.76,9816
2026-06-08 11:00:00,0,0.5086481419936788,0.4913518580063212,Sell,93.76,94.07,91.05,91.22,15850
2026-06-08 12:00:00,0,0.5313645957644195,0.4686354042355805,Sell,91.21,92.15,91.01,91.91,9187
2026-06-08 13:00:00,0,0.48252462873575547,0.5174753712642446,Hold,91.92,92.08,90.39,91.06,12691
2026-06-08 14:00:00,0,0.4558257128202541,0.5441742871797459,Hold,91.05,92.24,90.98,91.77,11209
2026-06-08 15:00:00,0,0.39879230956134265,0.6012076904386574,Hold,91.77,92.38,91.39,91.61,10247
2026-06-08 16:00:00,0,0.3832056763065348,0.6167943236934652,Hold,91.61,91.79,91.05,91.41,6644
2026-06-08 17:00:00,0,0.3754688383407568,0.6245311616592433,Hold,91.41,91.45,90.76,91.12,7703
2026-06-08 18:00:00,0,0.33027486733544886,0.6697251326645511,Hold,91.12,91.49,90.91,91.14,10866
2026-06-08 19:00:00,0,0.296800156050713,0.703199843949287,Hold,91.14,91.5,91.01,91.25,2820
2026-06-08 20:00:00,0,0.27908811920779697,0.720911880792203,Hold,91.24,91.56,91.1,91.28,2016
2026-06-08 22:00:00,0,0.26939953004666906,0.7306004699533309,Hold,91.28,91.55,91.25,91.37,533
2026-06-08 23:00:00,0,0.286593586290782,0.713406413709218,Hold,91.39,91.43,91.3,91.38,1704
2026-06-09 00:00:00,0,0.27212228378380565,0.7278777162161943,Hold,91.34,91.47,90.71,91.03,2350
2026-06-09 01:00:00,0,0.32510689942537063,0.6748931005746294,Hold,91.05,91.15,90.59,90.95,1683
2026-06-09 02:00:00,0,0.35222377923048703,0.647776220769513,Hold,90.93,91.0,90.48,90.63,1481
2026-06-09 03:00:00,0,0.3782921995203176,0.6217078004796823,Hold,90.66,90.69,89.85,90.15,2583
2026-06-09 04:00:00,0,0.4253790387001408,0.5746209612998592,Hold,90.14,90.38,90.01,90.27,1183
2026-06-09 05:00:00,0,0.4575955059928488,0.5424044940071512,Hold,90.28,90.36,89.81,90.14,1677
2026-06-09 06:00:00,0,0.46942784181915953,0.5305721581808405,Hold,90.14,90.16,89.6,89.93,3344
2026-06-09 07:00:00,0,0.5186601084562737,0.48133989154372625,Sell,89.92,90.11,89.33,89.7,4972
2026-06-09 08:00:00,0,0.5497102028167291,0.4502897971832709,Sell,89.7,89.91,88.8,89.25,6564
2026-06-09 09:00:00,1,0.5482636840495104,0.4517363159504896,Sell,89.25,89.36,88.8,89.16,4648
2026-06-09 10:00:00,0,0.5571141441999605,0.4428858558000395,Sell,89.15,89.46,88.7,89.01,4646
2026-06-09 11:00:00,1,0.5431717913308932,0.4568282086691068,Sell,88.99,89.79,88.97,89.56,5197
2026-06-09 12:00:00,1,0.5427160203944051,0.45728397960559486,Sell,89.56,89.67,88.84,89.04,7281
2026-06-09 13:00:00,0,0.5208820471500617,0.4791179528499383,Sell,89.05,89.54,87.47,87.84,24582
2026-06-09 14:00:00,0,0.5111356668742966,0.48886433312570343,Sell,87.84,88.22,87.37,87.78,16887
2026-06-09 15:00:00,0,0.5106970175732234,0.4893029824267766,Sell,87.77,87.91,86.7,86.7,14397
2026-06-09 16:00:00,0,0.3954735115570749,0.6045264884429251,Hold,86.7,89.49,85.95,87.87,40563
2026-06-09 17:00:00,0,0.3676354978079464,0.6323645021920536,Hold,87.87,88.5,87.12,88.15,19728
2026-06-09 18:00:00,0,0.3297751003063957,0.6702248996936043,Hold,88.15,88.63,87.95,88.05,15721
2026-06-09 19:00:00,0,0.31036063475721265,0.6896393652427873,Hold,88.07,88.61,87.93,88.3,4779
2026-06-09 20:00:00,0,0.2889333884206332,0.7110666115793668,Hold,88.31,88.78,88.23,88.7,4703
2026-06-09 22:00:00,0,0.2807448936194767,0.7192551063805233,Hold,89.4,89.91,88.65,89.12,4138
2026-06-09 23:00:00,0,0.28331288067216415,0.7166871193278359,Hold,89.11,89.34,88.85,89.18,1384
2026-06-10 00:00:00,0,0.2751019090363654,0.7248980909636347,Hold,89.19,90.0,88.76,88.86,4600
2026-06-10 01:00:00,0,0.2944026661993458,0.7055973338006543,Hold,88.85,89.36,88.28,89.27,4118
2026-06-10 02:00:00,0,0.284522518117731,0.715477481882269,Hold,89.26,89.4,88.73,88.96,1809
2026-06-10 03:00:00,0,0.3280440840957363,0.6719559159042636,Hold,88.96,89.16,88.57,88.64,1455
2026-06-10 04:00:00,0,0.3511281545069308,0.6488718454930692,Hold,88.61,88.93,88.61,88.66,609
2026-06-10 05:00:00,0,0.40492133419214316,0.5950786658078568,Hold,88.68,88.77,87.88,88.07,2413
2026-06-10 06:00:00,0,0.4425628836413542,0.5574371163586458,Hold,88.07,88.29,87.61,88.26,3026
2026-06-10 07:00:00,0,0.4702862240653173,0.5297137759346827,Hold,88.26,88.67,87.69,88.02,4228
2026-06-10 08:00:00,0,0.49767427291892563,0.5023257270810744,Hold,88.0,88.85,87.39,87.68,5747
2026-06-10 09:00:00,0,0.49763547327758956,0.5023645267224104,Hold,87.69,88.51,87.4,87.92,3781
2026-06-10 10:00:00,0,0.5060569584606365,0.4939430415393635,Sell,87.9,88.47,87.75,88.03,3297
2026-06-10 11:00:00,0,0.49454716480506866,0.5054528351949313,Hold,88.0,90.42,87.76,90.05,23075
2026-06-10 12:00:00,0,0.5185781464170319,0.4814218535829681,Sell,90.04,90.1,88.71,89.08,13393
2026-06-10 13:00:00,0,0.47236067313008834,0.5276393268699117,Hold,89.07,89.9,88.9,89.79,10660
2026-06-10 14:00:00,0,0.4703873890631826,0.5296126109368173,Hold,89.78,90.38,89.48,90.26,12995
2026-06-10 15:00:00,0,0.4256714340417655,0.5743285659582344,Hold,90.27,91.47,89.36,90.63,21903
2026-06-10 16:00:00,0,0.3688240263886677,0.6311759736113323,Hold,90.62,91.28,90.53,91.05,11083
2026-06-10 17:00:00,0,0.35964904411117005,0.64035095588883,Hold,91.04,91.84,90.83,90.89,11563
2026-06-10 18:00:00,0,0.32131041174249714,0.6786895882575028,Hold,90.9,90.91,89.81,90.19,18628
2026-06-10 19:00:00,0,0.2859547964386116,0.7140452035613885,Hold,90.18,90.61,90.12,90.42,3679
2026-06-10 20:00:00,0,0.2732063684182564,0.7267936315817436,Hold,90.4,91.87,90.27,91.85,6031
2026-06-10 22:00:00,0,0.24011823162448717,0.7598817683755128,Hold,92.25,93.36,91.9,93.35,5776
2026-06-10 23:00:00,0,0.25520040592999754,0.7447995940700025,Hold,93.35,93.64,92.45,92.47,7801
2026-06-11 00:00:00,0,0.2497153373613203,0.7502846626386797,Hold,92.53,92.75,91.91,92.35,5415
2026-06-11 01:00:00,0,0.27598575549366483,0.7240142445063351,Hold,92.36,92.38,91.2,91.65,5240
2026-06-11 02:00:00,0,0.263390914122724,0.736609085877276,Hold,91.64,91.99,91.44,91.57,1673
2026-06-11 03:00:00,0,0.3086181471141317,0.6913818528858683,Hold,91.56,92.11,91.54,91.81,1479
2026-06-11 04:00:00,0,0.3484844123691402,0.6515155876308598,Hold,91.82,91.95,91.0,91.11,2349
2026-06-11 05:00:00,0,0.38995153170483204,0.6100484682951679,Hold,91.1,91.19,90.34,90.6,2762
2026-06-11 06:00:00,0,0.4085955632795426,0.5914044367204574,Hold,90.64,90.96,90.39,90.47,2569
2026-06-11 07:00:00,0,0.4719577016023895,0.5280422983976105,Hold,90.47,90.55,89.36,89.83,7074
2026-06-11 08:00:00,0,0.4972649345676633,0.5027350654323367,Hold,89.84,89.91,88.77,89.1,6825
2026-06-11 09:00:00,0,0.5148948646273178,0.4851051353726822,Sell,89.11,89.8,89.07,89.31,3999
2026-06-11 10:00:00,0,0.5585064851896151,0.4414935148103849,Sell,89.3,89.52,88.75,88.96,4614
2026-06-11 11:00:00,0,0.5403602477313278,0.45963975226867215,Sell,88.96,89.37,88.63,89.04,6449
2026-06-11 12:00:00,0,0.48595641485738145,0.5140435851426186,Hold,89.05,91.48,88.95,90.06,25863
2026-06-11 13:00:00,0,0.49690731211756556,0.5030926878824344,Hold,90.06,90.66,89.05,89.34,16520
2026-06-11 14:00:00,0,0.5012769430267086,0.49872305697329145,Sell,89.36,90.4,89.35,90.07,10122
2026-06-11 15:00:00,1,0.44212925551430116,0.5578707444856988,Hold,90.08,91.21,89.97,90.84,11534
2026-06-11 16:00:00,1,0.40317938063640335,0.5968206193635966,Hold,90.84,91.5,90.65,90.84,8563
2026-06-11 17:00:00,0,0.38332105592502225,0.6166789440749778,Hold,90.85,90.92,86.54,87.39,37260
2026-06-11 18:00:00,0,0.32014251178615005,0.67985748821385,Hold,87.39,88.32,87.11,87.8,21737
2026-06-11 19:00:00,0,0.3067349703408702,0.6932650296591298,Hold,87.78,87.85,85.81,86.53,16802
2026-06-11 20:00:00,0,0.3007165474818027,0.6992834525181972,Hold,86.54,86.59,85.74,86.42,5047
2026-06-11 22:00:00,0,0.3183663910344273,0.6816336089655727,Hold,86.64,86.64,85.13,85.95,4027
2026-06-11 23:00:00,0,0.3368081767278923,0.6631918232721077,Hold,85.94,86.2,85.69,86.06,1588
2026-06-12 00:00:00,0,0.3609049553892899,0.6390950446107101,Hold,86.07,86.74,86.04,86.64,2310
2026-06-12 01:00:00,0,0.37278498803439813,0.6272150119656019,Hold,86.63,86.92,86.56,86.81,2561
2026-06-12 02:00:00,1,0.39412231366542705,0.605877686334573,Hold,86.8,86.9,86.5,86.74,1247
2026-06-12 03:00:00,0,0.4475936908269998,0.5524063091730003,Hold,86.73,86.98,86.21,86.26,1834
2026-06-12 04:00:00,0,0.46284628089180685,0.5371537191081932,Hold,86.25,86.36,86.07,86.08,1039
2026-06-12 05:00:00,0,0.5081931059556103,0.4918068940443897,Sell,86.08,86.16,85.67,86.06,2005
2026-06-12 06:00:00,1,0.5360970912027289,0.46390290879727114,Sell,86.06,86.15,85.74,86.1,2292
2026-06-12 07:00:00,0,0.5608627680478206,0.43913723195217935,Sell,86.08,86.4,84.92,85.2,6453
2026-06-12 08:00:00,0,0.5812057765277144,0.41879422347228557,Sell,85.18,85.23,83.2,83.87,13958
2026-06-12 09:00:00,0,0.589140278241065,0.41085972175893504,Sell,83.88,84.22,83.47,84.16,5394
2026-06-12 10:00:00,0,0.5736814503826704,0.4263185496173296,Sell,84.16,85.28,84.01,84.7,8475
2026-06-12 11:00:00,0,0.5748164444762477,0.4251835555237523,Sell,84.69,85.2,84.04,84.9,6596
2026-06-12 12:00:00,0,0.5417392630794178,0.4582607369205822,Sell,84.88,85.7,84.72,85.09,8687
2026-06-12 13:00:00,0,0.5432002768882587,0.45679972311174133,Sell,85.09,87.04,84.96,87.02,18186
2026-06-12 14:00:00,0,0.536290030211493,0.463709969788507,Sell,87.03,87.23,84.74,84.96,20122
