DateTime,y_true,prob_Sell,prob_Hold,predicted,Open,High,Low,Close,Volume
2026-01-01 23:00:00,0,0.3017543941670568,0.6982456058329432,Hold,56.657833,56.815735,56.657833,56.726913,1045
2026-01-02 00:00:00,0,0.3485597434610114,0.6514402565389886,Hold,56.726913,56.726913,56.657833,56.6677,471
2026-01-02 01:00:00,0,0.3534000513503572,0.6465999486496428,Hold,56.6677,56.815735,56.657833,56.77626,1598
2026-01-02 02:00:00,0,0.34893341200091155,0.6510665879990885,Hold,56.77626,56.88482,56.76639,56.855213,1104
2026-01-02 03:00:00,1,0.41203981405205015,0.5879601859479499,Hold,56.855213,56.97364,56.845345,56.96377,964
2026-01-02 04:00:00,0,0.43657537050336864,0.5634246294966314,Hold,56.96377,57.022984,56.88482,56.914425,1099
2026-01-02 05:00:00,1,0.48875755865681425,0.5112424413431857,Hold,56.924294,56.993378,56.924294,56.993378,522
2026-01-02 06:00:00,1,0.49389680559706967,0.5061031944029304,Hold,56.993378,57.131542,56.97364,57.092068,1453
2026-01-02 07:00:00,1,0.5411705237156358,0.4588294762843642,Sell,57.092068,57.17102,56.934162,57.052593,2228
2026-01-02 08:00:00,0,0.5949883048479054,0.40501169515209456,Sell,57.04272,57.16115,56.559143,56.56901,7080
2026-01-02 09:00:00,0,0.5825046472559231,0.4174953527440769,Sell,56.56901,56.598618,56.263073,56.460453,7167
2026-01-02 10:00:00,1,0.6064029377551367,0.39359706224486335,Sell,56.47032,56.805866,56.47032,56.647964,5009
2026-01-02 11:00:00,0,0.5864284021421939,0.41357159785780606,Sell,56.647964,56.726913,56.3815,56.529537,3441
2026-01-02 12:00:00,0,0.578447696383572,0.42155230361642804,Sell,56.529537,56.56901,56.154514,56.17425,4973
2026-01-02 13:00:00,0,0.5454314377557559,0.45456856224424413,Sell,56.18412,56.302547,56.105167,56.11504,7928
2026-01-02 14:00:00,0,0.5091937264841071,0.4908062735158929,Sell,56.11504,56.2236,55.88805,55.947266,15998
2026-01-02 15:00:00,0,0.46767665373845063,0.5323233462615493,Hold,55.957134,56.243336,55.858444,56.02622,13907
2026-01-02 16:00:00,0,0.4132869484908586,0.5867130515091414,Hold,56.02622,56.18412,55.87818,56.02622,10223
2026-01-02 17:00:00,0,0.3580248138067642,0.6419751861932358,Hold,56.02622,56.440716,56.00648,56.253204,10011
2026-01-02 18:00:00,0,0.32151618358662465,0.6784838164133753,Hold,56.253204,56.47032,56.18412,56.430847,7146
2026-01-02 19:00:00,0,0.3000839521008262,0.6999160478991737,Hold,56.430847,56.68744,56.420975,56.49006,14234
2026-01-02 20:00:00,0,0.2737758066454118,0.7262241933545882,Hold,56.49006,56.56901,56.47032,56.539406,2859
2026-01-02 21:00:00,0,0.29079344529443524,0.7092065547055648,Hold,56.539406,56.598618,56.529537,56.57888,1356
2026-01-04 23:00:00,0,0.24906502890024373,0.7509349710997563,Hold,56.717045,56.746655,55.81897,56.56901,9953
2026-01-05 00:00:00,0,0.21730298791098207,0.782697012089018,Hold,56.56901,56.707176,56.559143,56.628223,2649
2026-01-05 01:00:00,0,0.26382395624342353,0.7361760437565765,Hold,56.628223,56.97364,56.499928,56.529537,6500
2026-01-05 02:00:00,1,0.2621612602368508,0.7378387397631492,Hold,56.519665,56.638096,56.499928,56.519665,1768
2026-01-05 03:00:00,0,0.3729683329676713,0.6270316670323287,Hold,56.519665,56.529537,56.27294,56.312416,2115
2026-01-05 04:00:00,0,0.41778930745598547,0.5822106925440145,Hold,56.302547,56.3815,56.243336,56.27294,1505
2026-01-05 05:00:00,0,0.46081411258083715,0.5391858874191628,Hold,56.27294,56.351894,56.0953,56.144646,2387
2026-01-05 06:00:00,0,0.4747267866535523,0.5252732133464477,Hold,56.144646,56.27294,56.0953,56.134777,1963
2026-01-05 07:00:00,0,0.5213910752800816,0.47860892471991845,Sell,56.144646,56.233467,55.957134,56.01635,2924
2026-01-05 08:00:00,0,0.5543060327100503,0.4456939672899497,Sell,56.01635,56.164383,55.572243,55.858444,10513
2026-01-05 09:00:00,0,0.5563826617812059,0.4436173382187941,Sell,55.848576,56.697308,55.81897,56.657833,11048
2026-01-05 10:00:00,0,0.5531777304046233,0.44682226959537674,Sell,56.657833,56.68744,56.450584,56.628223,8222
2026-01-05 11:00:00,0,0.5421492835726482,0.45785071642735176,Sell,56.618355,56.993378,56.56901,56.88482,8626
2026-01-05 12:00:00,0,0.5328680906576554,0.4671319093423446,Sell,56.88482,57.0822,56.707176,57.0822,6672
2026-01-05 13:00:00,0,0.5084766797297594,0.4915233202702406,Sell,57.0822,57.200626,56.993378,57.14141,10025
2026-01-05 14:00:00,0,0.4602751337018571,0.5397248662981429,Hold,57.131542,57.43748,57.022984,57.220364,20103
2026-01-05 15:00:00,0,0.4065488271450608,0.5934511728549392,Hold,57.230232,57.74342,56.76639,57.6546,27994
2026-01-05 16:00:00,0,0.3497829995437843,0.6502170004562158,Hold,57.64473,57.6546,57.131542,57.35853,18359
2026-01-05 17:00:00,0,0.3146785704297941,0.6853214295702059,Hold,57.35853,57.565777,57.33879,57.54604,11617
2026-01-05 18:00:00,0,0.25939357883646086,0.7406064211635391,Hold,57.54604,57.6546,57.45722,57.516434,7626
2026-01-05 19:00:00,0,0.23636562897821897,0.763634371021781,Hold,57.526302,57.63486,57.417744,57.53617,11617
2026-01-05 20:00:00,0,0.2189378635152356,0.7810621364847644,Hold,57.53617,57.64473,57.53617,57.57565,3447
2026-01-05 21:00:00,0,0.21714462898300838,0.7828553710169917,Hold,57.57565,57.64473,57.54604,57.585518,2603
2026-01-05 23:00:00,0,0.2238353191217313,0.7761646808782687,Hold,57.57565,57.615124,57.289448,57.45722,1667
2026-01-06 00:00:00,0,0.18983251929503567,0.8101674807049644,Hold,57.45722,57.54604,57.35853,57.506565,2109
2026-01-06 01:00:00,0,0.2300583835642964,0.7699416164357036,Hold,57.506565,57.516434,57.2401,57.24997,3422
2026-01-06 02:00:00,0,0.22407807081843437,0.7759219291815657,Hold,57.259842,57.328922,57.131542,57.230232,2082
2026-01-06 03:00:00,0,0.2714008221352392,0.7285991778647608,Hold,57.2401,57.398006,57.190758,57.35853,1148
2026-01-06 04:00:00,0,0.30094506596986675,0.6990549340301333,Hold,57.35853,57.398006,57.319054,57.34866,521
2026-01-06 05:00:00,0,0.36014408235983475,0.6398559176401653,Hold,57.34866,57.417744,57.309185,57.319054,1060
2026-01-06 06:00:00,0,0.4096143801321743,0.5903856198678257,Hold,57.309185,57.427612,57.26971,57.3684,1592
2026-01-06 07:00:00,0,0.4985959044716929,0.5014040955283071,Hold,57.3684,57.3684,57.121674,57.200626,3567
2026-01-06 08:00:00,0,0.4921817620921366,0.5078182379078634,Hold,57.190758,57.723682,57.0822,57.703945,7897
2026-01-06 09:00:00,0,0.49996501681519256,0.5000349831848074,Hold,57.713814,57.901325,57.526302,57.624992,10945
2026-01-06 10:00:00,0,0.5163442623684861,0.4836557376315139,Sell,57.63486,57.822372,57.605255,57.812504,4171
2026-01-06 11:00:00,1,0.5199921648438176,0.4800078351561824,Sell,57.812504,57.861847,57.6546,57.822372,5394
2026-01-06 12:00:00,0,0.5232116345627195,0.47678836543728054,Sell,57.83224,57.861847,57.615124,57.792767,5641
2026-01-06 13:00:00,1,0.5085283058997416,0.49147169410025837,Sell,57.792767,58.098705,57.74342,57.960537,13076
2026-01-06 14:00:00,1,0.5121455221093375,0.4878544778906625,Sell,57.970406,58.02962,57.328922,57.3684,21655
2026-01-06 15:00:00,1,0.44220420878231087,0.5577957912176892,Hold,57.3684,57.664467,56.97364,57.37827,31095
2026-01-06 16:00:00,1,0.3888244058694912,0.6111755941305088,Hold,57.37827,57.516434,57.18089,57.190758,11111
2026-01-06 17:00:00,1,0.38206817727198145,0.6179318227280186,Hold,57.200626,57.220364,56.825603,56.86508,11623
2026-01-06 18:00:00,1,0.3178553864193209,0.6821446135806791,Hold,56.87495,56.934162,56.598618,56.608486,10122
2026-01-06 19:00:00,1,0.29344958719797415,0.7065504128020259,Hold,56.618355,56.628223,56.17425,56.19399,23090
2026-01-06 20:00:00,1,0.2582461906021545,0.7417538093978455,Hold,56.19399,56.312416,56.0953,56.154514,5903
2026-01-06 21:00:00,1,0.2602154216110515,0.7397845783889485,Hold,56.164383,56.302547,56.134777,56.2236,2880
2026-01-06 23:00:00,0,0.29965518798803153,0.7003448120119684,Hold,56.253204,56.342026,55.63146,55.71041,4523
2026-01-07 00:00:00,0,0.3105296890859125,0.6894703109140875,Hold,55.72028,55.838707,55.02945,55.58211,13955
2026-01-07 01:00:00,0,0.32285357392800645,0.6771464260719935,Hold,55.58211,55.92753,55.562374,55.63146,11412
2026-01-07 02:00:00,0,0.3054849202795995,0.6945150797204005,Hold,55.63146,55.72028,55.5229,55.69067,2870
2026-01-07 03:00:00,0,0.38442994679078973,0.6155700532092103,Hold,55.700542,55.73015,55.5229,55.58211,2490
2026-01-07 04:00:00,0,0.4244431340443268,0.5755568659556731,Hold,55.58211,55.661064,55.453815,55.5229,2646
2026-01-07 05:00:00,0,0.48169338758391594,0.518306612416084,Hold,55.51303,55.5229,55.384735,55.5229,2042
2026-01-07 06:00:00,0,0.4679257364714742,0.5320742635285258,Hold,55.53277,55.6808,55.453815,55.493294,2699
2026-01-07 07:00:00,0,0.5248379160930176,0.47516208390698245,Sell,55.48342,55.651196,55.384735,55.591984,4691
2026-01-07 08:00:00,0,0.5527162953442424,0.4472837046557576,Sell,55.601852,55.858444,55.5229,55.799232,8714
2026-01-07 09:00:00,0,0.5557442216239646,0.44425577837603536,Sell,55.78936,55.91766,55.542637,55.601852,6877
2026-01-07 10:00:00,0,0.5453023278835237,0.45469767211647627,Sell,55.601852,56.144646,55.542637,56.12491,7394
2026-01-07 11:00:00,0,0.5434682636362974,0.4565317363637026,Sell,56.12491,56.243336,55.99661,56.0953,6429
2026-01-07 12:00:00,1,0.5294189920876665,0.4705810079123335,Sell,56.0953,56.342026,55.99661,56.29268,8165
2026-01-07 13:00:00,1,0.5407323945796283,0.4592676054203717,Sell,56.28281,56.420975,55.87818,56.243336,23666
2026-01-07 14:00:00,0,0.515087563800298,0.48491243619970203,Sell,56.253204,56.332157,55.61172,55.769623,22385
2026-01-07 15:00:00,0,0.4939862495425311,0.5060137504574689,Hold,55.769623,55.90779,55.51303,55.700542,20081
2026-01-07 16:00:00,0,0.44700103937670216,0.5529989606232979,Hold,55.700542,55.81897,55.41434,55.41434,15163
2026-01-07 17:00:00,0,0.4127190835141603,0.5872809164858397,Hold,55.42421,55.463684,55.12814,55.13801,17012
2026-01-07 18:00:00,0,0.3307489552713711,0.6692510447286288,Hold,55.13801,55.286045,55.12814,55.246567,12038
2026-01-07 19:00:00,0,0.3085920105803505,0.6914079894196494,Hold,55.266304,55.58211,55.22683,55.503162,21150
2026-01-07 20:00:00,0,0.2824082196057367,0.7175917803942633,Hold,55.503162,55.572243,55.364994,55.552505,4844
2026-01-07 21:00:00,0,0.27736606443248507,0.7226339355675149,Hold,55.552505,55.661064,55.5229,55.661064,2408
2026-01-07 23:00:00,0,0.2745440360222092,0.7254559639777908,Hold,55.6808,55.71041,55.552505,55.562374,1280
2026-01-08 00:00:00,0,0.2663333412794036,0.7336666587205964,Hold,55.552505,55.61172,55.53277,55.552505,489
2026-01-08 01:00:00,0,0.2956885073635777,0.7043114926364222,Hold,55.562374,55.72028,55.53277,55.69067,2358
2026-01-08 02:00:00,0,0.3197982344887021,0.680201765511298,Hold,55.69067,55.69067,55.42421,55.48342,2862
2026-01-08 03:00:00,0,0.38807209499240614,0.6119279050075939,Hold,55.48342,55.542637,55.404472,55.5229,1212
2026-01-08 04:00:00,0,0.44555545841436567,0.5544445415856343,Hold,55.5229,55.591984,55.48342,55.53277,887
2026-01-08 05:00:00,0,0.49456959065705647,0.5054304093429436,Hold,55.542637,55.591984,55.473553,55.5229,1210
2026-01-08 06:00:00,0,0.534123894363554,0.465876105636446,Sell,55.51303,55.53277,55.355125,55.5229,2236
2026-01-08 07:00:00,0,0.5444906673492969,0.45550933265070315,Sell,55.51303,55.552505,55.394604,55.43408,1564
2026-01-08 08:00:00,0,0.5800318244369179,0.4199681755630821,Sell,55.42421,55.463684,55.2367,55.453815,5433
2026-01-08 09:00:00,0,0.5629565349827664,0.43704346501723357,Sell,55.443947,55.77949,55.32552,55.69067,5422
2026-01-08 10:00:00,0,0.5848763636683232,0.4151236363316768,Sell,55.6808,55.957134,55.651196,55.90779,5087
2026-01-08 11:00:00,0,0.5486954903795778,0.45130450962042223,Sell,55.89792,56.17425,55.838707,56.0953,6159
2026-01-08 12:00:00,0,0.5365436190319385,0.4634563809680615,Sell,56.0953,56.19399,56.045956,56.144646,6951
2026-01-08 13:00:00,0,0.49928762927435544,0.5007123707256446,Hold,56.144646,56.430847,56.02622,56.32229,13502
2026-01-08 14:00:00,0,0.49136558732277197,0.508634412677228,Hold,56.32229,56.48019,56.164383,56.2236,20316
2026-01-08 15:00:00,0,0.48518500387113905,0.514814996128861,Hold,56.213726,56.302547,55.99661,56.11504,14481
2026-01-08 16:00:00,0,0.42340446131552995,0.5765955386844701,Hold,56.12491,56.411106,56.105167,56.32229,12743
2026-01-08 17:00:00,0,0.3656871726311769,0.6343128273688231,Hold,56.312416,56.608486,56.29268,56.539406,11596
2026-01-08 18:00:00,0,0.30858596669835375,0.6914140333016463,Hold,56.529537,56.953903,56.499928,56.934162,14987
2026-01-08 19:00:00,0,0.2745784013039879,0.7254215986960121,Hold,56.944035,57.496696,56.78613,57.43748,33753
2026-01-08 20:00:00,0,0.24771112247079913,0.7522888775292009,Hold,57.43748,57.901325,57.43748,57.822372,12484
2026-01-08 21:00:00,0,0.2403551234077586,0.7596448765922414,Hold,57.822372,57.970406,57.595387,57.63486,7029
2026-01-08 23:00:00,0,0.22110882523371558,0.7788911747662844,Hold,57.63486,57.684208,57.506565,57.516434,1882
2026-01-09 00:00:00,0,0.24436292895195574,0.7556370710480442,Hold,57.516434,57.53617,57.45722,57.45722,1483
2026-01-09 01:00:00,0,0.27714214669651943,0.7228578533034806,Hold,57.47696,57.486828,57.220364,57.33879,5344
2026-01-09 02:00:00,0,0.2705936342381298,0.7294063657618701,Hold,57.33879,57.427612,57.33879,57.388138,1687
2026-01-09 03:00:00,0,0.3406124198133716,0.6593875801866285,Hold,57.388138,57.388138,57.2401,57.34866,2005
2026-01-09 04:00:00,0,0.3595201561991723,0.6404798438008277,Hold,57.34866,57.44735,57.289448,57.427612,1353
2026-01-09 05:00:00,0,0.4055425160662543,0.5944574839337458,Hold,57.417744,57.496696,57.33879,57.407875,1351
2026-01-09 06:00:00,0,0.43654953838398136,0.5634504616160186,Hold,57.398006,57.605255,57.388138,57.565777,2620
2026-01-09 07:00:00,0,0.46460112462788217,0.5353988753721178,Hold,57.57565,57.763157,57.506565,57.565777,3252
2026-01-09 08:00:00,0,0.5052219037591028,0.4947780962408972,Sell,57.565777,57.585518,57.388138,57.407875,6303
2026-01-09 09:00:00,0,0.5049798010057475,0.49502019899425254,Sell,57.417744,57.506565,56.855213,57.16115,10287
2026-01-09 10:00:00,0,0.4899468612352998,0.5100531387647003,Hold,57.16115,57.35853,57.101936,57.319054,5944
2026-01-09 11:00:00,0,0.4798483811499544,0.5201516188500457,Hold,57.33879,57.55591,57.33879,57.526302,4602
2026-01-09 12:00:00,0,0.49075623215148445,0.5092437678485155,Hold,57.516434,57.55591,57.3684,57.37827,4126
2026-01-09 13:00:00,0,0.49017482461321005,0.50982517538679,Hold,57.37827,57.565777,57.2401,57.496696,8559
2026-01-09 14:00:00,0,0.48656262047947096,0.513437379520529,Hold,57.506565,58.562546,57.417744,58.463856,34687
2026-01-09 15:00:00,0,0.43030583092933,0.56969416907067,Hold,58.453987,58.750057,58.177654,58.680973,20327
2026-01-09 16:00:00,0,0.35966684206911526,0.6403331579308847,Hold,58.671104,58.98691,58.53294,58.977043,24079
2026-01-09 17:00:00,0,0.3391590389686498,0.6608409610313501,Hold,58.977043,58.977043,58.483593,58.582283,19274
2026-01-09 18:00:00,0,0.3357210557061621,0.6642789442938379,Hold,58.59215,58.671104,58.32569,58.651367,11181
2026-01-09 19:00:00,0,0.31307457813613687,0.6869254218638632,Hold,58.651367,58.661236,58.207264,58.207264,22630
2026-01-09 20:00:00,0,0.30226333694400614,0.6977366630559938,Hold,58.207264,58.256607,57.980274,58.000015,7284
2026-01-09 21:00:00,0,0.2953836212301442,0.7046163787698558,Hold,58.000015,58.177654,57.9408,58.009884,4286
2026-01-11 23:00:00,0,0.258765428725123,0.741234571274877,Hold,58.227,59.016518,58.14805,58.81914,7967
2026-01-12 00:00:00,0,0.24195544891342852,0.7580445510865714,Hold,58.80927,58.80927,58.572414,58.671104,2887
2026-01-12 01:00:00,0,0.27352986293098785,0.7264701370690121,Hold,58.680973,58.70071,57.871716,58.019753,9560
2026-01-12 02:00:00,0,0.2655015195057611,0.7344984804942389,Hold,58.02962,58.42438,58.019753,58.384903,2647
2026-01-12 03:00:00,0,0.32640872903582485,0.6735912709641751,Hold,58.384903,58.52307,58.355297,58.404644,1632
2026-01-12 04:00:00,0,0.37696478191172106,0.623035218088279,Hold,58.404644,58.49346,58.365166,58.43425,691
2026-01-12 05:00:00,0,0.4295058076069629,0.5704941923930371,Hold,58.42438,58.53294,58.39477,58.513203,1004
2026-01-12 06:00:00,0,0.45689178682306614,0.5431082131769338,Hold,58.50333,58.53294,58.384903,58.453987,1114
2026-01-12 07:00:00,0,0.5021948850743843,0.49780511492561574,Sell,58.44412,58.463856,58.12831,58.177654,3446
2026-01-12 08:00:00,0,0.525755822902807,0.474244177097193,Sell,58.167786,58.355297,57.901325,58.167786,7354
2026-01-12 09:00:00,0,0.5329695182240518,0.4670304817759482,Sell,58.167786,58.207264,57.95067,58.098705,4264
2026-01-12 10:00:00,0,0.537263442757013,0.462736557242987,Sell,58.098705,58.23687,57.921062,58.03949,4319
2026-01-12 11:00:00,0,0.5312899911375142,0.4687100088624858,Sell,58.03949,58.04936,57.684208,57.83224,6440
2026-01-12 12:00:00,0,0.5266018086068907,0.47339819139310935,Sell,57.84211,58.266476,57.75329,58.24674,6232
2026-01-12 13:00:00,0,0.5139373200644926,0.48606267993550745,Sell,58.23687,58.305954,57.881588,58.000015,7649
2026-01-12 14:00:00,0,0.47626667005119494,0.5237333299488051,Hold,58.000015,58.24674,57.713814,57.95067,16544
2026-01-12 15:00:00,0,0.43594500149702986,0.5640549985029701,Hold,57.960537,58.43425,57.960537,58.32569,12621
2026-01-12 16:00:00,0,0.4039981895925997,0.5960018104074003,Hold,58.32569,58.651367,58.177654,58.266476,15817
2026-01-12 17:00:00,0,0.39744274432398874,0.6025572556760113,Hold,58.266476,58.53294,58.177654,58.49346,7524
2026-01-12 18:00:00,0,0.3272216389046326,0.6727783610953675,Hold,58.49346,58.50333,58.227,58.33556,8769
2026-01-12 19:00:00,0,0.31931926201953925,0.6806807379804607,Hold,58.32569,59.026386,58.29608,58.80927,23685
2026-01-12 20:00:00,0,0.2827041069201479,0.7172958930798521,Hold,58.81914,58.82901,58.562546,58.73032,4616
2026-01-12 21:00:00,0,0.27214242747710504,0.727857572522895,Hold,58.73032,59.125076,58.671104,59.055996,5598
2026-01-12 23:00:00,0,0.2544643617223034,0.7455356382776965,Hold,59.164555,59.164555,58.89809,59.026386,1131
2026-01-13 00:00:00,0,0.24724780105089153,0.7527521989491085,Hold,59.016518,59.046127,58.858616,58.89809,868
2026-01-13 01:00:00,0,0.27873727882653454,0.7212627211734655,Hold,58.917828,59.20403,58.858616,58.89809,3326
2026-01-13 02:00:00,0,0.29658592821241936,0.7034140717875806,Hold,58.90796,58.967175,58.69084,58.89809,2422
2026-01-13 03:00:00,0,0.35258120062847864,0.6474187993715214,Hold,58.90796,58.98691,58.868484,58.957306,1258
2026-01-13 04:00:00,0,0.4089172925149639,0.5910827074850361,Hold,58.957306,59.016518,58.88822,58.99678,589
2026-01-13 05:00:00,0,0.4636805326247414,0.5363194673752586,Hold,58.99678,59.046127,58.868484,58.99678,857
2026-01-13 06:00:00,0,0.48756445095038115,0.5124355490496189,Hold,58.98691,59.322456,58.947437,59.29285,1963
2026-01-13 07:00:00,0,0.5219115465473346,0.4780884534526654,Sell,59.29285,59.29285,59.046127,59.055996,2847
2026-01-13 08:00:00,0,0.567483675242095,0.432516324757905,Sell,59.046127,59.421146,58.957306,59.332325,6767
2026-01-13 09:00:00,0,0.5797433438082755,0.4202566561917245,Sell,59.332325,60.023155,59.332325,59.736954,12911
2026-01-13 10:00:00,0,0.5548878946246555,0.4451121053753445,Sell,59.727085,59.865253,59.361935,59.559315,8268
2026-01-13 11:00:00,0,0.5634508013658808,0.43654919863411923,Sell,59.559315,59.98368,59.450756,59.944202,5901
2026-01-13 12:00:00,0,0.5573292182511684,0.44267078174883157,Sell,59.95407,59.96394,59.69748,59.934334,6907
2026-01-13 13:00:00,0,0.545883182730832,0.45411681726916797,Sell,59.934334,59.99355,59.519836,59.628395,13605
2026-01-13 14:00:00,0,0.5196963898609613,0.48030361013903866,Sell,59.628395,60.625164,59.431015,60.200798,38857
2026-01-13 15:00:00,0,0.4588594031504314,0.5411405968495686,Hold,60.19093,60.615295,60.141582,60.54621,20135
2026-01-13 16:00:00,0,0.4132192507108035,0.5867807492891965,Hold,60.536343,60.694244,60.39818,60.55608,18033
2026-01-13 17:00:00,0,0.3801620387168424,0.6198379612831576,Hold,60.54621,60.54621,59.924465,59.98368,14162
2026-01-13 18:00:00,0,0.3411306586679581,0.6588693413320419,Hold,59.98368,60.625164,59.973812,60.487,21701
2026-01-13 19:00:00,0,0.30877652808710504,0.6912234719128949,Hold,60.487,60.506737,59.638264,60.230404,29506
2026-01-13 20:00:00,0,0.26725828207528757,0.7327417179247124,Hold,60.230404,60.34883,60.131714,60.240273,3328
2026-01-13 21:00:00,0,0.2762388103296944,0.7237611896703056,Hold,60.240273,60.39818,60.17119,60.299488,3075
2026-01-13 23:00:00,0,0.2789329217440883,0.7210670782559117,Hold,60.319225,60.39818,60.26988,60.34883,523
2026-01-14 00:00:00,0,0.30154257126691963,0.6984574287330804,Hold,60.34883,60.34883,60.25014,60.27975,663
2026-01-14 01:00:00,0,0.33427950303358656,0.6657204969664134,Hold,60.28962,60.299488,60.06263,60.220535,2384
2026-01-14 02:00:00,0,0.31817814688996304,0.681821853110037,Hold,60.220535,60.27975,60.121845,60.121845,1324
2026-01-14 03:00:00,0,0.36445850959261156,0.6355414904073884,Hold,60.121845,60.210667,60.003418,60.17119,1601
2026-01-14 04:00:00,0,0.4173869317878787,0.5826130682121213,Hold,60.17119,60.240273,60.111977,60.16132,877
2026-01-14 05:00:00,0,0.48160781033846417,0.5183921896615358,Hold,60.16132,60.18106,60.033024,60.072502,1073
2026-01-14 06:00:00,0,0.5166078917483677,0.48339210825163226,Sell,60.08237,60.200798,59.845512,59.88499,1682
2026-01-14 07:00:00,0,0.537282909860516,0.46271709013948403,Sell,59.904728,60.033024,59.825775,59.904728,2657
2026-01-14 08:00:00,0,0.554721654530194,0.44527834546980605,Sell,59.904728,60.013287,59.677742,59.85538,5904
2026-01-14 09:00:00,0,0.5747663124718915,0.42523368752810853,Sell,59.85538,60.210667,59.59879,60.200798,7668
2026-01-14 10:00:00,0,0.5759243339402981,0.42407566605970193,Sell,60.19093,61.197563,60.16132,61.187695,14630
2026-01-14 11:00:00,0,0.5593005859537289,0.4406994140462711,Sell,61.187695,61.286385,60.911366,61.000183,7996
2026-01-14 12:00:00,0,0.5638350480769362,0.4361649519230638,Sell,61.010056,61.118614,60.6449,61.069267,9259
2026-01-14 13:00:00,0,0.5599131633712804,0.4400868366287196,Sell,61.079136,61.286385,60.704117,60.812675,15066
2026-01-14 14:00:00,0,0.5077318532853888,0.49226814671461117,Sell,60.832413,61.029793,60.74359,60.901493,12121
2026-01-14 15:00:00,0,0.46922990554332045,0.5307700944566796,Hold,60.901493,61.03966,60.427784,60.86202,21660
2026-01-14 16:00:00,0,0.4398935462142557,0.5601064537857443,Hold,60.871887,61.010056,60.56595,60.921234,14667
2026-01-14 17:00:00,0,0.3928856425584969,0.6071143574415031,Hold,60.911366,61.23704,60.792934,60.980446,13068
2026-01-14 18:00:00,0,0.34222349860769186,0.6577765013923081,Hold,60.980446,61.0594,60.802807,61.019924,10101
2026-01-14 19:00:00,1,0.33399138226773273,0.6660086177322673,Hold,61.010056,61.53311,60.970577,61.493633,20887
2026-01-14 20:00:00,0,0.31333537101894343,0.6866646289810565,Hold,61.493633,61.54298,58.414513,59.470493,56536
2026-01-14 21:00:00,0,0.32517830985027574,0.6748216901497243,Hold,59.460625,61.03966,59.243507,60.25014,8221
2026-01-14 23:00:00,0,0.32330316921863567,0.6766968307813643,Hold,60.26001,60.338963,59.717216,59.95407,2249
2026-01-15 00:00:00,0,0.36321735761922636,0.6367826423807736,Hold,59.89486,60.240273,59.865253,60.200798,512
2026-01-15 01:00:00,0,0.371562853348097,0.628437146651903,Hold,60.210667,60.210667,59.28298,59.529705,2058
2026-01-15 02:00:00,0,0.392647186486769,0.607352813513231,Hold,59.519836,59.559315,59.273113,59.361935,413
2026-01-15 03:00:00,0,0.4125304164805285,0.5874695835194714,Hold,59.361935,59.5001,59.10534,59.263245,512
2026-01-15 04:00:00,0,0.44363803669594676,0.5563619633040533,Hold,59.29285,59.30272,59.164555,59.243507,251
2026-01-15 05:00:00,0,0.4739220964561513,0.5260779035438488,Hold,59.233635,59.263245,59.055996,59.19416,465
2026-01-15 06:00:00,0,0.48981913824788664,0.5101808617521133,Hold,59.154686,59.509968,59.154686,59.411278,829
2026-01-15 07:00:00,0,0.5274204772090421,0.47257952279095794,Sell,59.352066,59.411278,59.03626,59.233635,814
2026-01-15 08:00:00,0,0.5266519894047937,0.47334801059520626,Sell,59.20403,59.480362,59.065865,59.39154,1990
2026-01-15 09:00:00,0,0.5786055879339393,0.42139441206606065,Sell,59.40141,59.460625,58.562546,58.572414,2316
2026-01-15 10:00:00,0,0.5762955042473648,0.42370449575263525,Sell,58.60202,58.9277,58.355297,58.7994,3359
2026-01-15 11:00:00,0,0.5680712887579014,0.43192871124209864,Sell,58.83888,59.253376,58.7994,59.19416,2045
2026-01-15 12:00:00,0,0.5840532164938996,0.41594678350610037,Sell,59.213898,59.253376,58.562546,58.6415,2374
2026-01-15 13:00:00,0,0.5575913907975065,0.4424086092024935,Sell,58.63163,58.661236,58.365166,58.513203,2524
2026-01-15 14:00:00,0,0.5499242795043793,0.4500757204956207,Sell,58.52307,58.779663,58.108574,58.52307,4823
2026-01-15 15:00:00,0,0.5258846158802563,0.47411538411974374,Sell,58.54281,58.651367,58.227,58.562546,2932
2026-01-15 16:00:00,0,0.5241636418535208,0.4758363581464792,Sell,58.562546,58.651367,58.197395,58.23687,2477
2026-01-15 17:00:00,0,0.4878493387816199,0.5121506612183802,Hold,58.23687,58.33556,58.167786,58.305954,1961
2026-01-15 18:00:00,0,0.4012232902307084,0.5987767097692915,Hold,58.315823,58.71058,58.266476,58.404644,3274
2026-01-15 19:00:00,0,0.39915158292537684,0.6008484170746231,Hold,58.384903,58.453987,58.256607,58.276344,3964
2026-01-15 20:00:00,0,0.37061477226293954,0.6293852277370604,Hold,58.266476,58.32569,58.14805,58.227,658
2026-01-15 21:00:00,0,0.36838972540020654,0.6316102745997935,Hold,58.207264,58.54281,58.187523,58.50333,687
2026-01-15 23:00:00,0,0.3800200161185079,0.6199799838814921,Hold,58.483593,58.53294,58.33556,58.414513,360
2026-01-16 00:00:00,0,0.3800499228849992,0.6199500771150008,Hold,58.414513,58.592545,58.414513,58.454075,1117
2026-01-16 01:00:00,0,0.41165349988948985,0.5883465001105102,Hold,58.473854,58.65189,58.444183,58.483746,2664
2026-01-16 02:00:00,0,0.41647627538045773,0.5835237246195423,Hold,58.483746,58.523308,58.276043,58.374947,2063
2026-01-16 03:00:00,0,0.45088028040140443,0.5491197195985955,Hold,58.36506,58.444183,58.25626,58.315605,1425
2026-01-16 04:00:00,0,0.49755728167511043,0.5024427183248896,Hold,58.315605,58.374947,58.26615,58.335384,813
2026-01-16 05:00:00,0,0.558913909689391,0.44108609031060897,Sell,58.325497,58.36506,58.22659,58.24637,1060
2026-01-16 06:00:00,0,0.5923920907474267,0.4076079092525733,Sell,58.24637,58.414513,58.167244,58.40462,1921
2026-01-16 07:00:00,0,0.6125107458135085,0.3874892541864915,Sell,58.39473,58.71123,58.38484,58.552982,5047
2026-01-16 08:00:00,0,0.6037215807635282,0.3962784192364718,Sell,58.552982,58.8497,58.345276,58.79036,7314
2026-01-16 09:00:00,0,0.6116188551393364,0.38838114486066355,Sell,58.79036,59.156315,58.67167,58.918938,9189
2026-01-16 10:00:00,0,0.601040437778521,0.398959562221479,Sell,58.92883,59.225548,58.889267,59.195877,5852
2026-01-16 11:00:00,0,0.5868957213658391,0.4131042786341609,Sell,59.185986,59.24533,59.037624,59.176094,5158
2026-01-16 12:00:00,0,0.5799039219758095,0.42009607802419047,Sell,59.185986,59.393692,59.047516,59.0673,7918
2026-01-16 13:00:00,0,0.5628718304689891,0.43712816953101086,Sell,59.0673,59.275,58.96839,59.225548,9358
2026-01-16 14:00:00,0,0.5779307138176396,0.4220692861823604,Sell,59.225548,59.314564,58.750793,58.800247,22018
2026-01-16 15:00:00,0,0.4915749092668436,0.5084250907331564,Hold,58.800247,59.09697,58.701344,58.94861,13525
2026-01-16 16:00:00,1,0.4219741546653991,0.5780258453346009,Hold,58.94861,59.185986,58.869484,59.09697,10526
2026-01-16 17:00:00,0,0.40293032846558663,0.5970696715344134,Hold,59.09697,59.23544,58.780468,59.037624,14485
2026-01-16 18:00:00,1,0.3832098402551938,0.6167901597448062,Hold,59.047516,59.20577,58.889267,59.09697,8077
2026-01-16 19:00:00,0,0.3939084644532552,0.6060915355467448,Hold,59.10686,59.10686,58.57276,58.731014,20428
2026-01-16 20:00:00,0,0.3813724107909366,0.6186275892090634,Hold,58.731014,58.82003,58.632107,58.65189,3444
2026-01-16 21:00:00,0,0.38981773614051096,0.610182263859489,Hold,58.642,58.71123,58.552982,58.57276,2728
2026-01-18 23:00:00,0,0.3195907075677959,0.680409292432204,Hold,58.295822,58.54309,57.959538,58.325497,6453
2026-01-19 00:00:00,0,0.3187638700897423,0.6812361299102577,Hold,58.335384,58.68156,58.295822,58.602436,2146
2026-01-19 01:00:00,0,0.3412771354935909,0.6587228645064092,Hold,58.612324,58.760685,58.4244,58.721123,2542
2026-01-19 02:00:00,0,0.37156545695714505,0.628434543042855,Hold,58.721123,58.780468,58.65189,58.750793,1817
2026-01-19 03:00:00,0,0.4249497373123425,0.5750502626876575,Hold,58.760685,58.82003,58.731014,58.800247,985
2026-01-19 04:00:00,0,0.48621175403869904,0.513788245961301,Hold,58.81014,58.909046,58.661777,58.661777,1931
2026-01-19 05:00:00,0,0.5237466146405976,0.4762533853594024,Sell,58.661777,58.770576,58.54309,58.632107,1662
2026-01-19 06:00:00,0,0.5449328420683999,0.45506715793160013,Sell,58.632107,58.642,58.26615,58.315605,2979
2026-01-19 07:00:00,0,0.5488382680423647,0.4511617319576353,Sell,58.315605,58.523308,58.206806,58.335384,4031
2026-01-19 08:00:00,0,0.5773056522979937,0.4226943477020063,Sell,58.345276,58.463966,57.96943,58.26615,7590
2026-01-19 09:00:00,0,0.5872189198220072,0.41278108017799275,Sell,58.28593,58.295822,57.890305,57.96943,5754
2026-01-19 10:00:00,0,0.5772899628683782,0.4227100371316218,Sell,57.96943,58.39473,57.959538,58.305714,4376
2026-01-19 11:00:00,0,0.5722224805948514,0.42777751940514863,Sell,58.305714,58.4244,58.12768,58.345276,4948
2026-01-19 12:00:00,0,0.5703538597026935,0.4296461402973065,Sell,58.335384,58.39473,58.196915,58.374947,3252
2026-01-19 13:00:00,0,0.535285282071304,0.464714717928696,Sell,58.374947,58.444183,58.28593,58.40462,3874
2026-01-19 14:00:00,0,0.5024339313438492,0.49756606865615083,Sell,58.40462,58.67167,58.335384,58.65189,5619
2026-01-19 15:00:00,0,0.46617774410533713,0.5338222558946628,Hold,58.661777,58.750793,58.51342,58.67167,5273
2026-01-19 16:00:00,0,0.4061520928091458,0.5938479071908542,Hold,58.68156,58.8497,58.582653,58.780468,6132
2026-01-19 17:00:00,0,0.4007679163326514,0.5992320836673486,Hold,58.780468,58.8497,58.54309,58.592545,3418
2026-01-19 18:00:00,0,0.3700718884755408,0.6299281115244593,Hold,58.592545,58.81014,58.582653,58.71123,1809
2026-01-19 19:00:00,0,0.33359408324419454,0.6664059167558054,Hold,58.721123,58.800247,58.71123,58.780468,551
2026-01-19 23:00:00,0,0.30899341700439487,0.6910065829956051,Hold,58.79036,58.81014,58.65189,58.740906,744
2026-01-20 00:00:00,0,0.30429591178575727,0.6957040882142427,Hold,58.740906,58.918938,58.731014,58.800247,1076
2026-01-20 01:00:00,0,0.3503059259418526,0.6496940740581474,Hold,58.79036,58.839813,58.622215,58.622215,2056
2026-01-20 02:00:00,0,0.38483200607761486,0.6151679939223851,Hold,58.632107,58.731014,58.582653,58.691452,1437
2026-01-20 03:00:00,0,0.40333593046589633,0.5966640695341037,Hold,58.691452,58.770576,58.602436,58.760685,1065
2026-01-20 04:00:00,0,0.4540571740844691,0.5459428259155309,Hold,58.760685,58.859592,58.691452,58.701344,1028
2026-01-20 05:00:00,0,0.4871882626563864,0.5128117373436136,Hold,58.701344,58.750793,58.612324,58.67167,1170
2026-01-20 06:00:00,0,0.5229143376770556,0.47708566232294436,Sell,58.68156,58.800247,58.5332,58.71123,2017
2026-01-20 07:00:00,0,0.6200289809881965,0.3799710190118035,Sell,58.721123,58.938717,58.305714,58.36506,7270
2026-01-20 08:00:00,0,0.6184768337164166,0.3815231662835834,Sell,58.374947,58.40462,58.078228,58.39473,9995
2026-01-20 09:00:00,0,0.58731296754442,0.41268703245558,Sell,58.39473,58.889267,58.36506,58.8497,11207
2026-01-20 10:00:00,0,0.578826583466197,0.421173416533803,Sell,58.8497,59.047516,58.701344,58.978283,8121
2026-01-20 11:00:00,0,0.5690542535724804,0.4309457464275196,Sell,58.96839,59.0673,58.740906,59.047516,5126
2026-01-20 12:00:00,0,0.5513739148609278,0.4486260851390722,Sell,59.047516,59.324455,59.037624,59.24533,8473
2026-01-20 13:00:00,0,0.5522487105824224,0.4477512894175776,Sell,59.255222,59.265114,58.8497,58.92883,8526
2026-01-20 14:00:00,1,0.5010939025548908,0.49890609744510916,Sell,58.918938,59.848663,58.859592,59.749756,26779
2026-01-20 15:00:00,0,0.4477465934169457,0.5522534065830542,Hold,59.739864,59.848663,59.324455,59.393692,19137
2026-01-20 16:00:00,0,0.3723917090288504,0.6276082909711496,Hold,59.3838,59.69041,59.35413,59.66074,14547
2026-01-20 17:00:00,0,0.3339256089096384,0.6660743910903616,Hold,59.65085,59.77943,59.571724,59.729977,8158
2026-01-20 18:00:00,0,0.31159996111875543,0.6884000388812446,Hold,59.739864,59.818993,59.52227,59.601395,10081
2026-01-20 19:00:00,0,0.3452908125163397,0.6547091874836604,Hold,59.601395,59.749756,59.23544,59.284893,31529
2026-01-20 20:00:00,0,0.35371865649948236,0.6462813435005177,Hold,59.275,59.35413,58.68156,58.82992,16888
2026-01-20 21:00:00,0,0.3366211879471941,0.6633788120528059,Hold,58.82003,58.938717,58.71123,58.869484,3637
2026-01-20 23:00:00,0,0.3312897523025143,0.6687102476974858,Hold,58.918938,59.185986,58.81014,58.978283,2152
2026-01-21 00:00:00,0,0.33719153348495484,0.6628084665150451,Hold,58.978283,59.057407,58.81014,59.017845,1794
2026-01-21 01:00:00,0,0.3695745295764323,0.6304254704235677,Hold,59.007954,59.12664,58.81014,59.09697,2537
2026-01-21 02:00:00,0,0.3709632296951297,0.6290367703048703,Hold,59.09697,59.23544,59.007954,59.116753,2241
2026-01-21 03:00:00,0,0.4240535997576464,0.5759464002423536,Hold,59.116753,59.225548,59.07719,59.07719,1793
2026-01-21 04:00:00,0,0.47150792234467964,0.5284920776553204,Hold,59.07719,59.146423,59.037624,59.0673,935
2026-01-21 05:00:00,0,0.5380878626899513,0.46191213731004865,Sell,59.07719,59.255222,59.057407,59.166206,2220
2026-01-21 06:00:00,0,0.5660666257775774,0.4339333742224226,Sell,59.166206,59.275,59.017845,59.195877,2037
2026-01-21 07:00:00,0,0.6204149512174585,0.3795850487825415,Sell,59.20577,59.20577,58.81014,58.92883,6264
2026-01-21 08:00:00,0,0.6022485031338679,0.3977514968661321,Sell,58.92883,59.10686,58.642,58.661777,10211
2026-01-21 09:00:00,0,0.6146866863387873,0.3853133136612127,Sell,58.661777,59.225548,58.57276,59.21566,12186
2026-01-21 10:00:00,0,0.6191421874768466,0.3808578125231534,Sell,59.21566,59.393692,59.047516,59.255222,9369
2026-01-21 11:00:00,0,0.5800803695641743,0.4199196304358257,Sell,59.255222,59.93768,59.24533,59.720085,16077
2026-01-21 12:00:00,0,0.5725662345265644,0.4274337654734356,Sell,59.720085,59.93768,59.680523,59.83877,8144
2026-01-21 13:00:00,0,0.59135473855689,0.40864526144311,Sell,59.848663,60.22451,59.65085,59.67063,15946
2026-01-21 14:00:00,0,0.5468955216276142,0.45310447837238577,Sell,59.66074,59.83877,59.472816,59.67063,20409
2026-01-21 15:00:00,0,0.4655347315651466,0.5344652684348534,Hold,59.67063,59.878334,59.41347,59.83877,19920
2026-01-21 16:00:00,0,0.41762679757626203,0.582373202423738,Hold,59.83877,59.97724,59.621178,59.789318,15595
2026-01-21 17:00:00,0,0.3697497869696716,0.6302502130303285,Hold,59.77943,59.848663,59.591507,59.729977,8618
2026-01-21 18:00:00,0,0.34726112046449364,0.6527388795355064,Hold,59.729977,60.125603,59.710194,60.016804,13003
2026-01-21 19:00:00,0,0.33879295339587756,0.6612070466041224,Hold,60.016804,60.036587,59.759647,59.987133,14660
2026-01-21 20:00:00,0,0.33268961526817925,0.6673103847318207,Hold,59.987133,60.05637,59.878334,60.006916,3874
2026-01-21 21:00:00,0,0.3362306904732971,0.6637693095267029,Hold,60.006916,60.08604,59.957462,60.006916,2489
2026-01-21 23:00:00,0,0.3337374200759844,0.6662625799240156,Hold,60.016804,60.026695,59.759647,59.848663,1166
2026-01-22 00:00:00,0,0.3153790761997292,0.6846209238002707,Hold,59.83877,59.9179,59.79921,59.858555,885
2026-01-22 01:00:00,0,0.3568214937513182,0.6431785062486818,Hold,59.858555,60.11571,59.818993,60.04648,2916
2026-01-22 02:00:00,0,0.36864014822449753,0.6313598517755025,Hold,60.036587,60.105824,59.9179,60.07615,1606
2026-01-22 03:00:00,0,0.40541565025799736,0.5945843497420027,Hold,60.07615,60.155277,60.04648,60.105824,1325
2026-01-22 04:00:00,1,0.4321140399332937,0.5678859600667063,Hold,60.105824,60.145386,60.066257,60.105824,712
2026-01-22 05:00:00,1,0.503989495234416,0.49601050476558395,Sell,60.095932,60.135494,60.006916,60.05637,1107
2026-01-22 06:00:00,1,0.5427865678611035,0.45721343213889654,Sell,60.04648,60.04648,59.858555,59.967354,1787
2026-01-22 07:00:00,1,0.6058458818109071,0.39415411818909285,Sell,59.97724,59.987133,59.700302,59.77943,4051
2026-01-22 08:00:00,1,0.6146955429204923,0.38530445707950767,Sell,59.77943,59.927788,59.640957,59.710194,7501
2026-01-22 09:00:00,0,0.6300687095619671,0.36993129043803286,Sell,59.720085,59.729977,59.34424,59.403584,9411
2026-01-22 10:00:00,0,0.6102260029496586,0.38977399705034144,Sell,59.403584,59.482708,59.10686,59.195877,12295
2026-01-22 11:00:00,0,0.6031026069719055,0.39689739302809446,Sell,59.195877,59.255222,58.82992,59.08708,13171
2026-01-22 12:00:00,0,0.591438407170634,0.408561592829366,Sell,59.08708,59.13653,58.79036,58.79036,7247
2026-01-22 13:00:00,0,0.5922440425337785,0.4077559574662215,Sell,58.800247,59.12664,58.661777,59.047516,12924
2026-01-22 14:00:00,0,0.5483715548489935,0.45162844515100653,Sell,59.037624,59.34424,58.770576,59.10686,30783
2026-01-22 15:00:00,0,0.5123389108787542,0.48766108912124584,Sell,59.10686,59.195877,58.780468,59.0673,19228
2026-01-22 16:00:00,0,0.44040469474305316,0.5595953052569469,Hold,59.07719,59.304676,58.721123,58.82992,16481
2026-01-22 17:00:00,0,0.45328452538840147,0.5467154746115985,Hold,58.82992,58.82992,58.315605,58.50353,19055
2026-01-22 18:00:00,0,0.3803357894966013,0.6196642105033987,Hold,58.493637,58.661777,58.40462,58.612324,11217
2026-01-22 19:00:00,0,0.35197394711689445,0.6480260528831056,Hold,58.622215,58.740906,58.5332,58.691452,14218
2026-01-22 20:00:00,0,0.34685305401476874,0.6531469459852313,Hold,58.68156,58.770576,58.65189,58.760685,3743
2026-01-22 21:00:00,0,0.3449893970532726,0.6550106029467274,Hold,58.760685,59.037624,58.740906,59.017845,3157
2026-01-22 23:00:00,0,0.31055816653410245,0.6894418334658976,Hold,59.007954,59.09697,58.869484,58.938717,1423
2026-01-23 00:00:00,0,0.331473849204375,0.668526150795625,Hold,58.94861,59.057407,58.92883,59.027737,684
2026-01-23 01:00:00,0,0.3189571119497092,0.6810428880502908,Hold,59.017845,59.156315,58.92883,59.116753,2771
2026-01-23 02:00:00,0,0.33824596133063,0.66175403866937,Hold,59.116753,59.23544,59.007954,59.195877,2134
2026-01-23 03:00:00,0,0.3860758757380894,0.6139241242619107,Hold,59.195877,59.284893,59.146423,59.176094,2344
2026-01-23 04:00:00,0,0.4510889675348308,0.5489110324651691,Hold,59.176094,59.265114,59.146423,59.23544,713
2026-01-23 05:00:00,0,0.5072403868255732,0.49275961317442685,Sell,59.23544,59.275,59.08708,59.156315,1404
2026-01-23 06:00:00,0,0.5161335205942676,0.48386647940573235,Sell,59.166206,59.334347,59.09697,59.314564,1871
2026-01-23 07:00:00,0,0.5906618411484568,0.40933815885154323,Sell,59.294785,59.304676,58.938717,59.017845,3185
2026-01-23 08:00:00,0,0.589058818105454,0.410941181894546,Sell,59.007954,59.453033,58.998062,59.24533,7598
2026-01-23 09:00:00,0,0.5959316533144208,0.4040683466855792,Sell,59.255222,59.41347,59.20577,59.334347,5838
2026-01-23 10:00:00,0,0.5887147243638517,0.41128527563614825,Sell,59.34424,59.680523,59.324455,59.581615,6832
2026-01-23 11:00:00,0,0.5454462892826796,0.4545537107173204,Sell,59.581615,59.76954,59.52227,59.700302,5314
2026-01-23 12:00:00,0,0.5476960739620782,0.4523039260379218,Sell,59.710194,59.878334,59.680523,59.77943,6219
2026-01-23 13:00:00,0,0.5085414740937529,0.49145852590624706,Sell,59.77943,60.39265,59.69041,60.35309,17416
2026-01-23 14:00:00,0,0.45812198130548826,0.5418780186945118,Hold,60.3432,60.590466,60.184948,60.48167,26947
2026-01-23 15:00:00,0,0.4411953756534923,0.5588046243465077,Hold,60.491558,60.521233,60.105824,60.11571,17424
2026-01-23 16:00:00,0,0.36508106715915983,0.6349189328408402,Hold,60.11571,60.521233,60.036587,60.442104,13805
2026-01-23 17:00:00,0,0.33068594457731093,0.6693140554226891,Hold,60.442104,60.560795,60.145386,60.50145,12981
2026-01-23 18:00:00,0,0.3099141924374688,0.6900858075625311,Hold,60.491558,60.580574,60.293747,60.412434,11116
2026-01-23 19:00:00,0,0.3136725393892915,0.6863274606107085,Hold,60.422325,60.590466,60.313526,60.412434,19541
2026-01-23 20:00:00,0,0.3016073997648095,0.6983926002351906,Hold,60.422325,60.550903,60.39265,60.491558,4815
2026-01-23 21:00:00,0,0.305934993845713,0.694065006154287,Hold,60.491558,60.689373,60.491558,60.61025,5303
2026-01-25 23:00:00,0,0.2785360393390179,0.7214639606609821,Hold,60.550903,60.630028,59.93768,60.37287,6650
2026-01-26 00:00:00,0,0.2634271976468017,0.7365728023531983,Hold,60.36298,60.48167,60.21462,60.432217,3223
2026-01-26 01:00:00,0,0.286036845594471,0.7139631544055289,Hold,60.432217,60.62014,60.323418,60.451996,4256
2026-01-26 02:00:00,0,0.3183875516263266,0.6816124483736734,Hold,60.442104,60.48167,60.303635,60.313526,1740
2026-01-26 03:00:00,0,0.3575837262367818,0.6424162737632182,Hold,60.303635,60.432217,60.264072,60.432217,1096
2026-01-26 04:00:00,0,0.3981526794065389,0.6018473205934611,Hold,60.432217,60.531124,60.402542,60.521233,899
2026-01-26 05:00:00,0,0.45789225656534727,0.5421077434346527,Hold,60.521233,60.62014,60.35309,60.560795,1685
2026-01-26 06:00:00,0,0.511873769042479,0.48812623095752095,Sell,60.550903,61.03555,60.50145,60.877296,6778
2026-01-26 07:00:00,0,0.5418784053612008,0.4581215946387992,Sell,60.867405,60.877296,60.264072,60.283855,7643
2026-01-26 08:00:00,0,0.5619552447503786,0.4380447552496214,Sell,60.283855,60.560795,60.11571,60.550903,11631
2026-01-26 09:00:00,0,0.5590450503332389,0.4409549496667611,Sell,60.560795,60.659702,60.145386,60.442104,7990
2026-01-26 10:00:00,0,0.5625217453121334,0.4374782546878666,Sell,60.432217,60.580574,60.283855,60.570686,4384
2026-01-26 11:00:00,0,0.5451592239726132,0.4548407760273868,Sell,60.570686,60.728935,60.39265,60.491558,5517
2026-01-26 12:00:00,0,0.5975344198834793,0.40246558011652067,Sell,60.491558,60.54101,60.19484,60.22451,6944
2026-01-26 13:00:00,0,0.5539614479880068,0.44603855201199316,Sell,60.2344,60.3432,59.898117,60.125603,12283
2026-01-26 14:00:00,0,0.53640990123657,0.46359009876343005,Sell,60.125603,60.273964,59.83877,59.868446,20922
2026-01-26 15:00:00,0,0.45490040790997777,0.5450995920900222,Hold,59.868446,60.33331,59.759647,59.93768,15918
2026-01-26 16:00:00,0,0.40867752722979334,0.5913224727702067,Hold,59.93768,60.244293,59.76954,60.175056,12593
2026-01-26 17:00:00,0,0.3647632148804175,0.6352367851195825,Hold,60.175056,60.36298,60.066257,60.293747,7832
2026-01-26 18:00:00,0,0.34494808682204575,0.6550519131779542,Hold,60.293747,60.303635,59.878334,59.957462,10923
2026-01-26 19:00:00,0,0.3199136649398215,0.6800863350601785,Hold,59.957462,60.036587,59.82888,59.957462,11504
2026-01-26 20:00:00,0,0.30400596963583765,0.6959940303641623,Hold,59.957462,60.175056,59.66074,60.105824,11890
2026-01-26 21:00:00,0,0.3141618807858147,0.6858381192141854,Hold,60.11571,60.2344,59.97724,60.165165,2983
2026-01-26 23:00:00,0,0.3122841195365098,0.6877158804634902,Hold,60.11571,60.204727,60.08604,60.145386,531
2026-01-27 00:00:00,0,0.3068696919832981,0.693130308016702,Hold,60.155277,60.184948,60.105824,60.145386,556
2026-01-27 01:00:00,0,0.35936175979110807,0.6406382402088919,Hold,60.135494,60.19484,59.542053,59.591507,4626
2026-01-27 02:00:00,0,0.33604358472164786,0.6639564152783521,Hold,59.591507,59.720085,59.561832,59.66074,2075
2026-01-27 03:00:00,0,0.4091429811758603,0.5908570188241398,Hold,59.65085,59.65085,59.561832,59.591507,1559
2026-01-27 04:00:00,0,0.43477469597772084,0.5652253040222792,Hold,59.591507,59.66074,59.561832,59.571724,888
2026-01-27 05:00:00,0,0.4766566341423859,0.5233433658576141,Hold,59.561832,59.789318,59.51238,59.749756,1640
2026-01-27 06:00:00,0,0.5062121854301965,0.4937878145698035,Sell,59.759647,59.878334,59.69041,59.858555,1666
2026-01-27 07:00:00,0,0.5613867345492365,0.4386132654507635,Sell,59.858555,59.878334,59.63107,59.720085,2559
2026-01-27 08:00:00,0,0.5691010574847685,0.43089894251523153,Sell,59.729977,59.82888,59.482708,59.76954,6304
2026-01-27 09:00:00,0,0.5703854478036356,0.42961455219636435,Sell,59.76954,60.036587,59.63107,59.97724,5885
2026-01-27 10:00:00,0,0.5457911747604441,0.45420882523955586,Sell,59.987133,60.36298,59.957462,60.273964,8548
2026-01-27 11:00:00,0,0.5895374336354697,0.41046256636453027,Sell,60.264072,60.313526,59.90801,59.94757,5573
2026-01-27 12:00:00,0,0.5672217946977421,0.43277820530225786,Sell,59.94757,60.05637,59.77943,59.987133,5851
2026-01-27 13:00:00,0,0.5474299775034077,0.4525700224965923,Sell,59.987133,61.18391,59.94757,61.104782,26994
2026-01-27 14:00:00,0,0.5220119540000653,0.4779880459999347,Sell,61.104782,61.134457,60.273964,60.61025,30433
2026-01-27 15:00:00,0,0.43136002376184557,0.5686399762381544,Hold,60.61025,61.03555,60.432217,61.015766,17411
2026-01-27 16:00:00,0,0.37540810694340265,0.6245918930565973,Hold,61.025658,61.302597,60.946533,61.223473,19807
2026-01-27 17:00:00,0,0.3615255079702992,0.6384744920297007,Hold,61.21358,61.510303,61.18391,61.401505,18002
2026-01-27 18:00:00,0,0.30294169924251757,0.6970583007574824,Hold,61.401505,61.559757,61.24325,61.272926,13579
2026-01-27 19:00:00,0,0.2959465758116629,0.7040534241883372,Hold,61.282818,61.896038,61.263035,61.510303,26255
2026-01-27 20:00:00,0,0.30313942514357634,0.6968605748564236,Hold,61.52019,61.94549,61.500412,61.87626,7168
2026-01-27 21:00:00,0,0.300564098406467,0.699435901593533,Hold,61.87626,61.896038,61.688335,61.88615,3946
2026-01-27 23:00:00,0,0.28782212145446356,0.7121778785455364,Hold,61.896038,61.985058,61.77735,61.856476,1467
2026-01-28 00:00:00,0,0.2861641340112912,0.7138358659887087,Hold,61.856476,61.965275,61.787243,61.84659,1578
2026-01-28 01:00:00,0,0.3192200769361124,0.6807799230638876,Hold,61.836697,61.955383,61.658665,61.76746,3773
2026-01-28 02:00:00,0,0.3325729670405078,0.6674270329594922,Hold,61.76746,62.0444,61.708115,61.955383,2521
2026-01-28 03:00:00,0,0.39310177889430825,0.6068982211056917,Hold,61.955383,62.17298,61.94549,62.01473,3453
2026-01-28 04:00:00,0,0.4515107510317008,0.5484892489682992,Hold,62.02462,62.16309,61.994946,62.133415,2469
2026-01-28 05:00:00,0,0.49699896718938535,0.5030010328106147,Hold,62.133415,62.19276,62.074074,62.18287,1374
2026-01-28 06:00:00,0,0.5256590742324583,0.4743409257675417,Sell,62.18287,62.31145,62.0444,62.08396,3476
2026-01-28 07:00:00,0,0.5737066934027902,0.42629330659720976,Sell,62.08396,62.093853,61.718006,61.816914,5971
2026-01-28 08:00:00,0,0.5795715905648383,0.4204284094351617,Sell,61.816914,62.113636,61.727898,62.02462,8722
2026-01-28 09:00:00,0,0.5837925699211051,0.41620743007889494,Sell,62.02462,62.03451,61.391613,61.49052,10509
2026-01-28 10:00:00,0,0.5652793141467697,0.4347206858532303,Sell,61.48063,61.60921,61.421288,61.46085,5397
2026-01-28 11:00:00,0,0.5813113978910764,0.41868860210892356,Sell,61.45096,61.91582,61.431175,61.88615,5607
2026-01-28 12:00:00,0,0.5975094680018395,0.40249053199816054,Sell,61.896038,62.47959,61.718006,62.123528,21957
2026-01-28 13:00:00,0,0.5876241260779245,0.41237587392207553,Sell,62.123528,62.697186,62.074074,62.657623,19212
2026-01-28 14:00:00,0,0.5478904655224942,0.4521095344775058,Sell,62.657623,62.825768,62.18287,62.489483,37839
2026-01-28 15:00:00,0,0.49049512385344396,0.509504876146556,Hold,62.489483,62.568607,61.955383,62.271885,21688
2026-01-28 16:00:00,0,0.43992563673549173,0.5600743632645082,Hold,62.281776,62.400467,62.004837,62.05429,13471
2026-01-28 17:00:00,0,0.40689941750665537,0.5931005824933446,Hold,62.0444,62.242214,61.856476,62.05429,10969
2026-01-28 18:00:00,0,0.3671908709756471,0.6328091290243529,Hold,62.0444,62.489483,62.01473,62.410355,8620
2026-01-28 19:00:00,0,0.35155922649495996,0.64844077350504,Hold,62.420246,62.598278,62.351013,62.538937,14608
2026-01-28 20:00:00,0,0.34467328381499474,0.6553267161850053,Hold,62.529045,62.776314,62.529045,62.687298,5072
2026-01-28 21:00:00,0,0.33699381229570413,0.6630061877042959,Hold,62.677406,62.87522,62.627953,62.805984,4149
2026-01-28 23:00:00,0,0.3396342641925489,0.6603657358074511,Hold,62.805984,63.132378,62.58839,62.687298,5233
2026-01-29 00:00:00,0,0.32568942053672906,0.6743105794632709,Hold,62.697186,62.974125,62.61806,62.845547,2293
2026-01-29 01:00:00,0,0.3657394839787344,0.6342605160212655,Hold,62.835655,63.132378,62.73675,63.122486,4724
2026-01-29 02:00:00,0,0.37127478649301293,0.6287252135069871,Hold,63.122486,63.359863,62.944454,63.3203,4236
2026-01-29 03:00:00,0,0.4112985982823629,0.5887014017176371,Hold,63.330193,63.399426,63.221394,63.369755,2797
2026-01-29 04:00:00,0,0.4745151035978851,0.5254848964021148,Hold,63.369755,63.67637,63.34997,63.617023,3830
2026-01-29 05:00:00,0,0.5037116872588405,0.4962883127411595,Sell,63.617023,63.617023,63.3203,63.4291,2819
2026-01-29 06:00:00,0,0.5356606648562503,0.4643393351437497,Sell,63.4291,63.775272,63.3203,63.488445,4251
2026-01-29 07:00:00,0,0.5599252399696684,0.44007476003033164,Sell,63.488445,63.696148,63.330193,63.379646,5117
2026-01-29 08:00:00,0,0.6106035171224632,0.3893964828775368,Sell,63.379646,63.963196,63.34997,63.913742,9979
2026-01-29 09:00:00,0,0.60328804833897,0.39671195166103,Sell,63.923634,64.37861,63.656586,64.14123,12702
2026-01-29 10:00:00,0,0.6296513612233225,0.37034863877667745,Sell,64.14123,64.16101,63.617023,64.022545,11023
2026-01-29 11:00:00,0,0.6109396527611184,0.3890603472388816,Sell,64.01265,64.210464,63.666477,64.022545,7811
2026-01-29 12:00:00,0,0.5865777849439746,0.4134222150560254,Sell,64.01265,64.1709,63.88407,63.98298,8499
2026-01-29 13:00:00,0,0.6117869278855629,0.3882130721144371,Sell,63.98298,64.912704,63.913742,64.73467,24956
2026-01-29 14:00:00,0,0.583509185124967,0.41649081487503303,Sell,64.74456,65.75342,64.68522,65.40724,55777
2026-01-29 15:00:00,0,0.4853063181033374,0.5146936818966625,Hold,65.40724,65.46658,63.933525,64.71489,64690
2026-01-29 16:00:00,0,0.43574505517162293,0.5642549448283771,Hold,64.71489,65.031395,64.1709,64.52697,32500
2026-01-29 17:00:00,0,0.42064967535474307,0.5793503246452569,Hold,64.53686,64.96216,64.358826,64.78413,25965
2026-01-29 18:00:00,0,0.37155925157957614,0.6284407484204239,Hold,64.77424,64.873146,64.19068,64.40828,19307
2026-01-29 19:00:00,0,0.3651921809871831,0.6348078190128169,Hold,64.41817,64.873146,64.358826,64.665436,23224
2026-01-29 20:00:00,1,0.3520574473589562,0.6479425526410438,Hold,64.65555,65.20943,64.635765,64.76434,10229
2026-01-29 21:00:00,1,0.36041026858666053,0.6395897314133394,Hold,64.754456,64.80391,64.50719,64.794014,4432
2026-01-29 23:00:00,1,0.34469995784616825,0.6553000421538318,Hold,64.80391,65.150085,64.665436,64.873146,2088
2026-01-30 00:00:00,0,0.36682866944223697,0.6331713305577631,Hold,64.86325,64.98194,63.399426,64.64565,8266
2026-01-30 01:00:00,0,0.39811684911596057,0.6018831508840394,Hold,64.64565,64.85336,63.973087,64.0621,8534
2026-01-30 02:00:00,0,0.40631656365711705,0.5936834363428829,Hold,64.08189,64.12145,62.944454,63.7456,13295
2026-01-30 03:00:00,0,0.4207042495518864,0.5792957504481135,Hold,63.755493,63.775272,63.409317,63.537895,3334
2026-01-30 04:00:00,0,0.45706495196326286,0.5429350480367372,Hold,63.537895,63.73571,63.528008,63.626915,2779
2026-01-30 05:00:00,0,0.49402090208878213,0.5059790979112179,Hold,63.617023,64.03243,63.537895,63.775272,4724
2026-01-30 06:00:00,0,0.5040725641686132,0.49592743583138676,Sell,63.765385,63.785164,63.28074,63.3203,3720
2026-01-30 07:00:00,0,0.5242719168089438,0.4757280831910562,Sell,63.340084,63.686256,63.31041,63.45877,5052
2026-01-30 08:00:00,0,0.5434060505086106,0.45659394949138943,Sell,63.44888,63.99287,63.389538,63.804947,10814
2026-01-30 09:00:00,0,0.5372719154810265,0.4627280845189735,Sell,63.795055,64.3885,63.775272,63.973087,10969
2026-01-30 10:00:00,0,0.5408213177560114,0.4591786822439886,Sell,63.973087,64.1709,63.518116,63.923634,9596
2026-01-30 11:00:00,0,0.5402466023182932,0.45975339768170675,Sell,63.923634,64.358826,63.59724,64.30937,17171
2026-01-30 12:00:00,0,0.5430674634913044,0.4569325365086956,Sell,64.30937,64.64565,64.16101,64.52697,9346
2026-01-30 13:00:00,0,0.5549017308522096,0.4450982691477904,Sell,64.53686,64.724785,64.20058,64.5962,13813
2026-01-30 14:00:00,0,0.5104144540991278,0.4895855459008722,Sell,64.58631,65.19954,64.56653,64.972046,28247
2026-01-30 15:00:00,0,0.48452815680390937,0.5154718431960906,Hold,64.972046,65.07095,64.57642,64.89292,18231
2026-01-30 16:00:00,1,0.4098226479083893,0.5901773520916107,Hold,64.90282,65.38746,64.73467,64.972046,23211
2026-01-30 17:00:00,0,0.3933938600854243,0.6066061399145757,Hold,64.972046,65.12041,63.636803,63.824726,42667
2026-01-30 18:00:00,0,0.3602837638634558,0.6397162361365443,Hold,63.824726,64.072,63.478554,63.98298,22587
2026-01-30 19:00:00,1,0.35318928084376944,0.6468107191562306,Hold,63.99287,64.96216,63.963196,64.85336,24953
2026-01-30 20:00:00,1,0.3284566231160275,0.6715433768839725,Hold,64.85336,65.19954,64.83358,65.05118,9516
2026-01-30 21:00:00,1,0.3317545119254135,0.6682454880745865,Hold,65.05118,65.150085,64.972046,65.0215,3424
2026-02-01 23:00:00,0,0.3440894263000638,0.6559105736999362,Hold,64.01265,64.03243,62.281776,62.5785,15988
2026-02-02 00:00:00,0,0.27553141473698406,0.7244685852630159,Hold,62.58839,63.102707,62.568607,63.0038,3896
2026-02-02 01:00:00,0,0.30326089721487876,0.6967391027851213,Hold,63.01369,63.02358,61.925713,62.34112,16601
2026-02-02 02:00:00,0,0.3289824015155214,0.6710175984844786,Hold,62.34112,62.430138,61.63888,61.75757,5886
2026-02-02 03:00:00,0,0.34317442689366645,0.6568255731063335,Hold,61.74768,61.965275,61.59932,61.60921,5741
2026-02-02 04:00:00,0,0.3839602976572716,0.6160397023427284,Hold,61.6191,61.648773,61.431175,61.500412,4009
2026-02-02 05:00:00,0,0.40316619963195305,0.5968338003680469,Hold,61.500412,61.52019,60.75861,60.92675,10513
2026-02-02 06:00:00,0,0.42631718725347445,0.5736828127465256,Hold,60.92675,61.193798,60.78828,60.995987,6468
2026-02-02 07:00:00,0,0.45430562890875104,0.545694371091249,Hold,60.986095,61.569645,60.986095,61.233364,10300
2026-02-02 08:00:00,0,0.45945609019117606,0.5405439098088239,Hold,61.24325,61.688335,60.986095,60.986095,13012
2026-02-02 09:00:00,0,0.4993487147732459,0.5006512852267542,Hold,60.995987,61.45096,60.719048,61.431175,13501
2026-02-02 10:00:00,0,0.4955110925235098,0.5044889074764902,Hold,61.421288,61.59932,61.07511,61.233364,9181
2026-02-02 11:00:00,0,0.49843448735042367,0.5015655126495764,Hold,61.223473,61.34216,60.93664,61.18391,6360
2026-02-02 12:00:00,0,0.5195519659603985,0.48044803403960146,Sell,61.18391,61.6191,61.18391,61.441067,8630
2026-02-02 13:00:00,0,0.5333137656831511,0.46668623431684886,Sell,61.441067,61.441067,60.90697,61.431175,16490
2026-02-02 14:00:00,0,0.5094919367343984,0.4905080632656016,Sell,61.441067,61.87626,61.31249,61.38172,26074
2026-02-02 15:00:00,0,0.47307656124004815,0.5269234387599518,Hold,61.38172,61.88615,61.114674,61.272926,33652
2026-02-02 16:00:00,0,0.4310204291019629,0.5689795708980371,Hold,61.263035,61.530083,61.07511,61.292706,20719
2026-02-02 17:00:00,0,0.3981601765852696,0.6018398234147304,Hold,61.282818,61.302597,60.986095,61.094894,11029
2026-02-02 18:00:00,0,0.3414366076457573,0.6585633923542427,Hold,61.085003,61.401505,60.867405,61.05533,10378
2026-02-02 19:00:00,0,0.33612744747807566,0.6638725525219243,Hold,61.04544,61.539974,60.90697,61.371834,18595
2026-02-02 20:00:00,0,0.3232867007113486,0.6767132992886514,Hold,61.38172,61.6191,61.35205,61.569645,4239
2026-02-02 21:00:00,0,0.3456044753986285,0.6543955246013715,Hold,61.569645,61.688335,61.48063,61.648773,2106
2026-02-02 23:00:00,0,0.3536728377412373,0.6463271622587627,Hold,61.59932,61.60921,61.114674,61.263035,2283
2026-02-03 00:00:00,0,0.27986319005919463,0.7201368099408054,Hold,61.263035,61.371834,61.21358,61.302597,1098
2026-02-03 01:00:00,0,0.3399911963068279,0.6600088036931722,Hold,61.32238,61.77735,61.302597,61.668552,4038
2026-02-03 02:00:00,0,0.3567924802514347,0.6432075197485654,Hold,61.668552,61.698227,60.877296,61.085003,5078
2026-02-03 03:00:00,0,0.3938741506046177,0.6061258493953823,Hold,61.06522,61.32238,60.93664,61.253143,2398
2026-02-03 04:00:00,0,0.43055175529362893,0.5694482447063711,Hold,61.253143,61.34216,61.144344,61.233364,1247
2026-02-03 05:00:00,0,0.4953553997615768,0.5046446002384233,Hold,61.24325,61.292706,61.124565,61.193798,1467
2026-02-03 06:00:00,0,0.5326965741585445,0.46730342584145546,Sell,61.193798,61.24325,61.07511,61.164127,1634
2026-02-03 07:00:00,0,0.5692703281858719,0.43072967181412813,Sell,61.144344,61.38172,61.04544,61.233364,3626
2026-02-03 08:00:00,0,0.5795046386878735,0.4204953613121265,Sell,61.24325,61.48063,60.669594,60.946533,10387
2026-02-03 09:00:00,0,0.5877390783204169,0.41226092167958306,Sell,60.946533,61.193798,60.451996,61.05533,11355
2026-02-03 10:00:00,0,0.570798486728501,0.429201513271499,Sell,61.06522,61.658665,61.06522,61.539974,7796
2026-02-03 11:00:00,0,0.5570771707911656,0.4429228292088344,Sell,61.539974,61.718006,61.421288,61.668552,6298
2026-02-03 12:00:00,0,0.557347833083144,0.44265216691685605,Sell,61.668552,61.90593,61.530083,61.87626,7837
2026-02-03 13:00:00,0,0.5472901641613086,0.4527098358386914,Sell,61.87626,62.02462,61.668552,61.91582,10576
2026-02-03 14:00:00,0,0.5020712681604954,0.4979287318395046,Sell,61.91582,62.44003,61.708115,62.05429,24517
2026-02-03 15:00:00,0,0.4596101810287463,0.5403898189712537,Hold,62.0444,62.281776,61.836697,62.05429,16430
2026-02-03 16:00:00,0,0.3966434551275401,0.6033565448724598,Hold,62.05429,62.31145,61.836697,61.985058,22939
2026-02-03 17:00:00,0,0.3503568376773933,0.6496431623226067,Hold,61.985058,63.04336,61.836697,62.44992,48073
2026-02-03 18:00:00,0,0.3199708063330096,0.6800291936669904,Hold,62.44992,62.667515,61.91582,62.400467,19374
2026-02-03 19:00:00,0,0.2820266346183338,0.7179733653816662,Hold,62.400467,62.87522,62.01473,62.7862,20202
2026-02-03 20:00:00,0,0.2713072485106364,0.7286927514893635,Hold,62.776314,63.508224,62.766422,63.379646,10572
2026-02-03 21:00:00,0,0.2982316709345215,0.7017683290654785,Hold,63.389538,63.44888,62.845547,63.201614,6413
2026-02-03 23:00:00,0,0.28940466431294826,0.7105953356870518,Hold,63.102707,63.14227,62.934563,63.063145,1314
2026-02-04 00:00:00,0,0.3034861969068552,0.6965138030931448,Hold,63.053253,63.201614,63.02358,63.063145,1014
2026-02-04 01:00:00,0,0.3336337595979349,0.6663662404020652,Hold,63.073032,63.468662,62.776314,63.34997,4702
2026-02-04 02:00:00,0,0.3653926774259498,0.6346073225740503,Hold,63.34997,63.43899,62.845547,62.964237,3441
2026-02-04 03:00:00,0,0.3834355165925227,0.6165644834074773,Hold,62.964237,63.18183,62.88511,63.14227,1982
2026-02-04 04:00:00,0,0.41523735824274793,0.584762641757252,Hold,63.14227,63.201614,63.073032,63.14227,890
2026-02-04 05:00:00,0,0.47788793324681106,0.5221120667531889,Hold,63.14227,63.16205,63.04336,63.053253,1214
2026-02-04 06:00:00,0,0.5109101470139882,0.4890898529860118,Sell,63.053253,63.132378,62.934563,63.03347,1496
2026-02-04 07:00:00,0,0.5650749361721832,0.4349250638278168,Sell,63.04336,63.1126,62.568607,62.667515,4878
2026-02-04 08:00:00,0,0.5628682274829775,0.4371317725170225,Sell,62.667515,63.0038,62.261997,62.47959,8853
2026-02-04 09:00:00,0,0.5829203048178976,0.4170796951821024,Sell,62.47959,63.082924,62.390575,63.04336,7624
2026-02-04 10:00:00,0,0.5877624055832102,0.41223759441678975,Sell,63.03347,63.092815,62.74664,62.835655,4665
2026-02-04 11:00:00,0,0.592955087554525,0.407044912445475,Sell,62.835655,62.835655,62.568607,62.61806,4390
2026-02-04 12:00:00,0,0.5922229497506114,0.4077770502493886,Sell,62.60817,62.914783,62.538937,62.707077,5190
2026-02-04 13:00:00,0,0.5821768500608735,0.4178231499391265,Sell,62.707077,62.796093,62.17298,62.202652,11088
2026-02-04 14:00:00,0,0.5549051927989123,0.44509480720108774,Sell,62.212543,62.805984,62.17298,62.5785,18877
2026-02-04 15:00:00,0,0.5156358689274344,0.4843641310725656,Sell,62.558716,62.944454,62.34112,62.61806,19844
2026-02-04 16:00:00,0,0.4513686696728085,0.5486313303271915,Hold,62.627953,62.87522,62.291668,62.845547,14034
2026-02-04 17:00:00,0,0.3816776647565166,0.6183223352434835,Hold,62.835655,64.8138,62.796093,64.41817,63284
2026-02-04 18:00:00,0,0.3220345587033066,0.6779654412966933,Hold,64.42806,64.67533,63.933525,64.34894,29415
2026-02-04 19:00:00,0,0.3077879626745323,0.6922120373254677,Hold,64.329155,64.74456,62.934563,63.528008,48367
2026-02-04 20:00:00,0,0.3064066577579745,0.6935933422420255,Hold,63.537895,63.923634,63.468662,63.607132,6573
2026-02-04 21:00:00,0,0.3176758801650468,0.6823241198349532,Hold,63.617023,63.84451,63.55768,63.765385,2439
2026-02-04 23:00:00,0,0.3166428586953416,0.6833571413046584,Hold,63.785164,63.943417,63.31041,63.71593,2152
2026-02-05 00:00:00,0,0.3141358004165326,0.6858641995834673,Hold,63.70604,63.923634,63.636803,63.686256,1599
2026-02-05 01:00:00,0,0.36074797544418263,0.6392520245558173,Hold,63.686256,63.81484,63.379646,63.379646,5089
2026-02-05 02:00:00,0,0.4016436512937609,0.5983563487062391,Hold,63.389538,63.4291,62.895,62.993908,7465
2026-02-05 03:00:00,0,0.4176253440702377,0.5823746559297622,Hold,63.0038,63.29063,62.7862,63.14227,3779
2026-02-05 04:00:00,0,0.45674851832144064,0.5432514816785594,Hold,63.14227,63.191723,62.974125,63.082924,1519
2026-02-05 05:00:00,0,0.48890355635625277,0.5110964436437473,Hold,63.063145,63.18183,62.904892,63.0038,2136
2026-02-05 06:00:00,0,0.5154164051371577,0.4845835948628423,Sell,63.0038,63.260956,62.993908,63.16205,1492
2026-02-05 07:00:00,0,0.5483855476268664,0.4516144523731336,Sell,63.18183,63.41921,63.102707,63.330193,3859
2026-02-05 08:00:00,0,0.5478157738940549,0.4521842261059451,Sell,63.330193,63.547787,63.25107,63.41921,5406
2026-02-05 09:00:00,1,0.562244433810929,0.43775556618907097,Sell,63.41921,63.70604,63.260956,63.488445,6403
2026-02-05 10:00:00,0,0.5703547988966177,0.42964520110338233,Sell,63.478554,63.71593,63.41921,63.44888,4930
2026-02-05 11:00:00,1,0.5650807359156899,0.43491926408431014,Sell,63.43899,63.84451,63.369755,63.84451,7326
2026-02-05 12:00:00,0,0.5964481486234399,0.40355185137656013,Sell,63.8544,63.963196,62.88511,63.122486,13258
2026-02-05 13:00:00,0,0.5971099399374186,0.40289006006258143,Sell,63.1126,63.31041,62.538937,62.657623,16501
2026-02-05 14:00:00,0,0.5591431196255778,0.44085688037442217,Sell,62.667515,62.984016,62.33123,62.86533,26614
2026-02-05 15:00:00,0,0.5197237692768674,0.48027623072313264,Sell,62.85544,62.895,61.965275,62.33123,23228
2026-02-05 16:00:00,0,0.4650820021700021,0.5349179978299978,Hold,62.34112,62.895,62.074074,62.88511,20449
2026-02-05 17:00:00,0,0.42669638527345904,0.5733036147265409,Hold,62.895,63.17194,62.687298,62.904892,11735
2026-02-05 18:00:00,0,0.3417359105628643,0.6582640894371357,Hold,62.895,62.993908,62.60817,62.687298,9613
2026-02-05 19:00:00,0,0.32267354777590523,0.6773264522240947,Hold,62.687298,62.7862,62.242214,62.499374,19610
2026-02-05 20:00:00,0,0.3249774693546268,0.6750225306453732,Hold,62.499374,62.75653,62.4697,62.58839,3757
2026-02-05 21:00:00,0,0.3421509328215198,0.6578490671784802,Hold,62.5785,62.61806,62.32134,62.430138,2936
2026-02-05 23:00:00,0,0.34462719723005436,0.6553728027699457,Hold,62.410355,62.44992,62.004837,62.133415,1557
2026-02-06 00:00:00,0,0.3770742452656982,0.6229257547343018,Hold,62.123528,62.31145,61.62899,62.212543,4624
2026-02-06 01:00:00,0,0.41547080810910775,0.5845291918908923,Hold,62.232323,62.430138,61.925713,62.351013,5134
2026-02-06 02:00:00,0,0.3922765426182785,0.6077234573817215,Hold,62.360905,63.15216,62.32134,62.657623,7475
2026-02-06 03:00:00,0,0.4247730352760744,0.5752269647239256,Hold,62.637844,62.924675,62.627953,62.914783,1672
2026-02-06 04:00:00,0,0.45807713221844365,0.5419228677815564,Hold,62.904892,63.03347,62.895,62.944454,1292
2026-02-06 05:00:00,0,0.5171654281784608,0.4828345718215392,Sell,62.954346,63.56757,62.914783,63.389538,4564
2026-02-06 06:00:00,0,0.5214160978096588,0.4785839021903412,Sell,63.399426,63.646694,63.28074,63.389538,4107
2026-02-06 07:00:00,1,0.548466499616224,0.45153350038377604,Sell,63.379646,63.56757,63.3203,63.478554,3874
2026-02-06 08:00:00,0,0.5843055179329789,0.4156944820670211,Sell,63.488445,63.498333,62.954346,63.379646,10792
2026-02-06 09:00:00,1,0.5838838274346903,0.41611617256530975,Sell,63.389538,63.87418,63.201614,63.488445,21487
2026-02-06 10:00:00,0,0.6034508216408125,0.39654917835918746,Sell,63.478554,63.488445,62.5785,62.707077,9842
2026-02-06 11:00:00,0,0.5698179206630098,0.43018207933699015,Sell,62.71697,62.944454,62.123528,62.529045,13515
2026-02-06 12:00:00,0,0.5699773091145239,0.43002269088547607,Sell,62.529045,62.538937,61.975166,62.33123,10969
2026-02-06 13:00:00,0,0.5573967053589893,0.44260329464101067,Sell,62.32134,62.924675,61.52019,61.708115,31654
2026-02-06 14:00:00,0,0.5586271116010457,0.4413728883989543,Sell,61.688335,62.954346,61.579536,62.835655,30046
2026-02-06 15:00:00,0,0.5024390176095669,0.4975609823904331,Sell,62.845547,63.478554,62.776314,63.330193,29286
2026-02-06 16:00:00,0,0.4482507696924154,0.5517492303075846,Hold,63.330193,63.547787,63.102707,63.45877,13947
2026-02-06 17:00:00,0,0.4019918104639399,0.59800818953606,Hold,63.45877,63.686256,63.389538,63.58735,11771
2026-02-06 18:00:00,0,0.36363109684610007,0.6363689031538999,Hold,63.59724,63.666477,63.132378,63.28074,15775
2026-02-06 19:00:00,0,0.36103834321206413,0.6389616567879359,Hold,63.29063,63.29063,62.687298,62.71697,21425
2026-02-06 20:00:00,0,0.36074335814983527,0.6392566418501647,Hold,62.71697,62.805984,62.5785,62.776314,5501
2026-02-06 21:00:00,0,0.35779666043792624,0.6422033395620738,Hold,62.7862,62.85544,62.64773,62.805984,3165
2026-02-08 23:00:00,0,0.3046700751276463,0.6953299248723537,Hold,62.30156,62.489483,61.935604,62.261997,5933
2026-02-09 00:00:00,0,0.29080647808822124,0.7091935219117788,Hold,62.261997,62.47959,62.18287,62.420246,1278
2026-02-09 01:00:00,0,0.31362082516523376,0.6863791748347663,Hold,62.420246,62.598278,62.360905,62.529045,2094
2026-02-09 02:00:00,0,0.32942830965405434,0.6705716903459457,Hold,62.529045,62.60817,62.16309,62.271885,2520
2026-02-09 03:00:00,0,0.3767796078572549,0.623220392142745,Hold,62.271885,62.370792,62.202652,62.291668,1367
2026-02-09 04:00:00,0,0.3959085565041129,0.6040914434958871,Hold,62.291668,62.33123,62.19276,62.261997,944
2026-02-09 05:00:00,0,0.43297773380168786,0.5670222661983122,Hold,62.252106,62.32134,62.08396,62.212543,1534
2026-02-09 06:00:00,0,0.4531857296205373,0.5468142703794627,Hold,62.19276,62.291668,62.113636,62.19276,1336
2026-02-09 07:00:00,0,0.5073722308885984,0.4926277691114016,Sell,62.18287,62.202652,61.994946,62.0444,3179
2026-02-09 08:00:00,0,0.49477634981183377,0.5052236501881662,Hold,62.05429,62.44003,62.0444,62.212543,5610
2026-02-09 09:00:00,0,0.5249659718818145,0.4750340281181855,Sell,62.222435,62.529045,62.064182,62.212543,6113
2026-02-09 10:00:00,0,0.5371785886975814,0.4628214113024186,Sell,62.212543,63.191723,62.16309,63.17194,9597
2026-02-09 11:00:00,0,0.522124459406572,0.47787554059342796,Sell,63.16205,63.17194,62.815876,63.132378,5510
2026-02-09 12:00:00,0,0.5187615142652485,0.4812384857347515,Sell,63.14227,63.221394,62.984016,63.04336,3836
2026-02-09 13:00:00,0,0.548403830816518,0.451596169183482,Sell,63.04336,63.053253,62.499374,62.538937,8597
2026-02-09 14:00:00,0,0.48378735440391035,0.5162126455960896,Hold,62.529045,63.617023,62.370792,63.369755,22188
2026-02-09 15:00:00,0,0.4295974076759533,0.5704025923240468,Hold,63.359863,63.528008,63.25107,63.468662,12000
2026-02-09 16:00:00,0,0.38585369187577767,0.6141463081242223,Hold,63.468662,64.1709,63.359863,64.14123,16180
2026-02-09 17:00:00,0,0.36382443891455346,0.6361755610854465,Hold,64.14123,64.1709,63.84451,64.052216,9344
2026-02-09 18:00:00,0,0.3049924384855763,0.6950075615144238,Hold,64.072,64.072,63.686256,63.795055,8717
2026-02-09 19:00:00,0,0.2985023628855025,0.7014976371144974,Hold,63.785164,63.804947,63.498333,63.547787,14631
2026-02-09 20:00:00,0,0.29770520188494076,0.7022947981150592,Hold,63.55768,63.636803,63.508224,63.58735,2703
2026-02-09 21:00:00,0,0.2984051212678783,0.7015948787321217,Hold,63.59724,63.765385,63.59724,63.71593,1993
2026-02-09 23:00:00,0,0.3030228808349008,0.6969771191650992,Hold,63.73571,63.795055,63.607132,63.70604,876
2026-02-10 00:00:00,0,0.2809128509501155,0.7190871490498845,Hold,63.696148,63.696148,63.55768,63.607132,648
2026-02-10 01:00:00,0,0.32010418015368314,0.6798958198463169,Hold,63.607132,63.636803,63.17194,63.57746,3680
2026-02-10 02:00:00,0,0.30942532665407163,0.6905746733459284,Hold,63.58735,63.656586,63.498333,63.58735,1191
2026-02-10 03:00:00,0,0.3866808449057079,0.613319155094292,Hold,63.58735,63.607132,63.379646,63.498333,2001
2026-02-10 04:00:00,0,0.4350493669570574,0.5649506330429426,Hold,63.488445,63.547787,63.44888,63.498333,935
2026-02-10 05:00:00,0,0.49111473056937943,0.5088852694306205,Hold,63.498333,63.56757,63.369755,63.389538,1660
2026-02-10 06:00:00,0,0.5103961812764253,0.4896038187235747,Sell,63.389538,63.72582,63.369755,63.656586,2566
2026-02-10 07:00:00,0,0.5351947724368733,0.4648052275631267,Sell,63.656586,63.72582,63.488445,63.617023,2719
2026-02-10 08:00:00,0,0.5420858582211848,0.4579141417788152,Sell,63.59724,63.923634,63.379646,63.903854,5963
2026-02-10 09:00:00,0,0.5814228119882613,0.4185771880117387,Sell,63.903854,63.98298,63.41921,63.4291,5739
2026-02-10 10:00:00,0,0.5719230515251229,0.4280769484748771,Sell,63.43899,63.765385,63.3203,63.636803,5267
2026-02-10 11:00:00,0,0.5801821316405577,0.41981786835944235,Sell,63.636803,63.95331,63.58735,63.88407,4562
2026-02-10 12:00:00,0,0.5896860655328643,0.4103139344671357,Sell,63.88407,63.893963,63.547787,63.7456,4499
2026-02-10 13:00:00,0,0.5411729077796252,0.45882709222037477,Sell,63.7456,64.00276,63.666477,63.804947,6787
2026-02-10 14:00:00,0,0.5424384760132046,0.4575615239867954,Sell,63.804947,63.963196,63.4291,63.804947,16361
2026-02-10 15:00:00,0,0.5424001664435874,0.45759983355641265,Sell,63.824726,63.963196,63.41921,63.498333,14070
2026-02-10 16:00:00,0,0.45912092667683413,0.5408790733231659,Hold,63.488445,63.498333,63.082924,63.28074,14018
2026-02-10 17:00:00,0,0.3905288356506203,0.6094711643493798,Hold,63.270847,63.58735,63.17194,63.369755,8394
2026-02-10 18:00:00,0,0.3433637993065119,0.656636200693488,Hold,63.369755,63.379646,62.954346,63.14227,15806
2026-02-10 19:00:00,0,0.3373802117403925,0.6626197882596074,Hold,63.14227,63.498333,63.092815,63.43899,12866
2026-02-10 20:00:00,0,0.29364054742612616,0.7063594525738739,Hold,63.43899,63.7456,63.3203,63.59724,8920
2026-02-10 21:00:00,0,0.32101343643498986,0.6789865635650101,Hold,63.607132,63.617023,63.4291,63.498333,3256
2026-02-10 23:00:00,0,0.3042114032467832,0.6957885967532168,Hold,63.498333,63.636803,63.44888,63.607132,969
2026-02-11 00:00:00,0,0.3175008715775829,0.6824991284224171,Hold,63.617023,63.636803,63.518116,63.537895,610
2026-02-11 01:00:00,0,0.32314737804477384,0.6768526219552262,Hold,63.547787,63.686256,63.468662,63.646694,1630
2026-02-11 02:00:00,0,0.3511003767025453,0.6488996232974547,Hold,63.646694,63.923634,63.626915,63.834618,2260
2026-02-11 03:00:00,0,0.39807507960917515,0.6019249203908248,Hold,63.834618,63.864292,63.7456,63.804947,1226
2026-02-11 04:00:00,0,0.4514589450598264,0.5485410549401736,Hold,63.804947,63.824726,63.70604,63.71593,718
2026-02-11 05:00:00,0,0.492808210871355,0.507191789128645,Hold,63.71593,63.73571,63.59724,63.646694,2032
2026-02-11 06:00:00,0,0.5358987138510055,0.4641012861489945,Sell,63.656586,63.7456,63.636803,63.73571,1372
2026-02-11 07:00:00,0,0.5793787522656637,0.4206212477343363,Sell,63.7456,63.98298,63.67637,63.824726,3468
2026-02-11 08:00:00,0,0.6059704970188411,0.3940295029811589,Sell,63.824726,64.240135,63.824726,64.08189,7179
2026-02-11 09:00:00,0,0.6070956998560645,0.3929043001439355,Sell,64.08189,64.269806,64.01265,64.13134,3923
2026-02-11 10:00:00,0,0.6027459148282569,0.3972540851717431,Sell,64.12145,64.22035,64.022545,64.19068,3602
2026-02-11 11:00:00,0,0.5933728244425662,0.4066271755574338,Sell,64.19068,64.705,64.16101,64.665436,6717
2026-02-11 12:00:00,0,0.5654570413795786,0.43454295862042136,Sell,64.67533,64.77424,64.210464,64.71489,9376
2026-02-11 13:00:00,0,0.5756289208346586,0.42437107916534145,Sell,64.705,64.85336,64.53686,64.74456,11172
2026-02-11 14:00:00,1,0.5344844509404469,0.46551554905955306,Sell,64.74456,65.11052,64.71489,64.84347,16368
2026-02-11 15:00:00,0,0.5042045140607346,0.49579548593926537,Sell,64.84347,64.86325,64.072,64.25992,20762
2026-02-11 16:00:00,0,0.42283829789629324,0.5771617021037068,Hold,64.25992,64.58631,64.11156,64.358826,14099
2026-02-11 17:00:00,0,0.4011624170674294,0.5988375829325706,Hold,64.358826,64.43795,64.052216,64.16101,11515
2026-02-11 18:00:00,0,0.34708769454690674,0.6529123054530932,Hold,64.15112,64.41817,63.73571,63.973087,14644
2026-02-11 19:00:00,0,0.3263972488693342,0.6736027511306658,Hold,63.973087,64.39839,63.785164,64.16101,29127
2026-02-11 20:00:00,0,0.31639444243286674,0.6836055575671333,Hold,64.16101,64.329155,64.13134,64.28959,3677
2026-02-11 21:00:00,0,0.3283167648283505,0.6716832351716495,Hold,64.299484,64.329155,64.18079,64.18079,1423
2026-02-11 23:00:00,0,0.31723871669741927,0.6827612833025807,Hold,64.16101,64.23025,64.091774,64.19068,792
2026-02-12 00:00:00,0,0.2929618662942166,0.7070381337057834,Hold,64.20058,64.299484,64.20058,64.25992,644
2026-02-12 01:00:00,0,0.3348124537965502,0.6651875462034498,Hold,64.25992,64.31926,64.072,64.18079,2126
2026-02-12 02:00:00,0,0.35683538951781046,0.6431646104821895,Hold,64.19068,64.240135,64.11156,64.20058,1105
2026-02-12 03:00:00,0,0.40714402495536417,0.5928559750446358,Hold,64.20058,64.30937,64.16101,64.2797,1065
2026-02-12 04:00:00,0,0.4488302044927413,0.5511697955072588,Hold,64.25992,64.3885,64.240135,64.269806,1022
2026-02-12 05:00:00,0,0.5107129313822709,0.4892870686177291,Sell,64.269806,64.2797,63.99287,64.20058,2247
2026-02-12 06:00:00,0,0.5378056873041007,0.4621943126958993,Sell,64.210464,64.22035,63.933525,64.12145,1718
2026-02-12 07:00:00,1,0.5668032946080228,0.4331967053919772,Sell,64.10167,64.20058,64.022545,64.13134,2106
2026-02-12 08:00:00,1,0.5793476556237588,0.4206523443762412,Sell,64.14123,64.33904,63.98298,64.269806,4778
2026-02-12 09:00:00,0,0.5981996319643093,0.40180036803569075,Sell,64.2797,64.33904,63.646694,63.765385,7529
2026-02-12 10:00:00,1,0.5789986152943495,0.4210013847056505,Sell,63.765385,63.81484,63.478554,63.72582,5094
2026-02-12 11:00:00,1,0.5715567636916024,0.42844323630839765,Sell,63.73571,63.943417,63.59724,63.795055,3817
2026-02-12 12:00:00,1,0.5780128084819415,0.4219871915180585,Sell,63.804947,63.923634,63.656586,63.71593,5009
2026-02-12 13:00:00,1,0.5890021895559183,0.4109978104440817,Sell,63.71593,63.903854,63.260956,63.537895,11782
2026-02-12 14:00:00,1,0.5830824554395747,0.4169175445604253,Sell,63.547787,63.70604,63.201614,63.260956,13224
2026-02-12 15:00:00,1,0.5262462670764422,0.4737537329235578,Sell,63.260956,63.41921,62.825768,62.924675,19486
2026-02-12 16:00:00,0,0.470302835387552,0.529697164612448,Hold,62.924675,62.964237,62.02462,62.08396,30979
2026-02-12 17:00:00,0,0.41186609432971216,0.5881339056702879,Hold,62.08396,62.252106,61.856476,61.94549,15786
2026-02-12 18:00:00,0,0.35716905021474216,0.6428309497852578,Hold,61.94549,62.103745,61.90593,61.985058,12218
2026-02-12 19:00:00,0,0.32845638705865066,0.6715436129413493,Hold,61.975166,62.380684,61.708115,62.261997,25847
2026-02-12 20:00:00,0,0.32138288022792677,0.6786171197720732,Hold,62.261997,62.271885,62.133415,62.242214,2898
2026-02-12 21:00:00,0,0.3202075619623339,0.6797924380376661,Hold,62.232323,62.30156,62.143307,62.222435,1872
2026-02-12 23:00:00,0,0.3202765387819772,0.6797234612180227,Hold,62.30156,62.30156,62.113636,62.16309,953
2026-02-13 00:00:00,0,0.34817380408785564,0.6518261959121443,Hold,62.17298,62.291668,62.123528,62.18287,832
2026-02-13 01:00:00,0,0.39525551464798936,0.6047444853520106,Hold,62.18287,62.32134,62.074074,62.16309,3075
2026-02-13 02:00:00,0,0.3977488996039918,0.6022511003960083,Hold,62.17298,62.212543,62.02462,62.093853,1765
2026-02-13 03:00:00,0,0.43483475211658773,0.5651652478834123,Hold,62.08396,62.133415,61.975166,62.01473,1195
2026-02-13 04:00:00,0,0.47502502001114527,0.5249749799888548,Hold,62.02462,62.113636,62.01473,62.074074,762
2026-02-13 05:00:00,0,0.5300995638664352,0.4699004361335648,Sell,62.064182,62.08396,61.91582,61.935604,1198
2026-02-13 06:00:00,0,0.5652511127161883,0.43474888728381167,Sell,61.935604,62.17298,61.925713,62.143307,1154
2026-02-13 07:00:00,0,0.601201589467279,0.398798410532721,Sell,62.133415,62.1532,61.975166,61.994946,2277
2026-02-13 08:00:00,0,0.5881789256470962,0.4118210743529038,Sell,62.004837,62.351013,61.856476,62.222435,5200
2026-02-13 09:00:00,1,0.5662287764183307,0.4337712235816693,Sell,62.232323,62.47959,62.074074,62.410355,4332
2026-02-13 10:00:00,1,0.570115091169,0.42988490883099995,Sell,62.420246,62.568607,62.222435,62.4697,4208
2026-02-13 11:00:00,0,0.5876010373041148,0.41239896269588516,Sell,62.45981,62.45981,61.46085,61.708115,14895
2026-02-13 12:00:00,0,0.5843048602864848,0.41569513971351524,Sell,61.708115,61.94549,61.6191,61.896038,6017
2026-02-13 13:00:00,0,0.5403543851112702,0.4596456148887298,Sell,61.90593,62.360905,61.88615,62.271885,7931
2026-02-13 14:00:00,0,0.5288831283763433,0.4711168716236567,Sell,62.281776,62.281776,61.648773,61.985058,14873
2026-02-13 15:00:00,0,0.466045528256328,0.5339544717436719,Hold,61.994946,62.281776,61.866367,62.02462,11171
2026-02-13 16:00:00,0,0.42136204982569675,0.5786379501743033,Hold,62.01473,62.271885,61.75757,61.975166,10859
2026-02-13 17:00:00,0,0.3688960056615472,0.6311039943384529,Hold,61.975166,62.519154,61.955383,62.420246,8568
2026-02-13 18:00:00,0,0.33392153145441034,0.6660784685455896,Hold,62.430138,62.499374,62.291668,62.32134,6726
2026-02-13 19:00:00,0,0.3272646863825295,0.6727353136174705,Hold,62.33123,62.34112,62.01473,62.01473,13868
2026-02-13 20:00:00,0,0.3412813370759834,0.6587186629240166,Hold,62.01473,62.103745,61.698227,62.05429,5364
2026-02-13 21:00:00,0,0.33363266632012273,0.6663673336798772,Hold,62.05429,62.261997,62.05429,62.123528,1981
2026-02-15 23:00:00,0,0.2835555372170222,0.7164444627829778,Hold,62.60817,62.60817,62.08396,62.212543,1828
2026-02-16 00:00:00,0,0.27603907629321395,0.7239609237067861,Hold,62.212543,62.252106,62.143307,62.17298,324
2026-02-16 01:00:00,0,0.318904452999713,0.6810955470002871,Hold,62.17298,62.242214,62.143307,62.18287,494
2026-02-16 02:00:00,0,0.3173025084054945,0.6826974915945054,Hold,62.17298,62.271885,62.074074,62.212543,646
2026-02-16 03:00:00,0,0.3720484123975181,0.6279515876024819,Hold,62.212543,62.281776,62.133415,62.222435,931
2026-02-16 04:00:00,0,0.4200915143855364,0.5799084856144636,Hold,62.232323,62.281776,62.19276,62.222435,1059
2026-02-16 05:00:00,0,0.4800875130013375,0.5199124869986624,Hold,62.232323,62.281776,62.1532,62.18287,431
2026-02-16 06:00:00,0,0.5009440622288047,0.4990559377711953,Sell,62.17298,62.291668,62.143307,62.222435,651
2026-02-16 07:00:00,0,0.5514402743969044,0.44855972560309565,Sell,62.212543,62.252106,62.064182,62.093853,1541
2026-02-16 08:00:00,0,0.5680995961886858,0.4319004038113142,Sell,62.103745,62.133415,61.807022,61.87626,2232
2026-02-16 09:00:00,0,0.5536106573313315,0.4463893426686685,Sell,61.87626,62.17298,61.836697,61.84659,2782
2026-02-16 10:00:00,0,0.5961578477662033,0.4038421522337967,Sell,61.84659,62.360905,61.826805,62.261997,5720
2026-02-16 11:00:00,0,0.5825965840819228,0.41740341591807717,Sell,62.271885,62.360905,62.16309,62.222435,2286
2026-02-16 12:00:00,0,0.5783120208419708,0.42168797915802925,Sell,62.212543,62.420246,62.143307,62.34112,1924
2026-02-16 13:00:00,0,0.5670012768876053,0.43299872311239473,Sell,62.34112,62.489483,62.261997,62.400467,2021
2026-02-16 14:00:00,0,0.5183196997809586,0.4816803002190414,Sell,62.370792,62.85544,62.30156,62.766422,5477
2026-02-16 15:00:00,0,0.4702347265665525,0.5297652734334475,Hold,62.766422,62.88511,62.529045,62.845547,4085
2026-02-16 16:00:00,0,0.42128379482828865,0.5787162051717114,Hold,62.85544,63.03347,62.74664,62.835655,4599
2026-02-16 17:00:00,0,0.36250382398882847,0.6374961760111715,Hold,62.835655,63.122486,62.7862,63.1126,3197
2026-02-16 18:00:00,0,0.3296480738310377,0.6703519261689623,Hold,63.102707,63.17194,63.02358,63.073032,2007
2026-02-16 19:00:00,0,0.3161651174390824,0.6838348825609176,Hold,63.082924,63.102707,62.993908,63.03347,1169
2026-02-16 23:00:00,0,0.3246608536050984,0.6753391463949017,Hold,63.053253,63.073032,62.944454,63.053253,451
2026-02-17 00:00:00,0,0.33394366049136304,0.666056339508637,Hold,63.04336,63.073032,62.954346,62.974125,495
2026-02-17 01:00:00,0,0.3598795362888309,0.640120463711169,Hold,62.964237,63.073032,62.88511,62.924675,1137
2026-02-17 02:00:00,0,0.3507585869276601,0.6492414130723398,Hold,62.914783,62.984016,62.85544,62.85544,428
2026-02-17 03:00:00,0,0.39411432851488626,0.6058856714851137,Hold,62.85544,62.904892,62.7862,62.85544,643
2026-02-17 04:00:00,0,0.4198363822272455,0.5801636177727545,Hold,62.845547,62.87522,62.75653,62.815876,341
2026-02-17 05:00:00,0,0.4603947612033719,0.5396052387966281,Hold,62.825768,62.825768,62.667515,62.687298,539
2026-02-17 06:00:00,0,0.5055507509805578,0.4944492490194422,Sell,62.687298,62.71697,62.627953,62.64773,1282
2026-02-17 07:00:00,0,0.5431733262289906,0.4568266737710094,Sell,62.657623,62.677406,62.45981,62.509262,1554
2026-02-17 08:00:00,0,0.5621456428442947,0.4378543571557053,Sell,62.509262,62.5785,62.291668,62.410355,2854
2026-02-17 09:00:00,0,0.5868549048002146,0.4131450951997854,Sell,62.400467,62.637844,62.31145,62.598278,2339
2026-02-17 10:00:00,0,0.5720062793987238,0.42799372060127616,Sell,62.598278,62.964237,62.509262,62.944454,4239
2026-02-17 11:00:00,1,0.5777383628719543,0.42226163712804565,Sell,62.934563,63.43899,62.904892,63.15216,11023
2026-02-17 12:00:00,1,0.5887711883616039,0.4112288116383961,Sell,63.16205,63.241177,62.845547,62.914783,5983
2026-02-17 13:00:00,0,0.5581415787359907,0.4418584212640093,Sell,62.914783,62.954346,61.648773,61.76746,24919
2026-02-17 14:00:00,0,0.4823722116154009,0.5176277883845991,Hold,61.75757,62.31145,61.688335,61.807022,14009
2026-02-17 15:00:00,0,0.47115769687026554,0.5288423031297345,Hold,61.807022,62.18287,61.193798,61.35205,14107
2026-02-17 16:00:00,0,0.39393114173578864,0.6060688582642113,Hold,61.35205,61.816914,61.32238,61.688335,10479
2026-02-17 17:00:00,0,0.3748207932507488,0.6251792067492512,Hold,61.688335,61.698227,61.253143,61.530083,6989
2026-02-17 18:00:00,0,0.3203168152815129,0.6796831847184871,Hold,61.539974,61.84659,61.49052,61.718006,7813
2026-02-17 19:00:00,0,0.29568759433319447,0.7043124056668055,Hold,61.718006,61.816914,61.48063,61.579536,12749
2026-02-17 20:00:00,0,0.2942913483244854,0.7057086516755147,Hold,61.579536,61.718006,61.549866,61.569645,4117
2026-02-17 21:00:00,0,0.29292223899810577,0.7070777610018942,Hold,61.579536,61.678444,61.510303,61.6191,1656
2026-02-17 23:00:00,0,0.321396051193527,0.678603948806473,Hold,61.6191,61.62899,61.441067,61.569645,243
2026-02-18 00:00:00,0,0.3290233831100907,0.6709766168899093,Hold,61.579536,61.668552,61.52019,61.549866,256
2026-02-18 01:00:00,0,0.34426308946922823,0.6557369105307718,Hold,61.549866,61.688335,61.549866,61.648773,362
2026-02-18 02:00:00,0,0.3420878414322951,0.6579121585677049,Hold,61.668552,61.74768,61.6191,61.698227,257
2026-02-18 03:00:00,0,0.4178561323103797,0.5821438676896202,Hold,61.678444,61.836697,61.678444,61.807022,220
2026-02-18 04:00:00,0,0.4708578023011704,0.5291421976988295,Hold,61.816914,61.896038,61.816914,61.88615,228
2026-02-18 05:00:00,0,0.5015951534646941,0.4984048465353059,Sell,61.88615,61.896038,61.73779,61.75757,382
2026-02-18 06:00:00,0,0.5292641600067884,0.47073583999321156,Sell,61.75757,61.91582,61.688335,61.75757,332
2026-02-18 07:00:00,0,0.5794697926383818,0.42053020736161817,Sell,61.73779,61.866367,61.727898,61.816914,229
2026-02-18 08:00:00,0,0.580648531055172,0.419351468944828,Sell,61.826805,62.05429,61.77735,61.77735,699
2026-02-18 09:00:00,0,0.6064642391108704,0.39353576088912956,Sell,61.77735,62.02462,61.74768,61.826805,695
2026-02-18 10:00:00,0,0.5821463437822317,0.41785365621776827,Sell,61.856476,62.44992,61.856476,62.380684,1301
2026-02-18 11:00:00,0,0.5617312381513077,0.43826876184869235,Sell,62.380684,62.974125,62.370792,62.974125,1483
2026-02-18 12:00:00,0,0.5364308182269018,0.46356918177309825,Sell,62.974125,63.488445,62.805984,63.369755,2642
2026-02-18 13:00:00,0,0.5449374765285752,0.45506252347142484,Sell,63.369755,63.44888,63.132378,63.211502,2338
2026-02-18 14:00:00,0,0.5083995938991336,0.4916004061008664,Sell,63.201614,63.84451,63.053253,63.67637,3951
2026-02-18 15:00:00,0,0.4744517626282638,0.5255482373717362,Hold,63.67637,63.71593,63.468662,63.617023,3179
2026-02-18 16:00:00,0,0.4215491063679923,0.5784508936320076,Hold,63.626915,64.091774,63.537895,63.98298,4462
2026-02-18 17:00:00,0,0.4021434950224925,0.5978565049775075,Hold,63.98298,64.43795,63.893963,64.39839,3006
2026-02-18 18:00:00,0,0.3716721263072086,0.6283278736927914,Hold,64.3885,64.517075,64.0621,64.477516,3450
2026-02-18 19:00:00,0,0.3463363766185817,0.6536636233814184,Hold,64.487404,64.73467,64.23025,64.447845,4536
2026-02-18 20:00:00,0,0.3483619193668616,0.6516380806331383,Hold,64.46762,64.84347,64.43795,64.665436,1601
2026-02-18 21:00:00,0,0.34549466165025644,0.6545053383497436,Hold,64.65555,64.71489,64.23025,64.36871,707
2026-02-18 23:00:00,0,0.3501078430722793,0.6498921569277207,Hold,64.3885,64.705,64.1709,64.40828,1241
2026-02-19 00:00:00,0,0.3470087407974262,0.6529912592025737,Hold,64.40828,64.46771,64.29932,64.42809,1287
2026-02-19 01:00:00,0,0.3666477485468362,0.6333522514531638,Hold,64.42809,64.55687,64.30922,64.54696,2268
2026-02-19 02:00:00,0,0.35980877172682846,0.6401912282731715,Hold,64.55687,64.685646,64.50734,64.65593,2792
2026-02-19 03:00:00,0,0.43705241695715524,0.5629475830428448,Hold,64.65593,64.79461,64.636116,64.735176,2191
2026-02-19 04:00:00,0,0.47635773456148883,0.5236422654385111,Hold,64.74508,64.80452,64.537056,64.59649,2182
2026-02-19 05:00:00,0,0.5144605977025701,0.48553940229742987,Sell,64.6064,64.70546,64.57668,64.6163,1387
2026-02-19 06:00:00,0,0.5337363606718484,0.4662636393281516,Sell,64.62621,64.69555,64.55687,64.6163,1046
2026-02-19 07:00:00,0,0.5908331419344969,0.4091668580655031,Sell,64.62621,65.20075,64.6064,65.161125,6420
2026-02-19 08:00:00,0,0.5917997414287196,0.4082002585712804,Sell,65.15122,65.62671,65.00263,65.57718,11634
2026-02-19 09:00:00,0,0.6020621705637391,0.3979378294362609,Sell,65.57718,65.64652,65.03235,65.14132,11581
2026-02-19 10:00:00,0,0.6136490818483714,0.3863509181516286,Sell,65.13141,65.42859,64.99273,65.34934,7042
2026-02-19 11:00:00,0,0.6057912807173186,0.3942087192826814,Sell,65.359245,65.66633,65.19085,65.408775,7269
2026-02-19 12:00:00,0,0.6115210697427337,0.3884789302572663,Sell,65.418686,65.53755,65.32953,65.458305,6429
2026-02-19 13:00:00,0,0.6132592177946119,0.3867407822053881,Sell,65.458305,65.943695,65.34934,65.7852,18571
2026-02-19 14:00:00,0,0.5787493568796066,0.4212506431203934,Sell,65.805016,65.92388,65.32953,65.72577,23952
2026-02-19 15:00:00,0,0.5150970966283729,0.4849029033716271,Sell,65.745575,65.894165,64.834236,65.844635,50268
2026-02-19 16:00:00,0,0.4509998421412889,0.5490001578587111,Hold,65.844635,66.02294,65.656425,65.993225,17484
2026-02-19 17:00:00,0,0.3919839572294926,0.6080160427705075,Hold,65.96351,66.15172,65.755486,65.93379,15431
2026-02-19 18:00:00,0,0.362804588620385,0.637195411379615,Hold,65.93379,65.943695,65.57718,65.86445,13995
2026-02-19 19:00:00,0,0.35182009974114964,0.6481799002588504,Hold,65.87435,65.97341,65.705956,65.96351,19033
2026-02-19 20:00:00,0,0.34055956874786486,0.6594404312521351,Hold,65.953606,66.092285,65.894165,66.08238,4651
2026-02-19 21:00:00,0,0.3528218639334103,0.6471781360665897,Hold,66.07247,66.27059,65.28,66.042755,9768
2026-02-19 23:00:00,0,0.3238226844369185,0.6761773155630815,Hold,66.092285,66.10219,65.805016,65.81492,1629
2026-02-20 00:00:00,0,0.35524432510472176,0.6447556748952783,Hold,65.82483,65.91398,65.68614,65.82483,1478
2026-02-20 01:00:00,0,0.38797460956283286,0.6120253904371671,Hold,65.844635,66.141815,65.745575,65.943695,3295
2026-02-20 02:00:00,0,0.3925250704864174,0.6074749295135826,Hold,65.943695,66.230965,65.87435,65.953606,3204
2026-02-20 03:00:00,0,0.4452299557258929,0.554770044274107,Hold,65.96351,66.08238,65.854546,66.01304,1354
2026-02-20 04:00:00,0,0.49273001341533046,0.5072699865846695,Hold,66.003136,66.10219,66.003136,66.092285,1333
2026-02-20 05:00:00,0,0.5335307345012708,0.46646926549872925,Sell,66.092285,66.290405,66.06257,66.21116,2114
2026-02-20 06:00:00,0,0.5338075625362029,0.4661924374637971,Sell,66.22106,66.39937,66.08238,66.092285,3482
2026-02-20 07:00:00,0,0.5844092844205201,0.4155907155794799,Sell,66.10219,66.122,65.68614,65.705956,5178
2026-02-20 08:00:00,0,0.5597717774091475,0.4402282225908525,Sell,65.71586,65.81492,65.47812,65.52765,8547
2026-02-20 09:00:00,0,0.5407458783928184,0.4592541216071816,Sell,65.53755,65.97341,65.24038,65.38896,10337
2026-02-20 10:00:00,0,0.5433505101805384,0.45664948981946163,Sell,65.39887,65.507835,65.25028,65.34934,7911
2026-02-20 11:00:00,0,0.5406289843206223,0.45937101567937766,Sell,65.359245,65.76539,65.19085,65.37906,9747
2026-02-20 12:00:00,0,0.5505545732201164,0.44944542677988364,Sell,65.37906,65.59699,65.32953,65.54746,6447
2026-02-20 13:00:00,0,0.535687567743098,0.464312432256902,Sell,65.54746,65.66633,65.39887,65.63661,7490
2026-02-20 14:00:00,0,0.5186293761906532,0.4813706238093468,Sell,65.64652,65.88426,65.260185,65.62671,22696
2026-02-20 15:00:00,0,0.47666727379032653,0.5233327262096734,Hold,65.64652,66.03285,65.24038,65.33943,26670
2026-02-20 16:00:00,0,0.4901374706744918,0.5098625293255081,Hold,65.34934,65.72577,65.210655,65.56727,16516
2026-02-20 17:00:00,0,0.4628554997152037,0.5371445002847963,Hold,65.56727,65.88426,65.52765,65.82483,9429
2026-02-20 18:00:00,0,0.4117017017517889,0.5882982982482111,Hold,65.82483,66.10219,65.66633,65.93379,14966
2026-02-20 19:00:00,0,0.41400089874486345,0.5859991012551365,Hold,65.93379,65.943695,65.656425,65.83473,26527
2026-02-20 20:00:00,0,0.40266871176024943,0.5973312882397506,Hold,65.83473,65.87435,65.6168,65.745575,4724
2026-02-20 21:00:00,0,0.41150212758940946,0.5884978724105905,Hold,65.755486,65.81492,65.63661,65.68614,2506
2026-02-22 23:00:00,0,0.3744553439159846,0.6255446560840154,Hold,65.270096,65.48802,64.76489,65.369156,6069
2026-02-23 00:00:00,0,0.35825529062333034,0.6417447093766697,Hold,65.37906,65.39887,65.03235,65.10169,3463
2026-02-23 01:00:00,0,0.3857154524978031,0.614284547502197,Hold,65.10169,65.359245,64.98283,65.28,2860
2026-02-23 02:00:00,0,0.3901094977455463,0.6098905022544536,Hold,65.28991,65.418686,65.260185,65.270096,1904
2026-02-23 03:00:00,0,0.4505138784725774,0.5494861215274226,Hold,65.270096,65.28,65.071976,65.10169,2101
2026-02-23 04:00:00,0,0.4938783453869177,0.5061216546130822,Hold,65.09179,65.14132,64.90357,64.972916,2053
2026-02-23 05:00:00,0,0.5207237059143406,0.4792762940856594,Sell,64.972916,65.19085,64.9333,65.121506,1438
2026-02-23 06:00:00,0,0.5308659985694091,0.4691340014305909,Sell,65.13141,65.210655,65.022446,65.05216,1382
2026-02-23 07:00:00,0,0.5763171529499496,0.42368284705005044,Sell,65.06207,65.18094,64.90357,65.04226,3743
2026-02-23 08:00:00,0,0.5987492550054607,0.4012507449945393,Sell,65.03235,65.29981,64.9432,65.24038,6489
2026-02-23 09:00:00,0,0.6010113753974955,0.3989886246025045,Sell,65.25028,65.67624,65.14132,65.606895,7036
2026-02-23 10:00:00,0,0.6241964602823865,0.3758035397176135,Sell,65.606895,65.606895,65.37906,65.468216,4292
2026-02-23 11:00:00,0,0.6180063445771394,0.38199365542286057,Sell,65.468216,65.844635,65.38896,65.81492,4753
2026-02-23 12:00:00,0,0.618609392077308,0.38139060792269197,Sell,65.82483,66.10219,65.805016,66.08238,6826
2026-02-23 13:00:00,0,0.5914099246634826,0.40859007533651737,Sell,66.092285,66.31022,65.91398,66.280495,9010
2026-02-23 14:00:00,0,0.5574942637940126,0.44250573620598743,Sell,66.280495,66.58758,66.10219,66.379555,20132
2026-02-23 15:00:00,0,0.49576468157939363,0.5042353184206063,Hold,66.379555,66.64702,66.141815,66.17153,17859
2026-02-23 16:00:00,0,0.4263416274039991,0.5736583725960009,Hold,66.16163,66.50833,65.656425,65.755486,25564
2026-02-23 17:00:00,0,0.3974338253627486,0.6025661746372514,Hold,65.7753,65.83473,65.49793,65.62671,12123
2026-02-23 18:00:00,0,0.36517455637727464,0.6348254436227254,Hold,65.6168,65.71586,65.47812,65.58708,7907
2026-02-23 19:00:00,0,0.34713891293117594,0.6528610870688241,Hold,65.58708,65.76539,65.47812,65.705956,12846
2026-02-23 20:00:00,0,0.33235873744612315,0.6676412625538768,Hold,65.705956,65.87435,65.705956,65.81492,3186
2026-02-23 21:00:00,0,0.3474264518300295,0.6525735481699705,Hold,65.81492,65.87435,65.63661,65.66633,2659
2026-02-23 23:00:00,0,0.33239358979199096,0.667606410208009,Hold,65.68614,65.71586,65.54746,65.63661,844
2026-02-24 00:00:00,0,0.32136436533681534,0.6786356346631847,Hold,65.64652,65.71586,65.58708,65.696045,853
2026-02-24 01:00:00,0,0.36013240527416407,0.6398675947258359,Hold,65.696045,65.844635,65.4484,65.82483,5283
2026-02-24 02:00:00,0,0.360034047231318,0.6399659527686821,Hold,65.82483,66.191345,65.7852,66.18144,4010
2026-02-24 03:00:00,0,0.4014653541298582,0.5985346458701418,Hold,66.18144,66.31022,66.141815,66.25078,3323
2026-02-24 04:00:00,0,0.44806266894738445,0.5519373310526156,Hold,66.26069,66.280495,66.15172,66.16163,1379
2026-02-24 05:00:00,0,0.4801356793104351,0.5198643206895649,Hold,66.16163,66.330025,65.98332,66.22106,2744
2026-02-24 06:00:00,0,0.49387383489350173,0.5061261651064983,Hold,66.22106,66.230965,66.01304,66.13191,1741
2026-02-24 07:00:00,0,0.5473262648003103,0.4526737351996897,Sell,66.15172,66.17153,65.844635,65.93379,3218
2026-02-24 08:00:00,0,0.5610707154711346,0.43892928452886537,Sell,65.93379,65.98332,65.656425,65.92388,7100
2026-02-24 09:00:00,0,0.5808958988160939,0.41910410118390606,Sell,65.93379,65.96351,65.705956,65.92388,5283
2026-02-24 10:00:00,0,0.5966697488283251,0.40333025117167487,Sell,65.93379,65.98332,65.56727,65.656425,7193
2026-02-24 11:00:00,0,0.5836872487461066,0.41631275125389344,Sell,65.63661,65.7753,65.52765,65.745575,4139
2026-02-24 12:00:00,0,0.5903473239411292,0.4096526760588708,Sell,65.72577,66.01304,65.62671,65.993225,6321
2026-02-24 13:00:00,1,0.567892033043737,0.43210796695626297,Sell,65.993225,66.51824,65.993225,66.240875,14615
2026-02-24 14:00:00,0,0.5694853885856667,0.43051461141433334,Sell,66.240875,66.25078,65.745575,65.904076,18602
2026-02-24 15:00:00,0,0.4842440186920983,0.5157559813079017,Hold,65.894165,66.03285,65.022446,65.270096,41737
2026-02-24 16:00:00,0,0.42709668654041133,0.5729033134595887,Hold,65.260185,65.59699,65.161125,65.369156,16558
2026-02-24 17:00:00,0,0.4072129599969712,0.5927870400030288,Hold,65.369156,65.696045,65.06207,65.210655,14513
2026-02-24 18:00:00,0,0.3377642243922925,0.6622357756077075,Hold,65.210655,65.418686,65.161125,65.319626,9708
2026-02-24 19:00:00,0,0.32692544970163595,0.673074550298364,Hold,65.32953,65.33943,64.9333,65.28,21052
2026-02-24 20:00:00,0,0.32156471266432135,0.6784352873356787,Hold,65.28,65.844635,65.18094,65.67624,12957
2026-02-24 21:00:00,0,0.3079727699736919,0.6920272300263082,Hold,65.66633,65.696045,65.34934,65.458305,3662
2026-02-24 23:00:00,0,0.29111403323026325,0.7088859667697367,Hold,65.4484,65.49793,65.319626,65.408775,1930
2026-02-25 00:00:00,0,0.2727867933269572,0.7272132066730428,Hold,65.418686,65.6168,65.33943,65.47812,1546
2026-02-25 01:00:00,0,0.293667393916975,0.7063326060830251,Hold,65.468216,65.67624,65.32953,65.42859,3744
2026-02-25 02:00:00,0,0.32968416894197194,0.670315831058028,Hold,65.43849,65.71586,65.43849,65.696045,2988
2026-02-25 03:00:00,0,0.3990787649459398,0.6009212350540603,Hold,65.68614,65.97341,65.359245,65.38896,7240
2026-02-25 04:00:00,0,0.42517434270931603,0.574825657290684,Hold,65.38896,65.51774,65.34934,65.38896,1983
2026-02-25 05:00:00,0,0.47143356812094395,0.528566431879056,Hold,65.39887,65.48802,65.33943,65.408775,1828
2026-02-25 06:00:00,0,0.4984427169139891,0.5015572830860109,Hold,65.408775,65.408775,65.14132,65.369156,2744
2026-02-25 07:00:00,0,0.5242835902163685,0.4757164097836315,Sell,65.37906,65.557365,65.210655,65.28,3097
2026-02-25 08:00:00,0,0.547436064833241,0.45256393516675897,Sell,65.270096,65.507835,65.121506,65.37906,8102
2026-02-25 09:00:00,0,0.5620235726384967,0.43797642736150333,Sell,65.39887,65.42859,64.834236,65.01254,10269
2026-02-25 10:00:00,0,0.5574580022384625,0.44254199776153746,Sell,65.01254,65.408775,64.98283,65.28991,6984
2026-02-25 11:00:00,0,0.5588251837981958,0.4411748162018042,Sell,65.28991,65.359245,65.18094,65.25028,3771
2026-02-25 12:00:00,0,0.5754604272116576,0.4245395727883424,Sell,65.25028,65.68614,65.1116,65.59699,14439
2026-02-25 13:00:00,0,0.5809446707313568,0.4190553292686432,Sell,65.59699,65.68614,65.24038,65.28991,10036
2026-02-25 14:00:00,0,0.49822912796565794,0.5017708720343421,Hold,65.28991,65.39887,64.675735,64.70546,24496
2026-02-25 15:00:00,0,0.4417984034769385,0.5582015965230616,Hold,64.69555,65.03235,64.636116,64.79461,22693
2026-02-25 16:00:00,0,0.40881056452496806,0.591189435475032,Hold,64.79461,64.9333,64.50734,64.84414,19721
2026-02-25 17:00:00,0,0.3601915690861125,0.6398084309138875,Hold,64.84414,64.9531,64.725266,64.91348,9741
2026-02-25 18:00:00,0,0.3063084664353845,0.6936915335646154,Hold,64.90357,65.171036,64.85404,64.98283,11035
2026-02-25 19:00:00,0,0.2991791283970915,0.7008208716029085,Hold,64.98283,65.13141,64.735176,65.10169,17632
2026-02-25 20:00:00,0,0.27879035403474345,0.7212096459652566,Hold,65.10169,65.1116,64.80452,64.84414,4144
2026-02-25 21:00:00,0,0.28380665355676177,0.7161933464432382,Hold,64.834236,65.00263,64.81442,64.9531,2821
2026-02-25 23:00:00,0,0.2724743599044472,0.7275256400955528,Hold,65.03235,65.10169,64.9432,65.022446,1158
2026-02-26 00:00:00,0,0.29794097963812133,0.7020590203618786,Hold,65.01254,65.23047,64.91348,65.13141,1691
2026-02-26 01:00:00,0,0.34242664172970755,0.6575733582702925,Hold,65.14132,65.14132,64.923386,65.00263,3262
2026-02-26 02:00:00,0,0.35157995530608704,0.648420044693913,Hold,65.00263,65.05216,64.71536,64.84414,3159
2026-02-26 03:00:00,0,0.41899841784574154,0.5810015821542585,Hold,64.85404,64.98283,64.834236,64.89367,1532
2026-02-26 04:00:00,1,0.44890154280464817,0.5510984571953519,Hold,64.90357,65.00263,64.90357,64.96301,699
2026-02-26 05:00:00,1,0.5001907683556457,0.4998092316443543,Sell,64.9531,65.05216,64.873856,64.9333,1443
2026-02-26 06:00:00,1,0.523110917542437,0.476889082457563,Sell,64.9333,64.96301,64.81442,64.89367,1196
2026-02-26 07:00:00,1,0.5510705751816733,0.44892942481832665,Sell,64.873856,64.99273,64.74508,64.85404,2699
2026-02-26 08:00:00,1,0.5672906874802209,0.43270931251977907,Sell,64.86395,65.04226,64.784706,64.84414,6633
2026-02-26 09:00:00,1,0.5829480824961821,0.41705191750381787,Sell,64.84414,64.85404,64.190346,64.49743,14093
2026-02-26 10:00:00,0,0.5709680014490036,0.4290319985509964,Sell,64.49743,64.50734,63.6059,63.764393,17312
2026-02-26 11:00:00,0,0.5367227881335085,0.4632772118664915,Sell,63.75449,64.04176,63.67524,63.70496,6432
2026-02-26 12:00:00,0,0.527288131378823,0.472711868621177,Sell,63.70496,63.833736,63.209663,63.516747,14152
2026-02-26 13:00:00,0,0.5118100757557594,0.48818992424424057,Sell,63.526653,63.883266,63.00164,63.7743,23199
2026-02-26 14:00:00,0,0.4694349853305444,0.5305650146694556,Hold,63.764393,64.140816,63.45731,64.1012,25190
2026-02-26 15:00:00,0,0.42748284262691133,0.5725171573730887,Hold,64.1012,65.88426,64.09129,65.86445,59818
2026-02-26 16:00:00,0,0.37021071019774376,0.6297892898022562,Hold,65.86445,66.08238,65.260185,65.795105,47132
2026-02-26 17:00:00,0,0.36006241285541757,0.6399375871445825,Hold,65.805016,65.96351,65.48802,65.844635,14518
2026-02-26 18:00:00,0,0.29986425748924894,0.7001357425107511,Hold,65.83473,66.042755,64.32903,65.10169,56849
2026-02-26 19:00:00,0,0.29149593082886804,0.708504069171132,Hold,65.09179,65.18094,64.29932,64.725266,33913
2026-02-26 20:00:00,0,0.2930340714143966,0.7069659285856034,Hold,64.71536,64.9531,64.6163,64.89367,4013
2026-02-26 21:00:00,0,0.2900996330002902,0.7099003669997098,Hold,64.873856,65.022446,64.784706,64.85404,3360
2026-02-26 23:00:00,0,0.278317519118015,0.7216824808819851,Hold,64.735176,64.824326,64.59649,64.6064,2001
2026-02-27 00:00:00,0,0.29686952149666906,0.703130478503331,Hold,64.59649,64.685646,64.52715,64.636116,874
2026-02-27 01:00:00,0,0.32837228532130536,0.6716277146786946,Hold,64.64602,64.64602,64.239876,64.487526,4481
2026-02-27 02:00:00,0,0.32678479612786493,0.6732152038721351,Hold,64.49743,64.51724,64.34885,64.42809,2171
2026-02-27 03:00:00,0,0.3887323706225729,0.6112676293774271,Hold,64.437996,64.69555,64.41818,64.685646,2133
2026-02-27 04:00:00,0,0.39813670291788567,0.6018632970821143,Hold,64.685646,64.81442,64.636116,64.71536,1525
2026-02-27 05:00:00,0,0.44605020829837394,0.5539497917016261,Hold,64.725266,65.06207,64.71536,64.9531,3241
2026-02-27 06:00:00,0,0.4784495923265256,0.5215504076734744,Hold,64.9531,65.13141,64.883766,65.10169,2160
2026-02-27 07:00:00,0,0.5198527240044387,0.4801472759955613,Sell,65.1116,65.20075,65.03235,65.14132,3332
2026-02-27 08:00:00,0,0.5330488009707007,0.46695119902929927,Sell,65.14132,65.42859,64.9333,65.09179,9019
2026-02-27 09:00:00,0,0.583141731545672,0.41685826845432805,Sell,65.09179,65.83473,65.022446,65.81492,12175
2026-02-27 10:00:00,0,0.5868164085797624,0.41318359142023764,Sell,65.81492,65.993225,65.507835,65.93379,12155
2026-02-27 11:00:00,0,0.5621607576279004,0.4378392423720996,Sell,65.92388,66.30031,65.844635,66.240875,12124
2026-02-27 12:00:00,0,0.5588596162030652,0.44114038379693477,Sell,66.230965,66.41918,66.13191,66.40927,10703
2026-02-27 13:00:00,1,0.5214185483815679,0.47858145161843213,Sell,66.40927,67.17203,66.39937,67.112595,28521
2026-02-27 14:00:00,0,0.5108766436691284,0.48912335633087156,Sell,67.112595,67.19184,66.230965,66.27059,38859
2026-02-27 15:00:00,0,0.47260155150061767,0.5273984484993823,Hold,66.26069,66.4489,65.86445,66.280495,30658
2026-02-27 16:00:00,0,0.4052412803190592,0.5947587196809407,Hold,66.27059,66.290405,65.795105,65.91398,20753
2026-02-27 17:00:00,0,0.3757964468925139,0.6242035531074861,Hold,65.91398,66.17153,65.507835,66.13191,34948
2026-02-27 18:00:00,0,0.3309335688138721,0.6690664311861279,Hold,66.122,66.41918,66.06257,66.39937,15860
2026-02-27 19:00:00,0,0.31998651184122406,0.6800134881587759,Hold,66.40927,66.60739,66.230965,66.41918,23902
2026-02-27 20:00:00,0,0.3123467529936089,0.6876532470063911,Hold,66.438995,66.775795,66.36965,66.6173,10568
2026-02-27 21:00:00,0,0.3158772590362415,0.6841227409637585,Hold,66.627205,66.7857,66.330025,66.65692,7141
2026-03-01 23:00:00,0,0.35390043714638125,0.6460995628536188,Hold,74.29439,74.621284,70.37164,71.29289,60046
2026-03-02 00:00:00,0,0.33085915667022725,0.6691408433297727,Hold,71.312706,71.451385,70.88675,71.114586,17178
2026-03-02 01:00:00,0,0.3443957123759135,0.6556042876240865,Hold,71.114586,71.15421,68.54895,69.07397,37045
2026-03-02 02:00:00,0,0.3508301080709984,0.6491698919290017,Hold,69.064064,69.6386,68.7867,69.34142,13991
2026-03-02 03:00:00,0,0.3955016154708688,0.6044983845291312,Hold,69.33152,70.44099,69.26218,70.04475,11541
2026-03-02 04:00:00,0,0.4284357460446508,0.5715642539553492,Hold,70.03484,70.67873,69.80701,70.52023,9072
2026-03-02 05:00:00,0,0.4822610979811083,0.5177389020188917,Hold,70.52023,70.90656,70.25277,70.90656,8979
2026-03-02 06:00:00,0,0.4989452823271898,0.5010547176728102,Hold,70.89665,71.65941,70.88675,71.302795,15827
2026-03-02 07:00:00,0,0.5570049854303412,0.44299501456965884,Sell,71.312706,72.6401,71.28299,72.55094,39944
2026-03-02 08:00:00,0,0.5609102388017863,0.43908976119821375,Sell,72.54104,72.67972,71.401855,71.86744,29286
2026-03-02 09:00:00,0,0.563433628875187,0.436566371124813,Sell,71.847626,71.85753,71.07496,71.738655,22844
2026-03-02 10:00:00,0,0.5828056620226274,0.4171943379773726,Sell,71.748566,71.76838,70.60938,71.33252,21896
2026-03-02 11:00:00,0,0.5720578556565443,0.4279421443434557,Sell,71.34242,71.66932,70.45089,71.27308,16055
2026-03-02 12:00:00,0,0.5627093787670153,0.4372906212329847,Sell,71.263176,72.233955,71.24336,71.91696,20878
2026-03-02 13:00:00,0,0.5721053699377004,0.42789463006229955,Sell,71.92687,71.92687,71.04524,71.60988,29053
2026-03-02 14:00:00,0,0.5594401432372265,0.44055985676277354,Sell,71.60988,71.75847,70.09428,70.381546,47281
2026-03-02 15:00:00,0,0.5127317534512607,0.48726824654873935,Sell,70.381546,71.1344,70.25277,70.579666,32894
2026-03-02 16:00:00,0,0.4634796982069323,0.5365203017930678,Hold,70.579666,70.68863,69.43058,70.21315,50966
2026-03-02 17:00:00,0,0.42838748619086375,0.5716125138091362,Hold,70.21315,70.2924,69.49992,69.94569,21289
2026-03-02 18:00:00,0,0.39892714671054447,0.6010728532894556,Hold,69.93578,70.579666,69.65842,70.431076,18889
2026-03-02 19:00:00,0,0.36101225673983034,0.6389877432601696,Hold,70.431076,70.65891,70.1339,70.232956,25667
2026-03-02 20:00:00,0,0.3585785120085029,0.6414214879914971,Hold,70.232956,72.09527,70.232956,70.90656,44092
2026-03-02 21:00:00,0,0.36871651755366597,0.631283482446334,Hold,70.89665,71.12449,70.31221,70.36173,11100
2026-03-02 23:00:00,0,0.32381729927499997,0.6761827007250001,Hold,70.55985,70.84712,69.74757,70.22305,6880
2026-03-03 00:00:00,0,0.3399377000851186,0.6600622999148814,Hold,70.25277,71.02543,70.21315,70.94618,5175
2026-03-03 01:00:00,0,0.346299886411503,0.653700113588497,Hold,70.95609,71.461296,70.95609,71.07496,10665
2026-03-03 02:00:00,0,0.3660708540653214,0.6339291459346785,Hold,71.08487,71.808,70.866936,71.699036,7337
2026-03-03 03:00:00,0,0.38020516402800203,0.619794835971998,Hold,71.71885,72.02593,71.60988,71.75847,6148
2026-03-03 04:00:00,0,0.4270692907144651,0.5729307092855349,Hold,71.76838,72.10518,71.59007,72.00612,3617
2026-03-03 05:00:00,0,0.4738610572531782,0.5261389427468218,Hold,71.996216,72.68963,71.85753,72.17452,10378
2026-03-03 06:00:00,0,0.5153112458140086,0.48468875418599144,Sell,72.17452,72.41226,71.649506,72.372635,8633
2026-03-03 07:00:00,0,0.5582130662512267,0.4417869337487733,Sell,72.382545,73.41276,72.323105,73.1453,21467
2026-03-03 08:00:00,0,0.5552829592169543,0.44471704078304575,Sell,73.16511,73.809,72.78869,73.75947,27084
2026-03-03 09:00:00,0,0.5679336673604198,0.43206633263958016,Sell,73.74956,74.83921,73.62078,74.512314,32087
2026-03-03 10:00:00,0,0.5851077376654215,0.41489226233457854,Sell,74.50241,76.54303,74.175514,75.74065,41894
2026-03-03 11:00:00,0,0.5825927241420571,0.4174072758579429,Sell,75.76046,76.80058,75.19582,76.46378,51217
2026-03-03 12:00:00,0,0.5845917793508587,0.4154082206491413,Sell,76.46378,76.85011,74.97789,75.21564,57655
2026-03-03 13:00:00,0,0.5825386745169149,0.4174613254830851,Sell,75.22554,75.83971,74.64109,75.493004,49492
2026-03-03 14:00:00,1,0.5667573390402889,0.4332426609597111,Sell,75.493004,77.246346,75.47319,75.96848,63876
2026-03-03 15:00:00,1,0.532089188895478,0.46791081110452204,Sell,75.96848,76.909546,75.76046,76.24585,47324
2026-03-03 16:00:00,1,0.47960024793205613,0.5203997520679439,Hold,76.24585,76.59256,73.838715,75.24535,73389
2026-03-03 17:00:00,0,0.4554567976835781,0.5445432023164218,Hold,75.25526,75.71093,74.472694,74.83921,32856
2026-03-03 18:00:00,0,0.4102739670700139,0.589726032929986,Hold,74.83921,74.83921,73.016525,73.99721,43975
2026-03-03 19:00:00,0,0.3900619435092909,0.6099380564907091,Hold,73.99721,74.1557,70.97591,72.88775,66313
2026-03-03 20:00:00,0,0.3635658967730709,0.6364341032269292,Hold,72.88775,73.4821,72.372635,73.38304,17996
2026-03-03 21:00:00,0,0.36989694284216235,0.6301030571578377,Hold,73.392944,74.423164,73.32361,74.09627,12132
2026-03-03 23:00:00,0,0.3568650088202337,0.6431349911797664,Hold,74.036835,74.859024,73.86843,74.83921,4955
2026-03-04 00:00:00,0,0.3385858664441119,0.6614141335558881,Hold,74.8194,74.9878,73.739655,74.25476,8072
2026-03-04 01:00:00,0,0.3590402925726303,0.6409597074273696,Hold,74.26467,74.97789,73.67031,74.25476,16580
2026-03-04 02:00:00,0,0.370569810250449,0.629430189749551,Hold,74.23495,74.8194,74.04674,74.324104,7846
2026-03-04 03:00:00,0,0.4031847702254034,0.5968152297745966,Hold,74.324104,74.611374,73.96749,74.41325,5854
2026-03-04 04:00:00,0,0.4529573712874119,0.547042628712588,Hold,74.41325,74.87884,74.274574,74.77978,4302
2026-03-04 05:00:00,0,0.4799572416186464,0.5200427583813536,Hold,74.76987,75.68121,74.55194,75.19582,9084
2026-03-04 06:00:00,0,0.5186975976472842,0.4813024023527158,Sell,75.20573,76.12698,75.03733,76.12698,9203
2026-03-04 07:00:00,0,0.5463973934141153,0.4536026065858847,Sell,76.11707,76.25576,75.62178,75.74065,12147
2026-03-04 08:00:00,0,0.5485223738285024,0.45147762617149756,Sell,75.72084,76.5034,75.38403,76.01801,20725
2026-03-04 09:00:00,0,0.5670348918939151,0.4329651081060849,Sell,76.00811,76.18642,74.84911,76.04773,21918
2026-03-04 10:00:00,0,0.5601332800942921,0.4398667199057079,Sell,76.03783,76.07745,74.1458,74.512314,37487
2026-03-04 11:00:00,0,0.5467616129843047,0.4532383870156953,Sell,74.522224,74.88874,73.739655,74.225044,19508
2026-03-04 12:00:00,0,0.547729791844245,0.452270208155755,Sell,74.225044,74.58166,73.53163,73.937775,26297
2026-03-04 13:00:00,0,0.5540028775330725,0.44599712246692746,Sell,73.94768,73.977394,72.59057,73.21464,45245
2026-03-04 14:00:00,0,0.5273285774061466,0.4726714225938534,Sell,73.22455,74.44298,72.9769,73.6505,49773
2026-03-04 15:00:00,0,0.5083812991266773,0.4916187008733227,Sell,73.66041,73.838715,72.966995,73.53163,31066
2026-03-04 16:00:00,0,0.4446860593658496,0.5553139406341504,Hold,73.541534,74.086365,72.957085,73.46229,26647
2026-03-04 17:00:00,0,0.459319082769756,0.540680917230244,Hold,73.46229,74.4925,73.353325,74.423164,24433
2026-03-04 18:00:00,0,0.39241451839995495,0.607585481600045,Hold,74.423164,74.53213,74.01702,74.20523,18747
2026-03-04 19:00:00,0,0.36033733254160283,0.6396626674583972,Hold,74.19533,74.20523,73.690125,73.8189,21322
2026-03-04 20:00:00,0,0.34656955505820247,0.6534304449417976,Hold,73.8189,74.651,73.809,74.59156,11482
2026-03-04 21:00:00,0,0.340697543322882,0.659302456677118,Hold,74.59156,75.51281,74.53213,75.39394,8824
2026-03-04 23:00:00,0,0.3242424869456996,0.6757575130543003,Hold,75.43356,75.47319,74.9977,75.23545,2780
2026-03-05 00:00:00,0,0.3144805952584598,0.6855194047415403,Hold,75.24535,75.25526,74.84911,74.9878,3219
2026-03-05 01:00:00,0,0.3639660296821947,0.6360339703178053,Hold,75.007614,76.23595,75.007614,76.18642,13710
2026-03-05 02:00:00,0,0.3665397076847723,0.6334602923152277,Hold,76.176506,76.69162,76.01801,76.65199,8185
2026-03-05 03:00:00,0,0.3926677735760188,0.6073322264239812,Hold,76.64209,76.6619,76.19632,76.35481,6031
2026-03-05 04:00:00,0,0.4556314682509186,0.5443685317490814,Hold,76.35481,76.91946,76.33501,76.65199,4735
2026-03-05 05:00:00,1,0.4864856380948335,0.5135143619051665,Hold,76.65199,77.355316,76.59256,77.008606,8489
2026-03-05 06:00:00,0,0.4818515227047583,0.5181484772952417,Hold,77.008606,77.01852,75.34441,75.84962,18028
2026-03-05 07:00:00,0,0.5427461144889341,0.45725388551106594,Sell,75.84962,76.59256,75.80999,76.43407,13341
2026-03-05 08:00:00,0,0.5363984162726692,0.46360158372733085,Sell,76.44397,76.92936,76.11707,76.275566,17684
2026-03-05 09:00:00,0,0.5488587129066662,0.4511412870933338,Sell,76.26566,76.40434,74.26467,75.68121,40073
2026-03-05 10:00:00,0,0.5642477323942591,0.43575226760574093,Sell,75.68121,75.97839,75.39394,75.80009,11495
2026-03-05 11:00:00,0,0.550015982456853,0.449984017543147,Sell,75.79018,76.45387,75.62178,76.33501,13984
2026-03-05 12:00:00,0,0.5608030447521886,0.43919695524781144,Sell,76.33501,76.760956,75.89915,76.4935,20314
2026-03-05 13:00:00,0,0.5602388129995886,0.43976118700041145,Sell,76.4836,76.65199,75.84962,76.41425,21173
2026-03-05 14:00:00,0,0.5366061752326095,0.46339382476739055,Sell,76.43407,77.63268,76.11707,77.23644,43484
2026-03-05 15:00:00,0,0.47006705714963753,0.5299329428503625,Hold,77.23644,78.30628,76.98879,77.91004,40435
2026-03-05 16:00:00,0,0.4298528910527172,0.5701471089472828,Hold,77.91995,79.21763,77.56334,78.48459,42074
2026-03-05 17:00:00,0,0.3875687853087093,0.6124312146912907,Hold,78.464775,79.049225,78.028915,78.900635,30282
2026-03-05 18:00:00,0,0.3619771005906647,0.6380228994093353,Hold,78.89073,80.38653,78.316185,80.079445,40065
2026-03-05 19:00:00,0,0.35316782162694993,0.6468321783730501,Hold,80.079445,80.951164,79.881325,80.84219,41485
2026-03-05 20:00:00,0,0.33305167421024506,0.6669483257897549,Hold,80.852104,81.387024,78.64308,79.049225,48236
2026-03-05 21:00:00,0,0.3344110511035141,0.6655889488964859,Hold,79.049225,79.22753,77.880325,78.127975,15739
2026-03-05 23:00:00,0,0.31137494037527713,0.6886250596247229,Hold,78.336,79.15819,78.23694,78.6728,5685
2026-03-06 00:00:00,0,0.3354654509229451,0.6645345490770549,Hold,78.69261,78.87092,77.791176,77.91995,5251
2026-03-06 01:00:00,0,0.35584686185050296,0.644153138149497,Hold,77.929855,79.10866,77.50391,79.049225,14628
2026-03-06 02:00:00,0,0.36490172200388693,0.6350982779961131,Hold,79.059135,79.10866,78.40534,78.93035,5665
2026-03-06 03:00:00,0,0.3823688628718336,0.6176311371281664,Hold,78.92045,79.41575,78.73224,79.26716,5780
2026-03-06 04:00:00,0,0.41694107547782505,0.5830589245221749,Hold,79.26716,79.32659,79.03932,79.26716,3560
2026-03-06 05:00:00,0,0.451567974015139,0.548432025984861,Hold,79.25725,79.683205,78.94026,79.55443,7182
2026-03-06 06:00:00,0,0.47162220348640965,0.5283777965135903,Hold,79.56433,80.1785,79.494995,79.95067,8505
2026-03-06 07:00:00,0,0.5170032997215294,0.48299670027847064,Sell,79.94076,80.366714,79.52471,80.32709,11073
2026-03-06 08:00:00,0,0.5195826341844788,0.4804173658155212,Sell,80.317184,80.98088,80.079445,80.63417,20710
2026-03-06 09:00:00,0,0.5599796834144944,0.44002031658550556,Sell,80.604454,84.10124,80.416245,83.90313,43675
2026-03-06 10:00:00,0,0.5612517369269853,0.43874826307301473,Sell,83.90313,83.91303,82.74413,83.21962,35493
2026-03-06 11:00:00,0,0.5616283661372847,0.43837163386271527,Sell,83.22952,85.40883,83.150276,85.23052,40773
2026-03-06 12:00:00,0,0.5621838711350452,0.4378161288649548,Sell,85.22061,85.88431,84.507385,85.27014,38699
2026-03-06 13:00:00,0,0.5738412430392543,0.4261587569607457,Sell,85.28005,86.96406,84.071526,86.5381,60129
2026-03-06 14:00:00,0,0.5592598798905495,0.4407401201094505,Sell,86.52819,88.77684,86.211205,87.88531,77614
2026-03-06 15:00:00,0,0.5133987402171827,0.4866012597828173,Sell,87.89521,88.69759,86.67678,87.99427,62747
2026-03-06 16:00:00,0,0.481054778663399,0.518945221336601,Hold,87.99427,89.51978,87.380104,89.45044,53106
2026-03-06 17:00:00,0,0.45965386471983527,0.5403461352801647,Hold,89.45044,91.73871,88.82637,91.530685,60184
2026-03-06 18:00:00,0,0.41875577441606976,0.5812442255839303,Hold,91.530685,91.63965,88.69759,90.73821,62801
2026-03-06 19:00:00,0,0.41821584399010686,0.5817841560098931,Hold,90.7184,90.847176,89.34148,90.49056,60718
2026-03-06 20:00:00,0,0.40586014332501974,0.5941398566749803,Hold,90.47075,90.52028,89.46034,89.83677,20196
2026-03-06 21:00:00,0,0.4038129862839311,0.596187013716069,Hold,89.84668,90.66887,89.73771,90.411316,9264
2026-03-08 22:00:00,0,0.39502151631480176,0.6049784836851982,Hold,97.077995,110.193436,97.077995,105.93389,58106
2026-03-08 23:00:00,0,0.39347575020554887,0.6065242497944512,Hold,105.88436,107.50893,104.06167,107.01363,27108
2026-03-09 00:00:00,0,0.39020943350013365,0.6097905664998664,Hold,107.04335,108.99482,105.448494,107.24147,29910
2026-03-09 01:00:00,0,0.3928968540722923,0.6071031459277076,Hold,107.25137,114.58176,107.04335,113.9874,35576
2026-03-09 02:00:00,1,0.39188783598992744,0.6081121640100726,Hold,113.99731,118.35591,111.005714,113.23455,56831
2026-03-09 03:00:00,1,0.41828361425498034,0.5817163857450196,Hold,113.254364,115.403946,110.133995,114.53223,24526
2026-03-09 04:00:00,1,0.4666771050818542,0.5333228949181458,Hold,114.54213,115.6714,113.51192,114.78978,12323
2026-03-09 05:00:00,0,0.48039251730448473,0.5196074826955153,Hold,114.75015,114.85912,102.06068,102.71446,50878
2026-03-09 06:00:00,0,0.4931024125468114,0.5068975874531886,Hold,102.734276,106.39947,99.078995,103.53666,47121
2026-03-09 07:00:00,0,0.54183566773954,0.45816433226046005,Sell,103.47722,103.47722,99.40589,101.86256,25535
2026-03-09 08:00:00,0,0.5560521704508916,0.4439478295491084,Sell,101.87246,103.97252,100.5946,102.13001,20303
2026-03-09 09:00:00,0,0.5620920024318896,0.4379079975681104,Sell,102.13992,103.82393,95.34446,100.12902,30818
2026-03-09 10:00:00,0,0.5581465445067353,0.4418534554932647,Sell,100.13892,102.99183,99.67335,102.25879,19185
2026-03-09 11:00:00,0,0.561775256432599,0.43822474356740104,Sell,102.248886,102.79371,100.60451,101.23848,14389
2026-03-09 12:00:00,0,0.5621934849188513,0.43780651508114865,Sell,101.18895,102.55597,99.178055,101.2682,27580
2026-03-09 13:00:00,0,0.5739471381115467,0.42605286188845326,Sell,101.24839,101.25829,96.27562,98.72238,62567
2026-03-09 14:00:00,1,0.5469421019087258,0.45305789809127417,Sell,98.71247,103.58618,98.4153,99.5842,52127
2026-03-09 15:00:00,1,0.5398238337719751,0.46017616622802493,Sell,99.57429,99.67335,93.759514,94.71048,59113
2026-03-09 16:00:00,0,0.48525193362287633,0.5147480663771237,Hold,94.68076,96.46383,92.19438,93.8982,51163
2026-03-09 17:00:00,1,0.4531541551682149,0.5468458448317851,Hold,93.88829,95.14634,93.323654,94.04678,21487
2026-03-09 18:00:00,1,0.40435356561308183,0.5956464343869181,Hold,94.02698,94.53217,90.76793,94.39349,48382
2026-03-09 19:00:00,0,0.39939712690920914,0.6006028730907909,Hold,94.38359,94.68076,80.42615,85.101746,68552
2026-03-09 20:00:00,0,0.3574142150165716,0.6425857849834284,Hold,85.101746,88.00417,81.87241,84.27955,25345
2026-03-09 22:00:00,0,0.37601776865079845,0.6239822313492016,Hold,84.943245,89.15326,84.220116,87.043304,21997
2026-03-09 23:00:00,0,0.371951685036837,0.628048314963163,Hold,87.132454,89.381096,86.29045,87.81596,9420
2026-03-10 00:00:00,0,0.3975192106679787,0.6024807893320213,Hold,87.81596,88.50938,84.358795,85.95365,19797
2026-03-10 01:00:00,0,0.4033508243979027,0.5966491756020973,Hold,85.963554,86.19139,83.635666,84.10124,16336
2026-03-10 02:00:00,0,0.394418390480351,0.605581609519649,Hold,84.11115,88.08342,83.90313,87.78625,12230
2026-03-10 03:00:00,0,0.4192739438090782,0.5807260561909218,Hold,87.77634,90.61934,87.32067,88.99477,17101
2026-03-10 04:00:00,0,0.4290795635570761,0.5709204364429239,Hold,89.06411,90.2231,88.76693,89.64856,8291
2026-03-10 05:00:00,0,0.4611294341583157,0.5388705658416844,Hold,89.64856,89.65846,86.607445,88.212204,11661
2026-03-10 06:00:00,0,0.4799752346121301,0.5200247653878699,Hold,88.24192,89.20279,87.043304,88.95515,10627
2026-03-10 07:00:00,0,0.5210709846982986,0.4789290153017014,Sell,88.93533,89.20279,84.73522,85.01259,20791
2026-03-10 08:00:00,0,0.5450488194999562,0.4549511805000438,Sell,84.98287,87.81596,84.457855,87.7169,21409
2026-03-10 09:00:00,0,0.5607599084687475,0.43924009153125254,Sell,87.73672,87.91502,85.11165,86.122055,16580
2026-03-10 10:00:00,0,0.5503558151198812,0.4496441848801188,Sell,86.122055,89.32166,85.93384,87.95464,19262
2026-03-10 11:00:00,1,0.5495777348287509,0.45042226517124906,Sell,87.93484,89.02448,85.587135,88.36079,20664
2026-03-10 12:00:00,1,0.5234304500008325,0.47656954999916745,Sell,88.34098,90.24291,87.91502,88.69759,29034
2026-03-10 13:00:00,0,0.533901482729012,0.46609851727098806,Sell,88.68768,88.68768,86.3697,86.76594,37451
2026-03-10 14:00:00,0,0.5268318206025757,0.4731681793974243,Sell,86.75603,87.65747,82.22903,83.42764,53204
2026-03-10 15:00:00,0,0.48350220549557094,0.5164977945044291,Hold,83.42764,84.11115,82.03091,83.54652,45581
2026-03-10 16:00:00,0,0.44244299676754795,0.557557003232452,Hold,83.51679,84.992775,81.29787,81.56533,36128
2026-03-10 17:00:00,0,0.4151586453828261,0.5848413546171739,Hold,81.535614,81.93185,76.00811,79.445465,95583
2026-03-10 18:00:00,0,0.3892491230224355,0.6107508769775645,Hold,79.42565,85.864494,78.87092,83.31868,67273
2026-03-10 19:00:00,0,0.3957633039177676,0.6042366960822324,Hold,83.31868,86.97396,83.13046,85.83478,30920
2026-03-10 20:00:00,0,0.35080718743155015,0.6491928125684499,Hold,85.84469,86.41923,84.953156,85.577225,9305
2026-03-10 22:00:00,0,0.3326226468706353,0.6673773531293647,Hold,86.072525,87.75653,85.89422,87.479164,6111
2026-03-10 23:00:00,0,0.37524831118622004,0.62475168881378,Hold,87.45935,87.48907,84.43804,84.854095,9660
2026-03-11 00:00:00,0,0.3636366227335175,0.6363633772664825,Hold,84.88381,84.98287,81.0205,82.1894,20915
2026-03-11 01:00:00,0,0.3663236743975749,0.6336763256024252,Hold,82.1894,83.71491,81.6842,82.33799,11559
2026-03-11 02:00:00,0,0.35800418930975914,0.6419958106902408,Hold,82.32809,84.28946,82.1894,83.3484,8642
2026-03-11 03:00:00,0,0.4147915241643864,0.5852084758356135,Hold,83.36821,83.54652,81.8526,82.09034,7114
2026-03-11 04:00:00,0,0.43316938325496446,0.5668306167450355,Hold,82.10025,82.78376,81.59505,82.29837,5369
2026-03-11 05:00:00,0,0.459639363824008,0.5403606361759921,Hold,82.28846,83.49699,82.15968,83.21962,5938
2026-03-11 06:00:00,0,0.481502818679276,0.518497181320724,Hold,83.21962,83.76444,82.33799,82.78376,7149
2026-03-11 07:00:00,0,0.4959803815435873,0.5040196184564127,Hold,82.78376,84.98287,82.55592,84.68569,16320
2026-03-11 08:00:00,0,0.512417921487579,0.48758207851242097,Sell,84.64607,86.013084,84.11115,85.71591,19142
2026-03-11 09:00:00,0,0.5088066887617199,0.49119331123828014,Sell,85.71591,88.15276,85.49798,87.92493,22653
2026-03-11 10:00:00,0,0.5241295616826568,0.4758704383173432,Sell,87.91502,87.91502,83.883316,84.14087,23442
2026-03-11 11:00:00,0,0.5099036550717524,0.4900963449282476,Sell,84.170586,86.47867,83.873405,85.864494,20828
2026-03-11 12:00:00,0,0.5229475008476437,0.47705249915235626,Sell,85.83478,87.25133,85.379105,86.38951,19022
2026-03-11 13:00:00,0,0.544091229156583,0.45590877084341697,Sell,86.38951,86.48857,82.73423,83.26915,36971
2026-03-11 14:00:00,0,0.495471914540058,0.504528085459942,Hold,83.29887,86.2013,81.22853,85.379105,47587
2026-03-11 15:00:00,0,0.4505143248764855,0.5494856751235144,Hold,85.39892,86.845184,84.943245,86.77584,23713
2026-03-11 16:00:00,0,0.406459553149632,0.593540446850368,Hold,86.80556,87.79615,86.072525,86.310265,24498
2026-03-11 17:00:00,0,0.37445873944455227,0.6255412605554478,Hold,86.30036,87.5485,85.3692,87.033394,25625
2026-03-11 18:00:00,0,0.3402923931837003,0.6597076068162997,Hold,87.02349,87.61784,85.874405,86.42914,34807
2026-03-11 19:00:00,0,0.32012398542940645,0.6798760145705935,Hold,86.43904,87.25133,86.13196,87.16217,7496
2026-03-11 20:00:00,0,0.31870618878175366,0.6812938112182463,Hold,87.16217,87.78625,86.97396,87.578224,6626
2026-03-11 22:00:00,0,0.3413055691974221,0.658694430802578,Hold,88.47966,92.13494,87.77634,89.965546,17650
2026-03-11 23:00:00,0,0.3519505985658797,0.6480494014341203,Hold,90.015076,93.49206,89.866486,91.619835,16407
2026-03-12 00:00:00,0,0.341048219051981,0.658951780948019,Hold,91.59012,93.31375,90.985855,92.253815,15538
2026-03-12 01:00:00,0,0.378670683774746,0.621329316225254,Hold,92.24391,92.80855,90.837265,92.352875,11695
2026-03-12 02:00:00,0,0.36977313797669614,0.6302268620233038,Hold,92.37269,95.06709,92.32316,93.63074,13442
2026-03-12 03:00:00,0,0.40556538659080815,0.5944346134091918,Hold,93.68027,94.64114,92.986855,93.59111,11372
2026-03-12 04:00:00,0,0.4315768512163484,0.5684231487836515,Hold,93.55149,94.33406,93.15525,93.93782,5163
2026-03-12 05:00:00,0,0.483552531123468,0.5164474688765319,Hold,93.908104,93.908104,91.481155,92.19438,15602
2026-03-12 06:00:00,0,0.5164399381147337,0.48356006188526635,Sell,92.19438,92.84817,90.460846,91.68918,11817
2026-03-12 07:00:00,0,0.5317526029763011,0.4682473970236989,Sell,91.65946,91.65946,89.03439,89.59903,16148
2026-03-12 08:00:00,0,0.54387495140366,0.45612504859633995,Sell,89.58913,91.629745,89.39101,91.24341,15505
2026-03-12 09:00:00,0,0.559617616337418,0.440382383662582,Sell,91.21369,92.006165,90.19338,90.3816,12201
2026-03-12 10:00:00,0,0.566540551442043,0.43345944855795704,Sell,90.361786,90.985855,89.816956,90.213196,12506
2026-03-12 11:00:00,0,0.5548440787009341,0.4451559212990659,Sell,90.2231,91.97645,90.14385,91.79814,12070
2026-03-12 12:00:00,0,0.562625305872908,0.43737469412709196,Sell,91.77833,92.70949,91.51087,92.02598,14752
2026-03-12 13:00:00,0,0.5557441472360679,0.4442558527639321,Sell,92.006165,94.30434,91.69908,93.88829,36919
2026-03-12 14:00:00,0,0.528833427828204,0.471166572171796,Sell,93.908104,95.30484,93.323654,94.77982,39085
2026-03-12 15:00:00,0,0.4956176466658192,0.5043823533341808,Hold,94.76992,96.27562,93.4128,93.670364,46320
2026-03-12 16:00:00,0,0.43294243493487666,0.5670575650651233,Hold,93.65055,94.8987,92.154755,93.93782,30967
2026-03-12 17:00:00,0,0.3919344692181287,0.6080655307818713,Hold,93.92792,94.63123,93.33356,93.48215,16566
2026-03-12 18:00:00,0,0.3405559812337537,0.6594440187662463,Hold,93.48215,95.810036,93.036385,95.63173,25248
2026-03-12 19:00:00,0,0.32931095464246773,0.6706890453575323,Hold,95.65154,96.04778,94.52227,95.4138,13837
2026-03-12 20:00:00,0,0.3301068325479605,0.6698931674520394,Hold,95.423706,95.7506,94.80954,95.48315,6824
2026-03-12 22:00:00,0,0.3190599838340819,0.680940016165918,Hold,95.82985,97.16715,94.78973,95.31474,8952
2026-03-12 23:00:00,0,0.3382595473811346,0.6617404526188654,Hold,95.35437,96.5827,95.33456,95.70107,4483
2026-03-13 00:00:00,0,0.3619951624434875,0.6380048375565125,Hold,95.66145,95.81995,93.93782,94.67086,9085
2026-03-13 01:00:00,0,0.3763585147330247,0.6236414852669754,Hold,94.67086,95.31474,93.76942,94.80954,8719
2026-03-13 02:00:00,0,0.36477012596551217,0.6352298740344878,Hold,94.79964,95.572296,94.41331,95.34446,5174
2026-03-13 03:00:00,0,0.41176785935760435,0.5882321406423956,Hold,95.34446,95.70107,94.29443,94.67086,5102
2026-03-13 04:00:00,0,0.4491558937783112,0.5508441062216888,Hold,94.64114,94.96803,94.33406,94.37368,3025
2026-03-13 05:00:00,0,0.5013386029675366,0.49866139703246337,Sell,94.37368,94.73029,93.99725,94.22509,4466
2026-03-13 06:00:00,0,0.5077719029640376,0.4922280970359624,Sell,94.235,95.423706,93.63074,95.29493,7453
2026-03-13 07:00:00,0,0.5510598250449664,0.4489401749550336,Sell,95.31474,96.68176,95.13644,96.26571,11688
2026-03-13 08:00:00,0,0.5737615379856636,0.42623846201433635,Sell,96.22609,96.9195,94.5817,94.76001,15804
2026-03-13 09:00:00,0,0.573037575031999,0.42696242496800096,Sell,94.75011,95.374176,94.08641,94.87888,11513
2026-03-13 10:00:00,0,0.5653484783883358,0.4346515216116642,Sell,94.85907,95.03738,92.48165,92.79864,15802
2026-03-13 11:00:00,0,0.5529011713163217,0.44709882868367834,Sell,92.788734,94.14584,92.24391,92.550995,17618
2026-03-13 12:00:00,0,0.5499722371610122,0.4500277628389878,Sell,92.5708,93.50196,91.17407,92.689674,22236
2026-03-13 13:00:00,0,0.5535272627826757,0.4464727372173243,Sell,92.70949,93.69017,92.02598,93.54159,30161
2026-03-13 14:00:00,0,0.532616035339788,0.46738396466021204,Sell,93.53168,94.85907,93.135445,94.740204,21388
2026-03-13 15:00:00,0,0.48450879097120686,0.5154912090287931,Hold,94.73029,95.91901,94.50246,95.48315,25224
2026-03-13 16:00:00,0,0.44885553634699943,0.5511444636530005,Hold,95.49305,96.63223,95.31474,95.96854,20983
2026-03-13 17:00:00,0,0.42873959816058715,0.5712604018394128,Hold,95.958626,97.29593,95.48315,97.05818,20314
2026-03-13 18:00:00,0,0.37186519197378526,0.6281348080262148,Hold,97.038376,98.385574,96.0874,96.53317,34313
2026-03-13 19:00:00,0,0.35548745502888585,0.6445125449711142,Hold,96.56289,97.424706,96.32515,97.26621,9061
2026-03-13 20:00:00,0,0.3482627490742934,0.6517372509257067,Hold,97.28602,98.385574,97.276115,98.37567,8202
2026-03-15 22:00:00,0,0.3498889040937253,0.6501110959062747,Hold,99.98043,101.47623,98.40539,98.66294,18008
2026-03-15 23:00:00,0,0.365424854725046,0.634575145274954,Hold,98.65304,99.49504,97.474236,97.84075,10998
2026-03-16 00:00:00,0,0.36538286828058836,0.6346171317194116,Hold,97.85066,97.93981,96.42421,96.56289,10450
2026-03-16 01:00:00,0,0.3558600065048951,0.6441399934951049,Hold,96.552986,97.860565,95.82985,97.563385,9259
2026-03-16 02:00:00,0,0.3623930366328799,0.6376069633671201,Hold,97.5832,98.445015,97.18696,97.98934,7803
2026-03-16 03:00:00,0,0.422937175500571,0.5770628244994289,Hold,98.009155,98.40539,97.622826,98.31624,4903
2026-03-16 04:00:00,0,0.45347062532300225,0.5465293746769977,Hold,98.33605,98.85116,98.28652,98.593605,2587
2026-03-16 05:00:00,0,0.5055249787794699,0.4944750212205301,Sell,98.61341,98.80163,97.39499,97.523766,4296
2026-03-16 06:00:00,0,0.5236105450231742,0.47638945497682583,Sell,97.523766,98.7521,97.19687,97.97944,5352
2026-03-16 07:00:00,1,0.5645560707630934,0.43544392923690656,Sell,97.98934,100.07949,97.662445,99.54457,11327
2026-03-16 08:00:00,1,0.5770953283387168,0.4229046716612832,Sell,99.564384,99.950714,98.60351,98.831345,12011
2026-03-16 09:00:00,1,0.5837932682453021,0.4162067317546979,Sell,98.82144,99.33655,97.68226,98.21718,8783
2026-03-16 10:00:00,0,0.5892391980444532,0.41076080195554676,Sell,98.17755,98.36577,95.76051,95.92891,13908
2026-03-16 11:00:00,0,0.5827147608451761,0.41728523915482385,Sell,95.91901,96.89969,95.7506,96.0775,12970
2026-03-16 12:00:00,0,0.579156669129947,0.420843330870053,Sell,96.107216,96.48364,93.670364,94.36378,24573
2026-03-16 13:00:00,0,0.5889556918366051,0.4110443081633949,Sell,94.38359,94.78973,92.09532,92.47175,34690
2026-03-16 14:00:00,0,0.5664410421927786,0.4335589578072214,Sell,92.46184,94.52227,92.12504,94.26472,28787
2026-03-16 15:00:00,0,0.533137456086479,0.466862543913521,Sell,94.25481,94.83926,93.64064,94.5619,18827
2026-03-16 16:00:00,0,0.49901134485652143,0.5009886551434786,Hold,94.5817,95.67136,94.007164,94.67086,17927
2026-03-16 17:00:00,0,0.4578991331157582,0.5421008668842417,Hold,94.67086,94.70058,92.838264,93.4128,27295
2026-03-16 18:00:00,0,0.41128981227336814,0.5887101877266319,Hold,93.4128,93.68027,92.09532,92.600525,24886
2026-03-16 19:00:00,0,0.3991046636468891,0.6008953363531109,Hold,92.61043,93.86848,92.055695,92.491554,12517
2026-03-16 20:00:00,0,0.3807494583544301,0.6192505416455699,Hold,92.501465,93.521774,92.21419,93.33356,7643
2026-03-16 22:00:00,0,0.37320299084916425,0.6267970091508357,Hold,93.521774,94.42321,92.99676,94.0666,4075
2026-03-16 23:00:00,0,0.37411943104971235,0.6258805689502877,Hold,94.0765,94.42321,93.58121,94.03688,3253
2026-03-17 00:00:00,0,0.33382448536464576,0.6661755146353543,Hold,94.01707,95.45342,93.94772,94.99776,4934
2026-03-17 01:00:00,0,0.34803075287581026,0.6519692471241898,Hold,95.04729,95.28503,94.28453,94.92841,5930
2026-03-17 02:00:00,0,0.3421615270279922,0.6578384729720078,Hold,94.91851,95.25531,94.67086,95.08691,3134
2026-03-17 03:00:00,0,0.35937335627657213,0.6406266437234278,Hold,95.06709,95.39399,94.83926,95.13644,3006
2026-03-17 04:00:00,0,0.37477037344203873,0.6252296265579613,Hold,95.12653,95.38409,94.52227,94.93832,2055
2026-03-17 05:00:00,0,0.44639021598782797,0.5536097840121721,Hold,94.94823,97.06809,94.38359,96.889786,5399
2026-03-17 06:00:00,0,0.4708354792970828,0.5291645207029172,Hold,96.9096,97.49405,96.107216,96.63223,8066
2026-03-17 07:00:00,0,0.5097311673447028,0.4902688326552972,Sell,96.602516,96.83035,95.58221,96.008156,6723
2026-03-17 08:00:00,0,0.5298024248127458,0.47019757518725425,Sell,95.97844,96.99875,95.810036,96.53317,8087
2026-03-17 09:00:00,0,0.5363760852151077,0.4636239147848923,Sell,96.543076,96.552986,94.73029,94.98785,7612
2026-03-17 10:00:00,0,0.5376974202183503,0.4623025797816497,Sell,94.99776,96.01807,94.97794,95.29493,4424
2026-03-17 11:00:00,0,0.5362622396032554,0.46373776039674464,Sell,95.29493,96.107216,95.25531,95.99825,5200
2026-03-17 12:00:00,0,0.5514947236720406,0.44850527632795945,Sell,95.99825,96.107216,94.21519,94.22509,9294
2026-03-17 13:00:00,0,0.5548981454230097,0.44510185457699025,Sell,94.25481,94.46284,92.94723,94.22509,16821
2026-03-17 14:00:00,0,0.5136711287764015,0.48632887122359847,Sell,94.22509,94.66095,92.986855,93.30384,16041
2026-03-17 15:00:00,0,0.5020396878699637,0.49796031213003633,Sell,93.323654,95.077,93.036385,94.77982,17817
2026-03-17 16:00:00,0,0.4833099520823572,0.5166900479176428,Hold,94.77982,94.93832,93.46233,94.155754,17023
2026-03-17 17:00:00,0,0.4476539550980983,0.5523460449019018,Hold,94.17556,95.13644,94.0765,94.85907,16237
2026-03-17 18:00:00,0,0.3747213900730307,0.6252786099269694,Hold,94.84917,95.46333,94.48264,95.06709,15992
2026-03-17 19:00:00,0,0.34760647994888044,0.6523935200511195,Hold,95.05719,95.423706,94.76001,95.2454,4276
2026-03-17 20:00:00,0,0.33509020420818164,0.6649097957918184,Hold,95.25531,95.4138,94.92841,95.11662,2681
2026-03-17 22:00:00,0,0.3291282225470561,0.6708717774529439,Hold,95.09682,95.50295,94.106224,94.94823,2010
2026-03-17 23:00:00,0,0.33207947958364814,0.6679205204163519,Hold,94.8987,95.44352,94.76001,95.09682,1026
2026-03-18 00:00:00,0,0.32051366443843754,0.6794863355615625,Hold,95.09682,95.11662,93.759514,93.92792,1421
2026-03-18 01:00:00,0,0.35241300553858695,0.647586994461413,Hold,93.88829,94.29443,93.59111,94.11613,922
2026-03-18 02:00:00,0,0.36151539862233784,0.6384846013776622,Hold,94.08641,94.29443,93.10572,93.65055,966
2026-03-18 03:00:00,0,0.4005463193812101,0.5994536806187899,Hold,93.65055,93.74961,92.17457,92.303345,2145
2026-03-18 04:00:00,0,0.42564117120924794,0.5743588287907521,Hold,92.31325,92.442024,91.966545,92.28353,1806
2026-03-18 05:00:00,0,0.4775506434217011,0.5224493565782988,Hold,92.28353,92.67977,91.60993,91.78824,1882
2026-03-18 06:00:00,0,0.5288335558396008,0.4711664441603992,Sell,91.817955,92.491554,91.094826,92.38259,2107
2026-03-18 07:00:00,0,0.5634903843704355,0.4365096156295645,Sell,92.31325,92.877884,92.17457,92.81845,1668
2026-03-18 08:00:00,0,0.5293193307665442,0.47068066923345575,Sell,92.82836,93.7397,92.739204,93.393,3996
2026-03-18 09:00:00,0,0.5353782297448204,0.4646217702551796,Sell,93.38309,94.056694,93.2345,93.858574,1641
2026-03-18 10:00:00,0,0.5379144472396246,0.46208555276037544,Sell,93.86848,94.0765,93.56139,93.82886,1574
2026-03-18 11:00:00,0,0.5360688564289106,0.46393114357108944,Sell,93.82886,95.08691,93.422714,94.18547,3757
2026-03-18 12:00:00,0,0.5483387127047659,0.45166128729523414,Sell,94.18547,97.14734,94.11613,97.028465,7922
2026-03-18 13:00:00,0,0.5397087194165465,0.4602912805834535,Sell,96.879875,98.16765,96.63223,97.97944,7533
2026-03-18 14:00:00,0,0.5304775715964835,0.46952242840351655,Sell,98.009155,98.47473,97.325645,97.92991,5559
2026-03-18 15:00:00,0,0.5114392536521296,0.4885607463478704,Sell,97.93981,98.435104,96.95913,97.30583,7041
2026-03-18 16:00:00,0,0.4524814723333044,0.5475185276666956,Hold,97.226585,97.513855,96.543076,97.127525,5292
2026-03-18 17:00:00,0,0.4250593358445938,0.5749406641554062,Hold,97.127525,97.70207,95.11662,95.26521,5827
2026-03-18 18:00:00,0,0.37117304075507584,0.6288269592449242,Hold,95.30484,96.453926,94.4034,96.28552,7671
2026-03-18 19:00:00,0,0.3416776670785755,0.6583223329214245,Hold,96.305336,97.84075,95.909096,97.53367,2800
2026-03-18 20:00:00,0,0.33352392013619336,0.6664760798638066,Hold,97.55348,99.604004,97.43461,98.880875,2526
2026-03-18 22:00:00,0,0.33891041712596476,0.6610895828740353,Hold,98.197365,98.593605,97.50395,98.11812,922
2026-03-18 23:00:00,0,0.34677330738414147,0.6532266926158585,Hold,98.0884,98.544075,97.325645,98.197365,616
2026-03-19 00:00:00,0,0.36188943828483217,0.6381105617151679,Hold,98.197365,99.05638,98.04754,98.24731,12853
2026-03-19 01:00:00,0,0.356929705450485,0.643070294549515,Hold,98.24731,98.54697,97.30839,97.93766,10805
2026-03-19 02:00:00,0,0.37993795510507083,0.6200620448949292,Hold,97.93766,98.137436,95.6403,96.079796,17367
2026-03-19 03:00:00,0,0.4163108658459233,0.5836891341540766,Hold,96.079796,96.439384,95.74018,96.359474,6931
2026-03-19 04:00:00,0,0.44201439076762183,0.5579856092323782,Hold,96.36946,96.72905,96.18967,96.4194,4056
2026-03-19 05:00:00,0,0.4728712468069616,0.5271287531930384,Hold,96.39943,97.158554,95.85006,96.36946,8023
2026-03-19 06:00:00,0,0.4851877247715566,0.5148122752284434,Hold,96.3395,96.69908,95.92997,96.22962,8687
2026-03-19 07:00:00,0,0.5316461440339508,0.46835385596604917,Sell,96.219635,96.878876,95.21079,96.65913,19313
2026-03-19 08:00:00,0,0.5513968491845419,0.4486031508154581,Sell,96.63915,97.18852,95.70023,96.67911,19001
2026-03-19 09:00:00,0,0.5578593593205787,0.44214064067942127,Sell,96.67911,98.84662,94.301834,95.05097,41140
2026-03-19 10:00:00,0,0.5633904379376601,0.4366095620623399,Sell,95.05097,96.38944,94.75132,96.11975,20456
2026-03-19 11:00:00,0,0.5438661392051025,0.4561338607948975,Sell,96.11975,97.62802,95.84007,96.52928,14811
2026-03-19 12:00:00,0,0.5476214622430332,0.4523785377569668,Sell,96.55924,96.82893,95.16085,96.17968,23469
2026-03-19 13:00:00,0,0.5375988681316276,0.4624011318683724,Sell,96.17968,97.13858,95.25075,95.97991,41511
2026-03-19 14:00:00,0,0.5326791745009374,0.4673208254990626,Sell,95.96992,97.12859,95.670265,96.38944,28418
2026-03-19 15:00:00,1,0.5056664461715024,0.49433355382849764,Sell,96.39943,100.364876,95.58037,97.96763,66671
2026-03-19 16:00:00,0,0.466107262726412,0.533892737273588,Hold,97.93766,98.55695,96.52928,97.02871,35529
2026-03-19 17:00:00,0,0.4446956087123088,0.5553043912876912,Hold,97.018715,97.16855,95.01102,95.69024,28235
2026-03-19 18:00:00,0,0.378547868484343,0.6214521315156569,Hold,95.69024,96.08978,94.052124,94.87118,35450
2026-03-19 19:00:00,0,0.36099210218405403,0.6390078978159459,Hold,94.86119,95.19081,91.994484,94.12204,42874
2026-03-19 20:00:00,0,0.33842270176795175,0.6615772982320482,Hold,94.11205,94.66142,93.862335,94.48163,7314
2026-03-19 22:00:00,0,0.3400986438298433,0.6599013561701568,Hold,94.351776,94.69138,93.84236,93.88232,2250
2026-03-19 23:00:00,0,0.34703424521689086,0.6529657547831091,Hold,93.84236,94.04213,93.51274,93.85235,2286
2026-03-20 00:00:00,0,0.37287977677678813,0.6271202232232118,Hold,93.85235,94.34179,93.29299,94.09207,5603
2026-03-20 01:00:00,0,0.4151228961232557,0.5848771038767443,Hold,94.06211,94.241905,92.36406,92.86349,11139
2026-03-20 02:00:00,0,0.404613263981905,0.595386736018095,Hold,92.85349,93.612625,92.75361,93.5527,6754
2026-03-20 03:00:00,0,0.40307797133939466,0.5969220286606054,Hold,93.5427,94.052124,93.27301,93.76245,4006
2026-03-20 04:00:00,0,0.43420670407347645,0.5657932959265235,Hold,93.74248,93.96223,93.30298,93.942245,2507
2026-03-20 05:00:00,0,0.4651761752167242,0.5348238247832757,Hold,93.95223,94.12204,93.18312,93.33295,4627
2026-03-20 06:00:00,0,0.5082928761221456,0.4917071238778544,Sell,93.33295,94.64144,93.32296,94.40172,5807
2026-03-20 07:00:00,0,0.5380473837246523,0.46195261627534767,Sell,94.40172,94.67141,93.43283,93.58266,7809
2026-03-20 08:00:00,0,0.5533666252305213,0.44663337476947873,Sell,93.5527,95.41056,93.18312,95.3806,18527
2026-03-20 09:00:00,0,0.5483523735636475,0.4516476264363525,Sell,95.36062,96.04983,94.97107,95.77015,15051
2026-03-20 10:00:00,0,0.5597206657851884,0.4402793342148116,Sell,95.77015,96.3395,95.19081,95.33065,10178
2026-03-20 11:00:00,0,0.5636875597800067,0.43631244021999327,Sell,95.32066,95.40057,93.97221,94.082085,12782
2026-03-20 12:00:00,0,0.5527092931441606,0.4472907068558394,Sell,94.0721,95.09093,93.79242,94.89116,15539
2026-03-20 13:00:00,0,0.5604515469958569,0.43954845300414314,Sell,94.89116,96.10976,94.67141,95.919975,24205
2026-03-20 14:00:00,0,0.5425729144643477,0.45742708553565226,Sell,95.9,96.958786,95.17084,96.73904,22443
2026-03-20 15:00:00,0,0.5027717578377554,0.4972282421622446,Sell,96.72905,96.92882,95.58037,96.44937,24614
2026-03-20 16:00:00,0,0.4405619214802211,0.5594380785197789,Hold,96.44937,97.66798,96.11975,97.428246,19826
2026-03-20 17:00:00,0,0.4075905038999139,0.5924094961000861,Hold,97.428246,98.39713,97.26843,97.9077,26762
2026-03-20 18:00:00,0,0.3641903480266041,0.6358096519733959,Hold,97.9077,98.63686,96.82893,98.47704,43671
2026-03-20 19:00:00,0,0.34730754432943994,0.65269245567056,Hold,98.47704,98.63686,97.28841,97.36832,15071
2026-03-20 20:00:00,0,0.36516061039887543,0.6348393896011246,Hold,97.3783,98.04754,97.32836,97.977615,7039
2026-03-22 22:00:00,0,0.32968777764717555,0.6703122223528244,Hold,100.394844,101.38371,96.63915,97.96763,21666
2026-03-22 23:00:00,0,0.32446756836693924,0.6755324316330608,Hold,97.977615,98.666824,97.707924,98.47704,4523
2026-03-23 00:00:00,0,0.32284031644554345,0.6771596835544565,Hold,98.46706,98.826645,97.787834,98.04754,5757
2026-03-23 01:00:00,0,0.34640743734439144,0.6535925626556085,Hold,98.04754,98.63686,97.87773,98.46706,7385
2026-03-23 02:00:00,0,0.3514429648263168,0.6485570351736831,Hold,98.45707,98.99645,98.28726,98.7767,5320
2026-03-23 03:00:00,0,0.3829115446955065,0.6170884553044935,Hold,98.7767,99.216194,98.746735,99.09634,2993
2026-03-23 04:00:00,0,0.40965576090096084,0.5903442390990392,Hold,99.09634,99.18623,98.686806,98.7767,2124
2026-03-23 05:00:00,0,0.4727469400339711,0.5272530599660289,Hold,98.78669,98.87659,97.84776,98.37716,4867
2026-03-23 06:00:00,1,0.49176729686255266,0.5082327031374474,Hold,98.387146,100.724464,98.26729,100.45477,14058
2026-03-23 07:00:00,1,0.527817771633343,0.472182228366657,Sell,100.4348,101.55351,100.21505,100.98417,10772
2026-03-23 08:00:00,1,0.5357389927823001,0.4642610072176999,Sell,100.98417,100.98417,99.22619,99.22619,18330
2026-03-23 09:00:00,1,0.5499263340072206,0.4500736659927794,Sell,99.20621,99.32607,97.9976,98.7767,12839
2026-03-23 10:00:00,1,0.5436941996479612,0.4563058003520388,Sell,98.766716,99.316086,97.28841,98.47704,9686
2026-03-23 11:00:00,0,0.4994857100011762,0.5005142899988237,Hold,98.46706,98.65684,84.27334,92.39402,71371
2026-03-23 12:00:00,0,0.5090467736998365,0.49095322630016347,Sell,92.38403,93.21308,88.4885,89.29758,37921
2026-03-23 13:00:00,0,0.5065086354022132,0.49349136459778675,Sell,89.26761,91.18541,88.02903,89.03787,39713
2026-03-23 14:00:00,0,0.5092683817852732,0.4907316182147268,Sell,89.04786,90.20653,87.86921,89.14774,35005
2026-03-23 15:00:00,0,0.5176927848774342,0.4823072151225658,Sell,89.14774,90.72594,85.33212,90.39632,68148
2026-03-23 16:00:00,0,0.4577901044837001,0.5422098955163,Hold,90.36635,91.76475,89.007904,89.54729,40683
2026-03-23 17:00:00,0,0.4317869986183879,0.5682130013816121,Hold,89.54729,90.20653,88.398605,88.5784,25995
2026-03-23 18:00:00,0,0.40996455426532274,0.5900354457346773,Hold,88.56841,89.40745,86.63063,87.6195,33094
2026-03-23 19:00:00,0,0.4003943070713649,0.5996056929286351,Hold,87.59952,88.74821,87.329834,88.60837,9921
2026-03-23 20:00:00,0,0.3613555907695701,0.63864440923043,Hold,88.59837,89.357506,88.288734,88.76818,5110
2026-03-23 22:00:00,0,0.3710215579755995,0.6289784420244005,Hold,88.67828,89.39746,88.618355,89.027885,2014
2026-03-23 23:00:00,0,0.37416456146641386,0.6258354385335861,Hold,89.027885,89.48736,88.398605,89.34752,3037
2026-03-24 00:00:00,0,0.3646367678184207,0.6353632321815793,Hold,89.337524,90.895744,89.247635,90.30642,10418
2026-03-24 01:00:00,0,0.35908760240010107,0.6409123975998989,Hold,90.296425,91.79471,90.28644,91.42513,7563
2026-03-24 02:00:00,0,0.3502630553395126,0.6497369446604875,Hold,91.415146,91.89459,90.845795,91.15544,6461
2026-03-24 03:00:00,0,0.3835887807747135,0.6164112192252865,Hold,91.17542,91.75475,91.13547,91.52502,2664
2026-03-24 04:00:00,0,0.37771524792747263,0.6222847520725274,Hold,91.51503,91.93455,91.365204,91.415146,2615
2026-03-24 05:00:00,0,0.4096074423416021,0.5903925576583979,Hold,91.43512,92.184265,91.20538,91.475075,4519
2026-03-24 06:00:00,0,0.4460784367125761,0.5539215632874239,Hold,91.48506,91.554985,90.50619,90.73592,7073
2026-03-24 07:00:00,0,0.48003821271890035,0.5199617872810997,Hold,90.7559,90.97565,89.28758,89.337524,12454
2026-03-24 08:00:00,0,0.4890611548039322,0.5109388451960678,Hold,89.34752,90.705956,89.007904,90.436264,17924
2026-03-24 09:00:00,0,0.4936496476443032,0.5063503523556968,Hold,90.436264,91.34522,90.16658,90.296425,8824
2026-03-24 10:00:00,0,0.49412032835962477,0.5058796716403753,Hold,90.31641,90.536156,89.32754,90.266464,7916
2026-03-24 11:00:00,0,0.48795400440111597,0.5120459955988841,Hold,90.266464,91.32525,89.86692,90.76589,10581
2026-03-24 12:00:00,0,0.47320751881835027,0.5267924811816498,Hold,90.7559,92.104355,90.675995,91.694824,16008
2026-03-24 13:00:00,0,0.475306883867341,0.524693116132659,Hold,91.68484,92.573814,91.335236,91.964516,26495
2026-03-24 14:00:00,0,0.47054768111799594,0.5294523188820041,Hold,91.9745,92.20424,90.41629,91.04557,33830
2026-03-24 15:00:00,1,0.43584105051849004,0.56415894948151,Hold,91.04557,92.28415,90.456245,92.12433,20597
2026-03-24 16:00:00,1,0.39525391972166085,0.6047460802783391,Hold,92.11434,92.78358,91.81469,92.53386,18440
2026-03-24 17:00:00,1,0.3539251809437628,0.6460748190562372,Hold,92.56383,93.25304,91.085526,91.65487,23885
2026-03-24 18:00:00,1,0.33500415875501655,0.6649958412449835,Hold,91.664856,92.513885,90.845795,91.65487,25616
2026-03-24 19:00:00,1,0.3193819918966031,0.6806180081033969,Hold,91.65487,91.884605,91.05556,91.79471,6688
2026-03-24 20:00:00,0,0.33797858162522015,0.6620214183747799,Hold,91.79471,91.84465,86.24108,88.288734,28912
2026-03-24 22:00:00,0,0.3101769555478089,0.6898230444521911,Hold,88.38862,89.25762,87.69941,88.67828,5434
2026-03-24 23:00:00,0,0.31031385295484837,0.6896861470451516,Hold,88.648315,88.89803,88.40859,88.758194,2565
2026-03-25 00:00:00,0,0.3645811726541942,0.6354188273458058,Hold,88.788155,88.89803,86.62064,87.689415,10856
2026-03-25 01:00:00,0,0.3988448808030303,0.6011551191969697,Hold,87.689415,87.97909,86.69057,87.48965,6823
2026-03-25 02:00:00,0,0.3632783725696006,0.6367216274303994,Hold,87.49963,89.06784,87.219955,88.89803,4974
2026-03-25 03:00:00,0,0.4095950234484864,0.5904049765515136,Hold,88.928,89.12777,88.26875,88.84809,4269
2026-03-25 04:00:00,0,0.41544603944755193,0.5845539605524481,Hold,88.85808,88.99792,88.178856,88.2288,2850
2026-03-25 05:00:00,0,0.4597256283673137,0.5402743716326863,Hold,88.26875,89.247635,88.258766,89.06784,2884
2026-03-25 06:00:00,0,0.4687704856151374,0.5312295143848627,Hold,89.04786,89.46738,88.808136,89.11778,4229
2026-03-25 07:00:00,0,0.5164041082113199,0.4835958917886801,Sell,89.10779,89.15774,88.148895,88.26875,7446
2026-03-25 08:00:00,0,0.5275048779204462,0.4724951220795538,Sell,88.24878,88.43856,86.49079,87.5296,19204
2026-03-25 09:00:00,0,0.5329349919757562,0.4670650080242438,Sell,87.50963,88.68827,87.08012,87.64947,11188
2026-03-25 10:00:00,0,0.5715018012171373,0.42849819878286266,Sell,87.60951,87.83925,86.80044,86.99022,8962
2026-03-25 11:00:00,0,0.5682890367563159,0.4317109632436841,Sell,87.000206,87.85922,86.36094,87.16003,13965
2026-03-25 12:00:00,0,0.5285398160795011,0.47146018392049893,Sell,87.15004,89.28758,86.93029,88.35865,25896
2026-03-25 13:00:00,0,0.5274158691400745,0.47258413085992546,Sell,88.34866,88.70825,87.31984,88.58839,29964
2026-03-25 14:00:00,0,0.49052822486377984,0.5094717751362201,Hold,88.59837,89.07783,88.15888,88.91801,23964
2026-03-25 15:00:00,0,0.43880095182235884,0.5611990481776412,Hold,88.91801,90.28644,88.73821,90.236496,25844
2026-03-25 16:00:00,0,0.38789672769548766,0.6121032723045123,Hold,90.25648,90.57611,89.25762,90.08667,23900
2026-03-25 17:00:00,0,0.3508312599636165,0.6491687400363835,Hold,90.07668,90.845795,89.12777,90.20653,26152
2026-03-25 18:00:00,0,0.30525114561450983,0.6947488543854902,Hold,90.21652,91.27531,89.80699,91.1055,21969
2026-03-25 19:00:00,0,0.28179376613344176,0.7182062338665582,Hold,91.13547,91.6249,90.456245,90.845795,7836
2026-03-25 20:00:00,0,0.29454601955575793,0.7054539804442421,Hold,90.83581,91.395164,90.83581,91.18541,2896
2026-03-25 22:00:00,0,0.3014458217025841,0.6985541782974158,Hold,91.27531,91.31526,90.77588,90.895744,1446
2026-03-25 23:00:00,0,0.3001096933291323,0.6998903066708677,Hold,90.87576,91.12548,90.60607,90.97565,1073
2026-03-26 00:00:00,0,0.2887256744663931,0.7112743255336069,Hold,90.97565,91.495056,90.845795,91.13547,3808
2026-03-26 01:00:00,0,0.3104686036863598,0.6895313963136402,Hold,91.09551,91.50504,90.83581,91.16543,3523
2026-03-26 02:00:00,0,0.31924351299505394,0.6807564870049461,Hold,91.18541,91.884605,90.97565,91.79471,4091
2026-03-26 03:00:00,0,0.3642968647560245,0.6357031352439755,Hold,91.804695,91.994484,91.475075,91.634895,2760
2026-03-26 04:00:00,0,0.38373005152337686,0.6162699484766232,Hold,91.64488,92.044426,91.51503,91.964516,2039
2026-03-26 05:00:00,0,0.43053199534270903,0.569468004657291,Hold,91.9745,92.324104,91.81469,92.23421,4407
2026-03-26 06:00:00,0,0.46611042758547494,0.5338895724145251,Hold,92.23421,92.39402,91.994484,92.20424,6033
2026-03-26 07:00:00,0,0.5119768329064264,0.48802316709357363,Sell,92.20424,93.22307,92.184265,92.97336,8986
2026-03-26 08:00:00,0,0.5167595653163661,0.48324043468363387,Sell,92.94339,94.022156,92.593796,93.5527,12983
2026-03-26 09:00:00,0,0.530583181424202,0.469416818575798,Sell,93.532715,93.84236,93.09322,93.40286,8902
2026-03-26 10:00:00,0,0.5377320906846903,0.4622679093153097,Sell,93.40286,93.64259,92.55384,93.143166,9390
2026-03-26 11:00:00,0,0.53144249131755,0.46855750868245005,Sell,93.13317,94.73134,92.9334,94.551544,9552
2026-03-26 12:00:00,0,0.5239578868244674,0.4760421131755326,Sell,94.571526,94.711365,93.85235,94.32181,11927
2026-03-26 13:00:00,0,0.5590487561214562,0.4409512438785438,Sell,94.32181,94.37176,92.61377,92.75361,27313
2026-03-26 14:00:00,0,0.5199948498185286,0.4800051501814714,Sell,92.77359,94.082085,92.324104,93.59264,32402
2026-03-26 15:00:00,1,0.4581955926506722,0.5418044073493278,Hold,93.57267,94.631454,93.38289,94.48163,22337
2026-03-26 16:00:00,1,0.41979794153855987,0.5802020584614401,Hold,94.47164,95.13088,94.21194,94.601494,18010
2026-03-26 17:00:00,1,0.39121692169620376,0.6087830783037962,Hold,94.601494,95.33065,94.5016,95.13088,13648
2026-03-26 18:00:00,1,0.3542009037449789,0.6457990962550211,Hold,95.13088,95.180824,93.96223,94.21194,16341
2026-03-26 19:00:00,1,0.3301040488773586,0.6698959511226414,Hold,94.21194,94.551544,93.87233,93.99219,5834
2026-03-26 20:00:00,0,0.33604522570730394,0.6639547742926961,Hold,94.002174,94.351776,89.40745,93.68254,21277
2026-03-26 22:00:00,0,0.29714500026250407,0.702854999737496,Hold,93.203094,93.6326,92.91343,93.13317,2003
2026-03-26 23:00:00,0,0.30086122961135303,0.6991387703886469,Hold,93.15315,93.35292,92.953384,93.143166,1337
2026-03-27 00:00:00,0,0.3374689612116983,0.6625310387883017,Hold,93.13317,94.04213,92.63375,93.97221,5496
2026-03-27 01:00:00,0,0.38551944607829874,0.6144805539217013,Hold,93.97221,94.09207,92.86349,92.953384,4529
2026-03-27 02:00:00,0,0.3697049672131478,0.6302950327868522,Hold,92.9334,93.4628,91.9745,93.29299,5052
2026-03-27 03:00:00,0,0.40024869927407164,0.5997513007259283,Hold,93.27301,93.692535,93.24305,93.38289,2582
2026-03-27 04:00:00,0,0.4161774719238951,0.5838225280761049,Hold,93.38289,93.76245,93.34293,93.71251,1509
2026-03-27 05:00:00,0,0.44742295346522964,0.5525770465347704,Hold,93.692535,93.9822,93.43283,93.96223,3240
2026-03-27 06:00:00,0,0.4745516168545389,0.525448383145461,Hold,93.95223,94.34179,93.56268,94.241905,4246
2026-03-27 07:00:00,0,0.5208401011955112,0.47915989880448884,Sell,94.221924,95.36062,94.11205,94.961075,9933
2026-03-27 08:00:00,0,0.5327752795325238,0.4672247204674762,Sell,94.97107,96.19965,94.75132,95.9899,12155
2026-03-27 09:00:00,0,0.5193648297731905,0.48063517022680946,Sell,95.9899,96.63915,95.66028,95.9899,8943
2026-03-27 10:00:00,0,0.5356274888957651,0.46437251110423494,Sell,95.9899,97.02871,95.69024,96.92882,7749
2026-03-27 11:00:00,0,0.5345508734921266,0.4654491265078734,Sell,96.91883,97.10861,96.17968,96.52928,7759
2026-03-27 12:00:00,0,0.5084467449755666,0.49155325502443337,Sell,96.52928,97.13858,96.329506,96.65913,9741
2026-03-27 13:00:00,0,0.5295961370556788,0.47040386294432124,Sell,96.65913,97.75787,96.45936,97.647995,22274
2026-03-27 14:00:00,0,0.5041583170303451,0.4958416829696549,Sell,97.65798,98.23732,96.74902,98.06751,23712
2026-03-27 15:00:00,0,0.47268474740238847,0.5273152525976115,Hold,98.06751,98.0775,96.848915,97.87773,21735
2026-03-27 16:00:00,0,0.43189203064203974,0.5681079693579603,Hold,97.867744,98.78669,97.61803,98.69679,18121
2026-03-27 17:00:00,0,0.41733194458836814,0.5826680554116319,Hold,98.69679,98.72676,97.96763,98.47704,14408
2026-03-27 18:00:00,0,0.36873106387049837,0.6312689361295016,Hold,98.48703,99.925385,98.43709,99.05638,33377
2026-03-27 19:00:00,0,0.34724184688280946,0.6527581531171905,Hold,99.046394,100.42481,98.71677,99.54582,18121
2026-03-27 20:00:00,0,0.3767485379241384,0.6232514620758616,Hold,99.52584,101.12401,98.88657,101.06408,12477
2026-03-29 22:00:00,0,0.3682467114885924,0.6317532885114077,Hold,102.48245,103.26156,101.074066,102.003,11834
2026-03-29 23:00:00,0,0.3700470296192794,0.6299529703807206,Hold,102.01299,102.802086,101.7433,102.67223,4799
2026-03-30 00:00:00,0,0.41022075666952496,0.589779243330475,Hold,102.68222,103.03182,100.93423,102.90197,11173
2026-03-30 01:00:00,0,0.4082796867671339,0.5917203132328661,Hold,102.93194,103.09175,101.59347,101.86316,6683
2026-03-30 02:00:00,0,0.3951019067845499,0.6048980932154501,Hold,101.873146,102.941925,101.0441,101.55351,6332
2026-03-30 03:00:00,0,0.461160369841793,0.538839630158207,Hold,101.55351,101.63342,100.145134,101.463615,10013
2026-03-30 04:00:00,0,0.5041291381270014,0.49587086187299856,Sell,101.463615,101.463615,100.964195,101.353745,2369
2026-03-30 05:00:00,0,0.5562826594418823,0.44371734055811773,Sell,101.373726,101.41367,100.444786,100.73446,4122
2026-03-30 06:00:00,0,0.578771165268208,0.42122883473179196,Sell,100.71448,101.653404,100.30495,101.47361,6057
2026-03-30 07:00:00,0,0.5879098159312948,0.41209018406870523,Sell,101.463615,102.07292,101.024124,101.573494,8399
2026-03-30 08:00:00,0,0.6055057506108578,0.39449424938914224,Sell,101.56351,102.372574,100.54467,100.9542,10554
2026-03-30 09:00:00,0,0.6135844417780503,0.38641555822194973,Sell,100.944214,101.73331,100.64456,101.47361,6251
2026-03-30 10:00:00,0,0.605407636335876,0.394592363664124,Sell,101.4836,101.923096,101.18394,101.58348,4499
2026-03-30 11:00:00,0,0.596707639951825,0.40329236004817504,Sell,101.573494,101.653404,99.316086,100.994156,14105
2026-03-30 12:00:00,0,0.5891573350375899,0.41084266496241006,Sell,100.98417,101.373726,100.38486,100.56465,10655
2026-03-30 13:00:00,0,0.6006171696991998,0.39938283030080024,Sell,100.57464,102.74215,99.87544,102.28268,27799
2026-03-30 14:00:00,0,0.6037122041596432,0.3962877958403568,Sell,102.29267,102.392555,101.213905,101.95306,22629
2026-03-30 15:00:00,0,0.5400660732311834,0.4599339267688166,Sell,101.95306,102.91196,101.38371,102.85203,23808
2026-03-30 16:00:00,0,0.531004311539452,0.46899568846054795,Sell,102.84204,103.741005,102.34261,102.81207,18699
2026-03-30 17:00:00,0,0.5149170213139597,0.48508297868604033,Sell,102.802086,103.61115,102.612305,103.25157,15369
2026-03-30 18:00:00,0,0.4548282209298319,0.5451717790701681,Hold,103.26156,103.29152,102.232735,103.20162,19149
2026-03-30 19:00:00,0,0.41799886672252384,0.5820011332774762,Hold,103.191635,104.230446,103.04181,104.0107,12436
2026-03-30 20:00:00,0,0.3759579942471266,0.6240420057528734,Hold,104.00071,105.23929,103.99072,104.88969,7011
2026-03-30 22:00:00,1,0.3526714551923556,0.6473285448076445,Hold,104.94962,105.51897,104.38027,105.44905,2677
2026-03-30 23:00:00,1,0.37036477544682145,0.6296352245531786,Hold,105.45904,106.73757,105.37913,106.08832,6672
2026-03-31 00:00:00,0,0.3884058683226532,0.6115941316773468,Hold,106.05835,106.41794,103.94078,103.95077,11246
2026-03-31 01:00:00,0,0.3832040391875788,0.6167959608124212,Hold,103.94078,104.62999,100.71448,101.56351,19151
2026-03-31 02:00:00,0,0.3806509617241435,0.6193490382758565,Hold,101.543526,102.46247,101.31379,102.12286,7005
2026-03-31 03:00:00,0,0.43802887406114205,0.561971125938858,Hold,102.14284,103.04181,101.45363,102.872,5276
2026-03-31 04:00:00,0,0.47495357195333004,0.52504642804667,Hold,102.85203,103.01184,102.472466,102.68222,2161
2026-03-31 05:00:00,0,0.49578930544520233,0.5042106945547977,Hold,102.66225,103.331474,102.34261,102.60231,3577
2026-03-31 06:00:00,0,0.526789725718875,0.47321027428112505,Sell,102.58234,102.941925,102.33262,102.54238,3499
2026-03-31 07:00:00,0,0.5690102582256814,0.4309897417743186,Sell,102.55237,103.32149,101.683365,101.9131,7664
2026-03-31 08:00:00,0,0.587925952988033,0.41207404701196704,Sell,101.923096,102.7921,101.79324,102.34261,10107
2026-03-31 09:00:00,0,0.5901303066953378,0.40986969330466216,Sell,102.3526,104.21047,101.18394,104.08062,13979
2026-03-31 10:00:00,1,0.5784818687448713,0.4215181312551287,Sell,104.08062,104.8797,103.55122,104.699905,11627
2026-03-31 11:00:00,0,0.5933542728290098,0.40664572717099023,Sell,104.70989,105.09945,102.422516,102.7022,20451
2026-03-31 12:00:00,0,0.588622537780384,0.411377462219616,Sell,102.68222,103.91081,102.15283,103.04181,18867
2026-03-31 13:00:00,0,0.5896208604225026,0.4103791395774974,Sell,103.06178,103.77097,102.08291,102.3526,21747
2026-03-31 14:00:00,0,0.5785254151280013,0.42147458487199874,Sell,102.3526,104.28039,101.99301,104.17052,29241
2026-03-31 15:00:00,1,0.5286076988649702,0.47139230113502983,Sell,104.17052,104.65995,103.4014,104.49015,28039
2026-03-31 16:00:00,0,0.47403249155264043,0.5259675084473596,Hold,104.50014,104.919655,99.88543,101.71333,58066
2026-03-31 17:00:00,0,0.44976022225623635,0.5502397777437636,Hold,101.69336,102.52241,99.50587,102.312645,43019
2026-03-31 18:00:00,0,0.3843089694064185,0.6156910305935814,Hold,102.32263,102.38257,100.68451,102.22275,35096
2026-03-31 19:00:00,0,0.3462053549535276,0.6537946450464724,Hold,102.21276,102.38257,101.53354,101.96304,7357
2026-03-31 20:00:00,0,0.3407503306960339,0.6592496693039661,Hold,101.983025,102.03297,100.554665,101.44364,5877
2026-03-31 22:00:00,0,0.3131469783609742,0.6868530216390258,Hold,101.60346,102.73216,101.40369,102.08291,3102
2026-03-31 23:00:00,0,0.33727939913544275,0.6627206008645572,Hold,102.08291,102.12286,101.49358,101.49358,2819
2026-04-01 00:00:00,1,0.2810204415447872,0.7189795584552128,Hold,101.513565,102.452484,101.433655,102.02298,4164
2026-04-01 01:00:00,1,0.31182912045119004,0.68817087954881,Hold,102.02298,103.04181,101.763275,102.862015,6365
2026-04-01 02:00:00,1,0.309040805659719,0.6909591943402811,Hold,102.84204,103.191635,102.41253,103.06178,2372
2026-04-01 03:00:00,1,0.33932979183333095,0.6606702081666691,Hold,103.06178,103.191635,102.68222,102.83205,2188
2026-04-01 04:00:00,1,0.38860721781661195,0.611392782183388,Hold,102.84204,103.01184,102.392555,102.4425,1804
2026-04-01 05:00:00,1,0.4333327329836349,0.566667267016365,Hold,102.452484,102.56236,100.914246,101.16396,5938
2026-04-01 06:00:00,0,0.4542121033333356,0.5457878966666644,Hold,101.14399,101.22389,96.53927,96.86889,27178
2026-04-01 07:00:00,0,0.5072510777858008,0.4927489222141992,Sell,96.83892,98.47704,96.38944,98.24731,18897
2026-04-01 08:00:00,0,0.49036189250310747,0.5096381074968925,Hold,98.24731,99.30609,97.837776,99.20621,14455
2026-04-01 09:00:00,0,0.4911233175118564,0.5088766824881437,Hold,99.20621,100.54467,98.99645,99.94536,12541
2026-04-01 10:00:00,0,0.48411295921505454,0.5158870407849454,Hold,99.925385,100.474754,99.32607,99.865456,11091
2026-04-01 11:00:00,0,0.5155600185051314,0.48443998149486855,Sell,99.845474,100.04524,98.21735,98.686806,12149
2026-04-01 12:00:00,0,0.49162538633471276,0.5083746136652872,Hold,98.666824,100.77441,97.89771,100.46477,26260
2026-04-01 13:00:00,0,0.48572818681548496,0.514271813184515,Hold,100.474754,100.89427,98.32722,98.84662,31709
2026-04-01 14:00:00,0,0.46526405256922065,0.5347359474307793,Hold,98.84662,99.46591,98.117455,98.9565,25788
2026-04-01 15:00:00,0,0.4454013968623774,0.5545986031376227,Hold,98.9465,100.16511,98.826645,99.61574,20682
2026-04-01 16:00:00,0,0.40978909801523894,0.590210901984761,Hold,99.625725,100.744446,99.515854,99.9154,16106
2026-04-01 17:00:00,0,0.382475225873661,0.617524774126339,Hold,99.89542,99.925385,98.46706,99.19622,18284
2026-04-01 18:00:00,0,0.3306544944760625,0.6693455055239375,Hold,99.19622,100.32493,99.05638,99.71562,22383
2026-04-01 19:00:00,0,0.3150198787440548,0.6849801212559452,Hold,99.7356,99.77556,98.73675,99.40598,10051
2026-04-01 20:00:00,0,0.301954648027593,0.698045351972407,Hold,99.41597,99.88543,98.64685,98.79668,3597
2026-04-01 22:00:00,0,0.2887041452728012,0.7112958547271988,Hold,98.80666,99.09634,98.25729,98.936516,1485
2026-04-01 23:00:00,0,0.2897099198497359,0.7102900801502641,Hold,98.91654,99.0364,98.517,98.826645,1715
2026-04-02 00:00:00,0,0.31447719010439545,0.6855228098956045,Hold,98.766716,98.906555,97.38829,97.91769,7454
2026-04-02 01:00:00,0,0.32839686263974893,0.6716031373602511,Hold,97.91769,104.38027,97.66798,104.05065,31939
2026-04-02 02:00:00,0,0.32494674211921587,0.6750532578807842,Hold,104.00071,104.52011,103.42137,103.681076,7873
2026-04-02 03:00:00,0,0.3882319939774374,0.6117680060225625,Hold,103.681076,104.70989,103.59118,104.590034,4442
2026-04-02 04:00:00,0,0.4178880287567344,0.5821119712432656,Hold,104.58005,105.52895,104.530106,104.839745,6853
2026-04-02 05:00:00,0,0.46482287217714385,0.5351771278228561,Hold,104.81977,106.02838,104.39026,106.018394,5822
2026-04-02 06:00:00,0,0.48217079801754276,0.5178292019824573,Hold,105.97844,106.62769,105.72873,105.97844,11417
2026-04-02 07:00:00,0,0.5580993261908844,0.4419006738091156,Sell,105.94848,106.54779,105.688774,106.11828,7450
2026-04-02 08:00:00,0,0.57617553588805,0.42382446411194996,Sell,106.11828,107.117134,105.938484,107.10715,9448
2026-04-02 09:00:00,0,0.5969740983485992,0.40302590165140084,Sell,107.07718,107.90623,106.80749,107.54664,10842
2026-04-02 10:00:00,0,0.5923766241626515,0.40762337583734853,Sell,107.526665,108.49555,107.36685,108.2858,12653
2026-04-02 11:00:00,0,0.6051118456114909,0.3948881543885091,Sell,108.2858,109.804054,108.20589,109.63425,17943
2026-04-02 12:00:00,1,0.5906933957125413,0.4093066042874587,Sell,109.64423,113.210144,109.27466,113.010376,40033
2026-04-02 13:00:00,0,0.5967683025330588,0.4032316974669412,Sell,113.02036,113.839424,110.57317,110.902794,55203
2026-04-02 14:00:00,0,0.582564428509992,0.417435571490008,Sell,110.902794,111.592,106.49785,108.68533,55889
2026-04-02 15:00:00,0,0.5172296839371614,0.4827703160628386,Sell,108.67535,112.00153,108.24584,111.38224,38139
2026-04-02 16:00:00,0,0.4656766353366727,0.5343233646633273,Hold,111.37225,112.031494,110.3734,110.872826,20961
2026-04-02 17:00:00,0,0.4387972793100148,0.5612027206899852,Hold,110.88281,111.87168,109.913925,111.582016,21272
2026-04-02 18:00:00,0,0.36112997805807295,0.638870021941927,Hold,111.562035,112.17134,110.66307,111.00268,26825
2026-04-02 19:00:00,0,0.331425329988161,0.668574670011839,Hold,110.982704,111.63196,110.64309,111.342285,8619
2026-04-02 20:00:00,0,0.35661535926735677,0.6433846407326432,Hold,111.32231,111.9416,111.19246,111.93161,4549
2026-04-05 22:00:00,0,0.35078685219704914,0.6492131478029508,Hold,112.83058,115.347694,112.37111,113.559746,10746
2026-04-05 23:00:00,0,0.3375703331985861,0.6624296668014139,Hold,113.559746,114.31887,112.75067,114.17903,3597
2026-04-06 00:00:00,0,0.3464420569112829,0.6535579430887171,Hold,114.169044,114.21899,111.67191,112.07145,7268
2026-04-06 01:00:00,0,0.36082507181886386,0.6391749281811361,Hold,112.10142,112.660774,111.37225,111.67191,5616
2026-04-06 02:00:00,0,0.3779293417286235,0.6220706582713764,Hold,111.67191,111.87168,109.37454,111.38224,9059
2026-04-06 03:00:00,0,0.40212774006937474,0.5978722599306252,Hold,111.39223,112.22128,111.032646,111.202446,4462
2026-04-06 04:00:00,0,0.43200064020592227,0.5679993597940778,Hold,111.172485,111.532074,110.653076,111.28236,2757
2026-04-06 05:00:00,0,0.47329206497358334,0.5267079350264167,Hold,111.29234,111.95159,110.89281,111.61198,2785
2026-04-06 06:00:00,0,0.5185163087174147,0.4814836912825853,Sell,111.62197,112.14137,110.51324,110.74297,6456
2026-04-06 07:00:00,0,0.5550370466868803,0.44496295331311975,Sell,110.67306,111.51209,108.76524,109.29464,6944
2026-04-06 08:00:00,0,0.5559706558626911,0.4440293441373089,Sell,109.254684,110.053764,108.79521,109.364555,5692
2026-04-06 09:00:00,0,0.5721142664677269,0.4278857335322731,Sell,109.34458,111.592,109.05491,111.3323,6140
2026-04-06 10:00:00,0,0.5780750696949414,0.4219249303050586,Sell,111.28236,111.3323,109.62426,109.81404,5516
2026-04-06 11:00:00,0,0.5563085179189926,0.4436914820810074,Sell,109.79407,110.42334,109.474434,109.993835,3677
2026-04-06 12:00:00,0,0.5555234720072909,0.4444765279927091,Sell,109.973854,110.84286,109.804054,110.03379,5842
2026-04-06 13:00:00,0,0.5767033969188909,0.42329660308110906,Sell,110.06375,113.010376,109.71416,111.82174,19612
2026-04-06 14:00:00,0,0.5471994397104163,0.4528005602895837,Sell,111.81175,112.70073,110.16364,110.83287,23140
2026-04-06 15:00:00,0,0.5045513390783809,0.4954486609216191,Sell,110.82288,112.57088,110.723,111.76181,12702
2026-04-06 16:00:00,0,0.4635637698937097,0.5364362301062904,Hold,111.751816,112.15136,111.04263,112.12139,8412
2026-04-06 17:00:00,0,0.46534066845391503,0.534659331546085,Hold,112.111404,114.14907,112.09143,113.93931,16150
2026-04-06 18:00:00,0,0.39525645326807307,0.6047435467319269,Hold,113.93931,114.089134,111.60199,112.09143,18658
2026-04-06 19:00:00,0,0.35338371163050125,0.6466162883694988,Hold,112.08144,112.86055,111.73184,112.331154,5368
2026-04-06 20:00:00,0,0.33798713951484227,0.6620128604851577,Hold,112.32117,112.930466,112.111404,112.48098,2994
2026-04-06 22:00:00,0,0.34205603990553235,0.6579439600944677,Hold,112.49097,113.48982,112.381096,113.24011,2760
2026-04-06 23:00:00,0,0.3493465840124412,0.6506534159875588,Hold,113.28007,113.81945,112.91049,113.70957,1884
2026-04-07 00:00:00,0,0.34558105478687334,0.6544189452131266,Hold,113.699585,113.779495,112.53092,113.19017,4536
2026-04-07 01:00:00,0,0.3748221844846628,0.6251778155153371,Hold,113.230125,115.03805,112.62082,114.78834,8819
2026-04-07 02:00:00,0,0.37297870956210233,0.6270212904378977,Hold,114.77834,115.36767,114.36882,114.82829,5708
2026-04-07 03:00:00,0,0.4308978255619054,0.5691021744380946,Hold,114.83828,115.6074,114.68845,115.49752,3608
2026-04-07 04:00:00,0,0.4686461172892704,0.5313538827107296,Hold,115.49752,116.42646,115.00809,115.30774,5599
2026-04-07 05:00:00,0,0.4979611534776251,0.5020388465223748,Hold,115.29775,115.90705,114.8183,115.13793,3434
2026-04-07 06:00:00,0,0.5607414592847104,0.4392585407152896,Sell,115.11796,115.6074,114.5586,114.7284,5846
2026-04-07 07:00:00,0,0.6058281555967099,0.3941718444032901,Sell,114.718414,115.49752,114.44872,115.23782,5628
2026-04-07 08:00:00,0,0.6112231820029582,0.3887768179970418,Sell,115.22783,115.267784,112.2013,112.56089,17870
2026-04-07 09:00:00,0,0.601208477011353,0.39879152298864695,Sell,112.5509,112.94045,111.152504,112.42105,12519
2026-04-07 10:00:00,0,0.5878655851813215,0.4121344148186785,Sell,112.40108,114.48868,111.62197,114.06916,18007
2026-04-07 11:00:00,0,0.614811488840064,0.385188511159936,Sell,114.03919,115.79718,113.7695,115.6873,13428
2026-04-07 12:00:00,0,0.61352454234078,0.38647545765922,Sell,115.697296,116.31658,113.97926,114.93816,21965
2026-04-07 13:00:00,1,0.6108474758630817,0.38915252413691825,Sell,114.91819,116.13679,114.388794,116.086845,21165
2026-04-07 14:00:00,1,0.5839771238425031,0.4160228761574969,Sell,116.07686,116.91589,115.287766,116.28661,24225
2026-04-07 15:00:00,1,0.5276937004123231,0.4723062995876769,Sell,116.29661,117.49523,114.36882,114.84827,30045
2026-04-07 16:00:00,1,0.48580578496575444,0.5141942150342456,Hold,114.82829,115.50751,113.49982,115.00809,21049
2026-04-07 17:00:00,1,0.4602437255778564,0.5397562744221436,Hold,114.99809,115.73724,113.210144,113.78948,20924
2026-04-07 18:00:00,1,0.4006486606103846,0.5993513393896154,Hold,113.779495,115.36767,112.39108,114.988106,27129
2026-04-07 19:00:00,1,0.35512962459551384,0.6448703754044862,Hold,114.96813,115.23782,109.07489,112.10142,30789
2026-04-07 20:00:00,1,0.3525897776688173,0.6474102223311827,Hold,112.10142,112.36112,110.04378,110.213585,12209
2026-04-07 22:00:00,0,0.3910381833574736,0.6089618166425264,Hold,108.61542,109.0649,97.21849,98.666824,38711
2026-04-07 23:00:00,0,0.3747506038645006,0.6252493961354995,Hold,98.67682,98.67682,90.94569,96.34949,39728
2026-04-08 00:00:00,0,0.34645745873732325,0.6535425412626767,Hold,96.40942,98.20735,93.942245,96.81895,26393
2026-04-08 01:00:00,0,0.3557753007331714,0.6442246992668286,Hold,96.8589,97.30839,95.70023,96.609184,10671
2026-04-08 02:00:00,0,0.3548038160336006,0.6451961839663993,Hold,96.61918,97.2085,95.890015,96.31952,9679
2026-04-08 03:00:00,0,0.4143653678786088,0.5856346321213912,Hold,96.30953,96.53927,95.39059,96.2496,6017
2026-04-08 04:00:00,0,0.4163773448467517,0.5836226551532483,Hold,96.23961,97.10861,95.39059,96.61918,6134
2026-04-08 05:00:00,0,0.44768502066863436,0.5523149793313656,Hold,96.58921,96.81895,95.260735,95.65028,5628
2026-04-08 06:00:00,0,0.4792130288779251,0.520786971122075,Hold,95.63031,95.890015,94.45166,95.77015,11974
2026-04-08 07:00:00,0,0.5018089564213541,0.49819104357864585,Sell,95.750175,96.47934,95.52044,95.86005,7972
2026-04-08 08:00:00,0,0.5347703018127931,0.46522969818720694,Sell,95.85006,96.57922,94.80126,94.81125,10799
2026-04-08 09:00:00,0,0.5347473579010562,0.4652526420989438,Sell,94.80126,95.27072,94.03214,94.53157,8817
2026-04-08 10:00:00,0,0.5329780191900689,0.46702198080993107,Sell,94.54156,95.49047,94.022156,94.821236,8201
2026-04-08 11:00:00,0,0.5472895633762109,0.45271043662378907,Sell,94.83123,95.17084,93.01331,93.143166,14572
2026-04-08 12:00:00,0,0.5215924620439337,0.4784075379560663,Sell,93.1132,95.100914,92.09437,92.46394,33042
2026-04-08 13:00:00,0,0.5283705248554927,0.47162947514450726,Sell,92.48392,94.3318,91.74477,93.143166,37362
2026-04-08 14:00:00,0,0.4922221961972789,0.5077778038027211,Hold,93.13317,96.20965,92.36406,95.4705,39772
2026-04-08 15:00:00,0,0.46834327002029175,0.5316567299797083,Hold,95.450516,96.31952,94.53157,94.83123,25337
2026-04-08 16:00:00,0,0.4651582395780574,0.5348417604219426,Hold,94.86119,95.510445,94.03214,94.31182,19277
2026-04-08 17:00:00,0,0.4117617062970714,0.5882382937029287,Hold,94.31182,96.16969,93.95223,95.21079,21119
2026-04-08 18:00:00,0,0.3809656828277825,0.6190343171722175,Hold,95.200806,95.56039,93.502754,95.32066,34071
2026-04-08 19:00:00,0,0.3460580228955411,0.6539419771044589,Hold,95.32066,96.79897,95.180824,95.97991,15223
2026-04-08 20:00:00,0,0.3110783400493895,0.6889216599506105,Hold,95.97991,96.63915,95.590355,96.38944,5435
2026-04-08 22:00:00,0,0.2732970176003299,0.7267029823996701,Hold,96.66912,97.76786,96.139725,96.689095,3721
2026-04-08 23:00:00,0,0.24208601356760548,0.7579139864323945,Hold,96.709076,97.158554,96.39943,97.018715,2640
2026-04-09 00:00:00,0,0.2803131305810138,0.7196868694189862,Hold,96.988754,97.69794,96.26958,97.5581,6323
2026-04-09 01:00:00,0,0.30925192538405516,0.6907480746159449,Hold,97.5581,98.26729,96.73904,96.83892,7229
2026-04-09 02:00:00,0,0.3270453365917897,0.6729546634082103,Hold,96.86889,97.14857,96.39943,97.12859,3460
2026-04-09 03:00:00,0,0.37333438695647736,0.6266656130435226,Hold,97.13858,97.29839,96.609184,97.06866,1911
2026-04-09 04:00:00,0,0.38850679713045433,0.6114932028695457,Hold,97.0387,97.68795,97.018715,97.65798,1712
2026-04-09 05:00:00,0,0.4268392404477026,0.5731607595522974,Hold,97.65798,97.96763,97.158554,97.258446,3122
2026-04-09 06:00:00,0,0.4508164495960578,0.5491835504039422,Hold,97.258446,97.73789,96.848915,96.92882,5177
2026-04-09 07:00:00,0,0.47630340938757787,0.5236965906124221,Hold,96.92882,97.96763,96.848915,97.568085,6607
2026-04-09 08:00:00,0,0.49276744411423734,0.5072325558857627,Hold,97.5581,97.98761,97.14857,97.77785,6783
2026-04-09 09:00:00,0,0.5092079069311024,0.4907920930688976,Sell,97.77785,97.837776,97.07865,97.538124,4494
2026-04-09 10:00:00,0,0.5203194461803218,0.4796805538196782,Sell,97.52813,99.57578,97.4682,99.485886,12815
2026-04-09 11:00:00,0,0.5169684188065644,0.4830315811934356,Sell,99.50587,99.54582,98.277275,98.766716,11057
2026-04-09 12:00:00,0,0.5161076019904024,0.4838923980095976,Sell,98.766716,99.87544,98.48703,99.24616,12669
2026-04-09 13:00:00,0,0.5246727862818853,0.4753272137181147,Sell,99.25615,100.64456,98.88657,100.5247,20326
2026-04-09 14:00:00,1,0.48507977700451643,0.5149202229954836,Hold,100.53468,102.58234,100.13514,101.78325,29947
2026-04-09 15:00:00,0,0.463106630929275,0.5368933690707249,Hold,101.763275,102.52241,98.746735,99.046394,46746
2026-04-09 16:00:00,0,0.3938895714241215,0.6061104285758785,Hold,99.016426,99.06637,96.74902,97.318375,38060
2026-04-09 17:00:00,0,0.3474600256876774,0.6525399743123226,Hold,97.32836,97.62802,95.14087,96.219635,29250
2026-04-09 18:00:00,0,0.32524053276461684,0.6747594672353832,Hold,96.19965,98.54697,95.92997,98.29725,33877
2026-04-09 19:00:00,0,0.3086669652551236,0.6913330347448764,Hold,98.28726,99.386,97.77785,99.18623,9849
2026-04-09 20:00:00,0,0.3283203223595849,0.671679677640415,Hold,99.17625,99.22619,97.71792,97.867744,5952
2026-04-09 22:00:00,0,0.30031539101158794,0.6996846089884121,Hold,98.117455,99.08635,97.9077,98.88657,3218
2026-04-09 23:00:00,0,0.30489246834358263,0.6951075316564174,Hold,98.89656,98.98646,98.117455,98.50701,1970
2026-04-10 00:00:00,0,0.31369156177974744,0.6863084382202526,Hold,98.50701,98.98646,98.14742,98.79668,2946
2026-04-10 01:00:00,0,0.3479455681664514,0.6520544318335486,Hold,98.81666,99.1263,98.21735,98.497025,3433
2026-04-10 02:00:00,0,0.3559311578551224,0.6440688421448776,Hold,98.46706,98.78669,98.357185,98.63686,2306
2026-04-10 03:00:00,0,0.39016463146053604,0.609835368539464,Hold,98.65684,98.71677,97.4682,97.67796,3222
2026-04-10 04:00:00,0,0.42025839782856234,0.5797416021714377,Hold,97.68795,98.32722,97.54811,98.29725,1875
2026-04-10 05:00:00,0,0.44921677005182,0.5507832299481801,Hold,98.277275,98.63686,97.9976,98.50701,2044
2026-04-10 06:00:00,0,0.47129036319448225,0.5287096368055177,Hold,98.48703,98.73675,98.17739,98.526985,3437
2026-04-10 07:00:00,0,0.48394905675076766,0.5160509432492324,Hold,98.526985,99.88543,98.47704,99.55581,7540
2026-04-10 08:00:00,0,0.4805957305144114,0.5194042694855886,Hold,99.55581,100.30495,99.216194,100.15512,6661
2026-04-10 09:00:00,0,0.4939690304351966,0.5060309695648034,Hold,100.13514,100.145134,98.04754,98.46706,10599
2026-04-10 10:00:00,0,0.4893674140597453,0.5106325859402547,Hold,98.45707,98.88657,97.45821,97.88772,6923
2026-04-10 11:00:00,0,0.4805388825202156,0.5194611174797844,Hold,97.88772,98.387146,97.29839,97.977615,6399
2026-04-10 12:00:00,0,0.48309861465259935,0.5169013853474007,Hold,97.9976,98.25729,96.88887,98.06751,11226
2026-04-10 13:00:00,0,0.48599157127338916,0.5140084287266109,Hold,98.0775,98.686806,97.29839,98.28726,16707
2026-04-10 14:00:00,0,0.46169120904949185,0.5383087909505082,Hold,98.31723,98.88657,97.10861,98.39713,23961
2026-04-10 15:00:00,0,0.4151573606575817,0.5848426393424183,Hold,98.40713,99.34605,98.15741,99.076355,20089
2026-04-10 16:00:00,0,0.39172583768382874,0.6082741623161713,Hold,99.06637,99.386,98.00758,98.087494,13929
2026-04-10 17:00:00,0,0.3590898676939477,0.6409101323060523,Hold,98.087494,98.61688,97.807816,97.867744,13169
2026-04-10 18:00:00,0,0.3514918270609948,0.6485081729390052,Hold,97.867744,98.277275,95.83008,96.22962,25376
2026-04-10 19:00:00,0,0.3445175302645228,0.6554824697354772,Hold,96.22962,96.34949,95.41056,96.09977,8379
2026-04-10 20:00:00,0,0.3686266727447415,0.6313733272552585,Hold,96.079796,96.17968,95.40057,95.52044,3950
2026-04-12 22:00:00,0,0.2986922553660711,0.7013077446339289,Hold,101.88314,105.409096,101.80323,104.430214,16594
2026-04-12 23:00:00,0,0.29156292626184893,0.7084370737381511,Hold,104.450195,105.50898,104.41024,104.60002,4287
2026-04-13 00:00:00,0,0.30926320134416324,0.6907367986558368,Hold,104.60002,104.919655,103.97074,103.980736,3897
2026-04-13 01:00:00,0,0.3219749536392762,0.6780250463607238,Hold,103.980736,104.40025,103.73102,104.19049,4969
2026-04-13 02:00:00,0,0.33473926185935704,0.665260738140643,Hold,104.180504,104.9696,104.180504,104.779816,3027
2026-04-13 03:00:00,0,0.3797791755294281,0.6202208244705719,Hold,104.76983,105.059494,104.62999,104.72987,2407
2026-04-13 04:00:00,0,0.4113742518091341,0.5886257481908659,Hold,104.73986,104.86971,104.44021,104.64996,1316
2026-04-13 05:00:00,0,0.4508037350993785,0.5491962649006215,Hold,104.65995,104.7898,104.040665,104.20048,2436
2026-04-13 06:00:00,0,0.48302217478113046,0.5169778252188695,Hold,104.180504,104.20048,102.93194,103.15168,5535
2026-04-13 07:00:00,0,0.5152116214816062,0.48478837851839385,Sell,103.13171,103.58119,102.84204,103.571205,5223
2026-04-13 08:00:00,1,0.5247407395445456,0.4752592604554544,Sell,103.58119,104.67993,103.24158,104.49015,5830
2026-04-13 09:00:00,1,0.529723652147542,0.470276347852458,Sell,104.50014,104.60002,103.89084,104.39026,3455
2026-04-13 10:00:00,1,0.539884469500678,0.46011553049932197,Sell,104.3603,104.54009,103.70105,103.711044,3692
2026-04-13 11:00:00,1,0.5349733816257797,0.4650266183742203,Sell,103.73102,104.28039,103.30151,104.13056,5924
2026-04-13 12:00:00,1,0.5360310782708939,0.4639689217291061,Sell,104.150536,104.2704,103.24158,103.53125,8659
2026-04-13 13:00:00,0,0.5430556969354455,0.45694430306455447,Sell,103.53125,103.69106,100.24502,101.60346,26800
2026-04-13 14:00:00,1,0.506567481646161,0.49343251835383894,Sell,101.61345,102.38257,100.46477,101.9131,21529
2026-04-13 15:00:00,1,0.47679345598213846,0.5232065440178615,Hold,101.903114,103.07178,101.89313,102.722176,16515
2026-04-13 16:00:00,0,0.41619893201468305,0.583801067985317,Hold,102.71219,102.88199,99.10632,99.36603,41235
2026-04-13 17:00:00,0,0.37581680838285647,0.6241831916171435,Hold,99.36603,99.865456,98.63686,99.046394,17645
2026-04-13 18:00:00,0,0.3324505858596919,0.6675494141403081,Hold,99.05638,99.28612,96.91883,97.018715,20716
2026-04-13 19:00:00,0,0.31091107039170784,0.6890889296082922,Hold,97.00873,98.06751,96.92882,97.91769,7244
2026-04-13 20:00:00,0,0.2982393295534445,0.7017606704465555,Hold,97.93766,98.1674,97.59805,97.89771,4296
2026-04-13 22:00:00,0,0.2979908427791423,0.7020091572208578,Hold,97.87773,97.88772,97.33835,97.41826,1554
2026-04-13 23:00:00,0,0.31675544618506174,0.6832445538149383,Hold,97.428246,97.47819,95.95993,96.5093,4295
2026-04-14 00:00:00,0,0.28943864445782497,0.710561355542175,Hold,96.439384,96.848915,95.58037,95.86005,3555
2026-04-14 01:00:00,0,0.30832695480460537,0.6916730451953946,Hold,95.87003,97.16855,95.85006,97.06866,3779
2026-04-14 02:00:00,0,0.3158666920894113,0.6841333079105887,Hold,97.05867,97.158554,96.67911,96.97876,1514
2026-04-14 03:00:00,0,0.34805840627031476,0.6519415937296853,Hold,97.00873,97.508156,96.63915,96.878876,2585
2026-04-14 04:00:00,0,0.3773692326824583,0.6226307673175417,Hold,96.86889,96.88887,96.549255,96.5992,1100
2026-04-14 05:00:00,0,0.44538398138518853,0.5546160186148115,Hold,96.63915,97.35833,96.52928,97.238464,1617
2026-04-14 06:00:00,0,0.4188170434315032,0.5811829565684967,Hold,97.238464,97.62802,97.0387,97.27842,3288
2026-04-14 07:00:00,0,0.4679955572228817,0.5320044427771182,Hold,97.27842,97.38829,95.09093,96.40942,11307
2026-04-14 08:00:00,0,0.47915881177480635,0.5208411882251937,Hold,96.42939,96.9488,96.25959,96.279564,5209
2026-04-14 09:00:00,1,0.4919929932230753,0.5080070067769247,Hold,96.25959,97.18852,96.12974,96.77899,3197
2026-04-14 10:00:00,1,0.4942238742040273,0.5057761257959728,Hold,96.73904,97.44823,96.04983,97.238464,4493
2026-04-14 11:00:00,1,0.499084980904276,0.500915019095724,Hold,97.2085,97.85776,95.94994,97.08864,6539
2026-04-14 12:00:00,1,0.5043380781987858,0.49566192180121416,Sell,97.07865,97.07865,95.5504,95.730194,9927
2026-04-14 13:00:00,0,0.49958453717627893,0.5004154628237211,Hold,95.74018,96.22962,94.56154,94.5915,19518
2026-04-14 14:00:00,0,0.48686553972899543,0.5131344602710046,Hold,94.571526,94.571526,92.104355,93.312965,29784
2026-04-14 15:00:00,0,0.4926942836942167,0.5073057163057832,Hold,93.312965,94.21194,92.104355,92.5039,20810
2026-04-14 16:00:00,1,0.4830497932753649,0.5169502067246351,Hold,92.52387,92.70367,91.81469,92.66371,13187
2026-04-14 17:00:00,1,0.4452068995302435,0.5547931004697565,Hold,92.653725,92.89345,91.395164,91.95453,15259
2026-04-14 18:00:00,1,0.4055765496730797,0.5944234503269203,Hold,91.944534,92.05441,90.95567,91.664856,23260
2026-04-14 19:00:00,1,0.3883379803192194,0.6116620196807806,Hold,91.64488,92.08438,91.46509,91.91457,4111
2026-04-14 20:00:00,1,0.3579314347824884,0.6420685652175115,Hold,91.90459,92.244194,91.34522,91.964516,4650
2026-04-14 22:00:00,1,0.375486564199599,0.624513435800401,Hold,91.91457,92.27416,91.085526,91.60493,2042
2026-04-14 23:00:00,0,0.37906644542725965,0.6209335545727404,Hold,91.59494,91.90459,86.86037,90.19654,6333
2026-04-15 00:00:00,0,0.3605154882545501,0.63948451174545,Hold,90.19654,91.085526,90.046715,90.25648,3284
2026-04-15 01:00:00,0,0.40000582757227837,0.5999941724277216,Hold,90.236496,90.7559,89.86692,90.38632,2446
2026-04-15 02:00:00,0,0.41586104277131053,0.5841389572286895,Hold,90.39632,91.20538,90.33638,91.15544,2030
2026-04-15 03:00:00,0,0.43238353030838284,0.5676164696916172,Hold,91.145454,91.38518,90.77588,90.83581,1917
2026-04-15 04:00:00,0,0.4529646953712295,0.5470353046287705,Hold,90.845795,91.7148,90.76589,91.56497,1691
2026-04-15 05:00:00,0,0.505387216180846,0.49461278381915397,Sell,91.554985,91.64488,91.03558,91.12548,1636
2026-04-15 06:00:00,0,0.5232995189775346,0.4767004810224654,Sell,91.1055,91.13547,90.19654,90.80585,3421
2026-04-15 07:00:00,0,0.5306675220399282,0.4693324779600718,Sell,90.815834,91.37519,90.4962,90.64603,4300
2026-04-15 08:00:00,0,0.526390816953669,0.47360918304633104,Sell,90.65601,91.634895,90.28644,91.225365,4417
2026-04-15 09:00:00,0,0.522727020375658,0.477272979624342,Sell,91.225365,92.61377,91.18541,92.14431,7040
2026-04-15 10:00:00,0,0.5232467328880095,0.4767532671119905,Sell,92.14431,93.19311,91.59494,92.63375,9492
2026-04-15 11:00:00,0,0.517480614992972,0.48251938500702796,Sell,92.61377,92.843506,91.05556,91.58495,8579
2026-04-15 12:00:00,0,0.5241226223268867,0.47587737767311333,Sell,91.57496,92.37405,91.1055,91.86463,9623
2026-04-15 13:00:00,0,0.5220811020469737,0.47791889795302633,Sell,91.86463,92.12433,90.296425,90.94569,15121
2026-04-15 14:00:00,0,0.4912495859510026,0.5087504140489973,Hold,90.96566,92.354065,90.456245,92.244194,15889
2026-04-15 15:00:00,0,0.437620826378393,0.562379173621607,Hold,92.23421,92.81354,91.91457,92.22422,14827
2026-04-15 16:00:00,0,0.3879769278268241,0.6120230721731759,Hold,92.22422,92.433975,91.31526,91.65487,8951
2026-04-15 17:00:00,0,0.361523148531622,0.6384768514683781,Hold,91.65487,92.48392,91.445114,92.40401,10315
2026-04-15 18:00:00,0,0.3303558964902014,0.6696441035097986,Hold,92.39402,92.69368,90.895744,91.05556,13739
2026-04-15 19:00:00,0,0.31252557352899657,0.6874744264710034,Hold,91.005615,91.02559,90.60607,90.88575,3367
2026-04-15 20:00:00,0,0.295220020571597,0.704779979428403,Hold,90.88575,91.365204,90.87576,91.28529,1695
2026-04-15 22:00:00,0,0.3009238193455991,0.6990761806544009,Hold,91.365204,91.395164,90.705956,90.895744,1581
2026-04-15 23:00:00,0,0.304614181667764,0.695385818332236,Hold,90.925705,90.925705,90.56612,90.85579,652
2026-04-16 00:00:00,0,0.2825725442476542,0.7174274557523458,Hold,90.815834,90.94569,90.41629,90.85579,1229
2026-04-16 01:00:00,0,0.3461016198344864,0.6538983801655136,Hold,90.895744,91.395164,90.7559,91.335236,960
2026-04-16 02:00:00,0,0.34443532823815093,0.6555646717618491,Hold,91.32525,91.65487,91.26532,91.37519,1149
2026-04-16 03:00:00,0,0.388352664335596,0.611647335664404,Hold,91.35522,91.634895,91.09551,91.60493,910
2026-04-16 04:00:00,0,0.4248405052836707,0.5751594947163293,Hold,91.56497,91.76475,91.554985,91.664856,762
2026-04-16 05:00:00,0,0.4755572350100077,0.5244427649899923,Hold,91.64488,91.78472,91.37519,91.4551,1212
2026-04-16 06:00:00,0,0.4874518686615635,0.5125481313384366,Hold,91.4551,91.57496,91.20538,91.475075,1138
2026-04-16 07:00:00,0,0.49834799801421775,0.5016520019857822,Hold,91.48506,92.573814,91.43512,92.54385,4210
2026-04-16 08:00:00,0,0.5114260237720265,0.4885739762279735,Sell,92.55384,92.89345,92.244194,92.28415,4390
2026-04-16 09:00:00,0,0.5090332146624537,0.49096678533754634,Sell,92.28415,92.72364,92.03443,92.53386,2029
2026-04-16 10:00:00,0,0.5263272375234866,0.47367276247651335,Sell,92.53386,92.54385,91.75475,91.774734,1741
2026-04-16 11:00:00,0,0.5314968159776498,0.46850318402235025,Sell,91.75475,91.75475,90.99563,91.40516,4337
2026-04-16 12:00:00,0,0.5274474693878501,0.47255253061214986,Sell,91.395164,92.12433,91.005615,92.104355,5076
2026-04-16 13:00:00,0,0.5133968677362944,0.48660313226370555,Sell,92.09437,93.3729,91.774734,93.063255,11647
2026-04-16 14:00:00,0,0.4828722590031314,0.5171277409968686,Hold,93.063255,93.81239,92.77359,93.32296,9881
2026-04-16 15:00:00,0,0.4402648612229931,0.5597351387770069,Hold,93.312965,93.87233,92.71365,93.26302,14343
2026-04-16 16:00:00,0,0.3860368243124369,0.6139631756875631,Hold,93.25304,94.4217,93.24305,94.3318,10834
2026-04-16 17:00:00,0,0.3630219995077504,0.6369780004922496,Hold,94.34179,95.33065,94.21194,95.031,10363
2026-04-16 18:00:00,0,0.3321957755095117,0.6678042244904883,Hold,95.05097,95.07095,93.60264,93.68254,11942
2026-04-16 19:00:00,0,0.3162684297827286,0.6837315702172714,Hold,93.68254,93.99219,93.18312,93.43283,3172
2026-04-16 20:00:00,0,0.3233100033017434,0.6766899966982566,Hold,93.44282,93.51274,93.0233,93.08323,1360
2026-04-16 22:00:00,0,0.30207396492942534,0.6979260350705747,Hold,93.07324,93.57267,92.80355,92.923416,726
2026-04-16 23:00:00,0,0.3082693331593744,0.6917306668406256,Hold,92.923416,93.44282,92.903435,93.21308,694
2026-04-17 00:00:00,0,0.3364185619257619,0.6635814380742381,Hold,93.22307,93.41286,92.903435,93.33295,562
2026-04-17 01:00:00,0,0.3478576410400208,0.6521423589599792,Hold,93.29299,93.56268,92.99333,93.21308,406
2026-04-17 02:00:00,0,0.338629526650235,0.661370473349765,Hold,93.203094,93.452805,93.16314,93.22307,348
2026-04-17 03:00:00,1,0.3742903984283178,0.6257096015716822,Hold,93.16314,93.51274,93.03329,93.3729,403
2026-04-17 04:00:00,1,0.4077704538084337,0.5922295461915663,Hold,93.392876,93.4628,93.13317,93.23306,280
2026-04-17 05:00:00,0,0.44729601869238333,0.5527039813076167,Hold,93.22307,93.422844,93.03329,93.15315,287
2026-04-17 06:00:00,1,0.4707499195436928,0.5292500804563072,Hold,93.203094,93.93226,93.15315,93.70252,849
2026-04-17 07:00:00,1,0.5021993473804074,0.4978006526195926,Sell,93.65258,93.84236,93.312965,93.60264,763
2026-04-17 08:00:00,1,0.5135747297947252,0.4864252702052748,Sell,93.62261,93.68254,92.214226,92.45396,1178
2026-04-17 09:00:00,1,0.498249765292507,0.501750234707493,Hold,92.48392,92.62376,90.436264,90.73592,2256
2026-04-17 10:00:00,1,0.48443127820046034,0.5155687217995397,Hold,90.705956,91.445114,90.156586,91.15544,1210
2026-04-17 11:00:00,1,0.47800006899554315,0.5219999310044569,Hold,91.145454,91.32525,90.57611,90.79585,708
2026-04-17 12:00:00,1,0.5753633646771562,0.4246366353228438,Sell,90.815834,90.96566,84.55302,85.3521,6307
2026-04-17 13:00:00,0,0.5605965388241011,0.4394034611758989,Sell,85.3521,86.07127,82.90491,84.51306,8153
2026-04-17 14:00:00,0,0.5601039459547075,0.43989605404529253,Sell,84.52305,84.582985,80.467705,82.1258,4640
2026-04-17 15:00:00,0,0.4997710487390293,0.5002289512609708,Hold,82.09583,83.55416,81.54646,82.89492,3712
2026-04-17 16:00:00,0,0.48839268863096513,0.5116073113690349,Hold,82.92488,83.55416,82.54532,82.94486,1751
2026-04-17 17:00:00,0,0.46348816957442524,0.5365118304255747,Hold,82.914894,84.54303,82.854965,83.29446,2173
2026-04-17 18:00:00,0,0.44635024801852513,0.5536497519814749,Hold,83.29446,84.90262,82.90491,84.57299,3695
2026-04-17 19:00:00,0,0.44177241059657746,0.5582275894034225,Hold,84.60296,84.86266,84.1335,84.563,912
2026-04-17 20:00:00,0,0.40579272288771734,0.5942072771122826,Hold,84.57299,85.48195,84.49309,85.47196,714
2026-04-19 22:00:00,0,0.3440528815221442,0.6559471184778558,Hold,85.47196,86.87791,84.67687,85.32652,19806
2026-04-19 23:00:00,0,0.3532434301562537,0.6467565698437463,Hold,85.30713,85.96647,85.17138,85.92768,4685
2026-04-20 00:00:00,0,0.3514123766020598,0.6485876233979402,Hold,85.92768,86.141,85.30713,85.42348,5936
2026-04-20 01:00:00,0,0.3716641196309559,0.6283358803690441,Hold,85.40409,85.42348,83.833305,84.0854,10558
2026-04-20 02:00:00,0,0.3625072333898495,0.6374927666101504,Hold,84.06602,84.79323,83.95936,84.51204,5648
2026-04-20 03:00:00,0,0.43022476928232445,0.5697752307176756,Hold,84.521736,84.82232,84.453865,84.74475,1765
2026-04-20 04:00:00,0,0.42816343927871287,0.5718365607212872,Hold,84.735054,85.20047,84.667175,84.76414,2810
2026-04-20 05:00:00,0,0.4496919909980433,0.5503080090019568,Hold,84.76414,85.1326,84.667175,84.88049,2360
2026-04-20 06:00:00,0,0.47608038435493066,0.5239196156450694,Hold,84.909584,85.3653,84.6187,84.735054,5176
2026-04-20 07:00:00,0,0.507268507916269,0.492731492083731,Sell,84.72536,85.55923,83.978745,85.02594,9011
2026-04-20 08:00:00,0,0.5081047209896657,0.49189527901033425,Sell,85.06472,85.75315,84.67687,84.773834,7224
2026-04-20 09:00:00,0,0.5361493073863445,0.4638506926136555,Sell,84.81262,85.151985,84.25994,84.95806,6661
2026-04-20 10:00:00,0,0.553438697743894,0.446561302256106,Sell,84.95806,84.977455,84.06602,84.84171,5230
2026-04-20 11:00:00,0,0.5365607024813007,0.4634392975186993,Sell,84.8611,85.27804,84.318115,84.453865,7711
2026-04-20 12:00:00,0,0.5208651381832211,0.4791348618167789,Sell,84.463554,84.88049,84.03693,84.30842,10522
2026-04-20 13:00:00,0,0.5247800741918004,0.4752199258081996,Sell,84.33751,84.802925,82.85399,83.348495,28206
2026-04-20 14:00:00,0,0.4914250470852679,0.5085749529147321,Hold,83.35819,85.17138,83.3291,84.63809,20971
2026-04-20 15:00:00,0,0.4772076817331664,0.5227923182668336,Hold,84.628395,84.8514,83.843,84.67687,19712
2026-04-20 16:00:00,0,0.41865217564125595,0.581347824358744,Hold,84.667175,85.01624,84.37629,84.6187,9034
2026-04-20 17:00:00,0,0.39202790988092,0.6079720901190799,Hold,84.628395,85.30713,84.43447,84.84171,13021
2026-04-20 18:00:00,0,0.3724961953569191,0.627503804643081,Hold,84.832016,85.09381,84.32781,84.72536,14965
2026-04-20 19:00:00,0,0.37526796561308057,0.6247320343869194,Hold,84.72536,84.76414,84.19206,84.24055,4006
2026-04-20 20:00:00,0,0.36589394133684106,0.634106058663159,Hold,84.250244,84.40538,82.970345,83.280624,6770
2026-04-20 22:00:00,0,0.34235387932619393,0.657646120673806,Hold,83.212746,83.90118,82.90247,83.73634,3260
2026-04-20 23:00:00,0,0.35641509073316063,0.6435849092668393,Hold,83.72665,83.88178,83.493935,83.5909,977
2026-04-21 00:00:00,0,0.3441700405754994,0.6558299594245006,Hold,83.5909,83.939964,83.493935,83.8527,3156
2026-04-21 01:00:00,0,0.36032722926417915,0.6396727707358209,Hold,83.87209,84.0951,83.79452,84.01753,2387
2026-04-21 02:00:00,0,0.36407653196096795,0.635923468039032,Hold,84.01753,84.143585,83.8624,84.02723,1165
2026-04-21 03:00:00,0,0.42484690357346216,0.5751530964265379,Hold,84.02723,84.143585,83.90118,84.04662,1032
2026-04-21 04:00:00,0,0.46674667373809653,0.5332533262619035,Hold,84.04662,84.05632,83.64908,83.66847,1316
2026-04-21 05:00:00,0,0.5144916635102637,0.48550833648973635,Sell,83.658775,83.658775,83.06731,83.54242,3755
2026-04-21 06:00:00,0,0.5137175919104733,0.4862824080895267,Sell,83.54242,84.0951,83.523026,83.98844,2773
2026-04-21 07:00:00,0,0.5278191285406124,0.4721808714593876,Sell,83.969055,84.81262,83.25153,83.81391,7169
2026-04-21 08:00:00,0,0.5399005340405657,0.4600994659594343,Sell,83.82361,84.22115,83.38728,84.16298,5528
2026-04-21 09:00:00,0,0.5479957327674286,0.45200426723257137,Sell,84.182365,84.832016,83.93027,84.04662,6149
2026-04-21 10:00:00,0,0.5433617674987021,0.45663823250129787,Sell,84.04662,84.16298,83.523026,84.02723,4388
2026-04-21 11:00:00,0,0.5267026986168686,0.4732973013831314,Sell,84.007835,85.03564,84.007835,84.938675,11045
2026-04-21 12:00:00,0,0.5357899433906247,0.4642100566093753,Sell,84.92898,85.06472,84.143585,84.696266,10627
2026-04-21 13:00:00,0,0.5396868429879149,0.4603131570120851,Sell,84.696266,84.70596,83.92057,84.15328,13483
2026-04-21 14:00:00,0,0.49658784473201395,0.503412155267986,Hold,84.16298,86.09252,84.12419,86.04404,23137
2026-04-21 15:00:00,0,0.4306313994329375,0.5693686005670625,Hold,86.04404,87.35303,85.71436,87.03305,28399
2026-04-21 16:00:00,0,0.38291998304319735,0.6170800169568027,Hold,87.04275,87.70209,86.70338,87.673,16590
2026-04-21 17:00:00,0,0.36007164909115985,0.6399283509088401,Hold,87.673,88.67171,86.26705,86.70338,36013
2026-04-21 18:00:00,0,0.33785283976609054,0.6621471602339095,Hold,86.71307,87.32394,85.23925,86.121605,34477
2026-04-21 19:00:00,0,0.3039749366411387,0.6960250633588613,Hold,86.121605,89.42801,85.19077,88.991684,31076
2026-04-21 20:00:00,0,0.33246883286549606,0.6675311671345039,Hold,88.98199,89.15652,85.219864,87.47907,19211
2026-04-21 22:00:00,0,0.30450943148500087,0.6954905685149991,Hold,87.265755,87.94449,86.984566,87.58573,2415
2026-04-21 23:00:00,0,0.31200914445031946,0.6879908555496805,Hold,87.605125,87.954185,87.576035,87.740875,1210
2026-04-22 00:00:00,0,0.34112102387846654,0.6588789761215335,Hold,87.750565,87.76026,86.06343,87.07183,7030
2026-04-22 01:00:00,0,0.35114384644274876,0.6488561535572512,Hold,87.06214,87.06214,86.33492,86.68398,4185
2026-04-22 02:00:00,0,0.362755517703523,0.637244482296477,Hold,86.69368,86.80034,86.44158,86.61611,2137
2026-04-22 03:00:00,0,0.40551579781459784,0.5944842021854022,Hold,86.6452,86.96518,86.45128,86.55794,2168
2026-04-22 04:00:00,0,0.425590001101195,0.574409998898805,Hold,86.54824,86.8973,86.48037,86.85852,2077
2026-04-22 05:00:00,0,0.5055239076100072,0.4944760923899928,Sell,86.83913,86.86822,84.977455,86.06343,10043
2026-04-22 06:00:00,0,0.5152158903459052,0.4847841096540948,Sell,86.06343,86.257355,85.92768,86.03434,3174
2026-04-22 07:00:00,0,0.5473757960511544,0.4526242039488456,Sell,86.014946,86.69368,85.811325,86.6646,4978
2026-04-22 08:00:00,0,0.5649278623189578,0.43507213768104225,Sell,86.6549,88.63292,86.50945,88.05115,10368
2026-04-22 09:00:00,0,0.5627508848453333,0.4372491151546667,Sell,88.05115,88.38082,87.401505,88.09963,7708
2026-04-22 10:00:00,0,0.5707255519542208,0.4292744480457792,Sell,88.09963,88.1869,87.20758,87.38211,5055
2026-04-22 11:00:00,0,0.563893960392465,0.436106039607535,Sell,87.37241,87.886314,87.06214,87.469376,6612
2026-04-22 12:00:00,0,0.5551674284310743,0.44483257156892575,Sell,87.47907,88.81715,86.984566,88.65231,15631
2026-04-22 13:00:00,0,0.5408688477363004,0.4591311522636996,Sell,88.64262,89.28257,87.673,88.9432,30204
2026-04-22 14:00:00,0,0.4880973083995653,0.5119026916004348,Hold,88.952896,89.651024,88.196594,89.408615,21333
2026-04-22 15:00:00,0,0.447987608887207,0.552012391112793,Hold,89.408615,90.43642,88.53596,90.28127,25585
2026-04-22 16:00:00,0,0.4125582265676543,0.5874417734323457,Hold,90.26188,90.88244,90.058266,90.77578,14415
2026-04-22 17:00:00,0,0.37872359165429087,0.6212764083457092,Hold,90.78548,90.84365,89.52497,89.80616,19475
2026-04-22 18:00:00,0,0.3368456347889491,0.663154365211051,Hold,89.81586,90.4752,89.786766,90.12614,11423
2026-04-22 19:00:00,0,0.3118361190647674,0.6881638809352326,Hold,90.12614,90.25219,89.60254,89.79646,5325
2026-04-22 20:00:00,0,0.29072574619285063,0.7092742538071494,Hold,89.79646,90.31036,89.60254,90.04857,2644
2026-04-22 22:00:00,0,0.29325914073478615,0.7067408592652138,Hold,90.07765,90.10674,89.52497,89.718895,1077
2026-04-22 23:00:00,0,0.29632863421973593,0.703671365780264,Hold,89.718895,89.97099,89.59284,89.91282,772
2026-04-23 00:00:00,0,0.3338431359727079,0.6661568640272921,Hold,89.922516,94.26641,89.79646,90.10674,22719
2026-04-23 01:00:00,0,0.33329947699999624,0.6667005230000038,Hold,90.13583,90.863045,90.000084,90.63034,4694
2026-04-23 02:00:00,0,0.32464963279629566,0.6753503672037043,Hold,90.64973,92.375656,90.61095,92.172035,8441
2026-04-23 03:00:00,0,0.3937294725831162,0.6062705274168838,Hold,92.18173,92.375656,91.56117,91.66783,4823
2026-04-23 04:00:00,0,0.4445494190362931,0.5554505809637069,Hold,91.69692,91.793884,91.173325,91.202415,2383
2026-04-23 05:00:00,0,0.4523540512305983,0.5476459487694016,Hold,91.21211,91.58057,90.9794,91.00849,2388
2026-04-23 06:00:00,0,0.48309372132596873,0.5169062786740313,Hold,91.01819,91.78419,90.80487,91.54178,3545
2026-04-23 07:00:00,0,0.5357971545133898,0.46420284548661017,Sell,91.522385,91.861755,90.407326,90.84365,5867
2026-04-23 08:00:00,0,0.5562139596084006,0.4437860403915994,Sell,90.83396,92.16234,90.81457,92.01689,6046
2026-04-23 09:00:00,0,0.5545469648596657,0.4454530351403343,Sell,92.007195,92.73441,91.40604,92.04598,8013
2026-04-23 10:00:00,0,0.5739502415303013,0.4260497584696987,Sell,92.07507,92.172035,90.892136,91.08606,4429
2026-04-23 11:00:00,0,0.5702805114903583,0.4297194885096417,Sell,91.066666,91.35755,90.203705,90.41702,11424
2026-04-23 12:00:00,0,0.5628237384092039,0.43717626159079614,Sell,90.42672,91.14423,89.49588,90.39763,20998
2026-04-23 13:00:00,0,0.5497861737189289,0.4502138262810711,Sell,90.38793,91.58057,90.15523,91.13454,17922
2026-04-23 14:00:00,0,0.5455785626854674,0.45442143731453255,Sell,91.13454,91.7551,90.203705,90.25219,17496
2026-04-23 15:00:00,0,0.5020669546615476,0.4979330453384524,Sell,90.26188,91.77449,90.13583,91.58057,15359
2026-04-23 16:00:00,0,0.4422630331316265,0.5577369668683735,Hold,91.58057,91.82297,91.07636,91.59026,9737
2026-04-23 17:00:00,0,0.3744164282294282,0.6255835717705718,Hold,91.57087,95.40086,91.56117,93.2677,62223
2026-04-23 18:00:00,0,0.3329955016992033,0.6670044983007968,Hold,93.29679,93.90765,92.30778,93.771904,30208
2026-04-23 19:00:00,0,0.3054331823914623,0.6945668176085378,Hold,93.75251,93.93674,93.04469,93.47132,7633
2026-04-23 20:00:00,0,0.29375563305587515,0.7062443669441248,Hold,93.48102,94.45064,93.47132,94.05309,4634
2026-04-23 22:00:00,0,0.2881849824392657,0.7118150175607343,Hold,93.68464,94.39246,92.96712,94.13066,1980
2026-04-23 23:00:00,0,0.30884166667232993,0.6911583333276701,Hold,94.13066,94.179146,93.74281,93.868866,1102
2026-04-24 00:00:00,0,0.31669011377575657,0.6833098862242435,Hold,93.84947,94.57669,93.74281,94.21793,4668
2026-04-24 01:00:00,0,0.3415696543389316,0.6584303456610684,Hold,94.22762,94.634865,93.74281,94.06279,3923
2026-04-24 02:00:00,0,0.35381994141020773,0.6461800585897923,Hold,94.05309,94.13066,93.461624,93.54889,3249
2026-04-24 03:00:00,0,0.3903854523685742,0.6096145476314259,Hold,93.54889,93.75251,93.16104,93.68464,2156
2026-04-24 04:00:00,0,0.4211634274236037,0.5788365725763963,Hold,93.68464,93.7816,93.034996,93.09317,1517
2026-04-24 05:00:00,0,0.44328986887707733,0.5567101311229227,Hold,93.09317,93.248314,92.75381,93.0253,2654
2026-04-24 06:00:00,0,0.4684788805517247,0.5315211194482753,Hold,93.05439,93.626465,92.64715,93.56828,3701
2026-04-24 07:00:00,0,0.5015485520216533,0.49845144797834673,Sell,93.58768,93.839775,93.09317,93.76221,4847
2026-04-24 08:00:00,1,0.5008630173795275,0.49913698262047246,Sell,93.771904,94.87727,93.771904,94.0337,7661
2026-04-24 09:00:00,1,0.5316397060195321,0.46836029398046786,Sell,94.02401,94.81909,93.72343,94.770615,4643
2026-04-24 10:00:00,1,0.5328765979763421,0.4671234020236579,Sell,94.76092,94.76092,93.89796,93.975525,3935
2026-04-24 11:00:00,0,0.5047882991678274,0.4952117008321726,Sell,94.004616,94.01431,90.78548,91.60966,34486
2026-04-24 12:00:00,0,0.5163272278676548,0.48367277213234516,Sell,91.61935,93.558586,91.28968,93.005905,18367
2026-04-24 13:00:00,0,0.5360228750004125,0.46397712499958754,Sell,93.005905,93.005905,91.76479,92.30778,19672
2026-04-24 14:00:00,0,0.5045411060216972,0.4954588939783028,Sell,92.33687,92.68593,91.78419,92.23021,17907
2026-04-24 15:00:00,0,0.44965890347790544,0.5503410965220945,Hold,92.23021,92.89925,89.86434,90.688515,33675
2026-04-24 16:00:00,0,0.3749947637739498,0.6250052362260502,Hold,90.688515,91.56117,90.30067,90.92123,15038
2026-04-24 17:00:00,0,0.3729491581680803,0.6270508418319197,Hold,90.91153,91.25089,89.93221,90.76608,14551
2026-04-24 18:00:00,0,0.32549242055244454,0.6745075794475555,Hold,90.77578,91.76479,90.756386,91.36725,16302
2026-04-24 19:00:00,0,0.3290607970433612,0.6709392029566388,Hold,91.35755,92.317474,91.2315,91.89085,7485
2026-04-24 20:00:00,0,0.30489115755312546,0.6951088424468745,Hold,91.91023,92.656845,91.90054,91.997505,5446
2026-04-26 22:00:00,0,0.24352008803666553,0.7564799119633345,Hold,92.695625,93.74281,92.5017,93.09317,5247
2026-04-26 23:00:00,0,0.24201169179156293,0.7579883082084371,Hold,93.13196,93.36466,93.034996,93.209526,1364
2026-04-27 00:00:00,0,0.2458053423159672,0.7541946576840328,Hold,93.21922,93.597374,92.860466,93.15135,3205
2026-04-27 01:00:00,0,0.26290170849044703,0.737098291509553,Hold,93.12226,93.19983,92.550186,92.95743,4833
2026-04-27 02:00:00,0,0.2614287795056262,0.7385712204943737,Hold,92.94773,92.94773,92.33687,92.33687,2532
2026-04-27 03:00:00,0,0.29560471920440173,0.7043952807955982,Hold,92.346565,92.453224,92.10416,92.40474,1766
2026-04-27 04:00:00,0,0.328728400189429,0.6712715998105709,Hold,92.40474,92.763504,92.30778,92.695625,984
2026-04-27 05:00:00,0,0.3640755797944059,0.635924420205594,Hold,92.67623,93.345276,92.64715,93.15135,2718
2026-04-27 06:00:00,0,0.3860508763038072,0.6139491236961928,Hold,93.141655,93.48102,93.10287,93.16104,2327
2026-04-27 07:00:00,0,0.43680464581384965,0.5631953541861503,Hold,93.16104,93.946434,93.15135,93.88826,3476
2026-04-27 08:00:00,0,0.45923745208361716,0.5407625479163829,Hold,93.89796,94.150055,93.461624,93.54889,4490
2026-04-27 09:00:00,0,0.4645857104733483,0.5354142895266517,Hold,93.54889,93.75251,93.22892,93.558586,3263
2026-04-27 10:00:00,0,0.45565092857998757,0.5443490714200124,Hold,93.56828,93.57798,92.172035,92.5114,5307
2026-04-27 11:00:00,0,0.4650133158758515,0.5349866841241485,Hold,92.521095,92.55988,91.71631,92.22051,6251
2026-04-27 12:00:00,0,0.4653603540234343,0.5346396459765657,Hold,92.210815,93.60707,91.968414,93.39375,10866
2026-04-27 13:00:00,0,0.487629368638776,0.512370631361224,Hold,93.39375,93.597374,92.71502,92.802284,13752
2026-04-27 14:00:00,0,0.42956512163321964,0.5704348783667803,Hold,92.79259,93.84947,92.40474,93.81069,19018
2026-04-27 15:00:00,0,0.41111658953972463,0.5888834104602754,Hold,93.81069,94.5379,93.180435,93.248314,19316
2026-04-27 16:00:00,0,0.365535787401127,0.634464212598873,Hold,93.22892,93.665245,93.141655,93.63616,7164
2026-04-27 17:00:00,0,0.333442074837532,0.666557925162468,Hold,93.63616,94.70274,93.23862,93.60707,12576
2026-04-27 18:00:00,0,0.289799609784297,0.710200390215703,Hold,93.63616,94.27611,93.287094,93.61677,12302
2026-04-27 19:00:00,0,0.2684728564233963,0.7315271435766038,Hold,93.61677,93.694336,92.98651,93.48102,6647
2026-04-27 20:00:00,0,0.26167078571783425,0.7383292142821658,Hold,93.47132,93.85917,93.33558,93.74281,2221
2026-04-27 22:00:00,0,0.2504987773071119,0.7495012226928881,Hold,93.73312,93.839775,93.37436,93.694336,1321
2026-04-27 23:00:00,0,0.2503693721596269,0.749630627840373,Hold,93.694336,93.85917,93.65555,93.71373,835
2026-04-28 00:00:00,0,0.2507393964905495,0.7492606035094505,Hold,93.71373,94.24702,93.316185,94.082184,3670
2026-04-28 01:00:00,0,0.2757044574898886,0.7242955425101114,Hold,94.082184,94.45064,93.90765,94.37307,2807
2026-04-28 02:00:00,0,0.28036861901213317,0.7196313809878668,Hold,94.37307,94.58639,94.27611,94.431244,1852
2026-04-28 03:00:00,0,0.3321885326321394,0.6678114673678606,Hold,94.42155,94.634865,94.22762,94.634865,1349
2026-04-28 04:00:00,0,0.3536400500418111,0.6463599499581889,Hold,94.62517,94.838486,94.36337,94.49912,1317
2026-04-28 05:00:00,0,0.4203194940749047,0.5796805059250953,Hold,94.49912,95.84689,94.44094,95.21664,5350
2026-04-28 06:00:00,0,0.44266082114273103,0.557339178857269,Hold,95.23603,95.459045,94.75122,95.38148,3302
2026-04-28 07:00:00,0,0.48927266305004485,0.5107273369499552,Hold,95.38148,96.20565,95.3039,95.88567,6662
2026-04-28 08:00:00,0,0.512674147438685,0.487325852561315,Sell,95.89537,96.25413,95.23603,95.943855,6632
2026-04-28 09:00:00,0,0.5111825088228884,0.4888174911771116,Sell,95.96324,96.85529,95.95355,96.777725,5635
2026-04-28 10:00:00,0,0.49935361271473055,0.5006463872852694,Hold,96.777725,97.06861,96.428665,96.709854,5205
2026-04-28 11:00:00,1,0.5106247272406361,0.4893752727593639,Sell,96.70016,98.75575,96.51593,98.18368,15943
2026-04-28 12:00:00,0,0.4900207787739761,0.5099792212260239,Hold,98.203064,98.22246,95.119675,96.38018,29338
2026-04-28 13:00:00,0,0.48309805911380393,0.5169019408861961,Hold,96.38988,97.37889,95.74993,96.38018,25951
2026-04-28 14:00:00,0,0.4606747565574152,0.5393252434425848,Hold,96.399574,97.41767,96.20565,96.3414,23030
2026-04-28 15:00:00,0,0.4213160093790276,0.5786839906209724,Hold,96.36079,96.97165,96.00203,96.75833,15152
2026-04-28 16:00:00,0,0.3871531651231736,0.6128468348768263,Hold,96.76803,97.155876,96.050514,96.19595,9976
2026-04-28 17:00:00,0,0.3458260834172858,0.6541739165827142,Hold,96.20565,97.40798,96.118385,97.194664,10609
2026-04-28 18:00:00,0,0.28654473071147973,0.7134552692885203,Hold,97.17527,97.28193,96.3317,96.96195,14978
2026-04-28 19:00:00,0,0.27746606471118346,0.7225339352888165,Hold,96.952255,97.020134,96.748634,96.87469,3718
2026-04-28 20:00:00,0,0.2784398372497727,0.7215601627502273,Hold,96.86499,96.90378,96.48684,96.5935,3126
2026-04-28 22:00:00,0,0.2710635063979099,0.7289364936020901,Hold,96.68076,96.71955,96.3414,96.5838,1272
2026-04-28 23:00:00,0,0.2789157639600446,0.7210842360399554,Hold,96.5935,96.66137,96.3317,96.399574,982
2026-04-29 00:00:00,0,0.2956910346442339,0.7043089653557661,Hold,96.40927,96.40927,95.92446,96.292915,3116
2026-04-29 01:00:00,0,0.32519938011192767,0.6748006198880723,Hold,96.28322,97.679474,96.225044,97.3401,6917
2026-04-29 02:00:00,0,0.33765620687372055,0.6623437931262794,Hold,97.33041,97.3401,95.429955,96.28322,6709
2026-04-29 03:00:00,0,0.3785184691361175,0.6214815308638826,Hold,96.31231,96.44805,95.78871,96.28322,2555
2026-04-29 04:00:00,0,0.3994183102082042,0.6005816897917958,Hold,96.28322,96.603195,96.19595,96.51593,1162
2026-04-29 05:00:00,0,0.4354324255070213,0.5645675744929787,Hold,96.55471,96.82621,96.535324,96.79712,1468
2026-04-29 06:00:00,0,0.4466473608634843,0.5533526391365158,Hold,96.81651,97.572815,96.574104,97.53403,4288
2026-04-29 07:00:00,0,0.4849685032575369,0.5150314967424632,Hold,97.49525,98.83332,97.291626,98.610306,7759
2026-04-29 08:00:00,0,0.49409871440792985,0.5059012855920701,Hold,98.62,100.62711,98.53274,100.45258,14377
2026-04-29 09:00:00,0,0.5015016536849327,0.4984983463150673,Sell,100.46228,100.55924,99.72537,100.413795,7210
2026-04-29 10:00:00,0,0.4938989207421641,0.5061010792578359,Hold,100.42349,100.6659,99.95808,100.00656,4481
2026-04-29 11:00:00,0,0.49067299957751315,0.5093270004224868,Hold,99.996864,100.307144,99.61871,100.25866,6850
2026-04-29 12:00:00,0,0.48981734152593664,0.5101826584740634,Hold,100.27805,101.19919,99.85142,100.6659,11744
2026-04-29 13:00:00,0,0.512415330725059,0.48758466927494104,Sell,100.6756,102.05246,99.9193,101.77126,25672
2026-04-29 14:00:00,0,0.49988605240423184,0.5001139475957681,Hold,101.79066,102.22699,101.21858,101.99428,17168
2026-04-29 15:00:00,0,0.4450826832026736,0.5549173167973265,Hold,101.98458,103.78808,101.74218,103.53597,26793
2026-04-29 16:00:00,0,0.40692359624534,0.59307640375466,Hold,103.55537,104.011086,102.9639,103.88504,17321
2026-04-29 17:00:00,0,0.3631390884483435,0.6368609115516565,Hold,103.88504,104.40863,103.041466,103.283875,21742
2026-04-29 18:00:00,0,0.3118019879096512,0.6881980120903488,Hold,103.33235,104.185616,103.23539,103.55537,18148
2026-04-29 19:00:00,0,0.31324140131650124,0.6867585986834988,Hold,103.57476,105.19402,103.44871,104.50559,9647
2026-04-29 20:00:00,0,0.3015460581150457,0.6984539418849542,Hold,104.495895,105.30068,104.26319,105.19402,4035
2026-04-29 22:00:00,0,0.2857103588196822,0.7142896411803178,Hold,105.7564,106.30908,104.31167,105.116455,3398
2026-04-29 23:00:00,0,0.29879598268615204,0.701204017313848,Hold,105.10676,105.20372,104.55408,104.68012,1452
2026-04-30 00:00:00,0,0.29970292062087805,0.7002970793791219,Hold,104.70921,104.81587,103.215996,104.146835,6629
2026-04-30 01:00:00,0,0.3195018308344956,0.6804981691655043,Hold,104.13714,104.34076,103.84625,103.91412,2847
2026-04-30 02:00:00,0,0.33751435241337946,0.6624856475866205,Hold,103.93352,105.93093,103.92382,105.10676,6646
2026-04-30 03:00:00,0,0.3857437426575162,0.6142562573424838,Hold,105.12615,106.25091,104.85466,105.78549,4794
2026-04-30 04:00:00,0,0.42220819592722203,0.577791804072778,Hold,105.79519,107.5599,105.7564,106.5224,7252
2026-04-30 05:00:00,1,0.462356186496104,0.537643813503896,Hold,106.503006,106.5224,105.533394,106.04729,3794
2026-04-30 06:00:00,1,0.4815385569406579,0.5184614430593422,Hold,106.04729,106.95873,104.97101,105.048584,8138
2026-04-30 07:00:00,1,0.5311055601369646,0.46889443986303536,Sell,105.009796,105.320076,104.36985,104.97101,7147
2026-04-30 08:00:00,1,0.5209850912040752,0.4790149087959248,Sell,104.97101,105.19402,104.2341,104.70921,5678
2026-04-30 09:00:00,0,0.5374068705561372,0.46259312944386277,Sell,104.70921,105.56248,103.15782,103.65233,10754
2026-04-30 10:00:00,0,0.5390793798184023,0.46092062018159774,Sell,103.69112,104.04987,102.973595,103.19661,8442
2026-04-30 11:00:00,0,0.5135742415672799,0.48642575843272007,Sell,103.20631,103.215996,100.35562,101.35433,24100
2026-04-30 12:00:00,0,0.5114691455531365,0.4885308544468635,Sell,101.35433,102.61484,101.29615,102.09124,14671
2026-04-30 13:00:00,0,0.5326401701170205,0.4673598298829795,Sell,102.10094,102.76028,100.69499,102.24638,17581
2026-04-30 14:00:00,0,0.5039459716085601,0.49605402839143986,Sell,102.24638,103.22569,101.50947,102.76997,19761
2026-04-30 15:00:00,0,0.4825566389150829,0.5174433610849172,Hold,102.77967,103.38084,100.404106,100.93739,32389
2026-04-30 16:00:00,0,0.4316573909001598,0.5683426090998402,Hold,100.93739,101.974884,100.859825,101.587036,10716
2026-04-30 17:00:00,0,0.385674880314257,0.614325119685743,Hold,101.587036,101.6743,100.200485,100.520454,17115
2026-04-30 18:00:00,0,0.34468346739831784,0.6553165326016821,Hold,100.520454,102.39182,100.28775,102.1882,20593
2026-04-30 19:00:00,0,0.3293939246928252,0.6706060753071748,Hold,102.207596,102.23669,101.519165,102.02337,5618
2026-04-30 20:00:00,0,0.31283493415948566,0.6871650658405144,Hold,102.01367,102.92511,101.90701,102.207596,5418
2026-04-30 22:00:00,0,0.29941458237655094,0.7005854176234491,Hold,101.9458,102.75058,101.868225,102.47909,1073
2026-04-30 23:00:00,0,0.3027229900961822,0.6972770099038178,Hold,102.47909,102.634224,102.29486,102.43061,628
2026-05-01 00:00:00,0,0.3360499202818078,0.6639500797181922,Hold,102.43061,102.81846,102.178505,102.42091,1735
2026-05-01 01:00:00,0,0.34766540868583384,0.6523345913141662,Hold,102.42091,102.78937,101.9458,102.12033,1704
2026-05-01 02:00:00,0,0.3670801812899985,0.6329198187100016,Hold,102.10094,103.148125,101.88762,102.29486,2101
2026-05-01 03:00:00,0,0.39007513523120835,0.6099248647687916,Hold,102.25607,102.52757,102.178505,102.33365,1145
2026-05-01 04:00:00,0,0.4028294520464587,0.5971705479535413,Hold,102.314255,102.39182,101.79066,101.800354,1448
2026-05-01 05:00:00,0,0.44497658854911293,0.5550234114508871,Hold,101.81005,102.13003,101.800354,101.92641,1178
2026-05-01 06:00:00,1,0.48691778913447914,0.5130822108655209,Hold,101.91671,103.40992,101.91671,102.7118,3794
2026-05-01 07:00:00,1,0.5089118466442749,0.4910881533557251,Sell,102.7215,102.91542,100.966484,102.314255,7395
2026-05-01 08:00:00,1,0.5233143244066051,0.4766856755933949,Sell,102.314255,102.52757,101.49977,102.32395,5220
2026-05-01 09:00:00,1,0.5095622714725154,0.4904377285274846,Sell,102.33365,102.9445,102.02337,102.21729,3446
2026-05-01 10:00:00,1,0.5163309857865828,0.48366901421341724,Sell,102.23669,102.50818,101.77126,101.81975,2865
2026-05-01 11:00:00,1,0.5254655439697381,0.4745344560302619,Sell,101.81005,102.003975,100.791954,100.9083,7920
2026-05-01 12:00:00,1,0.5182815747028707,0.48171842529712927,Sell,100.93739,101.237976,99.10481,100.60772,16748
2026-05-01 13:00:00,0,0.49569490707569236,0.5043050929243076,Hold,100.62711,100.71438,97.369194,97.78613,25825
2026-05-01 14:00:00,0,0.46113834670665377,0.5388616532933462,Hold,97.747345,98.64909,96.28322,98.52304,27835
2026-05-01 15:00:00,0,0.4442829315889633,0.5557170684110366,Hold,98.50365,99.36661,97.69887,97.98975,18015
2026-05-01 16:00:00,0,0.4059828625284077,0.5940171374715923,Hold,98.01884,99.47327,97.65038,98.73636,17970
2026-05-01 17:00:00,0,0.3877479163684531,0.6122520836315468,Hold,98.784836,99.027245,98.15459,98.35821,9909
2026-05-01 18:00:00,0,0.3584761629708146,0.6415238370291854,Hold,98.367905,99.58962,98.06732,99.07572,16536
2026-05-01 19:00:00,0,0.3693321348676671,0.630667865132333,Hold,99.095116,99.31813,98.72666,99.07572,3805
2026-05-01 20:00:00,0,0.35255282428312523,0.6474471757168747,Hold,99.08542,99.62841,98.93028,99.386,3597
2026-05-03 22:00:00,0,0.3269795344913236,0.6730204655086764,Hold,96.70016,98.49395,96.09899,97.98975,10191
2026-05-03 23:00:00,0,0.3208538197523727,0.6791461802476273,Hold,97.97036,98.67818,97.93157,98.6394,2030
2026-05-04 00:00:00,0,0.30149919096331257,0.6985008090366874,Hold,98.6394,99.22117,97.98975,98.086716,3770
2026-05-04 01:00:00,0,0.3383192971284016,0.6616807028715984,Hold,98.07702,98.891495,98.07702,98.542435,2202
2026-05-04 02:00:00,0,0.3497822869953486,0.6502177130046514,Hold,98.53274,98.99815,98.30972,98.72666,1337
2026-05-04 03:00:00,0,0.3957717850204241,0.6042282149795759,Hold,98.73636,99.095116,98.66849,98.80423,1426
2026-05-04 04:00:00,0,0.4206677567728554,0.5793322432271446,Hold,98.79453,98.83332,98.04793,98.59091,1585
2026-05-04 05:00:00,0,0.4520524606187651,0.547947539381235,Hold,98.59091,98.66849,97.07831,97.883095,4104
2026-05-04 06:00:00,0,0.4827140672076674,0.5172859327923326,Hold,97.90248,99.65749,97.76674,99.30843,4957
2026-05-04 07:00:00,0,0.5250678525413643,0.47493214745863566,Sell,99.29874,100.307144,99.269646,100.307144,5389
2026-05-04 08:00:00,0,0.5148729777033092,0.4851270222966908,Sell,100.29745,101.36403,99.98717,100.12291,7075
2026-05-04 09:00:00,0,0.5083898009325735,0.49161019906742653,Sell,100.152,100.200485,99.49266,99.928986,3639
2026-05-04 10:00:00,0,0.512822719088566,0.487177280911434,Sell,99.928986,104.19531,99.85142,102.459694,28764
2026-05-04 11:00:00,0,0.539219122232823,0.460780877767177,Sell,102.459694,102.82815,100.73377,100.966484,11839
2026-05-04 12:00:00,0,0.5397912446303011,0.46020875536969885,Sell,100.97618,101.02466,99.01755,99.70598,14864
2026-05-04 13:00:00,0,0.515876107091722,0.48412389290827795,Sell,99.69628,101.01496,98.73636,99.095116,22313
2026-05-04 14:00:00,0,0.5191568354441486,0.4808431645558514,Sell,99.11451,100.50107,98.406685,100.32653,19493
2026-05-04 15:00:00,0,0.4558233135363188,0.5441766864636812,Hold,100.345924,102.80876,99.861115,102.39182,34311
2026-05-04 16:00:00,0,0.38809791623262885,0.6119020837673712,Hold,102.42091,103.40023,101.50947,102.90572,24824
2026-05-04 17:00:00,0,0.37358911978642395,0.626410880213576,Hold,102.90572,103.02207,101.78096,102.071846,12744
2026-05-04 18:00:00,0,0.318895811092729,0.681104188907271,Hold,102.071846,103.51658,101.56765,102.47909,18309
2026-05-04 19:00:00,0,0.280688880336148,0.719311119663852,Hold,102.47909,102.634224,101.625824,102.09124,7949
2026-05-04 20:00:00,0,0.2863739805526843,0.7136260194473156,Hold,102.09124,102.12033,101.4319,101.9458,2102
2026-05-04 22:00:00,0,0.27368978110251274,0.7263102188974873,Hold,101.74218,102.27547,101.490074,101.722786,1112
2026-05-04 23:00:00,0,0.29354535185064384,0.7064546481493561,Hold,101.74218,101.92641,101.625824,101.800354,544
2026-05-05 00:00:00,0,0.2552967512880487,0.7447032487119514,Hold,101.81005,102.05246,101.344635,101.654915,1348
2026-05-05 01:00:00,0,0.2842113648864969,0.7157886351135031,Hold,101.63552,101.87792,101.36403,101.60643,1516
2026-05-05 02:00:00,0,0.29655743390830713,0.7034425660916929,Hold,101.60643,101.60643,100.76286,101.02466,2397
2026-05-05 03:00:00,0,0.34607970031716934,0.6539202996828306,Hold,101.04405,101.344635,100.93739,101.19919,770
2026-05-05 04:00:00,0,0.38054719140401455,0.6194528085959854,Hold,101.19919,101.208885,100.69499,101.005264,877
2026-05-05 05:00:00,0,0.41563524366818094,0.5843647563318191,Hold,101.01496,101.40281,101.005264,101.10223,1749
2026-05-05 06:00:00,0,0.4611808509271857,0.5388191490728143,Hold,101.12162,102.14942,100.830734,101.24767,3784
2026-05-05 07:00:00,0,0.5069401352408588,0.4930598647591412,Sell,101.237976,101.63552,100.01626,101.373726,5982
2026-05-05 08:00:00,0,0.5089089900857366,0.49109100991426335,Sell,101.36403,101.50947,99.94838,100.28775,6507
2026-05-05 09:00:00,0,0.5225462519277375,0.4774537480722625,Sell,100.29745,101.32524,100.29745,100.85013,4833
2026-05-05 10:00:00,0,0.5317948748327576,0.46820512516724244,Sell,100.85013,101.237976,100.35562,101.01496,3805
2026-05-05 11:00:00,0,0.5407365240835058,0.4592634759164942,Sell,101.02466,101.897316,100.578636,100.59803,6465
2026-05-05 12:00:00,0,0.5517468284862413,0.44825317151375865,Sell,100.58833,101.04405,99.47327,100.08413,13093
2026-05-05 13:00:00,0,0.5223969816958035,0.4776030183041965,Sell,100.08413,100.21987,98.93998,98.95937,13635
2026-05-05 14:00:00,0,0.48355707794573166,0.5164429220542683,Hold,99.00785,99.87081,98.00914,98.53274,29005
2026-05-05 15:00:00,0,0.48303851714135504,0.516961482858645,Hold,98.53274,99.405396,98.203064,98.99815,14931
2026-05-05 16:00:00,0,0.44045417652519187,0.5595458234748081,Hold,98.98846,99.30843,98.65879,99.201775,7146
2026-05-05 17:00:00,0,0.40481828074111287,0.5951817192588871,Hold,99.201775,99.269646,98.367905,98.96906,9743
2026-05-05 18:00:00,0,0.34464005844292767,0.6553599415570723,Hold,98.95937,99.512054,98.73636,99.16299,13080
2026-05-05 19:00:00,1,0.329576307196841,0.670423692803159,Hold,99.17268,99.78355,99.066025,99.65749,4999
2026-05-05 20:00:00,1,0.307801469395237,0.692198530604763,Hold,99.66719,99.686584,99.25025,99.56053,3071
2026-05-05 22:00:00,0,0.3027942007018252,0.6972057992981748,Hold,99.579926,99.579926,96.10869,97.96066,6093
2026-05-05 23:00:00,0,0.32998415688436106,0.6700158431156389,Hold,97.96066,98.07702,96.17656,96.76803,6470
2026-05-06 00:00:00,0,0.32272938300458914,0.6772706169954108,Hold,96.76803,98.32912,96.5838,97.84431,6268
2026-05-06 01:00:00,0,0.35011600724917213,0.6498839927508279,Hold,97.82491,98.21276,97.06861,97.504944,4316
2026-05-06 02:00:00,1,0.35140462252169335,0.6485953774783066,Hold,97.51463,97.72795,97.398285,97.58251,1499
2026-05-06 03:00:00,1,0.38235720410419693,0.6176427958958031,Hold,97.601906,97.91218,97.27223,97.52433,1401
2026-05-06 04:00:00,1,0.4039139221375063,0.5960860778624937,Hold,97.543724,97.679474,97.16557,97.3401,997
2026-05-06 05:00:00,1,0.42271344708293845,0.5772865529170615,Hold,97.3401,98.29033,97.14618,97.24314,2899
2026-05-06 06:00:00,1,0.4710495739709765,0.5289504260290234,Hold,97.25284,98.22246,96.709854,97.78613,4872
2026-05-06 07:00:00,1,0.5067825290041937,0.49321747099580626,Sell,97.79583,98.1158,94.73183,94.82879,11318
2026-05-06 08:00:00,1,0.5004091256941325,0.49959087430586746,Sell,94.79001,96.0796,92.29808,92.550186,19819
2026-05-06 09:00:00,0,0.5257700864925876,0.4742299135074124,Sell,92.550186,93.40345,90.4752,90.513985,25768
2026-05-06 10:00:00,0,0.5589894271815533,0.4410105728184467,Sell,90.513985,90.552765,86.810036,87.08153,34536
2026-05-06 11:00:00,0,0.5462536958095039,0.4537463041904961,Sell,87.06214,89.81586,85.96647,89.747986,32872
2026-05-06 12:00:00,0,0.45537359541934963,0.5446264045806504,Hold,89.747986,93.180435,89.66072,92.521095,32200
2026-05-06 13:00:00,0,0.44234739899251246,0.5576526010074876,Hold,92.521095,93.85917,92.23021,93.12226,28063
2026-05-06 14:00:00,0,0.4516620272816993,0.5483379727183006,Hold,93.112564,94.37307,91.60966,91.90054,26774
2026-05-06 15:00:00,0,0.408218811386492,0.591781188613508,Hold,91.89085,93.19013,91.7454,92.43383,17987
2026-05-06 16:00:00,0,0.3799023595307195,0.6200976404692805,Hold,92.43383,93.422844,91.69692,92.95743,13369
2026-05-06 17:00:00,0,0.34623509193193097,0.653764908068069,Hold,92.94773,93.034996,92.10416,92.346565,9150
2026-05-06 18:00:00,0,0.296541210451195,0.7034587895488049,Hold,92.35626,92.41444,91.46421,92.317474,16617
2026-05-06 19:00:00,0,0.2775178893292933,0.7224821106707067,Hold,92.32717,92.66654,91.94902,92.47262,4946
2026-05-06 20:00:00,0,0.23919465790568878,0.7608053420943113,Hold,92.453224,93.44224,92.172035,93.287094,3666
2026-05-06 22:00:00,0,0.2393218146657225,0.7606781853342774,Hold,93.37436,93.40345,92.71502,92.94773,1354
2026-05-06 23:00:00,0,0.24668589791597514,0.7533141020840248,Hold,92.938034,93.141655,92.81198,92.976814,751
2026-05-07 00:00:00,0,0.253572055995684,0.746427944004316,Hold,92.98651,93.54889,92.831375,93.22892,2408
2026-05-07 01:00:00,0,0.2976594952334162,0.7023405047665838,Hold,93.258,93.519806,92.48231,92.53079,3060
2026-05-07 02:00:00,0,0.29584714942157525,0.7041528505784247,Hold,92.5114,92.870155,91.94902,92.79259,2515
2026-05-07 03:00:00,0,0.3238242832808557,0.6761757167191442,Hold,92.78289,93.034996,92.453224,92.89925,1121
2026-05-07 04:00:00,0,0.3457127438981085,0.6542872561018915,Hold,92.90894,92.92834,92.59866,92.64715,728
2026-05-07 05:00:00,1,0.38193643250151116,0.6180635674984889,Hold,92.64715,92.860466,92.36596,92.46292,1195
2026-05-07 06:00:00,1,0.44928724383056123,0.5507127561694387,Hold,92.48231,92.763504,91.309074,91.7551,4889
2026-05-07 07:00:00,0,0.4936028872195436,0.5063971127804564,Hold,91.78419,91.861755,89.127426,90.49459,17050
2026-05-07 08:00:00,0,0.5128982291143086,0.4871017708856914,Sell,90.49459,91.71631,89.91282,90.058266,9372
2026-05-07 09:00:00,0,0.5304120133291919,0.46958798667080814,Sell,90.058266,90.36854,89.340744,90.04857,5790
2026-05-07 10:00:00,0,0.5180240913371382,0.4819759086628618,Sell,90.067955,90.49459,89.437706,90.03887,5766
2026-05-07 11:00:00,0,0.5538190346753905,0.4461809653246095,Sell,89.99039,90.13583,88.55535,89.030464,9163
2026-05-07 12:00:00,0,0.5693634739890487,0.43063652601095126,Sell,89.01107,89.27287,87.120316,87.9348,17430
2026-05-07 13:00:00,0,0.5204615129243386,0.4795384870756614,Sell,87.94449,89.87403,87.9251,88.39052,22847
2026-05-07 14:00:00,0,0.5486625737121335,0.45133742628786655,Sell,88.400215,88.79776,87.55664,88.4293,17652
2026-05-07 15:00:00,0,0.4544386437677423,0.5455613562322577,Hold,88.400215,90.59155,88.39052,90.4752,22222
2026-05-07 16:00:00,0,0.38186086086506943,0.6181391391349306,Hold,90.4752,92.976814,90.43642,92.73441,29844
2026-05-07 17:00:00,0,0.33681267329605274,0.6631873267039472,Hold,92.72472,94.49912,91.687225,91.997505,34660
2026-05-07 18:00:00,0,0.3031025178429424,0.6968974821570576,Hold,91.997505,93.665245,91.69692,92.70532,26310
2026-05-07 19:00:00,0,0.2856092980694938,0.7143907019305062,Hold,92.73441,94.34398,92.57927,93.43254,15247
2026-05-07 20:00:00,0,0.2622551014607695,0.7377448985392305,Hold,93.44224,95.013016,91.84236,94.69305,11963
2026-05-07 22:00:00,0,0.24441352996542326,0.7555864700345767,Hold,95.26512,95.64327,93.19983,94.314896,6548
2026-05-07 23:00:00,0,0.25858903736306105,0.741410962636939,Hold,94.2955,94.3052,93.75251,94.0337,1323
2026-05-08 00:00:00,0,0.2731962419627855,0.7268037580372144,Hold,94.043396,94.34398,93.47132,93.65555,1961
2026-05-08 01:00:00,0,0.29592299870094485,0.7040770012990551,Hold,93.64585,93.65555,92.61806,93.112564,4386
2026-05-08 02:00:00,0,0.28140256503689776,0.7185974349631022,Hold,93.12226,93.5392,92.19143,92.84107,3381
2026-05-08 03:00:00,0,0.3108627599161893,0.6891372400838107,Hold,92.79259,92.89925,92.46292,92.802284,1185
2026-05-08 04:00:00,0,0.32691633493062894,0.673083665069371,Hold,92.79259,93.54889,92.74411,92.88955,1958
2026-05-08 05:00:00,0,0.3615524494464252,0.6384475505535748,Hold,92.860466,92.99621,92.41444,92.521095,1927
2026-05-08 06:00:00,0,0.39825351427427536,0.6017464857257246,Hold,92.53079,92.87985,91.28968,92.2496,5866
2026-05-08 07:00:00,0,0.4310427004495315,0.5689572995504685,Hold,92.23021,92.99621,91.90054,92.36596,4774
2026-05-08 08:00:00,0,0.46243421175455984,0.5375657882454401,Hold,92.36596,92.627754,91.309074,91.726006,6440
2026-05-08 09:00:00,0,0.45113313692218243,0.5488668630778175,Hold,91.726006,92.492004,90.9697,92.2593,5658
2026-05-08 10:00:00,0,0.4501636216069877,0.5498363783930122,Hold,92.269,92.40474,91.58057,92.007195,5126
2026-05-08 11:00:00,0,0.4723441118414085,0.5276558881585915,Hold,92.04598,92.36596,91.347855,92.08477,4596
2026-05-08 12:00:00,0,0.474224446593562,0.525775553406438,Hold,92.09447,92.72472,91.7357,92.453224,7339
2026-05-08 13:00:00,0,0.4989728806169395,0.5010271193830604,Hold,92.453224,92.5017,91.05697,91.44482,16892
2026-05-08 14:00:00,0,0.44565993890779987,0.5543400610922001,Hold,91.47391,92.938034,91.45451,92.5114,15275
2026-05-08 15:00:00,0,0.41633472833083085,0.5836652716691692,Hold,92.521095,93.19983,92.210815,92.89925,17516
2026-05-08 16:00:00,0,0.36837374545847423,0.6316262545415258,Hold,92.89925,93.258,92.550186,93.209526,10356
2026-05-08 17:00:00,0,0.3556787512858106,0.6443212487141894,Hold,93.209526,93.23862,92.41444,92.58897,7736
2026-05-08 18:00:00,0,0.34460647377049486,0.6553935262295052,Hold,92.58897,92.89925,91.71631,92.656845,17127
2026-05-08 19:00:00,0,0.35887429175642527,0.6411257082435747,Hold,92.656845,92.74411,91.81327,92.02659,4518
2026-05-08 20:00:00,0,0.36003213649107624,0.6399678635089238,Hold,92.036285,92.16234,91.54178,91.80358,2411
2026-05-10 22:00:00,0,0.25414021671616577,0.7458597832838343,Hold,95.20694,95.84689,94.68335,95.3039,7803
2026-05-10 23:00:00,0,0.26030775118373584,0.7396922488162642,Hold,95.323296,95.914764,95.20694,95.86628,2790
2026-05-11 00:00:00,0,0.26426991356792723,0.7357300864320728,Hold,95.85659,96.87469,95.50752,96.23474,5591
2026-05-11 01:00:00,0,0.28426700790379433,0.7157329920962057,Hold,96.21535,96.35109,95.8372,95.97294,4634
2026-05-11 02:00:00,0,0.30705641302235404,0.6929435869776459,Hold,96.01173,96.8359,95.87598,96.777725,3126
2026-05-11 03:00:00,0,0.3453650141805222,0.6546349858194778,Hold,96.777725,97.262535,96.65167,96.913475,3297
2026-05-11 04:00:00,0,0.3802801404784303,0.6197198595215697,Hold,96.913475,97.32071,96.90378,97.25284,1630
2026-05-11 05:00:00,0,0.42265656942836316,0.5773434305716368,Hold,97.24314,97.291626,96.5935,96.73894,2436
2026-05-11 06:00:00,0,0.4626194912491259,0.5373805087508741,Hold,96.73894,97.088005,95.89537,96.02142,4397
2026-05-11 07:00:00,0,0.5074433993749797,0.49255660062502027,Sell,96.00203,96.30261,95.255424,95.3136,4804
2026-05-11 08:00:00,0,0.5197101614891217,0.48028983851087825,Sell,95.294205,95.44935,93.975525,94.62517,9058
2026-05-11 09:00:00,0,0.5385992170614404,0.4614007829385596,Sell,94.65426,95.12937,94.41186,95.10998,3420
2026-05-11 10:00:00,0,0.5516358181959417,0.44836418180405835,Sell,95.10028,95.12937,94.324585,95.04211,3706
2026-05-11 11:00:00,0,0.5369257682935933,0.4630742317064067,Sell,95.0518,95.58509,94.74152,95.33299,3212
2026-05-11 12:00:00,0,0.535032099272394,0.46496790072760597,Sell,95.33299,95.70145,93.65555,95.10028,11691
2026-05-11 13:00:00,0,0.5240458694191675,0.47595413058083247,Sell,95.10028,95.13907,93.209526,93.68464,18137
2026-05-11 14:00:00,0,0.5090213282395285,0.4909786717604715,Sell,93.70403,94.98393,93.626465,94.72213,13556
2026-05-11 15:00:00,0,0.4685921814250443,0.5314078185749558,Hold,94.70274,95.3136,94.23732,94.89667,13621
2026-05-11 16:00:00,0,0.4060152901290249,0.5939847098709752,Hold,94.90636,96.806816,94.87727,96.24444,14873
2026-05-11 17:00:00,0,0.3676498547973733,0.6323501452026268,Hold,96.24444,96.24444,95.12937,95.35239,8457
2026-05-11 18:00:00,0,0.3108312763189307,0.6891687236810693,Hold,95.37178,95.89537,94.84818,95.148766,16735
2026-05-11 19:00:00,0,0.31064517487436855,0.6893548251256314,Hold,95.13907,95.50752,94.86758,95.34269,3772
2026-05-11 20:00:00,0,0.30786588513385066,0.6921341148661493,Hold,95.323296,95.97294,95.18755,95.26512,4348
2026-05-11 22:00:00,0,0.2928514892302693,0.7071485107697306,Hold,95.40086,95.459045,95.04211,95.255424,844
2026-05-11 23:00:00,0,0.29487259406874716,0.7051274059312529,Hold,95.255424,95.294205,95.02271,95.12937,455
2026-05-12 00:00:00,0,0.2695265515865219,0.730473448413478,Hold,95.13907,95.78871,95.119675,95.73054,2543
2026-05-12 01:00:00,0,0.28458054374623504,0.715419456253765,Hold,95.71114,96.12808,95.37178,96.03112,2219
2026-05-12 02:00:00,0,0.3037065561121872,0.6962934438878128,Hold,96.04082,96.263824,95.92446,95.96324,1793
2026-05-12 03:00:00,0,0.33762671885507095,0.662373281144929,Hold,95.99233,96.19595,95.8275,96.13778,1133
2026-05-12 04:00:00,0,0.37215797332943745,0.6278420266705625,Hold,96.12808,96.157166,95.672356,96.01173,927
2026-05-12 05:00:00,0,0.3939779997667487,0.6060220002332513,Hold,96.03112,96.49654,95.8178,96.18626,1382
2026-05-12 06:00:00,0,0.4659761067166443,0.5340238932833556,Hold,96.20565,97.65038,96.17656,97.466156,6711
2026-05-12 07:00:00,0,0.4826394013811334,0.5173605986188665,Hold,97.48555,97.65038,97.20436,97.611595,3827
2026-05-12 08:00:00,0,0.5050740263734642,0.4949259736265358,Sell,97.601906,98.38729,97.543724,97.83461,5813
2026-05-12 09:00:00,0,0.5182678385139381,0.4817321614860619,Sell,97.854004,98.66849,97.79583,98.01884,5141
2026-05-12 10:00:00,0,0.5046101564787756,0.4953898435212244,Sell,98.00914,98.8721,97.75704,98.581215,5033
2026-05-12 11:00:00,0,0.5112527915743882,0.4887472084256118,Sell,98.571526,98.94968,98.07702,98.19337,5037
2026-05-12 12:00:00,0,0.5169495773926777,0.48305042260732234,Sell,98.203064,98.66849,97.543724,97.70856,8592
2026-05-12 13:00:00,0,0.5302488149336398,0.46975118506636016,Sell,97.69887,99.027245,97.611595,98.67818,10988
2026-05-12 14:00:00,0,0.4826884638203489,0.5173115361796511,Hold,98.67818,99.07572,98.300026,98.84302,10834
2026-05-12 15:00:00,0,0.4452937523599254,0.5547062476400746,Hold,98.84302,99.1339,98.086716,98.41638,10757
2026-05-12 16:00:00,0,0.3732200841361851,0.6267799158638149,Hold,98.39699,98.8721,98.14489,98.55213,7588
2026-05-12 17:00:00,0,0.3629199664823003,0.6370800335176997,Hold,98.542435,98.6297,98.15459,98.60061,6735
2026-05-12 18:00:00,0,0.2943924530561998,0.7056075469438001,Hold,98.60061,99.59932,98.44547,99.42479,17705
2026-05-12 19:00:00,0,0.27235104092309187,0.7276489590769082,Hold,99.43449,99.444176,99.10481,99.269646,3784
2026-05-12 20:00:00,0,0.2612621626993552,0.7387378373006448,Hold,99.25995,99.35691,98.81393,98.94968,1911
2026-05-12 22:00:00,0,0.25001770395537665,0.7499822960446234,Hold,99.05633,99.16299,98.610306,98.83332,1070
2026-05-12 23:00:00,0,0.2633285899180174,0.7366714100819827,Hold,98.83332,99.027245,98.82362,98.96906,471
2026-05-13 00:00:00,0,0.2643639037133985,0.7356360962866015,Hold,98.95937,98.97876,97.8637,98.3776,3747
2026-05-13 01:00:00,0,0.280628884772609,0.719371115227391,Hold,98.38729,98.542435,98.18368,98.49395,1030
2026-05-13 02:00:00,0,0.30791045264320066,0.6920895473567994,Hold,98.51334,98.65879,97.70856,97.99944,1578
2026-05-13 03:00:00,0,0.38229124349705684,0.6177087565029431,Hold,97.98975,98.125496,97.776436,97.98975,1160
2026-05-13 04:00:00,0,0.4161762345541386,0.5838237654458613,Hold,97.98006,97.98006,97.52433,97.68917,962
2026-05-13 05:00:00,0,0.45813513088749785,0.5418648691125021,Hold,97.679474,97.83461,97.504944,97.611595,984
2026-05-13 06:00:00,0,0.5014431910942829,0.4985568089057171,Sell,97.601906,98.04793,97.51463,97.91218,2186
2026-05-13 07:00:00,0,0.5267447971086655,0.4732552028913345,Sell,97.91218,98.27094,97.59221,98.15459,3076
2026-05-13 08:00:00,0,0.5361148732642023,0.46388512673579774,Sell,98.15459,98.716965,97.98006,98.48425,4184
2026-05-13 09:00:00,0,0.5532693624823241,0.44673063751767594,Sell,98.47456,98.8818,98.1158,98.22246,2675
2026-05-13 10:00:00,0,0.5172011918641091,0.48279880813589093,Sell,98.25155,99.27934,98.24185,99.19208,4326
2026-05-13 11:00:00,0,0.5346892687440042,0.46531073125599576,Sell,99.201775,99.25025,98.581215,98.75575,3449
2026-05-13 12:00:00,0,0.5336768702256591,0.46632312977434087,Sell,98.76545,99.62841,98.66849,99.22117,5951
2026-05-13 13:00:00,0,0.5004809022539509,0.4995190977460491,Sell,99.22117,99.76415,98.93028,99.74476,10132
2026-05-13 14:00:00,1,0.4749557893796908,0.5250442106203093,Hold,99.74476,100.520454,99.57023,100.00656,14131
2026-05-13 15:00:00,0,0.46066164956585615,0.5393383504341438,Hold,100.00656,100.10352,98.920586,99.11451,10774
2026-05-13 16:00:00,0,0.42081546691580507,0.5791845330841949,Hold,99.12421,99.25995,97.78613,98.99815,15327
2026-05-13 17:00:00,0,0.3889375969030384,0.6110624030969616,Hold,98.97876,99.07572,98.14489,98.25155,6890
2026-05-13 18:00:00,0,0.319051189305981,0.680948810694019,Hold,98.24185,98.31942,97.63099,97.94127,12984
2026-05-13 19:00:00,0,0.3006193640798059,0.6993806359201942,Hold,97.96066,98.32912,97.883095,98.28064,2483
2026-05-13 20:00:00,0,0.27412854225778827,0.7258714577422117,Hold,98.29033,98.49395,97.640686,97.93157,2519
2026-05-13 22:00:00,0,0.2617894417374648,0.7382105582625351,Hold,97.950966,98.18368,97.66008,97.80552,738
2026-05-13 23:00:00,0,0.293736150723595,0.7062638492764051,Hold,97.776436,97.99944,97.73765,97.950966,341
2026-05-14 00:00:00,0,0.2917517391803701,0.7082482608196299,Hold,97.98006,98.21276,97.82491,98.07702,883
2026-05-14 01:00:00,0,0.32252193211322394,0.677478067886776,Hold,98.06732,98.32912,97.66978,98.00914,1620
2026-05-14 02:00:00,0,0.33015386541995256,0.6698461345800475,Hold,97.98006,98.435776,97.8637,98.406685,921
2026-05-14 03:00:00,0,0.3819397530121145,0.6180602469878855,Hold,98.3776,98.64909,98.086716,98.31942,1481
2026-05-14 04:00:00,0,0.4308666716200122,0.5691333283799878,Hold,98.300026,98.49395,98.28064,98.3776,574
2026-05-14 05:00:00,0,0.45605927822661896,0.543940721773381,Hold,98.39699,98.72666,98.28064,98.3776,1327
2026-05-14 06:00:00,0,0.512349110257272,0.48765088974272797,Sell,98.367905,98.3776,96.574104,97.98975,6050
2026-05-14 07:00:00,1,0.531401010864432,0.46859898913556797,Sell,97.99944,98.99815,97.854004,98.84302,4264
2026-05-14 08:00:00,0,0.5504847034816681,0.4495152965183319,Sell,98.852715,99.24056,97.93157,98.261246,6265
2026-05-14 09:00:00,0,0.5470162617859881,0.45298373821401194,Sell,98.232155,98.99815,97.747345,97.99944,4186
2026-05-14 10:00:00,0,0.5662735096966364,0.43372649030336363,Sell,98.00914,98.6297,97.06861,97.99944,7540
2026-05-14 11:00:00,0,0.6010015502771556,0.3989984497228444,Sell,98.03823,98.232155,97.00074,97.22375,4815
2026-05-14 12:00:00,0,0.5778355897763329,0.42216441022366713,Sell,97.233444,97.8734,96.37048,97.31102,8239
2026-05-14 13:00:00,0,0.5571682036649243,0.44283179633507574,Sell,97.33041,98.028534,97.126785,97.82491,9058
2026-05-14 14:00:00,0,0.5335829656448883,0.4664170343551117,Sell,97.84431,98.66849,97.28193,97.53403,10186
2026-05-14 15:00:00,0,0.4897269668714494,0.5102730331285505,Hold,97.53403,98.00914,97.3401,97.90248,6871
2026-05-14 16:00:00,0,0.42278980873376854,0.5772101912662315,Hold,97.91218,98.1061,97.20436,97.98975,7529
2026-05-14 17:00:00,0,0.38214441977960256,0.6178555802203974,Hold,97.99944,98.96906,97.84431,98.64909,8371
2026-05-14 18:00:00,0,0.30737609509750785,0.6926239049024921,Hold,98.6394,98.90119,97.99944,98.34851,9997
2026-05-14 19:00:00,0,0.28652422271846073,0.7134757772815392,Hold,98.34851,98.91089,98.27094,98.90119,1920
2026-05-14 20:00:00,0,0.2824884298481546,0.7175115701518454,Hold,98.91089,99.07572,98.72666,98.920586,1807
2026-05-14 22:00:00,0,0.25889731123485643,0.7411026887651435,Hold,98.95937,98.96906,98.39699,98.86241,659
2026-05-14 23:00:00,0,0.271362650601201,0.728637349398799,Hold,98.83332,98.93028,98.610306,98.83332,231
2026-05-15 00:00:00,0,0.2978460310705229,0.7021539689294771,Hold,98.84302,98.920586,98.49395,98.746056,414
2026-05-15 01:00:00,0,0.3160344880814059,0.6839655119185941,Hold,98.70727,99.77385,98.59091,99.269646,995
2026-05-15 02:00:00,0,0.31769465364188787,0.6823053463581121,Hold,99.31813,99.79324,98.93028,99.512054,700
2026-05-15 03:00:00,0,0.3614043962450495,0.6385956037549505,Hold,99.550835,99.57023,99.24056,99.25995,214
2026-05-15 04:00:00,0,0.3819297288483467,0.6180702711516532,Hold,99.27934,99.47327,99.25995,99.269646,306
2026-05-15 05:00:00,0,0.4368380189490921,0.5631619810509079,Hold,99.30843,100.63681,99.30843,100.200485,1159
2026-05-15 06:00:00,0,0.4407104414685322,0.5592895585314678,Hold,100.200485,100.45258,99.93868,100.064735,536
2026-05-15 07:00:00,0,0.4825523287746432,0.5174476712253568,Hold,100.08413,100.44289,99.579926,100.43319,909
2026-05-15 08:00:00,0,0.5205271132241259,0.4794728867758741,Sell,100.413795,102.04276,100.26836,101.76157,2623
2026-05-15 09:00:00,0,0.5095208295213601,0.49047917047863987,Sell,101.70339,102.110634,101.237976,102.003975,1206
2026-05-15 10:00:00,0,0.5236394506272665,0.47636054937273353,Sell,102.003975,102.01367,99.77385,100.11322,1701
2026-05-15 11:00:00,0,0.5371677629972261,0.46283223700277387,Sell,100.05504,101.4222,99.928986,101.28645,1127
2026-05-15 12:00:00,0,0.5172604219647602,0.4827395780352398,Sell,101.315544,101.52886,100.84043,101.05375,1992
2026-05-15 13:00:00,0,0.5204920324120661,0.4795079675879339,Sell,101.05375,101.11192,100.33623,101.11192,3072
2026-05-15 14:00:00,0,0.49793103623552004,0.50206896376448,Hold,101.11192,101.800354,100.375015,101.46099,2784
2026-05-15 15:00:00,0,0.4319962779852561,0.5680037220147439,Hold,101.451294,102.49848,101.170105,102.24638,3507
2026-05-15 16:00:00,0,0.38945256029523,0.61054743970477,Hold,102.24638,102.56635,101.78096,101.88762,2338
2026-05-15 17:00:00,0,0.3854003033758394,0.6145996966241606,Hold,101.897316,102.13003,101.548256,101.87792,2371
2026-05-15 18:00:00,0,0.3463628039224424,0.6536371960775575,Hold,101.868225,102.57605,101.84884,102.12033,3928
2026-05-15 19:00:00,0,0.33785750288076916,0.6621424971192309,Hold,102.13003,102.52757,102.02337,102.40152,955
2026-05-15 20:00:00,0,0.3506145713794332,0.6493854286205668,Hold,102.39182,102.77967,102.178505,102.45,841
2026-05-18 00:00:00,0,0.2869209851962598,0.7130790148037403,Hold,102.45,103.23,102.0,102.98,3821
2026-05-18 01:00:00,0,0.31606095113527277,0.6839390488647272,Hold,102.97,104.37,102.65,103.32,7245
2026-05-18 02:00:00,0,0.30663339308913634,0.6933666069108637,Hold,103.33,103.73,103.14,103.27,2041
2026-05-18 03:00:00,0,0.3524380224912663,0.6475619775087337,Hold,103.26,103.4,103.08,103.17,1086
2026-05-18 04:00:00,0,0.389804355454898,0.610195644545102,Hold,103.19,103.34,103.0,103.17,1339
2026-05-18 05:00:00,1,0.4359468872736499,0.5640531127263502,Hold,103.15,103.31,102.56,102.88,1878
2026-05-18 06:00:00,1,0.4755279028133012,0.5244720971866987,Hold,102.88,103.45,102.8,102.87,3028
2026-05-18 07:00:00,0,0.547929059394413,0.45207094060558695,Sell,102.84,102.93,101.6,102.18,7394
2026-05-18 08:00:00,0,0.5288915460546654,0.4711084539453346,Sell,102.18,102.43,101.63,101.81,5785
2026-05-18 09:00:00,0,0.5392372463897566,0.46076275361024344,Sell,101.8,102.56,101.7,102.21,4141
2026-05-18 10:00:00,1,0.5242831657372007,0.4757168342627993,Sell,102.2,102.52,102.06,102.43,2376
2026-05-18 11:00:00,0,0.5405681673716418,0.4594318326283582,Sell,102.46,103.26,100.16,100.89,18685
2026-05-18 12:00:00,0,0.5268767026640333,0.4731232973359667,Sell,100.91,101.61,98.6,99.04,21506
2026-05-18 13:00:00,0,0.5284336302735118,0.47156636972648824,Sell,99.07,100.24,98.95,99.59,20859
2026-05-18 14:00:00,0,0.49067192002802124,0.5093280799719788,Hold,99.58,102.37,99.55,102.22,22439
2026-05-18 15:00:00,0,0.45413603453306245,0.5458639654669375,Hold,102.21,103.13,102.03,102.85,21062
2026-05-18 16:00:00,0,0.38362598950764126,0.6163740104923587,Hold,102.84,103.64,102.71,102.91,12944
2026-05-18 17:00:00,0,0.36143783524104556,0.6385621647589544,Hold,102.91,103.12,102.19,103.03,9768
2026-05-18 18:00:00,0,0.2900212740052163,0.7099787259947836,Hold,103.02,105.21,103.01,104.65,25500
2026-05-18 19:00:00,0,0.2715350415846086,0.7284649584153914,Hold,104.66,104.8,101.41,101.96,18369
2026-05-18 20:00:00,0,0.2900085547794154,0.7099914452205847,Hold,101.96,102.6,101.1,102.49,4497
2026-05-18 22:00:00,0,0.28428750983245005,0.71571249016755,Hold,102.58,102.74,102.12,102.45,2167
2026-05-18 23:00:00,0,0.28647847772091084,0.7135215222790892,Hold,102.45,102.52,102.26,102.3,549
2026-05-19 00:00:00,0,0.29686943878757205,0.7031305612124279,Hold,102.3,102.75,102.22,102.51,1890
2026-05-19 01:00:00,0,0.3115409539302277,0.6884590460697724,Hold,102.47,103.0,102.24,102.53,2633
2026-05-19 02:00:00,0,0.31312825319755555,0.6868717468024444,Hold,102.5,103.1,102.42,102.91,1222
2026-05-19 03:00:00,0,0.35352890616865246,0.6464710938313476,Hold,102.93,103.13,102.67,102.83,961
2026-05-19 04:00:00,0,0.3875893742913587,0.6124106257086412,Hold,102.84,102.92,102.59,102.65,671
2026-05-19 05:00:00,0,0.43411074279924067,0.5658892572007593,Hold,102.64,103.45,102.58,103.16,1882
2026-05-19 06:00:00,0,0.44730507296115857,0.5526949270388415,Hold,103.16,103.85,102.74,103.72,5355
2026-05-19 07:00:00,0,0.5314545469129615,0.46854545308703854,Sell,103.71,104.0,103.02,103.15,4087
2026-05-19 08:00:00,0,0.5208289455814517,0.47917105441854835,Sell,103.17,103.86,103.03,103.24,3947
2026-05-19 09:00:00,0,0.5388190771881193,0.4611809228118807,Sell,103.25,103.58,102.56,102.79,3460
2026-05-19 10:00:00,0,0.5323032781518394,0.4676967218481606,Sell,102.79,104.18,102.73,103.42,7553
2026-05-19 11:00:00,0,0.49943496146277727,0.5005650385372227,Hold,103.45,104.1,103.41,103.97,3815
2026-05-19 12:00:00,0,0.5372241147989033,0.4627758852010967,Sell,103.98,104.01,103.23,103.51,4871
2026-05-19 13:00:00,0,0.536322747130365,0.463677252869635,Sell,103.5,104.71,103.14,103.46,19486
2026-05-19 14:00:00,0,0.5247003741119599,0.4752996258880401,Sell,103.48,103.79,102.61,103.49,17207
2026-05-19 15:00:00,0,0.447726469359325,0.552273530640675,Hold,103.48,103.91,102.96,103.83,9911
2026-05-19 16:00:00,0,0.385576894580085,0.614423105419915,Hold,103.82,104.15,103.51,103.71,7794
2026-05-19 17:00:00,0,0.38027120025724254,0.6197287997427574,Hold,103.71,104.09,103.27,103.44,9535
2026-05-19 18:00:00,0,0.3143198786084115,0.6856801213915885,Hold,103.43,104.86,103.09,104.65,23913
2026-05-19 19:00:00,0,0.31231660938491146,0.6876833906150885,Hold,104.66,104.66,104.12,104.48,4076
2026-05-19 20:00:00,0,0.3114427439491603,0.6885572560508397,Hold,104.49,104.59,103.95,104.03,2584
2026-05-19 22:00:00,0,0.3099219502323935,0.6900780497676064,Hold,104.12,104.36,104.03,104.21,792
2026-05-19 23:00:00,0,0.32856185011354366,0.6714381498864563,Hold,104.21,104.29,103.76,103.92,1034
2026-05-20 00:00:00,0,0.3264825252973083,0.6735174747026917,Hold,103.92,104.02,103.71,103.87,1195
2026-05-20 01:00:00,0,0.3730086529674285,0.6269913470325714,Hold,103.85,104.45,103.12,103.61,3742
2026-05-20 02:00:00,0,0.37743060265437,0.62256939734563,Hold,103.58,104.45,103.41,104.2,2348
2026-05-20 03:00:00,0,0.4397136274349609,0.5602863725650391,Hold,104.2,104.33,103.57,103.68,1534
2026-05-20 04:00:00,1,0.4524161532678465,0.5475838467321534,Hold,103.68,103.97,103.32,103.9,1307
2026-05-20 05:00:00,1,0.4965119201229388,0.5034880798770611,Hold,103.88,103.94,103.57,103.84,1023
2026-05-20 06:00:00,0,0.5657079070405276,0.43429209295947235,Sell,103.86,104.01,102.65,102.79,4774
2026-05-20 07:00:00,0,0.584271966556909,0.41572803344309095,Sell,102.75,103.17,102.5,103.04,4122
2026-05-20 08:00:00,0,0.58528808147244,0.41471191852755995,Sell,103.05,103.12,101.82,102.06,7704
2026-05-20 09:00:00,1,0.6085224707311073,0.3914775292688927,Sell,102.09,102.72,101.64,102.35,4840
2026-05-20 10:00:00,0,0.5921657453934928,0.40783425460650724,Sell,102.34,102.51,100.87,101.48,8945
2026-05-20 11:00:00,1,0.5982177069533955,0.4017822930466045,Sell,101.48,102.77,101.42,102.52,7517
2026-05-20 12:00:00,0,0.581978870728807,0.41802112927119295,Sell,102.53,102.65,100.75,101.66,13538
2026-05-20 13:00:00,1,0.5686868720286865,0.4313131279713135,Sell,101.68,102.33,101.29,102.27,15267
2026-05-20 14:00:00,0,0.5394709409578602,0.4605290590421398,Sell,102.26,102.8,99.45,100.49,43562
2026-05-20 15:00:00,0,0.5137000504419361,0.4862999495580639,Sell,100.5,100.67,97.0,99.26,40514
2026-05-20 16:00:00,0,0.47990642346226586,0.5200935765377341,Hold,99.23,99.64,97.6,97.89,17953
2026-05-20 17:00:00,0,0.4536523462398149,0.5463476537601851,Hold,97.84,98.35,96.94,98.32,21538
2026-05-20 18:00:00,0,0.37061524346802266,0.6293847565319773,Hold,98.3,98.71,97.76,97.95,18559
2026-05-20 19:00:00,0,0.38539778387335405,0.614602216126646,Hold,97.94,98.58,97.77,98.53,5679
2026-05-20 20:00:00,0,0.35184725313936366,0.6481527468606363,Hold,98.52,99.11,98.33,99.08,3429
2026-05-20 22:00:00,0,0.3300975734715511,0.6699024265284489,Hold,98.95,99.22,98.75,98.99,1543
2026-05-20 23:00:00,0,0.3427070575592171,0.657292942440783,Hold,98.96,99.21,98.75,98.88,1037
2026-05-21 00:00:00,0,0.34336754376726353,0.6566324562327365,Hold,98.87,100.11,98.79,99.12,3736
2026-05-21 01:00:00,0,0.3985133603619301,0.6014866396380699,Hold,99.12,99.16,98.5,98.6,3620
2026-05-21 02:00:00,0,0.38214141509710015,0.6178585849028999,Hold,98.59,99.25,98.52,99.15,1356
2026-05-21 03:00:00,0,0.45199284224348235,0.5480071577565176,Hold,99.16,99.27,98.94,99.12,877
2026-05-21 04:00:00,0,0.4654366467824549,0.5345633532175451,Hold,99.1,99.29,98.79,98.84,789
2026-05-21 05:00:00,0,0.46260628571716184,0.5373937142828382,Hold,98.84,100.06,98.82,99.42,2355
2026-05-21 06:00:00,0,0.4909783064658149,0.5090216935341851,Hold,99.45,99.85,98.8,99.55,4348
2026-05-21 07:00:00,0,0.5179276107363265,0.48207238926367346,Sell,99.58,99.93,99.24,99.28,2576
2026-05-21 08:00:00,0,0.543734973289543,0.456265026710457,Sell,99.28,99.58,98.04,98.47,8129
2026-05-21 09:00:00,0,0.5570597853618218,0.44294021463817823,Sell,98.5,98.5,97.25,97.59,6056
2026-05-21 10:00:00,0,0.5540915770723495,0.44590842292765054,Sell,97.6,101.34,97.48,101.06,20209
2026-05-21 11:00:00,0,0.5501483189482869,0.44985168105171314,Sell,101.08,101.08,100.15,100.59,9638
2026-05-21 12:00:00,0,0.54320795109308,0.45679204890692005,Sell,100.57,101.29,100.44,101.09,13011
2026-05-21 13:00:00,0,0.5378487249919969,0.4621512750080031,Sell,101.09,102.66,100.29,100.53,31210
2026-05-21 14:00:00,1,0.501540371902673,0.498459628097327,Sell,100.53,101.56,100.27,101.35,19783
2026-05-21 15:00:00,1,0.45197178173981895,0.548028218260181,Hold,101.36,102.14,100.72,100.73,15730
2026-05-21 16:00:00,1,0.4075490050304155,0.5924509949695844,Hold,100.72,100.78,99.79,100.01,13148
2026-05-21 17:00:00,0,0.36927726448940373,0.6307227355105962,Hold,100.0,100.43,95.76,96.33,47789
2026-05-21 18:00:00,0,0.308021051991817,0.691978948008183,Hold,96.34,98.3,96.0,98.01,38068
2026-05-21 19:00:00,0,0.29501202225940687,0.7049879777405932,Hold,98.01,98.21,97.06,97.32,12355
2026-05-21 20:00:00,0,0.27551671025569685,0.7244832897443032,Hold,97.35,98.18,97.21,98.0,3143
2026-05-21 22:00:00,0,0.2797937727912463,0.7202062272087537,Hold,98.0,98.0,97.29,97.73,1739
2026-05-21 23:00:00,0,0.26575917224573437,0.7342408277542656,Hold,97.73,97.91,97.51,97.74,908
2026-05-22 00:00:00,0,0.2978305286512831,0.7021694713487169,Hold,97.74,98.15,97.6,97.93,2462
2026-05-22 01:00:00,0,0.3164729954682237,0.6835270045317763,Hold,97.92,98.35,97.62,97.69,2384
2026-05-22 02:00:00,0,0.3103454501457771,0.6896545498542229,Hold,97.66,97.97,97.33,97.47,1412
2026-05-22 03:00:00,0,0.349582594766101,0.650417405233899,Hold,97.44,97.57,97.24,97.46,1301
2026-05-22 04:00:00,0,0.3821081418413927,0.6178918581586073,Hold,97.48,97.48,96.92,97.35,1646
2026-05-22 05:00:00,0,0.4122508271083866,0.5877491728916133,Hold,97.34,98.55,97.34,98.38,1992
2026-05-22 06:00:00,0,0.4512829569118033,0.5487170430881967,Hold,98.38,98.73,97.92,98.0,3272
2026-05-22 07:00:00,0,0.4692771130093467,0.5307228869906533,Hold,97.98,98.93,97.95,98.46,6116
2026-05-22 08:00:00,0,0.48968327941565,0.51031672058435,Hold,98.46,99.43,98.09,98.7,10020
2026-05-22 09:00:00,0,0.5018625402907206,0.49813745970927936,Sell,98.72,99.07,97.89,98.52,4523
2026-05-22 10:00:00,0,0.5043648737403698,0.49563512625963024,Sell,98.5,98.8,97.66,98.31,4483
2026-05-22 11:00:00,0,0.5167641352887624,0.4832358647112376,Sell,98.32,98.66,97.16,97.52,5513
2026-05-22 12:00:00,0,0.5122897722889994,0.4877102277110006,Sell,97.55,97.77,95.65,96.22,19093
2026-05-22 13:00:00,0,0.5089227974153735,0.4910772025846265,Sell,96.2,98.11,95.46,97.77,25612
2026-05-22 14:00:00,0,0.4990037723466312,0.5009962276533688,Hold,97.78,98.17,97.29,97.57,10145
2026-05-22 15:00:00,1,0.4759309263690332,0.5240690736309668,Hold,97.57,97.96,96.8,97.06,11129
2026-05-22 16:00:00,1,0.41366412808994557,0.5863358719100544,Hold,97.06,97.41,96.52,96.86,12090
2026-05-22 17:00:00,1,0.39210757442424626,0.6078924255757537,Hold,96.83,97.24,94.73,96.07,28189
2026-05-22 18:00:00,1,0.37059795940108153,0.6294020405989185,Hold,96.07,96.77,96.0,96.25,16445
2026-05-22 19:00:00,1,0.36821945286201496,0.631780547137985,Hold,96.23,96.95,96.08,96.28,6927
2026-05-22 20:00:00,1,0.3593329474090605,0.6406670525909395,Hold,96.23,97.27,95.97,97.0,5992
2026-05-25 00:00:00,0,0.35245926750150236,0.6475407324984976,Hold,92.12,92.29,90.87,91.9,3977
2026-05-25 01:00:00,0,0.36377810377635283,0.6362218962236472,Hold,91.92,92.52,91.7,92.41,4169
2026-05-25 02:00:00,0,0.40524335665324634,0.5947566433467537,Hold,92.42,92.55,91.71,91.74,2236
2026-05-25 03:00:00,0,0.4989542446001866,0.5010457553998133,Hold,91.72,91.78,90.32,90.94,7710
2026-05-25 04:00:00,0,0.5096241777281071,0.4903758222718929,Sell,91.01,91.3,90.87,90.98,1854
2026-05-25 05:00:00,0,0.5354401968207404,0.4645598031792596,Sell,90.97,91.05,90.58,90.98,2057
2026-05-25 06:00:00,0,0.5435697421139627,0.4564302578860373,Sell,91.0,91.61,90.87,91.4,2787
2026-05-25 07:00:00,0,0.5356270538370996,0.46437294616290037,Sell,91.4,92.7,91.25,91.76,8062
2026-05-25 08:00:00,0,0.539412794924416,0.46058720507558404,Sell,91.76,92.52,91.63,91.75,3708
2026-05-25 09:00:00,0,0.5687580304330698,0.43124196956693017,Sell,91.74,91.85,91.01,91.23,3218
2026-05-25 10:00:00,0,0.5633436131735019,0.4366563868264981,Sell,91.23,91.35,90.71,90.91,3153
2026-05-25 11:00:00,0,0.5446058102957466,0.4553941897042534,Sell,90.91,91.42,90.54,90.89,4829
2026-05-25 12:00:00,0,0.5492350902958069,0.45076490970419314,Sell,90.91,91.55,90.34,91.47,5349
2026-05-25 13:00:00,0,0.5187091567248177,0.48129084327518235,Sell,91.5,91.88,91.31,91.39,4745
2026-05-25 14:00:00,0,0.49757757524259494,0.5024224247574051,Hold,91.39,91.52,90.89,91.43,5480
2026-05-25 15:00:00,0,0.5023265886734293,0.4976734113265707,Sell,91.46,91.82,90.42,91.09,10021
2026-05-25 16:00:00,0,0.46891848435148714,0.5310815156485129,Hold,91.1,91.6,89.75,89.85,6258
2026-05-25 17:00:00,0,0.42856617668521124,0.5714338233147888,Hold,89.86,90.45,89.41,90.33,4507
2026-05-25 18:00:00,0,0.39497506045521164,0.6050249395447884,Hold,90.33,90.44,90.14,90.3,844
2026-05-25 22:00:00,0,0.362552853723501,0.637447146276499,Hold,91.0,91.23,90.35,90.77,3913
2026-05-25 23:00:00,0,0.36672808382338196,0.633271916176618,Hold,90.75,91.12,90.6,90.93,2100
2026-05-26 00:00:00,0,0.337617788645161,0.662382211354839,Hold,90.94,91.6,90.9,91.48,6100
2026-05-26 01:00:00,0,0.3488533307078627,0.6511466692921373,Hold,91.5,92.04,91.38,91.85,3647
2026-05-26 02:00:00,0,0.3294587172341228,0.6705412827658772,Hold,91.85,91.94,91.39,91.58,2055
2026-05-26 03:00:00,0,0.34215121076983995,0.6578487892301601,Hold,91.58,91.72,91.4,91.66,1429
2026-05-26 04:00:00,0,0.3648088043793288,0.6351911956206713,Hold,91.66,92.12,91.58,92.02,1579
2026-05-26 05:00:00,0,0.40009400799396977,0.5999059920060302,Hold,92.01,92.55,91.79,91.89,2906
2026-05-26 06:00:00,0,0.4510252235993395,0.5489747764006605,Hold,91.9,92.31,91.4,91.67,4407
2026-05-26 07:00:00,0,0.5059957239990694,0.49400427600093055,Sell,91.66,92.96,91.53,92.47,8667
2026-05-26 08:00:00,0,0.5092040721090486,0.4907959278909514,Sell,92.47,93.64,92.33,93.2,7160
2026-05-26 09:00:00,0,0.5051252465008362,0.49487475349916377,Sell,93.21,93.28,92.51,92.61,5481
2026-05-26 10:00:00,0,0.4911319124294712,0.5088680875705288,Hold,92.61,92.73,91.5,92.02,7171
2026-05-26 11:00:00,0,0.49847423753889325,0.5015257624611067,Hold,92.02,92.9,91.98,92.72,6712
2026-05-26 12:00:00,0,0.4923394528038468,0.5076605471961533,Hold,92.72,93.36,92.42,92.8,8681
2026-05-26 13:00:00,0,0.5090240661678277,0.4909759338321723,Sell,92.81,94.51,92.54,94.2,16709
2026-05-26 14:00:00,0,0.4677766811434286,0.5322233188565715,Hold,94.16,94.43,93.17,94.19,17732
2026-05-26 15:00:00,0,0.4138321997236905,0.5861678002763095,Hold,94.19,94.7,93.81,93.9,14276
2026-05-26 16:00:00,0,0.35213607251723456,0.6478639274827654,Hold,93.89,94.36,93.71,94.03,9504
2026-05-26 17:00:00,0,0.3246190306541156,0.6753809693458843,Hold,94.04,94.16,93.56,93.76,8326
2026-05-26 18:00:00,0,0.2991822318598529,0.7008177681401471,Hold,93.76,94.09,93.41,93.68,14781
2026-05-26 19:00:00,0,0.27662334274857375,0.7233766572514262,Hold,93.69,94.06,93.51,93.53,4609
2026-05-26 20:00:00,0,0.2728275792383346,0.7271724207616654,Hold,93.51,93.87,93.2,93.57,2702
2026-05-26 22:00:00,0,0.26345477505757076,0.7365452249424292,Hold,93.39,93.69,93.3,93.58,1179
2026-05-26 23:00:00,0,0.27865514575990485,0.7213448542400951,Hold,93.57,93.62,93.1,93.31,1244
2026-05-27 00:00:00,0,0.29551079553227244,0.7044892044677276,Hold,93.33,93.43,92.81,92.96,2608
2026-05-27 01:00:00,0,0.31560231375048475,0.6843976862495152,Hold,92.97,93.22,92.55,92.85,2448
2026-05-27 02:00:00,1,0.3459809728239567,0.6540190271760433,Hold,92.84,92.84,92.16,92.4,2641
2026-05-27 03:00:00,1,0.3779703649580086,0.6220296350419914,Hold,92.38,92.39,91.87,92.11,2644
2026-05-27 04:00:00,1,0.4231585180094337,0.5768414819905663,Hold,92.11,92.15,91.81,91.94,1362
2026-05-27 05:00:00,0,0.46643393069690875,0.5335660693030913,Hold,91.95,92.22,91.73,91.85,2303
2026-05-27 06:00:00,1,0.4938967243196519,0.5061032756803481,Hold,91.84,92.04,91.41,91.54,4254
2026-05-27 07:00:00,1,0.5290130368665362,0.4709869631334638,Sell,91.54,91.65,90.85,91.12,6789
2026-05-27 08:00:00,1,0.5738348280073818,0.42616517199261816,Sell,91.1,91.26,89.69,90.17,9388
2026-05-27 09:00:00,0,0.578860608684125,0.42113939131587497,Sell,90.16,90.53,89.64,89.87,7922
2026-05-27 10:00:00,1,0.5828580780010604,0.4171419219989396,Sell,89.86,90.51,89.83,90.21,4784
2026-05-27 11:00:00,1,0.5553281526102629,0.4446718473897371,Sell,90.2,90.85,89.96,90.54,8653
2026-05-27 12:00:00,0,0.5860446254735643,0.4139553745264357,Sell,90.55,90.77,87.77,88.84,32457
2026-05-27 13:00:00,0,0.5764496270487762,0.4235503729512238,Sell,88.85,90.02,88.76,89.8,19017
2026-05-27 14:00:00,0,0.5072029870234845,0.49279701297651546,Sell,89.79,91.01,89.46,90.81,23818
2026-05-27 15:00:00,0,0.49072255160549483,0.5092774483945052,Hold,90.82,91.19,89.93,90.01,20930
2026-05-27 16:00:00,0,0.45216946738596914,0.5478305326140309,Hold,90.02,90.4,89.42,89.88,12244
2026-05-27 17:00:00,0,0.42832362691690085,0.5716763730830992,Hold,89.88,90.1,89.16,89.52,8983
2026-05-27 18:00:00,0,0.40630024738865367,0.5936997526113463,Hold,89.53,89.6,88.48,88.94,18144
2026-05-27 19:00:00,0,0.36816701566948257,0.6318329843305175,Hold,88.94,89.58,88.83,89.44,5362
2026-05-27 20:00:00,0,0.36000750638377954,0.6399924936162205,Hold,89.44,89.6,89.3,89.41,1827
2026-05-27 22:00:00,0,0.34369172441956747,0.6563082755804326,Hold,89.11,90.08,89.11,89.7,2072
2026-05-27 23:00:00,0,0.32570288057572316,0.6742971194242768,Hold,89.75,90.4,89.61,90.2,2454
2026-05-28 00:00:00,0,0.3144718425465591,0.6855281574534409,Hold,90.21,90.69,90.18,90.48,3565
2026-05-28 01:00:00,0,0.3298459046442657,0.6701540953557343,Hold,90.46,90.48,89.97,90.18,2910
2026-05-28 02:00:00,0,0.3314000406377768,0.6685999593622232,Hold,90.17,90.97,89.93,90.94,2892
2026-05-28 03:00:00,0,0.3618514059599361,0.638148594040064,Hold,90.94,92.23,90.86,92.18,6859
2026-05-28 04:00:00,0,0.3746013564853693,0.6253986435146307,Hold,92.2,92.52,91.99,92.17,3268
2026-05-28 05:00:00,0,0.4504301918785434,0.5495698081214566,Hold,92.14,92.23,91.41,91.58,3556
2026-05-28 06:00:00,0,0.4885504296384938,0.5114495703615062,Hold,91.57,91.62,90.75,91.15,3870
2026-05-28 07:00:00,0,0.526062594747125,0.473937405252875,Sell,91.15,91.42,90.81,90.93,4614
2026-05-28 08:00:00,0,0.5421872154475815,0.4578127845524185,Sell,90.93,91.03,90.48,90.56,5180
2026-05-28 09:00:00,0,0.5572321708743476,0.4427678291256524,Sell,90.56,90.78,89.87,90.25,4435
2026-05-28 10:00:00,1,0.5462619387484622,0.4537380612515378,Sell,90.26,91.37,90.0,91.01,5762
2026-05-28 11:00:00,1,0.5522251153626749,0.44777488463732507,Sell,91.0,91.57,90.74,91.3,5963
2026-05-28 12:00:00,1,0.5472884245331717,0.4527115754668283,Sell,91.31,91.45,90.4,90.54,8739
2026-05-28 13:00:00,1,0.5569473872195405,0.4430526127804595,Sell,90.54,91.35,90.3,90.83,10714
2026-05-28 14:00:00,0,0.5194354947301172,0.4805645052698828,Sell,90.83,91.14,87.11,89.49,26177
2026-05-28 15:00:00,0,0.491550878154884,0.5084491218451159,Hold,89.51,90.16,88.98,89.78,14126
2026-05-28 16:00:00,0,0.45930302752993174,0.5406969724700683,Hold,89.77,90.25,88.02,88.24,14108
2026-05-28 17:00:00,0,0.4091650244251364,0.5908349755748636,Hold,88.26,89.16,88.2,88.85,9562
2026-05-28 18:00:00,0,0.34800980242304475,0.6519901975769553,Hold,88.86,89.54,88.59,89.25,13109
2026-05-28 19:00:00,0,0.3151144779842025,0.6848855220157974,Hold,89.24,89.49,89.01,89.48,3067
2026-05-28 20:00:00,0,0.3102386466868034,0.6897613533131965,Hold,89.47,89.64,88.53,88.53,4329
2026-05-28 22:00:00,0,0.28997715340862756,0.7100228465913725,Hold,88.55,88.92,88.26,88.51,1348
2026-05-28 23:00:00,0,0.31250221789126686,0.6874977821087331,Hold,88.54,88.67,88.2,88.53,1205
2026-05-29 00:00:00,0,0.37678826395921206,0.623211736040788,Hold,88.53,88.53,87.63,88.36,2915
2026-05-29 01:00:00,0,0.4203227064102543,0.5796772935897456,Hold,88.35,88.44,87.67,87.89,2677
2026-05-29 02:00:00,0,0.4257735987067647,0.5742264012932353,Hold,87.9,88.05,87.57,87.77,1976
2026-05-29 03:00:00,0,0.46250301248311826,0.5374969875168818,Hold,87.81,88.29,87.37,88.2,2692
2026-05-29 04:00:00,0,0.5138432252876043,0.4861567747123957,Sell,88.18,88.25,87.47,87.71,2963
2026-05-29 05:00:00,0,0.5347028884044682,0.4652971115955318,Sell,87.72,88.13,87.67,88.02,1555
2026-05-29 06:00:00,0,0.5751198816117308,0.4248801183882692,Sell,88.01,88.04,87.17,87.48,3153
2026-05-29 07:00:00,0,0.542228581590197,0.45777141840980295,Sell,87.48,89.01,87.34,88.72,5200
2026-05-29 08:00:00,0,0.5345211027363029,0.46547889726369707,Sell,88.72,89.02,88.52,88.68,3662
2026-05-29 09:00:00,0,0.5664582791035645,0.4335417208964355,Sell,88.69,88.72,86.86,87.5,10722
2026-05-29 10:00:00,0,0.5387140473679727,0.4612859526320273,Sell,87.5,87.82,86.71,87.35,4146
2026-05-29 11:00:00,0,0.532626209591469,0.467373790408531,Sell,87.34,88.31,87.16,87.61,5623
2026-05-29 12:00:00,0,0.5345664411673204,0.46543355883267956,Sell,87.62,88.16,87.21,87.33,7456
2026-05-29 13:00:00,0,0.5195583719603778,0.4804416280396222,Sell,87.32,87.87,86.73,87.69,14415
2026-05-29 14:00:00,0,0.4745068926385099,0.5254931073614901,Hold,87.68,88.95,87.46,87.96,23305
2026-05-29 15:00:00,0,0.4535240995614974,0.5464759004385026,Hold,87.97,88.01,86.35,87.6,28522
2026-05-29 16:00:00,0,0.43591362318363674,0.5640863768163633,Hold,87.6,87.97,86.43,86.58,14166
2026-05-29 17:00:00,0,0.4073427042879074,0.5926572957120926,Hold,86.59,87.32,86.56,87.19,13006
2026-05-29 18:00:00,0,0.38064437187176237,0.6193556281282376,Hold,87.18,88.0,87.0,87.64,19778
2026-05-29 19:00:00,0,0.34768374463994417,0.6523162553600559,Hold,87.66,88.17,87.5,88.08,4616
2026-05-29 20:00:00,0,0.3557367994536919,0.644263200546308,Hold,88.08,88.14,87.62,87.76,2574
2026-06-01 00:00:00,0,0.2598407057320804,0.7401592942679196,Hold,89.43,89.95,89.25,89.33,2350
2026-06-01 01:00:00,0,0.2799199970337492,0.7200800029662509,Hold,89.33,90.2,89.03,89.88,3473
2026-06-01 02:00:00,0,0.27537483370656396,0.724625166293436,Hold,89.89,90.0,89.51,89.61,1749
2026-06-01 03:00:00,0,0.32438430347039726,0.6756156965296027,Hold,89.59,90.04,89.16,89.74,3227
2026-06-01 04:00:00,0,0.3607728810685405,0.6392271189314596,Hold,89.73,89.94,89.26,89.65,1320
2026-06-01 05:00:00,0,0.41729792209250194,0.5827020779074981,Hold,89.66,90.0,89.48,89.75,1493
2026-06-01 06:00:00,0,0.4449612252085399,0.55503877479146,Hold,89.73,90.76,89.71,90.16,4140
2026-06-01 07:00:00,0,0.48448628196090615,0.5155137180390938,Hold,90.15,90.71,90.08,90.37,4028
2026-06-01 08:00:00,0,0.49072127106447866,0.5092787289355214,Hold,90.39,91.26,90.21,90.82,5849
2026-06-01 09:00:00,0,0.49447249506419017,0.5055275049358099,Hold,90.82,91.25,90.55,90.8,3028
2026-06-01 10:00:00,0,0.49689776113928147,0.5031022388607185,Hold,90.78,90.93,90.47,90.64,3313
2026-06-01 11:00:00,0,0.49971106689759975,0.5002889331024003,Hold,90.64,90.79,90.17,90.25,3882
2026-06-01 12:00:00,0,0.49351526954893116,0.5064847304510689,Hold,90.25,90.47,89.27,89.66,10034
2026-06-01 13:00:00,0,0.5024590433399339,0.49754095666006615,Sell,89.65,94.2,89.45,94.14,40100
2026-06-01 14:00:00,1,0.45471295682438173,0.5452870431756183,Hold,94.17,94.71,92.92,94.52,26307
2026-06-01 15:00:00,0,0.4147892499358595,0.5852107500641405,Hold,94.52,94.78,92.2,93.78,26808
2026-06-01 16:00:00,0,0.36408865285393305,0.6359113471460669,Hold,93.77,94.45,92.74,92.82,21023
2026-06-01 17:00:00,0,0.30992944860262844,0.6900705513973715,Hold,92.81,93.21,90.8,91.79,26957
2026-06-01 18:00:00,0,0.27947671317607903,0.720523286823921,Hold,91.78,92.65,91.43,92.52,15346
2026-06-01 19:00:00,0,0.23494130617377426,0.7650586938262257,Hold,92.51,92.65,92.1,92.44,5171
2026-06-01 20:00:00,0,0.23883568590285936,0.7611643140971407,Hold,92.46,92.55,92.08,92.47,2292
2026-06-01 22:00:00,0,0.22321758792679905,0.776782412073201,Hold,92.45,92.61,92.14,92.3,1130
2026-06-01 23:00:00,0,0.23981700734468486,0.7601829926553152,Hold,92.31,92.37,91.69,91.93,1661
2026-06-02 00:00:00,0,0.24091961469793702,0.759080385302063,Hold,91.91,92.49,91.65,92.4,2896
2026-06-02 01:00:00,0,0.28197174997485586,0.7180282500251441,Hold,92.39,92.65,91.5,91.68,4462
2026-06-02 02:00:00,0,0.2750188926372254,0.7249811073627745,Hold,91.67,91.88,91.46,91.77,2021
2026-06-02 03:00:00,0,0.33170900213027277,0.6682909978697272,Hold,91.78,91.81,91.26,91.45,1802
2026-06-02 04:00:00,0,0.38002720139577234,0.6199727986042276,Hold,91.44,91.51,91.15,91.21,1166
2026-06-02 05:00:00,0,0.4257664274421224,0.5742335725578775,Hold,91.23,91.47,91.0,91.37,1784
2026-06-02 06:00:00,0,0.4482613453630165,0.5517386546369836,Hold,91.39,91.7,90.99,91.55,3037
2026-06-02 07:00:00,0,0.49708918363976534,0.5029108163602347,Hold,91.54,91.74,90.56,90.82,5973
2026-06-02 08:00:00,0,0.4847603759707209,0.5152396240292791,Hold,90.81,91.23,90.15,90.65,7666
2026-06-02 09:00:00,0,0.4911669918157774,0.5088330081842226,Hold,90.65,91.08,90.12,91.01,5131
2026-06-02 10:00:00,0,0.5125381514704823,0.4874618485295177,Sell,91.01,91.52,90.93,91.17,4326
2026-06-02 11:00:00,0,0.49739849652708207,0.5026015034729179,Hold,91.16,91.25,90.74,91.02,3468
2026-06-02 12:00:00,0,0.48895990362218644,0.5110400963778136,Hold,91.03,91.6,90.58,91.14,8067
2026-06-02 13:00:00,0,0.5114860847262185,0.4885139152737815,Sell,91.13,92.45,91.09,92.28,17707
2026-06-02 14:00:00,0,0.49060008197423827,0.5093999180257618,Hold,92.28,92.5,91.68,91.92,12102
2026-06-02 15:00:00,0,0.43898432535408244,0.5610156746459176,Hold,91.91,93.1,91.44,92.86,12743
2026-06-02 16:00:00,0,0.3690135538409439,0.6309864461590561,Hold,92.86,93.41,92.46,93.12,12423
2026-06-02 17:00:00,0,0.3284976675541827,0.6715023324458174,Hold,93.11,93.95,92.9,93.84,12438
2026-06-02 18:00:00,0,0.27241132751350344,0.7275886724864966,Hold,93.84,94.0,93.2,93.9,14323
2026-06-02 19:00:00,0,0.23755282885503434,0.7624471711449656,Hold,93.89,93.9,93.45,93.69,5286
2026-06-02 20:00:00,0,0.23429833645543174,0.7657016635445683,Hold,93.66,93.72,93.34,93.39,2706
2026-06-02 22:00:00,0,0.22941371440209113,0.7705862855979089,Hold,93.45,94.5,93.45,94.25,3284
2026-06-02 23:00:00,0,0.24642239971678925,0.7535776002832107,Hold,94.26,96.08,94.12,94.61,8952
2026-06-03 00:00:00,0,0.24360582293047023,0.7563941770695297,Hold,94.59,94.89,94.24,94.38,3563
2026-06-03 01:00:00,0,0.25420765184505173,0.7457923481549482,Hold,94.41,95.1,94.2,94.85,3942
2026-06-03 02:00:00,0,0.23892597356638082,0.7610740264336192,Hold,94.83,94.89,94.52,94.72,1312
2026-06-03 03:00:00,0,0.31009218374790515,0.6899078162520949,Hold,94.74,94.8,94.53,94.71,1228
2026-06-03 04:00:00,0,0.3405757692250982,0.6594242307749019,Hold,94.72,95.19,94.71,94.9,1120
2026-06-03 05:00:00,0,0.4059327945583156,0.5940672054416845,Hold,94.92,95.59,94.79,95.56,1841
2026-06-03 06:00:00,0,0.4505710264879742,0.5494289735120258,Hold,95.58,95.84,95.14,95.75,4236
2026-06-03 07:00:00,0,0.5057915224822191,0.49420847751778085,Sell,95.73,96.02,95.5,95.88,4637
2026-06-03 08:00:00,0,0.5154567681890706,0.4845432318109294,Sell,95.87,96.56,95.61,96.34,7793
2026-06-03 09:00:00,1,0.5182275451694206,0.4817724548305794,Sell,96.36,96.98,95.89,96.87,6795
2026-06-03 10:00:00,0,0.5283140380870033,0.4716859619129967,Sell,96.87,97.0,95.63,95.99,11841
2026-06-03 11:00:00,0,0.5505096292035403,0.4494903707964597,Sell,95.98,96.05,95.53,95.71,5107
2026-06-03 12:00:00,0,0.543827382347873,0.456172617652127,Sell,95.71,96.5,95.31,96.02,8597
2026-06-03 13:00:00,0,0.560365793138481,0.439634206861519,Sell,96.01,96.15,94.44,94.48,18420
2026-06-03 14:00:00,0,0.5179184374327488,0.4820815625672512,Sell,94.48,95.65,94.34,95.25,16333
2026-06-03 15:00:00,0,0.46539704401157367,0.5346029559884263,Hold,95.24,96.31,95.06,95.9,15251
2026-06-03 16:00:00,0,0.4111764624181099,0.5888235375818901,Hold,95.89,96.32,95.64,95.67,12434
2026-06-03 17:00:00,0,0.38078936651410705,0.6192106334858929,Hold,95.66,96.48,95.25,96.24,9723
2026-06-03 18:00:00,0,0.31798646145147286,0.6820135385485271,Hold,96.22,96.57,95.85,96.06,11951
2026-06-03 19:00:00,0,0.31224631650018986,0.6877536834998101,Hold,96.05,96.23,95.67,96.22,4225
2026-06-03 20:00:00,0,0.27436016359250487,0.7256398364074952,Hold,96.22,96.49,96.01,96.2,3689
2026-06-03 22:00:00,0,0.2791252793173135,0.7208747206826864,Hold,95.75,95.91,95.0,95.24,2776
2026-06-03 23:00:00,0,0.28216263242692446,0.7178373675730756,Hold,95.23,95.5,95.16,95.39,950
2026-06-04 00:00:00,0,0.2695859926991501,0.7304140073008498,Hold,95.39,95.77,95.23,95.32,2294
2026-06-04 01:00:00,0,0.29070874263686963,0.7092912573631304,Hold,95.32,95.5,94.84,95.01,2824
2026-06-04 02:00:00,0,0.30489286790152703,0.695107132098473,Hold,94.99,95.1,94.79,94.84,1409
2026-06-04 03:00:00,0,0.3586025783045573,0.6413974216954428,Hold,94.84,95.52,94.76,95.12,1946
2026-06-04 04:00:00,0,0.3952058209763005,0.6047941790236995,Hold,95.11,95.35,95.05,95.21,933
2026-06-04 05:00:00,1,0.4347773391149899,0.5652226608850102,Hold,95.2,95.6,95.16,95.18,1205
2026-06-04 06:00:00,1,0.4739758240366426,0.5260241759633574,Hold,95.16,95.46,94.92,95.21,1928
2026-06-04 07:00:00,1,0.5222540431306583,0.47774595686934174,Sell,95.21,95.62,94.9,95.42,3554
2026-06-04 08:00:00,1,0.5452052325309407,0.45479476746905934,Sell,95.46,95.69,94.38,94.88,8261
2026-06-04 09:00:00,0,0.5503134667691368,0.44968653323086316,Sell,94.88,95.05,94.06,94.51,5742
2026-06-04 10:00:00,1,0.5486901847244712,0.4513098152755288,Sell,94.51,95.3,94.5,94.91,4621
2026-06-04 11:00:00,0,0.5302596125813269,0.4697403874186731,Sell,94.89,94.93,92.34,92.45,15057
2026-06-04 12:00:00,0,0.5095570980337378,0.49044290196626217,Sell,92.47,93.0,91.91,92.66,15650
2026-06-04 13:00:00,0,0.5057905486971235,0.4942094513028765,Sell,92.68,93.15,92.13,92.36,13213
2026-06-04 14:00:00,0,0.4919497450020703,0.5080502549979298,Hold,92.38,93.12,92.01,93.06,10213
2026-06-04 15:00:00,0,0.4668924340849825,0.5331075659150175,Hold,93.06,93.26,92.63,93.0,9716
2026-06-04 16:00:00,0,0.4226386610651661,0.5773613389348339,Hold,93.0,93.15,92.28,92.39,6934
2026-06-04 17:00:00,0,0.41326656677739715,0.5867334332226029,Hold,92.4,92.61,91.94,92.33,6669
2026-06-04 18:00:00,0,0.33024367234156693,0.6697563276584331,Hold,92.33,93.46,91.95,93.33,18433
2026-06-04 19:00:00,0,0.29114467803752575,0.7088553219624742,Hold,93.34,93.36,92.98,93.17,3407
2026-06-04 20:00:00,0,0.28766290809183753,0.7123370919081624,Hold,93.15,93.21,92.85,92.91,1700
2026-06-04 22:00:00,0,0.2622723348597483,0.7377276651402517,Hold,92.82,92.94,92.52,92.9,510
2026-06-04 23:00:00,0,0.25913370333167124,0.7408662966683288,Hold,92.88,93.03,92.82,92.97,375
2026-06-05 00:00:00,0,0.2962977973990059,0.703702202600994,Hold,92.97,93.02,92.62,92.69,1398
2026-06-05 01:00:00,0,0.3104662231471252,0.6895337768528749,Hold,92.68,93.19,92.52,93.14,1738
2026-06-05 02:00:00,0,0.31200441441295923,0.6879955855870408,Hold,93.13,93.54,93.1,93.42,2217
2026-06-05 03:00:00,0,0.3404240219246659,0.6595759780753341,Hold,93.4,93.48,93.0,93.18,1406
2026-06-05 04:00:00,0,0.36733554747083874,0.6326644525291613,Hold,93.18,93.2,92.95,93.03,826
2026-06-05 05:00:00,0,0.4069025349155384,0.5930974650844616,Hold,93.03,93.22,92.94,92.94,1201
2026-06-05 06:00:00,0,0.45825462721310334,0.5417453727868966,Hold,92.96,93.13,92.58,92.76,2502
2026-06-05 07:00:00,0,0.5471781541839573,0.4528218458160427,Sell,92.76,92.85,92.02,92.69,4122
2026-06-05 08:00:00,0,0.5500699250990392,0.4499300749009608,Sell,92.7,92.99,91.5,92.84,8059
2026-06-05 09:00:00,0,0.5673019554366583,0.4326980445633417,Sell,92.84,93.15,91.94,92.85,8801
2026-06-05 10:00:00,0,0.5624702024440187,0.4375297975559813,Sell,92.84,93.14,92.47,92.86,3470
2026-06-05 11:00:00,1,0.5627129983148212,0.43728700168517876,Sell,92.87,93.63,92.59,92.89,6684
2026-06-05 12:00:00,1,0.5472857158801581,0.45271428411984194,Sell,92.91,93.15,92.34,92.39,5584
2026-06-05 13:00:00,0,0.5545884820745539,0.4454115179254461,Sell,92.4,92.59,91.26,91.48,16954
2026-06-05 14:00:00,0,0.4820068092277238,0.5179931907722761,Hold,91.48,91.67,90.55,91.31,17469
2026-06-05 15:00:00,0,0.4789828652950761,0.521017134704924,Hold,91.32,91.51,90.47,90.77,12447
2026-06-05 16:00:00,0,0.41567110300195637,0.5843288969980436,Hold,90.77,91.02,89.68,90.08,12843
2026-06-05 17:00:00,0,0.40796918842866825,0.5920308115713317,Hold,90.08,90.36,89.92,90.03,8906
2026-06-05 18:00:00,0,0.34261738533171965,0.6573826146682804,Hold,90.02,90.72,89.9,90.3,18720
2026-06-05 19:00:00,0,0.36975269118325316,0.6302473088167468,Hold,90.31,90.42,90.0,90.24,4206
2026-06-05 20:00:00,0,0.3558110155893654,0.6441889844106345,Hold,90.23,90.44,90.17,90.25,2111
2026-06-08 00:00:00,0,0.3059002060215241,0.6940997939784759,Hold,92.76,92.85,92.28,92.41,1700
2026-06-08 01:00:00,0,0.319782953438826,0.680217046561174,Hold,92.39,94.8,92.2,93.29,12104
2026-06-08 02:00:00,0,0.31469442853863616,0.6853055714613638,Hold,93.29,94.37,93.23,93.64,5888
2026-06-08 03:00:00,0,0.3462145608101797,0.6537854391898203,Hold,93.63,94.02,93.36,93.53,2598
2026-06-08 04:00:00,0,0.38451899848731974,0.6154810015126803,Hold,93.54,94.6,93.53,94.47,3440
2026-06-08 05:00:00,1,0.411326804005188,0.5886731959948119,Hold,94.46,94.85,94.08,94.48,3380
2026-06-08 06:00:00,1,0.4599807994283759,0.5400192005716241,Hold,94.46,94.84,93.95,94.62,5413
2026-06-08 07:00:00,1,0.5097224837159905,0.4902775162840095,Sell,94.61,94.93,94.01,94.61,5418
2026-06-08 08:00:00,1,0.5050523285023591,0.49494767149764085,Sell,94.6,95.25,94.21,94.66,7705
2026-06-08 09:00:00,1,0.5269602352245552,0.47303976477544485,Sell,94.66,94.91,94.24,94.67,5332
2026-06-08 10:00:00,1,0.5160574321141681,0.4839425678858319,Sell,94.67,95.47,93.49,93.76,9816
2026-06-08 11:00:00,0,0.5166280685576992,0.48337193144230084,Sell,93.76,94.07,91.05,91.22,15850
2026-06-08 12:00:00,0,0.5242883700253932,0.4757116299746068,Sell,91.21,92.15,91.01,91.91,9187
2026-06-08 13:00:00,0,0.5035603291775949,0.49643967082240514,Sell,91.92,92.08,90.39,91.06,12691
2026-06-08 14:00:00,0,0.4746616734533296,0.5253383265466705,Hold,91.05,92.24,90.98,91.77,11209
2026-06-08 15:00:00,0,0.4358153553217309,0.5641846446782691,Hold,91.77,92.38,91.39,91.61,10247
2026-06-08 16:00:00,0,0.3990629654926542,0.6009370345073458,Hold,91.61,91.79,91.05,91.41,6644
2026-06-08 17:00:00,0,0.3648927493956594,0.6351072506043406,Hold,91.41,91.45,90.76,91.12,7703
2026-06-08 18:00:00,0,0.312293956100751,0.687706043899249,Hold,91.12,91.49,90.91,91.14,10866
2026-06-08 19:00:00,0,0.3011540139124646,0.6988459860875353,Hold,91.14,91.5,91.01,91.25,2820
2026-06-08 20:00:00,0,0.29864067671544425,0.7013593232845557,Hold,91.24,91.56,91.1,91.28,2016
2026-06-08 22:00:00,0,0.3024875456519085,0.6975124543480915,Hold,91.28,91.55,91.25,91.37,533
2026-06-08 23:00:00,0,0.3078980378067078,0.6921019621932922,Hold,91.39,91.43,91.3,91.38,1704
2026-06-09 00:00:00,0,0.27673729516751777,0.7232627048324822,Hold,91.34,91.47,90.71,91.03,2350
2026-06-09 01:00:00,0,0.3252980740636844,0.6747019259363156,Hold,91.05,91.15,90.59,90.95,1683
2026-06-09 02:00:00,0,0.36254249535791044,0.6374575046420896,Hold,90.93,91.0,90.48,90.63,1481
2026-06-09 03:00:00,0,0.38646654182058787,0.6135334581794121,Hold,90.66,90.69,89.85,90.15,2583
2026-06-09 04:00:00,0,0.43686399422233946,0.5631360057776605,Hold,90.14,90.38,90.01,90.27,1183
2026-06-09 05:00:00,0,0.4661013791463685,0.5338986208536315,Hold,90.28,90.36,89.81,90.14,1677
2026-06-09 06:00:00,0,0.5009547034293713,0.4990452965706287,Sell,90.14,90.16,89.6,89.93,3344
2026-06-09 07:00:00,0,0.5532575212622195,0.4467424787377805,Sell,89.92,90.11,89.33,89.7,4972
2026-06-09 08:00:00,0,0.5833643864810422,0.41663561351895784,Sell,89.7,89.91,88.8,89.25,6564
2026-06-09 09:00:00,1,0.5883688306940431,0.4116311693059569,Sell,89.25,89.36,88.8,89.16,4648
2026-06-09 10:00:00,0,0.5746227609632726,0.4253772390367274,Sell,89.15,89.46,88.7,89.01,4646
2026-06-09 11:00:00,1,0.5818542123220146,0.4181457876779854,Sell,88.99,89.79,88.97,89.56,5197
2026-06-09 12:00:00,1,0.5882702110611219,0.4117297889388781,Sell,89.56,89.67,88.84,89.04,7281
2026-06-09 13:00:00,0,0.5602875375875052,0.43971246241249484,Sell,89.05,89.54,87.47,87.84,24582
2026-06-09 14:00:00,0,0.5351647931855739,0.46483520681442614,Sell,87.84,88.22,87.37,87.78,16887
2026-06-09 15:00:00,0,0.5262299055290438,0.4737700944709562,Sell,87.77,87.91,86.7,86.7,14397
2026-06-09 16:00:00,0,0.4337122679097066,0.5662877320902935,Hold,86.7,89.49,85.95,87.87,40563
2026-06-09 17:00:00,0,0.39153668735200164,0.6084633126479984,Hold,87.87,88.5,87.12,88.15,19728
2026-06-09 18:00:00,0,0.3288085970566014,0.6711914029433985,Hold,88.15,88.63,87.95,88.05,15721
2026-06-09 19:00:00,0,0.3125036875144725,0.6874963124855276,Hold,88.07,88.61,87.93,88.3,4779
2026-06-09 20:00:00,0,0.28663760551591533,0.7133623944840847,Hold,88.31,88.78,88.23,88.7,4703
2026-06-09 22:00:00,0,0.27179801198770376,0.7282019880122963,Hold,89.4,89.91,88.65,89.12,4138
2026-06-09 23:00:00,0,0.26712541572676524,0.7328745842732347,Hold,89.11,89.34,88.85,89.18,1384
2026-06-10 00:00:00,0,0.27263796936564316,0.7273620306343569,Hold,89.19,90.0,88.76,88.86,4600
2026-06-10 01:00:00,0,0.2966267508091466,0.7033732491908534,Hold,88.85,89.36,88.28,89.27,4118
2026-06-10 02:00:00,0,0.28094317023560256,0.7190568297643974,Hold,89.26,89.4,88.73,88.96,1809
2026-06-10 03:00:00,0,0.31676753796965595,0.683232462030344,Hold,88.96,89.16,88.57,88.64,1455
2026-06-10 04:00:00,0,0.35040985226296706,0.6495901477370329,Hold,88.61,88.93,88.61,88.66,609
2026-06-10 05:00:00,0,0.4168358580645788,0.5831641419354212,Hold,88.68,88.77,87.88,88.07,2413
2026-06-10 06:00:00,0,0.4515236957030353,0.5484763042969647,Hold,88.07,88.29,87.61,88.26,3026
2026-06-10 07:00:00,0,0.46862129684001325,0.5313787031599868,Hold,88.26,88.67,87.69,88.02,4228
2026-06-10 08:00:00,0,0.4703694483071755,0.5296305516928246,Hold,88.0,88.85,87.39,87.68,5747
2026-06-10 09:00:00,0,0.5169334587882211,0.48306654121177894,Sell,87.69,88.51,87.4,87.92,3781
2026-06-10 10:00:00,0,0.511988543840632,0.48801145615936803,Sell,87.9,88.47,87.75,88.03,3297
2026-06-10 11:00:00,0,0.5154428828217263,0.48455711717827366,Sell,88.0,90.42,87.76,90.05,23075
2026-06-10 12:00:00,0,0.5085754173489813,0.49142458265101874,Sell,90.04,90.1,88.71,89.08,13393
2026-06-10 13:00:00,0,0.4961852078434263,0.5038147921565737,Hold,89.07,89.9,88.9,89.79,10660
2026-06-10 14:00:00,0,0.4804923693433141,0.5195076306566859,Hold,89.78,90.38,89.48,90.26,12995
2026-06-10 15:00:00,0,0.4448211878117974,0.5551788121882026,Hold,90.27,91.47,89.36,90.63,21903
2026-06-10 16:00:00,0,0.3877400442328089,0.612259955767191,Hold,90.62,91.28,90.53,91.05,11083
2026-06-10 17:00:00,0,0.3350637942039334,0.6649362057960666,Hold,91.04,91.84,90.83,90.89,11563
2026-06-10 18:00:00,0,0.29294106209745413,0.7070589379025458,Hold,90.9,90.91,89.81,90.19,18628
2026-06-10 19:00:00,0,0.25327748231034475,0.7467225176896553,Hold,90.18,90.61,90.12,90.42,3679
2026-06-10 20:00:00,0,0.2576090012719889,0.7423909987280111,Hold,90.4,91.87,90.27,91.85,6031
2026-06-10 22:00:00,0,0.25375303254079407,0.7462469674592059,Hold,92.25,93.36,91.9,93.35,5776
2026-06-10 23:00:00,0,0.25831554012466307,0.7416844598753369,Hold,93.35,93.64,92.45,92.47,7801
2026-06-11 00:00:00,0,0.24127202836057626,0.7587279716394237,Hold,92.53,92.75,91.91,92.35,5415
2026-06-11 01:00:00,0,0.27956069023213814,0.7204393097678619,Hold,92.36,92.38,91.2,91.65,5240
2026-06-11 02:00:00,0,0.26642329177890334,0.7335767082210967,Hold,91.64,91.99,91.44,91.57,1673
2026-06-11 03:00:00,0,0.3006852913900234,0.6993147086099766,Hold,91.56,92.11,91.54,91.81,1479
2026-06-11 04:00:00,0,0.35767368399299226,0.6423263160070077,Hold,91.82,91.95,91.0,91.11,2349
2026-06-11 05:00:00,0,0.4057896865885626,0.5942103134114374,Hold,91.1,91.19,90.34,90.6,2762
2026-06-11 06:00:00,0,0.4520682065938383,0.5479317934061617,Hold,90.64,90.96,90.39,90.47,2569
2026-06-11 07:00:00,0,0.4974430960904091,0.502556903909591,Hold,90.47,90.55,89.36,89.83,7074
2026-06-11 08:00:00,0,0.5093082597835721,0.4906917402164279,Sell,89.84,89.91,88.77,89.1,6825
2026-06-11 09:00:00,0,0.526813396770746,0.473186603229254,Sell,89.11,89.8,89.07,89.31,3999
2026-06-11 10:00:00,0,0.5188582298295015,0.48114177017049853,Sell,89.3,89.52,88.75,88.96,4614
2026-06-11 11:00:00,0,0.5087095601857765,0.4912904398142235,Sell,88.96,89.37,88.63,89.04,6449
2026-06-11 12:00:00,0,0.5073216144903161,0.4926783855096839,Sell,89.05,91.48,88.95,90.06,25863
2026-06-11 13:00:00,0,0.5216763976012436,0.4783236023987564,Sell,90.06,90.66,89.05,89.34,16520
2026-06-11 14:00:00,0,0.4947309391686245,0.5052690608313755,Hold,89.36,90.4,89.35,90.07,10122
2026-06-11 15:00:00,1,0.4602059009229176,0.5397940990770824,Hold,90.08,91.21,89.97,90.84,11534
2026-06-11 16:00:00,1,0.4066286181930088,0.5933713818069912,Hold,90.84,91.5,90.65,90.84,8563
2026-06-11 17:00:00,0,0.39191327856605435,0.6080867214339456,Hold,90.85,90.92,86.54,87.39,37260
2026-06-11 18:00:00,0,0.3052681432440592,0.6947318567559408,Hold,87.39,88.32,87.11,87.8,21737
2026-06-11 19:00:00,0,0.3104684323555883,0.6895315676444117,Hold,87.78,87.85,85.81,86.53,16802
2026-06-11 20:00:00,0,0.2847816060348963,0.7152183939651038,Hold,86.54,86.59,85.74,86.42,5047
2026-06-11 22:00:00,0,0.3265452600070139,0.6734547399929861,Hold,86.64,86.64,85.13,85.95,4027
2026-06-11 23:00:00,0,0.3257528990581186,0.6742471009418813,Hold,85.94,86.2,85.69,86.06,1588
2026-06-12 00:00:00,0,0.3542635510103057,0.6457364489896943,Hold,86.07,86.74,86.04,86.64,2310
2026-06-12 01:00:00,0,0.37743711439773187,0.6225628856022681,Hold,86.63,86.92,86.56,86.81,2561
2026-06-12 02:00:00,1,0.38240650201674914,0.6175934979832509,Hold,86.8,86.9,86.5,86.74,1247
2026-06-12 03:00:00,0,0.44904893179557104,0.550951068204429,Hold,86.73,86.98,86.21,86.26,1834
2026-06-12 04:00:00,0,0.4495346960362875,0.5504653039637125,Hold,86.25,86.36,86.07,86.08,1039
2026-06-12 05:00:00,0,0.48890310816850496,0.5110968918314951,Hold,86.08,86.16,85.67,86.06,2005
2026-06-12 06:00:00,1,0.5158598926558269,0.4841401073441731,Sell,86.06,86.15,85.74,86.1,2292
2026-06-12 07:00:00,0,0.5380796414911643,0.4619203585088357,Sell,86.08,86.4,84.92,85.2,6453
2026-06-12 08:00:00,0,0.5437518530095332,0.4562481469904668,Sell,85.18,85.23,83.2,83.87,13958
2026-06-12 09:00:00,0,0.561096699740566,0.438903300259434,Sell,83.88,84.22,83.47,84.16,5394
2026-06-12 10:00:00,0,0.5422116365770735,0.4577883634229265,Sell,84.16,85.28,84.01,84.7,8475
2026-06-12 11:00:00,0,0.540758105470977,0.459241894529023,Sell,84.69,85.2,84.04,84.9,6596
2026-06-12 12:00:00,0,0.5209304105368807,0.4790695894631193,Sell,84.88,85.7,84.72,85.09,8687
2026-06-12 13:00:00,0,0.5178078535929115,0.4821921464070885,Sell,85.09,87.04,84.96,87.02,18186
2026-06-12 14:00:00,0,0.51051893985989,0.48948106014010995,Sell,87.03,87.23,84.74,84.96,20122
