DateTime,y_true,prob_Buy,prob_Hold,predicted,Open,High,Low,Close,Volume
2026-01-01 23:00:00,0,0.3390295840557343,0.6609704159442658,Hold,56.657833,56.815735,56.657833,56.726913,1045
2026-01-02 00:00:00,1,0.3538570055398369,0.6461429944601631,Hold,56.726913,56.726913,56.657833,56.6677,471
2026-01-02 01:00:00,0,0.3710989751467852,0.6289010248532148,Hold,56.6677,56.815735,56.657833,56.77626,1598
2026-01-02 02:00:00,0,0.3881610660501386,0.6118389339498613,Hold,56.77626,56.88482,56.76639,56.855213,1104
2026-01-02 03:00:00,0,0.4371748737185965,0.5628251262814035,Hold,56.855213,56.97364,56.845345,56.96377,964
2026-01-02 04:00:00,0,0.47176284278616254,0.5282371572138375,Hold,56.96377,57.022984,56.88482,56.914425,1099
2026-01-02 05:00:00,0,0.49609528687861165,0.5039047131213883,Hold,56.924294,56.993378,56.924294,56.993378,522
2026-01-02 06:00:00,0,0.5108869332165106,0.4891130667834894,Buy,56.993378,57.131542,56.97364,57.092068,1453
2026-01-02 07:00:00,0,0.5422209025960971,0.4577790974039029,Buy,57.092068,57.17102,56.934162,57.052593,2228
2026-01-02 08:00:00,0,0.5597058270513998,0.4402941729486002,Buy,57.04272,57.16115,56.559143,56.56901,7080
2026-01-02 09:00:00,0,0.5576140712983904,0.44238592870160964,Buy,56.56901,56.598618,56.263073,56.460453,7167
2026-01-02 10:00:00,0,0.5497755339151309,0.4502244660848691,Buy,56.47032,56.805866,56.47032,56.647964,5009
2026-01-02 11:00:00,0,0.5676239611691049,0.43237603883089515,Buy,56.647964,56.726913,56.3815,56.529537,3441
2026-01-02 12:00:00,0,0.5674026431776492,0.4325973568223508,Buy,56.529537,56.56901,56.154514,56.17425,4973
2026-01-02 13:00:00,0,0.5422991603776917,0.45770083962230834,Buy,56.18412,56.302547,56.105167,56.11504,7928
2026-01-02 14:00:00,1,0.5490110535639566,0.45098894643604337,Buy,56.11504,56.2236,55.88805,55.947266,15998
2026-01-02 15:00:00,1,0.5057053802893066,0.49429461971069344,Buy,55.957134,56.243336,55.858444,56.02622,13907
2026-01-02 16:00:00,1,0.46440882005990397,0.5355911799400961,Hold,56.02622,56.18412,55.87818,56.02622,10223
2026-01-02 17:00:00,0,0.42894477993550323,0.5710552200644967,Hold,56.02622,56.440716,56.00648,56.253204,10011
2026-01-02 18:00:00,0,0.39618116483679994,0.6038188351632001,Hold,56.253204,56.47032,56.18412,56.430847,7146
2026-01-02 19:00:00,0,0.3729495370908944,0.6270504629091056,Hold,56.430847,56.68744,56.420975,56.49006,14234
2026-01-02 20:00:00,0,0.36686437501271246,0.6331356249872875,Hold,56.49006,56.56901,56.47032,56.539406,2859
2026-01-02 21:00:00,0,0.35534664739237243,0.6446533526076276,Hold,56.539406,56.598618,56.529537,56.57888,1356
2026-01-04 23:00:00,0,0.33559211093099195,0.664407889069008,Hold,56.717045,56.746655,55.81897,56.56901,9953
2026-01-05 00:00:00,0,0.3117821795424635,0.6882178204575364,Hold,56.56901,56.707176,56.559143,56.628223,2649
2026-01-05 01:00:00,0,0.34993965264169197,0.650060347358308,Hold,56.628223,56.97364,56.499928,56.529537,6500
2026-01-05 02:00:00,0,0.37611499733947057,0.6238850026605294,Hold,56.519665,56.638096,56.499928,56.519665,1768
2026-01-05 03:00:00,0,0.43236812481331205,0.567631875186688,Hold,56.519665,56.529537,56.27294,56.312416,2115
2026-01-05 04:00:00,0,0.4538804252500175,0.5461195747499825,Hold,56.302547,56.3815,56.243336,56.27294,1505
2026-01-05 05:00:00,0,0.48983409325926064,0.5101659067407394,Hold,56.27294,56.351894,56.0953,56.144646,2387
2026-01-05 06:00:00,0,0.5072660954427511,0.49273390455724886,Buy,56.144646,56.27294,56.0953,56.134777,1963
2026-01-05 07:00:00,0,0.534976242596477,0.465023757403523,Buy,56.144646,56.233467,55.957134,56.01635,2924
2026-01-05 08:00:00,1,0.5296449293506037,0.4703550706493963,Buy,56.01635,56.164383,55.572243,55.858444,10513
2026-01-05 09:00:00,1,0.5273141864917895,0.4726858135082105,Buy,55.848576,56.697308,55.81897,56.657833,11048
2026-01-05 10:00:00,1,0.5351628207662803,0.4648371792337197,Buy,56.657833,56.68744,56.450584,56.628223,8222
2026-01-05 11:00:00,1,0.5248046126718545,0.4751953873281455,Buy,56.618355,56.993378,56.56901,56.88482,8626
2026-01-05 12:00:00,0,0.5210664872210262,0.4789335127789738,Buy,56.88482,57.0822,56.707176,57.0822,6672
2026-01-05 13:00:00,0,0.5085697620066589,0.49143023799334107,Buy,57.0822,57.200626,56.993378,57.14141,10025
2026-01-05 14:00:00,0,0.5107820915880228,0.4892179084119772,Buy,57.131542,57.43748,57.022984,57.220364,20103
2026-01-05 15:00:00,0,0.468799249398776,0.531200750601224,Hold,57.230232,57.74342,56.76639,57.6546,27994
2026-01-05 16:00:00,0,0.4374909932166246,0.5625090067833753,Hold,57.64473,57.6546,57.131542,57.35853,18359
2026-01-05 17:00:00,0,0.4137852037624019,0.5862147962375981,Hold,57.35853,57.565777,57.33879,57.54604,11617
2026-01-05 18:00:00,0,0.3769207073529497,0.6230792926470503,Hold,57.54604,57.6546,57.45722,57.516434,7626
2026-01-05 19:00:00,0,0.3536969121447941,0.6463030878552058,Hold,57.526302,57.63486,57.417744,57.53617,11617
2026-01-05 20:00:00,0,0.334799607093265,0.6652003929067349,Hold,57.53617,57.64473,57.53617,57.57565,3447
2026-01-05 21:00:00,0,0.32471305656725996,0.67528694343274,Hold,57.57565,57.64473,57.54604,57.585518,2603
2026-01-05 23:00:00,0,0.3264062455376113,0.6735937544623887,Hold,57.57565,57.615124,57.289448,57.45722,1667
2026-01-06 00:00:00,0,0.3286253742405924,0.6713746257594075,Hold,57.45722,57.54604,57.35853,57.506565,2109
2026-01-06 01:00:00,0,0.37130261984420376,0.6286973801557962,Hold,57.506565,57.516434,57.2401,57.24997,3422
2026-01-06 02:00:00,0,0.39976553412418964,0.6002344658758103,Hold,57.259842,57.328922,57.131542,57.230232,2082
2026-01-06 03:00:00,0,0.4276456983469032,0.5723543016530968,Hold,57.2401,57.398006,57.190758,57.35853,1148
2026-01-06 04:00:00,0,0.45667487391215716,0.5433251260878429,Hold,57.35853,57.398006,57.319054,57.34866,521
2026-01-06 05:00:00,1,0.4961381942543771,0.5038618057456229,Hold,57.34866,57.417744,57.309185,57.319054,1060
2026-01-06 06:00:00,0,0.5151045075487471,0.48489549245125285,Buy,57.309185,57.427612,57.26971,57.3684,1592
2026-01-06 07:00:00,1,0.5561794595035291,0.4438205404964709,Buy,57.3684,57.3684,57.121674,57.200626,3567
2026-01-06 08:00:00,0,0.5522286651888979,0.4477713348111021,Buy,57.190758,57.723682,57.0822,57.703945,7897
2026-01-06 09:00:00,0,0.5572825540294291,0.44271744597057094,Buy,57.713814,57.901325,57.526302,57.624992,10945
2026-01-06 10:00:00,0,0.5619078001583087,0.43809219984169134,Buy,57.63486,57.822372,57.605255,57.812504,4171
2026-01-06 11:00:00,0,0.5660446240538218,0.43395537594617817,Buy,57.812504,57.861847,57.6546,57.822372,5394
2026-01-06 12:00:00,0,0.563556656598658,0.43644334340134205,Buy,57.83224,57.861847,57.615124,57.792767,5641
2026-01-06 13:00:00,0,0.5430597523880616,0.4569402476119384,Buy,57.792767,58.098705,57.74342,57.960537,13076
2026-01-06 14:00:00,0,0.5347820152092798,0.4652179847907202,Buy,57.970406,58.02962,57.328922,57.3684,21655
2026-01-06 15:00:00,0,0.4875851317470982,0.5124148682529017,Hold,57.3684,57.664467,56.97364,57.37827,31095
2026-01-06 16:00:00,0,0.4520081784959989,0.5479918215040012,Hold,57.37827,57.516434,57.18089,57.190758,11111
2026-01-06 17:00:00,0,0.44018697686053937,0.5598130231394607,Hold,57.200626,57.220364,56.825603,56.86508,11623
2026-01-06 18:00:00,0,0.38336811310349705,0.616631886896503,Hold,56.87495,56.934162,56.598618,56.608486,10122
2026-01-06 19:00:00,0,0.35746858475371746,0.6425314152462825,Hold,56.618355,56.628223,56.17425,56.19399,23090
2026-01-06 20:00:00,0,0.3276467550336053,0.6723532449663947,Hold,56.19399,56.312416,56.0953,56.154514,5903
2026-01-06 21:00:00,0,0.319880505078598,0.680119494921402,Hold,56.164383,56.302547,56.134777,56.2236,2880
2026-01-06 23:00:00,0,0.33108630621600293,0.668913693783997,Hold,56.253204,56.342026,55.63146,55.71041,4523
2026-01-07 00:00:00,0,0.3428369170668423,0.6571630829331577,Hold,55.72028,55.838707,55.02945,55.58211,13955
2026-01-07 01:00:00,0,0.3520847887311258,0.6479152112688742,Hold,55.58211,55.92753,55.562374,55.63146,11412
2026-01-07 02:00:00,0,0.3782342138810029,0.6217657861189971,Hold,55.63146,55.72028,55.5229,55.69067,2870
2026-01-07 03:00:00,0,0.4206859125576744,0.5793140874423256,Hold,55.700542,55.73015,55.5229,55.58211,2490
2026-01-07 04:00:00,0,0.4481993220767502,0.5518006779232498,Hold,55.58211,55.661064,55.453815,55.5229,2646
2026-01-07 05:00:00,1,0.47941211858570404,0.5205878814142959,Hold,55.51303,55.5229,55.384735,55.5229,2042
2026-01-07 06:00:00,1,0.5029247346657566,0.4970752653342434,Buy,55.53277,55.6808,55.453815,55.493294,2699
2026-01-07 07:00:00,1,0.5214892453906915,0.4785107546093085,Buy,55.48342,55.651196,55.384735,55.591984,4691
2026-01-07 08:00:00,0,0.5287873760954177,0.4712126239045823,Buy,55.601852,55.858444,55.5229,55.799232,8714
2026-01-07 09:00:00,1,0.5358725353966799,0.4641274646033201,Buy,55.78936,55.91766,55.542637,55.601852,6877
2026-01-07 10:00:00,0,0.5286961632598873,0.47130383674011267,Buy,55.601852,56.144646,55.542637,56.12491,7394
2026-01-07 11:00:00,0,0.5365556041366238,0.46344439586337616,Buy,56.12491,56.243336,55.99661,56.0953,6429
2026-01-07 12:00:00,0,0.5273004462890862,0.47269955371091377,Buy,56.0953,56.342026,55.99661,56.29268,8165
2026-01-07 13:00:00,0,0.5306297535557928,0.4693702464442072,Buy,56.28281,56.420975,55.87818,56.243336,23666
2026-01-07 14:00:00,0,0.528353703837178,0.47164629616282205,Buy,56.253204,56.332157,55.61172,55.769623,22385
2026-01-07 15:00:00,0,0.48548589055328517,0.5145141094467148,Hold,55.769623,55.90779,55.51303,55.700542,20081
2026-01-07 16:00:00,0,0.4568782307135853,0.5431217692864148,Hold,55.700542,55.81897,55.41434,55.41434,15163
2026-01-07 17:00:00,0,0.4287119762319984,0.5712880237680016,Hold,55.42421,55.463684,55.12814,55.13801,17012
2026-01-07 18:00:00,0,0.37137146091793727,0.6286285390820627,Hold,55.13801,55.286045,55.12814,55.246567,12038
2026-01-07 19:00:00,0,0.3473624791344195,0.6526375208655806,Hold,55.266304,55.58211,55.22683,55.503162,21150
2026-01-07 20:00:00,0,0.3232725855561056,0.6767274144438944,Hold,55.503162,55.572243,55.364994,55.552505,4844
2026-01-07 21:00:00,0,0.31309118400672836,0.6869088159932717,Hold,55.552505,55.661064,55.5229,55.661064,2408
2026-01-07 23:00:00,0,0.31334178957509035,0.6866582104249097,Hold,55.6808,55.71041,55.552505,55.562374,1280
2026-01-08 00:00:00,0,0.3140283577888561,0.6859716422111439,Hold,55.552505,55.61172,55.53277,55.552505,489
2026-01-08 01:00:00,0,0.3376673429350286,0.6623326570649715,Hold,55.562374,55.72028,55.53277,55.69067,2358
2026-01-08 02:00:00,0,0.3766702698638019,0.6233297301361981,Hold,55.69067,55.69067,55.42421,55.48342,2862
2026-01-08 03:00:00,0,0.4167729642410921,0.5832270357589079,Hold,55.48342,55.542637,55.404472,55.5229,1212
2026-01-08 04:00:00,0,0.45036368779329333,0.5496363122067067,Hold,55.5229,55.591984,55.48342,55.53277,887
2026-01-08 05:00:00,0,0.4895163225832829,0.5104836774167171,Hold,55.542637,55.591984,55.473553,55.5229,1210
2026-01-08 06:00:00,0,0.5260336681731179,0.4739663318268821,Buy,55.51303,55.53277,55.355125,55.5229,2236
2026-01-08 07:00:00,1,0.5477570734797649,0.4522429265202351,Buy,55.51303,55.552505,55.394604,55.43408,1564
2026-01-08 08:00:00,1,0.5536330393766241,0.4463669606233759,Buy,55.42421,55.463684,55.2367,55.453815,5433
2026-01-08 09:00:00,1,0.5520362987284996,0.4479637012715004,Buy,55.443947,55.77949,55.32552,55.69067,5422
2026-01-08 10:00:00,1,0.5578419338309181,0.44215806616908193,Buy,55.6808,55.957134,55.651196,55.90779,5087
2026-01-08 11:00:00,0,0.5533487619190671,0.4466512380809329,Buy,55.89792,56.17425,55.838707,56.0953,6159
2026-01-08 12:00:00,1,0.5555348786851961,0.44446512131480387,Buy,56.0953,56.19399,56.045956,56.144646,6951
2026-01-08 13:00:00,0,0.5528064687751292,0.4471935312248708,Buy,56.144646,56.430847,56.02622,56.32229,13502
2026-01-08 14:00:00,1,0.5463507913408293,0.4536492086591707,Buy,56.32229,56.48019,56.164383,56.2236,20316
2026-01-08 15:00:00,1,0.5083166446484046,0.49168335535159535,Buy,56.213726,56.302547,55.99661,56.11504,14481
2026-01-08 16:00:00,1,0.47337525742534226,0.5266247425746577,Hold,56.12491,56.411106,56.105167,56.32229,12743
2026-01-08 17:00:00,1,0.4456210111259274,0.5543789888740727,Hold,56.312416,56.608486,56.29268,56.539406,11596
2026-01-08 18:00:00,1,0.4092176223039181,0.5907823776960819,Hold,56.529537,56.953903,56.499928,56.934162,14987
2026-01-08 19:00:00,0,0.3828071740589756,0.6171928259410244,Hold,56.944035,57.496696,56.78613,57.43748,33753
2026-01-08 20:00:00,0,0.3758314194811736,0.6241685805188264,Hold,57.43748,57.901325,57.43748,57.822372,12484
2026-01-08 21:00:00,0,0.3707357658414087,0.6292642341585912,Hold,57.822372,57.970406,57.595387,57.63486,7029
2026-01-08 23:00:00,0,0.3671641411985036,0.6328358588014964,Hold,57.63486,57.684208,57.506565,57.516434,1882
2026-01-09 00:00:00,0,0.37926580512339964,0.6207341948766003,Hold,57.516434,57.53617,57.45722,57.45722,1483
2026-01-09 01:00:00,0,0.41128612526714636,0.5887138747328536,Hold,57.47696,57.486828,57.220364,57.33879,5344
2026-01-09 02:00:00,0,0.42570634011491676,0.5742936598850832,Hold,57.33879,57.427612,57.33879,57.388138,1687
2026-01-09 03:00:00,0,0.4618583611874782,0.5381416388125217,Hold,57.388138,57.388138,57.2401,57.34866,2005
2026-01-09 04:00:00,0,0.48455927286847567,0.5154407271315243,Hold,57.34866,57.44735,57.289448,57.427612,1353
2026-01-09 05:00:00,0,0.5096033025870563,0.49039669741294367,Buy,57.417744,57.496696,57.33879,57.407875,1351
2026-01-09 06:00:00,0,0.5225734381424866,0.4774265618575134,Buy,57.398006,57.605255,57.388138,57.565777,2620
2026-01-09 07:00:00,0,0.5579609455571322,0.44203905444286784,Buy,57.57565,57.763157,57.506565,57.565777,3252
2026-01-09 08:00:00,0,0.5578093734896243,0.44219062651037566,Buy,57.565777,57.585518,57.388138,57.407875,6303
2026-01-09 09:00:00,1,0.5627592728421914,0.4372407271578086,Buy,57.417744,57.506565,56.855213,57.16115,10287
2026-01-09 10:00:00,1,0.5541217238118885,0.4458782761881115,Buy,57.16115,57.35853,57.101936,57.319054,5944
2026-01-09 11:00:00,0,0.5524375520607929,0.4475624479392071,Buy,57.33879,57.55591,57.33879,57.526302,4602
2026-01-09 12:00:00,1,0.556197166161611,0.44380283383838903,Buy,57.516434,57.55591,57.3684,57.37827,4126
2026-01-09 13:00:00,1,0.5423502916475469,0.4576497083524531,Buy,57.37827,57.565777,57.2401,57.496696,8559
2026-01-09 14:00:00,0,0.5363454913128662,0.46365450868713376,Buy,57.506565,58.562546,57.417744,58.463856,34687
2026-01-09 15:00:00,0,0.49693592147229576,0.5030640785277043,Hold,58.453987,58.750057,58.177654,58.680973,20327
2026-01-09 16:00:00,0,0.47855125648986824,0.5214487435101318,Hold,58.671104,58.98691,58.53294,58.977043,24079
2026-01-09 17:00:00,0,0.44202585900455443,0.5579741409954455,Hold,58.977043,58.977043,58.483593,58.582283,19274
2026-01-09 18:00:00,0,0.439201852371589,0.560798147628411,Hold,58.59215,58.671104,58.32569,58.651367,11181
2026-01-09 19:00:00,1,0.39389686602812213,0.6061031339718779,Hold,58.651367,58.661236,58.207264,58.207264,22630
2026-01-09 20:00:00,1,0.37702173081458784,0.6229782691854122,Hold,58.207264,58.256607,57.980274,58.000015,7284
2026-01-09 21:00:00,1,0.3587332685014339,0.6412667314985661,Hold,58.000015,58.177654,57.9408,58.009884,4286
2026-01-11 23:00:00,0,0.36555779790878273,0.6344422020912173,Hold,58.227,59.016518,58.14805,58.81914,7967
2026-01-12 00:00:00,0,0.35161347096848206,0.6483865290315179,Hold,58.80927,58.80927,58.572414,58.671104,2887
2026-01-12 01:00:00,0,0.3675744227292629,0.6324255772707371,Hold,58.680973,58.70071,57.871716,58.019753,9560
2026-01-12 02:00:00,0,0.39870858115638613,0.6012914188436138,Hold,58.02962,58.42438,58.019753,58.384903,2647
2026-01-12 03:00:00,0,0.4325946724398231,0.5674053275601769,Hold,58.384903,58.52307,58.355297,58.404644,1632
2026-01-12 04:00:00,0,0.45298884943332984,0.5470111505666702,Hold,58.404644,58.49346,58.365166,58.43425,691
2026-01-12 05:00:00,0,0.47518136304435293,0.5248186369556471,Hold,58.42438,58.53294,58.39477,58.513203,1004
2026-01-12 06:00:00,0,0.5042057965592737,0.49579420344072633,Buy,58.50333,58.53294,58.384903,58.453987,1114
2026-01-12 07:00:00,0,0.5183800308665374,0.4816199691334626,Buy,58.44412,58.463856,58.12831,58.177654,3446
2026-01-12 08:00:00,0,0.5252070892778338,0.47479291072216623,Buy,58.167786,58.355297,57.901325,58.167786,7354
2026-01-12 09:00:00,0,0.5247302064225481,0.4752697935774519,Buy,58.167786,58.207264,57.95067,58.098705,4264
2026-01-12 10:00:00,0,0.5304273835341832,0.46957261646581683,Buy,58.098705,58.23687,57.921062,58.03949,4319
2026-01-12 11:00:00,1,0.534364889319251,0.46563511068074903,Buy,58.03949,58.04936,57.684208,57.83224,6440
2026-01-12 12:00:00,0,0.5226261202727909,0.4773738797272091,Buy,57.84211,58.266476,57.75329,58.24674,6232
2026-01-12 13:00:00,1,0.5207401956192308,0.4792598043807692,Buy,58.23687,58.305954,57.881588,58.000015,7649
2026-01-12 14:00:00,1,0.5339566566031941,0.46604334339680586,Buy,58.000015,58.24674,57.713814,57.95067,16544
2026-01-12 15:00:00,1,0.47956329270807174,0.5204367072919283,Hold,57.960537,58.43425,57.960537,58.32569,12621
2026-01-12 16:00:00,1,0.4560931821975531,0.5439068178024469,Hold,58.32569,58.651367,58.177654,58.266476,15817
2026-01-12 17:00:00,0,0.4274925851052414,0.5725074148947586,Hold,58.266476,58.53294,58.177654,58.49346,7524
2026-01-12 18:00:00,1,0.386347770615436,0.613652229384564,Hold,58.49346,58.50333,58.227,58.33556,8769
2026-01-12 19:00:00,0,0.3868919555791944,0.6131080444208056,Hold,58.32569,59.026386,58.29608,58.80927,23685
2026-01-12 20:00:00,0,0.3754835983863321,0.624516401613668,Hold,58.81914,58.82901,58.562546,58.73032,4616
2026-01-12 21:00:00,0,0.3683813254632564,0.6316186745367436,Hold,58.73032,59.125076,58.671104,59.055996,5598
2026-01-12 23:00:00,0,0.3712457622260995,0.6287542377739005,Hold,59.164555,59.164555,58.89809,59.026386,1131
2026-01-13 00:00:00,0,0.36363904825033805,0.636360951749662,Hold,59.016518,59.046127,58.858616,58.89809,868
2026-01-13 01:00:00,0,0.3930326836307174,0.6069673163692826,Hold,58.917828,59.20403,58.858616,58.89809,3326
2026-01-13 02:00:00,0,0.42516562512906486,0.5748343748709351,Hold,58.90796,58.967175,58.69084,58.89809,2422
2026-01-13 03:00:00,1,0.44926444351898964,0.5507355564810104,Hold,58.90796,58.98691,58.868484,58.957306,1258
2026-01-13 04:00:00,1,0.4750560951934277,0.5249439048065723,Hold,58.957306,59.016518,58.88822,58.99678,589
2026-01-13 05:00:00,1,0.4985901905097138,0.5014098094902861,Hold,58.99678,59.046127,58.868484,58.99678,857
2026-01-13 06:00:00,0,0.5163694187765457,0.48363058122345426,Buy,58.98691,59.322456,58.947437,59.29285,1963
2026-01-13 07:00:00,1,0.5361842624352435,0.46381573756475647,Buy,59.29285,59.29285,59.046127,59.055996,2847
2026-01-13 08:00:00,1,0.5359885287757397,0.46401147122426034,Buy,59.046127,59.421146,58.957306,59.332325,6767
2026-01-13 09:00:00,0,0.5395254041165434,0.4604745958834566,Buy,59.332325,60.023155,59.332325,59.736954,12911
2026-01-13 10:00:00,1,0.5450635940573157,0.45493640594268425,Buy,59.727085,59.865253,59.361935,59.559315,8268
2026-01-13 11:00:00,0,0.537390941699016,0.462609058300984,Buy,59.559315,59.98368,59.450756,59.944202,5901
2026-01-13 12:00:00,0,0.5450470825316815,0.45495291746831845,Buy,59.95407,59.96394,59.69748,59.934334,6907
2026-01-13 13:00:00,1,0.5416220894002767,0.4583779105997233,Buy,59.934334,59.99355,59.519836,59.628395,13605
2026-01-13 14:00:00,0,0.5334849075523647,0.46651509244763534,Buy,59.628395,60.625164,59.431015,60.200798,38857
2026-01-13 15:00:00,0,0.5024805716201488,0.4975194283798512,Buy,60.19093,60.615295,60.141582,60.54621,20135
2026-01-13 16:00:00,0,0.4890926101788656,0.5109073898211344,Hold,60.536343,60.694244,60.39818,60.55608,18033
2026-01-13 17:00:00,0,0.4514020626533206,0.5485979373466794,Hold,60.54621,60.54621,59.924465,59.98368,14162
2026-01-13 18:00:00,0,0.43327066301580464,0.5667293369841954,Hold,59.98368,60.625164,59.973812,60.487,21701
2026-01-13 19:00:00,0,0.4114799864518419,0.5885200135481581,Hold,60.487,60.506737,59.638264,60.230404,29506
2026-01-13 20:00:00,0,0.40685632689873674,0.5931436731012633,Hold,60.230404,60.34883,60.131714,60.240273,3328
2026-01-13 21:00:00,0,0.3902906495732306,0.6097093504267694,Hold,60.240273,60.39818,60.17119,60.299488,3075
2026-01-13 23:00:00,0,0.403469769223488,0.596530230776512,Hold,60.319225,60.39818,60.26988,60.34883,523
2026-01-14 00:00:00,0,0.3889918654541005,0.6110081345458995,Hold,60.34883,60.34883,60.25014,60.27975,663
2026-01-14 01:00:00,0,0.4041438489808581,0.5958561510191419,Hold,60.28962,60.299488,60.06263,60.220535,2384
2026-01-14 02:00:00,0,0.42062615763190775,0.5793738423680923,Hold,60.220535,60.27975,60.121845,60.121845,1324
2026-01-14 03:00:00,0,0.4376743446524336,0.5623256553475664,Hold,60.121845,60.210667,60.003418,60.17119,1601
2026-01-14 04:00:00,0,0.45954044446366343,0.5404595555363365,Hold,60.17119,60.240273,60.111977,60.16132,877
2026-01-14 05:00:00,0,0.4755966339639339,0.5244033660360661,Hold,60.16132,60.18106,60.033024,60.072502,1073
2026-01-14 06:00:00,1,0.5112909387858775,0.4887090612141225,Buy,60.08237,60.200798,59.845512,59.88499,1682
2026-01-14 07:00:00,1,0.5288132110324031,0.4711867889675969,Buy,59.904728,60.033024,59.825775,59.904728,2657
2026-01-14 08:00:00,1,0.5332186566639027,0.46678134333609733,Buy,59.904728,60.013287,59.677742,59.85538,5904
2026-01-14 09:00:00,1,0.5270875160953106,0.47291248390468943,Buy,59.85538,60.210667,59.59879,60.200798,7668
2026-01-14 10:00:00,0,0.5279801284896083,0.4720198715103917,Buy,60.19093,61.197563,60.16132,61.187695,14630
2026-01-14 11:00:00,0,0.5213836136896633,0.47861638631033665,Buy,61.187695,61.286385,60.911366,61.000183,7996
2026-01-14 12:00:00,0,0.5249759204762784,0.4750240795237216,Buy,61.010056,61.118614,60.6449,61.069267,9259
2026-01-14 13:00:00,0,0.5221322620153304,0.47786773798466964,Buy,61.079136,61.286385,60.704117,60.812675,15066
2026-01-14 14:00:00,0,0.5130145236338612,0.48698547636613876,Buy,60.832413,61.029793,60.74359,60.901493,12121
2026-01-14 15:00:00,0,0.48966870899566844,0.5103312910043316,Hold,60.901493,61.03966,60.427784,60.86202,21660
2026-01-14 16:00:00,0,0.4680897367171288,0.5319102632828712,Hold,60.871887,61.010056,60.56595,60.921234,14667
2026-01-14 17:00:00,0,0.4485495602890793,0.5514504397109208,Hold,60.911366,61.23704,60.792934,60.980446,13068
2026-01-14 18:00:00,0,0.4267786544059815,0.5732213455940185,Hold,60.980446,61.0594,60.802807,61.019924,10101
2026-01-14 19:00:00,0,0.41125421265557216,0.5887457873444278,Hold,61.010056,61.53311,60.970577,61.493633,20887
2026-01-14 20:00:00,1,0.3499182995799965,0.6500817004200035,Hold,61.493633,61.54298,58.414513,59.470493,56536
2026-01-14 21:00:00,0,0.33708512838800403,0.6629148716119959,Hold,59.460625,61.03966,59.243507,60.25014,8221
2026-01-14 23:00:00,0,0.3066020816596424,0.6933979183403576,Hold,60.26001,60.338963,59.717216,59.95407,2249
2026-01-15 00:00:00,0,0.302753356687865,0.6972466433121349,Hold,59.89486,60.240273,59.865253,60.200798,512
2026-01-15 01:00:00,0,0.3328301535765582,0.6671698464234418,Hold,60.210667,60.210667,59.28298,59.529705,2058
2026-01-15 02:00:00,0,0.3687892711090445,0.6312107288909554,Hold,59.519836,59.559315,59.273113,59.361935,413
2026-01-15 03:00:00,0,0.41033119091180753,0.5896688090881925,Hold,59.361935,59.5001,59.10534,59.263245,512
2026-01-15 04:00:00,0,0.44033431927803957,0.5596656807219604,Hold,59.29285,59.30272,59.164555,59.243507,251
2026-01-15 05:00:00,0,0.4616537685051272,0.5383462314948728,Hold,59.233635,59.263245,59.055996,59.19416,465
2026-01-15 06:00:00,0,0.4886767511185154,0.5113232488814846,Hold,59.154686,59.509968,59.154686,59.411278,829
2026-01-15 07:00:00,0,0.5111472366558348,0.48885276334416516,Buy,59.352066,59.411278,59.03626,59.233635,814
2026-01-15 08:00:00,0,0.5155780119949778,0.48442198800502223,Buy,59.20403,59.480362,59.065865,59.39154,1990
2026-01-15 09:00:00,0,0.529568317910197,0.470431682089803,Buy,59.40141,59.460625,58.562546,58.572414,2316
2026-01-15 10:00:00,0,0.525059917685852,0.47494008231414797,Buy,58.60202,58.9277,58.355297,58.7994,3359
2026-01-15 11:00:00,0,0.520776136248058,0.47922386375194204,Buy,58.83888,59.253376,58.7994,59.19416,2045
2026-01-15 12:00:00,0,0.53265861020147,0.46734138979853,Buy,59.213898,59.253376,58.562546,58.6415,2374
2026-01-15 13:00:00,0,0.5063488952963336,0.49365110470366635,Buy,58.63163,58.661236,58.365166,58.513203,2524
2026-01-15 14:00:00,0,0.5068713811206449,0.4931286188793551,Buy,58.52307,58.779663,58.108574,58.52307,4823
2026-01-15 15:00:00,0,0.46687233193895605,0.533127668061044,Hold,58.54281,58.651367,58.227,58.562546,2932
2026-01-15 16:00:00,0,0.4479415219930486,0.5520584780069514,Hold,58.562546,58.651367,58.197395,58.23687,2477
2026-01-15 17:00:00,0,0.4271116497507113,0.5728883502492887,Hold,58.23687,58.33556,58.167786,58.305954,1961
2026-01-15 18:00:00,0,0.388332403016945,0.611667596983055,Hold,58.315823,58.71058,58.266476,58.404644,3274
2026-01-15 19:00:00,0,0.36315185061029115,0.6368481493897089,Hold,58.384903,58.453987,58.256607,58.276344,3964
2026-01-15 20:00:00,0,0.34745257883331243,0.6525474211666875,Hold,58.266476,58.32569,58.14805,58.227,658
2026-01-15 21:00:00,0,0.341411259870389,0.658588740129611,Hold,58.207264,58.54281,58.187523,58.50333,687
2026-01-15 23:00:00,0,0.33799568907193683,0.6620043109280631,Hold,58.483593,58.53294,58.33556,58.414513,360
2026-01-16 00:00:00,0,0.34297238661465634,0.6570276133853437,Hold,58.414513,58.592545,58.414513,58.454075,1117
2026-01-16 01:00:00,0,0.3661475676446324,0.6338524323553676,Hold,58.473854,58.65189,58.444183,58.483746,2664
2026-01-16 02:00:00,0,0.3883063975328449,0.6116936024671551,Hold,58.483746,58.523308,58.276043,58.374947,2063
2026-01-16 03:00:00,1,0.4316696031291754,0.5683303968708247,Hold,58.36506,58.444183,58.25626,58.315605,1425
2026-01-16 04:00:00,1,0.45252109580839867,0.5474789041916013,Hold,58.315605,58.374947,58.26615,58.335384,813
2026-01-16 05:00:00,1,0.4836990212920557,0.5163009787079442,Hold,58.325497,58.36506,58.22659,58.24637,1060
2026-01-16 06:00:00,1,0.5060670470585633,0.4939329529414367,Buy,58.24637,58.414513,58.167244,58.40462,1921
2026-01-16 07:00:00,1,0.5318388235429548,0.46816117645704525,Buy,58.39473,58.71123,58.38484,58.552982,5047
2026-01-16 08:00:00,0,0.5424805979259885,0.45751940207401154,Buy,58.552982,58.8497,58.345276,58.79036,7314
2026-01-16 09:00:00,0,0.5355520290349284,0.4644479709650716,Buy,58.79036,59.156315,58.67167,58.918938,9189
2026-01-16 10:00:00,0,0.5378462971198176,0.4621537028801824,Buy,58.92883,59.225548,58.889267,59.195877,5852
2026-01-16 11:00:00,0,0.5393125394150466,0.46068746058495336,Buy,59.185986,59.24533,59.037624,59.176094,5158
2026-01-16 12:00:00,0,0.5399891479914932,0.4600108520085068,Buy,59.185986,59.393692,59.047516,59.0673,7918
2026-01-16 13:00:00,0,0.5266638649068038,0.47333613509319616,Buy,59.0673,59.275,58.96839,59.225548,9358
2026-01-16 14:00:00,0,0.5325710245821851,0.4674289754178149,Buy,59.225548,59.314564,58.750793,58.800247,22018
2026-01-16 15:00:00,0,0.4874462371520569,0.5125537628479431,Hold,58.800247,59.09697,58.701344,58.94861,13525
2026-01-16 16:00:00,0,0.4734083041283528,0.5265916958716472,Hold,58.94861,59.185986,58.869484,59.09697,10526
2026-01-16 17:00:00,0,0.4581831144221777,0.5418168855778223,Hold,59.09697,59.23544,58.780468,59.037624,14485
2026-01-16 18:00:00,0,0.43024199204761254,0.5697580079523874,Hold,59.047516,59.20577,58.889267,59.09697,8077
2026-01-16 19:00:00,0,0.40998673745561465,0.5900132625443854,Hold,59.10686,59.10686,58.57276,58.731014,20428
2026-01-16 20:00:00,0,0.3786217234309437,0.6213782765690563,Hold,58.731014,58.82003,58.632107,58.65189,3444
2026-01-16 21:00:00,0,0.3733255420694232,0.6266744579305767,Hold,58.642,58.71123,58.552982,58.57276,2728
2026-01-18 23:00:00,0,0.3575249831464084,0.6424750168535915,Hold,58.295822,58.54309,57.959538,58.325497,6453
2026-01-19 00:00:00,0,0.33413878749748505,0.665861212502515,Hold,58.335384,58.68156,58.295822,58.602436,2146
2026-01-19 01:00:00,0,0.3597766815744143,0.6402233184255857,Hold,58.612324,58.760685,58.4244,58.721123,2542
2026-01-19 02:00:00,0,0.4012645144086049,0.5987354855913951,Hold,58.721123,58.780468,58.65189,58.750793,1817
2026-01-19 03:00:00,0,0.4461822323129853,0.5538177676870146,Hold,58.760685,58.82003,58.731014,58.800247,985
2026-01-19 04:00:00,0,0.4787623390813352,0.5212376609186649,Hold,58.81014,58.909046,58.661777,58.661777,1931
2026-01-19 05:00:00,0,0.5004428971173075,0.4995571028826925,Buy,58.661777,58.770576,58.54309,58.632107,1662
2026-01-19 06:00:00,0,0.5344698645999025,0.46553013540009747,Buy,58.632107,58.642,58.26615,58.315605,2979
2026-01-19 07:00:00,0,0.5519257569836848,0.44807424301631515,Buy,58.315605,58.523308,58.206806,58.335384,4031
2026-01-19 08:00:00,0,0.5583471068525626,0.4416528931474374,Buy,58.345276,58.463966,57.96943,58.26615,7590
2026-01-19 09:00:00,1,0.5759397073112602,0.4240602926887398,Buy,58.28593,58.295822,57.890305,57.96943,5754
2026-01-19 10:00:00,0,0.5610719983608572,0.4389280016391428,Buy,57.96943,58.39473,57.959538,58.305714,4376
2026-01-19 11:00:00,0,0.5641940635878205,0.43580593641217946,Buy,58.305714,58.4244,58.12768,58.345276,4948
2026-01-19 12:00:00,0,0.5641501398107711,0.4358498601892289,Buy,58.335384,58.39473,58.196915,58.374947,3252
2026-01-19 13:00:00,0,0.5362083369592456,0.46379166304075436,Buy,58.374947,58.444183,58.28593,58.40462,3874
2026-01-19 14:00:00,0,0.5342632166586988,0.4657367833413012,Buy,58.40462,58.67167,58.335384,58.65189,5619
2026-01-19 15:00:00,0,0.4962110845640598,0.5037889154359402,Hold,58.661777,58.750793,58.51342,58.67167,5273
2026-01-19 16:00:00,0,0.46986150658906223,0.5301384934109378,Hold,58.68156,58.8497,58.582653,58.780468,6132
2026-01-19 17:00:00,0,0.46364206107860284,0.5363579389213972,Hold,58.780468,58.8497,58.54309,58.592545,3418
2026-01-19 18:00:00,0,0.40190656946508346,0.5980934305349166,Hold,58.592545,58.81014,58.582653,58.71123,1809
2026-01-19 19:00:00,0,0.3841824845864117,0.6158175154135883,Hold,58.721123,58.800247,58.71123,58.780468,551
2026-01-19 23:00:00,0,0.37233255187286873,0.6276674481271313,Hold,58.79036,58.81014,58.65189,58.740906,744
2026-01-20 00:00:00,0,0.37205842649932697,0.627941573500673,Hold,58.740906,58.918938,58.731014,58.800247,1076
2026-01-20 01:00:00,0,0.41498211973895605,0.585017880261044,Hold,58.79036,58.839813,58.622215,58.622215,2056
2026-01-20 02:00:00,0,0.456605629924509,0.5433943700754911,Hold,58.632107,58.731014,58.582653,58.691452,1437
2026-01-20 03:00:00,0,0.4966722042371113,0.5033277957628888,Hold,58.691452,58.770576,58.602436,58.760685,1065
2026-01-20 04:00:00,0,0.5212641911038299,0.47873580889617007,Buy,58.760685,58.859592,58.691452,58.701344,1028
2026-01-20 05:00:00,0,0.5419760990537921,0.45802390094620793,Buy,58.701344,58.750793,58.612324,58.67167,1170
2026-01-20 06:00:00,0,0.559066833585563,0.440933166414437,Buy,58.68156,58.800247,58.5332,58.71123,2017
2026-01-20 07:00:00,0,0.589155060332535,0.41084493966746505,Buy,58.721123,58.938717,58.305714,58.36506,7270
2026-01-20 08:00:00,1,0.578657664151158,0.42134233584884195,Buy,58.374947,58.40462,58.078228,58.39473,9995
2026-01-20 09:00:00,1,0.5822952486125992,0.4177047513874008,Buy,58.39473,58.889267,58.36506,58.8497,11207
2026-01-20 10:00:00,1,0.5791172011203741,0.4208827988796259,Buy,58.8497,59.047516,58.701344,58.978283,8121
2026-01-20 11:00:00,1,0.5798476051968144,0.42015239480318556,Buy,58.96839,59.0673,58.740906,59.047516,5126
2026-01-20 12:00:00,0,0.576877301181806,0.423122698818194,Buy,59.047516,59.324455,59.037624,59.24533,8473
2026-01-20 13:00:00,1,0.5603418004475664,0.43965819955243357,Buy,59.255222,59.265114,58.8497,58.92883,8526
2026-01-20 14:00:00,0,0.5595861503745982,0.44041384962540175,Buy,58.918938,59.848663,58.859592,59.749756,26779
2026-01-20 15:00:00,0,0.5195616606424293,0.48043833935757074,Buy,59.739864,59.848663,59.324455,59.393692,19137
2026-01-20 16:00:00,0,0.4909035624158075,0.5090964375841924,Hold,59.3838,59.69041,59.35413,59.66074,14547
2026-01-20 17:00:00,0,0.46543733694256595,0.534562663057434,Hold,59.65085,59.77943,59.571724,59.729977,8158
2026-01-20 18:00:00,0,0.4234643270935261,0.5765356729064739,Hold,59.739864,59.818993,59.52227,59.601395,10081
2026-01-20 19:00:00,0,0.39912574165826165,0.6008742583417384,Hold,59.601395,59.749756,59.23544,59.284893,31529
2026-01-20 20:00:00,0,0.3914975061842791,0.6085024938157209,Hold,59.275,59.35413,58.68156,58.82992,16888
2026-01-20 21:00:00,0,0.36225434989529803,0.637745650104702,Hold,58.82003,58.938717,58.71123,58.869484,3637
2026-01-20 23:00:00,0,0.3591371536350665,0.6408628463649335,Hold,58.918938,59.185986,58.81014,58.978283,2152
2026-01-21 00:00:00,0,0.3508423879886542,0.6491576120113458,Hold,58.978283,59.057407,58.81014,59.017845,1794
2026-01-21 01:00:00,0,0.37836157868501935,0.6216384213149806,Hold,59.007954,59.12664,58.81014,59.09697,2537
2026-01-21 02:00:00,0,0.4113664634700435,0.5886335365299564,Hold,59.09697,59.23544,59.007954,59.116753,2241
2026-01-21 03:00:00,0,0.45848140740856086,0.5415185925914392,Hold,59.116753,59.225548,59.07719,59.07719,1793
2026-01-21 04:00:00,0,0.47776472466401,0.52223527533599,Hold,59.07719,59.146423,59.037624,59.0673,935
2026-01-21 05:00:00,0,0.5021431667667078,0.4978568332332922,Buy,59.07719,59.255222,59.057407,59.166206,2220
2026-01-21 06:00:00,0,0.5283304533342239,0.4716695466657761,Buy,59.166206,59.275,59.017845,59.195877,2037
2026-01-21 07:00:00,0,0.553231133743772,0.446768866256228,Buy,59.20577,59.20577,58.81014,58.92883,6264
2026-01-21 08:00:00,1,0.5579965357973027,0.4420034642026973,Buy,58.92883,59.10686,58.642,58.661777,10211
2026-01-21 09:00:00,1,0.5576760975637719,0.4423239024362281,Buy,58.661777,59.225548,58.57276,59.21566,12186
2026-01-21 10:00:00,1,0.5596870323323244,0.4403129676676756,Buy,59.21566,59.393692,59.047516,59.255222,9369
2026-01-21 11:00:00,0,0.5757163035920584,0.4242836964079416,Buy,59.255222,59.93768,59.24533,59.720085,16077
2026-01-21 12:00:00,0,0.5689806449943023,0.43101935500569766,Buy,59.720085,59.93768,59.680523,59.83877,8144
2026-01-21 13:00:00,0,0.5529663865825837,0.4470336134174163,Buy,59.848663,60.22451,59.65085,59.67063,15946
2026-01-21 14:00:00,0,0.5548789118901598,0.4451210881098402,Buy,59.66074,59.83877,59.472816,59.67063,20409
2026-01-21 15:00:00,0,0.513136819693143,0.48686318030685705,Buy,59.67063,59.878334,59.41347,59.83877,19920
2026-01-21 16:00:00,0,0.4893378392796285,0.5106621607203715,Hold,59.83877,59.97724,59.621178,59.789318,15595
2026-01-21 17:00:00,0,0.4574261753044972,0.5425738246955027,Hold,59.77943,59.848663,59.591507,59.729977,8618
2026-01-21 18:00:00,0,0.4145996397752405,0.5854003602247595,Hold,59.729977,60.125603,59.710194,60.016804,13003
2026-01-21 19:00:00,0,0.399079917328194,0.600920082671806,Hold,60.016804,60.036587,59.759647,59.987133,14660
2026-01-21 20:00:00,0,0.38611486678116747,0.6138851332188325,Hold,59.987133,60.05637,59.878334,60.006916,3874
2026-01-21 21:00:00,0,0.3809755803941053,0.6190244196058947,Hold,60.006916,60.08604,59.957462,60.006916,2489
2026-01-21 23:00:00,0,0.38315358398205174,0.6168464160179483,Hold,60.016804,60.026695,59.759647,59.848663,1166
2026-01-22 00:00:00,0,0.37445826937553145,0.6255417306244686,Hold,59.83877,59.9179,59.79921,59.858555,885
2026-01-22 01:00:00,0,0.4083685778686532,0.5916314221313468,Hold,59.858555,60.11571,59.818993,60.04648,2916
2026-01-22 02:00:00,0,0.4393868413008809,0.5606131586991191,Hold,60.036587,60.105824,59.9179,60.07615,1606
2026-01-22 03:00:00,0,0.4738485509796479,0.526151449020352,Hold,60.07615,60.155277,60.04648,60.105824,1325
2026-01-22 04:00:00,0,0.4916182007724083,0.5083817992275916,Hold,60.105824,60.145386,60.066257,60.105824,712
2026-01-22 05:00:00,0,0.518859374105957,0.48114062589404305,Buy,60.095932,60.135494,60.006916,60.05637,1107
2026-01-22 06:00:00,0,0.5495347344183331,0.4504652655816669,Buy,60.04648,60.04648,59.858555,59.967354,1787
2026-01-22 07:00:00,0,0.5771495327804167,0.4228504672195833,Buy,59.97724,59.987133,59.700302,59.77943,4051
2026-01-22 08:00:00,0,0.5663054580765451,0.4336945419234549,Buy,59.77943,59.927788,59.640957,59.710194,7501
2026-01-22 09:00:00,0,0.5688327523167355,0.43116724768326453,Buy,59.720085,59.729977,59.34424,59.403584,9411
2026-01-22 10:00:00,0,0.568378756136564,0.43162124386343603,Buy,59.403584,59.482708,59.10686,59.195877,12295
2026-01-22 11:00:00,0,0.5643828029001725,0.4356171970998275,Buy,59.195877,59.255222,58.82992,59.08708,13171
2026-01-22 12:00:00,0,0.5709625888532927,0.42903741114670735,Buy,59.08708,59.13653,58.79036,58.79036,7247
2026-01-22 13:00:00,0,0.5596407127224712,0.4403592872775288,Buy,58.800247,59.12664,58.661777,59.047516,12924
2026-01-22 14:00:00,0,0.5631505937935573,0.43684940620644275,Buy,59.037624,59.34424,58.770576,59.10686,30783
2026-01-22 15:00:00,0,0.5140275568713428,0.48597244312865717,Buy,59.10686,59.195877,58.780468,59.0673,19228
2026-01-22 16:00:00,0,0.4806177482356383,0.5193822517643617,Hold,59.07719,59.304676,58.721123,58.82992,16481
2026-01-22 17:00:00,0,0.4641186350830078,0.5358813649169922,Hold,58.82992,58.82992,58.315605,58.50353,19055
2026-01-22 18:00:00,0,0.4144900242542297,0.5855099757457702,Hold,58.493637,58.661777,58.40462,58.612324,11217
2026-01-22 19:00:00,0,0.39328601294959603,0.6067139870504039,Hold,58.622215,58.740906,58.5332,58.691452,14218
2026-01-22 20:00:00,0,0.368542395295329,0.6314576047046709,Hold,58.68156,58.770576,58.65189,58.760685,3743
2026-01-22 21:00:00,0,0.3687685419897196,0.6312314580102805,Hold,58.760685,59.037624,58.740906,59.017845,3157
2026-01-22 23:00:00,0,0.36929272099350335,0.6307072790064967,Hold,59.007954,59.09697,58.869484,58.938717,1423
2026-01-23 00:00:00,0,0.3829200036038853,0.6170799963961147,Hold,58.94861,59.057407,58.92883,59.027737,684
2026-01-23 01:00:00,0,0.4101124519147659,0.5898875480852341,Hold,59.017845,59.156315,58.92883,59.116753,2771
2026-01-23 02:00:00,0,0.42964489366231684,0.5703551063376832,Hold,59.116753,59.23544,59.007954,59.195877,2134
2026-01-23 03:00:00,0,0.4834034072040178,0.5165965927959821,Hold,59.195877,59.284893,59.146423,59.176094,2344
2026-01-23 04:00:00,0,0.49817526166168,0.50182473833832,Hold,59.176094,59.265114,59.146423,59.23544,713
2026-01-23 05:00:00,1,0.5290318838002613,0.47096811619973866,Buy,59.23544,59.275,59.08708,59.156315,1404
2026-01-23 06:00:00,0,0.5503621078182236,0.4496378921817764,Buy,59.166206,59.334347,59.09697,59.314564,1871
2026-01-23 07:00:00,1,0.5726452518695834,0.42735474813041663,Buy,59.294785,59.304676,58.938717,59.017845,3185
2026-01-23 08:00:00,1,0.5712394002792008,0.42876059972079916,Buy,59.007954,59.453033,58.998062,59.24533,7598
2026-01-23 09:00:00,1,0.5738289627729817,0.4261710372270183,Buy,59.255222,59.41347,59.20577,59.334347,5838
2026-01-23 10:00:00,1,0.569782814875907,0.430217185124093,Buy,59.34424,59.680523,59.324455,59.581615,6832
2026-01-23 11:00:00,1,0.5692542766546439,0.4307457233453561,Buy,59.581615,59.76954,59.52227,59.700302,5314
2026-01-23 12:00:00,1,0.5639873552005974,0.4360126447994026,Buy,59.710194,59.878334,59.680523,59.77943,6219
2026-01-23 13:00:00,0,0.5553852721110284,0.4446147278889716,Buy,59.77943,60.39265,59.69041,60.35309,17416
2026-01-23 14:00:00,0,0.5447822739384327,0.4552177260615673,Buy,60.3432,60.590466,60.184948,60.48167,26947
2026-01-23 15:00:00,0,0.5102045840990493,0.48979541590095066,Buy,60.491558,60.521233,60.105824,60.11571,17424
2026-01-23 16:00:00,0,0.4919969148050649,0.5080030851949351,Hold,60.11571,60.521233,60.036587,60.442104,13805
2026-01-23 17:00:00,0,0.4846504835683306,0.5153495164316694,Hold,60.442104,60.560795,60.145386,60.50145,12981
2026-01-23 18:00:00,0,0.45323364329513594,0.5467663567048641,Hold,60.491558,60.580574,60.293747,60.412434,11116
2026-01-23 19:00:00,0,0.43405566497020087,0.5659443350297991,Hold,60.422325,60.590466,60.313526,60.412434,19541
2026-01-23 20:00:00,0,0.42275362713167514,0.5772463728683248,Hold,60.422325,60.550903,60.39265,60.491558,4815
2026-01-23 21:00:00,0,0.4150021731476148,0.5849978268523852,Hold,60.491558,60.689373,60.491558,60.61025,5303
2026-01-25 23:00:00,0,0.4122091388418085,0.5877908611581915,Hold,60.550903,60.630028,59.93768,60.37287,6650
2026-01-26 00:00:00,0,0.3958538876704816,0.6041461123295184,Hold,60.36298,60.48167,60.21462,60.432217,3223
2026-01-26 01:00:00,0,0.416163676320912,0.583836323679088,Hold,60.432217,60.62014,60.323418,60.451996,4256
2026-01-26 02:00:00,1,0.446102679262123,0.553897320737877,Hold,60.442104,60.48167,60.303635,60.313526,1740
2026-01-26 03:00:00,0,0.4789184200349246,0.5210815799650754,Hold,60.303635,60.432217,60.264072,60.432217,1096
2026-01-26 04:00:00,0,0.4998927320435657,0.5001072679564342,Hold,60.432217,60.531124,60.402542,60.521233,899
2026-01-26 05:00:00,0,0.521093218900185,0.478906781099815,Buy,60.521233,60.62014,60.35309,60.560795,1685
2026-01-26 06:00:00,0,0.5395771193554879,0.4604228806445121,Buy,60.550903,61.03555,60.50145,60.877296,6778
2026-01-26 07:00:00,0,0.5579070309434293,0.4420929690565707,Buy,60.867405,60.877296,60.264072,60.283855,7643
2026-01-26 08:00:00,0,0.5688410326132167,0.4311589673867833,Buy,60.283855,60.560795,60.11571,60.550903,11631
2026-01-26 09:00:00,0,0.5707120995001193,0.42928790049988075,Buy,60.560795,60.659702,60.145386,60.442104,7990
2026-01-26 10:00:00,0,0.5726764123356614,0.42732358766433864,Buy,60.432217,60.580574,60.283855,60.570686,4384
2026-01-26 11:00:00,0,0.5677181274285751,0.4322818725714249,Buy,60.570686,60.728935,60.39265,60.491558,5517
2026-01-26 12:00:00,0,0.5764442040844256,0.42355579591557435,Buy,60.491558,60.54101,60.19484,60.22451,6944
2026-01-26 13:00:00,0,0.5649314460967593,0.43506855390324073,Buy,60.2344,60.3432,59.898117,60.125603,12283
2026-01-26 14:00:00,0,0.5763717845308316,0.4236282154691684,Buy,60.125603,60.273964,59.83877,59.868446,20922
2026-01-26 15:00:00,0,0.5171343857454405,0.48286561425455954,Buy,59.868446,60.33331,59.759647,59.93768,15918
2026-01-26 16:00:00,0,0.4782397396726895,0.5217602603273105,Hold,59.93768,60.244293,59.76954,60.175056,12593
2026-01-26 17:00:00,0,0.4516660408020455,0.5483339591979546,Hold,60.175056,60.36298,60.066257,60.293747,7832
2026-01-26 18:00:00,0,0.4134431950607544,0.5865568049392456,Hold,60.293747,60.303635,59.878334,59.957462,10923
2026-01-26 19:00:00,0,0.38090285531358853,0.6190971446864115,Hold,59.957462,60.036587,59.82888,59.957462,11504
2026-01-26 20:00:00,0,0.3626916542872173,0.6373083457127827,Hold,59.957462,60.175056,59.66074,60.105824,11890
2026-01-26 21:00:00,0,0.35643138767343663,0.6435686123265634,Hold,60.11571,60.2344,59.97724,60.165165,2983
2026-01-26 23:00:00,0,0.3544309025343078,0.6455690974656922,Hold,60.11571,60.204727,60.08604,60.145386,531
2026-01-27 00:00:00,0,0.3457850669615621,0.6542149330384379,Hold,60.155277,60.184948,60.105824,60.145386,556
2026-01-27 01:00:00,0,0.3999514044897818,0.6000485955102182,Hold,60.135494,60.19484,59.542053,59.591507,4626
2026-01-27 02:00:00,0,0.42643475955122606,0.5735652404487739,Hold,59.591507,59.720085,59.561832,59.66074,2075
2026-01-27 03:00:00,0,0.47833733608461126,0.5216626639153887,Hold,59.65085,59.65085,59.561832,59.591507,1559
2026-01-27 04:00:00,1,0.5058800771154137,0.4941199228845863,Buy,59.591507,59.66074,59.561832,59.571724,888
2026-01-27 05:00:00,1,0.5234574362991681,0.4765425637008319,Buy,59.561832,59.789318,59.51238,59.749756,1640
2026-01-27 06:00:00,0,0.5490179954283945,0.45098200457160553,Buy,59.759647,59.878334,59.69041,59.858555,1666
2026-01-27 07:00:00,1,0.5785353073863493,0.4214646926136507,Buy,59.858555,59.878334,59.63107,59.720085,2559
2026-01-27 08:00:00,1,0.5893203688257502,0.41067963117424977,Buy,59.729977,59.82888,59.482708,59.76954,6304
2026-01-27 09:00:00,1,0.5886571590308907,0.41134284096910934,Buy,59.76954,60.036587,59.63107,59.97724,5885
2026-01-27 10:00:00,0,0.5743127266544931,0.42568727334550693,Buy,59.987133,60.36298,59.957462,60.273964,8548
2026-01-27 11:00:00,1,0.5953234683988801,0.40467653160111994,Buy,60.264072,60.313526,59.90801,59.94757,5573
2026-01-27 12:00:00,1,0.5859561498391159,0.4140438501608841,Buy,59.94757,60.05637,59.77943,59.987133,5851
2026-01-27 13:00:00,0,0.5549133470058476,0.4450866529941524,Buy,59.987133,61.18391,59.94757,61.104782,26994
2026-01-27 14:00:00,1,0.5486737397557918,0.4513262602442082,Buy,61.104782,61.134457,60.273964,60.61025,30433
2026-01-27 15:00:00,1,0.5210277534245876,0.4789722465754124,Buy,60.61025,61.03555,60.432217,61.015766,17411
2026-01-27 16:00:00,0,0.4987501266184223,0.5012498733815778,Hold,61.025658,61.302597,60.946533,61.223473,19807
2026-01-27 17:00:00,0,0.4731245666641433,0.5268754333358567,Hold,61.21358,61.510303,61.18391,61.401505,18002
2026-01-27 18:00:00,0,0.45591932728777124,0.5440806727122287,Hold,61.401505,61.559757,61.24325,61.272926,13579
2026-01-27 19:00:00,0,0.4396586003246479,0.5603413996753521,Hold,61.282818,61.896038,61.263035,61.510303,26255
2026-01-27 20:00:00,0,0.448255447511204,0.5517445524887961,Hold,61.52019,61.94549,61.500412,61.87626,7168
2026-01-27 21:00:00,0,0.4314807335112424,0.5685192664887576,Hold,61.87626,61.896038,61.688335,61.88615,3946
2026-01-27 23:00:00,0,0.427765122637023,0.5722348773629771,Hold,61.896038,61.985058,61.77735,61.856476,1467
2026-01-28 00:00:00,0,0.426098991509276,0.573901008490724,Hold,61.856476,61.965275,61.787243,61.84659,1578
2026-01-28 01:00:00,0,0.4480496209988189,0.551950379001181,Hold,61.836697,61.955383,61.658665,61.76746,3773
2026-01-28 02:00:00,0,0.45127405272560955,0.5487259472743904,Hold,61.76746,62.0444,61.708115,61.955383,2521
2026-01-28 03:00:00,0,0.47026484705106253,0.5297351529489375,Hold,61.955383,62.17298,61.94549,62.01473,3453
2026-01-28 04:00:00,0,0.4931246852269775,0.5068753147730225,Hold,62.02462,62.16309,61.994946,62.133415,2469
2026-01-28 05:00:00,0,0.5146488254410719,0.48535117455892807,Buy,62.133415,62.19276,62.074074,62.18287,1374
2026-01-28 06:00:00,0,0.5354700173895452,0.46452998261045475,Buy,62.18287,62.31145,62.0444,62.08396,3476
2026-01-28 07:00:00,0,0.5494817443333937,0.4505182556666063,Buy,62.08396,62.093853,61.718006,61.816914,5971
2026-01-28 08:00:00,0,0.5479540608733259,0.4520459391266741,Buy,61.816914,62.113636,61.727898,62.02462,8722
2026-01-28 09:00:00,1,0.5546525715454077,0.4453474284545923,Buy,62.02462,62.03451,61.391613,61.49052,10509
2026-01-28 10:00:00,1,0.5467388386962364,0.4532611613037636,Buy,61.48063,61.60921,61.421288,61.46085,5397
2026-01-28 11:00:00,1,0.5396814127903031,0.4603185872096969,Buy,61.45096,61.91582,61.431175,61.88615,5607
2026-01-28 12:00:00,0,0.5469830184160605,0.45301698158393955,Buy,61.896038,62.47959,61.718006,62.123528,21957
2026-01-28 13:00:00,0,0.5510073416253765,0.44899265837462354,Buy,62.123528,62.697186,62.074074,62.657623,19212
2026-01-28 14:00:00,0,0.5471000416400684,0.4528999583599316,Buy,62.657623,62.825768,62.18287,62.489483,37839
2026-01-28 15:00:00,0,0.5177218735888708,0.4822781264111292,Buy,62.489483,62.568607,61.955383,62.271885,21688
2026-01-28 16:00:00,1,0.48489666415314947,0.5151033358468505,Hold,62.281776,62.400467,62.004837,62.05429,13471
2026-01-28 17:00:00,1,0.46131157283754903,0.538688427162451,Hold,62.0444,62.242214,61.856476,62.05429,10969
2026-01-28 18:00:00,0,0.44881840845568083,0.5511815915443192,Hold,62.0444,62.489483,62.01473,62.410355,8620
2026-01-28 19:00:00,0,0.44751206796255133,0.5524879320374487,Hold,62.420246,62.598278,62.351013,62.538937,14608
2026-01-28 20:00:00,0,0.44040488693392243,0.5595951130660776,Hold,62.529045,62.776314,62.529045,62.687298,5072
2026-01-28 21:00:00,1,0.42238953359613113,0.5776104664038688,Hold,62.677406,62.87522,62.627953,62.805984,4149
2026-01-28 23:00:00,1,0.4253961851505972,0.5746038148494028,Hold,62.805984,63.132378,62.58839,62.687298,5233
2026-01-29 00:00:00,1,0.41454738102941874,0.5854526189705813,Hold,62.697186,62.974125,62.61806,62.845547,2293
2026-01-29 01:00:00,0,0.43338025469400304,0.5666197453059969,Hold,62.835655,63.132378,62.73675,63.122486,4724
2026-01-29 02:00:00,0,0.44752810902084506,0.552471890979155,Hold,63.122486,63.359863,62.944454,63.3203,4236
2026-01-29 03:00:00,1,0.4593562296114573,0.5406437703885427,Hold,63.330193,63.399426,63.221394,63.369755,2797
2026-01-29 04:00:00,0,0.48096130367148177,0.5190386963285183,Hold,63.369755,63.67637,63.34997,63.617023,3830
2026-01-29 05:00:00,1,0.5043935072158855,0.4956064927841145,Buy,63.617023,63.617023,63.3203,63.4291,2819
2026-01-29 06:00:00,1,0.5217374630439363,0.4782625369560637,Buy,63.4291,63.775272,63.3203,63.488445,4251
2026-01-29 07:00:00,1,0.5437659126448251,0.4562340873551749,Buy,63.488445,63.696148,63.330193,63.379646,5117
2026-01-29 08:00:00,1,0.5357780244129021,0.4642219755870979,Buy,63.379646,63.963196,63.34997,63.913742,9979
2026-01-29 09:00:00,0,0.5402983676250975,0.45970163237490247,Buy,63.923634,64.37861,63.656586,64.14123,12702
2026-01-29 10:00:00,1,0.5437809310511856,0.45621906894881437,Buy,64.14123,64.16101,63.617023,64.022545,11023
2026-01-29 11:00:00,1,0.5462357570034924,0.45376424299650764,Buy,64.01265,64.210464,63.666477,64.022545,7811
2026-01-29 12:00:00,1,0.5439577332693494,0.4560422667306506,Buy,64.01265,64.1709,63.88407,63.98298,8499
2026-01-29 13:00:00,1,0.5334373390060699,0.46656266099393007,Buy,63.98298,64.912704,63.913742,64.73467,24956
2026-01-29 14:00:00,0,0.5387224196817005,0.46127758031829946,Buy,64.74456,65.75342,64.68522,65.40724,55777
2026-01-29 15:00:00,0,0.5107653360287627,0.48923466397123727,Buy,65.40724,65.46658,63.933525,64.71489,64690
2026-01-29 16:00:00,0,0.4745553833351453,0.5254446166648548,Hold,64.71489,65.031395,64.1709,64.52697,32500
2026-01-29 17:00:00,0,0.4581419309785789,0.5418580690214211,Hold,64.53686,64.96216,64.358826,64.78413,25965
2026-01-29 18:00:00,0,0.42166860452363303,0.5783313954763669,Hold,64.77424,64.873146,64.19068,64.40828,19307
2026-01-29 19:00:00,0,0.4129502591930599,0.5870497408069402,Hold,64.41817,64.873146,64.358826,64.665436,23224
2026-01-29 20:00:00,0,0.4084646177147645,0.5915353822852355,Hold,64.65555,65.20943,64.635765,64.76434,10229
2026-01-29 21:00:00,0,0.40336672030165927,0.5966332796983407,Hold,64.754456,64.80391,64.50719,64.794014,4432
2026-01-29 23:00:00,0,0.40680382366437795,0.593196176335622,Hold,64.80391,65.150085,64.665436,64.873146,2088
2026-01-30 00:00:00,0,0.405766407881645,0.594233592118355,Hold,64.86325,64.98194,63.399426,64.64565,8266
2026-01-30 01:00:00,0,0.3905003904062356,0.6094996095937644,Hold,64.64565,64.85336,63.973087,64.0621,8534
2026-01-30 02:00:00,0,0.40186771414199696,0.598132285858003,Hold,64.08189,64.12145,62.944454,63.7456,13295
2026-01-30 03:00:00,0,0.4569151211961313,0.5430848788038687,Hold,63.755493,63.775272,63.409317,63.537895,3334
2026-01-30 04:00:00,0,0.48076667972056236,0.5192333202794377,Hold,63.537895,63.73571,63.528008,63.626915,2779
2026-01-30 05:00:00,0,0.49399359516235725,0.5060064048376427,Hold,63.617023,64.03243,63.537895,63.775272,4724
2026-01-30 06:00:00,1,0.5232884744613544,0.4767115255386456,Buy,63.765385,63.785164,63.28074,63.3203,3720
2026-01-30 07:00:00,1,0.5218543514690425,0.47814564853095753,Buy,63.340084,63.686256,63.31041,63.45877,5052
2026-01-30 08:00:00,1,0.5222168079942376,0.47778319200576236,Buy,63.44888,63.99287,63.389538,63.804947,10814
2026-01-30 09:00:00,1,0.519111855794227,0.48088814420577297,Buy,63.795055,64.3885,63.775272,63.973087,10969
2026-01-30 10:00:00,1,0.5254396317221497,0.4745603682778503,Buy,63.973087,64.1709,63.518116,63.923634,9596
2026-01-30 11:00:00,0,0.5274986083959373,0.4725013916040627,Buy,63.923634,64.358826,63.59724,64.30937,17171
2026-01-30 12:00:00,0,0.5312910862688499,0.4687089137311501,Buy,64.30937,64.64565,64.16101,64.52697,9346
2026-01-30 13:00:00,0,0.5316908551384945,0.46830914486150554,Buy,64.53686,64.724785,64.20058,64.5962,13813
2026-01-30 14:00:00,0,0.524929034550255,0.47507096544974503,Buy,64.58631,65.19954,64.56653,64.972046,28247
2026-01-30 15:00:00,0,0.5006841367260919,0.4993158632739081,Buy,64.972046,65.07095,64.57642,64.89292,18231
2026-01-30 16:00:00,0,0.48029852019216007,0.5197014798078399,Hold,64.90282,65.38746,64.73467,64.972046,23211
2026-01-30 17:00:00,1,0.45871135799249774,0.5412886420075023,Hold,64.972046,65.12041,63.636803,63.824726,42667
2026-01-30 18:00:00,0,0.4174103435958059,0.5825896564041941,Hold,63.824726,64.072,63.478554,63.98298,22587
2026-01-30 19:00:00,0,0.4299832325269532,0.5700167674730467,Hold,63.99287,64.96216,63.963196,64.85336,24953
2026-01-30 20:00:00,0,0.4353347642086179,0.5646652357913822,Hold,64.85336,65.19954,64.83358,65.05118,9516
2026-01-30 21:00:00,0,0.4357360607030183,0.5642639392969817,Hold,65.05118,65.150085,64.972046,65.0215,3424
2026-02-01 23:00:00,0,0.36026867819078134,0.6397313218092187,Hold,64.01265,64.03243,62.281776,62.5785,15988
2026-02-02 00:00:00,0,0.3145845017522079,0.685415498247792,Hold,62.58839,63.102707,62.568607,63.0038,3896
2026-02-02 01:00:00,0,0.358768927956128,0.641231072043872,Hold,63.01369,63.02358,61.925713,62.34112,16601
2026-02-02 02:00:00,0,0.40193737549570846,0.5980626245042915,Hold,62.34112,62.430138,61.63888,61.75757,5886
2026-02-02 03:00:00,0,0.4468910743921031,0.5531089256078969,Hold,61.74768,61.965275,61.59932,61.60921,5741
2026-02-02 04:00:00,0,0.4739072759775993,0.5260927240224007,Hold,61.6191,61.648773,61.431175,61.500412,4009
2026-02-02 05:00:00,0,0.5019919913727457,0.49800800862725425,Buy,61.500412,61.52019,60.75861,60.92675,10513
2026-02-02 06:00:00,0,0.5236020911262111,0.47639790887378886,Buy,60.92675,61.193798,60.78828,60.995987,6468
2026-02-02 07:00:00,0,0.5388016109228106,0.46119838907718935,Buy,60.986095,61.569645,60.986095,61.233364,10300
2026-02-02 08:00:00,0,0.5457327747376546,0.4542672252623454,Buy,61.24325,61.688335,60.986095,60.986095,13012
2026-02-02 09:00:00,0,0.5507031446846572,0.4492968553153428,Buy,60.995987,61.45096,60.719048,61.431175,13501
2026-02-02 10:00:00,0,0.5445363983983152,0.45546360160168475,Buy,61.421288,61.59932,61.07511,61.233364,9181
2026-02-02 11:00:00,0,0.5459960325894727,0.4540039674105273,Buy,61.223473,61.34216,60.93664,61.18391,6360
2026-02-02 12:00:00,0,0.5459035596159854,0.45409644038401464,Buy,61.18391,61.6191,61.18391,61.441067,8630
2026-02-02 13:00:00,0,0.5481319826431535,0.45186801735684645,Buy,61.441067,61.441067,60.90697,61.431175,16490
2026-02-02 14:00:00,0,0.5512936259310476,0.4487063740689524,Buy,61.441067,61.87626,61.31249,61.38172,26074
2026-02-02 15:00:00,0,0.5146306949163216,0.48536930508367837,Buy,61.38172,61.88615,61.114674,61.272926,33652
2026-02-02 16:00:00,0,0.47873926641429554,0.5212607335857045,Hold,61.263035,61.530083,61.07511,61.292706,20719
2026-02-02 17:00:00,0,0.46571525188464247,0.5342847481153575,Hold,61.282818,61.302597,60.986095,61.094894,11029
2026-02-02 18:00:00,0,0.4168055892360987,0.5831944107639013,Hold,61.085003,61.401505,60.867405,61.05533,10378
2026-02-02 19:00:00,0,0.3831238384024815,0.6168761615975185,Hold,61.04544,61.539974,60.90697,61.371834,18595
2026-02-02 20:00:00,0,0.365570030767705,0.634429969232295,Hold,61.38172,61.6191,61.35205,61.569645,4239
2026-02-02 21:00:00,0,0.3591782470734314,0.6408217529265686,Hold,61.569645,61.688335,61.48063,61.648773,2106
2026-02-02 23:00:00,0,0.3612814769146135,0.6387185230853865,Hold,61.59932,61.60921,61.114674,61.263035,2283
2026-02-03 00:00:00,0,0.34790574020008497,0.6520942597999151,Hold,61.263035,61.371834,61.21358,61.302597,1098
2026-02-03 01:00:00,0,0.3804731984577601,0.6195268015422399,Hold,61.32238,61.77735,61.302597,61.668552,4038
2026-02-03 02:00:00,0,0.430420384385142,0.569579615614858,Hold,61.668552,61.698227,60.877296,61.085003,5078
2026-02-03 03:00:00,0,0.46960536487056004,0.53039463512944,Hold,61.06522,61.32238,60.93664,61.253143,2398
2026-02-03 04:00:00,0,0.4936233263069717,0.5063766736930283,Hold,61.253143,61.34216,61.144344,61.233364,1247
2026-02-03 05:00:00,0,0.5219658162480153,0.4780341837519847,Buy,61.24325,61.292706,61.124565,61.193798,1467
2026-02-03 06:00:00,0,0.5470675929938388,0.4529324070061612,Buy,61.193798,61.24325,61.07511,61.164127,1634
2026-02-03 07:00:00,0,0.5634500158928664,0.43654998410713364,Buy,61.144344,61.38172,61.04544,61.233364,3626
2026-02-03 08:00:00,0,0.5701946798952636,0.4298053201047364,Buy,61.24325,61.48063,60.669594,60.946533,10387
2026-02-03 09:00:00,1,0.5639503909668072,0.4360496090331928,Buy,60.946533,61.193798,60.451996,61.05533,11355
2026-02-03 10:00:00,0,0.5597694724010158,0.4402305275989842,Buy,61.06522,61.658665,61.06522,61.539974,7796
2026-02-03 11:00:00,1,0.5554268545304195,0.4445731454695805,Buy,61.539974,61.718006,61.421288,61.668552,6298
2026-02-03 12:00:00,1,0.5542457834485588,0.4457542165514412,Buy,61.668552,61.90593,61.530083,61.87626,7837
2026-02-03 13:00:00,1,0.5411375024286386,0.45886249757136144,Buy,61.87626,62.02462,61.668552,61.91582,10576
2026-02-03 14:00:00,1,0.5398441152117147,0.4601558847882853,Buy,61.91582,62.44003,61.708115,62.05429,24517
2026-02-03 15:00:00,1,0.5108928094125247,0.4891071905874753,Buy,62.0444,62.281776,61.836697,62.05429,16430
2026-02-03 16:00:00,1,0.4833013009103403,0.5166986990896597,Hold,62.05429,62.31145,61.836697,61.985058,22939
2026-02-03 17:00:00,0,0.44900052109044425,0.5509994789095558,Hold,61.985058,63.04336,61.836697,62.44992,48073
2026-02-03 18:00:00,1,0.4136637139173814,0.5863362860826187,Hold,62.44992,62.667515,61.91582,62.400467,19374
2026-02-03 19:00:00,0,0.39142784235093264,0.6085721576490674,Hold,62.400467,62.87522,62.01473,62.7862,20202
2026-02-03 20:00:00,0,0.3804471080329006,0.6195528919670994,Hold,62.776314,63.508224,62.766422,63.379646,10572
2026-02-03 21:00:00,0,0.3762990987159522,0.6237009012840478,Hold,63.389538,63.44888,62.845547,63.201614,6413
2026-02-03 23:00:00,0,0.3743513526659872,0.6256486473340128,Hold,63.102707,63.14227,62.934563,63.063145,1314
2026-02-04 00:00:00,0,0.3818676388946104,0.6181323611053896,Hold,63.053253,63.201614,63.02358,63.063145,1014
2026-02-04 01:00:00,0,0.40516793854862787,0.5948320614513721,Hold,63.073032,63.468662,62.776314,63.34997,4702
2026-02-04 02:00:00,0,0.45389876452413647,0.5461012354758635,Hold,63.34997,63.43899,62.845547,62.964237,3441
2026-02-04 03:00:00,0,0.4845342618341543,0.5154657381658456,Hold,62.964237,63.18183,62.88511,63.14227,1982
2026-02-04 04:00:00,0,0.5045811789794966,0.4954188210205034,Buy,63.14227,63.201614,63.073032,63.14227,890
2026-02-04 05:00:00,0,0.5335959801936009,0.4664040198063991,Buy,63.14227,63.16205,63.04336,63.053253,1214
2026-02-04 06:00:00,0,0.5509021992428936,0.44909780075710637,Buy,63.053253,63.132378,62.934563,63.03347,1496
2026-02-04 07:00:00,0,0.567142317431244,0.432857682568756,Buy,63.04336,63.1126,62.568607,62.667515,4878
2026-02-04 08:00:00,0,0.554245956785109,0.445754043214891,Buy,62.667515,63.0038,62.261997,62.47959,8853
2026-02-04 09:00:00,0,0.5566300670794581,0.44336993292054194,Buy,62.47959,63.082924,62.390575,63.04336,7624
2026-02-04 10:00:00,0,0.5526460916959434,0.44735390830405664,Buy,63.03347,63.092815,62.74664,62.835655,4665
2026-02-04 11:00:00,1,0.5515727372818503,0.4484272627181497,Buy,62.835655,62.835655,62.568607,62.61806,4390
2026-02-04 12:00:00,0,0.5469682691039992,0.4530317308960008,Buy,62.60817,62.914783,62.538937,62.707077,5190
2026-02-04 13:00:00,1,0.5423431384479694,0.45765686155203056,Buy,62.707077,62.796093,62.17298,62.202652,11088
2026-02-04 14:00:00,1,0.5380801059329767,0.4619198940670233,Buy,62.212543,62.805984,62.17298,62.5785,18877
2026-02-04 15:00:00,1,0.5035162759317059,0.4964837240682941,Buy,62.558716,62.944454,62.34112,62.61806,19844
2026-02-04 16:00:00,1,0.467975151840888,0.532024848159112,Hold,62.627953,62.87522,62.291668,62.845547,14034
2026-02-04 17:00:00,0,0.4534876998740327,0.5465123001259673,Hold,62.835655,64.8138,62.796093,64.41817,63284
2026-02-04 18:00:00,0,0.420919215023195,0.5790807849768049,Hold,64.42806,64.67533,63.933525,64.34894,29415
2026-02-04 19:00:00,0,0.38885607335766914,0.6111439266423309,Hold,64.329155,64.74456,62.934563,63.528008,48367
2026-02-04 20:00:00,0,0.36661686093748347,0.6333831390625165,Hold,63.537895,63.923634,63.468662,63.607132,6573
2026-02-04 21:00:00,0,0.34124645981678436,0.6587535401832156,Hold,63.617023,63.84451,63.55768,63.765385,2439
2026-02-04 23:00:00,0,0.33249757550877174,0.6675024244912282,Hold,63.785164,63.943417,63.31041,63.71593,2152
2026-02-05 00:00:00,0,0.3224219967184235,0.6775780032815766,Hold,63.70604,63.923634,63.636803,63.686256,1599
2026-02-05 01:00:00,0,0.3554055093923467,0.6445944906076533,Hold,63.686256,63.81484,63.379646,63.379646,5089
2026-02-05 02:00:00,0,0.4003469725859461,0.5996530274140539,Hold,63.389538,63.4291,62.895,62.993908,7465
2026-02-05 03:00:00,0,0.4405999963378907,0.5594000036621093,Hold,63.0038,63.29063,62.7862,63.14227,3779
2026-02-05 04:00:00,0,0.4639153268168003,0.5360846731831996,Hold,63.14227,63.191723,62.974125,63.082924,1519
2026-02-05 05:00:00,0,0.5026631567558819,0.4973368432441181,Buy,63.063145,63.18183,62.904892,63.0038,2136
2026-02-05 06:00:00,0,0.5027065043743704,0.49729349562562963,Buy,63.0038,63.260956,62.993908,63.16205,1492
2026-02-05 07:00:00,0,0.5175600040051052,0.48243999599489484,Buy,63.18183,63.41921,63.102707,63.330193,3859
2026-02-05 08:00:00,0,0.5256271626123319,0.4743728373876681,Buy,63.330193,63.547787,63.25107,63.41921,5406
2026-02-05 09:00:00,0,0.5311310190277985,0.46886898097220153,Buy,63.41921,63.70604,63.260956,63.488445,6403
2026-02-05 10:00:00,0,0.5376134167917982,0.4623865832082018,Buy,63.478554,63.71593,63.41921,63.44888,4930
2026-02-05 11:00:00,0,0.5342472050951859,0.46575279490481414,Buy,63.43899,63.84451,63.369755,63.84451,7326
2026-02-05 12:00:00,0,0.5508438824097001,0.44915611759029994,Buy,63.8544,63.963196,62.88511,63.122486,13258
2026-02-05 13:00:00,0,0.5415967259175027,0.45840327408249726,Buy,63.1126,63.31041,62.538937,62.657623,16501
2026-02-05 14:00:00,0,0.5347670763881825,0.46523292361181745,Buy,62.667515,62.984016,62.33123,62.86533,26614
2026-02-05 15:00:00,0,0.515242407720009,0.48475759227999105,Buy,62.85544,62.895,61.965275,62.33123,23228
2026-02-05 16:00:00,0,0.46366771176550253,0.5363322882344974,Hold,62.34112,62.895,62.074074,62.88511,20449
2026-02-05 17:00:00,0,0.44736801005043897,0.5526319899495611,Hold,62.895,63.17194,62.687298,62.904892,11735
2026-02-05 18:00:00,0,0.4154074816950598,0.5845925183049402,Hold,62.895,62.993908,62.60817,62.687298,9613
2026-02-05 19:00:00,0,0.39499867394421434,0.6050013260557856,Hold,62.687298,62.7862,62.242214,62.499374,19610
2026-02-05 20:00:00,0,0.36512058720082535,0.6348794127991746,Hold,62.499374,62.75653,62.4697,62.58839,3757
2026-02-05 21:00:00,0,0.3686672794847878,0.6313327205152122,Hold,62.5785,62.61806,62.32134,62.430138,2936
2026-02-05 23:00:00,1,0.35430079641006323,0.6456992035899367,Hold,62.410355,62.44992,62.004837,62.133415,1557
2026-02-06 00:00:00,1,0.37596432306434596,0.6240356769356541,Hold,62.123528,62.31145,61.62899,62.212543,4624
2026-02-06 01:00:00,1,0.39712744884555806,0.6028725511544419,Hold,62.232323,62.430138,61.925713,62.351013,5134
2026-02-06 02:00:00,0,0.41453956411205223,0.5854604358879478,Hold,62.360905,63.15216,62.32134,62.657623,7475
2026-02-06 03:00:00,0,0.4547944066031635,0.5452055933968365,Hold,62.637844,62.924675,62.627953,62.914783,1672
2026-02-06 04:00:00,0,0.48315750958872045,0.5168424904112796,Hold,62.904892,63.03347,62.895,62.944454,1292
2026-02-06 05:00:00,0,0.502802653367491,0.49719734663250903,Buy,62.954346,63.56757,62.914783,63.389538,4564
2026-02-06 06:00:00,0,0.524843820429318,0.475156179570682,Buy,63.399426,63.646694,63.28074,63.389538,4107
2026-02-06 07:00:00,0,0.531178436544425,0.468821563455575,Buy,63.379646,63.56757,63.3203,63.478554,3874
2026-02-06 08:00:00,0,0.5397930707255463,0.4602069292744537,Buy,63.488445,63.498333,62.954346,63.379646,10792
2026-02-06 09:00:00,0,0.5405214847325014,0.4594785152674986,Buy,63.389538,63.87418,63.201614,63.488445,21487
2026-02-06 10:00:00,0,0.5506783301334452,0.44932166986655475,Buy,63.478554,63.488445,62.5785,62.707077,9842
2026-02-06 11:00:00,0,0.5526432126370652,0.4473567873629348,Buy,62.71697,62.944454,62.123528,62.529045,13515
2026-02-06 12:00:00,0,0.5548406471908035,0.4451593528091965,Buy,62.529045,62.538937,61.975166,62.33123,10969
2026-02-06 13:00:00,1,0.5521941321517061,0.4478058678482939,Buy,62.32134,62.924675,61.52019,61.708115,31654
2026-02-06 14:00:00,0,0.5244262102499382,0.4755737897500618,Buy,61.688335,62.954346,61.579536,62.835655,30046
2026-02-06 15:00:00,0,0.5036514847042555,0.49634851529574453,Buy,62.845547,63.478554,62.776314,63.330193,29286
2026-02-06 16:00:00,0,0.4769916028099447,0.5230083971900553,Hold,63.330193,63.547787,63.102707,63.45877,13947
2026-02-06 17:00:00,0,0.45439078702090524,0.5456092129790948,Hold,63.45877,63.686256,63.389538,63.58735,11771
2026-02-06 18:00:00,0,0.43023998812136593,0.5697600118786341,Hold,63.59724,63.666477,63.132378,63.28074,15775
2026-02-06 19:00:00,0,0.4173610018213882,0.5826389981786118,Hold,63.29063,63.29063,62.687298,62.71697,21425
2026-02-06 20:00:00,0,0.3943887630033999,0.6056112369966,Hold,62.71697,62.805984,62.5785,62.776314,5501
2026-02-06 21:00:00,0,0.38482743756961724,0.6151725624303828,Hold,62.7862,62.85544,62.64773,62.805984,3165
2026-02-08 23:00:00,0,0.3458872866259247,0.6541127133740753,Hold,62.30156,62.489483,61.935604,62.261997,5933
2026-02-09 00:00:00,0,0.32105757832711584,0.6789424216728841,Hold,62.261997,62.47959,62.18287,62.420246,1278
2026-02-09 01:00:00,0,0.35175129647118025,0.6482487035288198,Hold,62.420246,62.598278,62.360905,62.529045,2094
2026-02-09 02:00:00,0,0.39108332609457086,0.6089166739054291,Hold,62.529045,62.60817,62.16309,62.271885,2520
2026-02-09 03:00:00,0,0.43425302454596293,0.5657469754540371,Hold,62.271885,62.370792,62.202652,62.291668,1367
2026-02-09 04:00:00,0,0.4620652889664552,0.5379347110335448,Hold,62.291668,62.33123,62.19276,62.261997,944
2026-02-09 05:00:00,1,0.48833748692397877,0.5116625130760213,Hold,62.252106,62.32134,62.08396,62.212543,1534
2026-02-09 06:00:00,1,0.5081139325658642,0.49188606743413577,Buy,62.19276,62.291668,62.113636,62.19276,1336
2026-02-09 07:00:00,1,0.5246084799189658,0.47539152008103425,Buy,62.18287,62.202652,61.994946,62.0444,3179
2026-02-09 08:00:00,1,0.5252490342732076,0.47475096572679243,Buy,62.05429,62.44003,62.0444,62.212543,5610
2026-02-09 09:00:00,1,0.5300917482695204,0.46990825173047956,Buy,62.222435,62.529045,62.064182,62.212543,6113
2026-02-09 10:00:00,0,0.5283258939022151,0.47167410609778493,Buy,62.212543,63.191723,62.16309,63.17194,9597
2026-02-09 11:00:00,0,0.5346871322750939,0.4653128677249061,Buy,63.16205,63.17194,62.815876,63.132378,5510
2026-02-09 12:00:00,0,0.5314271393304117,0.46857286066958825,Buy,63.14227,63.221394,62.984016,63.04336,3836
2026-02-09 13:00:00,1,0.5243934637111761,0.4756065362888239,Buy,63.04336,63.053253,62.499374,62.538937,8597
2026-02-09 14:00:00,0,0.514268933770249,0.48573106622975104,Buy,62.529045,63.617023,62.370792,63.369755,22188
2026-02-09 15:00:00,0,0.47867446185070023,0.5213255381492998,Hold,63.359863,63.528008,63.25107,63.468662,12000
2026-02-09 16:00:00,0,0.4511141400255679,0.5488858599744322,Hold,63.468662,64.1709,63.359863,64.14123,16180
2026-02-09 17:00:00,0,0.429306029632407,0.5706939703675931,Hold,64.14123,64.1709,63.84451,64.052216,9344
2026-02-09 18:00:00,0,0.3954242987417904,0.6045757012582096,Hold,64.072,64.072,63.686256,63.795055,8717
2026-02-09 19:00:00,0,0.37798117054634456,0.6220188294536555,Hold,63.785164,63.804947,63.498333,63.547787,14631
2026-02-09 20:00:00,0,0.36596581507998827,0.6340341849200117,Hold,63.55768,63.636803,63.508224,63.58735,2703
2026-02-09 21:00:00,0,0.36228531031221595,0.6377146896877841,Hold,63.59724,63.765385,63.59724,63.71593,1993
2026-02-09 23:00:00,0,0.36780762311264353,0.6321923768873565,Hold,63.73571,63.795055,63.607132,63.70604,876
2026-02-10 00:00:00,0,0.38569885541517585,0.6143011445848241,Hold,63.696148,63.696148,63.55768,63.607132,648
2026-02-10 01:00:00,0,0.4217386004033857,0.5782613995966144,Hold,63.607132,63.636803,63.17194,63.57746,3680
2026-02-10 02:00:00,0,0.452083178999995,0.5479168210000049,Hold,63.58735,63.656586,63.498333,63.58735,1191
2026-02-10 03:00:00,0,0.4846347812554718,0.5153652187445281,Hold,63.58735,63.607132,63.379646,63.498333,2001
2026-02-10 04:00:00,0,0.49860684724903487,0.5013931527509652,Hold,63.488445,63.547787,63.44888,63.498333,935
2026-02-10 05:00:00,0,0.5061739066580879,0.4938260933419121,Buy,63.498333,63.56757,63.369755,63.389538,1660
2026-02-10 06:00:00,0,0.5385221787138676,0.46147782128613235,Buy,63.389538,63.72582,63.369755,63.656586,2566
2026-02-10 07:00:00,0,0.5656016123061126,0.4343983876938874,Buy,63.656586,63.72582,63.488445,63.617023,2719
2026-02-10 08:00:00,0,0.5616216065924543,0.4383783934075457,Buy,63.59724,63.923634,63.379646,63.903854,5963
2026-02-10 09:00:00,0,0.5591106574543122,0.4408893425456878,Buy,63.903854,63.98298,63.41921,63.4291,5739
2026-02-10 10:00:00,0,0.5681069371146865,0.4318930628853135,Buy,63.43899,63.765385,63.3203,63.636803,5267
2026-02-10 11:00:00,0,0.5677883120921552,0.4322116879078448,Buy,63.636803,63.95331,63.58735,63.88407,4562
2026-02-10 12:00:00,0,0.576761371658002,0.423238628341998,Buy,63.88407,63.893963,63.547787,63.7456,4499
2026-02-10 13:00:00,0,0.5631008961185768,0.43689910388142317,Buy,63.7456,64.00276,63.666477,63.804947,6787
2026-02-10 14:00:00,0,0.5776455358639025,0.42235446413609745,Buy,63.804947,63.963196,63.4291,63.804947,16361
2026-02-10 15:00:00,0,0.5343924178007168,0.4656075821992832,Buy,63.824726,63.963196,63.41921,63.498333,14070
2026-02-10 16:00:00,0,0.49774268187477866,0.5022573181252213,Hold,63.488445,63.498333,63.082924,63.28074,14018
2026-02-10 17:00:00,0,0.46632487998440264,0.5336751200155974,Hold,63.270847,63.58735,63.17194,63.369755,8394
2026-02-10 18:00:00,0,0.42004837639788417,0.5799516236021158,Hold,63.369755,63.379646,62.954346,63.14227,15806
2026-02-10 19:00:00,0,0.39132631174616017,0.6086736882538398,Hold,63.14227,63.498333,63.092815,63.43899,12866
2026-02-10 20:00:00,0,0.37159107990219215,0.6284089200978078,Hold,63.43899,63.7456,63.3203,63.59724,8920
2026-02-10 21:00:00,0,0.37258972900164095,0.6274102709983591,Hold,63.607132,63.617023,63.4291,63.498333,3256
2026-02-10 23:00:00,0,0.3728038134026881,0.6271961865973119,Hold,63.498333,63.636803,63.44888,63.607132,969
2026-02-11 00:00:00,0,0.3677673242901272,0.6322326757098728,Hold,63.617023,63.636803,63.518116,63.537895,610
2026-02-11 01:00:00,0,0.39833913743957744,0.6016608625604225,Hold,63.547787,63.686256,63.468662,63.646694,1630
2026-02-11 02:00:00,0,0.4655164512446784,0.5344835487553217,Hold,63.646694,63.923634,63.626915,63.834618,2260
2026-02-11 03:00:00,0,0.500613734945684,0.49938626505431605,Buy,63.834618,63.864292,63.7456,63.804947,1226
2026-02-11 04:00:00,0,0.5169245164535652,0.4830754835464348,Buy,63.804947,63.824726,63.70604,63.71593,718
2026-02-11 05:00:00,1,0.5281933078887656,0.4718066921112344,Buy,63.71593,63.73571,63.59724,63.646694,2032
2026-02-11 06:00:00,1,0.5566742127560907,0.44332578724390925,Buy,63.656586,63.7456,63.636803,63.73571,1372
2026-02-11 07:00:00,1,0.5718863750613009,0.4281136249386991,Buy,63.7456,63.98298,63.67637,63.824726,3468
2026-02-11 08:00:00,1,0.5761805364000888,0.4238194635999112,Buy,63.824726,64.240135,63.824726,64.08189,7179
2026-02-11 09:00:00,1,0.574209699068238,0.42579030093176196,Buy,64.08189,64.269806,64.01265,64.13134,3923
2026-02-11 10:00:00,1,0.5721093719337477,0.42789062806625233,Buy,64.12145,64.22035,64.022545,64.19068,3602
2026-02-11 11:00:00,0,0.552654480335018,0.44734551966498204,Buy,64.19068,64.705,64.16101,64.665436,6717
2026-02-11 12:00:00,0,0.5549572828847268,0.4450427171152732,Buy,64.67533,64.77424,64.210464,64.71489,9376
2026-02-11 13:00:00,0,0.5507053592760958,0.44929464072390424,Buy,64.705,64.85336,64.53686,64.74456,11172
2026-02-11 14:00:00,0,0.5434536048401621,0.45654639515983786,Buy,64.74456,65.11052,64.71489,64.84347,16368
2026-02-11 15:00:00,0,0.5130204608559876,0.4869795391440124,Buy,64.84347,64.86325,64.072,64.25992,20762
2026-02-11 16:00:00,0,0.48263179372629056,0.5173682062737095,Hold,64.25992,64.58631,64.11156,64.358826,14099
2026-02-11 17:00:00,0,0.4662344371481805,0.5337655628518194,Hold,64.358826,64.43795,64.052216,64.16101,11515
2026-02-11 18:00:00,0,0.411134828717026,0.588865171282974,Hold,64.15112,64.41817,63.73571,63.973087,14644
2026-02-11 19:00:00,0,0.37860720315703505,0.6213927968429649,Hold,63.973087,64.39839,63.785164,64.16101,29127
2026-02-11 20:00:00,0,0.35765158888749066,0.6423484111125093,Hold,64.16101,64.329155,64.13134,64.28959,3677
2026-02-11 21:00:00,0,0.35847650390963814,0.6415234960903619,Hold,64.299484,64.329155,64.18079,64.18079,1423
2026-02-11 23:00:00,0,0.34772132576250653,0.6522786742374935,Hold,64.16101,64.23025,64.091774,64.19068,792
2026-02-12 00:00:00,0,0.34373209871723315,0.6562679012827668,Hold,64.20058,64.299484,64.20058,64.25992,644
2026-02-12 01:00:00,0,0.37552497897106313,0.6244750210289369,Hold,64.25992,64.31926,64.072,64.18079,2126
2026-02-12 02:00:00,0,0.40949319782682025,0.5905068021731797,Hold,64.19068,64.240135,64.11156,64.20058,1105
2026-02-12 03:00:00,0,0.4587999376981172,0.5412000623018828,Hold,64.20058,64.30937,64.16101,64.2797,1065
2026-02-12 04:00:00,0,0.490884043037904,0.509115956962096,Hold,64.25992,64.3885,64.240135,64.269806,1022
2026-02-12 05:00:00,0,0.5116294940896595,0.4883705059103405,Buy,64.269806,64.2797,63.99287,64.20058,2247
2026-02-12 06:00:00,0,0.5322137592244868,0.46778624077551323,Buy,64.210464,64.22035,63.933525,64.12145,1718
2026-02-12 07:00:00,0,0.5590015712470815,0.4409984287529185,Buy,64.10167,64.20058,64.022545,64.13134,2106
2026-02-12 08:00:00,0,0.5583535638137432,0.44164643618625676,Buy,64.14123,64.33904,63.98298,64.269806,4778
2026-02-12 09:00:00,0,0.5686685394958,0.4313314605042,Buy,64.2797,64.33904,63.646694,63.765385,7529
2026-02-12 10:00:00,0,0.5680764430520795,0.4319235569479205,Buy,63.765385,63.81484,63.478554,63.72582,5094
2026-02-12 11:00:00,0,0.5727835520872243,0.4272164479127757,Buy,63.73571,63.943417,63.59724,63.795055,3817
2026-02-12 12:00:00,0,0.5689310021725524,0.43106899782744756,Buy,63.804947,63.923634,63.656586,63.71593,5009
2026-02-12 13:00:00,0,0.5567931602298312,0.44320683977016884,Buy,63.71593,63.903854,63.260956,63.537895,11782
2026-02-12 14:00:00,0,0.5598809069558165,0.4401190930441835,Buy,63.547787,63.70604,63.201614,63.260956,13224
2026-02-12 15:00:00,0,0.5199963675701428,0.4800036324298572,Buy,63.260956,63.41921,62.825768,62.924675,19486
2026-02-12 16:00:00,0,0.4749243056581287,0.5250756943418713,Hold,62.924675,62.964237,62.02462,62.08396,30979
2026-02-12 17:00:00,0,0.4485820358578267,0.5514179641421733,Hold,62.08396,62.252106,61.856476,61.94549,15786
2026-02-12 18:00:00,0,0.4031344599345897,0.5968655400654104,Hold,61.94549,62.103745,61.90593,61.985058,12218
2026-02-12 19:00:00,0,0.38115058680605113,0.6188494131939488,Hold,61.975166,62.380684,61.708115,62.261997,25847
2026-02-12 20:00:00,0,0.35946941893074785,0.6405305810692521,Hold,62.261997,62.271885,62.133415,62.242214,2898
2026-02-12 21:00:00,0,0.36026520696826686,0.6397347930317332,Hold,62.232323,62.30156,62.143307,62.222435,1872
2026-02-12 23:00:00,0,0.3464385055058228,0.6535614944941772,Hold,62.30156,62.30156,62.113636,62.16309,953
2026-02-13 00:00:00,0,0.3628761428067003,0.6371238571932998,Hold,62.17298,62.291668,62.123528,62.18287,832
2026-02-13 01:00:00,0,0.39211600519049383,0.6078839948095062,Hold,62.18287,62.32134,62.074074,62.16309,3075
2026-02-13 02:00:00,0,0.411935732349367,0.588064267650633,Hold,62.17298,62.212543,62.02462,62.093853,1765
2026-02-13 03:00:00,0,0.4557880692837575,0.5442119307162425,Hold,62.08396,62.133415,61.975166,62.01473,1195
2026-02-13 04:00:00,0,0.48413506490925384,0.5158649350907462,Hold,62.02462,62.113636,62.01473,62.074074,762
2026-02-13 05:00:00,1,0.5212260302788242,0.4787739697211758,Buy,62.064182,62.08396,61.91582,61.935604,1198
2026-02-13 06:00:00,0,0.536816382037858,0.463183617962142,Buy,61.935604,62.17298,61.925713,62.143307,1154
2026-02-13 07:00:00,1,0.5720039794741765,0.42799602052582353,Buy,62.133415,62.1532,61.975166,61.994946,2277
2026-02-13 08:00:00,0,0.5682754631028066,0.43172453689719337,Buy,62.004837,62.351013,61.856476,62.222435,5200
2026-02-13 09:00:00,0,0.56761452274515,0.43238547725485,Buy,62.232323,62.47959,62.074074,62.410355,4332
2026-02-13 10:00:00,0,0.5632198170244644,0.43678018297553556,Buy,62.420246,62.568607,62.222435,62.4697,4208
2026-02-13 11:00:00,1,0.5805021468813587,0.4194978531186413,Buy,62.45981,62.45981,61.46085,61.708115,14895
2026-02-13 12:00:00,0,0.5792716306603075,0.4207283693396925,Buy,61.708115,61.94549,61.6191,61.896038,6017
2026-02-13 13:00:00,0,0.5604701284671024,0.4395298715328976,Buy,61.90593,62.360905,61.88615,62.271885,7931
2026-02-13 14:00:00,0,0.5761811213330755,0.42381887866692447,Buy,62.281776,62.281776,61.648773,61.985058,14873
2026-02-13 15:00:00,0,0.5346487009642333,0.46535129903576666,Buy,61.994946,62.281776,61.866367,62.02462,11171
2026-02-13 16:00:00,0,0.5097670889439188,0.49023291105608124,Buy,62.01473,62.271885,61.75757,61.975166,10859
2026-02-13 17:00:00,0,0.47939654785045466,0.5206034521495453,Hold,61.975166,62.519154,61.955383,62.420246,8568
2026-02-13 18:00:00,0,0.45162593788980654,0.5483740621101935,Hold,62.430138,62.499374,62.291668,62.32134,6726
2026-02-13 19:00:00,0,0.4327074246616471,0.5672925753383529,Hold,62.33123,62.34112,62.01473,62.01473,13868
2026-02-13 20:00:00,0,0.41726135846170204,0.582738641538298,Hold,62.01473,62.103745,61.698227,62.05429,5364
2026-02-13 21:00:00,0,0.408578763236246,0.591421236763754,Hold,62.05429,62.261997,62.05429,62.123528,1981
2026-02-15 23:00:00,0,0.3768511169408647,0.6231488830591353,Hold,62.60817,62.60817,62.08396,62.212543,1828
2026-02-16 00:00:00,0,0.3840764846453635,0.6159235153546365,Hold,62.212543,62.252106,62.143307,62.17298,324
2026-02-16 01:00:00,0,0.40874551401563475,0.5912544859843653,Hold,62.17298,62.242214,62.143307,62.18287,494
2026-02-16 02:00:00,0,0.45078767602422637,0.5492123239757736,Hold,62.17298,62.271885,62.074074,62.212543,646
2026-02-16 03:00:00,0,0.4914729404187346,0.5085270595812654,Hold,62.212543,62.281776,62.133415,62.222435,931
2026-02-16 04:00:00,0,0.5176644612561924,0.48233553874380763,Buy,62.232323,62.281776,62.19276,62.222435,1059
2026-02-16 05:00:00,0,0.536148572931633,0.463851427068367,Buy,62.232323,62.281776,62.1532,62.18287,431
2026-02-16 06:00:00,0,0.5502517187386211,0.4497482812613789,Buy,62.17298,62.291668,62.143307,62.222435,651
2026-02-16 07:00:00,0,0.580766793165338,0.41923320683466203,Buy,62.212543,62.252106,62.064182,62.093853,1541
2026-02-16 08:00:00,1,0.5872195485123153,0.4127804514876847,Buy,62.103745,62.133415,61.807022,61.87626,2232
2026-02-16 09:00:00,1,0.5886603821450739,0.4113396178549261,Buy,61.87626,62.17298,61.836697,61.84659,2782
2026-02-16 10:00:00,1,0.589159493306986,0.410840506693014,Buy,61.84659,62.360905,61.826805,62.261997,5720
2026-02-16 11:00:00,1,0.5966641716442951,0.4033358283557049,Buy,62.271885,62.360905,62.16309,62.222435,2286
2026-02-16 12:00:00,1,0.5907977914286862,0.40920220857131384,Buy,62.212543,62.420246,62.143307,62.34112,1924
2026-02-16 13:00:00,1,0.563964210057668,0.43603578994233205,Buy,62.34112,62.489483,62.261997,62.400467,2021
2026-02-16 14:00:00,0,0.5580522849800937,0.44194771501990626,Buy,62.370792,62.85544,62.30156,62.766422,5477
2026-02-16 15:00:00,0,0.5106228715523152,0.4893771284476848,Buy,62.766422,62.88511,62.529045,62.845547,4085
2026-02-16 16:00:00,0,0.48691124859139556,0.5130887514086044,Hold,62.85544,63.03347,62.74664,62.835655,4599
2026-02-16 17:00:00,0,0.45541865254202774,0.5445813474579723,Hold,62.835655,63.122486,62.7862,63.1126,3197
2026-02-16 18:00:00,0,0.4244397786710759,0.5755602213289241,Hold,63.102707,63.17194,63.02358,63.073032,2007
2026-02-16 19:00:00,0,0.3946625692362981,0.6053374307637018,Hold,63.082924,63.102707,62.993908,63.03347,1169
2026-02-16 23:00:00,0,0.3910454136093353,0.6089545863906647,Hold,63.053253,63.073032,62.944454,63.053253,451
2026-02-17 00:00:00,0,0.40085447253444534,0.5991455274655546,Hold,63.04336,63.073032,62.954346,62.974125,495
2026-02-17 01:00:00,0,0.4277730790012559,0.5722269209987441,Hold,62.964237,63.073032,62.88511,62.924675,1137
2026-02-17 02:00:00,0,0.47082637737967076,0.5291736226203292,Hold,62.914783,62.984016,62.85544,62.85544,428
2026-02-17 03:00:00,0,0.5048815511634662,0.4951184488365338,Buy,62.85544,62.904892,62.7862,62.85544,643
2026-02-17 04:00:00,0,0.5225504255298579,0.47744957447014214,Buy,62.845547,62.87522,62.75653,62.815876,341
2026-02-17 05:00:00,0,0.5376135124102226,0.4623864875897774,Buy,62.825768,62.825768,62.667515,62.687298,539
2026-02-17 06:00:00,0,0.5599005376260863,0.44009946237391373,Buy,62.687298,62.71697,62.627953,62.64773,1282
2026-02-17 07:00:00,0,0.5732336104598743,0.4267663895401257,Buy,62.657623,62.677406,62.45981,62.509262,1554
2026-02-17 08:00:00,1,0.571163354324462,0.42883664567553803,Buy,62.509262,62.5785,62.291668,62.410355,2854
2026-02-17 09:00:00,1,0.562486294316759,0.437513705683241,Buy,62.400467,62.637844,62.31145,62.598278,2339
2026-02-17 10:00:00,1,0.5748934515490071,0.42510654845099294,Buy,62.598278,62.964237,62.509262,62.944454,4239
2026-02-17 11:00:00,0,0.5867740380552416,0.41322596194475836,Buy,62.934563,63.43899,62.904892,63.15216,11023
2026-02-17 12:00:00,0,0.5974504459842062,0.40254955401579384,Buy,63.16205,63.241177,62.845547,62.914783,5983
2026-02-17 13:00:00,0,0.5580098157576115,0.44199018424238845,Buy,62.914783,62.954346,61.648773,61.76746,24919
2026-02-17 14:00:00,0,0.5443338660261089,0.4556661339738911,Buy,61.75757,62.31145,61.688335,61.807022,14009
2026-02-17 15:00:00,0,0.49966881466601465,0.5003311853339854,Hold,61.807022,62.18287,61.193798,61.35205,14107
2026-02-17 16:00:00,0,0.45453507278236543,0.5454649272176346,Hold,61.35205,61.816914,61.32238,61.688335,10479
2026-02-17 17:00:00,0,0.42916605397228336,0.5708339460277166,Hold,61.688335,61.698227,61.253143,61.530083,6989
2026-02-17 18:00:00,0,0.3853847194888992,0.6146152805111008,Hold,61.539974,61.84659,61.49052,61.718006,7813
2026-02-17 19:00:00,0,0.36389443532406224,0.6361055646759377,Hold,61.718006,61.816914,61.48063,61.579536,12749
2026-02-17 20:00:00,0,0.34148533513699264,0.6585146648630074,Hold,61.579536,61.718006,61.549866,61.569645,4117
2026-02-17 21:00:00,0,0.32226741422649696,0.677732585773503,Hold,61.579536,61.678444,61.510303,61.6191,1656
2026-02-17 23:00:00,0,0.3106375474655158,0.6893624525344841,Hold,61.6191,61.62899,61.441067,61.569645,243
2026-02-18 00:00:00,0,0.29963974829793777,0.7003602517020622,Hold,61.579536,61.668552,61.52019,61.549866,256
2026-02-18 01:00:00,0,0.32364010668849424,0.6763598933115058,Hold,61.549866,61.688335,61.549866,61.648773,362
2026-02-18 02:00:00,0,0.36898348189482266,0.6310165181051773,Hold,61.668552,61.74768,61.6191,61.698227,257
2026-02-18 03:00:00,0,0.41939373780961836,0.5806062621903816,Hold,61.678444,61.836697,61.678444,61.807022,220
2026-02-18 04:00:00,0,0.46164116070602995,0.53835883929397,Hold,61.816914,61.896038,61.816914,61.88615,228
2026-02-18 05:00:00,1,0.4914033932231919,0.5085966067768082,Hold,61.88615,61.896038,61.73779,61.75757,382
2026-02-18 06:00:00,1,0.5216916215142277,0.47830837848577235,Buy,61.75757,61.91582,61.688335,61.75757,332
2026-02-18 07:00:00,1,0.5357334451889896,0.4642665548110104,Buy,61.73779,61.866367,61.727898,61.816914,229
2026-02-18 08:00:00,1,0.5468711847388935,0.4531288152611065,Buy,61.826805,62.05429,61.77735,61.77735,699
2026-02-18 09:00:00,1,0.5687410155473116,0.4312589844526884,Buy,61.77735,62.02462,61.74768,61.826805,695
2026-02-18 10:00:00,1,0.556980943575161,0.44301905642483896,Buy,61.856476,62.44992,61.856476,62.380684,1301
2026-02-18 11:00:00,1,0.5349350737497383,0.46506492625026175,Buy,62.380684,62.974125,62.370792,62.974125,1483
2026-02-18 12:00:00,1,0.5418699957407366,0.4581300042592634,Buy,62.974125,63.488445,62.805984,63.369755,2642
2026-02-18 13:00:00,1,0.5205078439949632,0.4794921560050368,Buy,63.369755,63.44888,63.132378,63.211502,2338
2026-02-18 14:00:00,1,0.5279606860631568,0.4720393139368432,Buy,63.201614,63.84451,63.053253,63.67637,3951
2026-02-18 15:00:00,1,0.4904501855423174,0.5095498144576827,Hold,63.67637,63.71593,63.468662,63.617023,3179
2026-02-18 16:00:00,1,0.46885990126125365,0.5311400987387463,Hold,63.626915,64.091774,63.537895,63.98298,4462
2026-02-18 17:00:00,0,0.44671997330946495,0.5532800266905351,Hold,63.98298,64.43795,63.893963,64.39839,3006
2026-02-18 18:00:00,0,0.4115078833582367,0.5884921166417634,Hold,64.3885,64.517075,64.0621,64.477516,3450
2026-02-18 19:00:00,0,0.3936447931125176,0.6063552068874825,Hold,64.487404,64.73467,64.23025,64.447845,4536
2026-02-18 20:00:00,0,0.38063516385547985,0.6193648361445201,Hold,64.46762,64.84347,64.43795,64.665436,1601
2026-02-18 21:00:00,0,0.37948260747402285,0.6205173925259772,Hold,64.65555,64.71489,64.23025,64.36871,707
2026-02-18 23:00:00,0,0.3703919182615973,0.6296080817384027,Hold,64.3885,64.705,64.1709,64.40828,1241
2026-02-19 00:00:00,0,0.36692748332975045,0.6330725166702496,Hold,64.40828,64.46771,64.29932,64.42809,1287
2026-02-19 01:00:00,0,0.38971272266371565,0.6102872773362844,Hold,64.42809,64.55687,64.30922,64.54696,2268
2026-02-19 02:00:00,1,0.43478067844277596,0.5652193215572241,Hold,64.55687,64.685646,64.50734,64.65593,2792
2026-02-19 03:00:00,1,0.4640067510376358,0.5359932489623642,Hold,64.65593,64.79461,64.636116,64.735176,2191
2026-02-19 04:00:00,1,0.4902914425363869,0.5097085574636131,Hold,64.74508,64.80452,64.537056,64.59649,2182
2026-02-19 05:00:00,1,0.5068539265205314,0.4931460734794686,Buy,64.6064,64.70546,64.57668,64.6163,1387
2026-02-19 06:00:00,1,0.5230840093879914,0.4769159906120086,Buy,64.62621,64.69555,64.55687,64.6163,1046
2026-02-19 07:00:00,1,0.5287427698494139,0.47125723015058607,Buy,64.62621,65.20075,64.6064,65.161125,6420
2026-02-19 08:00:00,0,0.5308230907755322,0.46917690922446775,Buy,65.15122,65.62671,65.00263,65.57718,11634
2026-02-19 09:00:00,1,0.5312992004433699,0.46870079955663013,Buy,65.57718,65.64652,65.03235,65.14132,11581
2026-02-19 10:00:00,0,0.5250891017984323,0.47491089820156773,Buy,65.13141,65.42859,64.99273,65.34934,7042
2026-02-19 11:00:00,0,0.5318306332324753,0.46816936676752474,Buy,65.359245,65.66633,65.19085,65.408775,7269
2026-02-19 12:00:00,0,0.5259104886692773,0.47408951133072275,Buy,65.418686,65.53755,65.32953,65.458305,6429
2026-02-19 13:00:00,0,0.5213863372649088,0.4786136627350912,Buy,65.458305,65.943695,65.34934,65.7852,18571
2026-02-19 14:00:00,0,0.5259617569993593,0.4740382430006407,Buy,65.805016,65.92388,65.32953,65.72577,23952
2026-02-19 15:00:00,0,0.49708056320986604,0.502919436790134,Hold,65.745575,65.894165,64.834236,65.844635,50268
2026-02-19 16:00:00,0,0.4724230482394532,0.5275769517605469,Hold,65.844635,66.02294,65.656425,65.993225,17484
2026-02-19 17:00:00,0,0.46502947198865485,0.5349705280113451,Hold,65.96351,66.15172,65.755486,65.93379,15431
2026-02-19 18:00:00,0,0.4361974844008943,0.5638025155991058,Hold,65.93379,65.943695,65.57718,65.86445,13995
2026-02-19 19:00:00,0,0.42170987643532554,0.5782901235646745,Hold,65.87435,65.97341,65.705956,65.96351,19033
2026-02-19 20:00:00,0,0.41372285892055044,0.5862771410794496,Hold,65.953606,66.092285,65.894165,66.08238,4651
2026-02-19 21:00:00,0,0.41586053070805584,0.5841394692919442,Hold,66.07247,66.27059,65.28,66.042755,9768
2026-02-19 23:00:00,0,0.39028021789974177,0.6097197821002582,Hold,66.092285,66.10219,65.805016,65.81492,1629
2026-02-20 00:00:00,0,0.4158805489720385,0.5841194510279615,Hold,65.82483,65.91398,65.68614,65.82483,1478
2026-02-20 01:00:00,0,0.42550497089659856,0.5744950291034014,Hold,65.844635,66.141815,65.745575,65.943695,3295
2026-02-20 02:00:00,0,0.4367428604288456,0.5632571395711544,Hold,65.943695,66.230965,65.87435,65.953606,3204
2026-02-20 03:00:00,0,0.4353293792645427,0.5646706207354573,Hold,65.96351,66.08238,65.854546,66.01304,1354
2026-02-20 04:00:00,0,0.4492688443462398,0.5507311556537602,Hold,66.003136,66.10219,66.003136,66.092285,1333
2026-02-20 05:00:00,0,0.4696585062203298,0.5303414937796702,Hold,66.092285,66.290405,66.06257,66.21116,2114
2026-02-20 06:00:00,0,0.5038901814794746,0.4961098185205254,Buy,66.22106,66.39937,66.08238,66.092285,3482
2026-02-20 07:00:00,0,0.5196760734313314,0.4803239265686686,Buy,66.10219,66.122,65.68614,65.705956,5178
2026-02-20 08:00:00,0,0.5214285753291399,0.4785714246708601,Buy,65.71586,65.81492,65.47812,65.52765,8547
2026-02-20 09:00:00,0,0.5230238710669453,0.47697612893305474,Buy,65.53755,65.97341,65.24038,65.38896,10337
2026-02-20 10:00:00,0,0.519315585386482,0.48068441461351796,Buy,65.39887,65.507835,65.25028,65.34934,7911
2026-02-20 11:00:00,0,0.5207316986506771,0.47926830134932286,Buy,65.359245,65.76539,65.19085,65.37906,9747
2026-02-20 12:00:00,0,0.514557760588707,0.48544223941129305,Buy,65.37906,65.59699,65.32953,65.54746,6447
2026-02-20 13:00:00,0,0.5071409344896153,0.4928590655103847,Buy,65.54746,65.66633,65.39887,65.63661,7490
2026-02-20 14:00:00,0,0.5249563699546664,0.47504363004533356,Buy,65.64652,65.88426,65.260185,65.62671,22696
2026-02-20 15:00:00,0,0.4924948066918601,0.5075051933081399,Hold,65.64652,66.03285,65.24038,65.33943,26670
2026-02-20 16:00:00,0,0.4536803950430976,0.5463196049569023,Hold,65.34934,65.72577,65.210655,65.56727,16516
2026-02-20 17:00:00,0,0.43524532449144315,0.5647546755085568,Hold,65.56727,65.88426,65.52765,65.82483,9429
2026-02-20 18:00:00,0,0.42414833179951944,0.5758516682004806,Hold,65.82483,66.10219,65.66633,65.93379,14966
2026-02-20 19:00:00,0,0.4034114637602047,0.5965885362397954,Hold,65.93379,65.943695,65.656425,65.83473,26527
2026-02-20 20:00:00,0,0.3921980540707278,0.6078019459292723,Hold,65.83473,65.87435,65.6168,65.745575,4724
2026-02-20 21:00:00,0,0.3764082206451022,0.6235917793548977,Hold,65.755486,65.81492,65.63661,65.68614,2506
2026-02-22 23:00:00,0,0.3468567659822124,0.6531432340177876,Hold,65.270096,65.48802,64.76489,65.369156,6069
2026-02-23 00:00:00,0,0.3326495609754701,0.66735043902453,Hold,65.37906,65.39887,65.03235,65.10169,3463
2026-02-23 01:00:00,0,0.3471942671058099,0.6528057328941901,Hold,65.10169,65.359245,64.98283,65.28,2860
2026-02-23 02:00:00,0,0.3871185991440757,0.6128814008559242,Hold,65.28991,65.418686,65.260185,65.270096,1904
2026-02-23 03:00:00,0,0.44186559742231346,0.5581344025776865,Hold,65.270096,65.28,65.071976,65.10169,2101
2026-02-23 04:00:00,0,0.47245301593199773,0.5275469840680023,Hold,65.09179,65.14132,64.90357,64.972916,2053
2026-02-23 05:00:00,0,0.4846845025454651,0.5153154974545349,Hold,64.972916,65.19085,64.9333,65.121506,1438
2026-02-23 06:00:00,1,0.5157467881811392,0.48425321181886083,Buy,65.13141,65.210655,65.022446,65.05216,1382
2026-02-23 07:00:00,1,0.5406554846489965,0.4593445153510035,Buy,65.06207,65.18094,64.90357,65.04226,3743
2026-02-23 08:00:00,1,0.5316446105521487,0.46835538944785127,Buy,65.03235,65.29981,64.9432,65.24038,6489
2026-02-23 09:00:00,1,0.524677808581111,0.475322191418889,Buy,65.25028,65.67624,65.14132,65.606895,7036
2026-02-23 10:00:00,1,0.5253060917163863,0.4746939082836137,Buy,65.606895,65.606895,65.37906,65.468216,4292
2026-02-23 11:00:00,1,0.5265473349928224,0.47345266500717764,Buy,65.468216,65.844635,65.38896,65.81492,4753
2026-02-23 12:00:00,0,0.5249639945971258,0.47503600540287416,Buy,65.82483,66.10219,65.805016,66.08238,6826
2026-02-23 13:00:00,0,0.5164349028983539,0.4835650971016461,Buy,66.092285,66.31022,65.91398,66.280495,9010
2026-02-23 14:00:00,0,0.521416034018485,0.478583965981515,Buy,66.280495,66.58758,66.10219,66.379555,20132
2026-02-23 15:00:00,0,0.49806951578041075,0.5019304842195893,Hold,66.379555,66.64702,66.141815,66.17153,17859
2026-02-23 16:00:00,0,0.4580075413998747,0.5419924586001252,Hold,66.16163,66.50833,65.656425,65.755486,25564
2026-02-23 17:00:00,0,0.4356663295398969,0.5643336704601031,Hold,65.7753,65.83473,65.49793,65.62671,12123
2026-02-23 18:00:00,0,0.4033627495800296,0.5966372504199704,Hold,65.6168,65.71586,65.47812,65.58708,7907
2026-02-23 19:00:00,0,0.3750515829611683,0.6249484170388317,Hold,65.58708,65.76539,65.47812,65.705956,12846
2026-02-23 20:00:00,0,0.3604728080536061,0.6395271919463938,Hold,65.705956,65.87435,65.705956,65.81492,3186
2026-02-23 21:00:00,0,0.3396007937702945,0.6603992062297055,Hold,65.81492,65.87435,65.63661,65.66633,2659
2026-02-23 23:00:00,0,0.3279690263146868,0.6720309736853132,Hold,65.68614,65.71586,65.54746,65.63661,844
2026-02-24 00:00:00,0,0.33472218411309257,0.6652778158869075,Hold,65.64652,65.71586,65.58708,65.696045,853
2026-02-24 01:00:00,0,0.37144721745944803,0.6285527825405519,Hold,65.696045,65.844635,65.4484,65.82483,5283
2026-02-24 02:00:00,0,0.4263581646523341,0.5736418353476659,Hold,65.82483,66.191345,65.7852,66.18144,4010
2026-02-24 03:00:00,0,0.44946815844813165,0.5505318415518683,Hold,66.18144,66.31022,66.141815,66.25078,3323
2026-02-24 04:00:00,0,0.47501147936442095,0.5249885206355791,Hold,66.26069,66.280495,66.15172,66.16163,1379
2026-02-24 05:00:00,0,0.49806240604825125,0.5019375939517488,Hold,66.16163,66.330025,65.98332,66.22106,2744
2026-02-24 06:00:00,0,0.5253485675892104,0.47465143241078955,Buy,66.22106,66.230965,66.01304,66.13191,1741
2026-02-24 07:00:00,0,0.5422780225034161,0.45772197749658394,Buy,66.15172,66.17153,65.844635,65.93379,3218
2026-02-24 08:00:00,0,0.5426392235328381,0.4573607764671619,Buy,65.93379,65.98332,65.656425,65.92388,7100
2026-02-24 09:00:00,0,0.5407010272592253,0.4592989727407747,Buy,65.93379,65.96351,65.705956,65.92388,5283
2026-02-24 10:00:00,1,0.5421304527818028,0.45786954721819717,Buy,65.93379,65.98332,65.56727,65.656425,7193
2026-02-24 11:00:00,1,0.538475154637834,0.461524845362166,Buy,65.63661,65.7753,65.52765,65.745575,4139
2026-02-24 12:00:00,0,0.5340632415190745,0.46593675848092553,Buy,65.72577,66.01304,65.62671,65.993225,6321
2026-02-24 13:00:00,0,0.5330050939638661,0.4669949060361339,Buy,65.993225,66.51824,65.993225,66.240875,14615
2026-02-24 14:00:00,0,0.5422545465057939,0.45774545349420614,Buy,66.240875,66.25078,65.745575,65.904076,18602
2026-02-24 15:00:00,0,0.50906149684701,0.49093850315299004,Buy,65.894165,66.03285,65.022446,65.270096,41737
2026-02-24 16:00:00,0,0.4660849677015199,0.53391503229848,Hold,65.260185,65.59699,65.161125,65.369156,16558
2026-02-24 17:00:00,0,0.4442990198690881,0.5557009801309118,Hold,65.369156,65.696045,65.06207,65.210655,14513
2026-02-24 18:00:00,0,0.39722576009531907,0.6027742399046809,Hold,65.210655,65.418686,65.161125,65.319626,9708
2026-02-24 19:00:00,0,0.37806348429258596,0.621936515707414,Hold,65.32953,65.33943,64.9333,65.28,21052
2026-02-24 20:00:00,0,0.36409309199116074,0.6359069080088393,Hold,65.28,65.844635,65.18094,65.67624,12957
2026-02-24 21:00:00,0,0.34967222170857515,0.6503277782914249,Hold,65.66633,65.696045,65.34934,65.458305,3662
2026-02-24 23:00:00,0,0.3406622565162479,0.6593377434837522,Hold,65.4484,65.49793,65.319626,65.408775,1930
2026-02-25 00:00:00,0,0.3299325666482451,0.6700674333517549,Hold,65.418686,65.6168,65.33943,65.47812,1546
2026-02-25 01:00:00,0,0.36900050459534656,0.6309994954046534,Hold,65.468216,65.67624,65.32953,65.42859,3744
2026-02-25 02:00:00,0,0.39550780953961634,0.6044921904603837,Hold,65.43849,65.71586,65.43849,65.696045,2988
2026-02-25 03:00:00,0,0.4538669731384514,0.5461330268615485,Hold,65.68614,65.97341,65.359245,65.38896,7240
2026-02-25 04:00:00,0,0.4811096038588108,0.5188903961411893,Hold,65.38896,65.51774,65.34934,65.38896,1983
2026-02-25 05:00:00,0,0.5073290030073093,0.4926709969926907,Buy,65.39887,65.48802,65.33943,65.408775,1828
2026-02-25 06:00:00,0,0.5332433229972704,0.4667566770027296,Buy,65.408775,65.408775,65.14132,65.369156,2744
2026-02-25 07:00:00,0,0.5561876771798935,0.4438123228201065,Buy,65.37906,65.557365,65.210655,65.28,3097
2026-02-25 08:00:00,0,0.5522117972910421,0.4477882027089579,Buy,65.270096,65.507835,65.121506,65.37906,8102
2026-02-25 09:00:00,0,0.564344170974314,0.435655829025686,Buy,65.39887,65.42859,64.834236,65.01254,10269
2026-02-25 10:00:00,0,0.5575280305485419,0.44247196945145806,Buy,65.01254,65.408775,64.98283,65.28991,6984
2026-02-25 11:00:00,0,0.5676837254230663,0.43231627457693367,Buy,65.28991,65.359245,65.18094,65.25028,3771
2026-02-25 12:00:00,0,0.560407452622893,0.43959254737710696,Buy,65.25028,65.68614,65.1116,65.59699,14439
2026-02-25 13:00:00,0,0.5617938691712504,0.4382061308287496,Buy,65.59699,65.68614,65.24038,65.28991,10036
2026-02-25 14:00:00,0,0.5770336812437835,0.4229663187562165,Buy,65.28991,65.39887,64.675735,64.70546,24496
2026-02-25 15:00:00,0,0.5240925182520038,0.47590748174799624,Buy,64.69555,65.03235,64.636116,64.79461,22693
2026-02-25 16:00:00,0,0.4873023517908875,0.5126976482091126,Hold,64.79461,64.9333,64.50734,64.84414,19721
2026-02-25 17:00:00,0,0.4562132566580026,0.5437867433419974,Hold,64.84414,64.9531,64.725266,64.91348,9741
2026-02-25 18:00:00,0,0.4067116498730199,0.5932883501269801,Hold,64.90357,65.171036,64.85404,64.98283,11035
2026-02-25 19:00:00,0,0.3866888624676074,0.6133111375323925,Hold,64.98283,65.13141,64.735176,65.10169,17632
2026-02-25 20:00:00,0,0.37308041035789985,0.6269195896421002,Hold,65.10169,65.1116,64.80452,64.84414,4144
2026-02-25 21:00:00,0,0.3602778062462233,0.6397221937537767,Hold,64.834236,65.00263,64.81442,64.9531,2821
2026-02-25 23:00:00,0,0.35218351502021306,0.6478164849797869,Hold,65.03235,65.10169,64.9432,65.022446,1158
2026-02-26 00:00:00,0,0.3447607974119001,0.6552392025881,Hold,65.01254,65.23047,64.91348,65.13141,1691
2026-02-26 01:00:00,0,0.38026602029465845,0.6197339797053416,Hold,65.14132,65.14132,64.923386,65.00263,3262
2026-02-26 02:00:00,0,0.4270089477116393,0.5729910522883608,Hold,65.00263,65.05216,64.71536,64.84414,3159
2026-02-26 03:00:00,0,0.46676853247220873,0.5332314675277913,Hold,64.85404,64.98283,64.834236,64.89367,1532
2026-02-26 04:00:00,0,0.48959469819668716,0.5104053018033128,Hold,64.90357,65.00263,64.90357,64.96301,699
2026-02-26 05:00:00,0,0.5197133285295773,0.4802866714704227,Buy,64.9531,65.05216,64.873856,64.9333,1443
2026-02-26 06:00:00,0,0.5369309443286713,0.4630690556713287,Buy,64.9333,64.96301,64.81442,64.89367,1196
2026-02-26 07:00:00,0,0.5708085178984953,0.4291914821015047,Buy,64.873856,64.99273,64.74508,64.85404,2699
2026-02-26 08:00:00,0,0.5718606321984984,0.42813936780150164,Buy,64.86395,65.04226,64.784706,64.84414,6633
2026-02-26 09:00:00,0,0.5897623655452928,0.4102376344547072,Buy,64.84414,64.85404,64.190346,64.49743,14093
2026-02-26 10:00:00,0,0.5677369209780688,0.4322630790219312,Buy,64.49743,64.50734,63.6059,63.764393,17312
2026-02-26 11:00:00,0,0.5613527768222198,0.43864722317778015,Buy,63.75449,64.04176,63.67524,63.70496,6432
2026-02-26 12:00:00,0,0.5641284151884512,0.43587158481154875,Buy,63.70496,63.833736,63.209663,63.516747,14152
2026-02-26 13:00:00,1,0.549104341274742,0.45089565872525805,Buy,63.526653,63.883266,63.00164,63.7743,23199
2026-02-26 14:00:00,1,0.5430115954470438,0.4569884045529562,Buy,63.764393,64.140816,63.45731,64.1012,25190
2026-02-26 15:00:00,0,0.4796547158384743,0.5203452841615257,Hold,64.1012,65.88426,64.09129,65.86445,59818
2026-02-26 16:00:00,0,0.449530115099855,0.550469884900145,Hold,65.86445,66.08238,65.260185,65.795105,47132
2026-02-26 17:00:00,0,0.43511758656383454,0.5648824134361654,Hold,65.805016,65.96351,65.48802,65.844635,14518
2026-02-26 18:00:00,0,0.38622482959590465,0.6137751704040953,Hold,65.83473,66.042755,64.32903,65.10169,56849
2026-02-26 19:00:00,0,0.3630254077050872,0.6369745922949128,Hold,65.09179,65.18094,64.29932,64.725266,33913
2026-02-26 20:00:00,0,0.33641061070832334,0.6635893892916767,Hold,64.71536,64.9531,64.6163,64.89367,4013
2026-02-26 21:00:00,0,0.3230628033131101,0.6769371966868899,Hold,64.873856,65.022446,64.784706,64.85404,3360
2026-02-26 23:00:00,0,0.31790972908602977,0.6820902709139702,Hold,64.735176,64.824326,64.59649,64.6064,2001
2026-02-27 00:00:00,0,0.3366801369623831,0.6633198630376169,Hold,64.59649,64.685646,64.52715,64.636116,874
2026-02-27 01:00:00,0,0.3669920186587824,0.6330079813412176,Hold,64.64602,64.64602,64.239876,64.487526,4481
2026-02-27 02:00:00,0,0.3866728814262422,0.6133271185737579,Hold,64.49743,64.51724,64.34885,64.42809,2171
2026-02-27 03:00:00,1,0.42492539147923863,0.5750746085207614,Hold,64.437996,64.69555,64.41818,64.685646,2133
2026-02-27 04:00:00,1,0.4509346988789616,0.5490653011210385,Hold,64.685646,64.81442,64.636116,64.71536,1525
2026-02-27 05:00:00,1,0.46359536357398,0.53640463642602,Hold,64.725266,65.06207,64.71536,64.9531,3241
2026-02-27 06:00:00,1,0.4857519241550716,0.5142480758449284,Hold,64.9531,65.13141,64.883766,65.10169,2160
2026-02-27 07:00:00,1,0.500618573748066,0.49938142625193405,Buy,65.1116,65.20075,65.03235,65.14132,3332
2026-02-27 08:00:00,1,0.5079408061573515,0.4920591938426485,Buy,65.14132,65.42859,64.9333,65.09179,9019
2026-02-27 09:00:00,1,0.5018268383388818,0.49817316166111825,Buy,65.09179,65.83473,65.022446,65.81492,12175
2026-02-27 10:00:00,1,0.5021105081220281,0.49788949187797193,Buy,65.81492,65.993225,65.507835,65.93379,12155
2026-02-27 11:00:00,1,0.5073766460001147,0.4926233539998853,Buy,65.92388,66.30031,65.844635,66.240875,12124
2026-02-27 12:00:00,0,0.5132258739640583,0.4867741260359417,Buy,66.230965,66.41918,66.13191,66.40927,10703
2026-02-27 13:00:00,0,0.508779125865974,0.49122087413402604,Buy,66.40927,67.17203,66.39937,67.112595,28521
2026-02-27 14:00:00,0,0.517180885250199,0.482819114749801,Buy,67.112595,67.19184,66.230965,66.27059,38859
2026-02-27 15:00:00,0,0.49257889172484054,0.5074211082751594,Hold,66.26069,66.4489,65.86445,66.280495,30658
2026-02-27 16:00:00,1,0.4621163133716159,0.537883686628384,Hold,66.27059,66.290405,65.795105,65.91398,20753
2026-02-27 17:00:00,1,0.4410624091631505,0.5589375908368495,Hold,65.91398,66.17153,65.507835,66.13191,34948
2026-02-27 18:00:00,1,0.4283789453398266,0.5716210546601734,Hold,66.122,66.41918,66.06257,66.39937,15860
2026-02-27 19:00:00,1,0.43098383579529853,0.5690161642047015,Hold,66.40927,66.60739,66.230965,66.41918,23902
2026-02-27 20:00:00,1,0.42418999044445427,0.5758100095555457,Hold,66.438995,66.775795,66.36965,66.6173,10568
2026-02-27 21:00:00,1,0.4288094154147081,0.5711905845852919,Hold,66.627205,66.7857,66.330025,66.65692,7141
2026-03-01 23:00:00,0,0.40398094180364325,0.5960190581963567,Hold,74.29439,74.621284,70.37164,71.29289,60046
2026-03-02 00:00:00,0,0.39147013828961313,0.6085298617103869,Hold,71.312706,71.451385,70.88675,71.114586,17178
2026-03-02 01:00:00,1,0.3677662567382794,0.6322337432617207,Hold,71.114586,71.15421,68.54895,69.07397,37045
2026-03-02 02:00:00,1,0.3980055998402486,0.6019944001597515,Hold,69.064064,69.6386,68.7867,69.34142,13991
2026-03-02 03:00:00,1,0.44139780614219293,0.5586021938578071,Hold,69.33152,70.44099,69.26218,70.04475,11541
2026-03-02 04:00:00,1,0.46224591662025644,0.5377540833797436,Hold,70.03484,70.67873,69.80701,70.52023,9072
2026-03-02 05:00:00,0,0.482745217354521,0.517254782645479,Hold,70.52023,70.90656,70.25277,70.90656,8979
2026-03-02 06:00:00,0,0.5060685295548933,0.49393147044510666,Buy,70.89665,71.65941,70.88675,71.302795,15827
2026-03-02 07:00:00,0,0.5046763014044173,0.4953236985955827,Buy,71.312706,72.6401,71.28299,72.55094,39944
2026-03-02 08:00:00,0,0.5102755368795109,0.4897244631204891,Buy,72.54104,72.67972,71.401855,71.86744,29286
2026-03-02 09:00:00,0,0.5174607353410356,0.48253926465896435,Buy,71.847626,71.85753,71.07496,71.738655,22844
2026-03-02 10:00:00,0,0.5112541568534884,0.4887458431465116,Buy,71.748566,71.76838,70.60938,71.33252,21896
2026-03-02 11:00:00,0,0.520964339277169,0.479035660722831,Buy,71.34242,71.66932,70.45089,71.27308,16055
2026-03-02 12:00:00,0,0.5130139704388131,0.48698602956118686,Buy,71.263176,72.233955,71.24336,71.91696,20878
2026-03-02 13:00:00,0,0.519697971917549,0.48030202808245104,Buy,71.92687,71.92687,71.04524,71.60988,29053
2026-03-02 14:00:00,0,0.5216858478206156,0.47831415217938444,Buy,71.60988,71.75847,70.09428,70.381546,47281
2026-03-02 15:00:00,0,0.483795612276944,0.516204387723056,Hold,70.381546,71.1344,70.25277,70.579666,32894
2026-03-02 16:00:00,0,0.45266185399307735,0.5473381460069227,Hold,70.579666,70.68863,69.43058,70.21315,50966
2026-03-02 17:00:00,1,0.42829458726825337,0.5717054127317467,Hold,70.21315,70.2924,69.49992,69.94569,21289
2026-03-02 18:00:00,0,0.395213841239081,0.604786158760919,Hold,69.93578,70.579666,69.65842,70.431076,18889
2026-03-02 19:00:00,0,0.3748333921863486,0.6251666078136514,Hold,70.431076,70.65891,70.1339,70.232956,25667
2026-03-02 20:00:00,0,0.36490484118905275,0.6350951588109472,Hold,70.232956,72.09527,70.232956,70.90656,44092
2026-03-02 21:00:00,0,0.3509554916523851,0.6490445083476148,Hold,70.89665,71.12449,70.31221,70.36173,11100
2026-03-02 23:00:00,1,0.3299526068215215,0.6700473931784785,Hold,70.55985,70.84712,69.74757,70.22305,6880
2026-03-03 00:00:00,0,0.3428433439589096,0.6571566560410904,Hold,70.25277,71.02543,70.21315,70.94618,5175
2026-03-03 01:00:00,1,0.3557424782680446,0.6442575217319554,Hold,70.95609,71.461296,70.95609,71.07496,10665
2026-03-03 02:00:00,1,0.4084850470059336,0.5915149529940664,Hold,71.08487,71.808,70.866936,71.699036,7337
2026-03-03 03:00:00,1,0.4420668153790173,0.5579331846209827,Hold,71.71885,72.02593,71.60988,71.75847,6148
2026-03-03 04:00:00,1,0.458261448928348,0.5417385510716519,Hold,71.76838,72.10518,71.59007,72.00612,3617
2026-03-03 05:00:00,1,0.4762348015865437,0.5237651984134564,Hold,71.996216,72.68963,71.85753,72.17452,10378
2026-03-03 06:00:00,1,0.5005577013060527,0.4994422986939473,Buy,72.17452,72.41226,71.649506,72.372635,8633
2026-03-03 07:00:00,1,0.5043596844588508,0.4956403155411492,Buy,72.382545,73.41276,72.323105,73.1453,21467
2026-03-03 08:00:00,1,0.5045191624657024,0.4954808375342976,Buy,73.16511,73.809,72.78869,73.75947,27084
2026-03-03 09:00:00,1,0.5108169537737295,0.4891830462262705,Buy,73.74956,74.83921,73.62078,74.512314,32087
2026-03-03 10:00:00,0,0.5225826359199083,0.4774173640800917,Buy,74.50241,76.54303,74.175514,75.74065,41894
2026-03-03 11:00:00,0,0.5240428986788417,0.4759571013211583,Buy,75.76046,76.80058,75.19582,76.46378,51217
2026-03-03 12:00:00,0,0.5210732742968458,0.4789267257031542,Buy,76.46378,76.85011,74.97789,75.21564,57655
2026-03-03 13:00:00,0,0.5184879795081707,0.4815120204918293,Buy,75.22554,75.83971,74.64109,75.493004,49492
2026-03-03 14:00:00,0,0.523308998124914,0.47669100187508595,Buy,75.493004,77.246346,75.47319,75.96848,63876
2026-03-03 15:00:00,0,0.5099674996538343,0.49003250034616574,Buy,75.96848,76.909546,75.76046,76.24585,47324
2026-03-03 16:00:00,0,0.46726489308909613,0.5327351069109039,Hold,76.24585,76.59256,73.838715,75.24535,73389
2026-03-03 17:00:00,0,0.44348169751861105,0.5565183024813889,Hold,75.25526,75.71093,74.472694,74.83921,32856
2026-03-03 18:00:00,0,0.40996289872814723,0.5900371012718528,Hold,74.83921,74.83921,73.016525,73.99721,43975
2026-03-03 19:00:00,0,0.38338581439996566,0.6166141856000343,Hold,73.99721,74.1557,70.97591,72.88775,66313
2026-03-03 20:00:00,0,0.3571085088685457,0.6428914911314543,Hold,72.88775,73.4821,72.372635,73.38304,17996
2026-03-03 21:00:00,0,0.3700709522723071,0.6299290477276929,Hold,73.392944,74.423164,73.32361,74.09627,12132
2026-03-03 23:00:00,0,0.360799462866621,0.639200537133379,Hold,74.036835,74.859024,73.86843,74.83921,4955
2026-03-04 00:00:00,0,0.35759651129073616,0.6424034887092638,Hold,74.8194,74.9878,73.739655,74.25476,8072
2026-03-04 01:00:00,0,0.36659141838208786,0.6334085816179121,Hold,74.26467,74.97789,73.67031,74.25476,16580
2026-03-04 02:00:00,0,0.39120384118819124,0.6087961588118087,Hold,74.23495,74.8194,74.04674,74.324104,7846
2026-03-04 03:00:00,0,0.43308771383119804,0.566912286168802,Hold,74.324104,74.611374,73.96749,74.41325,5854
2026-03-04 04:00:00,0,0.45317105378561434,0.5468289462143856,Hold,74.41325,74.87884,74.274574,74.77978,4302
2026-03-04 05:00:00,0,0.46751799027595636,0.5324820097240437,Hold,74.76987,75.68121,74.55194,75.19582,9084
2026-03-04 06:00:00,0,0.49289426072553666,0.5071057392744633,Hold,75.20573,76.12698,75.03733,76.12698,9203
2026-03-04 07:00:00,0,0.4996370088632802,0.5003629911367198,Hold,76.11707,76.25576,75.62178,75.74065,12147
2026-03-04 08:00:00,0,0.49617336764102254,0.5038266323589775,Hold,75.72084,76.5034,75.38403,76.01801,20725
2026-03-04 09:00:00,0,0.5075270076129922,0.4924729923870078,Buy,76.00811,76.18642,74.84911,76.04773,21918
2026-03-04 10:00:00,0,0.49836861356073225,0.5016313864392677,Hold,76.03783,76.07745,74.1458,74.512314,37487
2026-03-04 11:00:00,0,0.5011394344195822,0.4988605655804178,Buy,74.522224,74.88874,73.739655,74.225044,19508
2026-03-04 12:00:00,0,0.5078846473296874,0.4921153526703126,Buy,74.225044,74.58166,73.53163,73.937775,26297
2026-03-04 13:00:00,0,0.5170261133733101,0.48297388662668994,Buy,73.94768,73.977394,72.59057,73.21464,45245
2026-03-04 14:00:00,0,0.5067220891436833,0.49327791085631667,Buy,73.22455,74.44298,72.9769,73.6505,49773
2026-03-04 15:00:00,0,0.4829745121712897,0.5170254878287103,Hold,73.66041,73.838715,72.966995,73.53163,31066
2026-03-04 16:00:00,0,0.44775797888727786,0.5522420211127221,Hold,73.541534,74.086365,72.957085,73.46229,26647
2026-03-04 17:00:00,0,0.42278439519181066,0.5772156048081893,Hold,73.46229,74.4925,73.353325,74.423164,24433
2026-03-04 18:00:00,0,0.3911181246573599,0.6088818753426402,Hold,74.423164,74.53213,74.01702,74.20523,18747
2026-03-04 19:00:00,1,0.3634663339886163,0.6365336660113837,Hold,74.19533,74.20523,73.690125,73.8189,21322
2026-03-04 20:00:00,0,0.3605286151851094,0.6394713848148905,Hold,73.8189,74.651,73.809,74.59156,11482
2026-03-04 21:00:00,0,0.3761372403469605,0.6238627596530395,Hold,74.59156,75.51281,74.53213,75.39394,8824
2026-03-04 23:00:00,1,0.35486850296079286,0.6451314970392071,Hold,75.43356,75.47319,74.9977,75.23545,2780
2026-03-05 00:00:00,1,0.344006613177302,0.6559933868226979,Hold,75.24535,75.25526,74.84911,74.9878,3219
2026-03-05 01:00:00,0,0.4034748999891222,0.5965251000108778,Hold,75.007614,76.23595,75.007614,76.18642,13710
2026-03-05 02:00:00,0,0.4375704197413703,0.5624295802586297,Hold,76.176506,76.69162,76.01801,76.65199,8185
2026-03-05 03:00:00,0,0.4434659667180078,0.5565340332819921,Hold,76.64209,76.6619,76.19632,76.35481,6031
2026-03-05 04:00:00,0,0.47046569923712944,0.5295343007628706,Hold,76.35481,76.91946,76.33501,76.65199,4735
2026-03-05 05:00:00,0,0.4834264003539278,0.5165735996460722,Hold,76.65199,77.355316,76.59256,77.008606,8489
2026-03-05 06:00:00,0,0.4994156701043162,0.5005843298956838,Hold,77.008606,77.01852,75.34441,75.84962,18028
2026-03-05 07:00:00,0,0.5170111896774097,0.48298881032259033,Buy,75.84962,76.59256,75.80999,76.43407,13341
2026-03-05 08:00:00,0,0.5230693262920966,0.47693067370790343,Buy,76.44397,76.92936,76.11707,76.275566,17684
2026-03-05 09:00:00,1,0.5338003508770546,0.4661996491229454,Buy,76.26566,76.40434,74.26467,75.68121,40073
2026-03-05 10:00:00,1,0.5264731084352938,0.4735268915647062,Buy,75.68121,75.97839,75.39394,75.80009,11495
2026-03-05 11:00:00,1,0.5283134737679309,0.4716865262320691,Buy,75.79018,76.45387,75.62178,76.33501,13984
2026-03-05 12:00:00,1,0.5291055859021768,0.4708944140978232,Buy,76.33501,76.760956,75.89915,76.4935,20314
2026-03-05 13:00:00,1,0.527680668195691,0.47231933180430896,Buy,76.4836,76.65199,75.84962,76.41425,21173
2026-03-05 14:00:00,1,0.5412896622102626,0.45871033778973735,Buy,76.43407,77.63268,76.11707,77.23644,43484
2026-03-05 15:00:00,1,0.521936257932531,0.47806374206746904,Buy,77.23644,78.30628,76.98879,77.91004,40435
2026-03-05 16:00:00,1,0.5082213198438017,0.4917786801561983,Buy,77.91995,79.21763,77.56334,78.48459,42074
2026-03-05 17:00:00,1,0.48615176880045025,0.5138482311995498,Hold,78.464775,79.049225,78.028915,78.900635,30282
2026-03-05 18:00:00,0,0.4693596953018538,0.5306403046981463,Hold,78.89073,80.38653,78.316185,80.079445,40065
2026-03-05 19:00:00,0,0.4702194944407702,0.5297805055592297,Hold,80.079445,80.951164,79.881325,80.84219,41485
2026-03-05 20:00:00,0,0.40965060780086837,0.5903493921991316,Hold,80.852104,81.387024,78.64308,79.049225,48236
2026-03-05 21:00:00,0,0.3992319760053347,0.6007680239946653,Hold,79.049225,79.22753,77.880325,78.127975,15739
2026-03-05 23:00:00,0,0.37613014610659073,0.6238698538934093,Hold,78.336,79.15819,78.23694,78.6728,5685
2026-03-06 00:00:00,0,0.3933340957418991,0.6066659042581009,Hold,78.69261,78.87092,77.791176,77.91995,5251
2026-03-06 01:00:00,0,0.4217669788246843,0.5782330211753157,Hold,77.929855,79.10866,77.50391,79.049225,14628
2026-03-06 02:00:00,0,0.4346889545634248,0.5653110454365752,Hold,79.059135,79.10866,78.40534,78.93035,5665
2026-03-06 03:00:00,1,0.4725467356499746,0.5274532643500254,Hold,78.92045,79.41575,78.73224,79.26716,5780
2026-03-06 04:00:00,1,0.48587109666890155,0.5141289033310985,Hold,79.26716,79.32659,79.03932,79.26716,3560
2026-03-06 05:00:00,1,0.4973522921742324,0.5026477078257676,Hold,79.25725,79.683205,78.94026,79.55443,7182
2026-03-06 06:00:00,1,0.5122517254675805,0.48774827453241953,Buy,79.56433,80.1785,79.494995,79.95067,8505
2026-03-06 07:00:00,1,0.5245027091772757,0.4754972908227243,Buy,79.94076,80.366714,79.52471,80.32709,11073
2026-03-06 08:00:00,1,0.5293302470388281,0.47066975296117186,Buy,80.317184,80.98088,80.079445,80.63417,20710
2026-03-06 09:00:00,1,0.5290219443274286,0.47097805567257145,Buy,80.604454,84.10124,80.416245,83.90313,43675
2026-03-06 10:00:00,1,0.5233452338235722,0.47665476617642777,Buy,83.90313,83.91303,82.74413,83.21962,35493
2026-03-06 11:00:00,1,0.5248024753527529,0.47519752464724707,Buy,83.22952,85.40883,83.150276,85.23052,40773
2026-03-06 12:00:00,1,0.5263780287463407,0.47362197125365935,Buy,85.22061,85.88431,84.507385,85.27014,38699
2026-03-06 13:00:00,1,0.5261072699647019,0.4738927300352981,Buy,85.28005,86.96406,84.071526,86.5381,60129
2026-03-06 14:00:00,1,0.5344539039503878,0.46554609604961217,Buy,86.52819,88.77684,86.211205,87.88531,77614
2026-03-06 15:00:00,1,0.5178191601398401,0.4821808398601599,Buy,87.89521,88.69759,86.67678,87.99427,62747
2026-03-06 16:00:00,1,0.5025836271557806,0.49741637284421936,Buy,87.99427,89.51978,87.380104,89.45044,53106
2026-03-06 17:00:00,0,0.4844590271983795,0.5155409728016205,Hold,89.45044,91.73871,88.82637,91.530685,60184
2026-03-06 18:00:00,1,0.48822550596956515,0.5117744940304348,Hold,91.530685,91.63965,88.69759,90.73821,62801
2026-03-06 19:00:00,1,0.497035051247862,0.5029649487521379,Hold,90.7184,90.847176,89.34148,90.49056,60718
2026-03-06 20:00:00,1,0.477493075464941,0.522506924535059,Hold,90.47075,90.52028,89.46034,89.83677,20196
2026-03-06 21:00:00,1,0.483816621049327,0.516183378950673,Hold,89.84668,90.66887,89.73771,90.411316,9264
2026-03-08 22:00:00,1,0.4178650400409782,0.5821349599590218,Hold,97.077995,110.193436,97.077995,105.93389,58106
2026-03-08 23:00:00,1,0.42124634592169946,0.5787536540783005,Hold,105.88436,107.50893,104.06167,107.01363,27108
2026-03-09 00:00:00,1,0.40977458518295584,0.5902254148170442,Hold,107.04335,108.99482,105.448494,107.24147,29910
2026-03-09 01:00:00,0,0.4254829654741939,0.5745170345258062,Hold,107.25137,114.58176,107.04335,113.9874,35576
2026-03-09 02:00:00,0,0.43831018076365713,0.5616898192363429,Hold,113.99731,118.35591,111.005714,113.23455,56831
2026-03-09 03:00:00,0,0.4602788461220493,0.5397211538779507,Hold,113.254364,115.403946,110.133995,114.53223,24526
2026-03-09 04:00:00,0,0.4796477855216553,0.5203522144783447,Hold,114.54213,115.6714,113.51192,114.78978,12323
2026-03-09 05:00:00,0,0.49727822936392796,0.502721770636072,Hold,114.75015,114.85912,102.06068,102.71446,50878
2026-03-09 06:00:00,0,0.4991369534290925,0.5008630465709075,Hold,102.734276,106.39947,99.078995,103.53666,47121
2026-03-09 07:00:00,0,0.4982596514162076,0.5017403485837924,Hold,103.47722,103.47722,99.40589,101.86256,25535
2026-03-09 08:00:00,0,0.506173631133946,0.493826368866054,Buy,101.87246,103.97252,100.5946,102.13001,20303
2026-03-09 09:00:00,0,0.5073146999544544,0.49268530004554556,Buy,102.13992,103.82393,95.34446,100.12902,30818
2026-03-09 10:00:00,0,0.5054107990263004,0.4945892009736996,Buy,100.13892,102.99183,99.67335,102.25879,19185
2026-03-09 11:00:00,0,0.5069833029922627,0.4930166970077373,Buy,102.248886,102.79371,100.60451,101.23848,14389
2026-03-09 12:00:00,0,0.5087224725946325,0.49127752740536745,Buy,101.18895,102.55597,99.178055,101.2682,27580
2026-03-09 13:00:00,0,0.512853830323214,0.48714616967678603,Buy,101.24839,101.25829,96.27562,98.72238,62567
2026-03-09 14:00:00,0,0.5104008751183253,0.4895991248816747,Buy,98.71247,103.58618,98.4153,99.5842,52127
2026-03-09 15:00:00,0,0.4917723866075504,0.5082276133924496,Hold,99.57429,99.67335,93.759514,94.71048,59113
2026-03-09 16:00:00,0,0.45083807369111756,0.5491619263088825,Hold,94.68076,96.46383,92.19438,93.8982,51163
2026-03-09 17:00:00,0,0.43349110003816776,0.5665088999618322,Hold,93.88829,95.14634,93.323654,94.04678,21487
2026-03-09 18:00:00,0,0.3979774538211818,0.6020225461788182,Hold,94.02698,94.53217,90.76793,94.39349,48382
2026-03-09 19:00:00,0,0.3820667615818883,0.6179332384181118,Hold,94.38359,94.68076,80.42615,85.101746,68552
2026-03-09 20:00:00,0,0.3645182833952113,0.6354817166047887,Hold,85.101746,88.00417,81.87241,84.27955,25345
2026-03-09 22:00:00,0,0.35838599255732917,0.6416140074426708,Hold,84.943245,89.15326,84.220116,87.043304,21997
2026-03-09 23:00:00,0,0.3522154620817674,0.6477845379182325,Hold,87.132454,89.381096,86.29045,87.81596,9420
2026-03-10 00:00:00,0,0.36125282475770987,0.6387471752422902,Hold,87.81596,88.50938,84.358795,85.95365,19797
2026-03-10 01:00:00,0,0.3779455381719395,0.6220544618280606,Hold,85.963554,86.19139,83.635666,84.10124,16336
2026-03-10 02:00:00,0,0.4174150041824302,0.5825849958175697,Hold,84.11115,88.08342,83.90313,87.78625,12230
2026-03-10 03:00:00,0,0.465531087415007,0.5344689125849931,Hold,87.77634,90.61934,87.32067,88.99477,17101
2026-03-10 04:00:00,0,0.47888001963277316,0.5211199803672268,Hold,89.06411,90.2231,88.76693,89.64856,8291
2026-03-10 05:00:00,0,0.5085171289033255,0.49148287109667455,Buy,89.64856,89.65846,86.607445,88.212204,11661
2026-03-10 06:00:00,0,0.5158250293635895,0.48417497063641046,Buy,88.24192,89.20279,87.043304,88.95515,10627
2026-03-10 07:00:00,0,0.5376917733262756,0.4623082266737244,Buy,88.93533,89.20279,84.73522,85.01259,20791
2026-03-10 08:00:00,0,0.5322371536669479,0.4677628463330521,Buy,84.98287,87.81596,84.457855,87.7169,21409
2026-03-10 09:00:00,0,0.5417824293596746,0.4582175706403254,Buy,87.73672,87.91502,85.11165,86.122055,16580
2026-03-10 10:00:00,0,0.5381216018780478,0.4618783981219522,Buy,86.122055,89.32166,85.93384,87.95464,19262
2026-03-10 11:00:00,0,0.5411637399102145,0.4588362600897855,Buy,87.93484,89.02448,85.587135,88.36079,20664
2026-03-10 12:00:00,0,0.5392534529792931,0.46074654702070694,Buy,88.34098,90.24291,87.91502,88.69759,29034
2026-03-10 13:00:00,0,0.5448916465558963,0.4551083534441037,Buy,88.68768,88.68768,86.3697,86.76594,37451
2026-03-10 14:00:00,0,0.5484558979015681,0.4515441020984319,Buy,86.75603,87.65747,82.22903,83.42764,53204
2026-03-10 15:00:00,0,0.5103875550128094,0.4896124449871906,Buy,83.42764,84.11115,82.03091,83.54652,45581
2026-03-10 16:00:00,0,0.4712704993482,0.5287295006518,Hold,83.51679,84.992775,81.29787,81.56533,36128
2026-03-10 17:00:00,1,0.4456021079725094,0.5543978920274906,Hold,81.535614,81.93185,76.00811,79.445465,95583
2026-03-10 18:00:00,0,0.4064168993414913,0.5935831006585087,Hold,79.42565,85.864494,78.87092,83.31868,67273
2026-03-10 19:00:00,0,0.38532642685558083,0.6146735731444192,Hold,83.31868,86.97396,83.13046,85.83478,30920
2026-03-10 20:00:00,0,0.37528100290643773,0.6247189970935623,Hold,85.84469,86.41923,84.953156,85.577225,9305
2026-03-10 22:00:00,0,0.3761438763050177,0.6238561236949822,Hold,86.072525,87.75653,85.89422,87.479164,6111
2026-03-10 23:00:00,0,0.38953757612845874,0.6104624238715413,Hold,87.45935,87.48907,84.43804,84.854095,9660
2026-03-11 00:00:00,0,0.38385330425924846,0.6161466957407515,Hold,84.88381,84.98287,81.0205,82.1894,20915
2026-03-11 01:00:00,0,0.3801675905677566,0.6198324094322434,Hold,82.1894,83.71491,81.6842,82.33799,11559
2026-03-11 02:00:00,0,0.4261628411124223,0.5738371588875777,Hold,82.32809,84.28946,82.1894,83.3484,8642
2026-03-11 03:00:00,0,0.4864712010989198,0.5135287989010802,Hold,83.36821,83.54652,81.8526,82.09034,7114
2026-03-11 04:00:00,0,0.5104688000930365,0.4895311999069635,Buy,82.10025,82.78376,81.59505,82.29837,5369
2026-03-11 05:00:00,0,0.526398287730498,0.473601712269502,Buy,82.28846,83.49699,82.15968,83.21962,5938
2026-03-11 06:00:00,0,0.5502565541626943,0.44974344583730574,Buy,83.21962,83.76444,82.33799,82.78376,7149
2026-03-11 07:00:00,0,0.5664631445700491,0.4335368554299509,Buy,82.78376,84.98287,82.55592,84.68569,16320
2026-03-11 08:00:00,0,0.5561509256596313,0.4438490743403687,Buy,84.64607,86.013084,84.11115,85.71591,19142
2026-03-11 09:00:00,0,0.5577277625931771,0.44227223740682287,Buy,85.71591,88.15276,85.49798,87.92493,22653
2026-03-11 10:00:00,0,0.578501832273148,0.421498167726852,Buy,87.91502,87.91502,83.883316,84.14087,23442
2026-03-11 11:00:00,0,0.5710329499322514,0.4289670500677486,Buy,84.170586,86.47867,83.873405,85.864494,20828
2026-03-11 12:00:00,0,0.5714536896742962,0.4285463103257038,Buy,85.83478,87.25133,85.379105,86.38951,19022
2026-03-11 13:00:00,0,0.5732412907398176,0.42675870926018244,Buy,86.38951,86.48857,82.73423,83.26915,36971
2026-03-11 14:00:00,0,0.5658756229441901,0.43412437705580986,Buy,83.29887,86.2013,81.22853,85.379105,47587
2026-03-11 15:00:00,0,0.5300165175944395,0.46998348240556054,Buy,85.39892,86.845184,84.943245,86.77584,23713
2026-03-11 16:00:00,1,0.5001613329068858,0.4998386670931142,Buy,86.80556,87.79615,86.072525,86.310265,24498
2026-03-11 17:00:00,1,0.4687843390789234,0.5312156609210765,Hold,86.30036,87.5485,85.3692,87.033394,25625
2026-03-11 18:00:00,1,0.4308534281256092,0.5691465718743909,Hold,87.02349,87.61784,85.874405,86.42914,34807
2026-03-11 19:00:00,1,0.4059693111915338,0.5940306888084662,Hold,86.43904,87.25133,86.13196,87.16217,7496
2026-03-11 20:00:00,1,0.40205035726926724,0.5979496427307327,Hold,87.16217,87.78625,86.97396,87.578224,6626
2026-03-11 22:00:00,0,0.4065680654428198,0.5934319345571801,Hold,88.47966,92.13494,87.77634,89.965546,17650
2026-03-11 23:00:00,0,0.4020685797966523,0.5979314202033477,Hold,90.015076,93.49206,89.866486,91.619835,16407
2026-03-12 00:00:00,0,0.4087187723499146,0.5912812276500854,Hold,91.59012,93.31375,90.985855,92.253815,15538
2026-03-12 01:00:00,0,0.41513928352660945,0.5848607164733906,Hold,92.24391,92.80855,90.837265,92.352875,11695
2026-03-12 02:00:00,0,0.4569900177539809,0.543009982246019,Hold,92.37269,95.06709,92.32316,93.63074,13442
2026-03-12 03:00:00,0,0.49673024115808734,0.5032697588419126,Hold,93.68027,94.64114,92.986855,93.59111,11372
2026-03-12 04:00:00,0,0.5181096180239236,0.48189038197607637,Buy,93.55149,94.33406,93.15525,93.93782,5163
2026-03-12 05:00:00,0,0.535905367178055,0.46409463282194496,Buy,93.908104,93.908104,91.481155,92.19438,15602
2026-03-12 06:00:00,0,0.5433277951713879,0.45667220482861215,Buy,92.19438,92.84817,90.460846,91.68918,11817
2026-03-12 07:00:00,0,0.5675136085585007,0.43248639144149925,Buy,91.65946,91.65946,89.03439,89.59903,16148
2026-03-12 08:00:00,0,0.5609832285745849,0.43901677142541506,Buy,89.58913,91.629745,89.39101,91.24341,15505
2026-03-12 09:00:00,1,0.5545514855609833,0.4454485144390167,Buy,91.21369,92.006165,90.19338,90.3816,12201
2026-03-12 10:00:00,1,0.5593223770412558,0.44067762295874424,Buy,90.361786,90.985855,89.816956,90.213196,12506
2026-03-12 11:00:00,0,0.5571141120348824,0.44288588796511763,Buy,90.2231,91.97645,90.14385,91.79814,12070
2026-03-12 12:00:00,0,0.5568460646621368,0.4431539353378632,Buy,91.77833,92.70949,91.51087,92.02598,14752
2026-03-12 13:00:00,0,0.5505266122262418,0.4494733877737582,Buy,92.006165,94.30434,91.69908,93.88829,36919
2026-03-12 14:00:00,0,0.5544374646863337,0.4455625353136663,Buy,93.908104,95.30484,93.323654,94.77982,39085
2026-03-12 15:00:00,0,0.5169066390885992,0.48309336091140076,Buy,94.76992,96.27562,93.4128,93.670364,46320
2026-03-12 16:00:00,0,0.48701443431727826,0.5129855656827218,Hold,93.65055,94.8987,92.154755,93.93782,30967
2026-03-12 17:00:00,0,0.4724276493988107,0.5275723506011893,Hold,93.92792,94.63123,93.33356,93.48215,16566
2026-03-12 18:00:00,0,0.4307625596669247,0.5692374403330753,Hold,93.48215,95.810036,93.036385,95.63173,25248
2026-03-12 19:00:00,0,0.4229340431427137,0.5770659568572862,Hold,95.65154,96.04778,94.52227,95.4138,13837
2026-03-12 20:00:00,0,0.39880971396922077,0.6011902860307792,Hold,95.423706,95.7506,94.80954,95.48315,6824
2026-03-12 22:00:00,0,0.40251615762472526,0.5974838423752747,Hold,95.82985,97.16715,94.78973,95.31474,8952
2026-03-12 23:00:00,0,0.41718473148139656,0.5828152685186034,Hold,95.35437,96.5827,95.33456,95.70107,4483
2026-03-13 00:00:00,0,0.44431016469301626,0.5556898353069837,Hold,95.66145,95.81995,93.93782,94.67086,9085
2026-03-13 01:00:00,0,0.4554672850578002,0.5445327149421998,Hold,94.67086,95.31474,93.76942,94.80954,8719
2026-03-13 02:00:00,0,0.47063198978369647,0.5293680102163035,Hold,94.79964,95.572296,94.41331,95.34446,5174
2026-03-13 03:00:00,0,0.5026819149306412,0.4973180850693588,Buy,95.34446,95.70107,94.29443,94.67086,5102
2026-03-13 04:00:00,0,0.5144000655634209,0.4855999344365791,Buy,94.64114,94.96803,94.33406,94.37368,3025
2026-03-13 05:00:00,0,0.5268942242762901,0.47310577572370993,Buy,94.37368,94.73029,93.99725,94.22509,4466
2026-03-13 06:00:00,0,0.5421937823636849,0.4578062176363151,Buy,94.235,95.423706,93.63074,95.29493,7453
2026-03-13 07:00:00,0,0.5525648577364153,0.4474351422635847,Buy,95.31474,96.68176,95.13644,96.26571,11688
2026-03-13 08:00:00,0,0.5541155304282104,0.4458844695717896,Buy,96.22609,96.9195,94.5817,94.76001,15804
2026-03-13 09:00:00,0,0.5542039441296118,0.4457960558703882,Buy,94.75011,95.374176,94.08641,94.87888,11513
2026-03-13 10:00:00,1,0.5572777645254257,0.44272223547457434,Buy,94.85907,95.03738,92.48165,92.79864,15802
2026-03-13 11:00:00,1,0.5577852988130433,0.4422147011869567,Buy,92.788734,94.14584,92.24391,92.550995,17618
2026-03-13 12:00:00,1,0.5566838694234629,0.44331613057653707,Buy,92.5708,93.50196,91.17407,92.689674,22236
2026-03-13 13:00:00,1,0.5490042593167682,0.4509957406832318,Buy,92.70949,93.69017,92.02598,93.54159,30161
2026-03-13 14:00:00,0,0.5479427816508006,0.45205721834919943,Buy,93.53168,94.85907,93.135445,94.740204,21388
2026-03-13 15:00:00,1,0.5188908218370395,0.4811091781629605,Buy,94.73029,95.91901,94.50246,95.48315,25224
2026-03-13 16:00:00,1,0.47986477243124737,0.5201352275687526,Hold,95.49305,96.63223,95.31474,95.96854,20983
2026-03-13 17:00:00,1,0.4532621574914638,0.5467378425085362,Hold,95.958626,97.29593,95.48315,97.05818,20314
2026-03-13 18:00:00,1,0.4379087805569788,0.5620912194430212,Hold,97.038376,98.385574,96.0874,96.53317,34313
2026-03-13 19:00:00,1,0.4176511475608147,0.5823488524391853,Hold,96.56289,97.424706,96.32515,97.26621,9061
2026-03-13 20:00:00,0,0.4054395576637672,0.5945604423362327,Hold,97.28602,98.385574,97.276115,98.37567,8202
2026-03-15 22:00:00,0,0.4011303036556646,0.5988696963443354,Hold,99.98043,101.47623,98.40539,98.66294,18008
2026-03-15 23:00:00,0,0.3964079696656295,0.6035920303343705,Hold,98.65304,99.49504,97.474236,97.84075,10998
2026-03-16 00:00:00,0,0.39364498851402047,0.6063550114859795,Hold,97.85066,97.93981,96.42421,96.56289,10450
2026-03-16 01:00:00,0,0.38656766785982194,0.613432332140178,Hold,96.552986,97.860565,95.82985,97.563385,9259
2026-03-16 02:00:00,0,0.43137587173374353,0.5686241282662565,Hold,97.5832,98.445015,97.18696,97.98934,7803
2026-03-16 03:00:00,0,0.4789006528923583,0.5210993471076417,Hold,98.009155,98.40539,97.622826,98.31624,4903
2026-03-16 04:00:00,0,0.4918550778531038,0.5081449221468962,Hold,98.33605,98.85116,98.28652,98.593605,2587
2026-03-16 05:00:00,0,0.5111287188870519,0.4888712811129481,Buy,98.61341,98.80163,97.39499,97.523766,4296
2026-03-16 06:00:00,0,0.5209572710529035,0.47904272894709654,Buy,97.523766,98.7521,97.19687,97.97944,5352
2026-03-16 07:00:00,0,0.5346024288264261,0.46539757117357394,Buy,97.98934,100.07949,97.662445,99.54457,11327
2026-03-16 08:00:00,0,0.5420576762533038,0.4579423237466962,Buy,99.564384,99.950714,98.60351,98.831345,12011
2026-03-16 09:00:00,0,0.5389802953571755,0.4610197046428245,Buy,98.82144,99.33655,97.68226,98.21718,8783
2026-03-16 10:00:00,0,0.5471405245639052,0.45285947543609484,Buy,98.17755,98.36577,95.76051,95.92891,13908
2026-03-16 11:00:00,0,0.5436191721178248,0.45638082788217516,Buy,95.91901,96.89969,95.7506,96.0775,12970
2026-03-16 12:00:00,0,0.5447956456090057,0.45520435439099427,Buy,96.107216,96.48364,93.670364,94.36378,24573
2026-03-16 13:00:00,0,0.555743257103197,0.44425674289680295,Buy,94.38359,94.78973,92.09532,92.47175,34690
2026-03-16 14:00:00,0,0.5439390098339426,0.4560609901660574,Buy,92.46184,94.52227,92.12504,94.26472,28787
2026-03-16 15:00:00,0,0.5149253103314763,0.48507468966852374,Buy,94.25481,94.83926,93.64064,94.5619,18827
2026-03-16 16:00:00,0,0.4858207247002097,0.5141792752997902,Hold,94.5817,95.67136,94.007164,94.67086,17927
2026-03-16 17:00:00,0,0.4557049001230272,0.5442950998769728,Hold,94.67086,94.70058,92.838264,93.4128,27295
2026-03-16 18:00:00,0,0.4237137442925372,0.5762862557074628,Hold,93.4128,93.68027,92.09532,92.600525,24886
2026-03-16 19:00:00,0,0.40772109331165496,0.592278906688345,Hold,92.61043,93.86848,92.055695,92.491554,12517
2026-03-16 20:00:00,0,0.386526325957574,0.613473674042426,Hold,92.501465,93.521774,92.21419,93.33356,7643
2026-03-16 22:00:00,0,0.3788023692775805,0.6211976307224195,Hold,93.521774,94.42321,92.99676,94.0666,4075
2026-03-16 23:00:00,0,0.3826518697500318,0.6173481302499682,Hold,94.0765,94.42321,93.58121,94.03688,3253
2026-03-17 00:00:00,0,0.38817896429902926,0.6118210357009708,Hold,94.01707,95.45342,93.94772,94.99776,4934
2026-03-17 01:00:00,0,0.42232652578741486,0.5776734742125851,Hold,95.04729,95.28503,94.28453,94.92841,5930
2026-03-17 02:00:00,0,0.46463351105334677,0.5353664889466532,Hold,94.91851,95.25531,94.67086,95.08691,3134
2026-03-17 03:00:00,0,0.5141260967874283,0.48587390321257173,Buy,95.06709,95.39399,94.83926,95.13644,3006
2026-03-17 04:00:00,0,0.5307425902054638,0.46925740979453623,Buy,95.12653,95.38409,94.52227,94.93832,2055
2026-03-17 05:00:00,0,0.5367222862161345,0.4632777137838655,Buy,94.94823,97.06809,94.38359,96.889786,5399
2026-03-17 06:00:00,0,0.559775075519978,0.44022492448002204,Buy,96.9096,97.49405,96.107216,96.63223,8066
2026-03-17 07:00:00,0,0.5727672919474539,0.4272327080525461,Buy,96.602516,96.83035,95.58221,96.008156,6723
2026-03-17 08:00:00,0,0.5716150370814509,0.4283849629185491,Buy,95.97844,96.99875,95.810036,96.53317,8087
2026-03-17 09:00:00,0,0.5790660781719522,0.4209339218280478,Buy,96.543076,96.552986,94.73029,94.98785,7612
2026-03-17 10:00:00,0,0.5730577402690641,0.4269422597309359,Buy,94.99776,96.01807,94.97794,95.29493,4424
2026-03-17 11:00:00,0,0.5681384578179695,0.43186154218203054,Buy,95.29493,96.107216,95.25531,95.99825,5200
2026-03-17 12:00:00,0,0.5817403274585736,0.4182596725414264,Buy,95.99825,96.107216,94.21519,94.22509,9294
2026-03-17 13:00:00,0,0.5749879361982794,0.42501206380172063,Buy,94.25481,94.46284,92.94723,94.22509,16821
2026-03-17 14:00:00,0,0.5666096267605584,0.43339037323944163,Buy,94.22509,94.66095,92.986855,93.30384,16041
2026-03-17 15:00:00,0,0.530139704439414,0.46986029556058595,Buy,93.323654,95.077,93.036385,94.77982,17817
2026-03-17 16:00:00,0,0.5011327697282194,0.4988672302717806,Buy,94.77982,94.93832,93.46233,94.155754,17023
2026-03-17 17:00:00,0,0.4768436020430436,0.5231563979569565,Hold,94.17556,95.13644,94.0765,94.85907,16237
2026-03-17 18:00:00,0,0.4422884403747217,0.5577115596252783,Hold,94.84917,95.46333,94.48264,95.06709,15992
2026-03-17 19:00:00,0,0.4072564893656536,0.5927435106343464,Hold,95.05719,95.423706,94.76001,95.2454,4276
2026-03-17 20:00:00,0,0.40293871871558773,0.5970612812844123,Hold,95.25531,95.4138,94.92841,95.11662,2681
2026-03-17 22:00:00,0,0.39677932951612893,0.6032206704838711,Hold,95.09682,95.50295,94.106224,94.94823,2010
2026-03-17 23:00:00,0,0.3863217166694099,0.61367828333059,Hold,94.8987,95.44352,94.76001,95.09682,1026
2026-03-18 00:00:00,0,0.38304650728863904,0.6169534927113609,Hold,95.09682,95.11662,93.759514,93.92792,1421
2026-03-18 01:00:00,0,0.3893819463407965,0.6106180536592035,Hold,93.88829,94.29443,93.59111,94.11613,922
2026-03-18 02:00:00,0,0.42370602176721855,0.5762939782327814,Hold,94.08641,94.29443,93.10572,93.65055,966
2026-03-18 03:00:00,0,0.4821333648968869,0.5178666351031131,Hold,93.65055,93.74961,92.17457,92.303345,2145
2026-03-18 04:00:00,0,0.4940040409284764,0.5059959590715236,Hold,92.31325,92.442024,91.966545,92.28353,1806
2026-03-18 05:00:00,1,0.5224530922834861,0.47754690771651387,Buy,92.28353,92.67977,91.60993,91.78824,1882
2026-03-18 06:00:00,1,0.5480205277082782,0.45197947229172175,Buy,91.817955,92.491554,91.094826,92.38259,2107
2026-03-18 07:00:00,1,0.5525411118448342,0.44745888815516577,Buy,92.31325,92.877884,92.17457,92.81845,1668
2026-03-18 08:00:00,1,0.5624576957226771,0.4375423042773229,Buy,92.82836,93.7397,92.739204,93.393,3996
2026-03-18 09:00:00,1,0.5616451223065494,0.4383548776934506,Buy,93.38309,94.056694,93.2345,93.858574,1641
2026-03-18 10:00:00,1,0.5660543974275545,0.4339456025724455,Buy,93.86848,94.0765,93.56139,93.82886,1574
2026-03-18 11:00:00,1,0.570330822865858,0.429669177134142,Buy,93.82886,95.08691,93.422714,94.18547,3757
2026-03-18 12:00:00,0,0.5610058907442109,0.4389941092557891,Buy,94.18547,97.14734,94.11613,97.028465,7922
2026-03-18 13:00:00,0,0.5401356373331836,0.4598643626668164,Buy,96.879875,98.16765,96.63223,97.97944,7533
2026-03-18 14:00:00,0,0.5395271660573713,0.4604728339426287,Buy,98.009155,98.47473,97.325645,97.92991,5559
2026-03-18 15:00:00,0,0.5083360717734938,0.4916639282265062,Buy,97.93981,98.435104,96.95913,97.30583,7041
2026-03-18 16:00:00,0,0.48785729417866985,0.5121427058213301,Hold,97.226585,97.513855,96.543076,97.127525,5292
2026-03-18 17:00:00,1,0.46780749428464435,0.5321925057153556,Hold,97.127525,97.70207,95.11662,95.26521,5827
2026-03-18 18:00:00,1,0.4314811861237394,0.5685188138762606,Hold,95.30484,96.453926,94.4034,96.28552,7671
2026-03-18 19:00:00,0,0.4120681331245747,0.5879318668754253,Hold,96.305336,97.84075,95.909096,97.53367,2800
2026-03-18 20:00:00,0,0.40882593233630127,0.5911740676636987,Hold,97.55348,99.604004,97.43461,98.880875,2526
2026-03-18 22:00:00,0,0.4103124401603337,0.5896875598396663,Hold,98.197365,98.593605,97.50395,98.11812,922
2026-03-18 23:00:00,0,0.4117744316296851,0.5882255683703149,Hold,98.0884,98.544075,97.325645,98.197365,616
2026-03-19 00:00:00,0,0.4393082459314901,0.5606917540685099,Hold,98.197365,99.05638,98.04754,98.24731,12853
2026-03-19 01:00:00,0,0.4389817360579871,0.5610182639420129,Hold,98.24731,98.54697,97.30839,97.93766,10805
2026-03-19 02:00:00,0,0.4794705634504169,0.5205294365495832,Hold,97.93766,98.137436,95.6403,96.079796,17367
2026-03-19 03:00:00,0,0.5063243951589219,0.4936756048410781,Buy,96.079796,96.439384,95.74018,96.359474,6931
2026-03-19 04:00:00,0,0.5009901496375953,0.49900985036240475,Buy,96.36946,96.72905,96.18967,96.4194,4056
2026-03-19 05:00:00,0,0.5165442628891976,0.48345573711080236,Buy,96.39943,97.158554,95.85006,96.36946,8023
2026-03-19 06:00:00,0,0.5384157354003751,0.46158426459962487,Buy,96.3395,96.69908,95.92997,96.22962,8687
2026-03-19 07:00:00,0,0.5329214376799202,0.4670785623200798,Buy,96.219635,96.878876,95.21079,96.65913,19313
2026-03-19 08:00:00,0,0.539736980769671,0.460263019230329,Buy,96.63915,97.18852,95.70023,96.67911,19001
2026-03-19 09:00:00,1,0.5540408516221449,0.4459591483778551,Buy,96.67911,98.84662,94.301834,95.05097,41140
2026-03-19 10:00:00,1,0.546938917235388,0.453061082764612,Buy,95.05097,96.38944,94.75132,96.11975,20456
2026-03-19 11:00:00,1,0.5433158844978487,0.45668411550215127,Buy,96.11975,97.62802,95.84007,96.52928,14811
2026-03-19 12:00:00,1,0.5462403903898416,0.4537596096101584,Buy,96.55924,96.82893,95.16085,96.17968,23469
2026-03-19 13:00:00,1,0.5502807821769965,0.4497192178230035,Buy,96.17968,97.13858,95.25075,95.97991,41511
2026-03-19 14:00:00,1,0.5407372495435616,0.4592627504564384,Buy,95.96992,97.12859,95.670265,96.38944,28418
2026-03-19 15:00:00,0,0.49832549271758747,0.5016745072824125,Hold,96.39943,100.364876,95.58037,97.96763,66671
2026-03-19 16:00:00,0,0.4724270430449995,0.5275729569550005,Hold,97.93766,98.55695,96.52928,97.02871,35529
2026-03-19 17:00:00,0,0.449597613297183,0.5504023867028169,Hold,97.018715,97.16855,95.01102,95.69024,28235
2026-03-19 18:00:00,0,0.4089287178039812,0.5910712821960188,Hold,95.69024,96.08978,94.052124,94.87118,35450
2026-03-19 19:00:00,0,0.3850520843017678,0.6149479156982323,Hold,94.86119,95.19081,91.994484,94.12204,42874
2026-03-19 20:00:00,0,0.3652663319841742,0.6347336680158258,Hold,94.11205,94.66142,93.862335,94.48163,7314
2026-03-19 22:00:00,0,0.35844424556927473,0.6415557544307253,Hold,94.351776,94.69138,93.84236,93.88232,2250
2026-03-19 23:00:00,0,0.35376065009303836,0.6462393499069616,Hold,93.84236,94.04213,93.51274,93.85235,2286
2026-03-20 00:00:00,0,0.3727442503998029,0.6272557496001971,Hold,93.85235,94.34179,93.29299,94.09207,5603
2026-03-20 01:00:00,0,0.40071249359894695,0.599287506401053,Hold,94.06211,94.241905,92.36406,92.86349,11139
2026-03-20 02:00:00,0,0.41328634395025166,0.5867136560497483,Hold,92.85349,93.612625,92.75361,93.5527,6754
2026-03-20 03:00:00,0,0.45600133452986613,0.5439986654701339,Hold,93.5427,94.052124,93.27301,93.76245,4006
2026-03-20 04:00:00,0,0.46846561217630833,0.5315343878236917,Hold,93.74248,93.96223,93.30298,93.942245,2507
2026-03-20 05:00:00,1,0.48532751046187905,0.514672489538121,Hold,93.95223,94.12204,93.18312,93.33295,4627
2026-03-20 06:00:00,0,0.5059982185811461,0.49400178141885387,Buy,93.33295,94.64144,93.32296,94.40172,5807
2026-03-20 07:00:00,0,0.5252295360575078,0.4747704639424922,Buy,94.40172,94.67141,93.43283,93.58266,7809
2026-03-20 08:00:00,0,0.5202814808673656,0.4797185191326344,Buy,93.5527,95.41056,93.18312,95.3806,18527
2026-03-20 09:00:00,0,0.5307645787857123,0.46923542121428774,Buy,95.36062,96.04983,94.97107,95.77015,15051
2026-03-20 10:00:00,0,0.5324918545268115,0.46750814547318853,Buy,95.77015,96.3395,95.19081,95.33065,10178
2026-03-20 11:00:00,1,0.5416063904047459,0.4583936095952541,Buy,95.32066,95.40057,93.97221,94.082085,12782
2026-03-20 12:00:00,1,0.540599417075981,0.459400582924019,Buy,94.0721,95.09093,93.79242,94.89116,15539
2026-03-20 13:00:00,0,0.5364063755018991,0.46359362449810093,Buy,94.89116,96.10976,94.67141,95.919975,24205
2026-03-20 14:00:00,0,0.5330398241953355,0.46696017580466453,Buy,95.9,96.958786,95.17084,96.73904,22443
2026-03-20 15:00:00,1,0.4929707029506307,0.5070292970493693,Hold,96.72905,96.92882,95.58037,96.44937,24614
2026-03-20 16:00:00,1,0.47040113209655016,0.5295988679034498,Hold,96.44937,97.66798,96.11975,97.428246,19826
2026-03-20 17:00:00,1,0.44811545036501055,0.5518845496349895,Hold,97.428246,98.39713,97.26843,97.9077,26762
2026-03-20 18:00:00,0,0.426442442925098,0.5735575570749021,Hold,97.9077,98.63686,96.82893,98.47704,43671
2026-03-20 19:00:00,1,0.42255231042892333,0.5774476895710767,Hold,98.47704,98.63686,97.28841,97.36832,15071
2026-03-20 20:00:00,1,0.40462185398610595,0.595378146013894,Hold,97.3783,98.04754,97.32836,97.977615,7039
2026-03-22 22:00:00,0,0.38751858508604625,0.6124814149139537,Hold,100.394844,101.38371,96.63915,97.96763,21666
2026-03-22 23:00:00,0,0.3666088973263478,0.6333911026736522,Hold,97.977615,98.666824,97.707924,98.47704,4523
2026-03-23 00:00:00,0,0.36717881108854866,0.6328211889114513,Hold,98.46706,98.826645,97.787834,98.04754,5757
2026-03-23 01:00:00,1,0.382650292888988,0.617349707111012,Hold,98.04754,98.63686,97.87773,98.46706,7385
2026-03-23 02:00:00,0,0.43111912743461406,0.568880872565386,Hold,98.45707,98.99645,98.28726,98.7767,5320
2026-03-23 03:00:00,0,0.4593742520107235,0.5406257479892764,Hold,98.7767,99.216194,98.746735,99.09634,2993
2026-03-23 04:00:00,1,0.4862803945523224,0.5137196054476776,Hold,99.09634,99.18623,98.686806,98.7767,2124
2026-03-23 05:00:00,1,0.5020032130403778,0.49799678695962224,Buy,98.78669,98.87659,97.84776,98.37716,4867
2026-03-23 06:00:00,0,0.5243721393161447,0.4756278606838553,Buy,98.387146,100.724464,98.26729,100.45477,14058
2026-03-23 07:00:00,0,0.5241696501458215,0.4758303498541785,Buy,100.4348,101.55351,100.21505,100.98417,10772
2026-03-23 08:00:00,0,0.5400414365988669,0.45995856340113306,Buy,100.98417,100.98417,99.22619,99.22619,18330
2026-03-23 09:00:00,0,0.5354588610862899,0.46454113891371007,Buy,99.20621,99.32607,97.9976,98.7767,12839
2026-03-23 10:00:00,0,0.5421875866657738,0.4578124133342262,Buy,98.766716,99.316086,97.28841,98.47704,9686
2026-03-23 11:00:00,0,0.5218697633634475,0.4781302366365525,Buy,98.46706,98.65684,84.27334,92.39402,71371
2026-03-23 12:00:00,0,0.5268082983328158,0.47319170166718416,Buy,92.38403,93.21308,88.4885,89.29758,37921
2026-03-23 13:00:00,0,0.5177397636876083,0.4822602363123917,Buy,89.26761,91.18541,88.02903,89.03787,39713
2026-03-23 14:00:00,0,0.5226755102408701,0.4773244897591299,Buy,89.04786,90.20653,87.86921,89.14774,35005
2026-03-23 15:00:00,0,0.48286663812465314,0.5171333618753469,Hold,89.14774,90.72594,85.33212,90.39632,68148
2026-03-23 16:00:00,0,0.45500659261954124,0.5449934073804588,Hold,90.36635,91.76475,89.007904,89.54729,40683
2026-03-23 17:00:00,0,0.44103482204715905,0.558965177952841,Hold,89.54729,90.20653,88.398605,88.5784,25995
2026-03-23 18:00:00,0,0.4055760102007938,0.5944239897992062,Hold,88.56841,89.40745,86.63063,87.6195,33094
2026-03-23 19:00:00,0,0.38532571196291254,0.6146742880370875,Hold,87.59952,88.74821,87.329834,88.60837,9921
2026-03-23 20:00:00,0,0.35457324798491613,0.6454267520150838,Hold,88.59837,89.357506,88.288734,88.76818,5110
2026-03-23 22:00:00,0,0.33297879459191526,0.6670212054080847,Hold,88.67828,89.39746,88.618355,89.027885,2014
2026-03-23 23:00:00,0,0.3300322825444504,0.6699677174555496,Hold,89.027885,89.48736,88.398605,89.34752,3037
2026-03-24 00:00:00,0,0.34791159224584345,0.6520884077541566,Hold,89.337524,90.895744,89.247635,90.30642,10418
2026-03-24 01:00:00,0,0.36613409807976083,0.6338659019202392,Hold,90.296425,91.79471,90.28644,91.42513,7563
2026-03-24 02:00:00,0,0.40859577301895933,0.5914042269810407,Hold,91.415146,91.89459,90.845795,91.15544,6461
2026-03-24 03:00:00,0,0.4521868075214928,0.5478131924785072,Hold,91.17542,91.75475,91.13547,91.52502,2664
2026-03-24 04:00:00,0,0.4909625539030089,0.5090374460969911,Hold,91.51503,91.93455,91.365204,91.415146,2615
2026-03-24 05:00:00,0,0.5137875770597456,0.48621242294025435,Buy,91.43512,92.184265,91.20538,91.475075,4519
2026-03-24 06:00:00,0,0.53350771449281,0.46649228550719,Buy,91.48506,91.554985,90.50619,90.73592,7073
2026-03-24 07:00:00,0,0.5529292293807021,0.4470707706192979,Buy,90.7559,90.97565,89.28758,89.337524,12454
2026-03-24 08:00:00,0,0.547534723604278,0.452465276395722,Buy,89.34752,90.705956,89.007904,90.436264,17924
2026-03-24 09:00:00,0,0.5461053963218995,0.45389460367810053,Buy,90.436264,91.34522,90.16658,90.296425,8824
2026-03-24 10:00:00,0,0.5463624905773378,0.45363750942266223,Buy,90.31641,90.536156,89.32754,90.266464,7916
2026-03-24 11:00:00,0,0.541091704350926,0.458908295649074,Buy,90.266464,91.32525,89.86692,90.76589,10581
2026-03-24 12:00:00,0,0.5414386157950857,0.4585613842049143,Buy,90.7559,92.104355,90.675995,91.694824,16008
2026-03-24 13:00:00,0,0.5440266868916778,0.45597331310832223,Buy,91.68484,92.573814,91.335236,91.964516,26495
2026-03-24 14:00:00,0,0.5561594718775271,0.4438405281224729,Buy,91.9745,92.20424,90.41629,91.04557,33830
2026-03-24 15:00:00,0,0.5099113947266541,0.49008860527334586,Buy,91.04557,92.28415,90.456245,92.12433,20597
2026-03-24 16:00:00,0,0.4849220629937964,0.5150779370062035,Hold,92.11434,92.78358,91.81469,92.53386,18440
2026-03-24 17:00:00,0,0.4695157158385767,0.5304842841614232,Hold,92.56383,93.25304,91.085526,91.65487,23885
2026-03-24 18:00:00,0,0.43547216283158896,0.564527837168411,Hold,91.664856,92.513885,90.845795,91.65487,25616
2026-03-24 19:00:00,0,0.40543801761477016,0.5945619823852298,Hold,91.65487,91.884605,91.05556,91.79471,6688
2026-03-24 20:00:00,0,0.381527996491954,0.618472003508046,Hold,91.79471,91.84465,86.24108,88.288734,28912
2026-03-24 22:00:00,0,0.335159970500197,0.6648400294998029,Hold,88.38862,89.25762,87.69941,88.67828,5434
2026-03-24 23:00:00,0,0.32709240799982897,0.672907592000171,Hold,88.648315,88.89803,88.40859,88.758194,2565
2026-03-25 00:00:00,0,0.3573600416258023,0.6426399583741977,Hold,88.788155,88.89803,86.62064,87.689415,10856
2026-03-25 01:00:00,0,0.36427389081039174,0.6357261091896083,Hold,87.689415,87.97909,86.69057,87.48965,6823
2026-03-25 02:00:00,0,0.4093811625062118,0.5906188374937882,Hold,87.49963,89.06784,87.219955,88.89803,4974
2026-03-25 03:00:00,0,0.45493837052957514,0.5450616294704249,Hold,88.928,89.12777,88.26875,88.84809,4269
2026-03-25 04:00:00,0,0.4815817373323808,0.5184182626676193,Hold,88.85808,88.99792,88.178856,88.2288,2850
2026-03-25 05:00:00,0,0.5021975430598429,0.4978024569401571,Buy,88.26875,89.247635,88.258766,89.06784,2884
2026-03-25 06:00:00,0,0.5366229551323846,0.46337704486761544,Buy,89.04786,89.46738,88.808136,89.11778,4229
2026-03-25 07:00:00,0,0.550573080300095,0.449426919699905,Buy,89.10779,89.15774,88.148895,88.26875,7446
2026-03-25 08:00:00,0,0.5498450040554735,0.45015499594452646,Buy,88.24878,88.43856,86.49079,87.5296,19204
2026-03-25 09:00:00,0,0.5572065232116975,0.4427934767883025,Buy,87.50963,88.68827,87.08012,87.64947,11188
2026-03-25 10:00:00,1,0.5565221789685364,0.4434778210314636,Buy,87.60951,87.83925,86.80044,86.99022,8962
2026-03-25 11:00:00,1,0.5607250676216069,0.4392749323783931,Buy,87.000206,87.85922,86.36094,87.16003,13965
2026-03-25 12:00:00,0,0.5669368059417806,0.43306319405821936,Buy,87.15004,89.28758,86.93029,88.35865,25896
2026-03-25 13:00:00,0,0.5672599258175894,0.43274007418241056,Buy,88.34866,88.70825,87.31984,88.58839,29964
2026-03-25 14:00:00,0,0.5567510068998217,0.4432489931001783,Buy,88.59837,89.07783,88.15888,88.91801,23964
2026-03-25 15:00:00,0,0.5152415349509635,0.4847584650490365,Buy,88.91801,90.28644,88.73821,90.236496,25844
2026-03-25 16:00:00,0,0.4841979624506872,0.5158020375493129,Hold,90.25648,90.57611,89.25762,90.08667,23900
2026-03-25 17:00:00,0,0.4637261193963624,0.5362738806036376,Hold,90.07668,90.845795,89.12777,90.20653,26152
2026-03-25 18:00:00,0,0.4208838512122399,0.5791161487877601,Hold,90.21652,91.27531,89.80699,91.1055,21969
2026-03-25 19:00:00,0,0.4019400275218441,0.5980599724781559,Hold,91.13547,91.6249,90.456245,90.845795,7836
2026-03-25 20:00:00,0,0.38742880522248563,0.6125711947775143,Hold,90.83581,91.395164,90.83581,91.18541,2896
2026-03-25 22:00:00,0,0.40576589232805643,0.5942341076719435,Hold,91.27531,91.31526,90.77588,90.895744,1446
2026-03-25 23:00:00,0,0.40460770039064153,0.5953922996093585,Hold,90.87576,91.12548,90.60607,90.97565,1073
2026-03-26 00:00:00,0,0.40398741292848755,0.5960125870715125,Hold,90.97565,91.495056,90.845795,91.13547,3808
2026-03-26 01:00:00,0,0.4306531857974364,0.5693468142025636,Hold,91.09551,91.50504,90.83581,91.16543,3523
2026-03-26 02:00:00,0,0.46982798166907047,0.5301720183309295,Hold,91.18541,91.884605,90.97565,91.79471,4091
2026-03-26 03:00:00,1,0.5098286422188791,0.49017135778112086,Buy,91.804695,91.994484,91.475075,91.634895,2760
2026-03-26 04:00:00,0,0.5209446876145343,0.4790553123854657,Buy,91.64488,92.044426,91.51503,91.964516,2039
2026-03-26 05:00:00,1,0.5332040015136136,0.4667959984863864,Buy,91.9745,92.324104,91.81469,92.23421,4407
2026-03-26 06:00:00,1,0.5535471353408928,0.44645286465910716,Buy,92.23421,92.39402,91.994484,92.20424,6033
2026-03-26 07:00:00,0,0.555422228196226,0.444577771803774,Buy,92.20424,93.22307,92.184265,92.97336,8986
2026-03-26 08:00:00,0,0.5627467109041199,0.4372532890958801,Buy,92.94339,94.022156,92.593796,93.5527,12983
2026-03-26 09:00:00,0,0.5676226834592851,0.4323773165407149,Buy,93.532715,93.84236,93.09322,93.40286,8902
2026-03-26 10:00:00,0,0.5666860522060881,0.43331394779391186,Buy,93.40286,93.64259,92.55384,93.143166,9390
2026-03-26 11:00:00,0,0.5626572143354186,0.4373427856645814,Buy,93.13317,94.73134,92.9334,94.551544,9552
2026-03-26 12:00:00,0,0.5621438558902787,0.4378561441097213,Buy,94.571526,94.711365,93.85235,94.32181,11927
2026-03-26 13:00:00,1,0.5559179322834411,0.4440820677165589,Buy,94.32181,94.37176,92.61377,92.75361,27313
2026-03-26 14:00:00,0,0.5608027441250767,0.4391972558749233,Buy,92.77359,94.082085,92.324104,93.59264,32402
2026-03-26 15:00:00,0,0.5243615473440537,0.4756384526559463,Buy,93.57267,94.631454,93.38289,94.48163,22337
2026-03-26 16:00:00,0,0.5079031993856767,0.49209680061432326,Buy,94.47164,95.13088,94.21194,94.601494,18010
2026-03-26 17:00:00,0,0.47853180634083864,0.5214681936591614,Hold,94.601494,95.33065,94.5016,95.13088,13648
2026-03-26 18:00:00,0,0.45172109773891594,0.5482789022610841,Hold,95.13088,95.180824,93.96223,94.21194,16341
2026-03-26 19:00:00,0,0.42574633490239,0.57425366509761,Hold,94.21194,94.551544,93.87233,93.99219,5834
2026-03-26 20:00:00,0,0.40476160616270784,0.5952383938372922,Hold,94.002174,94.351776,89.40745,93.68254,21277
2026-03-26 22:00:00,0,0.3802569735398738,0.6197430264601262,Hold,93.203094,93.6326,92.91343,93.13317,2003
2026-03-26 23:00:00,0,0.37222843216048634,0.6277715678395137,Hold,93.15315,93.35292,92.953384,93.143166,1337
2026-03-27 00:00:00,0,0.3909088361919946,0.6090911638080054,Hold,93.13317,94.04213,92.63375,93.97221,5496
2026-03-27 01:00:00,0,0.40730822566984043,0.5926917743301596,Hold,93.97221,94.09207,92.86349,92.953384,4529
2026-03-27 02:00:00,1,0.43122505383242454,0.5687749461675755,Hold,92.9334,93.4628,91.9745,93.29299,5052
2026-03-27 03:00:00,1,0.46901408794120514,0.5309859120587949,Hold,93.27301,93.692535,93.24305,93.38289,2582
2026-03-27 04:00:00,1,0.48261488323240936,0.5173851167675907,Hold,93.38289,93.76245,93.34293,93.71251,1509
2026-03-27 05:00:00,1,0.5088422633186969,0.49115773668130314,Buy,93.692535,93.9822,93.43283,93.96223,3240
2026-03-27 06:00:00,1,0.5278793547537726,0.47212064524622743,Buy,93.95223,94.34179,93.56268,94.241905,4246
2026-03-27 07:00:00,1,0.5468321676682757,0.4531678323317243,Buy,94.221924,95.36062,94.11205,94.961075,9933
2026-03-27 08:00:00,0,0.5508836115420498,0.4491163884579502,Buy,94.97107,96.19965,94.75132,95.9899,12155
2026-03-27 09:00:00,1,0.5557452808437258,0.44425471915627424,Buy,95.9899,96.63915,95.66028,95.9899,8943
2026-03-27 10:00:00,0,0.5453282542228979,0.4546717457771021,Buy,95.9899,97.02871,95.69024,96.92882,7749
2026-03-27 11:00:00,1,0.552145387856885,0.44785461214311495,Buy,96.91883,97.10861,96.17968,96.52928,7759
2026-03-27 12:00:00,1,0.5533666411191575,0.44663335888084255,Buy,96.52928,97.13858,96.329506,96.65913,9741
2026-03-27 13:00:00,1,0.5480549381066778,0.4519450618933222,Buy,96.65913,97.75787,96.45936,97.647995,22274
2026-03-27 14:00:00,0,0.5587536838944605,0.44124631610553955,Buy,97.65798,98.23732,96.74902,98.06751,23712
2026-03-27 15:00:00,1,0.5260228739574043,0.4739771260425957,Buy,98.06751,98.0775,96.848915,97.87773,21735
2026-03-27 16:00:00,1,0.4917949904365357,0.5082050095634643,Hold,97.867744,98.78669,97.61803,98.69679,18121
2026-03-27 17:00:00,1,0.4808450832079798,0.5191549167920202,Hold,98.69679,98.72676,97.96763,98.47704,14408
2026-03-27 18:00:00,1,0.43842147640918977,0.5615785235908102,Hold,98.48703,99.925385,98.43709,99.05638,33377
2026-03-27 19:00:00,1,0.4405656901525452,0.5594343098474548,Hold,99.046394,100.42481,98.71677,99.54582,18121
2026-03-27 20:00:00,0,0.441994342854994,0.558005657145006,Hold,99.52584,101.12401,98.88657,101.06408,12477
2026-03-29 22:00:00,0,0.4178003045602349,0.582199695439765,Hold,102.48245,103.26156,101.074066,102.003,11834
2026-03-29 23:00:00,0,0.40856746470236116,0.5914325352976388,Hold,102.01299,102.802086,101.7433,102.67223,4799
2026-03-30 00:00:00,0,0.4334633698084937,0.5665366301915062,Hold,102.68222,103.03182,100.93423,102.90197,11173
2026-03-30 01:00:00,0,0.4396992334326429,0.5603007665673572,Hold,102.93194,103.09175,101.59347,101.86316,6683
2026-03-30 02:00:00,0,0.47539823068212833,0.5246017693178717,Hold,101.873146,102.941925,101.0441,101.55351,6332
2026-03-30 03:00:00,0,0.511012636814602,0.48898736318539804,Buy,101.55351,101.63342,100.145134,101.463615,10013
2026-03-30 04:00:00,0,0.5194661515825768,0.4805338484174232,Buy,101.463615,101.463615,100.964195,101.353745,2369
2026-03-30 05:00:00,0,0.5249401025734562,0.47505989742654375,Buy,101.373726,101.41367,100.444786,100.73446,4122
2026-03-30 06:00:00,0,0.5318255182621456,0.46817448173785436,Buy,100.71448,101.653404,100.30495,101.47361,6057
2026-03-30 07:00:00,0,0.5469210193804342,0.45307898061956575,Buy,101.463615,102.07292,101.024124,101.573494,8399
2026-03-30 08:00:00,0,0.5463068912991316,0.45369310870086843,Buy,101.56351,102.372574,100.54467,100.9542,10554
2026-03-30 09:00:00,0,0.5415688254975077,0.45843117450249227,Buy,100.944214,101.73331,100.64456,101.47361,6251
2026-03-30 10:00:00,0,0.54820278445577,0.45179721554423,Buy,101.4836,101.923096,101.18394,101.58348,4499
2026-03-30 11:00:00,1,0.5477800643168099,0.4522199356831901,Buy,101.573494,101.653404,99.316086,100.994156,14105
2026-03-30 12:00:00,1,0.5375991901069167,0.4624008098930833,Buy,100.98417,101.373726,100.38486,100.56465,10655
2026-03-30 13:00:00,0,0.5355716785077891,0.4644283214922109,Buy,100.57464,102.74215,99.87544,102.28268,27799
2026-03-30 14:00:00,1,0.5319666142773778,0.4680333857226222,Buy,102.29267,102.392555,101.213905,101.95306,22629
2026-03-30 15:00:00,0,0.499887324902407,0.500112675097593,Hold,101.95306,102.91196,101.38371,102.85203,23808
2026-03-30 16:00:00,1,0.48458297049202725,0.5154170295079727,Hold,102.84204,103.741005,102.34261,102.81207,18699
2026-03-30 17:00:00,1,0.4626521729380264,0.5373478270619736,Hold,102.802086,103.61115,102.612305,103.25157,15369
2026-03-30 18:00:00,1,0.42613922218168887,0.5738607778183111,Hold,103.26156,103.29152,102.232735,103.20162,19149
2026-03-30 19:00:00,1,0.41088831880713617,0.5891116811928638,Hold,103.191635,104.230446,103.04181,104.0107,12436
2026-03-30 20:00:00,0,0.39732653102706017,0.6026734689729398,Hold,104.00071,105.23929,103.99072,104.88969,7011
2026-03-30 22:00:00,0,0.3857850279738687,0.6142149720261313,Hold,104.94962,105.51897,104.38027,105.44905,2677
2026-03-30 23:00:00,0,0.3938361440787785,0.6061638559212215,Hold,105.45904,106.73757,105.37913,106.08832,6672
2026-03-31 00:00:00,0,0.3941686097505244,0.6058313902494756,Hold,106.05835,106.41794,103.94078,103.95077,11246
2026-03-31 01:00:00,0,0.3879409172349831,0.612059082765017,Hold,103.94078,104.62999,100.71448,101.56351,19151
2026-03-31 02:00:00,0,0.4053633218647258,0.5946366781352742,Hold,101.543526,102.46247,101.31379,102.12286,7005
2026-03-31 03:00:00,0,0.447254001667614,0.552745998332386,Hold,102.14284,103.04181,101.45363,102.872,5276
2026-03-31 04:00:00,0,0.47275691885419663,0.5272430811458033,Hold,102.85203,103.01184,102.472466,102.68222,2161
2026-03-31 05:00:00,0,0.5023329767554336,0.49766702324456635,Buy,102.66225,103.331474,102.34261,102.60231,3577
2026-03-31 06:00:00,0,0.5205400662799122,0.47945993372008777,Buy,102.58234,102.941925,102.33262,102.54238,3499
2026-03-31 07:00:00,1,0.5289001742656565,0.4710998257343435,Buy,102.55237,103.32149,101.683365,101.9131,7664
2026-03-31 08:00:00,0,0.5294027601555396,0.47059723984446045,Buy,101.923096,102.7921,101.79324,102.34261,10107
2026-03-31 09:00:00,0,0.5306390241224951,0.4693609758775049,Buy,102.3526,104.21047,101.18394,104.08062,13979
2026-03-31 10:00:00,0,0.5335830495095918,0.4664169504904082,Buy,104.08062,104.8797,103.55122,104.699905,11627
2026-03-31 11:00:00,0,0.537584988282766,0.462415011717234,Buy,104.70989,105.09945,102.422516,102.7022,20451
2026-03-31 12:00:00,0,0.5289577494068258,0.47104225059317417,Buy,102.68222,103.91081,102.15283,103.04181,18867
2026-03-31 13:00:00,0,0.5297362035316974,0.47026379646830263,Buy,103.06178,103.77097,102.08291,102.3526,21747
2026-03-31 14:00:00,0,0.529906741185574,0.470093258814426,Buy,102.3526,104.28039,101.99301,104.17052,29241
2026-03-31 15:00:00,0,0.4973257106841213,0.5026742893158787,Hold,104.17052,104.65995,103.4014,104.49015,28039
2026-03-31 16:00:00,0,0.46577785319533493,0.5342221468046651,Hold,104.50014,104.919655,99.88543,101.71333,58066
2026-03-31 17:00:00,0,0.4277573170655985,0.5722426829344015,Hold,101.69336,102.52241,99.50587,102.312645,43019
2026-03-31 18:00:00,0,0.39763082163883184,0.6023691783611682,Hold,102.32263,102.38257,100.68451,102.22275,35096
2026-03-31 19:00:00,0,0.3705986227495307,0.6294013772504693,Hold,102.21276,102.38257,101.53354,101.96304,7357
2026-03-31 20:00:00,0,0.354905076269838,0.645094923730162,Hold,101.983025,102.03297,100.554665,101.44364,5877
2026-03-31 22:00:00,0,0.33664164817435854,0.6633583518256414,Hold,101.60346,102.73216,101.40369,102.08291,3102
2026-03-31 23:00:00,0,0.34586233687080586,0.6541376631291942,Hold,102.08291,102.12286,101.49358,101.49358,2819
2026-04-01 00:00:00,0,0.3357299162002909,0.6642700837997091,Hold,101.513565,102.452484,101.433655,102.02298,4164
2026-04-01 01:00:00,0,0.35123474081306477,0.6487652591869353,Hold,102.02298,103.04181,101.763275,102.862015,6365
2026-04-01 02:00:00,0,0.3872963115350003,0.6127036884649997,Hold,102.84204,103.191635,102.41253,103.06178,2372
2026-04-01 03:00:00,0,0.4342214330327128,0.5657785669672872,Hold,103.06178,103.191635,102.68222,102.83205,2188
2026-04-01 04:00:00,0,0.4579477824580641,0.5420522175419359,Hold,102.84204,103.01184,102.392555,102.4425,1804
2026-04-01 05:00:00,0,0.4905225111930009,0.5094774888069991,Hold,102.452484,102.56236,100.914246,101.16396,5938
2026-04-01 06:00:00,1,0.5146306660814683,0.48536933391853165,Buy,101.14399,101.22389,96.53927,96.86889,27178
2026-04-01 07:00:00,0,0.5209821336315397,0.47901786636846033,Buy,96.83892,98.47704,96.38944,98.24731,18897
2026-04-01 08:00:00,0,0.5251267387556369,0.47487326124436313,Buy,98.24731,99.30609,97.837776,99.20621,14455
2026-04-01 09:00:00,0,0.5230502327173502,0.4769497672826498,Buy,99.20621,100.54467,98.99645,99.94536,12541
2026-04-01 10:00:00,0,0.5306866686149397,0.46931333138506026,Buy,99.925385,100.474754,99.32607,99.865456,11091
2026-04-01 11:00:00,0,0.5331766508355477,0.46682334916445234,Buy,99.845474,100.04524,98.21735,98.686806,12149
2026-04-01 12:00:00,0,0.5305036029746695,0.4694963970253305,Buy,98.666824,100.77441,97.89771,100.46477,26260
2026-04-01 13:00:00,0,0.5283502038505399,0.4716497961494601,Buy,100.474754,100.89427,98.32722,98.84662,31709
2026-04-01 14:00:00,0,0.5284458877185821,0.47155411228141786,Buy,98.84662,99.46591,98.117455,98.9565,25788
2026-04-01 15:00:00,0,0.4841270441033844,0.5158729558966155,Hold,98.9465,100.16511,98.826645,99.61574,20682
2026-04-01 16:00:00,0,0.45245763417120693,0.547542365828793,Hold,99.625725,100.744446,99.515854,99.9154,16106
2026-04-01 17:00:00,0,0.4288976426032824,0.5711023573967176,Hold,99.89542,99.925385,98.46706,99.19622,18284
2026-04-01 18:00:00,0,0.3956003374341712,0.6043996625658288,Hold,99.19622,100.32493,99.05638,99.71562,22383
2026-04-01 19:00:00,0,0.3751733902318065,0.6248266097681935,Hold,99.7356,99.77556,98.73675,99.40598,10051
2026-04-01 20:00:00,1,0.36022338437399043,0.6397766156260096,Hold,99.41597,99.88543,98.64685,98.79668,3597
2026-04-01 22:00:00,0,0.33119870592580064,0.6688012940741994,Hold,98.80666,99.09634,98.25729,98.936516,1485
2026-04-01 23:00:00,1,0.3354690054931606,0.6645309945068394,Hold,98.91654,99.0364,98.517,98.826645,1715
2026-04-02 00:00:00,1,0.3550311201588145,0.6449688798411854,Hold,98.766716,98.906555,97.38829,97.91769,7454
2026-04-02 01:00:00,0,0.3610011854387102,0.6389988145612898,Hold,97.91769,104.38027,97.66798,104.05065,31939
2026-04-02 02:00:00,0,0.4088226082946591,0.5911773917053409,Hold,104.00071,104.52011,103.42137,103.681076,7873
2026-04-02 03:00:00,0,0.43942682326512617,0.5605731767348738,Hold,103.681076,104.70989,103.59118,104.590034,4442
2026-04-02 04:00:00,1,0.47353582325073523,0.5264641767492648,Hold,104.58005,105.52895,104.530106,104.839745,6853
2026-04-02 05:00:00,1,0.4980154642730317,0.5019845357269683,Hold,104.81977,106.02838,104.39026,106.018394,5822
2026-04-02 06:00:00,1,0.5265111265857595,0.4734888734142405,Buy,105.97844,106.62769,105.72873,105.97844,11417
2026-04-02 07:00:00,1,0.5362997295123347,0.46370027048766527,Buy,105.94848,106.54779,105.688774,106.11828,7450
2026-04-02 08:00:00,1,0.5250510193494301,0.4749489806505699,Buy,106.11828,107.117134,105.938484,107.10715,9448
2026-04-02 09:00:00,1,0.5269856960011144,0.47301430399888555,Buy,107.07718,107.90623,106.80749,107.54664,10842
2026-04-02 10:00:00,1,0.5276879905278087,0.4723120094721913,Buy,107.526665,108.49555,107.36685,108.2858,12653
2026-04-02 11:00:00,1,0.5255652794314336,0.4744347205685664,Buy,108.2858,109.804054,108.20589,109.63425,17943
2026-04-02 12:00:00,0,0.5125343191662455,0.4874656808337545,Buy,109.64423,113.210144,109.27466,113.010376,40033
2026-04-02 13:00:00,0,0.519917408353579,0.480082591646421,Buy,113.02036,113.839424,110.57317,110.902794,55203
2026-04-02 14:00:00,0,0.5231381941822179,0.47686180581778215,Buy,110.902794,111.592,106.49785,108.68533,55889
2026-04-02 15:00:00,0,0.48783630752210216,0.5121636924778978,Hold,108.67535,112.00153,108.24584,111.38224,38139
2026-04-02 16:00:00,1,0.4587595920255966,0.5412404079744034,Hold,111.37225,112.031494,110.3734,110.872826,20961
2026-04-02 17:00:00,0,0.4423253089892449,0.5576746910107551,Hold,110.88281,111.87168,109.913925,111.582016,21272
2026-04-02 18:00:00,1,0.40993678815419615,0.5900632118458038,Hold,111.562035,112.17134,110.66307,111.00268,26825
2026-04-02 19:00:00,1,0.4092516878575932,0.5907483121424069,Hold,110.982704,111.63196,110.64309,111.342285,8619
2026-04-02 20:00:00,0,0.4075188923414496,0.5924811076585503,Hold,111.32231,111.9416,111.19246,111.93161,4549
2026-04-05 22:00:00,0,0.4040116285549869,0.5959883714450132,Hold,112.83058,115.347694,112.37111,113.559746,10746
2026-04-05 23:00:00,0,0.4051252375166035,0.5948747624833965,Hold,113.559746,114.31887,112.75067,114.17903,3597
2026-04-06 00:00:00,0,0.39015306321536275,0.6098469367846373,Hold,114.169044,114.21899,111.67191,112.07145,7268
2026-04-06 01:00:00,0,0.39135581340060976,0.6086441865993902,Hold,112.10142,112.660774,111.37225,111.67191,5616
2026-04-06 02:00:00,0,0.4118640126567273,0.5881359873432728,Hold,111.67191,111.87168,109.37454,111.38224,9059
2026-04-06 03:00:00,0,0.43894794080753446,0.5610520591924655,Hold,111.39223,112.22128,111.032646,111.202446,4462
2026-04-06 04:00:00,0,0.4535619576859645,0.5464380423140355,Hold,111.172485,111.532074,110.653076,111.28236,2757
2026-04-06 05:00:00,0,0.4710183939788842,0.5289816060211159,Hold,111.29234,111.95159,110.89281,111.61198,2785
2026-04-06 06:00:00,0,0.4964274763377918,0.5035725236622082,Hold,111.62197,112.14137,110.51324,110.74297,6456
2026-04-06 07:00:00,0,0.505386264978214,0.49461373502178596,Buy,110.67306,111.51209,108.76524,109.29464,6944
2026-04-06 08:00:00,1,0.5084654549297535,0.4915345450702465,Buy,109.254684,110.053764,108.79521,109.364555,5692
2026-04-06 09:00:00,0,0.5006467018516694,0.4993532981483306,Buy,109.34458,111.592,109.05491,111.3323,6140
2026-04-06 10:00:00,0,0.5099019966732081,0.4900980033267919,Buy,111.28236,111.3323,109.62426,109.81404,5516
2026-04-06 11:00:00,1,0.502875166167464,0.49712483383253603,Buy,109.79407,110.42334,109.474434,109.993835,3677
2026-04-06 12:00:00,1,0.5048515142095114,0.49514848579048865,Buy,109.973854,110.84286,109.804054,110.03379,5842
2026-04-06 13:00:00,0,0.5057925570039211,0.4942074429960789,Buy,110.06375,113.010376,109.71416,111.82174,19612
2026-04-06 14:00:00,0,0.5066766382445355,0.49332336175546454,Buy,111.81175,112.70073,110.16364,110.83287,23140
2026-04-06 15:00:00,0,0.4751228948957904,0.5248771051042096,Hold,110.82288,112.57088,110.723,111.76181,12702
2026-04-06 16:00:00,0,0.44795194945206473,0.5520480505479353,Hold,111.751816,112.15136,111.04263,112.12139,8412
2026-04-06 17:00:00,0,0.45063433151420973,0.5493656684857903,Hold,112.111404,114.14907,112.09143,113.93931,16150
2026-04-06 18:00:00,0,0.40133407996471676,0.5986659200352833,Hold,113.93931,114.089134,111.60199,112.09143,18658
2026-04-06 19:00:00,0,0.38446202996256784,0.6155379700374322,Hold,112.08144,112.86055,111.73184,112.331154,5368
2026-04-06 20:00:00,0,0.3742173581696994,0.6257826418303005,Hold,112.32117,112.930466,112.111404,112.48098,2994
2026-04-06 22:00:00,0,0.360365414578101,0.639634585421899,Hold,112.49097,113.48982,112.381096,113.24011,2760
2026-04-06 23:00:00,0,0.38129141853511017,0.6187085814648898,Hold,113.28007,113.81945,112.91049,113.70957,1884
2026-04-07 00:00:00,0,0.40287559963167574,0.5971244003683243,Hold,113.699585,113.779495,112.53092,113.19017,4536
2026-04-07 01:00:00,0,0.43001998715187817,0.5699800128481218,Hold,113.230125,115.03805,112.62082,114.78834,8819
2026-04-07 02:00:00,0,0.46758411853435394,0.5324158814656461,Hold,114.77834,115.36767,114.36882,114.82829,5708
2026-04-07 03:00:00,0,0.47777709458868,0.52222290541132,Hold,114.83828,115.6074,114.68845,115.49752,3608
2026-04-07 04:00:00,0,0.502068994940717,0.497931005059283,Buy,115.49752,116.42646,115.00809,115.30774,5599
2026-04-07 05:00:00,0,0.5181382858291478,0.4818617141708522,Buy,115.29775,115.90705,114.8183,115.13793,3434
2026-04-07 06:00:00,0,0.5297716625182525,0.4702283374817475,Buy,115.11796,115.6074,114.5586,114.7284,5846
2026-04-07 07:00:00,0,0.5352807034446354,0.4647192965553646,Buy,114.718414,115.49752,114.44872,115.23782,5628
2026-04-07 08:00:00,1,0.5307104921914932,0.46928950780850676,Buy,115.22783,115.267784,112.2013,112.56089,17870
2026-04-07 09:00:00,1,0.5345042840514286,0.4654957159485714,Buy,112.5509,112.94045,111.152504,112.42105,12519
2026-04-07 10:00:00,1,0.5277306658509495,0.4722693341490505,Buy,112.40108,114.48868,111.62197,114.06916,18007
2026-04-07 11:00:00,0,0.5362451415005838,0.4637548584994162,Buy,114.03919,115.79718,113.7695,115.6873,13428
2026-04-07 12:00:00,0,0.5332940382156689,0.4667059617843311,Buy,115.697296,116.31658,113.97926,114.93816,21965
2026-04-07 13:00:00,0,0.5332524428350006,0.4667475571649994,Buy,114.91819,116.13679,114.388794,116.086845,21165
2026-04-07 14:00:00,0,0.5393564503836754,0.4606435496163246,Buy,116.07686,116.91589,115.287766,116.28661,24225
2026-04-07 15:00:00,0,0.5041144010394922,0.49588559896050777,Buy,116.29661,117.49523,114.36882,114.84827,30045
2026-04-07 16:00:00,0,0.48573530913954366,0.5142646908604563,Hold,114.82829,115.50751,113.49982,115.00809,21049
2026-04-07 17:00:00,0,0.44386451844079716,0.5561354815592028,Hold,114.99809,115.73724,113.210144,113.78948,20924
2026-04-07 18:00:00,0,0.41816585443005266,0.5818341455699474,Hold,113.779495,115.36767,112.39108,114.988106,27129
2026-04-07 19:00:00,0,0.38844206941697523,0.6115579305830248,Hold,114.96813,115.23782,109.07489,112.10142,30789
2026-04-07 20:00:00,0,0.3737224501967113,0.6262775498032886,Hold,112.10142,112.36112,110.04378,110.213585,12209
2026-04-07 22:00:00,0,0.372102660348381,0.627897339651619,Hold,108.61542,109.0649,97.21849,98.666824,38711
2026-04-07 23:00:00,0,0.36443985572071336,0.6355601442792866,Hold,98.67682,98.67682,90.94569,96.34949,39728
2026-04-08 00:00:00,0,0.3440057214433858,0.6559942785566142,Hold,96.40942,98.20735,93.942245,96.81895,26393
2026-04-08 01:00:00,0,0.3499734346328316,0.6500265653671684,Hold,96.8589,97.30839,95.70023,96.609184,10671
2026-04-08 02:00:00,0,0.3900304684199049,0.609969531580095,Hold,96.61918,97.2085,95.890015,96.31952,9679
2026-04-08 03:00:00,0,0.436575771594224,0.563424228405776,Hold,96.30953,96.53927,95.39059,96.2496,6017
2026-04-08 04:00:00,0,0.4785173846251828,0.5214826153748172,Hold,96.23961,97.10861,95.39059,96.61918,6134
2026-04-08 05:00:00,0,0.5034147428287915,0.4965852571712085,Buy,96.58921,96.81895,95.260735,95.65028,5628
2026-04-08 06:00:00,0,0.5321578555789308,0.4678421444210692,Buy,95.63031,95.890015,94.45166,95.77015,11974
2026-04-08 07:00:00,0,0.544350241849143,0.45564975815085695,Buy,95.750175,96.47934,95.52044,95.86005,7972
2026-04-08 08:00:00,0,0.5468224253348924,0.45317757466510755,Buy,95.85006,96.57922,94.80126,94.81125,10799
2026-04-08 09:00:00,0,0.5460559147452275,0.4539440852547725,Buy,94.80126,95.27072,94.03214,94.53157,8817
2026-04-08 10:00:00,0,0.5481406511932911,0.45185934880670886,Buy,94.54156,95.49047,94.022156,94.821236,8201
2026-04-08 11:00:00,0,0.5621588275302727,0.4378411724697273,Buy,94.83123,95.17084,93.01331,93.143166,14572
2026-04-08 12:00:00,0,0.5606999346800302,0.4393000653199698,Buy,93.1132,95.100914,92.09437,92.46394,33042
2026-04-08 13:00:00,0,0.5498591334940071,0.45014086650599294,Buy,92.48392,94.3318,91.74477,93.143166,37362
2026-04-08 14:00:00,0,0.5534226432423875,0.44657735675761245,Buy,93.13317,96.20965,92.36406,95.4705,39772
2026-04-08 15:00:00,0,0.5169250343993901,0.4830749656006099,Buy,95.450516,96.31952,94.53157,94.83123,25337
2026-04-08 16:00:00,0,0.48601416221830324,0.5139858377816968,Hold,94.86119,95.510445,94.03214,94.31182,19277
2026-04-08 17:00:00,0,0.4548397845735928,0.5451602154264072,Hold,94.31182,96.16969,93.95223,95.21079,21119
2026-04-08 18:00:00,0,0.4229090157873548,0.5770909842126453,Hold,95.200806,95.56039,93.502754,95.32066,34071
2026-04-08 19:00:00,0,0.39582824938475814,0.6041717506152419,Hold,95.32066,96.79897,95.180824,95.97991,15223
2026-04-08 20:00:00,0,0.3676818770421127,0.6323181229578874,Hold,95.97991,96.63915,95.590355,96.38944,5435
2026-04-08 22:00:00,0,0.34703582523320714,0.6529641747667929,Hold,96.66912,97.76786,96.139725,96.689095,3721
2026-04-08 23:00:00,0,0.35471222895571025,0.6452877710442897,Hold,96.709076,97.158554,96.39943,97.018715,2640
2026-04-09 00:00:00,0,0.354076394361404,0.645923605638596,Hold,96.988754,97.69794,96.26958,97.5581,6323
2026-04-09 01:00:00,0,0.39258531302205596,0.607414686977944,Hold,97.5581,98.26729,96.73904,96.83892,7229
2026-04-09 02:00:00,0,0.42696499581728675,0.5730350041827132,Hold,96.86889,97.14857,96.39943,97.12859,3460
2026-04-09 03:00:00,0,0.45957118144346076,0.5404288185565392,Hold,97.13858,97.29839,96.609184,97.06866,1911
2026-04-09 04:00:00,0,0.47324567850953664,0.5267543214904633,Hold,97.0387,97.68795,97.018715,97.65798,1712
2026-04-09 05:00:00,0,0.5072936355837404,0.4927063644162596,Buy,97.65798,97.96763,97.158554,97.258446,3122
2026-04-09 06:00:00,0,0.5335804218375234,0.4664195781624766,Buy,97.258446,97.73789,96.848915,96.92882,5177
2026-04-09 07:00:00,0,0.5422397994931369,0.45776020050686306,Buy,96.92882,97.96763,96.848915,97.568085,6607
2026-04-09 08:00:00,1,0.546583088346864,0.453416911653136,Buy,97.5581,97.98761,97.14857,97.77785,6783
2026-04-09 09:00:00,1,0.5479754988229899,0.4520245011770101,Buy,97.77785,97.837776,97.07865,97.538124,4494
2026-04-09 10:00:00,1,0.5501660373435301,0.4498339626564699,Buy,97.52813,99.57578,97.4682,99.485886,12815
2026-04-09 11:00:00,1,0.5530007065968867,0.4469992934031133,Buy,99.50587,99.54582,98.277275,98.766716,11057
2026-04-09 12:00:00,1,0.5514583733620373,0.4485416266379627,Buy,98.766716,99.87544,98.48703,99.24616,12669
2026-04-09 13:00:00,0,0.5526793168896084,0.44732068311039164,Buy,99.25615,100.64456,98.88657,100.5247,20326
2026-04-09 14:00:00,0,0.5536953288210947,0.44630467117890527,Buy,100.53468,102.58234,100.13514,101.78325,29947
2026-04-09 15:00:00,0,0.5156593963431728,0.4843406036568272,Buy,101.763275,102.52241,98.746735,99.046394,46746
2026-04-09 16:00:00,0,0.48371454289200116,0.5162854571079989,Hold,99.016426,99.06637,96.74902,97.318375,38060
2026-04-09 17:00:00,0,0.45550374809995103,0.5444962519000489,Hold,97.32836,97.62802,95.14087,96.219635,29250
2026-04-09 18:00:00,0,0.402634912386208,0.5973650876137919,Hold,96.19965,98.54697,95.92997,98.29725,33877
2026-04-09 19:00:00,0,0.37649644618687744,0.6235035538131226,Hold,98.28726,99.386,97.77785,99.18623,9849
2026-04-09 20:00:00,0,0.3648360860593645,0.6351639139406355,Hold,99.17625,99.22619,97.71792,97.867744,5952
2026-04-09 22:00:00,0,0.3369757477366774,0.6630242522633226,Hold,98.117455,99.08635,97.9077,98.88657,3218
2026-04-09 23:00:00,0,0.33577195781808317,0.6642280421819169,Hold,98.89656,98.98646,98.117455,98.50701,1970
2026-04-10 00:00:00,0,0.34915163752906514,0.6508483624709349,Hold,98.50701,98.98646,98.14742,98.79668,2946
2026-04-10 01:00:00,0,0.373735374233748,0.6262646257662521,Hold,98.81666,99.1263,98.21735,98.497025,3433
2026-04-10 02:00:00,0,0.39002319476029945,0.6099768052397005,Hold,98.46706,98.78669,98.357185,98.63686,2306
2026-04-10 03:00:00,0,0.44272683637378624,0.5572731636262138,Hold,98.65684,98.71677,97.4682,97.67796,3222
2026-04-10 04:00:00,0,0.46828745120667925,0.5317125487933207,Hold,97.68795,98.32722,97.54811,98.29725,1875
2026-04-10 05:00:00,0,0.4910981810948212,0.5089018189051788,Hold,98.277275,98.63686,97.9976,98.50701,2044
2026-04-10 06:00:00,0,0.5255694963600066,0.4744305036399934,Buy,98.48703,98.73675,98.17739,98.526985,3437
2026-04-10 07:00:00,0,0.5374917275328958,0.46250827246710424,Buy,98.526985,99.88543,98.47704,99.55581,7540
2026-04-10 08:00:00,0,0.5416924944498487,0.4583075055501513,Buy,99.55581,100.30495,99.216194,100.15512,6661
2026-04-10 09:00:00,0,0.5483642452039668,0.45163575479603324,Buy,100.13514,100.145134,98.04754,98.46706,10599
2026-04-10 10:00:00,0,0.5463437244443445,0.45365627555565546,Buy,98.45707,98.88657,97.45821,97.88772,6923
2026-04-10 11:00:00,0,0.546500830581274,0.45349916941872603,Buy,97.88772,98.387146,97.29839,97.977615,6399
2026-04-10 12:00:00,0,0.5404202364426883,0.45957976355731167,Buy,97.9976,98.25729,96.88887,98.06751,11226
2026-04-10 13:00:00,0,0.5413699683246107,0.4586300316753893,Buy,98.0775,98.686806,97.29839,98.28726,16707
2026-04-10 14:00:00,0,0.5432141839681652,0.45678581603183477,Buy,98.31723,98.88657,97.10861,98.39713,23961
2026-04-10 15:00:00,0,0.5094717196268026,0.4905282803731974,Buy,98.40713,99.34605,98.15741,99.076355,20089
2026-04-10 16:00:00,0,0.4804723461942331,0.5195276538057669,Hold,99.06637,99.386,98.00758,98.087494,13929
2026-04-10 17:00:00,0,0.4558624840956909,0.5441375159043091,Hold,98.087494,98.61688,97.807816,97.867744,13169
2026-04-10 18:00:00,1,0.4188583994796182,0.5811416005203818,Hold,97.867744,98.277275,95.83008,96.22962,25376
2026-04-10 19:00:00,1,0.40009009027722964,0.5999099097227704,Hold,96.22962,96.34949,95.41056,96.09977,8379
2026-04-10 20:00:00,1,0.3743689828923256,0.6256310171076744,Hold,96.079796,96.17968,95.40057,95.52044,3950
2026-04-12 22:00:00,0,0.3596038672910481,0.6403961327089519,Hold,101.88314,105.409096,101.80323,104.430214,16594
2026-04-12 23:00:00,0,0.3439508539852683,0.6560491460147317,Hold,104.450195,105.50898,104.41024,104.60002,4287
2026-04-13 00:00:00,0,0.3467397564169311,0.6532602435830689,Hold,104.60002,104.919655,103.97074,103.980736,3897
2026-04-13 01:00:00,0,0.38563340837513416,0.6143665916248658,Hold,103.980736,104.40025,103.73102,104.19049,4969
2026-04-13 02:00:00,0,0.4223296070474209,0.577670392952579,Hold,104.180504,104.9696,104.180504,104.779816,3027
2026-04-13 03:00:00,0,0.45759011550861095,0.542409884491389,Hold,104.76983,105.059494,104.62999,104.72987,2407
2026-04-13 04:00:00,0,0.47137789080940756,0.5286221091905925,Hold,104.73986,104.86971,104.44021,104.64996,1316
2026-04-13 05:00:00,0,0.4985268589248939,0.5014731410751061,Hold,104.65995,104.7898,104.040665,104.20048,2436
2026-04-13 06:00:00,0,0.5199918212791381,0.4800081787208619,Buy,104.180504,104.20048,102.93194,103.15168,5535
2026-04-13 07:00:00,0,0.532765291525655,0.467234708474345,Buy,103.13171,103.58119,102.84204,103.571205,5223
2026-04-13 08:00:00,0,0.5354237563991209,0.4645762436008791,Buy,103.58119,104.67993,103.24158,104.49015,5830
2026-04-13 09:00:00,0,0.5449678383981679,0.45503216160183213,Buy,104.50014,104.60002,103.89084,104.39026,3455
2026-04-13 10:00:00,0,0.5429976713894964,0.4570023286105036,Buy,104.3603,104.54009,103.70105,103.711044,3692
2026-04-13 11:00:00,0,0.540605778587933,0.459394221412067,Buy,103.73102,104.28039,103.30151,104.13056,5924
2026-04-13 12:00:00,0,0.5374821488770284,0.4625178511229716,Buy,104.150536,104.2704,103.24158,103.53125,8659
2026-04-13 13:00:00,0,0.5330867530374422,0.46691324696255776,Buy,103.53125,103.69106,100.24502,101.60346,26800
2026-04-13 14:00:00,0,0.5288556073926305,0.4711443926073695,Buy,101.61345,102.38257,100.46477,101.9131,21529
2026-04-13 15:00:00,0,0.48855377730142513,0.5114462226985749,Hold,101.903114,103.07178,101.89313,102.722176,16515
2026-04-13 16:00:00,0,0.4582978771318134,0.5417021228681866,Hold,102.71219,102.88199,99.10632,99.36603,41235
2026-04-13 17:00:00,0,0.4247243810023232,0.5752756189976769,Hold,99.36603,99.865456,98.63686,99.046394,17645
2026-04-13 18:00:00,0,0.38990596301326946,0.6100940369867305,Hold,99.05638,99.28612,96.91883,97.018715,20716
2026-04-13 19:00:00,0,0.3511452904163305,0.6488547095836694,Hold,97.00873,98.06751,96.92882,97.91769,7244
2026-04-13 20:00:00,0,0.33904206290828687,0.6609579370917131,Hold,97.93766,98.1674,97.59805,97.89771,4296
2026-04-13 22:00:00,0,0.31732754021403886,0.6826724597859611,Hold,97.87773,97.88772,97.33835,97.41826,1554
2026-04-13 23:00:00,0,0.33675889937550885,0.6632411006244912,Hold,97.428246,97.47819,95.95993,96.5093,4295
2026-04-14 00:00:00,0,0.34104599211563025,0.6589540078843698,Hold,96.439384,96.848915,95.58037,95.86005,3555
2026-04-14 01:00:00,0,0.360540319793569,0.639459680206431,Hold,95.87003,97.16855,95.85006,97.06866,3779
2026-04-14 02:00:00,0,0.39186130498048466,0.6081386950195153,Hold,97.05867,97.158554,96.67911,96.97876,1514
2026-04-14 03:00:00,0,0.45150675550189806,0.5484932444981019,Hold,97.00873,97.508156,96.63915,96.878876,2585
2026-04-14 04:00:00,0,0.4663545416324715,0.5336454583675285,Hold,96.86889,96.88887,96.549255,96.5992,1100
2026-04-14 05:00:00,0,0.48916688584559276,0.5108331141544072,Hold,96.63915,97.35833,96.52928,97.238464,1617
2026-04-14 06:00:00,0,0.5278494374164864,0.4721505625835136,Buy,97.238464,97.62802,97.0387,97.27842,3288
2026-04-14 07:00:00,0,0.5477554952974479,0.45224450470255206,Buy,97.27842,97.38829,95.09093,96.40942,11307
2026-04-14 08:00:00,0,0.5476968547679872,0.45230314523201276,Buy,96.42939,96.9488,96.25959,96.279564,5209
2026-04-14 09:00:00,0,0.5490266764743749,0.45097332352562514,Buy,96.25959,97.18852,96.12974,96.77899,3197
2026-04-14 10:00:00,0,0.5526870721764752,0.44731292782352483,Buy,96.73904,97.44823,96.04983,97.238464,4493
2026-04-14 11:00:00,0,0.5561223446631557,0.4438776553368443,Buy,97.2085,97.85776,95.94994,97.08864,6539
2026-04-14 12:00:00,0,0.5589712483656535,0.4410287516343465,Buy,97.07865,97.07865,95.5504,95.730194,9927
2026-04-14 13:00:00,0,0.5544211814043424,0.4455788185956576,Buy,95.74018,96.22962,94.56154,94.5915,19518
2026-04-14 14:00:00,0,0.5611713032502964,0.4388286967497036,Buy,94.571526,94.571526,92.104355,93.312965,29784
2026-04-14 15:00:00,0,0.5108061109238773,0.4891938890761227,Buy,93.312965,94.21194,92.104355,92.5039,20810
2026-04-14 16:00:00,0,0.481206647313849,0.518793352686151,Hold,92.52387,92.70367,91.81469,92.66371,13187
2026-04-14 17:00:00,0,0.45796938759333655,0.5420306124066634,Hold,92.653725,92.89345,91.395164,91.95453,15259
2026-04-14 18:00:00,0,0.4051137095439052,0.5948862904560948,Hold,91.944534,92.05441,90.95567,91.664856,23260
2026-04-14 19:00:00,0,0.3782910240409017,0.6217089759590984,Hold,91.64488,92.08438,91.46509,91.91457,4111
2026-04-14 20:00:00,0,0.365237127970225,0.634762872029775,Hold,91.90459,92.244194,91.34522,91.964516,4650
2026-04-14 22:00:00,0,0.35149754376427944,0.6485024562357206,Hold,91.91457,92.27416,91.085526,91.60493,2042
2026-04-14 23:00:00,0,0.36581693615651395,0.634183063843486,Hold,91.59494,91.90459,86.86037,90.19654,6333
2026-04-15 00:00:00,0,0.3429927060995078,0.6570072939004922,Hold,90.19654,91.085526,90.046715,90.25648,3284
2026-04-15 01:00:00,0,0.3691047637388353,0.6308952362611647,Hold,90.236496,90.7559,89.86692,90.38632,2446
2026-04-15 02:00:00,0,0.40689848084423036,0.5931015191557696,Hold,90.39632,91.20538,90.33638,91.15544,2030
2026-04-15 03:00:00,0,0.46525007512158334,0.5347499248784167,Hold,91.145454,91.38518,90.77588,90.83581,1917
2026-04-15 04:00:00,0,0.48380508859170934,0.5161949114082907,Hold,90.845795,91.7148,90.76589,91.56497,1691
2026-04-15 05:00:00,0,0.5158409862271064,0.4841590137728936,Buy,91.554985,91.64488,91.03558,91.12548,1636
2026-04-15 06:00:00,0,0.5487398897538772,0.4512601102461228,Buy,91.1055,91.13547,90.19654,90.80585,3421
2026-04-15 07:00:00,1,0.5640107713644127,0.4359892286355873,Buy,90.815834,91.37519,90.4962,90.64603,4300
2026-04-15 08:00:00,0,0.5641529301066017,0.4358470698933983,Buy,90.65601,91.634895,90.28644,91.225365,4417
2026-04-15 09:00:00,0,0.5627144596319951,0.43728554036800493,Buy,91.225365,92.61377,91.18541,92.14431,7040
2026-04-15 10:00:00,0,0.5636834507580601,0.43631654924193986,Buy,92.14431,93.19311,91.59494,92.63375,9492
2026-04-15 11:00:00,0,0.5717169656792124,0.4282830343207876,Buy,92.61377,92.843506,91.05556,91.58495,8579
2026-04-15 12:00:00,0,0.5656661259807899,0.4343338740192101,Buy,91.57496,92.37405,91.1055,91.86463,9623
2026-04-15 13:00:00,0,0.5707473675293588,0.42925263247064116,Buy,91.86463,92.12433,90.296425,90.94569,15121
2026-04-15 14:00:00,0,0.5579759675248321,0.44202403247516786,Buy,90.96566,92.354065,90.456245,92.244194,15889
2026-04-15 15:00:00,0,0.5250681377156665,0.4749318622843335,Buy,92.23421,92.81354,91.91457,92.22422,14827
2026-04-15 16:00:00,0,0.4877168844009123,0.5122831155990877,Hold,92.22422,92.433975,91.31526,91.65487,8951
2026-04-15 17:00:00,0,0.4651965837250556,0.5348034162749444,Hold,91.65487,92.48392,91.445114,92.40401,10315
2026-04-15 18:00:00,0,0.4337992851125319,0.5662007148874681,Hold,92.39402,92.69368,90.895744,91.05556,13739
2026-04-15 19:00:00,0,0.3965496231423546,0.6034503768576454,Hold,91.005615,91.02559,90.60607,90.88575,3367
2026-04-15 20:00:00,0,0.3846208574052973,0.6153791425947027,Hold,90.88575,91.365204,90.87576,91.28529,1695
2026-04-15 22:00:00,0,0.38144360638374275,0.6185563936162572,Hold,91.365204,91.395164,90.705956,90.895744,1581
2026-04-15 23:00:00,0,0.3783761593197307,0.6216238406802693,Hold,90.925705,90.925705,90.56612,90.85579,652
2026-04-16 00:00:00,0,0.35411226800596074,0.6458877319940393,Hold,90.815834,90.94569,90.41629,90.85579,1229
2026-04-16 01:00:00,0,0.3901591225197783,0.6098408774802218,Hold,90.895744,91.395164,90.7559,91.335236,960
2026-04-16 02:00:00,0,0.42592908690229414,0.5740709130977059,Hold,91.32525,91.65487,91.26532,91.37519,1149
2026-04-16 03:00:00,0,0.4628750051689837,0.5371249948310163,Hold,91.35522,91.634895,91.09551,91.60493,910
2026-04-16 04:00:00,0,0.4879126639495898,0.5120873360504101,Hold,91.56497,91.76475,91.554985,91.664856,762
2026-04-16 05:00:00,0,0.5132003841216368,0.4867996158783632,Buy,91.64488,91.78472,91.37519,91.4551,1212
2026-04-16 06:00:00,0,0.5386019440294867,0.4613980559705133,Buy,91.4551,91.57496,91.20538,91.475075,1138
2026-04-16 07:00:00,0,0.56608880972316,0.43391119027684,Buy,91.48506,92.573814,91.43512,92.54385,4210
2026-04-16 08:00:00,0,0.5726398336822501,0.42736016631774987,Buy,92.55384,92.89345,92.244194,92.28415,4390
2026-04-16 09:00:00,0,0.5672998563432571,0.4327001436567429,Buy,92.28415,92.72364,92.03443,92.53386,2029
2026-04-16 10:00:00,1,0.5699275951194769,0.4300724048805231,Buy,92.53386,92.54385,91.75475,91.774734,1741
2026-04-16 11:00:00,1,0.5773303023483716,0.42266969765162843,Buy,91.75475,91.75475,90.99563,91.40516,4337
2026-04-16 12:00:00,1,0.5608105131262808,0.43918948687371917,Buy,91.395164,92.12433,91.005615,92.104355,5076
2026-04-16 13:00:00,1,0.5552902373874661,0.4447097626125339,Buy,92.09437,93.3729,91.774734,93.063255,11647
2026-04-16 14:00:00,1,0.5494432063192555,0.4505567936807445,Buy,93.063255,93.81239,92.77359,93.32296,9881
2026-04-16 15:00:00,1,0.5249999093985586,0.47500009060144144,Buy,93.312965,93.87233,92.71365,93.26302,14343
2026-04-16 16:00:00,0,0.48377083158249945,0.5162291684175006,Hold,93.25304,94.4217,93.24305,94.3318,10834
2026-04-16 17:00:00,0,0.46373460389460125,0.5362653961053987,Hold,94.34179,95.33065,94.21194,95.031,10363
2026-04-16 18:00:00,0,0.4396567161813411,0.5603432838186588,Hold,95.05097,95.07095,93.60264,93.68254,11942
2026-04-16 19:00:00,0,0.4152706585398925,0.5847293414601076,Hold,93.68254,93.99219,93.18312,93.43283,3172
2026-04-16 20:00:00,0,0.393277881723256,0.6067221182767439,Hold,93.44282,93.51274,93.0233,93.08323,1360
2026-04-16 22:00:00,0,0.38491013847947,0.61508986152053,Hold,93.07324,93.57267,92.80355,92.923416,726
2026-04-16 23:00:00,0,0.37817922776774515,0.6218207722322548,Hold,92.923416,93.44282,92.903435,93.21308,694
2026-04-17 00:00:00,0,0.4007190651690342,0.5992809348309658,Hold,93.22307,93.41286,92.903435,93.33295,562
2026-04-17 01:00:00,0,0.4204038952386198,0.5795961047613802,Hold,93.29299,93.56268,92.99333,93.21308,406
2026-04-17 02:00:00,0,0.4380411045740769,0.5619588954259231,Hold,93.203094,93.452805,93.16314,93.22307,348
2026-04-17 03:00:00,0,0.47374611042152626,0.5262538895784737,Hold,93.16314,93.51274,93.03329,93.3729,403
2026-04-17 04:00:00,0,0.4927312355631049,0.5072687644368952,Hold,93.392876,93.4628,93.13317,93.23306,280
2026-04-17 05:00:00,0,0.5199074142854135,0.48009258571458646,Buy,93.22307,93.422844,93.03329,93.15315,287
2026-04-17 06:00:00,0,0.5393694275487455,0.4606305724512545,Buy,93.203094,93.93226,93.15315,93.70252,849
2026-04-17 07:00:00,0,0.5683666873386705,0.43163331266132954,Buy,93.65258,93.84236,93.312965,93.60264,763
2026-04-17 08:00:00,0,0.5651738750956521,0.4348261249043479,Buy,93.62261,93.68254,92.214226,92.45396,1178
2026-04-17 09:00:00,0,0.577351042961411,0.42264895703858896,Buy,92.48392,92.62376,90.436264,90.73592,2256
2026-04-17 10:00:00,0,0.5672195571739661,0.4327804428260339,Buy,90.705956,91.445114,90.156586,91.15544,1210
2026-04-17 11:00:00,0,0.5656301081501555,0.43436989184984454,Buy,91.145454,91.32525,90.57611,90.79585,708
2026-04-17 12:00:00,0,0.5425572681964003,0.45744273180359973,Buy,90.815834,90.96566,84.55302,85.3521,6307
2026-04-17 13:00:00,0,0.5268646597880989,0.47313534021190107,Buy,85.3521,86.07127,82.90491,84.51306,8153
2026-04-17 14:00:00,1,0.5233223096086983,0.4766776903913017,Buy,84.52305,84.582985,80.467705,82.1258,4640
2026-04-17 15:00:00,1,0.48317943852675155,0.5168205614732484,Hold,82.09583,83.55416,81.54646,82.89492,3712
2026-04-17 16:00:00,1,0.475270574253128,0.524729425746872,Hold,82.92488,83.55416,82.54532,82.94486,1751
2026-04-17 17:00:00,1,0.45291399303434904,0.5470860069656509,Hold,82.914894,84.54303,82.854965,83.29446,2173
2026-04-17 18:00:00,0,0.4227867269080539,0.5772132730919461,Hold,83.29446,84.90262,82.90491,84.57299,3695
2026-04-17 19:00:00,0,0.3968727540469076,0.6031272459530924,Hold,84.60296,84.86266,84.1335,84.563,912
2026-04-17 20:00:00,0,0.37890441644170053,0.6210955835582994,Hold,84.57299,85.48195,84.49309,85.47196,714
2026-04-19 22:00:00,0,0.3583858615732441,0.641614138426756,Hold,85.47196,86.87791,84.67687,85.32652,19806
2026-04-19 23:00:00,0,0.33803206742564385,0.6619679325743562,Hold,85.30713,85.96647,85.17138,85.92768,4685
2026-04-20 00:00:00,0,0.33502931450236695,0.664970685497633,Hold,85.92768,86.141,85.30713,85.42348,5936
2026-04-20 01:00:00,0,0.36798513346870915,0.6320148665312908,Hold,85.40409,85.42348,83.833305,84.0854,10558
2026-04-20 02:00:00,0,0.39340448539885403,0.6065955146011459,Hold,84.06602,84.79323,83.95936,84.51204,5648
2026-04-20 03:00:00,0,0.4306216684192022,0.5693783315807979,Hold,84.521736,84.82232,84.453865,84.74475,1765
2026-04-20 04:00:00,0,0.47708827212922134,0.5229117278707787,Hold,84.735054,85.20047,84.667175,84.76414,2810
2026-04-20 05:00:00,0,0.4932686672568577,0.5067313327431423,Hold,84.76414,85.1326,84.667175,84.88049,2360
2026-04-20 06:00:00,0,0.5160885786657159,0.4839114213342841,Buy,84.909584,85.3653,84.6187,84.735054,5176
2026-04-20 07:00:00,0,0.5322551546050087,0.4677448453949913,Buy,84.72536,85.55923,83.978745,85.02594,9011
2026-04-20 08:00:00,0,0.5397237164931988,0.46027628350680116,Buy,85.06472,85.75315,84.67687,84.773834,7224
2026-04-20 09:00:00,0,0.5436448753929141,0.45635512460708594,Buy,84.81262,85.151985,84.25994,84.95806,6661
2026-04-20 10:00:00,0,0.541805999785102,0.458194000214898,Buy,84.95806,84.977455,84.06602,84.84171,5230
2026-04-20 11:00:00,0,0.5397895844961362,0.46021041550386377,Buy,84.8611,85.27804,84.318115,84.453865,7711
2026-04-20 12:00:00,0,0.5411413266011045,0.4588586733988955,Buy,84.463554,84.88049,84.03693,84.30842,10522
2026-04-20 13:00:00,0,0.5512057785902866,0.44879422140971337,Buy,84.33751,84.802925,82.85399,83.348495,28206
2026-04-20 14:00:00,0,0.5391998035728777,0.46080019642712233,Buy,83.35819,85.17138,83.3291,84.63809,20971
2026-04-20 15:00:00,0,0.5105416853343919,0.4894583146656081,Buy,84.628395,84.8514,83.843,84.67687,19712
2026-04-20 16:00:00,0,0.46986475913299725,0.5301352408670028,Hold,84.667175,85.01624,84.37629,84.6187,9034
2026-04-20 17:00:00,0,0.44752242098764144,0.5524775790123586,Hold,84.628395,85.30713,84.43447,84.84171,13021
2026-04-20 18:00:00,0,0.4091465410780448,0.5908534589219552,Hold,84.832016,85.09381,84.32781,84.72536,14965
2026-04-20 19:00:00,0,0.3713462894011563,0.6286537105988437,Hold,84.72536,84.76414,84.19206,84.24055,4006
2026-04-20 20:00:00,0,0.36185612322575594,0.638143876774244,Hold,84.250244,84.40538,82.970345,83.280624,6770
2026-04-20 22:00:00,0,0.33968511032533605,0.660314889674664,Hold,83.212746,83.90118,82.90247,83.73634,3260
2026-04-20 23:00:00,0,0.33941512659405965,0.6605848734059403,Hold,83.72665,83.88178,83.493935,83.5909,977
2026-04-21 00:00:00,0,0.34555320727876415,0.6544467927212358,Hold,83.5909,83.939964,83.493935,83.8527,3156
2026-04-21 01:00:00,0,0.3697179051544209,0.6302820948455792,Hold,83.87209,84.0951,83.79452,84.01753,2387
2026-04-21 02:00:00,0,0.40120622319553134,0.5987937768044687,Hold,84.01753,84.143585,83.8624,84.02723,1165
2026-04-21 03:00:00,0,0.4517196330619884,0.5482803669380116,Hold,84.02723,84.143585,83.90118,84.04662,1032
2026-04-21 04:00:00,0,0.4849039957336306,0.5150960042663695,Hold,84.04662,84.05632,83.64908,83.66847,1316
2026-04-21 05:00:00,0,0.5174519647740206,0.48254803522597944,Buy,83.658775,83.658775,83.06731,83.54242,3755
2026-04-21 06:00:00,0,0.5406657500348572,0.4593342499651428,Buy,83.54242,84.0951,83.523026,83.98844,2773
2026-04-21 07:00:00,0,0.5619142992493037,0.4380857007506963,Buy,83.969055,84.81262,83.25153,83.81391,7169
2026-04-21 08:00:00,1,0.5589629757418482,0.44103702425815183,Buy,83.82361,84.22115,83.38728,84.16298,5528
2026-04-21 09:00:00,1,0.5660149114910816,0.43398508850891837,Buy,84.182365,84.832016,83.93027,84.04662,6149
2026-04-21 10:00:00,1,0.5662276955089199,0.43377230449108006,Buy,84.04662,84.16298,83.523026,84.02723,4388
2026-04-21 11:00:00,0,0.5640184049792908,0.4359815950207092,Buy,84.007835,85.03564,84.007835,84.938675,11045
2026-04-21 12:00:00,1,0.5699987163196492,0.43000128368035084,Buy,84.92898,85.06472,84.143585,84.696266,10627
2026-04-21 13:00:00,1,0.5667546069796778,0.43324539302032217,Buy,84.696266,84.70596,83.92057,84.15328,13483
2026-04-21 14:00:00,1,0.5574842506494244,0.4425157493505756,Buy,84.16298,86.09252,84.12419,86.04404,23137
2026-04-21 15:00:00,0,0.5232429736907328,0.4767570263092672,Buy,86.04404,87.35303,85.71436,87.03305,28399
2026-04-21 16:00:00,0,0.49266146864828786,0.5073385313517121,Hold,87.04275,87.70209,86.70338,87.673,16590
2026-04-21 17:00:00,0,0.4648549931074429,0.5351450068925572,Hold,87.673,88.67171,86.26705,86.70338,36013
2026-04-21 18:00:00,1,0.42118720217617756,0.5788127978238224,Hold,86.71307,87.32394,85.23925,86.121605,34477
2026-04-21 19:00:00,0,0.4084363464377152,0.5915636535622848,Hold,86.121605,89.42801,85.19077,88.991684,31076
2026-04-21 20:00:00,0,0.40484252581791924,0.5951574741820808,Hold,88.98199,89.15652,85.219864,87.47907,19211
2026-04-21 22:00:00,0,0.38192734552027735,0.6180726544797226,Hold,87.265755,87.94449,86.984566,87.58573,2415
2026-04-21 23:00:00,0,0.3764146061818633,0.6235853938181367,Hold,87.605125,87.954185,87.576035,87.740875,1210
2026-04-22 00:00:00,0,0.38029550868281486,0.6197044913171852,Hold,87.750565,87.76026,86.06343,87.07183,7030
2026-04-22 01:00:00,0,0.3987990604574745,0.6012009395425255,Hold,87.06214,87.06214,86.33492,86.68398,4185
2026-04-22 02:00:00,0,0.4223437490296642,0.5776562509703358,Hold,86.69368,86.80034,86.44158,86.61611,2137
2026-04-22 03:00:00,0,0.4778966550344351,0.5221033449655649,Hold,86.6452,86.96518,86.45128,86.55794,2168
2026-04-22 04:00:00,0,0.4996703538827236,0.5003296461172764,Hold,86.54824,86.8973,86.48037,86.85852,2077
2026-04-22 05:00:00,1,0.5050793362752551,0.49492066372474486,Buy,86.83913,86.86822,84.977455,86.06343,10043
2026-04-22 06:00:00,1,0.532669506016475,0.467330493983525,Buy,86.06343,86.257355,85.92768,86.03434,3174
2026-04-22 07:00:00,1,0.5417379143495725,0.4582620856504275,Buy,86.014946,86.69368,85.811325,86.6646,4978
2026-04-22 08:00:00,0,0.5504399533599621,0.4495600466400379,Buy,86.6549,88.63292,86.50945,88.05115,10368
2026-04-22 09:00:00,0,0.5571692799335063,0.4428307200664937,Buy,88.05115,88.38082,87.401505,88.09963,7708
2026-04-22 10:00:00,1,0.5527551934013502,0.44724480659864985,Buy,88.09963,88.1869,87.20758,87.38211,5055
2026-04-22 11:00:00,1,0.5549760203076088,0.44502397969239116,Buy,87.37241,87.886314,87.06214,87.469376,6612
2026-04-22 12:00:00,0,0.5558638844191047,0.4441361155808953,Buy,87.47907,88.81715,86.984566,88.65231,15631
2026-04-22 13:00:00,0,0.5498326687026235,0.4501673312973765,Buy,88.64262,89.28257,87.673,88.9432,30204
2026-04-22 14:00:00,0,0.5521112836502844,0.4478887163497156,Buy,88.952896,89.651024,88.196594,89.408615,21333
2026-04-22 15:00:00,0,0.5081020224282269,0.4918979775717731,Buy,89.408615,90.43642,88.53596,90.28127,25585
2026-04-22 16:00:00,0,0.47924314793447387,0.5207568520655261,Hold,90.26188,90.88244,90.058266,90.77578,14415
2026-04-22 17:00:00,1,0.4570137274613674,0.5429862725386325,Hold,90.78548,90.84365,89.52497,89.80616,19475
2026-04-22 18:00:00,1,0.4269917561341967,0.5730082438658033,Hold,89.81586,90.4752,89.786766,90.12614,11423
2026-04-22 19:00:00,1,0.40406396506010195,0.5959360349398981,Hold,90.12614,90.25219,89.60254,89.79646,5325
2026-04-22 20:00:00,1,0.3908579362468973,0.6091420637531026,Hold,89.79646,90.31036,89.60254,90.04857,2644
2026-04-22 22:00:00,1,0.3960662055017793,0.6039337944982207,Hold,90.07765,90.10674,89.52497,89.718895,1077
2026-04-22 23:00:00,1,0.39549997219250127,0.6045000278074988,Hold,89.718895,89.97099,89.59284,89.91282,772
2026-04-23 00:00:00,0,0.39062277444221516,0.6093772255577848,Hold,89.922516,94.26641,89.79646,90.10674,22719
2026-04-23 01:00:00,0,0.3889572018849898,0.6110427981150102,Hold,90.13583,90.863045,90.000084,90.63034,4694
2026-04-23 02:00:00,0,0.44219770845703893,0.557802291542961,Hold,90.64973,92.375656,90.61095,92.172035,8441
2026-04-23 03:00:00,0,0.48355028359098035,0.5164497164090196,Hold,92.18173,92.375656,91.56117,91.66783,4823
2026-04-23 04:00:00,0,0.4986018148992219,0.501398185100778,Hold,91.69692,91.793884,91.173325,91.202415,2383
2026-04-23 05:00:00,0,0.5105014489034833,0.48949855109651674,Buy,91.21211,91.58057,90.9794,91.00849,2388
2026-04-23 06:00:00,0,0.5327007820043792,0.4672992179956208,Buy,91.01819,91.78419,90.80487,91.54178,3545
2026-04-23 07:00:00,0,0.5457580568043847,0.4542419431956153,Buy,91.522385,91.861755,90.407326,90.84365,5867
2026-04-23 08:00:00,0,0.5474689034808303,0.4525310965191697,Buy,90.83396,92.16234,90.81457,92.01689,6046
2026-04-23 09:00:00,0,0.5532645323478803,0.4467354676521197,Buy,92.007195,92.73441,91.40604,92.04598,8013
2026-04-23 10:00:00,0,0.5432137461527026,0.45678625384729743,Buy,92.07507,92.172035,90.892136,91.08606,4429
2026-04-23 11:00:00,1,0.5395952455068824,0.4604047544931176,Buy,91.066666,91.35755,90.203705,90.41702,11424
2026-04-23 12:00:00,1,0.544580573785987,0.455419426214013,Buy,90.42672,91.14423,89.49588,90.39763,20998
2026-04-23 13:00:00,1,0.5315598877691751,0.46844011223082493,Buy,90.38793,91.58057,90.15523,91.13454,17922
2026-04-23 14:00:00,1,0.532025263857963,0.467974736142037,Buy,91.13454,91.7551,90.203705,90.25219,17496
2026-04-23 15:00:00,1,0.490505988607527,0.5094940113924731,Hold,90.26188,91.77449,90.13583,91.58057,15359
2026-04-23 16:00:00,1,0.4601676380193091,0.5398323619806908,Hold,91.58057,91.82297,91.07636,91.59026,9737
2026-04-23 17:00:00,0,0.43770657380060524,0.5622934261993948,Hold,91.57087,95.40086,91.56117,93.2677,62223
2026-04-23 18:00:00,0,0.4028463085131066,0.5971536914868933,Hold,93.29679,93.90765,92.30778,93.771904,30208
2026-04-23 19:00:00,0,0.3768184305852199,0.6231815694147801,Hold,93.75251,93.93674,93.04469,93.47132,7633
2026-04-23 20:00:00,0,0.38225102334563354,0.6177489766543665,Hold,93.48102,94.45064,93.47132,94.05309,4634
2026-04-23 22:00:00,0,0.3761136279737082,0.6238863720262918,Hold,93.68464,94.39246,92.96712,94.13066,1980
2026-04-23 23:00:00,0,0.38393389277049506,0.616066107229505,Hold,94.13066,94.179146,93.74281,93.868866,1102
2026-04-24 00:00:00,0,0.4124445500242007,0.5875554499757993,Hold,93.84947,94.57669,93.74281,94.21793,4668
2026-04-24 01:00:00,0,0.4369326639303439,0.5630673360696561,Hold,94.22762,94.634865,93.74281,94.06279,3923
2026-04-24 02:00:00,0,0.4612403831257918,0.5387596168742081,Hold,94.05309,94.13066,93.461624,93.54889,3249
2026-04-24 03:00:00,0,0.49284649269725533,0.5071535073027447,Hold,93.54889,93.75251,93.16104,93.68464,2156
2026-04-24 04:00:00,0,0.5028984942982997,0.4971015057017003,Buy,93.68464,93.7816,93.034996,93.09317,1517
2026-04-24 05:00:00,0,0.521672137677132,0.47832786232286795,Buy,93.09317,93.248314,92.75381,93.0253,2654
2026-04-24 06:00:00,0,0.531815335437286,0.468184664562714,Buy,93.05439,93.626465,92.64715,93.56828,3701
2026-04-24 07:00:00,0,0.5460003121487511,0.4539996878512489,Buy,93.58768,93.839775,93.09317,93.76221,4847
2026-04-24 08:00:00,0,0.5502887408242957,0.4497112591757043,Buy,93.771904,94.87727,93.771904,94.0337,7661
2026-04-24 09:00:00,0,0.5526592665623121,0.4473407334376879,Buy,94.02401,94.81909,93.72343,94.770615,4643
2026-04-24 10:00:00,0,0.5583084213708174,0.4416915786291826,Buy,94.76092,94.76092,93.89796,93.975525,3935
2026-04-24 11:00:00,0,0.5544194681379904,0.44558053186200963,Buy,94.004616,94.01431,90.78548,91.60966,34486
2026-04-24 12:00:00,0,0.5509414726858941,0.4490585273141059,Buy,91.61935,93.558586,91.28968,93.005905,18367
2026-04-24 13:00:00,0,0.5436140936357231,0.4563859063642769,Buy,93.005905,93.005905,91.76479,92.30778,19672
2026-04-24 14:00:00,0,0.5470320291889397,0.4529679708110603,Buy,92.33687,92.68593,91.78419,92.23021,17907
2026-04-24 15:00:00,1,0.5102999733847626,0.48970002661523737,Buy,92.23021,92.89925,89.86434,90.688515,33675
2026-04-24 16:00:00,1,0.4736852083874499,0.5263147916125501,Hold,90.688515,91.56117,90.30067,90.92123,15038
2026-04-24 17:00:00,1,0.46130237373352007,0.53869762626648,Hold,90.91153,91.25089,89.93221,90.76608,14551
2026-04-24 18:00:00,0,0.4204172042622847,0.5795827957377153,Hold,90.77578,91.76479,90.756386,91.36725,16302
2026-04-24 19:00:00,0,0.39788604724221865,0.6021139527577813,Hold,91.35755,92.317474,91.2315,91.89085,7485
2026-04-24 20:00:00,0,0.38376842742364564,0.6162315725763543,Hold,91.91023,92.656845,91.90054,91.997505,5446
2026-04-26 22:00:00,0,0.34792373444179375,0.6520762655582062,Hold,92.695625,93.74281,92.5017,93.09317,5247
2026-04-26 23:00:00,0,0.35642688183724097,0.6435731181627591,Hold,93.13196,93.36466,93.034996,93.209526,1364
2026-04-27 00:00:00,0,0.38011094791026745,0.6198890520897326,Hold,93.21922,93.597374,92.860466,93.15135,3205
2026-04-27 01:00:00,0,0.40231284783319965,0.5976871521668004,Hold,93.12226,93.19983,92.550186,92.95743,4833
2026-04-27 02:00:00,0,0.41968616795251096,0.580313832047489,Hold,92.94773,92.94773,92.33687,92.33687,2532
2026-04-27 03:00:00,0,0.45606150114774824,0.5439384988522518,Hold,92.346565,92.453224,92.10416,92.40474,1766
2026-04-27 04:00:00,0,0.4781191487494306,0.5218808512505694,Hold,92.40474,92.763504,92.30778,92.695625,984
2026-04-27 05:00:00,0,0.5037516904487775,0.49624830955122246,Buy,92.67623,93.345276,92.64715,93.15135,2718
2026-04-27 06:00:00,0,0.5371417062792503,0.4628582937207497,Buy,93.141655,93.48102,93.10287,93.16104,2327
2026-04-27 07:00:00,0,0.5457521850286191,0.4542478149713809,Buy,93.16104,93.946434,93.15135,93.88826,3476
2026-04-27 08:00:00,0,0.5594399226406928,0.44056007735930725,Buy,93.89796,94.150055,93.461624,93.54889,4490
2026-04-27 09:00:00,0,0.5617065220871845,0.4382934779128155,Buy,93.54889,93.75251,93.22892,93.558586,3263
2026-04-27 10:00:00,1,0.5629494441380483,0.43705055586195174,Buy,93.56828,93.57798,92.172035,92.5114,5307
2026-04-27 11:00:00,1,0.5604431372519708,0.4395568627480292,Buy,92.521095,92.55988,91.71631,92.22051,6251
2026-04-27 12:00:00,0,0.563109454419565,0.43689054558043505,Buy,92.210815,93.60707,91.968414,93.39375,10866
2026-04-27 13:00:00,0,0.571467591144689,0.42853240885531096,Buy,93.39375,93.597374,92.71502,92.802284,13752
2026-04-27 14:00:00,0,0.5670136823649313,0.4329863176350687,Buy,92.79259,93.84947,92.40474,93.81069,19018
2026-04-27 15:00:00,0,0.5312975434774408,0.46870245652255915,Buy,93.81069,94.5379,93.180435,93.248314,19316
2026-04-27 16:00:00,0,0.49569874721909485,0.5043012527809052,Hold,93.22892,93.665245,93.141655,93.63616,7164
2026-04-27 17:00:00,0,0.48346510758471173,0.5165348924152883,Hold,93.63616,94.70274,93.23862,93.60707,12576
2026-04-27 18:00:00,0,0.4384352744744512,0.5615647255255488,Hold,93.63616,94.27611,93.287094,93.61677,12302
2026-04-27 19:00:00,0,0.3991186631702421,0.6008813368297579,Hold,93.61677,93.694336,92.98651,93.48102,6647
2026-04-27 20:00:00,0,0.39003861675276463,0.6099613832472354,Hold,93.47132,93.85917,93.33558,93.74281,2221
2026-04-27 22:00:00,0,0.38976858257355573,0.6102314174264443,Hold,93.73312,93.839775,93.37436,93.694336,1321
2026-04-27 23:00:00,1,0.3916671314413552,0.6083328685586449,Hold,93.694336,93.85917,93.65555,93.71373,835
2026-04-28 00:00:00,0,0.3865587049701419,0.6134412950298581,Hold,93.71373,94.24702,93.316185,94.082184,3670
2026-04-28 01:00:00,1,0.41358510017757116,0.5864148998224288,Hold,94.082184,94.45064,93.90765,94.37307,2807
2026-04-28 02:00:00,1,0.45297230649123765,0.5470276935087623,Hold,94.37307,94.58639,94.27611,94.431244,1852
2026-04-28 03:00:00,1,0.4741120342763379,0.5258879657236621,Hold,94.42155,94.634865,94.22762,94.634865,1349
2026-04-28 04:00:00,1,0.5013526017267684,0.49864739827323157,Buy,94.62517,94.838486,94.36337,94.49912,1317
2026-04-28 05:00:00,1,0.5245948102084389,0.4754051897915611,Buy,94.49912,95.84689,94.44094,95.21664,5350
2026-04-28 06:00:00,1,0.5483247119919689,0.45167528800803114,Buy,95.23603,95.459045,94.75122,95.38148,3302
2026-04-28 07:00:00,1,0.5625241560737169,0.43747584392628314,Buy,95.38148,96.20565,95.3039,95.88567,6662
2026-04-28 08:00:00,1,0.5697082009844708,0.43029179901552916,Buy,95.89537,96.25413,95.23603,95.943855,6632
2026-04-28 09:00:00,1,0.5746204906913656,0.42537950930863444,Buy,95.96324,96.85529,95.95355,96.777725,5635
2026-04-28 10:00:00,1,0.5848650749116531,0.41513492508834693,Buy,96.777725,97.06861,96.428665,96.709854,5205
2026-04-28 11:00:00,0,0.5724413692464622,0.42755863075353784,Buy,96.70016,98.75575,96.51593,98.18368,15943
2026-04-28 12:00:00,0,0.5788652770033135,0.42113472299668653,Buy,98.203064,98.22246,95.119675,96.38018,29338
2026-04-28 13:00:00,0,0.5689784922498561,0.4310215077501439,Buy,96.38988,97.37889,95.74993,96.38018,25951
2026-04-28 14:00:00,0,0.565008840479322,0.434991159520678,Buy,96.399574,97.41767,96.20565,96.3414,23030
2026-04-28 15:00:00,0,0.5244923211571434,0.4755076788428566,Buy,96.36079,96.97165,96.00203,96.75833,15152
2026-04-28 16:00:00,0,0.4884751692792033,0.5115248307207967,Hold,96.76803,97.155876,96.050514,96.19595,9976
2026-04-28 17:00:00,0,0.4777283864614831,0.5222716135385169,Hold,96.20565,97.40798,96.118385,97.194664,10609
2026-04-28 18:00:00,0,0.4197446063957728,0.5802553936042272,Hold,97.17527,97.28193,96.3317,96.96195,14978
2026-04-28 19:00:00,0,0.3821632763180944,0.6178367236819056,Hold,96.952255,97.020134,96.748634,96.87469,3718
2026-04-28 20:00:00,0,0.36914210515050105,0.630857894849499,Hold,96.86499,96.90378,96.48684,96.5935,3126
2026-04-28 22:00:00,0,0.35910416337738776,0.6408958366226123,Hold,96.68076,96.71955,96.3414,96.5838,1272
2026-04-28 23:00:00,0,0.341920316747387,0.658079683252613,Hold,96.5935,96.66137,96.3317,96.399574,982
2026-04-29 00:00:00,0,0.3352487978663058,0.6647512021336942,Hold,96.40927,96.40927,95.92446,96.292915,3116
2026-04-29 01:00:00,0,0.3782378743835283,0.6217621256164717,Hold,96.28322,97.679474,96.225044,97.3401,6917
2026-04-29 02:00:00,1,0.4009344606403729,0.5990655393596271,Hold,97.33041,97.3401,95.429955,96.28322,6709
2026-04-29 03:00:00,1,0.43740519126575156,0.5625948087342485,Hold,96.31231,96.44805,95.78871,96.28322,2555
2026-04-29 04:00:00,1,0.4493143892702159,0.5506856107297842,Hold,96.28322,96.603195,96.19595,96.51593,1162
2026-04-29 05:00:00,1,0.47207113033023634,0.5279288696697637,Hold,96.55471,96.82621,96.535324,96.79712,1468
2026-04-29 06:00:00,1,0.5148073226753025,0.4851926773246975,Buy,96.81651,97.572815,96.574104,97.53403,4288
2026-04-29 07:00:00,1,0.5382456414568275,0.4617543585431725,Buy,97.49525,98.83332,97.291626,98.610306,7759
2026-04-29 08:00:00,0,0.5475897140969986,0.45241028590300136,Buy,98.62,100.62711,98.53274,100.45258,14377
2026-04-29 09:00:00,1,0.5429915828680324,0.4570084171319676,Buy,100.46228,100.55924,99.72537,100.413795,7210
2026-04-29 10:00:00,1,0.5392214352245216,0.4607785647754784,Buy,100.42349,100.6659,99.95808,100.00656,4481
2026-04-29 11:00:00,1,0.5414374846880174,0.45856251531198255,Buy,99.996864,100.307144,99.61871,100.25866,6850
2026-04-29 12:00:00,1,0.5480958402073041,0.45190415979269594,Buy,100.27805,101.19919,99.85142,100.6659,11744
2026-04-29 13:00:00,1,0.5493130795995432,0.45068692040045677,Buy,100.6756,102.05246,99.9193,101.77126,25672
2026-04-29 14:00:00,1,0.541021922207789,0.458978077792211,Buy,101.79066,102.22699,101.21858,101.99428,17168
2026-04-29 15:00:00,1,0.49923852353528664,0.5007614764647134,Hold,101.98458,103.78808,101.74218,103.53597,26793
2026-04-29 16:00:00,1,0.49475017989036063,0.5052498201096394,Hold,103.55537,104.011086,102.9639,103.88504,17321
2026-04-29 17:00:00,1,0.46417426983602,0.5358257301639799,Hold,103.88504,104.40863,103.041466,103.283875,21742
2026-04-29 18:00:00,1,0.4258066709515714,0.5741933290484287,Hold,103.33235,104.185616,103.23539,103.55537,18148
2026-04-29 19:00:00,0,0.41022197567351276,0.5897780243264872,Hold,103.57476,105.19402,103.44871,104.50559,9647
2026-04-29 20:00:00,0,0.39995142324380556,0.6000485767561945,Hold,104.495895,105.30068,104.26319,105.19402,4035
2026-04-29 22:00:00,0,0.3927802025311054,0.6072197974688947,Hold,105.7564,106.30908,104.31167,105.116455,3398
2026-04-29 23:00:00,0,0.39697332061627244,0.6030266793837276,Hold,105.10676,105.20372,104.55408,104.68012,1452
2026-04-30 00:00:00,1,0.4128407679440398,0.5871592320559602,Hold,104.70921,104.81587,103.215996,104.146835,6629
2026-04-30 01:00:00,1,0.4285061484232909,0.5714938515767092,Hold,104.13714,104.34076,103.84625,103.91412,2847
2026-04-30 02:00:00,1,0.46338270239833657,0.5366172976016634,Hold,103.93352,105.93093,103.92382,105.10676,6646
2026-04-30 03:00:00,0,0.4938509936705178,0.5061490063294822,Hold,105.12615,106.25091,104.85466,105.78549,4794
2026-04-30 04:00:00,0,0.5063609830660658,0.4936390169339342,Buy,105.79519,107.5599,105.7564,106.5224,7252
2026-04-30 05:00:00,0,0.5263874751604238,0.47361252483957617,Buy,106.503006,106.5224,105.533394,106.04729,3794
2026-04-30 06:00:00,0,0.5444238715677125,0.45557612843228745,Buy,106.04729,106.95873,104.97101,105.048584,8138
2026-04-30 07:00:00,0,0.55390841948356,0.44609158051644004,Buy,105.009796,105.320076,104.36985,104.97101,7147
2026-04-30 08:00:00,0,0.5482908739722079,0.4517091260277921,Buy,104.97101,105.19402,104.2341,104.70921,5678
2026-04-30 09:00:00,0,0.5641578118388861,0.43584218816111386,Buy,104.70921,105.56248,103.15782,103.65233,10754
2026-04-30 10:00:00,0,0.5557634057443105,0.4442365942556895,Buy,103.69112,104.04987,102.973595,103.19661,8442
2026-04-30 11:00:00,0,0.560694720966624,0.439305279033376,Buy,103.20631,103.215996,100.35562,101.35433,24100
2026-04-30 12:00:00,0,0.5542653164369878,0.44573468356301216,Buy,101.35433,102.61484,101.29615,102.09124,14671
2026-04-30 13:00:00,0,0.5447217397290159,0.45527826027098406,Buy,102.10094,102.76028,100.69499,102.24638,17581
2026-04-30 14:00:00,0,0.5329969073325753,0.4670030926674247,Buy,102.24638,103.22569,101.50947,102.76997,19761
2026-04-30 15:00:00,0,0.5102117155390312,0.4897882844609688,Buy,102.77967,103.38084,100.404106,100.93739,32389
2026-04-30 16:00:00,0,0.4699042771089668,0.5300957228910332,Hold,100.93739,101.974884,100.859825,101.587036,10716
2026-04-30 17:00:00,0,0.4565211573975512,0.5434788426024488,Hold,101.587036,101.6743,100.200485,100.520454,17115
2026-04-30 18:00:00,0,0.3977319470688163,0.6022680529311837,Hold,100.520454,102.39182,100.28775,102.1882,20593
2026-04-30 19:00:00,0,0.37212780521652833,0.6278721947834717,Hold,102.207596,102.23669,101.519165,102.02337,5618
2026-04-30 20:00:00,0,0.3597542544343042,0.6402457455656958,Hold,102.01367,102.92511,101.90701,102.207596,5418
2026-04-30 22:00:00,0,0.34196323020093433,0.6580367697990657,Hold,101.9458,102.75058,101.868225,102.47909,1073
2026-04-30 23:00:00,0,0.35460981664728186,0.6453901833527181,Hold,102.47909,102.634224,102.29486,102.43061,628
2026-05-01 00:00:00,0,0.3570213309800842,0.6429786690199157,Hold,102.43061,102.81846,102.178505,102.42091,1735
2026-05-01 01:00:00,0,0.3696909044841021,0.6303090955158979,Hold,102.42091,102.78937,101.9458,102.12033,1704
2026-05-01 02:00:00,0,0.39204482349589287,0.6079551765041071,Hold,102.10094,103.148125,101.88762,102.29486,2101
2026-05-01 03:00:00,0,0.42728793096090223,0.5727120690390978,Hold,102.25607,102.52757,102.178505,102.33365,1145
2026-05-01 04:00:00,0,0.46474446938951336,0.5352555306104867,Hold,102.314255,102.39182,101.79066,101.800354,1448
2026-05-01 05:00:00,0,0.4776048407126957,0.5223951592873043,Hold,101.81005,102.13003,101.800354,101.92641,1178
2026-05-01 06:00:00,0,0.5107592131675129,0.48924078683248706,Buy,101.91671,103.40992,101.91671,102.7118,3794
2026-05-01 07:00:00,0,0.5312345304964519,0.46876546950354814,Buy,102.7215,102.91542,100.966484,102.314255,7395
2026-05-01 08:00:00,0,0.5326649140780326,0.4673350859219674,Buy,102.314255,102.52757,101.49977,102.32395,5220
2026-05-01 09:00:00,0,0.5354238759917959,0.46457612400820414,Buy,102.33365,102.9445,102.02337,102.21729,3446
2026-05-01 10:00:00,0,0.5368629172604308,0.4631370827395692,Buy,102.23669,102.50818,101.77126,101.81975,2865
2026-05-01 11:00:00,0,0.5438729252419877,0.4561270747580123,Buy,101.81005,102.003975,100.791954,100.9083,7920
2026-05-01 12:00:00,0,0.5523710722784653,0.44762892772153473,Buy,100.93739,101.237976,99.10481,100.60772,16748
2026-05-01 13:00:00,0,0.5378355872422281,0.46216441275777187,Buy,100.62711,100.71438,97.369194,97.78613,25825
2026-05-01 14:00:00,0,0.5252712822570806,0.47472871774291936,Buy,97.747345,98.64909,96.28322,98.52304,27835
2026-05-01 15:00:00,0,0.4960563264993326,0.5039436735006674,Hold,98.50365,99.36661,97.69887,97.98975,18015
2026-05-01 16:00:00,0,0.4536955904325877,0.5463044095674123,Hold,98.01884,99.47327,97.65038,98.73636,17970
2026-05-01 17:00:00,0,0.4355336758541249,0.5644663241458752,Hold,98.784836,99.027245,98.15459,98.35821,9909
2026-05-01 18:00:00,0,0.3998158021874832,0.6001841978125169,Hold,98.367905,99.58962,98.06732,99.07572,16536
2026-05-01 19:00:00,0,0.3821506721140442,0.6178493278859558,Hold,99.095116,99.31813,98.72666,99.07572,3805
2026-05-01 20:00:00,0,0.3649671402965749,0.6350328597034252,Hold,99.08542,99.62841,98.93028,99.386,3597
2026-05-03 22:00:00,0,0.36395499006735077,0.6360450099326492,Hold,96.70016,98.49395,96.09899,97.98975,10191
2026-05-03 23:00:00,0,0.3436827900158023,0.6563172099841976,Hold,97.97036,98.67818,97.93157,98.6394,2030
2026-05-04 00:00:00,0,0.346616166008444,0.653383833991556,Hold,98.6394,99.22117,97.98975,98.086716,3770
2026-05-04 01:00:00,0,0.3676446669372893,0.6323553330627107,Hold,98.07702,98.891495,98.07702,98.542435,2202
2026-05-04 02:00:00,0,0.3912588302458169,0.6087411697541831,Hold,98.53274,98.99815,98.30972,98.72666,1337
2026-05-04 03:00:00,0,0.438554318250213,0.561445681749787,Hold,98.73636,99.095116,98.66849,98.80423,1426
2026-05-04 04:00:00,0,0.4711397025046044,0.5288602974953955,Hold,98.79453,98.83332,98.04793,98.59091,1585
2026-05-04 05:00:00,1,0.510534884968974,0.48946511503102597,Buy,98.59091,98.66849,97.07831,97.883095,4104
2026-05-04 06:00:00,1,0.5247682046466782,0.47523179535332183,Buy,97.90248,99.65749,97.76674,99.30843,4957
2026-05-04 07:00:00,1,0.5389298944353452,0.4610701055646548,Buy,99.29874,100.307144,99.269646,100.307144,5389
2026-05-04 08:00:00,1,0.5524866596873887,0.44751334031261125,Buy,100.29745,101.36403,99.98717,100.12291,7075
2026-05-04 09:00:00,1,0.5547912858280798,0.4452087141719202,Buy,100.152,100.200485,99.49266,99.928986,3639
2026-05-04 10:00:00,0,0.5484850596819982,0.45151494031800177,Buy,99.928986,104.19531,99.85142,102.459694,28764
2026-05-04 11:00:00,0,0.5658159032683845,0.4341840967316155,Buy,102.459694,102.82815,100.73377,100.966484,11839
2026-05-04 12:00:00,1,0.5790542367695279,0.42094576323047206,Buy,100.97618,101.02466,99.01755,99.70598,14864
2026-05-04 13:00:00,1,0.5630934432880469,0.4369065567119531,Buy,99.69628,101.01496,98.73636,99.095116,22313
2026-05-04 14:00:00,0,0.551870422291217,0.44812957770878303,Buy,99.11451,100.50107,98.406685,100.32653,19493
2026-05-04 15:00:00,0,0.5077180962320843,0.4922819037679157,Buy,100.345924,102.80876,99.861115,102.39182,34311
2026-05-04 16:00:00,0,0.4702016433733195,0.5297983566266805,Hold,102.42091,103.40023,101.50947,102.90572,24824
2026-05-04 17:00:00,0,0.4678160962470962,0.5321839037529038,Hold,102.90572,103.02207,101.78096,102.071846,12744
2026-05-04 18:00:00,0,0.4157978964147694,0.5842021035852306,Hold,102.071846,103.51658,101.56765,102.47909,18309
2026-05-04 19:00:00,0,0.390546456317773,0.609453543682227,Hold,102.47909,102.634224,101.625824,102.09124,7949
2026-05-04 20:00:00,0,0.37999107118619396,0.620008928813806,Hold,102.09124,102.12033,101.4319,101.9458,2102
2026-05-04 22:00:00,0,0.36281862944456517,0.6371813705554348,Hold,101.74218,102.27547,101.490074,101.722786,1112
2026-05-04 23:00:00,0,0.36274451198778074,0.6372554880122192,Hold,101.74218,101.92641,101.625824,101.800354,544
2026-05-05 00:00:00,0,0.37119575069536187,0.6288042493046382,Hold,101.81005,102.05246,101.344635,101.654915,1348
2026-05-05 01:00:00,0,0.39851620427477696,0.601483795725223,Hold,101.63552,101.87792,101.36403,101.60643,1516
2026-05-05 02:00:00,0,0.4284857659159062,0.5715142340840937,Hold,101.60643,101.60643,100.76286,101.02466,2397
2026-05-05 03:00:00,0,0.4551768303819072,0.5448231696180927,Hold,101.04405,101.344635,100.93739,101.19919,770
2026-05-05 04:00:00,0,0.48670123707914337,0.5132987629208566,Hold,101.19919,101.208885,100.69499,101.005264,877
2026-05-05 05:00:00,0,0.5107250336041615,0.48927496639583845,Buy,101.01496,101.40281,101.005264,101.10223,1749
2026-05-05 06:00:00,0,0.5445448338184533,0.4554551661815467,Buy,101.12162,102.14942,100.830734,101.24767,3784
2026-05-05 07:00:00,0,0.5582582203821905,0.44174177961780947,Buy,101.237976,101.63552,100.01626,101.373726,5982
2026-05-05 08:00:00,0,0.5654800040526307,0.43451999594736934,Buy,101.36403,101.50947,99.94838,100.28775,6507
2026-05-05 09:00:00,0,0.5608778040428032,0.4391221959571968,Buy,100.29745,101.32524,100.29745,100.85013,4833
2026-05-05 10:00:00,0,0.5619544886178254,0.4380455113821746,Buy,100.85013,101.237976,100.35562,101.01496,3805
2026-05-05 11:00:00,0,0.5670139323422606,0.4329860676577394,Buy,101.02466,101.897316,100.578636,100.59803,6465
2026-05-05 12:00:00,0,0.5697805842617649,0.4302194157382351,Buy,100.58833,101.04405,99.47327,100.08413,13093
2026-05-05 13:00:00,0,0.5681678025520153,0.43183219744798473,Buy,100.08413,100.21987,98.93998,98.95937,13635
2026-05-05 14:00:00,0,0.552822017348802,0.447177982651198,Buy,99.00785,99.87081,98.00914,98.53274,29005
2026-05-05 15:00:00,0,0.5051344181893682,0.4948655818106318,Buy,98.53274,99.405396,98.203064,98.99815,14931
2026-05-05 16:00:00,0,0.4717600814729441,0.5282399185270559,Hold,98.98846,99.30843,98.65879,99.201775,7146
2026-05-05 17:00:00,0,0.45213755936701655,0.5478624406329835,Hold,99.201775,99.269646,98.367905,98.96906,9743
2026-05-05 18:00:00,0,0.4108432526579468,0.5891567473420531,Hold,98.95937,99.512054,98.73636,99.16299,13080
2026-05-05 19:00:00,0,0.3726759233676294,0.6273240766323707,Hold,99.17268,99.78355,99.066025,99.65749,4999
2026-05-05 20:00:00,0,0.3632722662775689,0.6367277337224311,Hold,99.66719,99.686584,99.25025,99.56053,3071
2026-05-05 22:00:00,0,0.35895076983404633,0.6410492301659536,Hold,99.579926,99.579926,96.10869,97.96066,6093
2026-05-05 23:00:00,0,0.3602938489731118,0.6397061510268882,Hold,97.96066,98.07702,96.17656,96.76803,6470
2026-05-06 00:00:00,0,0.34614988198858115,0.6538501180114189,Hold,96.76803,98.32912,96.5838,97.84431,6268
2026-05-06 01:00:00,0,0.3749618226579407,0.6250381773420592,Hold,97.82491,98.21276,97.06861,97.504944,4316
2026-05-06 02:00:00,0,0.40050212782318306,0.5994978721768169,Hold,97.51463,97.72795,97.398285,97.58251,1499
2026-05-06 03:00:00,0,0.45148315240650816,0.5485168475934918,Hold,97.601906,97.91218,97.27223,97.52433,1401
2026-05-06 04:00:00,0,0.4835686063013547,0.5164313936986453,Hold,97.543724,97.679474,97.16557,97.3401,997
2026-05-06 05:00:00,0,0.5180404109538898,0.48195958904611025,Buy,97.3401,98.29033,97.14618,97.24314,2899
2026-05-06 06:00:00,0,0.5347779459392848,0.46522205406071515,Buy,97.25284,98.22246,96.709854,97.78613,4872
2026-05-06 07:00:00,0,0.5542020212210929,0.44579797877890714,Buy,97.79583,98.1158,94.73183,94.82879,11318
2026-05-06 08:00:00,0,0.5565067088385075,0.4434932911614925,Buy,94.79001,96.0796,92.29808,92.550186,19819
2026-05-06 09:00:00,0,0.5634966440289421,0.43650335597105794,Buy,92.550186,93.40345,90.4752,90.513985,25768
2026-05-06 10:00:00,1,0.5636970126782705,0.43630298732172945,Buy,90.513985,90.552765,86.810036,87.08153,34536
2026-05-06 11:00:00,1,0.5569570623604935,0.44304293763950653,Buy,87.06214,89.81586,85.96647,89.747986,32872
2026-05-06 12:00:00,0,0.5507682073053519,0.4492317926946481,Buy,89.747986,93.180435,89.66072,92.521095,32200
2026-05-06 13:00:00,0,0.556957913332381,0.443042086667619,Buy,92.521095,93.85917,92.23021,93.12226,28063
2026-05-06 14:00:00,0,0.551556452316612,0.448443547683388,Buy,93.112564,94.37307,91.60966,91.90054,26774
2026-05-06 15:00:00,0,0.5093265556206407,0.49067344437935934,Buy,91.89085,93.19013,91.7454,92.43383,17987
2026-05-06 16:00:00,0,0.4834297454350882,0.5165702545649118,Hold,92.43383,93.422844,91.69692,92.95743,13369
2026-05-06 17:00:00,0,0.45845664818426574,0.5415433518157342,Hold,92.94773,93.034996,92.10416,92.346565,9150
2026-05-06 18:00:00,0,0.4209511249405309,0.5790488750594691,Hold,92.35626,92.41444,91.46421,92.317474,16617
2026-05-06 19:00:00,0,0.3815698098073602,0.6184301901926398,Hold,92.32717,92.66654,91.94902,92.47262,4946
2026-05-06 20:00:00,0,0.3649296350616247,0.6350703649383753,Hold,92.453224,93.44224,92.172035,93.287094,3666
2026-05-06 22:00:00,0,0.35329166137410245,0.6467083386258976,Hold,93.37436,93.40345,92.71502,92.94773,1354
2026-05-06 23:00:00,0,0.36236878372794096,0.637631216272059,Hold,92.938034,93.141655,92.81198,92.976814,751
2026-05-07 00:00:00,0,0.35932540032595117,0.6406745996740488,Hold,92.98651,93.54889,92.831375,93.22892,2408
2026-05-07 01:00:00,0,0.390813053173442,0.609186946826558,Hold,93.258,93.519806,92.48231,92.53079,3060
2026-05-07 02:00:00,0,0.42009114301998596,0.579908856980014,Hold,92.5114,92.870155,91.94902,92.79259,2515
2026-05-07 03:00:00,0,0.46493536866690527,0.5350646313330947,Hold,92.78289,93.034996,92.453224,92.89925,1121
2026-05-07 04:00:00,0,0.4957792394166462,0.5042207605833537,Hold,92.90894,92.92834,92.59866,92.64715,728
2026-05-07 05:00:00,0,0.5200457628449733,0.4799542371550267,Buy,92.64715,92.860466,92.36596,92.46292,1195
2026-05-07 06:00:00,0,0.5526337577915393,0.44736624220846066,Buy,92.48231,92.763504,91.309074,91.7551,4889
2026-05-07 07:00:00,0,0.5719563612150187,0.4280436387849813,Buy,91.78419,91.861755,89.127426,90.49459,17050
2026-05-07 08:00:00,0,0.5654888786006146,0.4345111213993854,Buy,90.49459,91.71631,89.91282,90.058266,9372
2026-05-07 09:00:00,0,0.5617075816168193,0.43829241838318067,Buy,90.058266,90.36854,89.340744,90.04857,5790
2026-05-07 10:00:00,0,0.5690838833315669,0.4309161166684331,Buy,90.067955,90.49459,89.437706,90.03887,5766
2026-05-07 11:00:00,0,0.5704640368246835,0.4295359631753165,Buy,89.99039,90.13583,88.55535,89.030464,9163
2026-05-07 12:00:00,1,0.5762138818743334,0.4237861181256666,Buy,89.01107,89.27287,87.120316,87.9348,17430
2026-05-07 13:00:00,1,0.5699403880563726,0.4300596119436274,Buy,87.94449,89.87403,87.9251,88.39052,22847
2026-05-07 14:00:00,1,0.5710288351314456,0.42897116486855436,Buy,88.400215,88.79776,87.55664,88.4293,17652
2026-05-07 15:00:00,1,0.5152691513557734,0.48473084864422655,Buy,88.400215,90.59155,88.39052,90.4752,22222
2026-05-07 16:00:00,0,0.482702815941919,0.517297184058081,Hold,90.4752,92.976814,90.43642,92.73441,29844
2026-05-07 17:00:00,1,0.45613119561268173,0.5438688043873183,Hold,92.72472,94.49912,91.687225,91.997505,34660
2026-05-07 18:00:00,0,0.412837150328661,0.587162849671339,Hold,91.997505,93.665245,91.69692,92.70532,26310
2026-05-07 19:00:00,0,0.39251947585520897,0.607480524144791,Hold,92.73441,94.34398,92.57927,93.43254,15247
2026-05-07 20:00:00,0,0.3850523151286972,0.6149476848713028,Hold,93.44224,95.013016,91.84236,94.69305,11963
2026-05-07 22:00:00,0,0.3752701766605193,0.6247298233394807,Hold,95.26512,95.64327,93.19983,94.314896,6548
2026-05-07 23:00:00,0,0.3745082720645781,0.625491727935422,Hold,94.2955,94.3052,93.75251,94.0337,1323
2026-05-08 00:00:00,0,0.4064485846424758,0.5935514153575242,Hold,94.043396,94.34398,93.47132,93.65555,1961
2026-05-08 01:00:00,0,0.4452787580050116,0.5547212419949884,Hold,93.64585,93.65555,92.61806,93.112564,4386
2026-05-08 02:00:00,0,0.4461555947806245,0.5538444052193755,Hold,93.12226,93.5392,92.19143,92.84107,3381
2026-05-08 03:00:00,0,0.4775290372204598,0.5224709627795402,Hold,92.79259,92.89925,92.46292,92.802284,1185
2026-05-08 04:00:00,0,0.5194783696087449,0.48052163039125506,Buy,92.79259,93.54889,92.74411,92.88955,1958
2026-05-08 05:00:00,0,0.5367107034324203,0.46328929656757967,Buy,92.860466,92.99621,92.41444,92.521095,1927
2026-05-08 06:00:00,0,0.565321356140301,0.434678643859699,Buy,92.53079,92.87985,91.28968,92.2496,5866
2026-05-08 07:00:00,0,0.5758550103697504,0.4241449896302496,Buy,92.23021,92.99621,91.90054,92.36596,4774
2026-05-08 08:00:00,0,0.5803944026114016,0.4196055973885984,Buy,92.36596,92.627754,91.309074,91.726006,6440
2026-05-08 09:00:00,0,0.5757763525262891,0.4242236474737109,Buy,91.726006,92.492004,90.9697,92.2593,5658
2026-05-08 10:00:00,0,0.5750684933247197,0.42493150667528035,Buy,92.269,92.40474,91.58057,92.007195,5126
2026-05-08 11:00:00,0,0.5724889995595421,0.42751100044045787,Buy,92.04598,92.36596,91.347855,92.08477,4596
2026-05-08 12:00:00,0,0.5685041258235496,0.4314958741764504,Buy,92.09447,92.72472,91.7357,92.453224,7339
2026-05-08 13:00:00,0,0.5738876443053044,0.42611235569469563,Buy,92.453224,92.5017,91.05697,91.44482,16892
2026-05-08 14:00:00,0,0.5630689009200652,0.43693109907993477,Buy,91.47391,92.938034,91.45451,92.5114,15275
2026-05-08 15:00:00,0,0.5266194064704197,0.4733805935295803,Buy,92.521095,93.19983,92.210815,92.89925,17516
2026-05-08 16:00:00,0,0.49745865220676283,0.5025413477932372,Hold,92.89925,93.258,92.550186,93.209526,10356
2026-05-08 17:00:00,1,0.49038164661505584,0.5096183533849441,Hold,93.209526,93.23862,92.41444,92.58897,7736
2026-05-08 18:00:00,1,0.4476589426886748,0.5523410573113252,Hold,92.58897,92.89925,91.71631,92.656845,17127
2026-05-08 19:00:00,1,0.42588881142014584,0.5741111885798542,Hold,92.656845,92.74411,91.81327,92.02659,4518
2026-05-08 20:00:00,1,0.3977545776438084,0.6022454223561916,Hold,92.036285,92.16234,91.54178,91.80358,2411
2026-05-10 22:00:00,0,0.361622898467289,0.638377101532711,Hold,95.20694,95.84689,94.68335,95.3039,7803
2026-05-10 23:00:00,0,0.3693973214606018,0.6306026785393982,Hold,95.323296,95.914764,95.20694,95.86628,2790
2026-05-11 00:00:00,0,0.3678973136186117,0.6321026863813883,Hold,95.85659,96.87469,95.50752,96.23474,5591
2026-05-11 01:00:00,0,0.39430863095514757,0.6056913690448524,Hold,96.21535,96.35109,95.8372,95.97294,4634
2026-05-11 02:00:00,0,0.43289609423254916,0.5671039057674508,Hold,96.01173,96.8359,95.87598,96.777725,3126
2026-05-11 03:00:00,0,0.4746085252924445,0.5253914747075554,Hold,96.777725,97.262535,96.65167,96.913475,3297
2026-05-11 04:00:00,0,0.4933158148508045,0.5066841851491954,Hold,96.913475,97.32071,96.90378,97.25284,1630
2026-05-11 05:00:00,0,0.5202764300498529,0.4797235699501471,Buy,97.24314,97.291626,96.5935,96.73894,2436
2026-05-11 06:00:00,0,0.54656231625076,0.45343768374924,Buy,96.73894,97.088005,95.89537,96.02142,4397
2026-05-11 07:00:00,0,0.5581864100037814,0.44181358999621856,Buy,96.00203,96.30261,95.255424,95.3136,4804
2026-05-11 08:00:00,0,0.562528777208409,0.437471222791591,Buy,95.294205,95.44935,93.975525,94.62517,9058
2026-05-11 09:00:00,0,0.5504324623469565,0.44956753765304347,Buy,94.65426,95.12937,94.41186,95.10998,3420
2026-05-11 10:00:00,0,0.5558448229070324,0.4441551770929676,Buy,95.10028,95.12937,94.324585,95.04211,3706
2026-05-11 11:00:00,0,0.5478320081358561,0.4521679918641439,Buy,95.0518,95.58509,94.74152,95.33299,3212
2026-05-11 12:00:00,0,0.5568745551147739,0.4431254448852261,Buy,95.33299,95.70145,93.65555,95.10028,11691
2026-05-11 13:00:00,1,0.5564735379084518,0.4435264620915482,Buy,95.10028,95.13907,93.209526,93.68464,18137
2026-05-11 14:00:00,0,0.5402231478473553,0.45977685215264474,Buy,93.70403,94.98393,93.626465,94.72213,13556
2026-05-11 15:00:00,0,0.4981653627200362,0.5018346372799638,Hold,94.70274,95.3136,94.23732,94.89667,13621
2026-05-11 16:00:00,0,0.4654338946949975,0.5345661053050025,Hold,94.90636,96.806816,94.87727,96.24444,14873
2026-05-11 17:00:00,0,0.44484935398360587,0.5551506460163942,Hold,96.24444,96.24444,95.12937,95.35239,8457
2026-05-11 18:00:00,0,0.4037419942916713,0.5962580057083287,Hold,95.37178,95.89537,94.84818,95.148766,16735
2026-05-11 19:00:00,0,0.36622684925883203,0.6337731507411679,Hold,95.13907,95.50752,94.86758,95.34269,3772
2026-05-11 20:00:00,0,0.37024798279885107,0.6297520172011489,Hold,95.323296,95.97294,95.18755,95.26512,4348
2026-05-11 22:00:00,0,0.3415356979969959,0.6584643020030041,Hold,95.40086,95.459045,95.04211,95.255424,844
2026-05-11 23:00:00,0,0.35524344738506863,0.6447565526149314,Hold,95.255424,95.294205,95.02271,95.12937,455
2026-05-12 00:00:00,0,0.3616133009225854,0.6383866990774145,Hold,95.13907,95.78871,95.119675,95.73054,2543
2026-05-12 01:00:00,0,0.40246215296380455,0.5975378470361954,Hold,95.71114,96.12808,95.37178,96.03112,2219
2026-05-12 02:00:00,1,0.4634275618969895,0.5365724381030105,Hold,96.04082,96.263824,95.92446,95.96324,1793
2026-05-12 03:00:00,1,0.4970678469504597,0.5029321530495403,Hold,95.99233,96.19595,95.8275,96.13778,1133
2026-05-12 04:00:00,1,0.5223627278922041,0.47763727210779594,Buy,96.12808,96.157166,95.672356,96.01173,927
2026-05-12 05:00:00,1,0.5387700506239016,0.4612299493760984,Buy,96.03112,96.49654,95.8178,96.18626,1382
2026-05-12 06:00:00,0,0.571761905983727,0.428238094016273,Buy,96.20565,97.65038,96.17656,97.466156,6711
2026-05-12 07:00:00,0,0.5883478671650744,0.41165213283492563,Buy,97.48555,97.65038,97.20436,97.611595,3827
2026-05-12 08:00:00,0,0.5856344484945193,0.4143655515054807,Buy,97.601906,98.38729,97.543724,97.83461,5813
2026-05-12 09:00:00,0,0.5896934434372401,0.41030655656275994,Buy,97.854004,98.66849,97.79583,98.01884,5141
2026-05-12 10:00:00,0,0.5923283076719021,0.40767169232809786,Buy,98.00914,98.8721,97.75704,98.581215,5033
2026-05-12 11:00:00,0,0.5979519719282488,0.4020480280717512,Buy,98.571526,98.94968,98.07702,98.19337,5037
2026-05-12 12:00:00,1,0.599570517750313,0.400429482249687,Buy,98.203064,98.66849,97.543724,97.70856,8592
2026-05-12 13:00:00,0,0.5847642675247731,0.41523573247522694,Buy,97.69887,99.027245,97.611595,98.67818,10988
2026-05-12 14:00:00,0,0.5891076629359774,0.4108923370640226,Buy,98.67818,99.07572,98.300026,98.84302,10834
2026-05-12 15:00:00,0,0.5523405877503216,0.4476594122496784,Buy,98.84302,99.1339,98.086716,98.41638,10757
2026-05-12 16:00:00,0,0.5226659887794965,0.47733401122050345,Buy,98.39699,98.8721,98.14489,98.55213,7588
2026-05-12 17:00:00,0,0.5032936037174371,0.49670639628256286,Buy,98.542435,98.6297,98.15459,98.60061,6735
2026-05-12 18:00:00,0,0.46113937405448585,0.5388606259455142,Hold,98.60061,99.59932,98.44547,99.42479,17705
2026-05-12 19:00:00,0,0.4376898509717128,0.5623101490282871,Hold,99.43449,99.444176,99.10481,99.269646,3784
2026-05-12 20:00:00,0,0.43159483074281685,0.5684051692571832,Hold,99.25995,99.35691,98.81393,98.94968,1911
2026-05-12 22:00:00,0,0.4256994156752378,0.5743005843247622,Hold,99.05633,99.16299,98.610306,98.83332,1070
2026-05-12 23:00:00,0,0.4204825785851892,0.5795174214148108,Hold,98.83332,99.027245,98.82362,98.96906,471
2026-05-13 00:00:00,0,0.4065798245798333,0.5934201754201667,Hold,98.95937,98.97876,97.8637,98.3776,3747
2026-05-13 01:00:00,0,0.40060044948857865,0.5993995505114214,Hold,98.38729,98.542435,98.18368,98.49395,1030
2026-05-13 02:00:00,0,0.440514449693601,0.559485550306399,Hold,98.51334,98.65879,97.70856,97.99944,1578
2026-05-13 03:00:00,0,0.4717870181139313,0.5282129818860687,Hold,97.98975,98.125496,97.776436,97.98975,1160
2026-05-13 04:00:00,1,0.48649012731856356,0.5135098726814364,Hold,97.98006,97.98006,97.52433,97.68917,962
2026-05-13 05:00:00,1,0.5082465727758689,0.49175342722413107,Buy,97.679474,97.83461,97.504944,97.611595,984
2026-05-13 06:00:00,1,0.5354666346104843,0.46453336538951573,Buy,97.601906,98.04793,97.51463,97.91218,2186
2026-05-13 07:00:00,1,0.5478021729115684,0.4521978270884316,Buy,97.91218,98.27094,97.59221,98.15459,3076
2026-05-13 08:00:00,1,0.5547479591311163,0.4452520408688837,Buy,98.15459,98.716965,97.98006,98.48425,4184
2026-05-13 09:00:00,1,0.5562764776678336,0.4437235223321664,Buy,98.47456,98.8818,98.1158,98.22246,2675
2026-05-13 10:00:00,0,0.5645772125484066,0.43542278745159335,Buy,98.25155,99.27934,98.24185,99.19208,4326
2026-05-13 11:00:00,1,0.5680852211042058,0.4319147788957942,Buy,99.201775,99.25025,98.581215,98.75575,3449
2026-05-13 12:00:00,0,0.5743680813763216,0.42563191862367844,Buy,98.76545,99.62841,98.66849,99.22117,5951
2026-05-13 13:00:00,0,0.5680079579303594,0.4319920420696406,Buy,99.22117,99.76415,98.93028,99.74476,10132
2026-05-13 14:00:00,0,0.5745288648252916,0.42547113517470836,Buy,99.74476,100.520454,99.57023,100.00656,14131
2026-05-13 15:00:00,0,0.5342587568992369,0.46574124310076315,Buy,100.00656,100.10352,98.920586,99.11451,10774
2026-05-13 16:00:00,0,0.5043774603495214,0.49562253965047864,Buy,99.12421,99.25995,97.78613,98.99815,15327
2026-05-13 17:00:00,0,0.4727596741948977,0.5272403258051023,Hold,98.97876,99.07572,98.14489,98.25155,6890
2026-05-13 18:00:00,0,0.43308208867230547,0.5669179113276945,Hold,98.24185,98.31942,97.63099,97.94127,12984
2026-05-13 19:00:00,0,0.38855410365238024,0.6114458963476197,Hold,97.96066,98.32912,97.883095,98.28064,2483
2026-05-13 20:00:00,0,0.3799951749005643,0.6200048250994357,Hold,98.29033,98.49395,97.640686,97.93157,2519
2026-05-13 22:00:00,0,0.36947943327808386,0.6305205667219161,Hold,97.950966,98.18368,97.66008,97.80552,738
2026-05-13 23:00:00,0,0.3624724116736187,0.6375275883263813,Hold,97.776436,97.99944,97.73765,97.950966,341
2026-05-14 00:00:00,0,0.35321869065618766,0.6467813093438124,Hold,97.98006,98.21276,97.82491,98.07702,883
2026-05-14 01:00:00,0,0.38872395489007694,0.6112760451099231,Hold,98.06732,98.32912,97.66978,98.00914,1620
2026-05-14 02:00:00,0,0.41853775376947455,0.5814622462305254,Hold,97.98006,98.435776,97.8637,98.406685,921
2026-05-14 03:00:00,0,0.46823312020351965,0.5317668797964803,Hold,98.3776,98.64909,98.086716,98.31942,1481
2026-05-14 04:00:00,0,0.4963898175280903,0.5036101824719097,Hold,98.300026,98.49395,98.28064,98.3776,574
2026-05-14 05:00:00,0,0.5214435607661873,0.47855643923381275,Buy,98.39699,98.72666,98.28064,98.3776,1327
2026-05-14 06:00:00,0,0.553411592138169,0.44658840786183096,Buy,98.367905,98.3776,96.574104,97.98975,6050
2026-05-14 07:00:00,0,0.5804295726811155,0.4195704273188845,Buy,97.99944,98.99815,97.854004,98.84302,4264
2026-05-14 08:00:00,0,0.5871162138636741,0.4128837861363259,Buy,98.852715,99.24056,97.93157,98.261246,6265
2026-05-14 09:00:00,0,0.5765805331615038,0.4234194668384962,Buy,98.232155,98.99815,97.747345,97.99944,4186
2026-05-14 10:00:00,0,0.5800460113404001,0.4199539886595999,Buy,98.00914,98.6297,97.06861,97.99944,7540
2026-05-14 11:00:00,0,0.5787514215600069,0.4212485784399931,Buy,98.03823,98.232155,97.00074,97.22375,4815
2026-05-14 12:00:00,0,0.573225540376948,0.42677445962305205,Buy,97.233444,97.8734,96.37048,97.31102,8239
2026-05-14 13:00:00,0,0.5596941885161125,0.4403058114838875,Buy,97.33041,98.028534,97.126785,97.82491,9058
2026-05-14 14:00:00,0,0.5607241854734193,0.4392758145265807,Buy,97.84431,98.66849,97.28193,97.53403,10186
2026-05-14 15:00:00,0,0.5093588815309759,0.49064111846902414,Buy,97.53403,98.00914,97.3401,97.90248,6871
2026-05-14 16:00:00,0,0.4989500652023744,0.5010499347976256,Hold,97.91218,98.1061,97.20436,97.98975,7529
2026-05-14 17:00:00,0,0.48028807355911673,0.5197119264408833,Hold,97.99944,98.96906,97.84431,98.64909,8371
2026-05-14 18:00:00,0,0.4332630193209847,0.5667369806790152,Hold,98.6394,98.90119,97.99944,98.34851,9997
2026-05-14 19:00:00,0,0.4229172342951883,0.5770827657048117,Hold,98.34851,98.91089,98.27094,98.90119,1920
2026-05-14 20:00:00,0,0.4165112511810658,0.5834887488189342,Hold,98.91089,99.07572,98.72666,98.920586,1807
2026-05-14 22:00:00,0,0.4166586164851359,0.5833413835148641,Hold,98.95937,98.96906,98.39699,98.86241,659
2026-05-14 23:00:00,1,0.4282836687220977,0.5717163312779023,Hold,98.83332,98.93028,98.610306,98.83332,231
2026-05-15 00:00:00,1,0.43945167174265254,0.5605483282573475,Hold,98.84302,98.920586,98.49395,98.746056,414
2026-05-15 01:00:00,0,0.4517312930927316,0.5482687069072685,Hold,98.70727,99.77385,98.59091,99.269646,995
2026-05-15 02:00:00,1,0.4711432318554884,0.5288567681445115,Hold,99.31813,99.79324,98.93028,99.512054,700
2026-05-15 03:00:00,1,0.5083471383219968,0.49165286167800315,Buy,99.550835,99.57023,99.24056,99.25995,214
2026-05-15 04:00:00,1,0.5271390020489956,0.47286099795100445,Buy,99.27934,99.47327,99.25995,99.269646,306
2026-05-15 05:00:00,1,0.5367512428271765,0.46324875717282354,Buy,99.30843,100.63681,99.30843,100.200485,1159
2026-05-15 06:00:00,1,0.5632090848065399,0.43679091519346014,Buy,100.200485,100.45258,99.93868,100.064735,536
2026-05-15 07:00:00,1,0.572351908751995,0.42764809124800496,Buy,100.08413,100.44289,99.579926,100.43319,909
2026-05-15 08:00:00,0,0.5854774325161662,0.41452256748383376,Buy,100.413795,102.04276,100.26836,101.76157,2623
2026-05-15 09:00:00,0,0.5781122027760917,0.42188779722390835,Buy,101.70339,102.110634,101.237976,102.003975,1206
2026-05-15 10:00:00,1,0.5661818270703476,0.4338181729296524,Buy,102.003975,102.01367,99.77385,100.11322,1701
2026-05-15 11:00:00,0,0.5686832103390975,0.4313167896609025,Buy,100.05504,101.4222,99.928986,101.28645,1127
2026-05-15 12:00:00,0,0.5814589480087582,0.4185410519912418,Buy,101.315544,101.52886,100.84043,101.05375,1992
2026-05-15 13:00:00,0,0.5741997172143243,0.4258002827856757,Buy,101.05375,101.11192,100.33623,101.11192,3072
2026-05-15 14:00:00,0,0.5652871575518146,0.4347128424481854,Buy,101.11192,101.800354,100.375015,101.46099,2784
2026-05-15 15:00:00,0,0.518915742047824,0.481084257952176,Buy,101.451294,102.49848,101.170105,102.24638,3507
2026-05-15 16:00:00,1,0.510218670058279,0.48978132994172097,Buy,102.24638,102.56635,101.78096,101.88762,2338
2026-05-15 17:00:00,1,0.5031191947039422,0.4968808052960578,Buy,101.897316,102.13003,101.548256,101.87792,2371
2026-05-15 18:00:00,1,0.4735414480632354,0.5264585519367646,Hold,101.868225,102.57605,101.84884,102.12033,3928
2026-05-15 19:00:00,1,0.4518172417665163,0.5481827582334837,Hold,102.13003,102.52757,102.02337,102.40152,955
2026-05-15 20:00:00,1,0.4454260892263497,0.5545739107736503,Hold,102.39182,102.77967,102.178505,102.45,841
2026-05-18 00:00:00,0,0.4225190812416877,0.5774809187583123,Hold,102.45,103.23,102.0,102.98,3821
2026-05-18 01:00:00,0,0.4392364531612322,0.5607635468387677,Hold,102.97,104.37,102.65,103.32,7245
2026-05-18 02:00:00,0,0.46621257560123874,0.5337874243987613,Hold,103.33,103.73,103.14,103.27,2041
2026-05-18 03:00:00,0,0.4911665038041708,0.5088334961958292,Hold,103.26,103.4,103.08,103.17,1086
2026-05-18 04:00:00,0,0.5117005180286354,0.48829948197136464,Buy,103.19,103.34,103.0,103.17,1339
2026-05-18 05:00:00,0,0.533031567540111,0.46696843245988895,Buy,103.15,103.31,102.56,102.88,1878
2026-05-18 06:00:00,0,0.5502997419472877,0.4497002580527123,Buy,102.88,103.45,102.8,102.87,3028
2026-05-18 07:00:00,0,0.5450731921943525,0.45492680780564754,Buy,102.84,102.93,101.6,102.18,7394
2026-05-18 08:00:00,0,0.5443653960646233,0.4556346039353767,Buy,102.18,102.43,101.63,101.81,5785
2026-05-18 09:00:00,0,0.5409168235206376,0.45908317647936236,Buy,101.8,102.56,101.7,102.21,4141
2026-05-18 10:00:00,0,0.5387317699285912,0.4612682300714088,Buy,102.2,102.52,102.06,102.43,2376
2026-05-18 11:00:00,0,0.5515205365481317,0.4484794634518683,Buy,102.46,103.26,100.16,100.89,18685
2026-05-18 12:00:00,1,0.5583421227988759,0.44165787720112415,Buy,100.91,101.61,98.6,99.04,21506
2026-05-18 13:00:00,1,0.5485945020621863,0.4514054979378137,Buy,99.07,100.24,98.95,99.59,20859
2026-05-18 14:00:00,1,0.5212617696161151,0.47873823038388486,Buy,99.58,102.37,99.55,102.22,22439
2026-05-18 15:00:00,0,0.4900835467823375,0.5099164532176625,Hold,102.21,103.13,102.03,102.85,21062
2026-05-18 16:00:00,0,0.47616285187521473,0.5238371481247852,Hold,102.84,103.64,102.71,102.91,12944
2026-05-18 17:00:00,0,0.46067711564179264,0.5393228843582074,Hold,102.91,103.12,102.19,103.03,9768
2026-05-18 18:00:00,0,0.4064054095184791,0.593594590481521,Hold,103.02,105.21,103.01,104.65,25500
2026-05-18 19:00:00,0,0.3800760219202083,0.6199239780797917,Hold,104.66,104.8,101.41,101.96,18369
2026-05-18 20:00:00,0,0.36027781602778175,0.6397221839722183,Hold,101.96,102.6,101.1,102.49,4497
2026-05-18 22:00:00,0,0.3358138275380983,0.6641861724619017,Hold,102.58,102.74,102.12,102.45,2167
2026-05-18 23:00:00,0,0.33560962791628124,0.6643903720837188,Hold,102.45,102.52,102.26,102.3,549
2026-05-19 00:00:00,0,0.33448006152669957,0.6655199384733004,Hold,102.3,102.75,102.22,102.51,1890
2026-05-19 01:00:00,0,0.3724401968344081,0.6275598031655919,Hold,102.47,103.0,102.24,102.53,2633
2026-05-19 02:00:00,0,0.4036425786251501,0.5963574213748499,Hold,102.5,103.1,102.42,102.91,1222
2026-05-19 03:00:00,0,0.4638292386828345,0.5361707613171656,Hold,102.93,103.13,102.67,102.83,961
2026-05-19 04:00:00,0,0.4930556212927946,0.5069443787072054,Hold,102.84,102.92,102.59,102.65,671
2026-05-19 05:00:00,0,0.5030436874510056,0.4969563125489944,Buy,102.64,103.45,102.58,103.16,1882
2026-05-19 06:00:00,0,0.5317878238670931,0.4682121761329069,Buy,103.16,103.85,102.74,103.72,5355
2026-05-19 07:00:00,0,0.5458570129238872,0.4541429870761128,Buy,103.71,104.0,103.02,103.15,4087
2026-05-19 08:00:00,0,0.5555314514676577,0.4444685485323423,Buy,103.17,103.86,103.03,103.24,3947
2026-05-19 09:00:00,0,0.5554339627565834,0.4445660372434166,Buy,103.25,103.58,102.56,102.79,3460
2026-05-19 10:00:00,0,0.551700509041283,0.448299490958717,Buy,102.79,104.18,102.73,103.42,7553
2026-05-19 11:00:00,0,0.5492802358629228,0.45071976413707715,Buy,103.45,104.1,103.41,103.97,3815
2026-05-19 12:00:00,0,0.5596098734214089,0.4403901265785911,Buy,103.98,104.01,103.23,103.51,4871
2026-05-19 13:00:00,0,0.5543077814969692,0.44569221850303076,Buy,103.5,104.71,103.14,103.46,19486
2026-05-19 14:00:00,0,0.5526221962857409,0.44737780371425906,Buy,103.48,103.79,102.61,103.49,17207
2026-05-19 15:00:00,0,0.49868789129445756,0.5013121087055424,Hold,103.48,103.91,102.96,103.83,9911
2026-05-19 16:00:00,0,0.4766144441374982,0.5233855558625018,Hold,103.82,104.15,103.51,103.71,7794
2026-05-19 17:00:00,0,0.44865520015974303,0.551344799840257,Hold,103.71,104.09,103.27,103.44,9535
2026-05-19 18:00:00,0,0.42147391352160163,0.5785260864783983,Hold,103.43,104.86,103.09,104.65,23913
2026-05-19 19:00:00,0,0.4091890111586099,0.5908109888413902,Hold,104.66,104.66,104.12,104.48,4076
2026-05-19 20:00:00,0,0.40552798226903763,0.5944720177309624,Hold,104.49,104.59,103.95,104.03,2584
2026-05-19 22:00:00,0,0.389737427068659,0.610262572931341,Hold,104.12,104.36,104.03,104.21,792
2026-05-19 23:00:00,0,0.3773131528626854,0.6226868471373146,Hold,104.21,104.29,103.76,103.92,1034
2026-05-20 00:00:00,0,0.37472578212017205,0.625274217879828,Hold,103.92,104.02,103.71,103.87,1195
2026-05-20 01:00:00,0,0.37202718023989295,0.6279728197601071,Hold,103.85,104.45,103.12,103.61,3742
2026-05-20 02:00:00,0,0.43792553971938414,0.5620744602806158,Hold,103.58,104.45,103.41,104.2,2348
2026-05-20 03:00:00,0,0.4518311130834514,0.5481688869165486,Hold,104.2,104.33,103.57,103.68,1534
2026-05-20 04:00:00,0,0.46978912205012,0.53021087794988,Hold,103.68,103.97,103.32,103.9,1307
2026-05-20 05:00:00,0,0.4963765051477959,0.503623494852204,Hold,103.88,103.94,103.57,103.84,1023
2026-05-20 06:00:00,0,0.5348776296333593,0.4651223703666407,Buy,103.86,104.01,102.65,102.79,4774
2026-05-20 07:00:00,0,0.5377424555620676,0.46225754443793243,Buy,102.75,103.17,102.5,103.04,4122
2026-05-20 08:00:00,0,0.5578204879363551,0.4421795120636449,Buy,103.05,103.12,101.82,102.06,7704
2026-05-20 09:00:00,0,0.5486548521313555,0.45134514786864455,Buy,102.09,102.72,101.64,102.35,4840
2026-05-20 10:00:00,0,0.556922582868342,0.44307741713165805,Buy,102.34,102.51,100.87,101.48,8945
2026-05-20 11:00:00,0,0.5449034436099129,0.45509655639008706,Buy,101.48,102.77,101.42,102.52,7517
2026-05-20 12:00:00,0,0.5595477853777212,0.4404522146222788,Buy,102.53,102.65,100.75,101.66,13538
2026-05-20 13:00:00,0,0.5415366962922273,0.45846330370777266,Buy,101.68,102.33,101.29,102.27,15267
2026-05-20 14:00:00,0,0.5468882372376913,0.4531117627623087,Buy,102.26,102.8,99.45,100.49,43562
2026-05-20 15:00:00,0,0.5063426673269056,0.4936573326730944,Buy,100.5,100.67,97.0,99.26,40514
2026-05-20 16:00:00,0,0.47406004905944943,0.5259399509405506,Hold,99.23,99.64,97.6,97.89,17953
2026-05-20 17:00:00,0,0.4424504420868066,0.5575495579131934,Hold,97.84,98.35,96.94,98.32,21538
2026-05-20 18:00:00,0,0.4051097747176296,0.5948902252823705,Hold,98.3,98.71,97.76,97.95,18559
2026-05-20 19:00:00,0,0.37264334291762863,0.6273566570823714,Hold,97.94,98.58,97.77,98.53,5679
2026-05-20 20:00:00,0,0.36286728180489086,0.6371327181951092,Hold,98.52,99.11,98.33,99.08,3429
2026-05-20 22:00:00,0,0.3446813418515842,0.6553186581484158,Hold,98.95,99.22,98.75,98.99,1543
2026-05-20 23:00:00,0,0.35007487836600165,0.6499251216339983,Hold,98.96,99.21,98.75,98.88,1037
2026-05-21 00:00:00,0,0.34928208158603286,0.6507179184139671,Hold,98.87,100.11,98.79,99.12,3736
2026-05-21 01:00:00,0,0.3818129335722035,0.6181870664277965,Hold,99.12,99.16,98.5,98.6,3620
2026-05-21 02:00:00,0,0.41003794279963013,0.5899620572003699,Hold,98.59,99.25,98.52,99.15,1356
2026-05-21 03:00:00,0,0.4590197109092318,0.5409802890907682,Hold,99.16,99.27,98.94,99.12,877
2026-05-21 04:00:00,0,0.4952221730563948,0.5047778269436052,Hold,99.1,99.29,98.79,98.84,789
2026-05-21 05:00:00,0,0.5134386085276625,0.48656139147233746,Buy,98.84,100.06,98.82,99.42,2355
2026-05-21 06:00:00,0,0.541781305840851,0.45821869415914895,Buy,99.45,99.85,98.8,99.55,4348
2026-05-21 07:00:00,0,0.5562503183977731,0.44374968160222694,Buy,99.58,99.93,99.24,99.28,2576
2026-05-21 08:00:00,0,0.5667620663519309,0.43323793364806906,Buy,99.28,99.58,98.04,98.47,8129
2026-05-21 09:00:00,1,0.5674554029890165,0.43254459701098347,Buy,98.5,98.5,97.25,97.59,6056
2026-05-21 10:00:00,0,0.5431453829630034,0.4568546170369966,Buy,97.6,101.34,97.48,101.06,20209
2026-05-21 11:00:00,0,0.5389776604700344,0.46102233952996563,Buy,101.08,101.08,100.15,100.59,9638
2026-05-21 12:00:00,0,0.5430973795728057,0.4569026204271943,Buy,100.57,101.29,100.44,101.09,13011
2026-05-21 13:00:00,0,0.543577153569801,0.45642284643019904,Buy,101.09,102.66,100.29,100.53,31210
2026-05-21 14:00:00,0,0.5363346945578588,0.46366530544214124,Buy,100.53,101.56,100.27,101.35,19783
2026-05-21 15:00:00,0,0.48981001609379776,0.5101899839062023,Hold,101.36,102.14,100.72,100.73,15730
2026-05-21 16:00:00,0,0.4660062655948758,0.5339937344051242,Hold,100.72,100.78,99.79,100.01,13148
2026-05-21 17:00:00,0,0.45790638636779163,0.5420936136322083,Hold,100.0,100.43,95.76,96.33,47789
2026-05-21 18:00:00,0,0.3977045023109357,0.6022954976890643,Hold,96.34,98.3,96.0,98.01,38068
2026-05-21 19:00:00,0,0.3743474691155527,0.6256525308844473,Hold,98.01,98.21,97.06,97.32,12355
2026-05-21 20:00:00,0,0.35565198702149964,0.6443480129785004,Hold,97.35,98.18,97.21,98.0,3143
2026-05-21 22:00:00,0,0.3332175632837424,0.6667824367162576,Hold,98.0,98.0,97.29,97.73,1739
2026-05-21 23:00:00,0,0.32809627893416765,0.6719037210658323,Hold,97.73,97.91,97.51,97.74,908
2026-05-22 00:00:00,0,0.35043844017080195,0.649561559829198,Hold,97.74,98.15,97.6,97.93,2462
2026-05-22 01:00:00,0,0.37397137717763534,0.6260286228223646,Hold,97.92,98.35,97.62,97.69,2384
2026-05-22 02:00:00,0,0.3842075111026464,0.6157924888973536,Hold,97.66,97.97,97.33,97.47,1412
2026-05-22 03:00:00,0,0.4301661885728617,0.5698338114271383,Hold,97.44,97.57,97.24,97.46,1301
2026-05-22 04:00:00,0,0.46574276640855006,0.5342572335914499,Hold,97.48,97.48,96.92,97.35,1646
2026-05-22 05:00:00,0,0.4953302520080173,0.5046697479919827,Hold,97.34,98.55,97.34,98.38,1992
2026-05-22 06:00:00,0,0.5305016197621474,0.4694983802378526,Buy,98.38,98.73,97.92,98.0,3272
2026-05-22 07:00:00,0,0.5498068935731617,0.4501931064268383,Buy,97.98,98.93,97.95,98.46,6116
2026-05-22 08:00:00,0,0.5586524374323035,0.44134756256769647,Buy,98.46,99.43,98.09,98.7,10020
2026-05-22 09:00:00,0,0.5616465126441365,0.43835348735586355,Buy,98.72,99.07,97.89,98.52,4523
2026-05-22 10:00:00,0,0.5621176914899211,0.4378823085100789,Buy,98.5,98.8,97.66,98.31,4483
2026-05-22 11:00:00,0,0.5618400757791499,0.43815992422085015,Buy,98.32,98.66,97.16,97.52,5513
2026-05-22 12:00:00,0,0.5675058309499528,0.43249416905004723,Buy,97.55,97.77,95.65,96.22,19093
2026-05-22 13:00:00,0,0.5521857299273178,0.44781427007268215,Buy,96.2,98.11,95.46,97.77,25612
2026-05-22 14:00:00,0,0.5527994773866843,0.44720052261331567,Buy,97.78,98.17,97.29,97.57,10145
2026-05-22 15:00:00,0,0.5108903182034015,0.4891096817965985,Buy,97.57,97.96,96.8,97.06,11129
2026-05-22 16:00:00,0,0.485854980362032,0.514145019637968,Hold,97.06,97.41,96.52,96.86,12090
2026-05-22 17:00:00,0,0.45295570734827706,0.5470442926517229,Hold,96.83,97.24,94.73,96.07,28189
2026-05-22 18:00:00,0,0.42839281642299265,0.5716071835770073,Hold,96.07,96.77,96.0,96.25,16445
2026-05-22 19:00:00,0,0.4075221529836722,0.5924778470163278,Hold,96.23,96.95,96.08,96.28,6927
2026-05-22 20:00:00,0,0.3850468014824717,0.6149531985175283,Hold,96.23,97.27,95.97,97.0,5992
2026-05-25 00:00:00,0,0.3513372831100436,0.6486627168899564,Hold,92.12,92.29,90.87,91.9,3977
2026-05-25 01:00:00,0,0.3677069946285344,0.6322930053714656,Hold,91.92,92.52,91.7,92.41,4169
2026-05-25 02:00:00,0,0.41076860632819184,0.5892313936718081,Hold,92.42,92.55,91.71,91.74,2236
2026-05-25 03:00:00,0,0.4578065223448356,0.5421934776551645,Hold,91.72,91.78,90.32,90.94,7710
2026-05-25 04:00:00,0,0.49261829804904905,0.507381701950951,Hold,91.01,91.3,90.87,90.98,1854
2026-05-25 05:00:00,0,0.5197285599695559,0.4802714400304441,Buy,90.97,91.05,90.58,90.98,2057
2026-05-25 06:00:00,0,0.5433634105457958,0.45663658945420416,Buy,91.0,91.61,90.87,91.4,2787
2026-05-25 07:00:00,0,0.5667676657663093,0.4332323342336907,Buy,91.4,92.7,91.25,91.76,8062
2026-05-25 08:00:00,0,0.5707440656617008,0.4292559343382992,Buy,91.76,92.52,91.63,91.75,3708
2026-05-25 09:00:00,0,0.5773986461040839,0.42260135389591613,Buy,91.74,91.85,91.01,91.23,3218
2026-05-25 10:00:00,0,0.5730798061953495,0.4269201938046505,Buy,91.23,91.35,90.71,90.91,3153
2026-05-25 11:00:00,0,0.5707106074303339,0.42928939256966614,Buy,90.91,91.42,90.54,90.89,4829
2026-05-25 12:00:00,0,0.5675550318532806,0.4324449681467194,Buy,90.91,91.55,90.34,91.47,5349
2026-05-25 13:00:00,0,0.5486083137692864,0.4513916862307136,Buy,91.5,91.88,91.31,91.39,4745
2026-05-25 14:00:00,0,0.5470565572364309,0.4529434427635691,Buy,91.39,91.52,90.89,91.43,5480
2026-05-25 15:00:00,0,0.5242660983205377,0.4757339016794623,Buy,91.46,91.82,90.42,91.09,10021
2026-05-25 16:00:00,0,0.48505251220741535,0.5149474877925846,Hold,91.1,91.6,89.75,89.85,6258
2026-05-25 17:00:00,0,0.45563913549634355,0.5443608645036564,Hold,89.86,90.45,89.41,90.33,4507
2026-05-25 18:00:00,0,0.410599899108072,0.5894001008919281,Hold,90.33,90.44,90.14,90.3,844
2026-05-25 22:00:00,0,0.3508295128549421,0.6491704871450579,Hold,91.0,91.23,90.35,90.77,3913
2026-05-25 23:00:00,0,0.3442539857338817,0.6557460142661182,Hold,90.75,91.12,90.6,90.93,2100
2026-05-26 00:00:00,0,0.3461587485092808,0.6538412514907193,Hold,90.94,91.6,90.9,91.48,6100
2026-05-26 01:00:00,0,0.37103683090144207,0.628963169098558,Hold,91.5,92.04,91.38,91.85,3647
2026-05-26 02:00:00,1,0.41174965548793674,0.5882503445120633,Hold,91.85,91.94,91.39,91.58,2055
2026-05-26 03:00:00,1,0.45600277449800974,0.5439972255019903,Hold,91.58,91.72,91.4,91.66,1429
2026-05-26 04:00:00,0,0.493101785093616,0.506898214906384,Hold,91.66,92.12,91.58,92.02,1579
2026-05-26 05:00:00,0,0.5309372911736208,0.46906270882637924,Buy,92.01,92.55,91.79,91.89,2906
2026-05-26 06:00:00,1,0.5540871959046552,0.44591280409534484,Buy,91.9,92.31,91.4,91.67,4407
2026-05-26 07:00:00,0,0.5679409112621533,0.4320590887378467,Buy,91.66,92.96,91.53,92.47,8667
2026-05-26 08:00:00,0,0.5727745831846119,0.42722541681538806,Buy,92.47,93.64,92.33,93.2,7160
2026-05-26 09:00:00,0,0.5781421856632949,0.4218578143367051,Buy,93.21,93.28,92.51,92.61,5481
2026-05-26 10:00:00,1,0.5754159559098739,0.42458404409012607,Buy,92.61,92.73,91.5,92.02,7171
2026-05-26 11:00:00,1,0.5725020933468004,0.42749790665319964,Buy,92.02,92.9,91.98,92.72,6712
2026-05-26 12:00:00,0,0.5781677111518576,0.4218322888481424,Buy,92.72,93.36,92.42,92.8,8681
2026-05-26 13:00:00,0,0.5795186045932265,0.42048139540677354,Buy,92.81,94.51,92.54,94.2,16709
2026-05-26 14:00:00,0,0.5831718481103138,0.41682815188968625,Buy,94.16,94.43,93.17,94.19,17732
2026-05-26 15:00:00,0,0.5393121042439131,0.46068789575608693,Buy,94.19,94.7,93.81,93.9,14276
2026-05-26 16:00:00,0,0.5060376753413616,0.49396232465863843,Buy,93.89,94.36,93.71,94.03,9504
2026-05-26 17:00:00,0,0.4844133292056067,0.5155866707943932,Hold,94.04,94.16,93.56,93.76,8326
2026-05-26 18:00:00,0,0.4567214394573067,0.5432785605426933,Hold,93.76,94.09,93.41,93.68,14781
2026-05-26 19:00:00,0,0.4205588753146972,0.5794411246853028,Hold,93.69,94.06,93.51,93.53,4609
2026-05-26 20:00:00,0,0.40813261216406466,0.5918673878359353,Hold,93.51,93.87,93.2,93.57,2702
2026-05-26 22:00:00,0,0.3999044947736695,0.6000955052263305,Hold,93.39,93.69,93.3,93.58,1179
2026-05-26 23:00:00,0,0.3821297120416031,0.6178702879583968,Hold,93.57,93.62,93.1,93.31,1244
2026-05-27 00:00:00,0,0.37030193649352544,0.6296980635064746,Hold,93.33,93.43,92.81,92.96,2608
2026-05-27 01:00:00,0,0.37460916271866995,0.62539083728133,Hold,92.97,93.22,92.55,92.85,2448
2026-05-27 02:00:00,0,0.40908606957822696,0.590913930421773,Hold,92.84,92.84,92.16,92.4,2641
2026-05-27 03:00:00,0,0.4473207189131951,0.5526792810868049,Hold,92.38,92.39,91.87,92.11,2644
2026-05-27 04:00:00,0,0.46313786530524004,0.53686213469476,Hold,92.11,92.15,91.81,91.94,1362
2026-05-27 05:00:00,0,0.4998692419509315,0.5001307580490685,Hold,91.95,92.22,91.73,91.85,2303
2026-05-27 06:00:00,0,0.5394883098936699,0.4605116901063301,Buy,91.84,92.04,91.41,91.54,4254
2026-05-27 07:00:00,0,0.5620512159816942,0.43794878401830584,Buy,91.54,91.65,90.85,91.12,6789
2026-05-27 08:00:00,0,0.5626484341088523,0.43735156589114765,Buy,91.1,91.26,89.69,90.17,9388
2026-05-27 09:00:00,0,0.5546539814126485,0.44534601858735146,Buy,90.16,90.53,89.64,89.87,7922
2026-05-27 10:00:00,0,0.5570390455106308,0.44296095448936923,Buy,89.86,90.51,89.83,90.21,4784
2026-05-27 11:00:00,0,0.5559126154244547,0.4440873845755453,Buy,90.2,90.85,89.96,90.54,8653
2026-05-27 12:00:00,1,0.5699427886440019,0.43005721135599806,Buy,90.55,90.77,87.77,88.84,32457
2026-05-27 13:00:00,0,0.5549379704335772,0.4450620295664228,Buy,88.85,90.02,88.76,89.8,19017
2026-05-27 14:00:00,0,0.5525211077625608,0.4474788922374392,Buy,89.79,91.01,89.46,90.81,23818
2026-05-27 15:00:00,0,0.5017449273909581,0.4982550726090419,Buy,90.82,91.19,89.93,90.01,20930
2026-05-27 16:00:00,0,0.46589096923982104,0.534109030760179,Hold,90.02,90.4,89.42,89.88,12244
2026-05-27 17:00:00,0,0.43503945737185196,0.5649605426281481,Hold,89.88,90.1,89.16,89.52,8983
2026-05-27 18:00:00,0,0.39617492418543093,0.6038250758145691,Hold,89.53,89.6,88.48,88.94,18144
2026-05-27 19:00:00,0,0.35902265008542056,0.6409773499145794,Hold,88.94,89.58,88.83,89.44,5362
2026-05-27 20:00:00,1,0.3441094413922651,0.6558905586077348,Hold,89.44,89.6,89.3,89.41,1827
2026-05-27 22:00:00,1,0.33170274672829275,0.6682972532717073,Hold,89.11,90.08,89.11,89.7,2072
2026-05-27 23:00:00,1,0.3353987585119242,0.6646012414880758,Hold,89.75,90.4,89.61,90.2,2454
2026-05-28 00:00:00,1,0.3337498770054481,0.6662501229945519,Hold,90.21,90.69,90.18,90.48,3565
2026-05-28 01:00:00,1,0.35760654855187535,0.6423934514481247,Hold,90.46,90.48,89.97,90.18,2910
2026-05-28 02:00:00,0,0.38943571144261374,0.6105642885573863,Hold,90.17,90.97,89.93,90.94,2892
2026-05-28 03:00:00,0,0.4465185870473466,0.5534814129526534,Hold,90.94,92.23,90.86,92.18,6859
2026-05-28 04:00:00,0,0.47367616514691857,0.5263238348530814,Hold,92.2,92.52,91.99,92.17,3268
2026-05-28 05:00:00,0,0.49609926994638986,0.5039007300536101,Hold,92.14,92.23,91.41,91.58,3556
2026-05-28 06:00:00,0,0.5225283234474514,0.47747167655254863,Buy,91.57,91.62,90.75,91.15,3870
2026-05-28 07:00:00,0,0.5411538854070831,0.4588461145929169,Buy,91.15,91.42,90.81,90.93,4614
2026-05-28 08:00:00,0,0.5499634418312049,0.45003655816879506,Buy,90.93,91.03,90.48,90.56,5180
2026-05-28 09:00:00,0,0.5446889360464391,0.4553110639535609,Buy,90.56,90.78,89.87,90.25,4435
2026-05-28 10:00:00,0,0.5439191828983386,0.4560808171016614,Buy,90.26,91.37,90.0,91.01,5762
2026-05-28 11:00:00,0,0.5473235089456463,0.4526764910543537,Buy,91.0,91.57,90.74,91.3,5963
2026-05-28 12:00:00,0,0.5487828848777957,0.4512171151222043,Buy,91.31,91.45,90.4,90.54,8739
2026-05-28 13:00:00,0,0.5381071484169011,0.4618928515830989,Buy,90.54,91.35,90.3,90.83,10714
2026-05-28 14:00:00,0,0.5462805759152441,0.45371942408475585,Buy,90.83,91.14,87.11,89.49,26177
2026-05-28 15:00:00,0,0.4948742823444766,0.5051257176555234,Hold,89.51,90.16,88.98,89.78,14126
2026-05-28 16:00:00,0,0.4648286612851134,0.5351713387148866,Hold,89.77,90.25,88.02,88.24,14108
2026-05-28 17:00:00,0,0.4290333756460807,0.5709666243539193,Hold,88.26,89.16,88.2,88.85,9562
2026-05-28 18:00:00,0,0.3930396432276591,0.606960356772341,Hold,88.86,89.54,88.59,89.25,13109
2026-05-28 19:00:00,0,0.3560971818605401,0.6439028181394599,Hold,89.24,89.49,89.01,89.48,3067
2026-05-28 20:00:00,0,0.3586857459422962,0.6413142540577038,Hold,89.47,89.64,88.53,88.53,4329
2026-05-28 22:00:00,0,0.3349119270859708,0.6650880729140292,Hold,88.55,88.92,88.26,88.51,1348
2026-05-28 23:00:00,0,0.3368814433440333,0.6631185566559668,Hold,88.54,88.67,88.2,88.53,1205
2026-05-29 00:00:00,0,0.36245429059029666,0.6375457094097033,Hold,88.53,88.53,87.63,88.36,2915
2026-05-29 01:00:00,0,0.3881529447660527,0.6118470552339472,Hold,88.35,88.44,87.67,87.89,2677
2026-05-29 02:00:00,0,0.4189548694889897,0.5810451305110103,Hold,87.9,88.05,87.57,87.77,1976
2026-05-29 03:00:00,0,0.45890508119626955,0.5410949188037304,Hold,87.81,88.29,87.37,88.2,2692
2026-05-29 04:00:00,0,0.48943777319617554,0.5105622268038245,Hold,88.18,88.25,87.47,87.71,2963
2026-05-29 05:00:00,0,0.5048744747189206,0.49512552528107945,Buy,87.72,88.13,87.67,88.02,1555
2026-05-29 06:00:00,0,0.5445734980494946,0.4554265019505054,Buy,88.01,88.04,87.17,87.48,3153
2026-05-29 07:00:00,0,0.5627274398288638,0.43727256017113625,Buy,87.48,89.01,87.34,88.72,5200
2026-05-29 08:00:00,0,0.5679011542239928,0.4320988457760072,Buy,88.72,89.02,88.52,88.68,3662
2026-05-29 09:00:00,0,0.5835259203563522,0.4164740796436478,Buy,88.69,88.72,86.86,87.5,10722
2026-05-29 10:00:00,0,0.5767558547919366,0.4232441452080634,Buy,87.5,87.82,86.71,87.35,4146
2026-05-29 11:00:00,0,0.569901675354671,0.43009832464532904,Buy,87.34,88.31,87.16,87.61,5623
2026-05-29 12:00:00,0,0.5686239085788534,0.43137609142114663,Buy,87.62,88.16,87.21,87.33,7456
2026-05-29 13:00:00,0,0.5658751231827088,0.43412487681729117,Buy,87.32,87.87,86.73,87.69,14415
2026-05-29 14:00:00,0,0.5620577334867883,0.43794226651321166,Buy,87.68,88.95,87.46,87.96,23305
2026-05-29 15:00:00,0,0.5184486066374843,0.48155139336251573,Buy,87.97,88.01,86.35,87.6,28522
2026-05-29 16:00:00,1,0.4949052466109343,0.5050947533890657,Hold,87.6,87.97,86.43,86.58,14166
2026-05-29 17:00:00,1,0.4677690054434605,0.5322309945565395,Hold,86.59,87.32,86.56,87.19,13006
2026-05-29 18:00:00,1,0.4210159194706838,0.5789840805293163,Hold,87.18,88.0,87.0,87.64,19778
2026-05-29 19:00:00,0,0.4076644817250664,0.5923355182749336,Hold,87.66,88.17,87.5,88.08,4616
2026-05-29 20:00:00,1,0.39628952759091096,0.603710472409089,Hold,88.08,88.14,87.62,87.76,2574
2026-06-01 00:00:00,0,0.34707826114105084,0.6529217388589492,Hold,89.43,89.95,89.25,89.33,2350
2026-06-01 01:00:00,0,0.3899873261935441,0.610012673806456,Hold,89.33,90.2,89.03,89.88,3473
2026-06-01 02:00:00,0,0.4176705729852879,0.5823294270147121,Hold,89.89,90.0,89.51,89.61,1749
2026-06-01 03:00:00,0,0.45406369900291643,0.5459363009970836,Hold,89.59,90.04,89.16,89.74,3227
2026-06-01 04:00:00,0,0.47093518731249795,0.529064812687502,Hold,89.73,89.94,89.26,89.65,1320
2026-06-01 05:00:00,0,0.4914458297152676,0.5085541702847324,Hold,89.66,90.0,89.48,89.75,1493
2026-06-01 06:00:00,0,0.5265861307521809,0.47341386924781914,Buy,89.73,90.76,89.71,90.16,4140
2026-06-01 07:00:00,0,0.5391766075225701,0.46082339247742987,Buy,90.15,90.71,90.08,90.37,4028
2026-06-01 08:00:00,0,0.5488713860050831,0.4511286139949169,Buy,90.39,91.26,90.21,90.82,5849
2026-06-01 09:00:00,0,0.5574239572707189,0.4425760427292811,Buy,90.82,91.25,90.55,90.8,3028
2026-06-01 10:00:00,0,0.5557849542234345,0.44421504577656545,Buy,90.78,90.93,90.47,90.64,3313
2026-06-01 11:00:00,0,0.5584208147313813,0.4415791852686187,Buy,90.64,90.79,90.17,90.25,3882
2026-06-01 12:00:00,1,0.5642152203978531,0.4357847796021469,Buy,90.25,90.47,89.27,89.66,10034
2026-06-01 13:00:00,0,0.5391136390907155,0.4608863609092845,Buy,89.65,94.2,89.45,94.14,40100
2026-06-01 14:00:00,0,0.5295162706598968,0.4704837293401032,Buy,94.17,94.71,92.92,94.52,26307
2026-06-01 15:00:00,0,0.48662314601185264,0.5133768539881474,Hold,94.52,94.78,92.2,93.78,26808
2026-06-01 16:00:00,0,0.4573160125231984,0.5426839874768016,Hold,93.77,94.45,92.74,92.82,21023
2026-06-01 17:00:00,0,0.4321635055045764,0.5678364944954236,Hold,92.81,93.21,90.8,91.79,26957
2026-06-01 18:00:00,0,0.40563345929025524,0.5943665407097447,Hold,91.78,92.65,91.43,92.52,15346
2026-06-01 19:00:00,0,0.3747193844142659,0.6252806155857341,Hold,92.51,92.65,92.1,92.44,5171
2026-06-01 20:00:00,0,0.3636625283051297,0.6363374716948703,Hold,92.46,92.55,92.08,92.47,2292
2026-06-01 22:00:00,0,0.33731567631454185,0.6626843236854582,Hold,92.45,92.61,92.14,92.3,1130
2026-06-01 23:00:00,0,0.3356109131507299,0.6643890868492701,Hold,92.31,92.37,91.69,91.93,1661
2026-06-02 00:00:00,0,0.3487112826470705,0.6512887173529295,Hold,91.91,92.49,91.65,92.4,2896
2026-06-02 01:00:00,0,0.36998490387248173,0.6300150961275183,Hold,92.39,92.65,91.5,91.68,4462
2026-06-02 02:00:00,0,0.3964475377170559,0.6035524622829441,Hold,91.67,91.88,91.46,91.77,2021
2026-06-02 03:00:00,0,0.446905876421236,0.553094123578764,Hold,91.78,91.81,91.26,91.45,1802
2026-06-02 04:00:00,0,0.46772744542293,0.53227255457707,Hold,91.44,91.51,91.15,91.21,1166
2026-06-02 05:00:00,0,0.497705950283401,0.5022940497165991,Hold,91.23,91.47,91.0,91.37,1784
2026-06-02 06:00:00,0,0.531892881150921,0.46810711884907896,Buy,91.39,91.7,90.99,91.55,3037
2026-06-02 07:00:00,0,0.558170929009771,0.44182907099022894,Buy,91.54,91.74,90.56,90.82,5973
2026-06-02 08:00:00,0,0.5614048412132469,0.43859515878675315,Buy,90.81,91.23,90.15,90.65,7666
2026-06-02 09:00:00,1,0.5585447552406518,0.44145524475934816,Buy,90.65,91.08,90.12,91.01,5131
2026-06-02 10:00:00,1,0.5589518313692711,0.44104816863072893,Buy,91.01,91.52,90.93,91.17,4326
2026-06-02 11:00:00,1,0.5617961734868846,0.4382038265131154,Buy,91.16,91.25,90.74,91.02,3468
2026-06-02 12:00:00,1,0.5615942171666728,0.4384057828333272,Buy,91.03,91.6,90.58,91.14,8067
2026-06-02 13:00:00,0,0.5575140138405974,0.4424859861594026,Buy,91.13,92.45,91.09,92.28,17707
2026-06-02 14:00:00,1,0.5589484760920752,0.4410515239079248,Buy,92.28,92.5,91.68,91.92,12102
2026-06-02 15:00:00,0,0.5154289270980046,0.4845710729019954,Buy,91.91,93.1,91.44,92.86,12743
2026-06-02 16:00:00,1,0.4851048599380234,0.5148951400619766,Hold,92.86,93.41,92.46,93.12,12423
2026-06-02 17:00:00,1,0.4644487847868529,0.5355512152131471,Hold,93.11,93.95,92.9,93.84,12438
2026-06-02 18:00:00,1,0.4323981055997818,0.5676018944002181,Hold,93.84,94.0,93.2,93.9,14323
2026-06-02 19:00:00,1,0.3957431852478591,0.6042568147521409,Hold,93.89,93.9,93.45,93.69,5286
2026-06-02 20:00:00,1,0.39237433065851396,0.6076256693414861,Hold,93.66,93.72,93.34,93.39,2706
2026-06-02 22:00:00,0,0.38648696789493087,0.6135130321050691,Hold,93.45,94.5,93.45,94.25,3284
2026-06-02 23:00:00,0,0.3964387250204865,0.6035612749795135,Hold,94.26,96.08,94.12,94.61,8952
2026-06-03 00:00:00,0,0.37838459584677925,0.6216154041532207,Hold,94.59,94.89,94.24,94.38,3563
2026-06-03 01:00:00,0,0.40061687806978347,0.5993831219302166,Hold,94.41,95.1,94.2,94.85,3942
2026-06-03 02:00:00,0,0.436720741984894,0.563279258015106,Hold,94.83,94.89,94.52,94.72,1312
2026-06-03 03:00:00,1,0.466912613720869,0.533087386279131,Hold,94.74,94.8,94.53,94.71,1228
2026-06-03 04:00:00,1,0.48459773850885485,0.5154022614911451,Hold,94.72,95.19,94.71,94.9,1120
2026-06-03 05:00:00,0,0.5049560223000259,0.4950439776999741,Buy,94.92,95.59,94.79,95.56,1841
2026-06-03 06:00:00,0,0.5331665240921489,0.46683347590785107,Buy,95.58,95.84,95.14,95.75,4236
2026-06-03 07:00:00,0,0.5486115260391384,0.45138847396086157,Buy,95.73,96.02,95.5,95.88,4637
2026-06-03 08:00:00,0,0.5525181694757643,0.44748183052423574,Buy,95.87,96.56,95.61,96.34,7793
2026-06-03 09:00:00,0,0.5547083475514628,0.4452916524485372,Buy,96.36,96.98,95.89,96.87,6795
2026-06-03 10:00:00,0,0.5585456572419765,0.44145434275802353,Buy,96.87,97.0,95.63,95.99,11841
2026-06-03 11:00:00,0,0.5632591647317209,0.4367408352682791,Buy,95.98,96.05,95.53,95.71,5107
2026-06-03 12:00:00,0,0.5559663461120838,0.44403365388791616,Buy,95.71,96.5,95.31,96.02,8597
2026-06-03 13:00:00,1,0.5568305173379862,0.44316948266201384,Buy,96.01,96.15,94.44,94.48,18420
2026-06-03 14:00:00,0,0.5525276833534486,0.4474723166465514,Buy,94.48,95.65,94.34,95.25,16333
2026-06-03 15:00:00,0,0.5008698172887379,0.4991301827112621,Buy,95.24,96.31,95.06,95.9,15251
2026-06-03 16:00:00,0,0.4731724624008777,0.5268275375991223,Hold,95.89,96.32,95.64,95.67,12434
2026-06-03 17:00:00,0,0.45395312063049303,0.546046879369507,Hold,95.66,96.48,95.25,96.24,9723
2026-06-03 18:00:00,0,0.4192769833967244,0.5807230166032755,Hold,96.22,96.57,95.85,96.06,11951
2026-06-03 19:00:00,0,0.3923401282903181,0.6076598717096819,Hold,96.05,96.23,95.67,96.22,4225
2026-06-03 20:00:00,0,0.38572882270940295,0.6142711772905971,Hold,96.22,96.49,96.01,96.2,3689
2026-06-03 22:00:00,0,0.3615678070175058,0.6384321929824942,Hold,95.75,95.91,95.0,95.24,2776
2026-06-03 23:00:00,0,0.3306968128214002,0.6693031871785998,Hold,95.23,95.5,95.16,95.39,950
2026-06-04 00:00:00,0,0.34385455364676565,0.6561454463532344,Hold,95.39,95.77,95.23,95.32,2294
2026-06-04 01:00:00,0,0.3665388049044346,0.6334611950955654,Hold,95.32,95.5,94.84,95.01,2824
2026-06-04 02:00:00,0,0.39696669040124566,0.6030333095987543,Hold,94.99,95.1,94.79,94.84,1409
2026-06-04 03:00:00,0,0.45214338262559134,0.5478566173744086,Hold,94.84,95.52,94.76,95.12,1946
2026-06-04 04:00:00,0,0.46932039919248913,0.5306796008075109,Hold,95.11,95.35,95.05,95.21,933
2026-06-04 05:00:00,0,0.49625562587947747,0.5037443741205225,Hold,95.2,95.6,95.16,95.18,1205
2026-06-04 06:00:00,0,0.5275133872911301,0.47248661270886994,Buy,95.16,95.46,94.92,95.21,1928
2026-06-04 07:00:00,0,0.5477133169465768,0.45228668305342323,Buy,95.21,95.62,94.9,95.42,3554
2026-06-04 08:00:00,0,0.5553642618167882,0.4446357381832118,Buy,95.46,95.69,94.38,94.88,8261
2026-06-04 09:00:00,0,0.5598327205660536,0.4401672794339464,Buy,94.88,95.05,94.06,94.51,5742
2026-06-04 10:00:00,0,0.5502715233424975,0.4497284766575025,Buy,94.51,95.3,94.5,94.91,4621
2026-06-04 11:00:00,0,0.5615209060658584,0.43847909393414164,Buy,94.89,94.93,92.34,92.45,15057
2026-06-04 12:00:00,0,0.5588878159011099,0.4411121840988901,Buy,92.47,93.0,91.91,92.66,15650
2026-06-04 13:00:00,0,0.5478928929678684,0.45210710703213164,Buy,92.68,93.15,92.13,92.36,13213
2026-06-04 14:00:00,0,0.5345348762747217,0.46546512372527826,Buy,92.38,93.12,92.01,93.06,10213
2026-06-04 15:00:00,0,0.49862753352664496,0.501372466473355,Hold,93.06,93.26,92.63,93.0,9716
2026-06-04 16:00:00,0,0.46859536314848077,0.5314046368515193,Hold,93.0,93.15,92.28,92.39,6934
2026-06-04 17:00:00,0,0.44970347132727995,0.55029652867272,Hold,92.4,92.61,91.94,92.33,6669
2026-06-04 18:00:00,0,0.4032627292841428,0.5967372707158571,Hold,92.33,93.46,91.95,93.33,18433
2026-06-04 19:00:00,0,0.37449312598826595,0.625506874011734,Hold,93.34,93.36,92.98,93.17,3407
2026-06-04 20:00:00,0,0.3583141304810213,0.6416858695189787,Hold,93.15,93.21,92.85,92.91,1700
2026-06-04 22:00:00,0,0.34790349925453967,0.6520965007454603,Hold,92.82,92.94,92.52,92.9,510
2026-06-04 23:00:00,0,0.3509501238062713,0.6490498761937287,Hold,92.88,93.03,92.82,92.97,375
2026-06-05 00:00:00,0,0.358835104800324,0.641164895199676,Hold,92.97,93.02,92.62,92.69,1398
2026-06-05 01:00:00,0,0.3723775742301721,0.627622425769828,Hold,92.68,93.19,92.52,93.14,1738
2026-06-05 02:00:00,0,0.3979355038663395,0.6020644961336605,Hold,93.13,93.54,93.1,93.42,2217
2026-06-05 03:00:00,0,0.43586253846971795,0.5641374615302821,Hold,93.4,93.48,93.0,93.18,1406
2026-06-05 04:00:00,0,0.4679993019370715,0.5320006980629285,Hold,93.18,93.2,92.95,93.03,826
2026-06-05 05:00:00,0,0.4948136706060616,0.5051863293939385,Hold,93.03,93.22,92.94,92.94,1201
2026-06-05 06:00:00,0,0.5293938797692259,0.4706061202307741,Buy,92.96,93.13,92.58,92.76,2502
2026-06-05 07:00:00,0,0.5604870449927453,0.43951295500725474,Buy,92.76,92.85,92.02,92.69,4122
2026-06-05 08:00:00,0,0.5621069395309646,0.4378930604690354,Buy,92.7,92.99,91.5,92.84,8059
2026-06-05 09:00:00,0,0.5624658389051416,0.43753416109485843,Buy,92.84,93.15,91.94,92.85,8801
2026-06-05 10:00:00,0,0.5659602027375488,0.43403979726245123,Buy,92.84,93.14,92.47,92.86,3470
2026-06-05 11:00:00,0,0.5615294719218658,0.43847052807813425,Buy,92.87,93.63,92.59,92.89,6684
2026-06-05 12:00:00,0,0.562760886145294,0.43723911385470604,Buy,92.91,93.15,92.34,92.39,5584
2026-06-05 13:00:00,0,0.5575974403104037,0.4424025596895963,Buy,92.4,92.59,91.26,91.48,16954
2026-06-05 14:00:00,0,0.5501146933474826,0.44988530665251736,Buy,91.48,91.67,90.55,91.31,17469
2026-06-05 15:00:00,0,0.511892196438228,0.48810780356177197,Buy,91.32,91.51,90.47,90.77,12447
2026-06-05 16:00:00,1,0.4773786715948379,0.5226213284051622,Hold,90.77,91.02,89.68,90.08,12843
2026-06-05 17:00:00,1,0.4522218950116995,0.5477781049883005,Hold,90.08,90.36,89.92,90.03,8906
2026-06-05 18:00:00,1,0.4080244887552799,0.59197551124472,Hold,90.02,90.72,89.9,90.3,18720
2026-06-05 19:00:00,1,0.39851282595498183,0.6014871740450182,Hold,90.31,90.42,90.0,90.24,4206
2026-06-05 20:00:00,1,0.3851312272912211,0.6148687727087789,Hold,90.23,90.44,90.17,90.25,2111
2026-06-08 00:00:00,1,0.3423827454485544,0.6576172545514456,Hold,92.76,92.85,92.28,92.41,1700
2026-06-08 01:00:00,0,0.37419854535591224,0.6258014546440878,Hold,92.39,94.8,92.2,93.29,12104
2026-06-08 02:00:00,0,0.420696269948984,0.579303730051016,Hold,93.29,94.37,93.23,93.64,5888
2026-06-08 03:00:00,0,0.4535126385959741,0.5464873614040259,Hold,93.63,94.02,93.36,93.53,2598
2026-06-08 04:00:00,0,0.47802661293567966,0.5219733870643204,Hold,93.54,94.6,93.53,94.47,3440
2026-06-08 05:00:00,0,0.5041323421800543,0.4958676578199457,Buy,94.46,94.85,94.08,94.48,3380
2026-06-08 06:00:00,0,0.5279721277473602,0.47202787225263976,Buy,94.46,94.84,93.95,94.62,5413
2026-06-08 07:00:00,0,0.5469659802884108,0.4530340197115892,Buy,94.61,94.93,94.01,94.61,5418
2026-06-08 08:00:00,0,0.5522135369000485,0.4477864630999515,Buy,94.6,95.25,94.21,94.66,7705
2026-06-08 09:00:00,0,0.5539590421063812,0.44604095789361875,Buy,94.66,94.91,94.24,94.67,5332
2026-06-08 10:00:00,0,0.550209934432756,0.449790065567244,Buy,94.67,95.47,93.49,93.76,9816
2026-06-08 11:00:00,0,0.5591281456639456,0.44087185433605436,Buy,93.76,94.07,91.05,91.22,15850
2026-06-08 12:00:00,0,0.5434553533438997,0.4565446466561003,Buy,91.21,92.15,91.01,91.91,9187
2026-06-08 13:00:00,0,0.5452908128042817,0.4547091871957183,Buy,91.92,92.08,90.39,91.06,12691
2026-06-08 14:00:00,0,0.5383395525508635,0.4616604474491365,Buy,91.05,92.24,90.98,91.77,11209
2026-06-08 15:00:00,0,0.49906912552872185,0.5009308744712782,Hold,91.77,92.38,91.39,91.61,10247
2026-06-08 16:00:00,0,0.4586607265183263,0.5413392734816738,Hold,91.61,91.79,91.05,91.41,6644
2026-06-08 17:00:00,0,0.4440594546332516,0.5559405453667484,Hold,91.41,91.45,90.76,91.12,7703
2026-06-08 18:00:00,0,0.4056347063197571,0.5943652936802428,Hold,91.12,91.49,90.91,91.14,10866
2026-06-08 19:00:00,0,0.3649706567432796,0.6350293432567204,Hold,91.14,91.5,91.01,91.25,2820
2026-06-08 20:00:00,0,0.35155167614294847,0.6484483238570515,Hold,91.24,91.56,91.1,91.28,2016
2026-06-08 22:00:00,0,0.32853232240181385,0.6714676775981862,Hold,91.28,91.55,91.25,91.37,533
2026-06-08 23:00:00,0,0.3288481113134149,0.671151888686585,Hold,91.39,91.43,91.3,91.38,1704
2026-06-09 00:00:00,0,0.3403985943182919,0.6596014056817081,Hold,91.34,91.47,90.71,91.03,2350
2026-06-09 01:00:00,0,0.35500130615770287,0.6449986938422971,Hold,91.05,91.15,90.59,90.95,1683
2026-06-09 02:00:00,0,0.4046347098721427,0.5953652901278573,Hold,90.93,91.0,90.48,90.63,1481
2026-06-09 03:00:00,0,0.45771269238817086,0.5422873076118291,Hold,90.66,90.69,89.85,90.15,2583
2026-06-09 04:00:00,0,0.47483507169990274,0.5251649283000972,Hold,90.14,90.38,90.01,90.27,1183
2026-06-09 05:00:00,0,0.5079329538334285,0.4920670461665715,Buy,90.28,90.36,89.81,90.14,1677
2026-06-09 06:00:00,0,0.5409381807944101,0.45906181920558986,Buy,90.14,90.16,89.6,89.93,3344
2026-06-09 07:00:00,0,0.5625262223189814,0.4374737776810186,Buy,89.92,90.11,89.33,89.7,4972
2026-06-09 08:00:00,0,0.5663011741648505,0.4336988258351495,Buy,89.7,89.91,88.8,89.25,6564
2026-06-09 09:00:00,0,0.5662788977470052,0.43372110225299476,Buy,89.25,89.36,88.8,89.16,4648
2026-06-09 10:00:00,0,0.5637593200673333,0.4362406799326667,Buy,89.15,89.46,88.7,89.01,4646
2026-06-09 11:00:00,0,0.5635030634207912,0.43649693657920885,Buy,88.99,89.79,88.97,89.56,5197
2026-06-09 12:00:00,0,0.5752800757044317,0.42471992429556826,Buy,89.56,89.67,88.84,89.04,7281
2026-06-09 13:00:00,0,0.5701182201543705,0.4298817798456295,Buy,89.05,89.54,87.47,87.84,24582
2026-06-09 14:00:00,0,0.5679948507476145,0.43200514925238553,Buy,87.84,88.22,87.37,87.78,16887
2026-06-09 15:00:00,1,0.5304474871329933,0.4695525128670067,Buy,87.77,87.91,86.7,86.7,14397
2026-06-09 16:00:00,0,0.48056357127391786,0.5194364287260822,Hold,86.7,89.49,85.95,87.87,40563
2026-06-09 17:00:00,0,0.4505728156889854,0.5494271843110146,Hold,87.87,88.5,87.12,88.15,19728
2026-06-09 18:00:00,0,0.4351296806740262,0.5648703193259739,Hold,88.15,88.63,87.95,88.05,15721
2026-06-09 19:00:00,0,0.39396803713897455,0.6060319628610255,Hold,88.07,88.61,87.93,88.3,4779
2026-06-09 20:00:00,0,0.376512567064412,0.623487432935588,Hold,88.31,88.78,88.23,88.7,4703
2026-06-09 22:00:00,0,0.35620893331276265,0.6437910666872373,Hold,89.4,89.91,88.65,89.12,4138
2026-06-09 23:00:00,0,0.35355556202302074,0.6464444379769793,Hold,89.11,89.34,88.85,89.18,1384
2026-06-10 00:00:00,0,0.3568929006370228,0.6431070993629773,Hold,89.19,90.0,88.76,88.86,4600
2026-06-10 01:00:00,0,0.37617905670829266,0.6238209432917073,Hold,88.85,89.36,88.28,89.27,4118
2026-06-10 02:00:00,0,0.41663652697509324,0.5833634730249068,Hold,89.26,89.4,88.73,88.96,1809
2026-06-10 03:00:00,0,0.4580029815780571,0.5419970184219429,Hold,88.96,89.16,88.57,88.64,1455
2026-06-10 04:00:00,0,0.4932559290645082,0.5067440709354918,Hold,88.61,88.93,88.61,88.66,609
2026-06-10 05:00:00,1,0.5265214940740784,0.47347850592592156,Buy,88.68,88.77,87.88,88.07,2413
2026-06-10 06:00:00,1,0.5479613343174778,0.45203866568252216,Buy,88.07,88.29,87.61,88.26,3026
2026-06-10 07:00:00,1,0.5724171374934774,0.42758286250652255,Buy,88.26,88.67,87.69,88.02,4228
2026-06-10 08:00:00,1,0.5781508320884658,0.42184916791153415,Buy,88.0,88.85,87.39,87.68,5747
2026-06-10 09:00:00,1,0.5724931029047329,0.4275068970952671,Buy,87.69,88.51,87.4,87.92,3781
2026-06-10 10:00:00,1,0.5794193675859747,0.4205806324140253,Buy,87.9,88.47,87.75,88.03,3297
2026-06-10 11:00:00,0,0.5674368398245115,0.43256316017548846,Buy,88.0,90.42,87.76,90.05,23075
2026-06-10 12:00:00,1,0.5754178877070648,0.4245821122929352,Buy,90.04,90.1,88.71,89.08,13393
2026-06-10 13:00:00,0,0.5522643155554781,0.44773568444452194,Buy,89.07,89.9,88.9,89.79,10660
2026-06-10 14:00:00,0,0.5593646502084698,0.4406353497915302,Buy,89.78,90.38,89.48,90.26,12995
2026-06-10 15:00:00,1,0.5186022924980036,0.4813977075019964,Buy,90.27,91.47,89.36,90.63,21903
2026-06-10 16:00:00,0,0.4695525575165906,0.5304474424834094,Hold,90.62,91.28,90.53,91.05,11083
2026-06-10 17:00:00,1,0.4602572780758529,0.5397427219241471,Hold,91.04,91.84,90.83,90.89,11563
2026-06-10 18:00:00,1,0.41709996389057924,0.5829000361094208,Hold,90.9,90.91,89.81,90.19,18628
2026-06-10 19:00:00,1,0.3772531747434055,0.6227468252565945,Hold,90.18,90.61,90.12,90.42,3679
2026-06-10 20:00:00,0,0.37324876781963123,0.6267512321803688,Hold,90.4,91.87,90.27,91.85,6031
2026-06-10 22:00:00,0,0.37894039354393855,0.6210596064560614,Hold,92.25,93.36,91.9,93.35,5776
2026-06-10 23:00:00,0,0.39306637086568097,0.606933629134319,Hold,93.35,93.64,92.45,92.47,7801
2026-06-11 00:00:00,0,0.38553773846720396,0.614462261532796,Hold,92.53,92.75,91.91,92.35,5415
2026-06-11 01:00:00,0,0.4065540545506583,0.5934459454493417,Hold,92.36,92.38,91.2,91.65,5240
2026-06-11 02:00:00,0,0.43675153945755135,0.5632484605424486,Hold,91.64,91.99,91.44,91.57,1673
2026-06-11 03:00:00,0,0.47009274452225935,0.5299072554777406,Hold,91.56,92.11,91.54,91.81,1479
2026-06-11 04:00:00,0,0.5095532404163261,0.4904467595836739,Buy,91.82,91.95,91.0,91.11,2349
2026-06-11 05:00:00,0,0.5156530577215241,0.48434694227847586,Buy,91.1,91.19,90.34,90.6,2762
2026-06-11 06:00:00,0,0.5369356676019869,0.46306433239801315,Buy,90.64,90.96,90.39,90.47,2569
2026-06-11 07:00:00,0,0.5562300595259914,0.44376994047400864,Buy,90.47,90.55,89.36,89.83,7074
2026-06-11 08:00:00,1,0.5516802683452079,0.4483197316547921,Buy,89.84,89.91,88.77,89.1,6825
2026-06-11 09:00:00,1,0.551445932853705,0.448554067146295,Buy,89.11,89.8,89.07,89.31,3999
2026-06-11 10:00:00,1,0.5530690599842037,0.44693094001579625,Buy,89.3,89.52,88.75,88.96,4614
2026-06-11 11:00:00,1,0.5586570952822791,0.44134290471772086,Buy,88.96,89.37,88.63,89.04,6449
2026-06-11 12:00:00,0,0.5555962588116136,0.44440374118838644,Buy,89.05,91.48,88.95,90.06,25863
2026-06-11 13:00:00,0,0.5592198632061751,0.4407801367938249,Buy,90.06,90.66,89.05,89.34,16520
2026-06-11 14:00:00,0,0.5389870661398359,0.46101293386016406,Buy,89.36,90.4,89.35,90.07,10122
2026-06-11 15:00:00,0,0.5013951438675561,0.4986048561324439,Buy,90.08,91.21,89.97,90.84,11534
2026-06-11 16:00:00,0,0.4768708989864349,0.523129101013565,Hold,90.84,91.5,90.65,90.84,8563
2026-06-11 17:00:00,0,0.4382299065501405,0.5617700934498595,Hold,90.85,90.92,86.54,87.39,37260
2026-06-11 18:00:00,0,0.39043512366113625,0.6095648763388637,Hold,87.39,88.32,87.11,87.8,21737
2026-06-11 19:00:00,0,0.37795988737843417,0.6220401126215658,Hold,87.78,87.85,85.81,86.53,16802
2026-06-11 20:00:00,0,0.35450243689605315,0.6454975631039468,Hold,86.54,86.59,85.74,86.42,5047
2026-06-11 22:00:00,0,0.3323182690227912,0.6676817309772087,Hold,86.64,86.64,85.13,85.95,4027
2026-06-11 23:00:00,0,0.32680000813907134,0.6731999918609286,Hold,85.94,86.2,85.69,86.06,1588
2026-06-12 00:00:00,0,0.34142917602681383,0.6585708239731862,Hold,86.07,86.74,86.04,86.64,2310
2026-06-12 01:00:00,0,0.3650625661440822,0.6349374338559177,Hold,86.63,86.92,86.56,86.81,2561
2026-06-12 02:00:00,0,0.3836226525528828,0.6163773474471173,Hold,86.8,86.9,86.5,86.74,1247
2026-06-12 03:00:00,0,0.4387053375673233,0.5612946624326767,Hold,86.73,86.98,86.21,86.26,1834
2026-06-12 04:00:00,0,0.45383191442677673,0.5461680855732233,Hold,86.25,86.36,86.07,86.08,1039
2026-06-12 05:00:00,0,0.49198309420751796,0.508016905792482,Hold,86.08,86.16,85.67,86.06,2005
2026-06-12 06:00:00,0,0.5155698837151116,0.4844301162848884,Buy,86.06,86.15,85.74,86.1,2292
2026-06-12 07:00:00,0,0.5354771352178161,0.46452286478218385,Buy,86.08,86.4,84.92,85.2,6453
2026-06-12 08:00:00,1,0.5420009552986017,0.4579990447013983,Buy,85.18,85.23,83.2,83.87,13958
2026-06-12 09:00:00,1,0.5298183057593615,0.4701816942406385,Buy,83.88,84.22,83.47,84.16,5394
2026-06-12 10:00:00,1,0.5315888128417431,0.4684111871582569,Buy,84.16,85.28,84.01,84.7,8475
2026-06-12 11:00:00,1,0.5348182783990876,0.4651817216009124,Buy,84.69,85.2,84.04,84.9,6596
2026-06-12 12:00:00,1,0.5383365147103597,0.4616634852896403,Buy,84.88,85.7,84.72,85.09,8687
2026-06-12 13:00:00,0,0.5455428918593228,0.4544571081406772,Buy,85.09,87.04,84.96,87.02,18186
2026-06-12 14:00:00,0,0.544515251264544,0.45548474873545597,Buy,87.03,87.23,84.74,84.96,20122
