DateTime,y_true,prob_Buy,prob_Hold,predicted,Open,High,Low,Close,Volume
2026-01-01 23:00:00,0,0.25654101809411956,0.7434589819058804,Hold,56.657833,56.815735,56.657833,56.726913,1045
2026-01-02 00:00:00,0,0.27599393661179455,0.7240060633882055,Hold,56.726913,56.726913,56.657833,56.6677,471
2026-01-02 01:00:00,0,0.28459393944984496,0.7154060605501551,Hold,56.6677,56.815735,56.657833,56.77626,1598
2026-01-02 02:00:00,0,0.28118069939424833,0.7188193006057517,Hold,56.77626,56.88482,56.76639,56.855213,1104
2026-01-02 03:00:00,0,0.3466718676623251,0.653328132337675,Hold,56.855213,56.97364,56.845345,56.96377,964
2026-01-02 04:00:00,0,0.3969310375621436,0.6030689624378565,Hold,56.96377,57.022984,56.88482,56.914425,1099
2026-01-02 05:00:00,0,0.4412878707089759,0.5587121292910241,Hold,56.924294,56.993378,56.924294,56.993378,522
2026-01-02 06:00:00,0,0.4663447693705218,0.5336552306294782,Hold,56.993378,57.131542,56.97364,57.092068,1453
2026-01-02 07:00:00,0,0.5006124516887165,0.4993875483112835,Buy,57.092068,57.17102,56.934162,57.052593,2228
2026-01-02 08:00:00,0,0.5504559470470748,0.4495440529529252,Buy,57.04272,57.16115,56.559143,56.56901,7080
2026-01-02 09:00:00,0,0.5618769363692913,0.43812306363070874,Buy,56.56901,56.598618,56.263073,56.460453,7167
2026-01-02 10:00:00,0,0.5548406679749486,0.4451593320250514,Buy,56.47032,56.805866,56.47032,56.647964,5009
2026-01-02 11:00:00,0,0.5935207950327225,0.4064792049672775,Buy,56.647964,56.726913,56.3815,56.529537,3441
2026-01-02 12:00:00,0,0.5817197626652136,0.41828023733478636,Buy,56.529537,56.56901,56.154514,56.17425,4973
2026-01-02 13:00:00,0,0.5632191718391121,0.4367808281608879,Buy,56.18412,56.302547,56.105167,56.11504,7928
2026-01-02 14:00:00,0,0.5556258069048011,0.4443741930951989,Buy,56.11504,56.2236,55.88805,55.947266,15998
2026-01-02 15:00:00,0,0.5056605391814195,0.4943394608185805,Buy,55.957134,56.243336,55.858444,56.02622,13907
2026-01-02 16:00:00,0,0.45619025470044117,0.5438097452995588,Hold,56.02622,56.18412,55.87818,56.02622,10223
2026-01-02 17:00:00,0,0.42966307377665025,0.5703369262233497,Hold,56.02622,56.440716,56.00648,56.253204,10011
2026-01-02 18:00:00,0,0.37321861932107353,0.6267813806789264,Hold,56.253204,56.47032,56.18412,56.430847,7146
2026-01-02 19:00:00,0,0.3633423855268853,0.6366576144731146,Hold,56.430847,56.68744,56.420975,56.49006,14234
2026-01-02 20:00:00,0,0.3402240262436519,0.6597759737563481,Hold,56.49006,56.56901,56.47032,56.539406,2859
2026-01-02 21:00:00,0,0.34423514396330934,0.6557648560366907,Hold,56.539406,56.598618,56.529537,56.57888,1356
2026-01-04 23:00:00,0,0.3020796337099538,0.6979203662900462,Hold,56.717045,56.746655,55.81897,56.56901,9953
2026-01-05 00:00:00,0,0.2788054911262112,0.7211945088737888,Hold,56.56901,56.707176,56.559143,56.628223,2649
2026-01-05 01:00:00,0,0.3168681906424778,0.6831318093575223,Hold,56.628223,56.97364,56.499928,56.529537,6500
2026-01-05 02:00:00,0,0.310251333652571,0.689748666347429,Hold,56.519665,56.638096,56.499928,56.519665,1768
2026-01-05 03:00:00,0,0.37578185406990067,0.6242181459300993,Hold,56.519665,56.529537,56.27294,56.312416,2115
2026-01-05 04:00:00,0,0.44796555859734877,0.5520344414026512,Hold,56.302547,56.3815,56.243336,56.27294,1505
2026-01-05 05:00:00,0,0.4893515662965302,0.5106484337034698,Hold,56.27294,56.351894,56.0953,56.144646,2387
2026-01-05 06:00:00,0,0.503741448771621,0.49625855122837903,Buy,56.144646,56.27294,56.0953,56.134777,1963
2026-01-05 07:00:00,0,0.5416145948784419,0.4583854051215581,Buy,56.144646,56.233467,55.957134,56.01635,2924
2026-01-05 08:00:00,1,0.5698333746723865,0.4301666253276135,Buy,56.01635,56.164383,55.572243,55.858444,10513
2026-01-05 09:00:00,1,0.5780360337964099,0.4219639662035901,Buy,55.848576,56.697308,55.81897,56.657833,11048
2026-01-05 10:00:00,1,0.5800579507623957,0.41994204923760425,Buy,56.657833,56.68744,56.450584,56.628223,8222
2026-01-05 11:00:00,0,0.5816510210497964,0.4183489789502036,Buy,56.618355,56.993378,56.56901,56.88482,8626
2026-01-05 12:00:00,0,0.5715962822332115,0.42840371776678854,Buy,56.88482,57.0822,56.707176,57.0822,6672
2026-01-05 13:00:00,0,0.5504816942821725,0.44951830571782747,Buy,57.0822,57.200626,56.993378,57.14141,10025
2026-01-05 14:00:00,0,0.5277528703411374,0.4722471296588626,Buy,57.131542,57.43748,57.022984,57.220364,20103
2026-01-05 15:00:00,0,0.46902459933964097,0.5309754006603591,Hold,57.230232,57.74342,56.76639,57.6546,27994
2026-01-05 16:00:00,0,0.44333286958475043,0.5566671304152495,Hold,57.64473,57.6546,57.131542,57.35853,18359
2026-01-05 17:00:00,0,0.41792034519821086,0.5820796548017891,Hold,57.35853,57.565777,57.33879,57.54604,11617
2026-01-05 18:00:00,0,0.36946609241288303,0.630533907587117,Hold,57.54604,57.6546,57.45722,57.516434,7626
2026-01-05 19:00:00,0,0.3545649121140435,0.6454350878859565,Hold,57.526302,57.63486,57.417744,57.53617,11617
2026-01-05 20:00:00,0,0.32189196773517526,0.6781080322648247,Hold,57.53617,57.64473,57.53617,57.57565,3447
2026-01-05 21:00:00,0,0.31737675662759424,0.6826232433724058,Hold,57.57565,57.64473,57.54604,57.585518,2603
2026-01-05 23:00:00,0,0.3074110675079337,0.6925889324920663,Hold,57.57565,57.615124,57.289448,57.45722,1667
2026-01-06 00:00:00,0,0.3031227251006789,0.696877274899321,Hold,57.45722,57.54604,57.35853,57.506565,2109
2026-01-06 01:00:00,0,0.3430714500444473,0.6569285499555527,Hold,57.506565,57.516434,57.2401,57.24997,3422
2026-01-06 02:00:00,0,0.3272328505052714,0.6727671494947286,Hold,57.259842,57.328922,57.131542,57.230232,2082
2026-01-06 03:00:00,0,0.37425854851637913,0.6257414514836208,Hold,57.2401,57.398006,57.190758,57.35853,1148
2026-01-06 04:00:00,0,0.4361360560357979,0.5638639439642021,Hold,57.35853,57.398006,57.319054,57.34866,521
2026-01-06 05:00:00,0,0.47387615927873655,0.5261238407212634,Hold,57.34866,57.417744,57.309185,57.319054,1060
2026-01-06 06:00:00,0,0.5006464187850875,0.49935358121491247,Buy,57.309185,57.427612,57.26971,57.3684,1592
2026-01-06 07:00:00,1,0.5388647853494477,0.4611352146505523,Buy,57.3684,57.3684,57.121674,57.200626,3567
2026-01-06 08:00:00,0,0.57311217884969,0.42688782115031,Buy,57.190758,57.723682,57.0822,57.703945,7897
2026-01-06 09:00:00,0,0.5870717675936168,0.4129282324063832,Buy,57.713814,57.901325,57.526302,57.624992,10945
2026-01-06 10:00:00,0,0.5873102043506424,0.4126897956493576,Buy,57.63486,57.822372,57.605255,57.812504,4171
2026-01-06 11:00:00,0,0.5905195303600438,0.4094804696399562,Buy,57.812504,57.861847,57.6546,57.822372,5394
2026-01-06 12:00:00,0,0.5918134461371645,0.40818655386283553,Buy,57.83224,57.861847,57.615124,57.792767,5641
2026-01-06 13:00:00,0,0.5827394862207806,0.41726051377921936,Buy,57.792767,58.098705,57.74342,57.960537,13076
2026-01-06 14:00:00,0,0.530699678736077,0.46930032126392296,Buy,57.970406,58.02962,57.328922,57.3684,21655
2026-01-06 15:00:00,0,0.48481635245086685,0.5151836475491332,Hold,57.3684,57.664467,56.97364,57.37827,31095
2026-01-06 16:00:00,0,0.4390745877840785,0.5609254122159215,Hold,57.37827,57.516434,57.18089,57.190758,11111
2026-01-06 17:00:00,0,0.39175347071103916,0.6082465292889608,Hold,57.200626,57.220364,56.825603,56.86508,11623
2026-01-06 18:00:00,0,0.323680361134341,0.6763196388656589,Hold,56.87495,56.934162,56.598618,56.608486,10122
2026-01-06 19:00:00,0,0.3047953475904057,0.6952046524095943,Hold,56.618355,56.628223,56.17425,56.19399,23090
2026-01-06 20:00:00,0,0.278562078033014,0.721437921966986,Hold,56.19399,56.312416,56.0953,56.154514,5903
2026-01-06 21:00:00,0,0.27533313719856234,0.7246668628014377,Hold,56.164383,56.302547,56.134777,56.2236,2880
2026-01-06 23:00:00,0,0.25298841832712887,0.7470115816728711,Hold,56.253204,56.342026,55.63146,55.71041,4523
2026-01-07 00:00:00,0,0.2710836613874428,0.7289163386125572,Hold,55.72028,55.838707,55.02945,55.58211,13955
2026-01-07 01:00:00,0,0.2884831498157702,0.7115168501842297,Hold,55.58211,55.92753,55.562374,55.63146,11412
2026-01-07 02:00:00,0,0.26427894621624043,0.7357210537837595,Hold,55.63146,55.72028,55.5229,55.69067,2870
2026-01-07 03:00:00,0,0.3354585187650323,0.6645414812349677,Hold,55.700542,55.73015,55.5229,55.58211,2490
2026-01-07 04:00:00,0,0.38873209337576786,0.6112679066242321,Hold,55.58211,55.661064,55.453815,55.5229,2646
2026-01-07 05:00:00,0,0.4082990815430493,0.5917009184569507,Hold,55.51303,55.5229,55.384735,55.5229,2042
2026-01-07 06:00:00,0,0.4431224115466761,0.5568775884533239,Hold,55.53277,55.6808,55.453815,55.493294,2699
2026-01-07 07:00:00,0,0.48773210096477604,0.512267899035224,Hold,55.48342,55.651196,55.384735,55.591984,4691
2026-01-07 08:00:00,0,0.5065704384313733,0.4934295615686267,Buy,55.601852,55.858444,55.5229,55.799232,8714
2026-01-07 09:00:00,0,0.5358307631162527,0.46416923688374734,Buy,55.78936,55.91766,55.542637,55.601852,6877
2026-01-07 10:00:00,0,0.5217871984438595,0.47821280155614054,Buy,55.601852,56.144646,55.542637,56.12491,7394
2026-01-07 11:00:00,0,0.54079848656028,0.45920151343972004,Buy,56.12491,56.243336,55.99661,56.0953,6429
2026-01-07 12:00:00,0,0.5203370412295507,0.4796629587704493,Buy,56.0953,56.342026,55.99661,56.29268,8165
2026-01-07 13:00:00,0,0.5211222617962501,0.4788777382037499,Buy,56.28281,56.420975,55.87818,56.243336,23666
2026-01-07 14:00:00,0,0.4809007772234603,0.5190992227765396,Hold,56.253204,56.332157,55.61172,55.769623,22385
2026-01-07 15:00:00,0,0.4408363457487291,0.5591636542512709,Hold,55.769623,55.90779,55.51303,55.700542,20081
2026-01-07 16:00:00,0,0.41387033006657525,0.5861296699334247,Hold,55.700542,55.81897,55.41434,55.41434,15163
2026-01-07 17:00:00,0,0.37633790172665854,0.6236620982733414,Hold,55.42421,55.463684,55.12814,55.13801,17012
2026-01-07 18:00:00,0,0.31952831405182425,0.6804716859481758,Hold,55.13801,55.286045,55.12814,55.246567,12038
2026-01-07 19:00:00,0,0.2987681202573672,0.7012318797426328,Hold,55.266304,55.58211,55.22683,55.503162,21150
2026-01-07 20:00:00,0,0.2810802763907412,0.7189197236092588,Hold,55.503162,55.572243,55.364994,55.552505,4844
2026-01-07 21:00:00,0,0.26848731967393497,0.731512680326065,Hold,55.552505,55.661064,55.5229,55.661064,2408
2026-01-07 23:00:00,0,0.26495053276058517,0.7350494672394148,Hold,55.6808,55.71041,55.552505,55.562374,1280
2026-01-08 00:00:00,0,0.25677631527289,0.74322368472711,Hold,55.552505,55.61172,55.53277,55.552505,489
2026-01-08 01:00:00,0,0.26460157726638533,0.7353984227336147,Hold,55.562374,55.72028,55.53277,55.69067,2358
2026-01-08 02:00:00,0,0.2965748685532762,0.7034251314467238,Hold,55.69067,55.69067,55.42421,55.48342,2862
2026-01-08 03:00:00,0,0.34495791870946424,0.6550420812905358,Hold,55.48342,55.542637,55.404472,55.5229,1212
2026-01-08 04:00:00,0,0.3974303135232673,0.6025696864767327,Hold,55.5229,55.591984,55.48342,55.53277,887
2026-01-08 05:00:00,0,0.4362835694871926,0.5637164305128074,Hold,55.542637,55.591984,55.473553,55.5229,1210
2026-01-08 06:00:00,0,0.4602117199153678,0.5397882800846322,Hold,55.51303,55.53277,55.355125,55.5229,2236
2026-01-08 07:00:00,1,0.5063768702558268,0.4936231297441732,Buy,55.51303,55.552505,55.394604,55.43408,1564
2026-01-08 08:00:00,1,0.5504887403416411,0.4495112596583589,Buy,55.42421,55.463684,55.2367,55.453815,5433
2026-01-08 09:00:00,1,0.5429753684809299,0.45702463151907013,Buy,55.443947,55.77949,55.32552,55.69067,5422
2026-01-08 10:00:00,0,0.5590365775977438,0.44096342240225617,Buy,55.6808,55.957134,55.651196,55.90779,5087
2026-01-08 11:00:00,0,0.5631090161499731,0.4368909838500269,Buy,55.89792,56.17425,55.838707,56.0953,6159
2026-01-08 12:00:00,1,0.5578841681579947,0.4421158318420053,Buy,56.0953,56.19399,56.045956,56.144646,6951
2026-01-08 13:00:00,0,0.53813799999502,0.46186200000498,Buy,56.144646,56.430847,56.02622,56.32229,13502
2026-01-08 14:00:00,1,0.5407441717410402,0.45925582825895983,Buy,56.32229,56.48019,56.164383,56.2236,20316
2026-01-08 15:00:00,1,0.5020457725308,0.49795422746920004,Buy,56.213726,56.302547,55.99661,56.11504,14481
2026-01-08 16:00:00,1,0.4411118112497003,0.5588881887502997,Hold,56.12491,56.411106,56.105167,56.32229,12743
2026-01-08 17:00:00,1,0.42720535731613046,0.5727946426838695,Hold,56.312416,56.608486,56.29268,56.539406,11596
2026-01-08 18:00:00,1,0.3924264907935541,0.6075735092064459,Hold,56.529537,56.953903,56.499928,56.934162,14987
2026-01-08 19:00:00,0,0.3732537677285626,0.6267462322714374,Hold,56.944035,57.496696,56.78613,57.43748,33753
2026-01-08 20:00:00,0,0.3821084752284802,0.6178915247715198,Hold,57.43748,57.901325,57.43748,57.822372,12484
2026-01-08 21:00:00,0,0.3549060397722003,0.6450939602277996,Hold,57.822372,57.970406,57.595387,57.63486,7029
2026-01-08 23:00:00,0,0.3148046249494774,0.6851953750505226,Hold,57.63486,57.684208,57.506565,57.516434,1882
2026-01-09 00:00:00,0,0.3516379631733095,0.6483620368266905,Hold,57.516434,57.53617,57.45722,57.45722,1483
2026-01-09 01:00:00,0,0.3764692857199711,0.6235307142800288,Hold,57.47696,57.486828,57.220364,57.33879,5344
2026-01-09 02:00:00,0,0.3705910401658983,0.6294089598341017,Hold,57.33879,57.427612,57.33879,57.388138,1687
2026-01-09 03:00:00,0,0.3962516594703537,0.6037483405296463,Hold,57.388138,57.388138,57.2401,57.34866,2005
2026-01-09 04:00:00,0,0.44133261444212774,0.5586673855578723,Hold,57.34866,57.44735,57.289448,57.427612,1353
2026-01-09 05:00:00,0,0.5024743664622621,0.49752563353773793,Buy,57.417744,57.496696,57.33879,57.407875,1351
2026-01-09 06:00:00,0,0.5208090356703728,0.47919096432962716,Buy,57.398006,57.605255,57.388138,57.565777,2620
2026-01-09 07:00:00,0,0.5663193860432906,0.4336806139567094,Buy,57.57565,57.763157,57.506565,57.565777,3252
2026-01-09 08:00:00,0,0.5917848881596827,0.40821511184031734,Buy,57.565777,57.585518,57.388138,57.407875,6303
2026-01-09 09:00:00,1,0.5871889407671864,0.4128110592328136,Buy,57.417744,57.506565,56.855213,57.16115,10287
2026-01-09 10:00:00,1,0.5747327370737189,0.42526726292628114,Buy,57.16115,57.35853,57.101936,57.319054,5944
2026-01-09 11:00:00,0,0.5886259193482827,0.4113740806517173,Buy,57.33879,57.55591,57.33879,57.526302,4602
2026-01-09 12:00:00,1,0.5907806308459839,0.40921936915401613,Buy,57.516434,57.55591,57.3684,57.37827,4126
2026-01-09 13:00:00,1,0.5844049207821134,0.41559507921788663,Buy,57.37827,57.565777,57.2401,57.496696,8559
2026-01-09 14:00:00,0,0.5303127766146483,0.46968722338535174,Buy,57.506565,58.562546,57.417744,58.463856,34687
2026-01-09 15:00:00,0,0.4938443437197004,0.5061556562802996,Hold,58.453987,58.750057,58.177654,58.680973,20327
2026-01-09 16:00:00,0,0.4758516553545789,0.5241483446454211,Hold,58.671104,58.98691,58.53294,58.977043,24079
2026-01-09 17:00:00,0,0.4519341850611823,0.5480658149388177,Hold,58.977043,58.977043,58.483593,58.582283,19274
2026-01-09 18:00:00,0,0.4246256466810494,0.5753743533189506,Hold,58.59215,58.671104,58.32569,58.651367,11181
2026-01-09 19:00:00,0,0.3899076630686205,0.6100923369313795,Hold,58.651367,58.661236,58.207264,58.207264,22630
2026-01-09 20:00:00,0,0.3780791478271679,0.6219208521728321,Hold,58.207264,58.256607,57.980274,58.000015,7284
2026-01-09 21:00:00,0,0.3650966113506464,0.6349033886493536,Hold,58.000015,58.177654,57.9408,58.009884,4286
2026-01-11 23:00:00,0,0.377966370802952,0.6220336291970481,Hold,58.227,59.016518,58.14805,58.81914,7967
2026-01-12 00:00:00,0,0.34541145963573455,0.6545885403642655,Hold,58.80927,58.80927,58.572414,58.671104,2887
2026-01-12 01:00:00,0,0.33784375934926597,0.662156240650734,Hold,58.680973,58.70071,57.871716,58.019753,9560
2026-01-12 02:00:00,0,0.3411744466306118,0.6588255533693882,Hold,58.02962,58.42438,58.019753,58.384903,2647
2026-01-12 03:00:00,0,0.4035654488810073,0.5964345511189927,Hold,58.384903,58.52307,58.355297,58.404644,1632
2026-01-12 04:00:00,0,0.4600215128485667,0.5399784871514333,Hold,58.404644,58.49346,58.365166,58.43425,691
2026-01-12 05:00:00,0,0.4932357400756232,0.5067642599243768,Hold,58.42438,58.53294,58.39477,58.513203,1004
2026-01-12 06:00:00,0,0.5121991314065413,0.4878008685934587,Buy,58.50333,58.53294,58.384903,58.453987,1114
2026-01-12 07:00:00,0,0.5465856115675057,0.45341438843249426,Buy,58.44412,58.463856,58.12831,58.177654,3446
2026-01-12 08:00:00,0,0.5618089629889549,0.4381910370110451,Buy,58.167786,58.355297,57.901325,58.167786,7354
2026-01-12 09:00:00,0,0.5552046730846927,0.4447953269153073,Buy,58.167786,58.207264,57.95067,58.098705,4264
2026-01-12 10:00:00,0,0.5585678760316943,0.44143212396830567,Buy,58.098705,58.23687,57.921062,58.03949,4319
2026-01-12 11:00:00,0,0.5554830577001579,0.44451694229984207,Buy,58.03949,58.04936,57.684208,57.83224,6440
2026-01-12 12:00:00,0,0.5618592247492317,0.43814077525076833,Buy,57.84211,58.266476,57.75329,58.24674,6232
2026-01-12 13:00:00,0,0.5644427474103781,0.43555725258962186,Buy,58.23687,58.305954,57.881588,58.000015,7649
2026-01-12 14:00:00,0,0.5483018313990196,0.45169816860098044,Buy,58.000015,58.24674,57.713814,57.95067,16544
2026-01-12 15:00:00,0,0.507930627361152,0.492069372638848,Buy,57.960537,58.43425,57.960537,58.32569,12621
2026-01-12 16:00:00,0,0.4740004208612688,0.5259995791387312,Hold,58.32569,58.651367,58.177654,58.266476,15817
2026-01-12 17:00:00,0,0.4584613426784838,0.5415386573215162,Hold,58.266476,58.53294,58.177654,58.49346,7524
2026-01-12 18:00:00,0,0.4196115516751875,0.5803884483248125,Hold,58.49346,58.50333,58.227,58.33556,8769
2026-01-12 19:00:00,0,0.4280374382126771,0.571962561787323,Hold,58.32569,59.026386,58.29608,58.80927,23685
2026-01-12 20:00:00,0,0.39508880350084,0.60491119649916,Hold,58.81914,58.82901,58.562546,58.73032,4616
2026-01-12 21:00:00,0,0.3817256093435696,0.6182743906564304,Hold,58.73032,59.125076,58.671104,59.055996,5598
2026-01-12 23:00:00,0,0.3527696889980946,0.6472303110019054,Hold,59.164555,59.164555,58.89809,59.026386,1131
2026-01-13 00:00:00,0,0.3831144389107425,0.6168855610892575,Hold,59.016518,59.046127,58.858616,58.89809,868
2026-01-13 01:00:00,0,0.42531163332923644,0.5746883666707636,Hold,58.917828,59.20403,58.858616,58.89809,3326
2026-01-13 02:00:00,0,0.42398142194706484,0.5760185780529352,Hold,58.90796,58.967175,58.69084,58.89809,2422
2026-01-13 03:00:00,1,0.4465832273632452,0.5534167726367548,Hold,58.90796,58.98691,58.868484,58.957306,1258
2026-01-13 04:00:00,1,0.4759657196470769,0.5240342803529231,Hold,58.957306,59.016518,58.88822,58.99678,589
2026-01-13 05:00:00,1,0.5173019985549691,0.48269800144503094,Buy,58.99678,59.046127,58.868484,58.99678,857
2026-01-13 06:00:00,0,0.5276918704073663,0.4723081295926337,Buy,58.98691,59.322456,58.947437,59.29285,1963
2026-01-13 07:00:00,1,0.5627788635115007,0.43722113648849925,Buy,59.29285,59.29285,59.046127,59.055996,2847
2026-01-13 08:00:00,1,0.5806825778126339,0.4193174221873661,Buy,59.046127,59.421146,58.957306,59.332325,6767
2026-01-13 09:00:00,0,0.5896691985797363,0.4103308014202637,Buy,59.332325,60.023155,59.332325,59.736954,12911
2026-01-13 10:00:00,1,0.5914109446202698,0.4085890553797302,Buy,59.727085,59.865253,59.361935,59.559315,8268
2026-01-13 11:00:00,0,0.5840451034261674,0.41595489657383256,Buy,59.559315,59.98368,59.450756,59.944202,5901
2026-01-13 12:00:00,0,0.586119328977069,0.413880671022931,Buy,59.95407,59.96394,59.69748,59.934334,6907
2026-01-13 13:00:00,0,0.5862923549255226,0.41370764507447744,Buy,59.934334,59.99355,59.519836,59.628395,13605
2026-01-13 14:00:00,0,0.5576002825013024,0.44239971749869755,Buy,59.628395,60.625164,59.431015,60.200798,38857
2026-01-13 15:00:00,0,0.5231247331076163,0.4768752668923837,Buy,60.19093,60.615295,60.141582,60.54621,20135
2026-01-13 16:00:00,0,0.49649468257360846,0.5035053174263915,Hold,60.536343,60.694244,60.39818,60.55608,18033
2026-01-13 17:00:00,0,0.485539896573435,0.514460103426565,Hold,60.54621,60.54621,59.924465,59.98368,14162
2026-01-13 18:00:00,0,0.4637473930220303,0.5362526069779697,Hold,59.98368,60.625164,59.973812,60.487,21701
2026-01-13 19:00:00,0,0.43736042337103587,0.5626395766289641,Hold,60.487,60.506737,59.638264,60.230404,29506
2026-01-13 20:00:00,0,0.4156611752858158,0.5843388247141842,Hold,60.230404,60.34883,60.131714,60.240273,3328
2026-01-13 21:00:00,0,0.40962513448434396,0.590374865515656,Hold,60.240273,60.39818,60.17119,60.299488,3075
2026-01-13 23:00:00,0,0.3861352013821245,0.6138647986178756,Hold,60.319225,60.39818,60.26988,60.34883,523
2026-01-14 00:00:00,0,0.3649691953237906,0.6350308046762094,Hold,60.34883,60.34883,60.25014,60.27975,663
2026-01-14 01:00:00,0,0.38966420096646215,0.6103357990335379,Hold,60.28962,60.299488,60.06263,60.220535,2384
2026-01-14 02:00:00,0,0.3916932878538093,0.6083067121461907,Hold,60.220535,60.27975,60.121845,60.121845,1324
2026-01-14 03:00:00,0,0.4282406306320475,0.5717593693679526,Hold,60.121845,60.210667,60.003418,60.17119,1601
2026-01-14 04:00:00,0,0.4826394314574374,0.5173605685425626,Hold,60.17119,60.240273,60.111977,60.16132,877
2026-01-14 05:00:00,0,0.49342062089940886,0.5065793791005911,Hold,60.16132,60.18106,60.033024,60.072502,1073
2026-01-14 06:00:00,1,0.526155133445981,0.47384486655401903,Buy,60.08237,60.200798,59.845512,59.88499,1682
2026-01-14 07:00:00,1,0.5473933176548116,0.4526066823451884,Buy,59.904728,60.033024,59.825775,59.904728,2657
2026-01-14 08:00:00,1,0.5767546244481605,0.4232453755518395,Buy,59.904728,60.013287,59.677742,59.85538,5904
2026-01-14 09:00:00,1,0.5990037508570998,0.4009962491429002,Buy,59.85538,60.210667,59.59879,60.200798,7668
2026-01-14 10:00:00,0,0.5975314847942392,0.40246851520576077,Buy,60.19093,61.197563,60.16132,61.187695,14630
2026-01-14 11:00:00,0,0.5876211734494852,0.41237882655051483,Buy,61.187695,61.286385,60.911366,61.000183,7996
2026-01-14 12:00:00,0,0.5853936185094212,0.4146063814905788,Buy,61.010056,61.118614,60.6449,61.069267,9259
2026-01-14 13:00:00,0,0.5715191476828557,0.4284808523171443,Buy,61.079136,61.286385,60.704117,60.812675,15066
2026-01-14 14:00:00,0,0.5512665761766425,0.44873342382335746,Buy,60.832413,61.029793,60.74359,60.901493,12121
2026-01-14 15:00:00,0,0.5201508155964969,0.4798491844035031,Buy,60.901493,61.03966,60.427784,60.86202,21660
2026-01-14 16:00:00,0,0.49285745152759225,0.5071425484724077,Hold,60.871887,61.010056,60.56595,60.921234,14667
2026-01-14 17:00:00,0,0.4736866515817202,0.5263133484182798,Hold,60.911366,61.23704,60.792934,60.980446,13068
2026-01-14 18:00:00,0,0.45745843277658915,0.5425415672234108,Hold,60.980446,61.0594,60.802807,61.019924,10101
2026-01-14 19:00:00,0,0.4499746995904999,0.5500253004095002,Hold,61.010056,61.53311,60.970577,61.493633,20887
2026-01-14 20:00:00,0,0.35958899462799293,0.6404110053720071,Hold,61.493633,61.54298,58.414513,59.470493,56536
2026-01-14 21:00:00,0,0.35458715865040275,0.6454128413495972,Hold,59.460625,61.03966,59.243507,60.25014,8221
2026-01-14 23:00:00,0,0.2801663022194063,0.7198336977805937,Hold,60.26001,60.338963,59.717216,59.95407,2249
2026-01-15 00:00:00,0,0.277099476942409,0.722900523057591,Hold,59.89486,60.240273,59.865253,60.200798,512
2026-01-15 01:00:00,0,0.30048398805493315,0.6995160119450669,Hold,60.210667,60.210667,59.28298,59.529705,2058
2026-01-15 02:00:00,0,0.30047878543717604,0.699521214562824,Hold,59.519836,59.559315,59.273113,59.361935,413
2026-01-15 03:00:00,0,0.3713739203693339,0.6286260796306661,Hold,59.361935,59.5001,59.10534,59.263245,512
2026-01-15 04:00:00,0,0.4086630721728599,0.5913369278271401,Hold,59.29285,59.30272,59.164555,59.243507,251
2026-01-15 05:00:00,0,0.44285579634714634,0.5571442036528537,Hold,59.233635,59.263245,59.055996,59.19416,465
2026-01-15 06:00:00,0,0.46759157435883986,0.5324084256411601,Hold,59.154686,59.509968,59.154686,59.411278,829
2026-01-15 07:00:00,0,0.5018586560349436,0.4981413439650564,Buy,59.352066,59.411278,59.03626,59.233635,814
2026-01-15 08:00:00,0,0.5071268216217493,0.49287317837825073,Buy,59.20403,59.480362,59.065865,59.39154,1990
2026-01-15 09:00:00,0,0.5369077072046415,0.46309229279535846,Buy,59.40141,59.460625,58.562546,58.572414,2316
2026-01-15 10:00:00,0,0.5547107355048345,0.4452892644951655,Buy,58.60202,58.9277,58.355297,58.7994,3359
2026-01-15 11:00:00,0,0.5373584815852893,0.4626415184147107,Buy,58.83888,59.253376,58.7994,59.19416,2045
2026-01-15 12:00:00,0,0.5497800407941509,0.4502199592058491,Buy,59.213898,59.253376,58.562546,58.6415,2374
2026-01-15 13:00:00,0,0.5147156501057081,0.4852843498942919,Buy,58.63163,58.661236,58.365166,58.513203,2524
2026-01-15 14:00:00,0,0.5158923007485868,0.48410769925141317,Buy,58.52307,58.779663,58.108574,58.52307,4823
2026-01-15 15:00:00,0,0.46699044576866916,0.5330095542313309,Hold,58.54281,58.651367,58.227,58.562546,2932
2026-01-15 16:00:00,0,0.4250668365417068,0.5749331634582933,Hold,58.562546,58.651367,58.197395,58.23687,2477
2026-01-15 17:00:00,0,0.4030052928857819,0.5969947071142181,Hold,58.23687,58.33556,58.167786,58.305954,1961
2026-01-15 18:00:00,0,0.34986599897313236,0.6501340010268677,Hold,58.315823,58.71058,58.266476,58.404644,3274
2026-01-15 19:00:00,0,0.33642392169694263,0.6635760783030573,Hold,58.384903,58.453987,58.256607,58.276344,3964
2026-01-15 20:00:00,0,0.3176678303050938,0.6823321696949062,Hold,58.266476,58.32569,58.14805,58.227,658
2026-01-15 21:00:00,0,0.3139679405987716,0.6860320594012284,Hold,58.207264,58.54281,58.187523,58.50333,687
2026-01-15 23:00:00,0,0.2895932622236088,0.7104067377763912,Hold,58.483593,58.53294,58.33556,58.414513,360
2026-01-16 00:00:00,0,0.304716306995799,0.695283693004201,Hold,58.414513,58.592545,58.414513,58.454075,1117
2026-01-16 01:00:00,0,0.3383529217276501,0.6616470782723499,Hold,58.473854,58.65189,58.444183,58.483746,2664
2026-01-16 02:00:00,0,0.3377175165719462,0.6622824834280538,Hold,58.483746,58.523308,58.276043,58.374947,2063
2026-01-16 03:00:00,0,0.3999536830355367,0.6000463169644633,Hold,58.36506,58.444183,58.25626,58.315605,1425
2026-01-16 04:00:00,0,0.4289976666197191,0.571002333380281,Hold,58.315605,58.374947,58.26615,58.335384,813
2026-01-16 05:00:00,0,0.49863042433400073,0.5013695756659993,Hold,58.325497,58.36506,58.22659,58.24637,1060
2026-01-16 06:00:00,0,0.5035797600797954,0.49642023992020456,Buy,58.24637,58.414513,58.167244,58.40462,1921
2026-01-16 07:00:00,0,0.5476935641792203,0.4523064358207797,Buy,58.39473,58.71123,58.38484,58.552982,5047
2026-01-16 08:00:00,0,0.5759744570661935,0.42402554293380645,Buy,58.552982,58.8497,58.345276,58.79036,7314
2026-01-16 09:00:00,0,0.5791278283196023,0.4208721716803977,Buy,58.79036,59.156315,58.67167,58.918938,9189
2026-01-16 10:00:00,0,0.5620107908235862,0.4379892091764138,Buy,58.92883,59.225548,58.889267,59.195877,5852
2026-01-16 11:00:00,0,0.5625549804217939,0.43744501957820614,Buy,59.185986,59.24533,59.037624,59.176094,5158
2026-01-16 12:00:00,0,0.5663286708208873,0.43367132917911266,Buy,59.185986,59.393692,59.047516,59.0673,7918
2026-01-16 13:00:00,0,0.5425984256452173,0.4574015743547827,Buy,59.0673,59.275,58.96839,59.225548,9358
2026-01-16 14:00:00,0,0.5426811024815397,0.45731889751846033,Buy,59.225548,59.314564,58.750793,58.800247,22018
2026-01-16 15:00:00,0,0.517556847225049,0.482443152774951,Buy,58.800247,59.09697,58.701344,58.94861,13525
2026-01-16 16:00:00,0,0.4674941514549151,0.5325058485450849,Hold,58.94861,59.185986,58.869484,59.09697,10526
2026-01-16 17:00:00,0,0.4826960147876496,0.5173039852123504,Hold,59.09697,59.23544,58.780468,59.037624,14485
2026-01-16 18:00:00,0,0.42273695100789344,0.5772630489921066,Hold,59.047516,59.20577,58.889267,59.09697,8077
2026-01-16 19:00:00,0,0.41295379794602705,0.587046202053973,Hold,59.10686,59.10686,58.57276,58.731014,20428
2026-01-16 20:00:00,0,0.3858481973480914,0.6141518026519086,Hold,58.731014,58.82003,58.632107,58.65189,3444
2026-01-16 21:00:00,0,0.37365839435935655,0.6263416056406435,Hold,58.642,58.71123,58.552982,58.57276,2728
2026-01-18 23:00:00,0,0.34104321888652067,0.6589567811134793,Hold,58.295822,58.54309,57.959538,58.325497,6453
2026-01-19 00:00:00,0,0.3023848694785935,0.6976151305214064,Hold,58.335384,58.68156,58.295822,58.602436,2146
2026-01-19 01:00:00,0,0.3291864710190688,0.6708135289809312,Hold,58.612324,58.760685,58.4244,58.721123,2542
2026-01-19 02:00:00,0,0.35223151179590034,0.6477684882040997,Hold,58.721123,58.780468,58.65189,58.750793,1817
2026-01-19 03:00:00,0,0.42857394331648874,0.5714260566835112,Hold,58.760685,58.82003,58.731014,58.800247,985
2026-01-19 04:00:00,0,0.4825169576823189,0.517483042317681,Hold,58.81014,58.909046,58.661777,58.661777,1931
2026-01-19 05:00:00,0,0.5066679416324336,0.49333205836756644,Buy,58.661777,58.770576,58.54309,58.632107,1662
2026-01-19 06:00:00,0,0.534445182299062,0.465554817700938,Buy,58.632107,58.642,58.26615,58.315605,2979
2026-01-19 07:00:00,0,0.5626080719792588,0.4373919280207412,Buy,58.315605,58.523308,58.206806,58.335384,4031
2026-01-19 08:00:00,0,0.588016087907656,0.411983912092344,Buy,58.345276,58.463966,57.96943,58.26615,7590
2026-01-19 09:00:00,0,0.6079454281205536,0.39205457187944637,Buy,58.28593,58.295822,57.890305,57.96943,5754
2026-01-19 10:00:00,0,0.5885393143597206,0.4114606856402794,Buy,57.96943,58.39473,57.959538,58.305714,4376
2026-01-19 11:00:00,0,0.5918026909953275,0.40819730900467255,Buy,58.305714,58.4244,58.12768,58.345276,4948
2026-01-19 12:00:00,0,0.5775381902087429,0.42246180979125714,Buy,58.335384,58.39473,58.196915,58.374947,3252
2026-01-19 13:00:00,0,0.5641194984898753,0.4358805015101247,Buy,58.374947,58.444183,58.28593,58.40462,3874
2026-01-19 14:00:00,0,0.5581106860848873,0.44188931391511266,Buy,58.40462,58.67167,58.335384,58.65189,5619
2026-01-19 15:00:00,0,0.5410343346729155,0.4589656653270845,Buy,58.661777,58.750793,58.51342,58.67167,5273
2026-01-19 16:00:00,0,0.49919447149640167,0.5008055285035984,Hold,58.68156,58.8497,58.582653,58.780468,6132
2026-01-19 17:00:00,0,0.4971259126012957,0.5028740873987043,Hold,58.780468,58.8497,58.54309,58.592545,3418
2026-01-19 18:00:00,0,0.4198274354894021,0.580172564510598,Hold,58.592545,58.81014,58.582653,58.71123,1809
2026-01-19 19:00:00,0,0.41197427807637904,0.5880257219236209,Hold,58.721123,58.800247,58.71123,58.780468,551
2026-01-19 23:00:00,0,0.37837057465119894,0.6216294253488011,Hold,58.79036,58.81014,58.65189,58.740906,744
2026-01-20 00:00:00,0,0.3812055597009653,0.6187944402990346,Hold,58.740906,58.918938,58.731014,58.800247,1076
2026-01-20 01:00:00,0,0.40122101060750315,0.5987789893924969,Hold,58.79036,58.839813,58.622215,58.622215,2056
2026-01-20 02:00:00,0,0.4108232001927884,0.5891767998072116,Hold,58.632107,58.731014,58.582653,58.691452,1437
2026-01-20 03:00:00,0,0.4660065832890136,0.5339934167109863,Hold,58.691452,58.770576,58.602436,58.760685,1065
2026-01-20 04:00:00,0,0.5216551534367382,0.4783448465632618,Buy,58.760685,58.859592,58.691452,58.701344,1028
2026-01-20 05:00:00,0,0.5462798079507041,0.4537201920492959,Buy,58.701344,58.750793,58.612324,58.67167,1170
2026-01-20 06:00:00,0,0.5620779188376556,0.43792208116234443,Buy,58.68156,58.800247,58.5332,58.71123,2017
2026-01-20 07:00:00,0,0.5930549495985196,0.40694505040148043,Buy,58.721123,58.938717,58.305714,58.36506,7270
2026-01-20 08:00:00,1,0.5998545678738421,0.40014543212615794,Buy,58.374947,58.40462,58.078228,58.39473,9995
2026-01-20 09:00:00,1,0.6192763751479348,0.38072362485206523,Buy,58.39473,58.889267,58.36506,58.8497,11207
2026-01-20 10:00:00,0,0.6167183594061422,0.38328164059385783,Buy,58.8497,59.047516,58.701344,58.978283,8121
2026-01-20 11:00:00,0,0.6258175025137772,0.3741824974862228,Buy,58.96839,59.0673,58.740906,59.047516,5126
2026-01-20 12:00:00,0,0.6056383037640175,0.3943616962359825,Buy,59.047516,59.324455,59.037624,59.24533,8473
2026-01-20 13:00:00,1,0.6192385903278305,0.38076140967216954,Buy,59.255222,59.265114,58.8497,58.92883,8526
2026-01-20 14:00:00,0,0.571967616072467,0.42803238392753296,Buy,58.918938,59.848663,58.859592,59.749756,26779
2026-01-20 15:00:00,0,0.5389043824281203,0.46109561757187967,Buy,59.739864,59.848663,59.324455,59.393692,19137
2026-01-20 16:00:00,0,0.493680757218551,0.506319242781449,Hold,59.3838,59.69041,59.35413,59.66074,14547
2026-01-20 17:00:00,0,0.4891025215143146,0.5108974784856855,Hold,59.65085,59.77943,59.571724,59.729977,8158
2026-01-20 18:00:00,0,0.44281457444195615,0.5571854255580438,Hold,59.739864,59.818993,59.52227,59.601395,10081
2026-01-20 19:00:00,0,0.3991770910646607,0.6008229089353393,Hold,59.601395,59.749756,59.23544,59.284893,31529
2026-01-20 20:00:00,0,0.37082177961080265,0.6291782203891974,Hold,59.275,59.35413,58.68156,58.82992,16888
2026-01-20 21:00:00,0,0.33976977283785964,0.6602302271621403,Hold,58.82003,58.938717,58.71123,58.869484,3637
2026-01-20 23:00:00,0,0.27956331261437406,0.7204366873856259,Hold,58.918938,59.185986,58.81014,58.978283,2152
2026-01-21 00:00:00,0,0.27644776809581023,0.7235522319041898,Hold,58.978283,59.057407,58.81014,59.017845,1794
2026-01-21 01:00:00,0,0.3069575538080077,0.6930424461919923,Hold,59.007954,59.12664,58.81014,59.09697,2537
2026-01-21 02:00:00,0,0.3164055494479577,0.6835944505520424,Hold,59.09697,59.23544,59.007954,59.116753,2241
2026-01-21 03:00:00,0,0.3895434271294483,0.6104565728705518,Hold,59.116753,59.225548,59.07719,59.07719,1793
2026-01-21 04:00:00,0,0.44223663834498694,0.5577633616550131,Hold,59.07719,59.146423,59.037624,59.0673,935
2026-01-21 05:00:00,0,0.4566134279826263,0.5433865720173737,Hold,59.07719,59.255222,59.057407,59.166206,2220
2026-01-21 06:00:00,0,0.48501650094737325,0.5149834990526267,Hold,59.166206,59.275,59.017845,59.195877,2037
2026-01-21 07:00:00,0,0.5302411613713675,0.46975883862863255,Buy,59.20577,59.20577,58.81014,58.92883,6264
2026-01-21 08:00:00,1,0.5499769578835683,0.45002304211643174,Buy,58.92883,59.10686,58.642,58.661777,10211
2026-01-21 09:00:00,0,0.5671129476723878,0.43288705232761215,Buy,58.661777,59.225548,58.57276,59.21566,12186
2026-01-21 10:00:00,0,0.5766856724905789,0.4233143275094211,Buy,59.21566,59.393692,59.047516,59.255222,9369
2026-01-21 11:00:00,0,0.5946731746672235,0.40532682533277653,Buy,59.255222,59.93768,59.24533,59.720085,16077
2026-01-21 12:00:00,0,0.5849070498624018,0.41509295013759817,Buy,59.720085,59.93768,59.680523,59.83877,8144
2026-01-21 13:00:00,0,0.5649601101382596,0.43503988986174036,Buy,59.848663,60.22451,59.65085,59.67063,15946
2026-01-21 14:00:00,0,0.5437020835578351,0.4562979164421649,Buy,59.66074,59.83877,59.472816,59.67063,20409
2026-01-21 15:00:00,0,0.4976564397214995,0.5023435602785005,Hold,59.67063,59.878334,59.41347,59.83877,19920
2026-01-21 16:00:00,0,0.4798078738074939,0.5201921261925061,Hold,59.83877,59.97724,59.621178,59.789318,15595
2026-01-21 17:00:00,0,0.45645561234403353,0.5435443876559665,Hold,59.77943,59.848663,59.591507,59.729977,8618
2026-01-21 18:00:00,0,0.413599996238345,0.586400003761655,Hold,59.729977,60.125603,59.710194,60.016804,13003
2026-01-21 19:00:00,0,0.4176239530705839,0.5823760469294161,Hold,60.016804,60.036587,59.759647,59.987133,14660
2026-01-21 20:00:00,0,0.39261645223458785,0.6073835477654121,Hold,59.987133,60.05637,59.878334,60.006916,3874
2026-01-21 21:00:00,0,0.4030921253611754,0.5969078746388246,Hold,60.006916,60.08604,59.957462,60.006916,2489
2026-01-21 23:00:00,0,0.3518438415475867,0.6481561584524134,Hold,60.016804,60.026695,59.759647,59.848663,1166
2026-01-22 00:00:00,0,0.3729075767482092,0.6270924232517908,Hold,59.83877,59.9179,59.79921,59.858555,885
2026-01-22 01:00:00,0,0.4178693995214618,0.5821306004785383,Hold,59.858555,60.11571,59.818993,60.04648,2916
2026-01-22 02:00:00,0,0.41989678519910245,0.5801032148008975,Hold,60.036587,60.105824,59.9179,60.07615,1606
2026-01-22 03:00:00,0,0.454307372259849,0.545692627740151,Hold,60.07615,60.155277,60.04648,60.105824,1325
2026-01-22 04:00:00,0,0.49735192512784654,0.5026480748721535,Hold,60.105824,60.145386,60.066257,60.105824,712
2026-01-22 05:00:00,0,0.5336004983624311,0.46639950163756894,Buy,60.095932,60.135494,60.006916,60.05637,1107
2026-01-22 06:00:00,0,0.570657456697764,0.429342543302236,Buy,60.04648,60.04648,59.858555,59.967354,1787
2026-01-22 07:00:00,0,0.5732658255076575,0.4267341744923425,Buy,59.97724,59.987133,59.700302,59.77943,4051
2026-01-22 08:00:00,0,0.5992887085114368,0.4007112914885632,Buy,59.77943,59.927788,59.640957,59.710194,7501
2026-01-22 09:00:00,0,0.6074148362463305,0.3925851637536695,Buy,59.720085,59.729977,59.34424,59.403584,9411
2026-01-22 10:00:00,0,0.591460137398398,0.408539862601602,Buy,59.403584,59.482708,59.10686,59.195877,12295
2026-01-22 11:00:00,0,0.5819816075849521,0.4180183924150479,Buy,59.195877,59.255222,58.82992,59.08708,13171
2026-01-22 12:00:00,0,0.5895052560495964,0.41049474395040364,Buy,59.08708,59.13653,58.79036,58.79036,7247
2026-01-22 13:00:00,0,0.5681809227494368,0.43181907725056323,Buy,58.800247,59.12664,58.661777,59.047516,12924
2026-01-22 14:00:00,0,0.562689386781245,0.437310613218755,Buy,59.037624,59.34424,58.770576,59.10686,30783
2026-01-22 15:00:00,0,0.5359742195312839,0.4640257804687161,Buy,59.10686,59.195877,58.780468,59.0673,19228
2026-01-22 16:00:00,0,0.4890384563814688,0.5109615436185312,Hold,59.07719,59.304676,58.721123,58.82992,16481
2026-01-22 17:00:00,0,0.4684077763363258,0.5315922236636742,Hold,58.82992,58.82992,58.315605,58.50353,19055
2026-01-22 18:00:00,0,0.4007233840424721,0.5992766159575279,Hold,58.493637,58.661777,58.40462,58.612324,11217
2026-01-22 19:00:00,0,0.38402778402859944,0.6159722159714005,Hold,58.622215,58.740906,58.5332,58.691452,14218
2026-01-22 20:00:00,0,0.3634983891453549,0.6365016108546451,Hold,58.68156,58.770576,58.65189,58.760685,3743
2026-01-22 21:00:00,0,0.3444812698787384,0.6555187301212616,Hold,58.760685,59.037624,58.740906,59.017845,3157
2026-01-22 23:00:00,0,0.301588858197599,0.698411141802401,Hold,59.007954,59.09697,58.869484,58.938717,1423
2026-01-23 00:00:00,0,0.33603810984932725,0.6639618901506728,Hold,58.94861,59.057407,58.92883,59.027737,684
2026-01-23 01:00:00,0,0.38254975300645944,0.6174502469935406,Hold,59.017845,59.156315,58.92883,59.116753,2771
2026-01-23 02:00:00,0,0.382288369572312,0.617711630427688,Hold,59.116753,59.23544,59.007954,59.195877,2134
2026-01-23 03:00:00,0,0.4574722251567227,0.5425277748432773,Hold,59.195877,59.284893,59.146423,59.176094,2344
2026-01-23 04:00:00,0,0.4755669193505861,0.524433080649414,Hold,59.176094,59.265114,59.146423,59.23544,713
2026-01-23 05:00:00,0,0.5183785948950955,0.4816214051049045,Buy,59.23544,59.275,59.08708,59.156315,1404
2026-01-23 06:00:00,0,0.5391068223359675,0.4608931776640325,Buy,59.166206,59.334347,59.09697,59.314564,1871
2026-01-23 07:00:00,1,0.5768849014101718,0.4231150985898282,Buy,59.294785,59.304676,58.938717,59.017845,3185
2026-01-23 08:00:00,1,0.5907882400564115,0.4092117599435885,Buy,59.007954,59.453033,58.998062,59.24533,7598
2026-01-23 09:00:00,1,0.6089229613526037,0.3910770386473963,Buy,59.255222,59.41347,59.20577,59.334347,5838
2026-01-23 10:00:00,1,0.6122248574238501,0.38777514257614987,Buy,59.34424,59.680523,59.324455,59.581615,6832
2026-01-23 11:00:00,1,0.6099870354648179,0.3900129645351821,Buy,59.581615,59.76954,59.52227,59.700302,5314
2026-01-23 12:00:00,0,0.618508716481841,0.381491283518159,Buy,59.710194,59.878334,59.680523,59.77943,6219
2026-01-23 13:00:00,0,0.6068834370293247,0.3931165629706753,Buy,59.77943,60.39265,59.69041,60.35309,17416
2026-01-23 14:00:00,0,0.5887707385509757,0.4112292614490243,Buy,60.3432,60.590466,60.184948,60.48167,26947
2026-01-23 15:00:00,0,0.5854024069548787,0.41459759304512134,Buy,60.491558,60.521233,60.105824,60.11571,17424
2026-01-23 16:00:00,0,0.5579875454426093,0.4420124545573907,Buy,60.11571,60.521233,60.036587,60.442104,13805
2026-01-23 17:00:00,0,0.5391153115484457,0.4608846884515543,Buy,60.442104,60.560795,60.145386,60.50145,12981
2026-01-23 18:00:00,0,0.5103695049441017,0.4896304950558983,Buy,60.491558,60.580574,60.293747,60.412434,11116
2026-01-23 19:00:00,0,0.47987538631292004,0.52012461368708,Hold,60.422325,60.590466,60.313526,60.412434,19541
2026-01-23 20:00:00,0,0.44456304607051045,0.5554369539294896,Hold,60.422325,60.550903,60.39265,60.491558,4815
2026-01-23 21:00:00,0,0.4422159041289275,0.5577840958710725,Hold,60.491558,60.689373,60.491558,60.61025,5303
2026-01-25 23:00:00,0,0.42429503525917744,0.5757049647408226,Hold,60.550903,60.630028,59.93768,60.37287,6650
2026-01-26 00:00:00,0,0.4083488831701152,0.5916511168298848,Hold,60.36298,60.48167,60.21462,60.432217,3223
2026-01-26 01:00:00,0,0.4370945596810674,0.5629054403189326,Hold,60.432217,60.62014,60.323418,60.451996,4256
2026-01-26 02:00:00,0,0.422074052398501,0.5779259476014991,Hold,60.442104,60.48167,60.303635,60.313526,1740
2026-01-26 03:00:00,0,0.4436315992706513,0.5563684007293487,Hold,60.303635,60.432217,60.264072,60.432217,1096
2026-01-26 04:00:00,0,0.4894100902502805,0.5105899097497195,Hold,60.432217,60.531124,60.402542,60.521233,899
2026-01-26 05:00:00,0,0.507564157573442,0.492435842426558,Buy,60.521233,60.62014,60.35309,60.560795,1685
2026-01-26 06:00:00,0,0.5416749694172006,0.4583250305827994,Buy,60.550903,61.03555,60.50145,60.877296,6778
2026-01-26 07:00:00,0,0.5795542980174303,0.4204457019825697,Buy,60.867405,60.877296,60.264072,60.283855,7643
2026-01-26 08:00:00,0,0.6039667679497648,0.3960332320502352,Buy,60.283855,60.560795,60.11571,60.550903,11631
2026-01-26 09:00:00,0,0.6035285591380026,0.39647144086199737,Buy,60.560795,60.659702,60.145386,60.442104,7990
2026-01-26 10:00:00,0,0.5906869474336018,0.40931305256639816,Buy,60.432217,60.580574,60.283855,60.570686,4384
2026-01-26 11:00:00,0,0.5952582377570065,0.4047417622429935,Buy,60.570686,60.728935,60.39265,60.491558,5517
2026-01-26 12:00:00,0,0.591833751718375,0.40816624828162495,Buy,60.491558,60.54101,60.19484,60.22451,6944
2026-01-26 13:00:00,0,0.5867428322328548,0.41325716776714516,Buy,60.2344,60.3432,59.898117,60.125603,12283
2026-01-26 14:00:00,0,0.573562645345738,0.426437354654262,Buy,60.125603,60.273964,59.83877,59.868446,20922
2026-01-26 15:00:00,0,0.5374050630656306,0.46259493693436937,Buy,59.868446,60.33331,59.759647,59.93768,15918
2026-01-26 16:00:00,0,0.47800348004415394,0.5219965199558461,Hold,59.93768,60.244293,59.76954,60.175056,12593
2026-01-26 17:00:00,0,0.47560489972284364,0.5243951002771563,Hold,60.175056,60.36298,60.066257,60.293747,7832
2026-01-26 18:00:00,0,0.3916183345005791,0.608381665499421,Hold,60.293747,60.303635,59.878334,59.957462,10923
2026-01-26 19:00:00,0,0.36766058876610963,0.6323394112338904,Hold,59.957462,60.036587,59.82888,59.957462,11504
2026-01-26 20:00:00,0,0.341916334683887,0.6580836653161131,Hold,59.957462,60.175056,59.66074,60.105824,11890
2026-01-26 21:00:00,0,0.33224186407016154,0.6677581359298385,Hold,60.11571,60.2344,59.97724,60.165165,2983
2026-01-26 23:00:00,0,0.2883652786113015,0.7116347213886984,Hold,60.11571,60.204727,60.08604,60.145386,531
2026-01-27 00:00:00,0,0.3143785095294085,0.6856214904705915,Hold,60.155277,60.184948,60.105824,60.145386,556
2026-01-27 01:00:00,0,0.34566806410857903,0.654331935891421,Hold,60.135494,60.19484,59.542053,59.591507,4626
2026-01-27 02:00:00,0,0.3203699108232971,0.6796300891767029,Hold,59.591507,59.720085,59.561832,59.66074,2075
2026-01-27 03:00:00,0,0.40870103749397674,0.5912989625060232,Hold,59.65085,59.65085,59.561832,59.591507,1559
2026-01-27 04:00:00,0,0.4689543005520225,0.5310456994479775,Hold,59.591507,59.66074,59.561832,59.571724,888
2026-01-27 05:00:00,0,0.4693982875253031,0.5306017124746969,Hold,59.561832,59.789318,59.51238,59.749756,1640
2026-01-27 06:00:00,0,0.4976764040194745,0.5023235959805255,Hold,59.759647,59.878334,59.69041,59.858555,1666
2026-01-27 07:00:00,1,0.5612292949393832,0.4387707050606168,Buy,59.858555,59.878334,59.63107,59.720085,2559
2026-01-27 08:00:00,1,0.5969471096759607,0.40305289032403935,Buy,59.729977,59.82888,59.482708,59.76954,6304
2026-01-27 09:00:00,1,0.5928160381630112,0.4071839618369888,Buy,59.76954,60.036587,59.63107,59.97724,5885
2026-01-27 10:00:00,0,0.6293001207517638,0.3706998792482362,Buy,59.987133,60.36298,59.957462,60.273964,8548
2026-01-27 11:00:00,1,0.6240213433792742,0.3759786566207258,Buy,60.264072,60.313526,59.90801,59.94757,5573
2026-01-27 12:00:00,1,0.6187150634024379,0.38128493659756213,Buy,59.94757,60.05637,59.77943,59.987133,5851
2026-01-27 13:00:00,0,0.5920508735002434,0.40794912649975656,Buy,59.987133,61.18391,59.94757,61.104782,26994
2026-01-27 14:00:00,1,0.5741998412012261,0.42580015879877386,Buy,61.104782,61.134457,60.273964,60.61025,30433
2026-01-27 15:00:00,0,0.5472215865519876,0.4527784134480124,Buy,60.61025,61.03555,60.432217,61.015766,17411
2026-01-27 16:00:00,0,0.5218014643727766,0.47819853562722336,Buy,61.025658,61.302597,60.946533,61.223473,19807
2026-01-27 17:00:00,0,0.500165339491733,0.49983466050826697,Buy,61.21358,61.510303,61.18391,61.401505,18002
2026-01-27 18:00:00,0,0.48413527082556135,0.5158647291744387,Hold,61.401505,61.559757,61.24325,61.272926,13579
2026-01-27 19:00:00,0,0.4581659715514788,0.5418340284485212,Hold,61.282818,61.896038,61.263035,61.510303,26255
2026-01-27 20:00:00,0,0.44435254510088235,0.5556474548991177,Hold,61.52019,61.94549,61.500412,61.87626,7168
2026-01-27 21:00:00,0,0.43699029072445716,0.5630097092755428,Hold,61.87626,61.896038,61.688335,61.88615,3946
2026-01-27 23:00:00,0,0.42023252841541064,0.5797674715845893,Hold,61.896038,61.985058,61.77735,61.856476,1467
2026-01-28 00:00:00,0,0.4223546762858699,0.5776453237141301,Hold,61.856476,61.965275,61.787243,61.84659,1578
2026-01-28 01:00:00,0,0.4548160165064566,0.5451839834935435,Hold,61.836697,61.955383,61.658665,61.76746,3773
2026-01-28 02:00:00,0,0.430528039494229,0.569471960505771,Hold,61.76746,62.0444,61.708115,61.955383,2521
2026-01-28 03:00:00,0,0.4689710384078834,0.5310289615921167,Hold,61.955383,62.17298,61.94549,62.01473,3453
2026-01-28 04:00:00,0,0.48252884897060483,0.5174711510293952,Hold,62.02462,62.16309,61.994946,62.133415,2469
2026-01-28 05:00:00,0,0.5151539657689692,0.4848460342310308,Buy,62.133415,62.19276,62.074074,62.18287,1374
2026-01-28 06:00:00,0,0.5511720551250289,0.44882794487497113,Buy,62.18287,62.31145,62.0444,62.08396,3476
2026-01-28 07:00:00,0,0.5682086989736395,0.43179130102636054,Buy,62.08396,62.093853,61.718006,61.816914,5971
2026-01-28 08:00:00,0,0.5795667190351914,0.4204332809648086,Buy,61.816914,62.113636,61.727898,62.02462,8722
2026-01-28 09:00:00,1,0.593974512661604,0.40602548733839605,Buy,62.02462,62.03451,61.391613,61.49052,10509
2026-01-28 10:00:00,1,0.5948956010142791,0.4051043989857209,Buy,61.48063,61.60921,61.421288,61.46085,5397
2026-01-28 11:00:00,0,0.5868777215220886,0.4131222784779114,Buy,61.45096,61.91582,61.431175,61.88615,5607
2026-01-28 12:00:00,0,0.5831759073830055,0.4168240926169945,Buy,61.896038,62.47959,61.718006,62.123528,21957
2026-01-28 13:00:00,0,0.5672806991758206,0.4327193008241794,Buy,62.123528,62.697186,62.074074,62.657623,19212
2026-01-28 14:00:00,0,0.5720514476909295,0.4279485523090705,Buy,62.657623,62.825768,62.18287,62.489483,37839
2026-01-28 15:00:00,0,0.5435804419470883,0.4564195580529117,Buy,62.489483,62.568607,61.955383,62.271885,21688
2026-01-28 16:00:00,0,0.534889321789003,0.46511067821099705,Buy,62.281776,62.400467,62.004837,62.05429,13471
2026-01-28 17:00:00,0,0.5002107502268366,0.4997892497731634,Buy,62.0444,62.242214,61.856476,62.05429,10969
2026-01-28 18:00:00,0,0.44829180763850085,0.5517081923614992,Hold,62.0444,62.489483,62.01473,62.410355,8620
2026-01-28 19:00:00,0,0.4349665049828355,0.5650334950171645,Hold,62.420246,62.598278,62.351013,62.538937,14608
2026-01-28 20:00:00,0,0.420148731240034,0.579851268759966,Hold,62.529045,62.776314,62.529045,62.687298,5072
2026-01-28 21:00:00,0,0.41498783864815714,0.5850121613518429,Hold,62.677406,62.87522,62.627953,62.805984,4149
2026-01-28 23:00:00,0,0.38832294256071936,0.6116770574392807,Hold,62.805984,63.132378,62.58839,62.687298,5233
2026-01-29 00:00:00,0,0.3751624167963801,0.6248375832036199,Hold,62.697186,62.974125,62.61806,62.845547,2293
2026-01-29 01:00:00,0,0.4229147404751914,0.5770852595248086,Hold,62.835655,63.132378,62.73675,63.122486,4724
2026-01-29 02:00:00,0,0.4214112547433627,0.5785887452566373,Hold,63.122486,63.359863,62.944454,63.3203,4236
2026-01-29 03:00:00,0,0.44058670857255655,0.5594132914274434,Hold,63.330193,63.399426,63.221394,63.369755,2797
2026-01-29 04:00:00,0,0.4628979395513177,0.5371020604486823,Hold,63.369755,63.67637,63.34997,63.617023,3830
2026-01-29 05:00:00,0,0.507771273209443,0.49222872679055696,Buy,63.617023,63.617023,63.3203,63.4291,2819
2026-01-29 06:00:00,0,0.5214353934969873,0.4785646065030127,Buy,63.4291,63.775272,63.3203,63.488445,4251
2026-01-29 07:00:00,1,0.5495301563972101,0.45046984360278985,Buy,63.488445,63.696148,63.330193,63.379646,5117
2026-01-29 08:00:00,1,0.5638455675872669,0.4361544324127331,Buy,63.379646,63.963196,63.34997,63.913742,9979
2026-01-29 09:00:00,0,0.5699735219727579,0.43002647802724214,Buy,63.923634,64.37861,63.656586,64.14123,12702
2026-01-29 10:00:00,1,0.5795603583735137,0.4204396416264863,Buy,64.14123,64.16101,63.617023,64.022545,11023
2026-01-29 11:00:00,1,0.5770839797763146,0.42291602022368535,Buy,64.01265,64.210464,63.666477,64.022545,7811
2026-01-29 12:00:00,1,0.5729429536296893,0.4270570463703107,Buy,64.01265,64.1709,63.88407,63.98298,8499
2026-01-29 13:00:00,0,0.550820173077146,0.44917982692285396,Buy,63.98298,64.912704,63.913742,64.73467,24956
2026-01-29 14:00:00,0,0.5401829538565565,0.45981704614344354,Buy,64.74456,65.75342,64.68522,65.40724,55777
2026-01-29 15:00:00,0,0.5160532880465322,0.48394671195346783,Buy,65.40724,65.46658,63.933525,64.71489,64690
2026-01-29 16:00:00,0,0.48903054417181907,0.510969455828181,Hold,64.71489,65.031395,64.1709,64.52697,32500
2026-01-29 17:00:00,0,0.45134295476969716,0.5486570452303028,Hold,64.53686,64.96216,64.358826,64.78413,25965
2026-01-29 18:00:00,0,0.41872050165019925,0.5812794983498007,Hold,64.77424,64.873146,64.19068,64.40828,19307
2026-01-29 19:00:00,0,0.3959874191839834,0.6040125808160166,Hold,64.41817,64.873146,64.358826,64.665436,23224
2026-01-29 20:00:00,0,0.39281420834105324,0.6071857916589467,Hold,64.65555,65.20943,64.635765,64.76434,10229
2026-01-29 21:00:00,0,0.37804104079448725,0.6219589592055128,Hold,64.754456,64.80391,64.50719,64.794014,4432
2026-01-29 23:00:00,0,0.34555508417405956,0.6544449158259404,Hold,64.80391,65.150085,64.665436,64.873146,2088
2026-01-30 00:00:00,0,0.377194791292967,0.622805208707033,Hold,64.86325,64.98194,63.399426,64.64565,8266
2026-01-30 01:00:00,0,0.3518534161982132,0.6481465838017868,Hold,64.64565,64.85336,63.973087,64.0621,8534
2026-01-30 02:00:00,0,0.34533976137775213,0.6546602386222479,Hold,64.08189,64.12145,62.944454,63.7456,13295
2026-01-30 03:00:00,0,0.38459056367596894,0.615409436324031,Hold,63.755493,63.775272,63.409317,63.537895,3334
2026-01-30 04:00:00,0,0.4108697839875198,0.5891302160124803,Hold,63.537895,63.73571,63.528008,63.626915,2779
2026-01-30 05:00:00,0,0.43430129941402273,0.5656987005859773,Hold,63.617023,64.03243,63.537895,63.775272,4724
2026-01-30 06:00:00,0,0.4719772058926878,0.5280227941073121,Hold,63.765385,63.785164,63.28074,63.3203,3720
2026-01-30 07:00:00,0,0.4785237910395096,0.5214762089604904,Hold,63.340084,63.686256,63.31041,63.45877,5052
2026-01-30 08:00:00,0,0.49516899751070037,0.5048310024892997,Hold,63.44888,63.99287,63.389538,63.804947,10814
2026-01-30 09:00:00,0,0.5080276844179565,0.49197231558204346,Buy,63.795055,64.3885,63.775272,63.973087,10969
2026-01-30 10:00:00,0,0.5218753585116956,0.47812464148830436,Buy,63.973087,64.1709,63.518116,63.923634,9596
2026-01-30 11:00:00,0,0.5154440396927664,0.4845559603072336,Buy,63.923634,64.358826,63.59724,64.30937,17171
2026-01-30 12:00:00,0,0.5356975133323084,0.4643024866676916,Buy,64.30937,64.64565,64.16101,64.52697,9346
2026-01-30 13:00:00,0,0.5297152686248868,0.4702847313751132,Buy,64.53686,64.724785,64.20058,64.5962,13813
2026-01-30 14:00:00,0,0.5031930953051817,0.49680690469481825,Buy,64.58631,65.19954,64.56653,64.972046,28247
2026-01-30 15:00:00,0,0.5030357564825031,0.4969642435174969,Buy,64.972046,65.07095,64.57642,64.89292,18231
2026-01-30 16:00:00,0,0.47499500552471124,0.5250049944752888,Hold,64.90282,65.38746,64.73467,64.972046,23211
2026-01-30 17:00:00,0,0.43204262419685563,0.5679573758031444,Hold,64.972046,65.12041,63.636803,63.824726,42667
2026-01-30 18:00:00,0,0.39580863631330393,0.604191363686696,Hold,63.824726,64.072,63.478554,63.98298,22587
2026-01-30 19:00:00,0,0.3928874142569326,0.6071125857430675,Hold,63.99287,64.96216,63.963196,64.85336,24953
2026-01-30 20:00:00,0,0.4012268726438348,0.5987731273561652,Hold,64.85336,65.19954,64.83358,65.05118,9516
2026-01-30 21:00:00,0,0.3806954714561855,0.6193045285438146,Hold,65.05118,65.150085,64.972046,65.0215,3424
2026-02-01 23:00:00,0,0.3091689770543804,0.6908310229456196,Hold,64.01265,64.03243,62.281776,62.5785,15988
2026-02-02 00:00:00,0,0.26198711402679964,0.7380128859732004,Hold,62.58839,63.102707,62.568607,63.0038,3896
2026-02-02 01:00:00,0,0.30516238849436866,0.6948376115056314,Hold,63.01369,63.02358,61.925713,62.34112,16601
2026-02-02 02:00:00,0,0.3031281667562386,0.6968718332437613,Hold,62.34112,62.430138,61.63888,61.75757,5886
2026-02-02 03:00:00,0,0.3651874063159585,0.6348125936840415,Hold,61.74768,61.965275,61.59932,61.60921,5741
2026-02-02 04:00:00,0,0.4162989537655314,0.5837010462344686,Hold,61.6191,61.648773,61.431175,61.500412,4009
2026-02-02 05:00:00,0,0.4646659395553188,0.5353340604446812,Hold,61.500412,61.52019,60.75861,60.92675,10513
2026-02-02 06:00:00,0,0.4867135497931009,0.5132864502068991,Hold,60.92675,61.193798,60.78828,60.995987,6468
2026-02-02 07:00:00,0,0.5031422561765161,0.4968577438234839,Buy,60.986095,61.569645,60.986095,61.233364,10300
2026-02-02 08:00:00,0,0.5455696724563859,0.4544303275436141,Buy,61.24325,61.688335,60.986095,60.986095,13012
2026-02-02 09:00:00,0,0.5288726995508857,0.47112730044911433,Buy,60.995987,61.45096,60.719048,61.431175,13501
2026-02-02 10:00:00,0,0.5417608720308978,0.45823912796910216,Buy,61.421288,61.59932,61.07511,61.233364,9181
2026-02-02 11:00:00,0,0.5489500012960351,0.4510499987039649,Buy,61.223473,61.34216,60.93664,61.18391,6360
2026-02-02 12:00:00,0,0.5321496457440705,0.46785035425592947,Buy,61.18391,61.6191,61.18391,61.441067,8630
2026-02-02 13:00:00,0,0.533723912599594,0.46627608740040605,Buy,61.441067,61.441067,60.90697,61.431175,16490
2026-02-02 14:00:00,0,0.5289310792111338,0.4710689207888662,Buy,61.441067,61.87626,61.31249,61.38172,26074
2026-02-02 15:00:00,0,0.4982064091608046,0.5017935908391954,Hold,61.38172,61.88615,61.114674,61.272926,33652
2026-02-02 16:00:00,0,0.4515688726971704,0.5484311273028296,Hold,61.263035,61.530083,61.07511,61.292706,20719
2026-02-02 17:00:00,0,0.4316576107377383,0.5683423892622617,Hold,61.282818,61.302597,60.986095,61.094894,11029
2026-02-02 18:00:00,0,0.3776828495481886,0.6223171504518115,Hold,61.085003,61.401505,60.867405,61.05533,10378
2026-02-02 19:00:00,0,0.3415343620895138,0.6584656379104862,Hold,61.04544,61.539974,60.90697,61.371834,18595
2026-02-02 20:00:00,0,0.3357592624203159,0.6642407375796842,Hold,61.38172,61.6191,61.35205,61.569645,4239
2026-02-02 21:00:00,0,0.3338939437389363,0.6661060562610637,Hold,61.569645,61.688335,61.48063,61.648773,2106
2026-02-02 23:00:00,0,0.3059774779080486,0.6940225220919514,Hold,61.59932,61.60921,61.114674,61.263035,2283
2026-02-03 00:00:00,0,0.3154689968036671,0.684531003196333,Hold,61.263035,61.371834,61.21358,61.302597,1098
2026-02-03 01:00:00,0,0.3463884102318849,0.6536115897681152,Hold,61.32238,61.77735,61.302597,61.668552,4038
2026-02-03 02:00:00,0,0.34532527547440783,0.6546747245255922,Hold,61.668552,61.698227,60.877296,61.085003,5078
2026-02-03 03:00:00,0,0.3816052708599026,0.6183947291400974,Hold,61.06522,61.32238,60.93664,61.253143,2398
2026-02-03 04:00:00,0,0.445832432737097,0.554167567262903,Hold,61.253143,61.34216,61.144344,61.233364,1247
2026-02-03 05:00:00,0,0.48289212002101445,0.5171078799789856,Hold,61.24325,61.292706,61.124565,61.193798,1467
2026-02-03 06:00:00,0,0.5138717255158766,0.48612827448412343,Buy,61.193798,61.24325,61.07511,61.164127,1634
2026-02-03 07:00:00,0,0.5341157381002812,0.46588426189971877,Buy,61.144344,61.38172,61.04544,61.233364,3626
2026-02-03 08:00:00,0,0.581759198730873,0.418240801269127,Buy,61.24325,61.48063,60.669594,60.946533,10387
2026-02-03 09:00:00,0,0.5656779708960348,0.4343220291039652,Buy,60.946533,61.193798,60.451996,61.05533,11355
2026-02-03 10:00:00,0,0.5484148839787463,0.45158511602125373,Buy,61.06522,61.658665,61.06522,61.539974,7796
2026-02-03 11:00:00,0,0.556792224107081,0.44320777589291904,Buy,61.539974,61.718006,61.421288,61.668552,6298
2026-02-03 12:00:00,0,0.5522484443368442,0.44775155566315583,Buy,61.668552,61.90593,61.530083,61.87626,7837
2026-02-03 13:00:00,0,0.5388650182466305,0.46113498175336953,Buy,61.87626,62.02462,61.668552,61.91582,10576
2026-02-03 14:00:00,0,0.5020301992112128,0.49796980078878716,Buy,61.91582,62.44003,61.708115,62.05429,24517
2026-02-03 15:00:00,0,0.4821859760007127,0.5178140239992872,Hold,62.0444,62.281776,61.836697,62.05429,16430
2026-02-03 16:00:00,1,0.444701699156311,0.5552983008436889,Hold,62.05429,62.31145,61.836697,61.985058,22939
2026-02-03 17:00:00,0,0.39200831303647576,0.6079916869635242,Hold,61.985058,63.04336,61.836697,62.44992,48073
2026-02-03 18:00:00,0,0.36522002683602456,0.6347799731639754,Hold,62.44992,62.667515,61.91582,62.400467,19374
2026-02-03 19:00:00,0,0.33114352701895006,0.66885647298105,Hold,62.400467,62.87522,62.01473,62.7862,20202
2026-02-03 20:00:00,0,0.32421525506283355,0.6757847449371664,Hold,62.776314,63.508224,62.766422,63.379646,10572
2026-02-03 21:00:00,0,0.34222242889872734,0.6577775711012727,Hold,63.389538,63.44888,62.845547,63.201614,6413
2026-02-03 23:00:00,0,0.30712729404931965,0.6928727059506803,Hold,63.102707,63.14227,62.934563,63.063145,1314
2026-02-04 00:00:00,0,0.313823501688302,0.686176498311698,Hold,63.053253,63.201614,63.02358,63.063145,1014
2026-02-04 01:00:00,0,0.32327114696809556,0.6767288530319044,Hold,63.073032,63.468662,62.776314,63.34997,4702
2026-02-04 02:00:00,0,0.33616023896937786,0.6638397610306221,Hold,63.34997,63.43899,62.845547,62.964237,3441
2026-02-04 03:00:00,0,0.35730600189305634,0.6426939981069437,Hold,62.964237,63.18183,62.88511,63.14227,1982
2026-02-04 04:00:00,0,0.4062121907167036,0.5937878092832964,Hold,63.14227,63.201614,63.073032,63.14227,890
2026-02-04 05:00:00,0,0.4252733824543698,0.5747266175456303,Hold,63.14227,63.16205,63.04336,63.053253,1214
2026-02-04 06:00:00,0,0.46966756339429994,0.5303324366057001,Hold,63.053253,63.132378,62.934563,63.03347,1496
2026-02-04 07:00:00,0,0.512024908254129,0.48797509174587095,Buy,63.04336,63.1126,62.568607,62.667515,4878
2026-02-04 08:00:00,0,0.5523214840360469,0.44767851596395314,Buy,62.667515,63.0038,62.261997,62.47959,8853
2026-02-04 09:00:00,0,0.5232312861513343,0.4767687138486657,Buy,62.47959,63.082924,62.390575,63.04336,7624
2026-02-04 10:00:00,0,0.5459708194769131,0.45402918052308694,Buy,63.03347,63.092815,62.74664,62.835655,4665
2026-02-04 11:00:00,1,0.554836349173102,0.445163650826898,Buy,62.835655,62.835655,62.568607,62.61806,4390
2026-02-04 12:00:00,0,0.5494742128528796,0.45052578714712044,Buy,62.60817,62.914783,62.538937,62.707077,5190
2026-02-04 13:00:00,1,0.5530476543307768,0.44695234566922315,Buy,62.707077,62.796093,62.17298,62.202652,11088
2026-02-04 14:00:00,1,0.49715801409270066,0.5028419859072993,Hold,62.212543,62.805984,62.17298,62.5785,18877
2026-02-04 15:00:00,1,0.4726204703112096,0.5273795296887904,Hold,62.558716,62.944454,62.34112,62.61806,19844
2026-02-04 16:00:00,1,0.4115323290963283,0.5884676709036717,Hold,62.627953,62.87522,62.291668,62.845547,14034
2026-02-04 17:00:00,0,0.3872839378806737,0.6127160621193263,Hold,62.835655,64.8138,62.796093,64.41817,63284
2026-02-04 18:00:00,0,0.35738431780910207,0.6426156821908979,Hold,64.42806,64.67533,63.933525,64.34894,29415
2026-02-04 19:00:00,0,0.3219902172239823,0.6780097827760176,Hold,64.329155,64.74456,62.934563,63.528008,48367
2026-02-04 20:00:00,0,0.3077509553887017,0.6922490446112983,Hold,63.537895,63.923634,63.468662,63.607132,6573
2026-02-04 21:00:00,0,0.2862442358191421,0.7137557641808578,Hold,63.617023,63.84451,63.55768,63.765385,2439
2026-02-04 23:00:00,0,0.26347748330095083,0.7365225166990492,Hold,63.785164,63.943417,63.31041,63.71593,2152
2026-02-05 00:00:00,0,0.27171957064940855,0.7282804293505915,Hold,63.70604,63.923634,63.636803,63.686256,1599
2026-02-05 01:00:00,0,0.2800718689917884,0.7199281310082116,Hold,63.686256,63.81484,63.379646,63.379646,5089
2026-02-05 02:00:00,0,0.260059447450705,0.739940552549295,Hold,63.389538,63.4291,62.895,62.993908,7465
2026-02-05 03:00:00,0,0.32217968802298974,0.6778203119770103,Hold,63.0038,63.29063,62.7862,63.14227,3779
2026-02-05 04:00:00,0,0.37026052251104347,0.6297394774889565,Hold,63.14227,63.191723,62.974125,63.082924,1519
2026-02-05 05:00:00,0,0.394062195844,0.605937804156,Hold,63.063145,63.18183,62.904892,63.0038,2136
2026-02-05 06:00:00,0,0.40023242789293323,0.5997675721070668,Hold,63.0038,63.260956,62.993908,63.16205,1492
2026-02-05 07:00:00,0,0.45357365271317596,0.546426347286824,Hold,63.18183,63.41921,63.102707,63.330193,3859
2026-02-05 08:00:00,0,0.506864428184382,0.49313557181561796,Buy,63.330193,63.547787,63.25107,63.41921,5406
2026-02-05 09:00:00,0,0.5188558690739785,0.4811441309260215,Buy,63.41921,63.70604,63.260956,63.488445,6403
2026-02-05 10:00:00,0,0.5232440685183538,0.4767559314816462,Buy,63.478554,63.71593,63.41921,63.44888,4930
2026-02-05 11:00:00,0,0.5139285131603775,0.48607148683962254,Buy,63.43899,63.84451,63.369755,63.84451,7326
2026-02-05 12:00:00,0,0.5119711874292346,0.48802881257076536,Buy,63.8544,63.963196,62.88511,63.122486,13258
2026-02-05 13:00:00,0,0.4834463260721814,0.5165536739278186,Hold,63.1126,63.31041,62.538937,62.657623,16501
2026-02-05 14:00:00,0,0.45016915116507056,0.5498308488349295,Hold,62.667515,62.984016,62.33123,62.86533,26614
2026-02-05 15:00:00,0,0.41142108561316654,0.5885789143868334,Hold,62.85544,62.895,61.965275,62.33123,23228
2026-02-05 16:00:00,0,0.35648270161626666,0.6435172983837334,Hold,62.34112,62.895,62.074074,62.88511,20449
2026-02-05 17:00:00,0,0.3557960931427088,0.6442039068572911,Hold,62.895,63.17194,62.687298,62.904892,11735
2026-02-05 18:00:00,0,0.3365566858024476,0.6634433141975524,Hold,62.895,62.993908,62.60817,62.687298,9613
2026-02-05 19:00:00,0,0.3071233013566684,0.6928766986433317,Hold,62.687298,62.7862,62.242214,62.499374,19610
2026-02-05 20:00:00,0,0.2939376622276915,0.7060623377723085,Hold,62.499374,62.75653,62.4697,62.58839,3757
2026-02-05 21:00:00,0,0.3062133843734707,0.6937866156265293,Hold,62.5785,62.61806,62.32134,62.430138,2936
2026-02-05 23:00:00,0,0.2629654362818267,0.7370345637181732,Hold,62.410355,62.44992,62.004837,62.133415,1557
2026-02-06 00:00:00,0,0.27645774300213793,0.723542256997862,Hold,62.123528,62.31145,61.62899,62.212543,4624
2026-02-06 01:00:00,0,0.28873839194124823,0.7112616080587517,Hold,62.232323,62.430138,61.925713,62.351013,5134
2026-02-06 02:00:00,0,0.28123392089476873,0.7187660791052313,Hold,62.360905,63.15216,62.32134,62.657623,7475
2026-02-06 03:00:00,0,0.34085016063787404,0.659149839362126,Hold,62.637844,62.924675,62.627953,62.914783,1672
2026-02-06 04:00:00,0,0.40095677275643754,0.5990432272435624,Hold,62.904892,63.03347,62.895,62.944454,1292
2026-02-06 05:00:00,0,0.4341827886344607,0.5658172113655393,Hold,62.954346,63.56757,62.914783,63.389538,4564
2026-02-06 06:00:00,0,0.4809223277953898,0.5190776722046102,Hold,63.399426,63.646694,63.28074,63.389538,4107
2026-02-06 07:00:00,0,0.4999213224213227,0.5000786775786773,Hold,63.379646,63.56757,63.3203,63.478554,3874
2026-02-06 08:00:00,0,0.5372198288345781,0.4627801711654219,Buy,63.488445,63.498333,62.954346,63.379646,10792
2026-02-06 09:00:00,0,0.5448072600441523,0.45519273995584775,Buy,63.389538,63.87418,63.201614,63.488445,21487
2026-02-06 10:00:00,0,0.5619954879883907,0.4380045120116093,Buy,63.478554,63.488445,62.5785,62.707077,9842
2026-02-06 11:00:00,0,0.5562735040337642,0.4437264959662358,Buy,62.71697,62.944454,62.123528,62.529045,13515
2026-02-06 12:00:00,0,0.5679127106815262,0.43208728931847384,Buy,62.529045,62.538937,61.975166,62.33123,10969
2026-02-06 13:00:00,1,0.5481128689503137,0.45188713104968625,Buy,62.32134,62.924675,61.52019,61.708115,31654
2026-02-06 14:00:00,0,0.47640739025073675,0.5235926097492632,Hold,61.688335,62.954346,61.579536,62.835655,30046
2026-02-06 15:00:00,0,0.45429793192026147,0.5457020680797385,Hold,62.845547,63.478554,62.776314,63.330193,29286
2026-02-06 16:00:00,0,0.41326009354334214,0.5867399064566579,Hold,63.330193,63.547787,63.102707,63.45877,13947
2026-02-06 17:00:00,0,0.40579064976125095,0.5942093502387491,Hold,63.45877,63.686256,63.389538,63.58735,11771
2026-02-06 18:00:00,0,0.3604524709488216,0.6395475290511784,Hold,63.59724,63.666477,63.132378,63.28074,15775
2026-02-06 19:00:00,0,0.3509803871657083,0.6490196128342918,Hold,63.29063,63.29063,62.687298,62.71697,21425
2026-02-06 20:00:00,0,0.3276568199177327,0.6723431800822672,Hold,62.71697,62.805984,62.5785,62.776314,5501
2026-02-06 21:00:00,0,0.32464681695141373,0.6753531830485863,Hold,62.7862,62.85544,62.64773,62.805984,3165
2026-02-08 23:00:00,0,0.271600787822701,0.7283992121772991,Hold,62.30156,62.489483,61.935604,62.261997,5933
2026-02-09 00:00:00,0,0.2388696147688446,0.7611303852311554,Hold,62.261997,62.47959,62.18287,62.420246,1278
2026-02-09 01:00:00,0,0.26319710321416745,0.7368028967858326,Hold,62.420246,62.598278,62.360905,62.529045,2094
2026-02-09 02:00:00,0,0.26959196984616374,0.7304080301538363,Hold,62.529045,62.60817,62.16309,62.271885,2520
2026-02-09 03:00:00,0,0.33154245143968913,0.6684575485603108,Hold,62.271885,62.370792,62.202652,62.291668,1367
2026-02-09 04:00:00,0,0.3810547274060473,0.6189452725939527,Hold,62.291668,62.33123,62.19276,62.261997,944
2026-02-09 05:00:00,0,0.4044274646445315,0.5955725353554685,Hold,62.252106,62.32134,62.08396,62.212543,1534
2026-02-09 06:00:00,0,0.4448015680758033,0.5551984319241967,Hold,62.19276,62.291668,62.113636,62.19276,1336
2026-02-09 07:00:00,0,0.494888611709037,0.505111388290963,Hold,62.18287,62.202652,61.994946,62.0444,3179
2026-02-09 08:00:00,1,0.5072891645080259,0.49271083549197414,Buy,62.05429,62.44003,62.0444,62.212543,5610
2026-02-09 09:00:00,1,0.5204730912493178,0.47952690875068216,Buy,62.222435,62.529045,62.064182,62.212543,6113
2026-02-09 10:00:00,0,0.5361140260803543,0.4638859739196457,Buy,62.212543,63.191723,62.16309,63.17194,9597
2026-02-09 11:00:00,0,0.5395030135197153,0.4604969864802847,Buy,63.16205,63.17194,62.815876,63.132378,5510
2026-02-09 12:00:00,0,0.5298833761353583,0.4701166238646417,Buy,63.14227,63.221394,62.984016,63.04336,3836
2026-02-09 13:00:00,1,0.5293663406990328,0.47063365930096723,Buy,63.04336,63.053253,62.499374,62.538937,8597
2026-02-09 14:00:00,0,0.4950309817570688,0.5049690182429312,Hold,62.529045,63.617023,62.370792,63.369755,22188
2026-02-09 15:00:00,0,0.47187220382865575,0.5281277961713442,Hold,63.359863,63.528008,63.25107,63.468662,12000
2026-02-09 16:00:00,0,0.44492131623870146,0.5550786837612985,Hold,63.468662,64.1709,63.359863,64.14123,16180
2026-02-09 17:00:00,0,0.425709327096087,0.574290672903913,Hold,64.14123,64.1709,63.84451,64.052216,9344
2026-02-09 18:00:00,0,0.38692198655522986,0.6130780134447702,Hold,64.072,64.072,63.686256,63.795055,8717
2026-02-09 19:00:00,0,0.3804489382019393,0.6195510617980606,Hold,63.785164,63.804947,63.498333,63.547787,14631
2026-02-09 20:00:00,0,0.33764797117834805,0.662352028821652,Hold,63.55768,63.636803,63.508224,63.58735,2703
2026-02-09 21:00:00,0,0.33244590501510446,0.6675540949848955,Hold,63.59724,63.765385,63.59724,63.71593,1993
2026-02-09 23:00:00,0,0.3160647092226147,0.6839352907773852,Hold,63.73571,63.795055,63.607132,63.70604,876
2026-02-10 00:00:00,0,0.3378896523099101,0.6621103476900899,Hold,63.696148,63.696148,63.55768,63.607132,648
2026-02-10 01:00:00,0,0.3702171951573458,0.6297828048426541,Hold,63.607132,63.636803,63.17194,63.57746,3680
2026-02-10 02:00:00,0,0.36813188237486777,0.6318681176251322,Hold,63.58735,63.656586,63.498333,63.58735,1191
2026-02-10 03:00:00,0,0.3983964234226569,0.6016035765773431,Hold,63.58735,63.607132,63.379646,63.498333,2001
2026-02-10 04:00:00,0,0.45862594708734056,0.5413740529126594,Hold,63.488445,63.547787,63.44888,63.498333,935
2026-02-10 05:00:00,0,0.4575243293862468,0.5424756706137532,Hold,63.498333,63.56757,63.369755,63.389538,1660
2026-02-10 06:00:00,0,0.470192983786784,0.529807016213216,Hold,63.389538,63.72582,63.369755,63.656586,2566
2026-02-10 07:00:00,0,0.5289040586166185,0.4710959413833815,Buy,63.656586,63.72582,63.488445,63.617023,2719
2026-02-10 08:00:00,0,0.5438995691293919,0.45610043087060814,Buy,63.59724,63.923634,63.379646,63.903854,5963
2026-02-10 09:00:00,0,0.5421289376288246,0.45787106237117536,Buy,63.903854,63.98298,63.41921,63.4291,5739
2026-02-10 10:00:00,0,0.5502808825557387,0.4497191174442613,Buy,63.43899,63.765385,63.3203,63.636803,5267
2026-02-10 11:00:00,0,0.5478751393497082,0.4521248606502918,Buy,63.636803,63.95331,63.58735,63.88407,4562
2026-02-10 12:00:00,0,0.5530543481650378,0.44694565183496215,Buy,63.88407,63.893963,63.547787,63.7456,4499
2026-02-10 13:00:00,0,0.5423338575179744,0.45766614248202564,Buy,63.7456,64.00276,63.666477,63.804947,6787
2026-02-10 14:00:00,0,0.5331666509494015,0.4668333490505985,Buy,63.804947,63.963196,63.4291,63.804947,16361
2026-02-10 15:00:00,0,0.4749964164502481,0.525003583549752,Hold,63.824726,63.963196,63.41921,63.498333,14070
2026-02-10 16:00:00,0,0.43590017815202486,0.5640998218479751,Hold,63.488445,63.498333,63.082924,63.28074,14018
2026-02-10 17:00:00,0,0.4432152130957128,0.5567847869042872,Hold,63.270847,63.58735,63.17194,63.369755,8394
2026-02-10 18:00:00,0,0.40538500329917654,0.5946149967008234,Hold,63.369755,63.379646,62.954346,63.14227,15806
2026-02-10 19:00:00,0,0.38249899532120935,0.6175010046787907,Hold,63.14227,63.498333,63.092815,63.43899,12866
2026-02-10 20:00:00,0,0.36223619722039163,0.6377638027796084,Hold,63.43899,63.7456,63.3203,63.59724,8920
2026-02-10 21:00:00,0,0.3520903408653282,0.6479096591346718,Hold,63.607132,63.617023,63.4291,63.498333,3256
2026-02-10 23:00:00,0,0.30222440617250795,0.6977755938274921,Hold,63.498333,63.636803,63.44888,63.607132,969
2026-02-11 00:00:00,0,0.2945216958039173,0.7054783041960827,Hold,63.617023,63.636803,63.518116,63.537895,610
2026-02-11 01:00:00,0,0.3286407134494279,0.6713592865505721,Hold,63.547787,63.686256,63.468662,63.646694,1630
2026-02-11 02:00:00,0,0.36141385777465856,0.6385861422253414,Hold,63.646694,63.923634,63.626915,63.834618,2260
2026-02-11 03:00:00,0,0.4225928438336352,0.5774071561663647,Hold,63.834618,63.864292,63.7456,63.804947,1226
2026-02-11 04:00:00,0,0.4617165088506012,0.5382834911493988,Hold,63.804947,63.824726,63.70604,63.71593,718
2026-02-11 05:00:00,1,0.4834441649061552,0.5165558350938448,Hold,63.71593,63.73571,63.59724,63.646694,2032
2026-02-11 06:00:00,1,0.5175302685868809,0.4824697314131191,Buy,63.656586,63.7456,63.636803,63.73571,1372
2026-02-11 07:00:00,1,0.5578284255245481,0.44217157447545186,Buy,63.7456,63.98298,63.67637,63.824726,3468
2026-02-11 08:00:00,1,0.5651106803217907,0.4348893196782093,Buy,63.824726,64.240135,63.824726,64.08189,7179
2026-02-11 09:00:00,1,0.5756271495758232,0.42437285042417683,Buy,64.08189,64.269806,64.01265,64.13134,3923
2026-02-11 10:00:00,1,0.569212942186948,0.43078705781305204,Buy,64.12145,64.22035,64.022545,64.19068,3602
2026-02-11 11:00:00,0,0.5509090952778856,0.44909090472211444,Buy,64.19068,64.705,64.16101,64.665436,6717
2026-02-11 12:00:00,0,0.5518526582432179,0.44814734175678206,Buy,64.67533,64.77424,64.210464,64.71489,9376
2026-02-11 13:00:00,0,0.5492500150135305,0.45074998498646945,Buy,64.705,64.85336,64.53686,64.74456,11172
2026-02-11 14:00:00,0,0.5318771525675962,0.46812284743240384,Buy,64.74456,65.11052,64.71489,64.84347,16368
2026-02-11 15:00:00,0,0.4723051492815346,0.5276948507184653,Hold,64.84347,64.86325,64.072,64.25992,20762
2026-02-11 16:00:00,0,0.44860131136168685,0.5513986886383131,Hold,64.25992,64.58631,64.11156,64.358826,14099
2026-02-11 17:00:00,0,0.4234478830421737,0.5765521169578263,Hold,64.358826,64.43795,64.052216,64.16101,11515
2026-02-11 18:00:00,0,0.36483530360652716,0.6351646963934728,Hold,64.15112,64.41817,63.73571,63.973087,14644
2026-02-11 19:00:00,0,0.3457024471637195,0.6542975528362804,Hold,63.973087,64.39839,63.785164,64.16101,29127
2026-02-11 20:00:00,0,0.3089691363776962,0.6910308636223038,Hold,64.16101,64.329155,64.13134,64.28959,3677
2026-02-11 21:00:00,0,0.31044277965463707,0.6895572203453629,Hold,64.299484,64.329155,64.18079,64.18079,1423
2026-02-11 23:00:00,0,0.2566932795345288,0.7433067204654712,Hold,64.16101,64.23025,64.091774,64.19068,792
2026-02-12 00:00:00,0,0.24491435196170622,0.7550856480382938,Hold,64.20058,64.299484,64.20058,64.25992,644
2026-02-12 01:00:00,0,0.2662861521417554,0.7337138478582446,Hold,64.25992,64.31926,64.072,64.18079,2126
2026-02-12 02:00:00,0,0.2787988169022302,0.7212011830977698,Hold,64.19068,64.240135,64.11156,64.20058,1105
2026-02-12 03:00:00,0,0.34339948990376623,0.6566005100962338,Hold,64.20058,64.30937,64.16101,64.2797,1065
2026-02-12 04:00:00,0,0.4127309886900363,0.5872690113099637,Hold,64.25992,64.3885,64.240135,64.269806,1022
2026-02-12 05:00:00,0,0.4303157887211916,0.5696842112788084,Hold,64.269806,64.2797,63.99287,64.20058,2247
2026-02-12 06:00:00,0,0.4636447168562786,0.5363552831437214,Hold,64.210464,64.22035,63.933525,64.12145,1718
2026-02-12 07:00:00,0,0.4987127818479546,0.5012872181520454,Hold,64.10167,64.20058,64.022545,64.13134,2106
2026-02-12 08:00:00,0,0.5075865594793151,0.4924134405206849,Buy,64.14123,64.33904,63.98298,64.269806,4778
2026-02-12 09:00:00,0,0.5022499290490696,0.4977500709509304,Buy,64.2797,64.33904,63.646694,63.765385,7529
2026-02-12 10:00:00,0,0.5168092783856184,0.4831907216143816,Buy,63.765385,63.81484,63.478554,63.72582,5094
2026-02-12 11:00:00,0,0.5180845023727626,0.4819154976272374,Buy,63.73571,63.943417,63.59724,63.795055,3817
2026-02-12 12:00:00,0,0.5356538351389777,0.4643461648610223,Buy,63.804947,63.923634,63.656586,63.71593,5009
2026-02-12 13:00:00,0,0.5267197855409897,0.47328021445901025,Buy,63.71593,63.903854,63.260956,63.537895,11782
2026-02-12 14:00:00,0,0.500095567065958,0.49990443293404196,Buy,63.547787,63.70604,63.201614,63.260956,13224
2026-02-12 15:00:00,0,0.4508013997509948,0.5491986002490052,Hold,63.260956,63.41921,62.825768,62.924675,19486
2026-02-12 16:00:00,0,0.3894549039092691,0.6105450960907308,Hold,62.924675,62.964237,62.02462,62.08396,30979
2026-02-12 17:00:00,0,0.4039623886050962,0.5960376113949037,Hold,62.08396,62.252106,61.856476,61.94549,15786
2026-02-12 18:00:00,0,0.3523443880091593,0.6476556119908408,Hold,61.94549,62.103745,61.90593,61.985058,12218
2026-02-12 19:00:00,0,0.31984019264385455,0.6801598073561455,Hold,61.975166,62.380684,61.708115,62.261997,25847
2026-02-12 20:00:00,0,0.31518043449452315,0.6848195655054768,Hold,62.261997,62.271885,62.133415,62.242214,2898
2026-02-12 21:00:00,0,0.3249131731601845,0.6750868268398156,Hold,62.232323,62.30156,62.143307,62.222435,1872
2026-02-12 23:00:00,0,0.2770492090338429,0.7229507909661571,Hold,62.30156,62.30156,62.113636,62.16309,953
2026-02-13 00:00:00,0,0.2854875902535043,0.7145124097464957,Hold,62.17298,62.291668,62.123528,62.18287,832
2026-02-13 01:00:00,0,0.3135589673439143,0.6864410326560857,Hold,62.18287,62.32134,62.074074,62.16309,3075
2026-02-13 02:00:00,0,0.3146638981456456,0.6853361018543545,Hold,62.17298,62.212543,62.02462,62.093853,1765
2026-02-13 03:00:00,0,0.38191467058933276,0.6180853294106672,Hold,62.08396,62.133415,61.975166,62.01473,1195
2026-02-13 04:00:00,0,0.42147602684646684,0.5785239731535332,Hold,62.02462,62.113636,62.01473,62.074074,762
2026-02-13 05:00:00,0,0.47399186598506027,0.5260081340149397,Hold,62.064182,62.08396,61.91582,61.935604,1198
2026-02-13 06:00:00,0,0.4943737907354553,0.5056262092645447,Hold,61.935604,62.17298,61.925713,62.143307,1154
2026-02-13 07:00:00,0,0.5347866272637197,0.4652133727362803,Buy,62.133415,62.1532,61.975166,61.994946,2277
2026-02-13 08:00:00,0,0.5438567494404305,0.4561432505595695,Buy,62.004837,62.351013,61.856476,62.222435,5200
2026-02-13 09:00:00,0,0.5387985235383158,0.4612014764616842,Buy,62.232323,62.47959,62.074074,62.410355,4332
2026-02-13 10:00:00,0,0.540000067845105,0.459999932154895,Buy,62.420246,62.568607,62.222435,62.4697,4208
2026-02-13 11:00:00,0,0.579074986640027,0.420925013359973,Buy,62.45981,62.45981,61.46085,61.708115,14895
2026-02-13 12:00:00,0,0.5652051507959391,0.43479484920406086,Buy,61.708115,61.94549,61.6191,61.896038,6017
2026-02-13 13:00:00,0,0.5417876566474783,0.4582123433525217,Buy,61.90593,62.360905,61.88615,62.271885,7931
2026-02-13 14:00:00,0,0.5372161631592036,0.4627838368407964,Buy,62.281776,62.281776,61.648773,61.985058,14873
2026-02-13 15:00:00,0,0.4986297913672332,0.5013702086327668,Hold,61.994946,62.281776,61.866367,62.02462,11171
2026-02-13 16:00:00,0,0.4707781970059608,0.5292218029940392,Hold,62.01473,62.271885,61.75757,61.975166,10859
2026-02-13 17:00:00,0,0.43217055837981205,0.5678294416201879,Hold,61.975166,62.519154,61.955383,62.420246,8568
2026-02-13 18:00:00,0,0.3950313736382664,0.6049686263617335,Hold,62.430138,62.499374,62.291668,62.32134,6726
2026-02-13 19:00:00,0,0.3793195327322849,0.6206804672677151,Hold,62.33123,62.34112,62.01473,62.01473,13868
2026-02-13 20:00:00,0,0.35078451703610436,0.6492154829638956,Hold,62.01473,62.103745,61.698227,62.05429,5364
2026-02-13 21:00:00,0,0.35926910055568645,0.6407308994443135,Hold,62.05429,62.261997,62.05429,62.123528,1981
2026-02-15 23:00:00,0,0.31844915528404527,0.6815508447159547,Hold,62.60817,62.60817,62.08396,62.212543,1828
2026-02-16 00:00:00,0,0.3438593188104082,0.6561406811895918,Hold,62.212543,62.252106,62.143307,62.17298,324
2026-02-16 01:00:00,0,0.37243454484370814,0.6275654551562919,Hold,62.17298,62.242214,62.143307,62.18287,494
2026-02-16 02:00:00,0,0.37930793210609814,0.6206920678939019,Hold,62.17298,62.271885,62.074074,62.212543,646
2026-02-16 03:00:00,0,0.45741635280780474,0.5425836471921952,Hold,62.212543,62.281776,62.133415,62.222435,931
2026-02-16 04:00:00,0,0.5154202342436977,0.48457976575630235,Buy,62.232323,62.281776,62.19276,62.222435,1059
2026-02-16 05:00:00,0,0.5324126341624503,0.4675873658375497,Buy,62.232323,62.281776,62.1532,62.18287,431
2026-02-16 06:00:00,0,0.5452721924898051,0.4547278075101949,Buy,62.17298,62.291668,62.143307,62.222435,651
2026-02-16 07:00:00,0,0.5777982000769355,0.4222017999230645,Buy,62.212543,62.252106,62.064182,62.093853,1541
2026-02-16 08:00:00,1,0.5886540090275559,0.41134599097244406,Buy,62.103745,62.133415,61.807022,61.87626,2232
2026-02-16 09:00:00,1,0.6121367231054191,0.3878632768945809,Buy,61.87626,62.17298,61.836697,61.84659,2782
2026-02-16 10:00:00,0,0.6231570746775941,0.37684292532240593,Buy,61.84659,62.360905,61.826805,62.261997,5720
2026-02-16 11:00:00,1,0.6264782175474135,0.3735217824525865,Buy,62.271885,62.360905,62.16309,62.222435,2286
2026-02-16 12:00:00,0,0.6239632726111405,0.3760367273888595,Buy,62.212543,62.420246,62.143307,62.34112,1924
2026-02-16 13:00:00,0,0.5943260032058286,0.4056739967941714,Buy,62.34112,62.489483,62.261997,62.400467,2021
2026-02-16 14:00:00,0,0.5800805791047274,0.41991942089527257,Buy,62.370792,62.85544,62.30156,62.766422,5477
2026-02-16 15:00:00,0,0.5161399264426908,0.4838600735573092,Buy,62.766422,62.88511,62.529045,62.845547,4085
2026-02-16 16:00:00,0,0.47781754508254093,0.5221824549174591,Hold,62.85544,63.03347,62.74664,62.835655,4599
2026-02-16 17:00:00,0,0.42817232757923,0.57182767242077,Hold,62.835655,63.122486,62.7862,63.1126,3197
2026-02-16 18:00:00,0,0.39534299274252765,0.6046570072574724,Hold,63.102707,63.17194,63.02358,63.073032,2007
2026-02-16 19:00:00,0,0.3904641831211744,0.6095358168788256,Hold,63.082924,63.102707,62.993908,63.03347,1169
2026-02-16 23:00:00,0,0.34231839965838595,0.657681600341614,Hold,63.053253,63.073032,62.944454,63.053253,451
2026-02-17 00:00:00,0,0.36356623629863344,0.6364337637013666,Hold,63.04336,63.073032,62.954346,62.974125,495
2026-02-17 01:00:00,0,0.3821918507426122,0.6178081492573878,Hold,62.964237,63.073032,62.88511,62.924675,1137
2026-02-17 02:00:00,0,0.4057655128790124,0.5942344871209876,Hold,62.914783,62.984016,62.85544,62.85544,428
2026-02-17 03:00:00,0,0.4582034862945811,0.5417965137054189,Hold,62.85544,62.904892,62.7862,62.85544,643
2026-02-17 04:00:00,0,0.5114859533795133,0.4885140466204867,Buy,62.845547,62.87522,62.75653,62.815876,341
2026-02-17 05:00:00,0,0.5403306522317803,0.45966934776821966,Buy,62.825768,62.825768,62.667515,62.687298,539
2026-02-17 06:00:00,0,0.55256588953707,0.44743411046293,Buy,62.687298,62.71697,62.627953,62.64773,1282
2026-02-17 07:00:00,0,0.5672120614387229,0.43278793856127706,Buy,62.657623,62.677406,62.45981,62.509262,1554
2026-02-17 08:00:00,1,0.5955739500818633,0.4044260499181367,Buy,62.509262,62.5785,62.291668,62.410355,2854
2026-02-17 09:00:00,1,0.5939965336757529,0.4060034663242471,Buy,62.400467,62.637844,62.31145,62.598278,2339
2026-02-17 10:00:00,0,0.6143063332946077,0.3856936667053923,Buy,62.598278,62.964237,62.509262,62.944454,4239
2026-02-17 11:00:00,0,0.6320348050832855,0.36796519491671453,Buy,62.934563,63.43899,62.904892,63.15216,11023
2026-02-17 12:00:00,0,0.6262611807705015,0.3737388192294985,Buy,63.16205,63.241177,62.845547,62.914783,5983
2026-02-17 13:00:00,0,0.5683971637401766,0.43160283625982343,Buy,62.914783,62.954346,61.648773,61.76746,24919
2026-02-17 14:00:00,0,0.5283902818286624,0.47160971817133757,Buy,61.75757,62.31145,61.688335,61.807022,14009
2026-02-17 15:00:00,0,0.4885373994030877,0.5114626005969123,Hold,61.807022,62.18287,61.193798,61.35205,14107
2026-02-17 16:00:00,0,0.4167687545871518,0.5832312454128482,Hold,61.35205,61.816914,61.32238,61.688335,10479
2026-02-17 17:00:00,0,0.4120244199025046,0.5879755800974954,Hold,61.688335,61.698227,61.253143,61.530083,6989
2026-02-17 18:00:00,0,0.34329122158798875,0.6567087784120113,Hold,61.539974,61.84659,61.49052,61.718006,7813
2026-02-17 19:00:00,0,0.33906546520952363,0.6609345347904764,Hold,61.718006,61.816914,61.48063,61.579536,12749
2026-02-17 20:00:00,0,0.31827632984846954,0.6817236701515305,Hold,61.579536,61.718006,61.549866,61.569645,4117
2026-02-17 21:00:00,0,0.3067398373181962,0.6932601626818038,Hold,61.579536,61.678444,61.510303,61.6191,1656
2026-02-17 23:00:00,0,0.26139123319417573,0.7386087668058243,Hold,61.6191,61.62899,61.441067,61.569645,243
2026-02-18 00:00:00,0,0.2653116070211886,0.7346883929788114,Hold,61.579536,61.668552,61.52019,61.549866,256
2026-02-18 01:00:00,0,0.28493855722951833,0.7150614427704817,Hold,61.549866,61.688335,61.549866,61.648773,362
2026-02-18 02:00:00,0,0.29974037251846436,0.7002596274815356,Hold,61.668552,61.74768,61.6191,61.698227,257
2026-02-18 03:00:00,0,0.3747360559936149,0.6252639440063851,Hold,61.678444,61.836697,61.678444,61.807022,220
2026-02-18 04:00:00,0,0.43226485026831724,0.5677351497316827,Hold,61.816914,61.896038,61.816914,61.88615,228
2026-02-18 05:00:00,1,0.4689066181535587,0.5310933818464413,Hold,61.88615,61.896038,61.73779,61.75757,382
2026-02-18 06:00:00,1,0.4959769347902636,0.5040230652097364,Hold,61.75757,61.91582,61.688335,61.75757,332
2026-02-18 07:00:00,1,0.5246487454764238,0.4753512545235762,Buy,61.73779,61.866367,61.727898,61.816914,229
2026-02-18 08:00:00,1,0.5441924096003793,0.4558075903996207,Buy,61.826805,62.05429,61.77735,61.77735,699
2026-02-18 09:00:00,1,0.5738594661527054,0.42614053384729456,Buy,61.77735,62.02462,61.74768,61.826805,695
2026-02-18 10:00:00,1,0.5724649828125312,0.4275350171874688,Buy,61.856476,62.44992,61.856476,62.380684,1301
2026-02-18 11:00:00,1,0.5555776981969307,0.4444223018030693,Buy,62.380684,62.974125,62.370792,62.974125,1483
2026-02-18 12:00:00,1,0.5619903766160872,0.4380096233839128,Buy,62.974125,63.488445,62.805984,63.369755,2642
2026-02-18 13:00:00,1,0.5471706682982584,0.45282933170174156,Buy,63.369755,63.44888,63.132378,63.211502,2338
2026-02-18 14:00:00,1,0.5364775303533149,0.4635224696466851,Buy,63.201614,63.84451,63.053253,63.67637,3951
2026-02-18 15:00:00,1,0.49155489401041697,0.508445105989583,Hold,63.67637,63.71593,63.468662,63.617023,3179
2026-02-18 16:00:00,0,0.45720355303272964,0.5427964469672704,Hold,63.626915,64.091774,63.537895,63.98298,4462
2026-02-18 17:00:00,0,0.41970901072354144,0.5802909892764585,Hold,63.98298,64.43795,63.893963,64.39839,3006
2026-02-18 18:00:00,0,0.3630037069508428,0.6369962930491573,Hold,64.3885,64.517075,64.0621,64.477516,3450
2026-02-18 19:00:00,0,0.3715378225465187,0.6284621774534813,Hold,64.487404,64.73467,64.23025,64.447845,4536
2026-02-18 20:00:00,0,0.3576476626391995,0.6423523373608004,Hold,64.46762,64.84347,64.43795,64.665436,1601
2026-02-18 21:00:00,0,0.3432068525220311,0.6567931474779689,Hold,64.65555,64.71489,64.23025,64.36871,707
2026-02-18 23:00:00,0,0.3299075828090365,0.6700924171909635,Hold,64.3885,64.705,64.1709,64.40828,1241
2026-02-19 00:00:00,0,0.34689174507020293,0.6531082549297971,Hold,64.40828,64.46771,64.29932,64.42809,1287
2026-02-19 01:00:00,0,0.3719499548837348,0.6280500451162652,Hold,64.42809,64.55687,64.30922,64.54696,2268
2026-02-19 02:00:00,0,0.38378156651058487,0.6162184334894152,Hold,64.55687,64.685646,64.50734,64.65593,2792
2026-02-19 03:00:00,0,0.432556853126142,0.567443146873858,Hold,64.65593,64.79461,64.636116,64.735176,2191
2026-02-19 04:00:00,0,0.4738865854719129,0.526113414528087,Hold,64.74508,64.80452,64.537056,64.59649,2182
2026-02-19 05:00:00,1,0.4976776126126084,0.5023223873873917,Hold,64.6064,64.70546,64.57668,64.6163,1387
2026-02-19 06:00:00,1,0.5195700942004522,0.4804299057995478,Buy,64.62621,64.69555,64.55687,64.6163,1046
2026-02-19 07:00:00,0,0.5647262769509569,0.4352737230490431,Buy,64.62621,65.20075,64.6064,65.161125,6420
2026-02-19 08:00:00,0,0.5770318184790055,0.42296818152099447,Buy,65.15122,65.62671,65.00263,65.57718,11634
2026-02-19 09:00:00,0,0.5874337383682869,0.41256626163171306,Buy,65.57718,65.64652,65.03235,65.14132,11581
2026-02-19 10:00:00,0,0.5747555014526483,0.4252444985473517,Buy,65.13141,65.42859,64.99273,65.34934,7042
2026-02-19 11:00:00,0,0.5813554891933306,0.4186445108066694,Buy,65.359245,65.66633,65.19085,65.408775,7269
2026-02-19 12:00:00,0,0.5825158322596793,0.4174841677403207,Buy,65.418686,65.53755,65.32953,65.458305,6429
2026-02-19 13:00:00,0,0.5688625953863735,0.4311374046136265,Buy,65.458305,65.943695,65.34934,65.7852,18571
2026-02-19 14:00:00,0,0.561220661597408,0.438779338402592,Buy,65.805016,65.92388,65.32953,65.72577,23952
2026-02-19 15:00:00,0,0.4855390070389144,0.5144609929610856,Hold,65.745575,65.894165,64.834236,65.844635,50268
2026-02-19 16:00:00,0,0.44274482472269666,0.5572551752773034,Hold,65.844635,66.02294,65.656425,65.993225,17484
2026-02-19 17:00:00,0,0.4258306293110159,0.5741693706889841,Hold,65.96351,66.15172,65.755486,65.93379,15431
2026-02-19 18:00:00,0,0.38383703043045153,0.6161629695695485,Hold,65.93379,65.943695,65.57718,65.86445,13995
2026-02-19 19:00:00,0,0.3655920731975548,0.6344079268024452,Hold,65.87435,65.97341,65.705956,65.96351,19033
2026-02-19 20:00:00,0,0.34455888529051026,0.6554411147094897,Hold,65.953606,66.092285,65.894165,66.08238,4651
2026-02-19 21:00:00,0,0.37433331336101733,0.6256666866389826,Hold,66.07247,66.27059,65.28,66.042755,9768
2026-02-19 23:00:00,0,0.3017688500778866,0.6982311499221134,Hold,66.092285,66.10219,65.805016,65.81492,1629
2026-02-20 00:00:00,0,0.31879432072739156,0.6812056792726084,Hold,65.82483,65.91398,65.68614,65.82483,1478
2026-02-20 01:00:00,0,0.35055760175949496,0.6494423982405051,Hold,65.844635,66.141815,65.745575,65.943695,3295
2026-02-20 02:00:00,0,0.3572279064276568,0.6427720935723432,Hold,65.943695,66.230965,65.87435,65.953606,3204
2026-02-20 03:00:00,0,0.39049302385960094,0.6095069761403991,Hold,65.96351,66.08238,65.854546,66.01304,1354
2026-02-20 04:00:00,0,0.40841495489647783,0.5915850451035222,Hold,66.003136,66.10219,66.003136,66.092285,1333
2026-02-20 05:00:00,0,0.43824749069020497,0.561752509309795,Hold,66.092285,66.290405,66.06257,66.21116,2114
2026-02-20 06:00:00,0,0.48680171607169626,0.5131982839283038,Hold,66.22106,66.39937,66.08238,66.092285,3482
2026-02-20 07:00:00,0,0.5197529234893852,0.4802470765106148,Buy,66.10219,66.122,65.68614,65.705956,5178
2026-02-20 08:00:00,0,0.5418268978505006,0.45817310214949936,Buy,65.71586,65.81492,65.47812,65.52765,8547
2026-02-20 09:00:00,0,0.5432050454727045,0.45679495452729546,Buy,65.53755,65.97341,65.24038,65.38896,10337
2026-02-20 10:00:00,0,0.5400654146020113,0.4599345853979887,Buy,65.39887,65.507835,65.25028,65.34934,7911
2026-02-20 11:00:00,0,0.5452538376540301,0.4547461623459699,Buy,65.359245,65.76539,65.19085,65.37906,9747
2026-02-20 12:00:00,0,0.5260372307977748,0.47396276920222524,Buy,65.37906,65.59699,65.32953,65.54746,6447
2026-02-20 13:00:00,0,0.5148911523272991,0.4851088476727009,Buy,65.54746,65.66633,65.39887,65.63661,7490
2026-02-20 14:00:00,0,0.5084358758126803,0.49156412418731965,Buy,65.64652,65.88426,65.260185,65.62671,22696
2026-02-20 15:00:00,0,0.4817876401598264,0.5182123598401736,Hold,65.64652,66.03285,65.24038,65.33943,26670
2026-02-20 16:00:00,0,0.4205038892137103,0.5794961107862897,Hold,65.34934,65.72577,65.210655,65.56727,16516
2026-02-20 17:00:00,0,0.4190132543301345,0.5809867456698655,Hold,65.56727,65.88426,65.52765,65.82483,9429
2026-02-20 18:00:00,0,0.40407909795815133,0.5959209020418487,Hold,65.82483,66.10219,65.66633,65.93379,14966
2026-02-20 19:00:00,0,0.389712455163895,0.6102875448361049,Hold,65.93379,65.943695,65.656425,65.83473,26527
2026-02-20 20:00:00,0,0.36359044793658185,0.6364095520634181,Hold,65.83473,65.87435,65.6168,65.745575,4724
2026-02-20 21:00:00,0,0.3487853311114571,0.651214668888543,Hold,65.755486,65.81492,65.63661,65.68614,2506
2026-02-22 23:00:00,0,0.3111216406076876,0.6888783593923125,Hold,65.270096,65.48802,64.76489,65.369156,6069
2026-02-23 00:00:00,0,0.3045113151070681,0.6954886848929319,Hold,65.37906,65.39887,65.03235,65.10169,3463
2026-02-23 01:00:00,0,0.31373404574378694,0.6862659542562131,Hold,65.10169,65.359245,64.98283,65.28,2860
2026-02-23 02:00:00,0,0.3277773104041702,0.6722226895958299,Hold,65.28991,65.418686,65.260185,65.270096,1904
2026-02-23 03:00:00,0,0.4152845309584825,0.5847154690415175,Hold,65.270096,65.28,65.071976,65.10169,2101
2026-02-23 04:00:00,0,0.44749264111446446,0.5525073588855356,Hold,65.09179,65.14132,64.90357,64.972916,2053
2026-02-23 05:00:00,0,0.4682017349583109,0.531798265041689,Hold,64.972916,65.19085,64.9333,65.121506,1438
2026-02-23 06:00:00,0,0.49594671172415944,0.5040532882758406,Hold,65.13141,65.210655,65.022446,65.05216,1382
2026-02-23 07:00:00,1,0.5356768388480156,0.46432316115198435,Buy,65.06207,65.18094,64.90357,65.04226,3743
2026-02-23 08:00:00,1,0.5402473155103774,0.4597526844896226,Buy,65.03235,65.29981,64.9432,65.24038,6489
2026-02-23 09:00:00,0,0.5498456428621561,0.4501543571378439,Buy,65.25028,65.67624,65.14132,65.606895,7036
2026-02-23 10:00:00,1,0.5580857996716599,0.44191420032834006,Buy,65.606895,65.606895,65.37906,65.468216,4292
2026-02-23 11:00:00,0,0.5561567614870734,0.4438432385129266,Buy,65.468216,65.844635,65.38896,65.81492,4753
2026-02-23 12:00:00,0,0.54910468171989,0.45089531828011,Buy,65.82483,66.10219,65.805016,66.08238,6826
2026-02-23 13:00:00,0,0.5441856518267634,0.4558143481732366,Buy,66.092285,66.31022,65.91398,66.280495,9010
2026-02-23 14:00:00,0,0.5356846260295255,0.4643153739704745,Buy,66.280495,66.58758,66.10219,66.379555,20132
2026-02-23 15:00:00,0,0.4948213656138851,0.5051786343861149,Hold,66.379555,66.64702,66.141815,66.17153,17859
2026-02-23 16:00:00,0,0.4452005942933285,0.5547994057066715,Hold,66.16163,66.50833,65.656425,65.755486,25564
2026-02-23 17:00:00,0,0.42340926211082935,0.5765907378891706,Hold,65.7753,65.83473,65.49793,65.62671,12123
2026-02-23 18:00:00,0,0.3745519729985529,0.6254480270014471,Hold,65.6168,65.71586,65.47812,65.58708,7907
2026-02-23 19:00:00,0,0.37468097617933405,0.625319023820666,Hold,65.58708,65.76539,65.47812,65.705956,12846
2026-02-23 20:00:00,0,0.3436487098128391,0.6563512901871609,Hold,65.705956,65.87435,65.705956,65.81492,3186
2026-02-23 21:00:00,0,0.3380586172246203,0.6619413827753797,Hold,65.81492,65.87435,65.63661,65.66633,2659
2026-02-23 23:00:00,0,0.28368124271353606,0.716318757286464,Hold,65.68614,65.71586,65.54746,65.63661,844
2026-02-24 00:00:00,0,0.2807580778676266,0.7192419221323734,Hold,65.64652,65.71586,65.58708,65.696045,853
2026-02-24 01:00:00,0,0.3082792466082872,0.6917207533917128,Hold,65.696045,65.844635,65.4484,65.82483,5283
2026-02-24 02:00:00,0,0.3683670166536648,0.6316329833463352,Hold,65.82483,66.191345,65.7852,66.18144,4010
2026-02-24 03:00:00,0,0.41483648440101506,0.5851635155989849,Hold,66.18144,66.31022,66.141815,66.25078,3323
2026-02-24 04:00:00,0,0.440097099691128,0.559902900308872,Hold,66.26069,66.280495,66.15172,66.16163,1379
2026-02-24 05:00:00,0,0.4932371639012631,0.5067628360987368,Hold,66.16163,66.330025,65.98332,66.22106,2744
2026-02-24 06:00:00,0,0.5051831185154849,0.4948168814845151,Buy,66.22106,66.230965,66.01304,66.13191,1741
2026-02-24 07:00:00,0,0.5439950606883317,0.4560049393116683,Buy,66.15172,66.17153,65.844635,65.93379,3218
2026-02-24 08:00:00,0,0.5707955374228719,0.4292044625771281,Buy,65.93379,65.98332,65.656425,65.92388,7100
2026-02-24 09:00:00,0,0.5623956120696141,0.4376043879303859,Buy,65.93379,65.96351,65.705956,65.92388,5283
2026-02-24 10:00:00,0,0.5580012454075644,0.44199875459243565,Buy,65.93379,65.98332,65.56727,65.656425,7193
2026-02-24 11:00:00,0,0.5461749615168064,0.45382503848319355,Buy,65.63661,65.7753,65.52765,65.745575,4139
2026-02-24 12:00:00,0,0.533189829442404,0.466810170557596,Buy,65.72577,66.01304,65.62671,65.993225,6321
2026-02-24 13:00:00,0,0.5471248975541233,0.4528751024458767,Buy,65.993225,66.51824,65.993225,66.240875,14615
2026-02-24 14:00:00,0,0.530646891809267,0.46935310819073295,Buy,66.240875,66.25078,65.745575,65.904076,18602
2026-02-24 15:00:00,0,0.4757120045852198,0.5242879954147802,Hold,65.894165,66.03285,65.022446,65.270096,41737
2026-02-24 16:00:00,0,0.4115669497151719,0.5884330502848281,Hold,65.260185,65.59699,65.161125,65.369156,16558
2026-02-24 17:00:00,0,0.37699159190514053,0.6230084080948595,Hold,65.369156,65.696045,65.06207,65.210655,14513
2026-02-24 18:00:00,0,0.31535630272563997,0.68464369727436,Hold,65.210655,65.418686,65.161125,65.319626,9708
2026-02-24 19:00:00,0,0.3021169632170981,0.6978830367829019,Hold,65.32953,65.33943,64.9333,65.28,21052
2026-02-24 20:00:00,0,0.27943551512257125,0.7205644848774287,Hold,65.28,65.844635,65.18094,65.67624,12957
2026-02-24 21:00:00,0,0.28069907928140087,0.7193009207185992,Hold,65.66633,65.696045,65.34934,65.458305,3662
2026-02-24 23:00:00,0,0.23565241077125637,0.7643475892287437,Hold,65.4484,65.49793,65.319626,65.408775,1930
2026-02-25 00:00:00,0,0.2284128841401099,0.7715871158598901,Hold,65.418686,65.6168,65.33943,65.47812,1546
2026-02-25 01:00:00,0,0.2707354157871535,0.7292645842128465,Hold,65.468216,65.67624,65.32953,65.42859,3744
2026-02-25 02:00:00,0,0.2651688556456791,0.734831144354321,Hold,65.43849,65.71586,65.43849,65.696045,2988
2026-02-25 03:00:00,0,0.3635478868397512,0.6364521131602487,Hold,65.68614,65.97341,65.359245,65.38896,7240
2026-02-25 04:00:00,0,0.40244343744771804,0.597556562552282,Hold,65.38896,65.51774,65.34934,65.38896,1983
2026-02-25 05:00:00,0,0.42937181181618334,0.5706281881838167,Hold,65.39887,65.48802,65.33943,65.408775,1828
2026-02-25 06:00:00,0,0.4722363219443417,0.5277636780556583,Hold,65.408775,65.408775,65.14132,65.369156,2744
2026-02-25 07:00:00,0,0.5118135768022126,0.4881864231977874,Buy,65.37906,65.557365,65.210655,65.28,3097
2026-02-25 08:00:00,0,0.5159554972821172,0.4840445027178828,Buy,65.270096,65.507835,65.121506,65.37906,8102
2026-02-25 09:00:00,0,0.547850411730289,0.45214958826971097,Buy,65.39887,65.42859,64.834236,65.01254,10269
2026-02-25 10:00:00,0,0.5344356390662586,0.46556436093374143,Buy,65.01254,65.408775,64.98283,65.28991,6984
2026-02-25 11:00:00,0,0.5444424225883011,0.4555575774116989,Buy,65.28991,65.359245,65.18094,65.25028,3771
2026-02-25 12:00:00,0,0.5379489422993455,0.46205105770065447,Buy,65.25028,65.68614,65.1116,65.59699,14439
2026-02-25 13:00:00,0,0.5491426390873143,0.4508573609126857,Buy,65.59699,65.68614,65.24038,65.28991,10036
2026-02-25 14:00:00,0,0.5585572776542342,0.44144272234576576,Buy,65.28991,65.39887,64.675735,64.70546,24496
2026-02-25 15:00:00,0,0.48120489770155,0.51879510229845,Hold,64.69555,65.03235,64.636116,64.79461,22693
2026-02-25 16:00:00,0,0.39601267681424657,0.6039873231857534,Hold,64.79461,64.9333,64.50734,64.84414,19721
2026-02-25 17:00:00,0,0.3791482336363673,0.6208517663636327,Hold,64.84414,64.9531,64.725266,64.91348,9741
2026-02-25 18:00:00,0,0.3287152608872405,0.6712847391127594,Hold,64.90357,65.171036,64.85404,64.98283,11035
2026-02-25 19:00:00,0,0.3101409442029432,0.6898590557970568,Hold,64.98283,65.13141,64.735176,65.10169,17632
2026-02-25 20:00:00,0,0.3092253695827077,0.6907746304172924,Hold,65.10169,65.1116,64.80452,64.84414,4144
2026-02-25 21:00:00,0,0.30170304967631234,0.6982969503236877,Hold,64.834236,65.00263,64.81442,64.9531,2821
2026-02-25 23:00:00,0,0.2617981749171807,0.7382018250828193,Hold,65.03235,65.10169,64.9432,65.022446,1158
2026-02-26 00:00:00,0,0.27692673296286685,0.7230732670371331,Hold,65.01254,65.23047,64.91348,65.13141,1691
2026-02-26 01:00:00,0,0.30923729311979564,0.6907627068802044,Hold,65.14132,65.14132,64.923386,65.00263,3262
2026-02-26 02:00:00,0,0.30665108841634836,0.6933489115836516,Hold,65.00263,65.05216,64.71536,64.84414,3159
2026-02-26 03:00:00,0,0.38245313683256177,0.6175468631674382,Hold,64.85404,64.98283,64.834236,64.89367,1532
2026-02-26 04:00:00,0,0.42900210299962044,0.5709978970003795,Hold,64.90357,65.00263,64.90357,64.96301,699
2026-02-26 05:00:00,0,0.45927585692273826,0.5407241430772618,Hold,64.9531,65.05216,64.873856,64.9333,1443
2026-02-26 06:00:00,0,0.49768245384255605,0.502317546157444,Hold,64.9333,64.96301,64.81442,64.89367,1196
2026-02-26 07:00:00,0,0.5361305830693132,0.46386941693068684,Buy,64.873856,64.99273,64.74508,64.85404,2699
2026-02-26 08:00:00,0,0.5753483668520294,0.4246516331479706,Buy,64.86395,65.04226,64.784706,64.84414,6633
2026-02-26 09:00:00,0,0.5862307889822904,0.4137692110177096,Buy,64.84414,64.85404,64.190346,64.49743,14093
2026-02-26 10:00:00,0,0.5683138316112707,0.4316861683887293,Buy,64.49743,64.50734,63.6059,63.764393,17312
2026-02-26 11:00:00,0,0.548669852858461,0.45133014714153896,Buy,63.75449,64.04176,63.67524,63.70496,6432
2026-02-26 12:00:00,0,0.5630383489213455,0.4369616510786545,Buy,63.70496,63.833736,63.209663,63.516747,14152
2026-02-26 13:00:00,1,0.517323068590434,0.482676931409566,Buy,63.526653,63.883266,63.00164,63.7743,23199
2026-02-26 14:00:00,1,0.5002114031307471,0.4997885968692529,Buy,63.764393,64.140816,63.45731,64.1012,25190
2026-02-26 15:00:00,0,0.4389840549089386,0.5610159450910615,Hold,64.1012,65.88426,64.09129,65.86445,59818
2026-02-26 16:00:00,0,0.3990960674680175,0.6009039325319825,Hold,65.86445,66.08238,65.260185,65.795105,47132
2026-02-26 17:00:00,0,0.37432385528946166,0.6256761447105383,Hold,65.805016,65.96351,65.48802,65.844635,14518
2026-02-26 18:00:00,0,0.33571672811223785,0.6642832718877622,Hold,65.83473,66.042755,64.32903,65.10169,56849
2026-02-26 19:00:00,0,0.3251426086414414,0.6748573913585586,Hold,65.09179,65.18094,64.29932,64.725266,33913
2026-02-26 20:00:00,0,0.29594205956171576,0.7040579404382843,Hold,64.71536,64.9531,64.6163,64.89367,4013
2026-02-26 21:00:00,0,0.29654151530812695,0.703458484691873,Hold,64.873856,65.022446,64.784706,64.85404,3360
2026-02-26 23:00:00,0,0.26922619416054056,0.7307738058394595,Hold,64.735176,64.824326,64.59649,64.6064,2001
2026-02-27 00:00:00,0,0.29225961067534606,0.7077403893246539,Hold,64.59649,64.685646,64.52715,64.636116,874
2026-02-27 01:00:00,0,0.3080814795023768,0.6919185204976233,Hold,64.64602,64.64602,64.239876,64.487526,4481
2026-02-27 02:00:00,0,0.30147087775553033,0.6985291222444696,Hold,64.49743,64.51724,64.34885,64.42809,2171
2026-02-27 03:00:00,0,0.37091414652553817,0.6290858534744619,Hold,64.437996,64.69555,64.41818,64.685646,2133
2026-02-27 04:00:00,0,0.39505034540837136,0.6049496545916286,Hold,64.685646,64.81442,64.636116,64.71536,1525
2026-02-27 05:00:00,0,0.4222997591729369,0.5777002408270631,Hold,64.725266,65.06207,64.71536,64.9531,3241
2026-02-27 06:00:00,0,0.4563240299822766,0.5436759700177234,Hold,64.9531,65.13141,64.883766,65.10169,2160
2026-02-27 07:00:00,1,0.49978492393597185,0.5002150760640282,Hold,65.1116,65.20075,65.03235,65.14132,3332
2026-02-27 08:00:00,1,0.5384705605986815,0.4615294394013185,Buy,65.14132,65.42859,64.9333,65.09179,9019
2026-02-27 09:00:00,1,0.5455342295159706,0.45446577048402936,Buy,65.09179,65.83473,65.022446,65.81492,12175
2026-02-27 10:00:00,0,0.5488160151802446,0.4511839848197554,Buy,65.81492,65.993225,65.507835,65.93379,12155
2026-02-27 11:00:00,0,0.5617241912790673,0.43827580872093275,Buy,65.92388,66.30031,65.844635,66.240875,12124
2026-02-27 12:00:00,0,0.5687126451510442,0.43128735484895575,Buy,66.230965,66.41918,66.13191,66.40927,10703
2026-02-27 13:00:00,0,0.550200381940405,0.449799618059595,Buy,66.40927,67.17203,66.39937,67.112595,28521
2026-02-27 14:00:00,0,0.49918889862959254,0.5008111013704075,Hold,67.112595,67.19184,66.230965,66.27059,38859
2026-02-27 15:00:00,0,0.46777984790134985,0.5322201520986501,Hold,66.26069,66.4489,65.86445,66.280495,30658
2026-02-27 16:00:00,1,0.43295478782598884,0.5670452121740112,Hold,66.27059,66.290405,65.795105,65.91398,20753
2026-02-27 17:00:00,1,0.3875093855303168,0.6124906144696832,Hold,65.91398,66.17153,65.507835,66.13191,34948
2026-02-27 18:00:00,1,0.3819744299720319,0.6180255700279681,Hold,66.122,66.41918,66.06257,66.39937,15860
2026-02-27 19:00:00,1,0.3978543582413488,0.6021456417586513,Hold,66.40927,66.60739,66.230965,66.41918,23902
2026-02-27 20:00:00,1,0.40572460997321536,0.5942753900267846,Hold,66.438995,66.775795,66.36965,66.6173,10568
2026-02-27 21:00:00,1,0.4026564865211528,0.5973435134788472,Hold,66.627205,66.7857,66.330025,66.65692,7141
2026-03-01 23:00:00,0,0.3855432232923158,0.6144567767076843,Hold,74.29439,74.621284,70.37164,71.29289,60046
2026-03-02 00:00:00,0,0.38881047293745213,0.6111895270625478,Hold,71.312706,71.451385,70.88675,71.114586,17178
2026-03-02 01:00:00,1,0.3370449801540831,0.6629550198459169,Hold,71.114586,71.15421,68.54895,69.07397,37045
2026-03-02 02:00:00,1,0.33358202193960224,0.6664179780603978,Hold,69.064064,69.6386,68.7867,69.34142,13991
2026-03-02 03:00:00,0,0.39122224023976415,0.6087777597602358,Hold,69.33152,70.44099,69.26218,70.04475,11541
2026-03-02 04:00:00,0,0.43622866095286117,0.5637713390471388,Hold,70.03484,70.67873,69.80701,70.52023,9072
2026-03-02 05:00:00,0,0.4617492018968105,0.5382507981031894,Hold,70.52023,70.90656,70.25277,70.90656,8979
2026-03-02 06:00:00,0,0.4905695268369908,0.5094304731630093,Hold,70.89665,71.65941,70.88675,71.302795,15827
2026-03-02 07:00:00,0,0.5175687757752359,0.48243122422476414,Buy,71.312706,72.6401,71.28299,72.55094,39944
2026-03-02 08:00:00,0,0.5372803800748844,0.46271961992511557,Buy,72.54104,72.67972,71.401855,71.86744,29286
2026-03-02 09:00:00,0,0.5491589598866502,0.4508410401133498,Buy,71.847626,71.85753,71.07496,71.738655,22844
2026-03-02 10:00:00,0,0.5444783012461285,0.4555216987538715,Buy,71.748566,71.76838,70.60938,71.33252,21896
2026-03-02 11:00:00,0,0.5445786527301842,0.45542134726981576,Buy,71.34242,71.66932,70.45089,71.27308,16055
2026-03-02 12:00:00,0,0.551287984682268,0.44871201531773197,Buy,71.263176,72.233955,71.24336,71.91696,20878
2026-03-02 13:00:00,0,0.5471058316405124,0.4528941683594876,Buy,71.92687,71.92687,71.04524,71.60988,29053
2026-03-02 14:00:00,0,0.49957662524996643,0.5004233747500335,Hold,71.60988,71.75847,70.09428,70.381546,47281
2026-03-02 15:00:00,0,0.4606592314443182,0.5393407685556818,Hold,70.381546,71.1344,70.25277,70.579666,32894
2026-03-02 16:00:00,0,0.4217483259538194,0.5782516740461806,Hold,70.579666,70.68863,69.43058,70.21315,50966
2026-03-02 17:00:00,0,0.39638956543801634,0.6036104345619837,Hold,70.21315,70.2924,69.49992,69.94569,21289
2026-03-02 18:00:00,0,0.3464279427067518,0.6535720572932482,Hold,69.93578,70.579666,69.65842,70.431076,18889
2026-03-02 19:00:00,0,0.3373061630069829,0.6626938369930171,Hold,70.431076,70.65891,70.1339,70.232956,25667
2026-03-02 20:00:00,0,0.3186355714629834,0.6813644285370166,Hold,70.232956,72.09527,70.232956,70.90656,44092
2026-03-02 21:00:00,0,0.335842816323746,0.664157183676254,Hold,70.89665,71.12449,70.31221,70.36173,11100
2026-03-02 23:00:00,0,0.28938467585423283,0.7106153241457671,Hold,70.55985,70.84712,69.74757,70.22305,6880
2026-03-03 00:00:00,0,0.2792664646945239,0.7207335353054761,Hold,70.25277,71.02543,70.21315,70.94618,5175
2026-03-03 01:00:00,0,0.30219752427939933,0.6978024757206007,Hold,70.95609,71.461296,70.95609,71.07496,10665
2026-03-03 02:00:00,0,0.3238407552218401,0.6761592447781599,Hold,71.08487,71.808,70.866936,71.699036,7337
2026-03-03 03:00:00,1,0.3909519234565864,0.6090480765434136,Hold,71.71885,72.02593,71.60988,71.75847,6148
2026-03-03 04:00:00,1,0.4161182056193382,0.5838817943806618,Hold,71.76838,72.10518,71.59007,72.00612,3617
2026-03-03 05:00:00,1,0.4621942807814873,0.5378057192185127,Hold,71.996216,72.68963,71.85753,72.17452,10378
2026-03-03 06:00:00,1,0.48133887667256153,0.5186611233274385,Hold,72.17452,72.41226,71.649506,72.372635,8633
2026-03-03 07:00:00,1,0.49823047974517864,0.5017695202548214,Hold,72.382545,73.41276,72.323105,73.1453,21467
2026-03-03 08:00:00,1,0.5405454785578921,0.45945452144210785,Buy,73.16511,73.809,72.78869,73.75947,27084
2026-03-03 09:00:00,0,0.5588868841252036,0.4411131158747964,Buy,73.74956,74.83921,73.62078,74.512314,32087
2026-03-03 10:00:00,0,0.5634351341607126,0.43656486583928744,Buy,74.50241,76.54303,74.175514,75.74065,41894
2026-03-03 11:00:00,0,0.5602863149429613,0.4397136850570387,Buy,75.76046,76.80058,75.19582,76.46378,51217
2026-03-03 12:00:00,0,0.5495546187791097,0.4504453812208903,Buy,76.46378,76.85011,74.97789,75.21564,57655
2026-03-03 13:00:00,0,0.5393110106842713,0.46068898931572866,Buy,75.22554,75.83971,74.64109,75.493004,49492
2026-03-03 14:00:00,0,0.5196552780463353,0.48034472195366473,Buy,75.493004,77.246346,75.47319,75.96848,63876
2026-03-03 15:00:00,0,0.489419584533117,0.5105804154668829,Hold,75.96848,76.909546,75.76046,76.24585,47324
2026-03-03 16:00:00,0,0.4560185135523028,0.5439814864476973,Hold,76.24585,76.59256,73.838715,75.24535,73389
2026-03-03 17:00:00,0,0.4320442468924061,0.5679557531075938,Hold,75.25526,75.71093,74.472694,74.83921,32856
2026-03-03 18:00:00,0,0.3632452894540809,0.636754710545919,Hold,74.83921,74.83921,73.016525,73.99721,43975
2026-03-03 19:00:00,0,0.33083085241615284,0.6691691475838472,Hold,73.99721,74.1557,70.97591,72.88775,66313
2026-03-03 20:00:00,0,0.32729928798393226,0.6727007120160677,Hold,72.88775,73.4821,72.372635,73.38304,17996
2026-03-03 21:00:00,0,0.34502903927007317,0.6549709607299268,Hold,73.392944,74.423164,73.32361,74.09627,12132
2026-03-03 23:00:00,0,0.31471775608757196,0.685282243912428,Hold,74.036835,74.859024,73.86843,74.83921,4955
2026-03-04 00:00:00,0,0.30973980124907013,0.6902601987509298,Hold,74.8194,74.9878,73.739655,74.25476,8072
2026-03-04 01:00:00,0,0.32244782837882846,0.6775521716211715,Hold,74.26467,74.97789,73.67031,74.25476,16580
2026-03-04 02:00:00,0,0.3172028233383968,0.6827971766616032,Hold,74.23495,74.8194,74.04674,74.324104,7846
2026-03-04 03:00:00,0,0.37951527554107695,0.6204847244589231,Hold,74.324104,74.611374,73.96749,74.41325,5854
2026-03-04 04:00:00,0,0.4235662167634966,0.5764337832365034,Hold,74.41325,74.87884,74.274574,74.77978,4302
2026-03-04 05:00:00,0,0.4467878504174541,0.5532121495825459,Hold,74.76987,75.68121,74.55194,75.19582,9084
2026-03-04 06:00:00,0,0.49148985026022196,0.508510149739778,Hold,75.20573,76.12698,75.03733,76.12698,9203
2026-03-04 07:00:00,0,0.5168231773549053,0.48317682264509465,Buy,76.11707,76.25576,75.62178,75.74065,12147
2026-03-04 08:00:00,0,0.5255712987661812,0.47442870123381875,Buy,75.72084,76.5034,75.38403,76.01801,20725
2026-03-04 09:00:00,0,0.5360363700170125,0.46396362998298746,Buy,76.00811,76.18642,74.84911,76.04773,21918
2026-03-04 10:00:00,0,0.5132001801536478,0.48679981984635223,Buy,76.03783,76.07745,74.1458,74.512314,37487
2026-03-04 11:00:00,0,0.5140478467200257,0.4859521532799743,Buy,74.522224,74.88874,73.739655,74.225044,19508
2026-03-04 12:00:00,0,0.5198217069167271,0.48017829308327287,Buy,74.225044,74.58166,73.53163,73.937775,26297
2026-03-04 13:00:00,0,0.5186285497891887,0.4813714502108113,Buy,73.94768,73.977394,72.59057,73.21464,45245
2026-03-04 14:00:00,0,0.49749798569451903,0.502502014305481,Hold,73.22455,74.44298,72.9769,73.6505,49773
2026-03-04 15:00:00,0,0.4662814203439465,0.5337185796560535,Hold,73.66041,73.838715,72.966995,73.53163,31066
2026-03-04 16:00:00,0,0.4307860355095653,0.5692139644904347,Hold,73.541534,74.086365,72.957085,73.46229,26647
2026-03-04 17:00:00,0,0.399600961198536,0.600399038801464,Hold,73.46229,74.4925,73.353325,74.423164,24433
2026-03-04 18:00:00,0,0.36631162095998243,0.6336883790400176,Hold,74.423164,74.53213,74.01702,74.20523,18747
2026-03-04 19:00:00,0,0.3481412089987964,0.6518587910012036,Hold,74.19533,74.20523,73.690125,73.8189,21322
2026-03-04 20:00:00,0,0.3360304201799579,0.6639695798200421,Hold,73.8189,74.651,73.809,74.59156,11482
2026-03-04 21:00:00,0,0.3567399867979716,0.6432600132020284,Hold,74.59156,75.51281,74.53213,75.39394,8824
2026-03-04 23:00:00,0,0.3214309131159586,0.6785690868840414,Hold,75.43356,75.47319,74.9977,75.23545,2780
2026-03-05 00:00:00,0,0.3354247311593192,0.6645752688406807,Hold,75.24535,75.25526,74.84911,74.9878,3219
2026-03-05 01:00:00,0,0.3873817842818421,0.6126182157181579,Hold,75.007614,76.23595,75.007614,76.18642,13710
2026-03-05 02:00:00,0,0.38577203176329666,0.6142279682367033,Hold,76.176506,76.69162,76.01801,76.65199,8185
2026-03-05 03:00:00,0,0.42273727873546185,0.5772627212645381,Hold,76.64209,76.6619,76.19632,76.35481,6031
2026-03-05 04:00:00,0,0.4446879058788929,0.5553120941211072,Hold,76.35481,76.91946,76.33501,76.65199,4735
2026-03-05 05:00:00,0,0.4576124331907672,0.5423875668092328,Hold,76.65199,77.355316,76.59256,77.008606,8489
2026-03-05 06:00:00,0,0.4633237062061928,0.5366762937938072,Hold,77.008606,77.01852,75.34441,75.84962,18028
2026-03-05 07:00:00,0,0.4916334067856674,0.5083665932143326,Hold,75.84962,76.59256,75.80999,76.43407,13341
2026-03-05 08:00:00,0,0.5180187051678578,0.48198129483214225,Buy,76.44397,76.92936,76.11707,76.275566,17684
2026-03-05 09:00:00,0,0.5331526473898607,0.4668473526101393,Buy,76.26566,76.40434,74.26467,75.68121,40073
2026-03-05 10:00:00,1,0.5341014887294848,0.4658985112705152,Buy,75.68121,75.97839,75.39394,75.80009,11495
2026-03-05 11:00:00,0,0.5414101415575372,0.4585898584424628,Buy,75.79018,76.45387,75.62178,76.33501,13984
2026-03-05 12:00:00,1,0.538357218368102,0.461642781631898,Buy,76.33501,76.760956,75.89915,76.4935,20314
2026-03-05 13:00:00,1,0.5387156214020352,0.4612843785979648,Buy,76.4836,76.65199,75.84962,76.41425,21173
2026-03-05 14:00:00,1,0.5385937624111821,0.46140623758881794,Buy,76.43407,77.63268,76.11707,77.23644,43484
2026-03-05 15:00:00,1,0.5070385832150485,0.49296141678495153,Buy,77.23644,78.30628,76.98879,77.91004,40435
2026-03-05 16:00:00,0,0.48478717661850584,0.5152128233814941,Hold,77.91995,79.21763,77.56334,78.48459,42074
2026-03-05 17:00:00,0,0.46766810055234626,0.5323318994476538,Hold,78.464775,79.049225,78.028915,78.900635,30282
2026-03-05 18:00:00,0,0.443345188697886,0.556654811302114,Hold,78.89073,80.38653,78.316185,80.079445,40065
2026-03-05 19:00:00,0,0.44218171902735337,0.5578182809726466,Hold,80.079445,80.951164,79.881325,80.84219,41485
2026-03-05 20:00:00,0,0.4089074954759842,0.5910925045240158,Hold,80.852104,81.387024,78.64308,79.049225,48236
2026-03-05 21:00:00,0,0.4016564601418609,0.5983435398581392,Hold,79.049225,79.22753,77.880325,78.127975,15739
2026-03-05 23:00:00,0,0.34872395283846536,0.6512760471615346,Hold,78.336,79.15819,78.23694,78.6728,5685
2026-03-06 00:00:00,0,0.34054866853187193,0.6594513314681281,Hold,78.69261,78.87092,77.791176,77.91995,5251
2026-03-06 01:00:00,0,0.36982920151802134,0.6301707984819787,Hold,77.929855,79.10866,77.50391,79.049225,14628
2026-03-06 02:00:00,0,0.3628730234399376,0.6371269765600625,Hold,79.059135,79.10866,78.40534,78.93035,5665
2026-03-06 03:00:00,1,0.40928710021875025,0.5907128997812497,Hold,78.92045,79.41575,78.73224,79.26716,5780
2026-03-06 04:00:00,1,0.4451853417365282,0.5548146582634719,Hold,79.26716,79.32659,79.03932,79.26716,3560
2026-03-06 05:00:00,1,0.45835362203112595,0.541646377968874,Hold,79.25725,79.683205,78.94026,79.55443,7182
2026-03-06 06:00:00,1,0.4876144452420526,0.5123855547579474,Hold,79.56433,80.1785,79.494995,79.95067,8505
2026-03-06 07:00:00,1,0.5126412975376645,0.4873587024623355,Buy,79.94076,80.366714,79.52471,80.32709,11073
2026-03-06 08:00:00,1,0.541612741368827,0.458387258631173,Buy,80.317184,80.98088,80.079445,80.63417,20710
2026-03-06 09:00:00,1,0.5429941129774764,0.45700588702252365,Buy,80.604454,84.10124,80.416245,83.90313,43675
2026-03-06 10:00:00,1,0.5542095024985024,0.4457904975014976,Buy,83.90313,83.91303,82.74413,83.21962,35493
2026-03-06 11:00:00,1,0.5549251026899077,0.4450748973100923,Buy,83.22952,85.40883,83.150276,85.23052,40773
2026-03-06 12:00:00,1,0.5611529802275096,0.4388470197724904,Buy,85.22061,85.88431,84.507385,85.27014,38699
2026-03-06 13:00:00,1,0.5363902589078526,0.46360974109214736,Buy,85.28005,86.96406,84.071526,86.5381,60129
2026-03-06 14:00:00,0,0.5295202327453066,0.4704797672546934,Buy,86.52819,88.77684,86.211205,87.88531,77614
2026-03-06 15:00:00,0,0.517738646825175,0.482261353174825,Buy,87.89521,88.69759,86.67678,87.99427,62747
2026-03-06 16:00:00,1,0.4907447286424867,0.5092552713575134,Hold,87.99427,89.51978,87.380104,89.45044,53106
2026-03-06 17:00:00,0,0.46926819871433456,0.5307318012856654,Hold,89.45044,91.73871,88.82637,91.530685,60184
2026-03-06 18:00:00,1,0.4460233612432516,0.5539766387567484,Hold,91.530685,91.63965,88.69759,90.73821,62801
2026-03-06 19:00:00,1,0.4477755770812873,0.5522244229187128,Hold,90.7184,90.847176,89.34148,90.49056,60718
2026-03-06 20:00:00,1,0.4411091157978467,0.5588908842021534,Hold,90.47075,90.52028,89.46034,89.83677,20196
2026-03-06 21:00:00,1,0.43259935147873657,0.5674006485212635,Hold,89.84668,90.66887,89.73771,90.411316,9264
2026-03-08 22:00:00,1,0.4255182526054797,0.5744817473945203,Hold,97.077995,110.193436,97.077995,105.93389,58106
2026-03-08 23:00:00,1,0.4252587237697545,0.5747412762302455,Hold,105.88436,107.50893,104.06167,107.01363,27108
2026-03-09 00:00:00,1,0.4286935434820879,0.5713064565179121,Hold,107.04335,108.99482,105.448494,107.24147,29910
2026-03-09 01:00:00,0,0.425757168287284,0.574242831712716,Hold,107.25137,114.58176,107.04335,113.9874,35576
2026-03-09 02:00:00,0,0.43582998211732055,0.5641700178826794,Hold,113.99731,118.35591,111.005714,113.23455,56831
2026-03-09 03:00:00,0,0.44889674998777834,0.5511032500122217,Hold,113.254364,115.403946,110.133995,114.53223,24526
2026-03-09 04:00:00,0,0.48385427927839614,0.5161457207216038,Hold,114.54213,115.6714,113.51192,114.78978,12323
2026-03-09 05:00:00,0,0.47868006997910645,0.5213199300208935,Hold,114.75015,114.85912,102.06068,102.71446,50878
2026-03-09 06:00:00,0,0.5000701318696446,0.49992986813035545,Buy,102.734276,106.39947,99.078995,103.53666,47121
2026-03-09 07:00:00,0,0.5152152588311913,0.48478474116880865,Buy,103.47722,103.47722,99.40589,101.86256,25535
2026-03-09 08:00:00,0,0.546329076993907,0.453670923006093,Buy,101.87246,103.97252,100.5946,102.13001,20303
2026-03-09 09:00:00,0,0.5523313478186813,0.4476686521813187,Buy,102.13992,103.82393,95.34446,100.12902,30818
2026-03-09 10:00:00,0,0.5414113967014853,0.4585886032985147,Buy,100.13892,102.99183,99.67335,102.25879,19185
2026-03-09 11:00:00,0,0.5500927262961767,0.44990727370382333,Buy,102.248886,102.79371,100.60451,101.23848,14389
2026-03-09 12:00:00,0,0.5574075680782458,0.44259243192175424,Buy,101.18895,102.55597,99.178055,101.2682,27580
2026-03-09 13:00:00,0,0.5360556259266638,0.4639443740733362,Buy,101.24839,101.25829,96.27562,98.72238,62567
2026-03-09 14:00:00,0,0.5176544739937842,0.48234552600621583,Buy,98.71247,103.58618,98.4153,99.5842,52127
2026-03-09 15:00:00,0,0.4891419698970295,0.5108580301029705,Hold,99.57429,99.67335,93.759514,94.71048,59113
2026-03-09 16:00:00,0,0.4513271526933085,0.5486728473066915,Hold,94.68076,96.46383,92.19438,93.8982,51163
2026-03-09 17:00:00,0,0.4311730681254244,0.5688269318745756,Hold,93.88829,95.14634,93.323654,94.04678,21487
2026-03-09 18:00:00,0,0.3843375509501847,0.6156624490498153,Hold,94.02698,94.53217,90.76793,94.39349,48382
2026-03-09 19:00:00,0,0.34056620097057044,0.6594337990294296,Hold,94.38359,94.68076,80.42615,85.101746,68552
2026-03-09 20:00:00,0,0.34237559670531437,0.6576244032946856,Hold,85.101746,88.00417,81.87241,84.27955,25345
2026-03-09 22:00:00,0,0.3004751784363294,0.6995248215636706,Hold,84.943245,89.15326,84.220116,87.043304,21997
2026-03-09 23:00:00,0,0.3160102812213135,0.6839897187786865,Hold,87.132454,89.381096,86.29045,87.81596,9420
2026-03-10 00:00:00,0,0.30688984408740505,0.693110155912595,Hold,87.81596,88.50938,84.358795,85.95365,19797
2026-03-10 01:00:00,0,0.32329234578011856,0.6767076542198814,Hold,85.963554,86.19139,83.635666,84.10124,16336
2026-03-10 02:00:00,0,0.3122584212211395,0.6877415787788606,Hold,84.11115,88.08342,83.90313,87.78625,12230
2026-03-10 03:00:00,0,0.38441512695273644,0.6155848730472635,Hold,87.77634,90.61934,87.32067,88.99477,17101
2026-03-10 04:00:00,0,0.43442327074767845,0.5655767292523215,Hold,89.06411,90.2231,88.76693,89.64856,8291
2026-03-10 05:00:00,0,0.46250995958650265,0.5374900404134973,Hold,89.64856,89.65846,86.607445,88.212204,11661
2026-03-10 06:00:00,0,0.47853461195942265,0.5214653880405773,Hold,88.24192,89.20279,87.043304,88.95515,10627
2026-03-10 07:00:00,0,0.518018056698541,0.48198194330145905,Buy,88.93533,89.20279,84.73522,85.01259,20791
2026-03-10 08:00:00,0,0.5271197262581107,0.47288027374188935,Buy,84.98287,87.81596,84.457855,87.7169,21409
2026-03-10 09:00:00,0,0.5507924716867758,0.4492075283132242,Buy,87.73672,87.91502,85.11165,86.122055,16580
2026-03-10 10:00:00,0,0.5499422152240918,0.4500577847759082,Buy,86.122055,89.32166,85.93384,87.95464,19262
2026-03-10 11:00:00,0,0.5520813974894552,0.4479186025105448,Buy,87.93484,89.02448,85.587135,88.36079,20664
2026-03-10 12:00:00,0,0.5550670461266765,0.44493295387332354,Buy,88.34098,90.24291,87.91502,88.69759,29034
2026-03-10 13:00:00,0,0.5432722635794515,0.45672773642054854,Buy,88.68768,88.68768,86.3697,86.76594,37451
2026-03-10 14:00:00,0,0.530377230858995,0.469622769141005,Buy,86.75603,87.65747,82.22903,83.42764,53204
2026-03-10 15:00:00,0,0.4971381336286908,0.5028618663713091,Hold,83.42764,84.11115,82.03091,83.54652,45581
2026-03-10 16:00:00,0,0.4508721586975467,0.5491278413024533,Hold,83.51679,84.992775,81.29787,81.56533,36128
2026-03-10 17:00:00,0,0.42768474862986133,0.5723152513701386,Hold,81.535614,81.93185,76.00811,79.445465,95583
2026-03-10 18:00:00,0,0.3571275892629791,0.642872410737021,Hold,79.42565,85.864494,78.87092,83.31868,67273
2026-03-10 19:00:00,0,0.33207930654678014,0.6679206934532198,Hold,83.31868,86.97396,83.13046,85.83478,30920
2026-03-10 20:00:00,0,0.3541654315769385,0.6458345684230615,Hold,85.84469,86.41923,84.953156,85.577225,9305
2026-03-10 22:00:00,0,0.32291161550876035,0.6770883844912396,Hold,86.072525,87.75653,85.89422,87.479164,6111
2026-03-10 23:00:00,0,0.34897617553255716,0.6510238244674429,Hold,87.45935,87.48907,84.43804,84.854095,9660
2026-03-11 00:00:00,0,0.34539940104470346,0.6546005989552965,Hold,84.88381,84.98287,81.0205,82.1894,20915
2026-03-11 01:00:00,0,0.3527846646371639,0.647215335362836,Hold,82.1894,83.71491,81.6842,82.33799,11559
2026-03-11 02:00:00,0,0.33616057056453946,0.6638394294354606,Hold,82.32809,84.28946,82.1894,83.3484,8642
2026-03-11 03:00:00,0,0.4123737079389224,0.5876262920610775,Hold,83.36821,83.54652,81.8526,82.09034,7114
2026-03-11 04:00:00,0,0.46002129135649666,0.5399787086435033,Hold,82.10025,82.78376,81.59505,82.29837,5369
2026-03-11 05:00:00,0,0.4689494728371547,0.5310505271628453,Hold,82.28846,83.49699,82.15968,83.21962,5938
2026-03-11 06:00:00,0,0.50195298034431,0.49804701965569,Buy,83.21962,83.76444,82.33799,82.78376,7149
2026-03-11 07:00:00,0,0.5235622924236695,0.4764377075763305,Buy,82.78376,84.98287,82.55592,84.68569,16320
2026-03-11 08:00:00,0,0.5537373683838274,0.44626263161617263,Buy,84.64607,86.013084,84.11115,85.71591,19142
2026-03-11 09:00:00,0,0.5599849499168931,0.44001505008310693,Buy,85.71591,88.15276,85.49798,87.92493,22653
2026-03-11 10:00:00,0,0.5676357731976486,0.4323642268023514,Buy,87.91502,87.91502,83.883316,84.14087,23442
2026-03-11 11:00:00,0,0.5617439202938774,0.43825607970612257,Buy,84.170586,86.47867,83.873405,85.864494,20828
2026-03-11 12:00:00,0,0.561141672732876,0.43885832726712404,Buy,85.83478,87.25133,85.379105,86.38951,19022
2026-03-11 13:00:00,0,0.5500825426685966,0.4499174573314034,Buy,86.38951,86.48857,82.73423,83.26915,36971
2026-03-11 14:00:00,0,0.5252471281086059,0.47475287189139415,Buy,83.29887,86.2013,81.22853,85.379105,47587
2026-03-11 15:00:00,0,0.4884392330335874,0.5115607669664126,Hold,85.39892,86.845184,84.943245,86.77584,23713
2026-03-11 16:00:00,0,0.4630016647966107,0.5369983352033894,Hold,86.80556,87.79615,86.072525,86.310265,24498
2026-03-11 17:00:00,0,0.4399501155226158,0.5600498844773842,Hold,86.30036,87.5485,85.3692,87.033394,25625
2026-03-11 18:00:00,0,0.40911201139095627,0.5908879886090437,Hold,87.02349,87.61784,85.874405,86.42914,34807
2026-03-11 19:00:00,1,0.39504240561655735,0.6049575943834427,Hold,86.43904,87.25133,86.13196,87.16217,7496
2026-03-11 20:00:00,0,0.38781394089939136,0.6121860591006086,Hold,87.16217,87.78625,86.97396,87.578224,6626
2026-03-11 22:00:00,0,0.36770730515913175,0.6322926948408683,Hold,88.47966,92.13494,87.77634,89.965546,17650
2026-03-11 23:00:00,0,0.3608598424395607,0.6391401575604393,Hold,90.015076,93.49206,89.866486,91.619835,16407
2026-03-12 00:00:00,0,0.36910634885389154,0.6308936511461085,Hold,91.59012,93.31375,90.985855,92.253815,15538
2026-03-12 01:00:00,0,0.39106368298286975,0.6089363170171302,Hold,92.24391,92.80855,90.837265,92.352875,11695
2026-03-12 02:00:00,0,0.3880204911191129,0.611979508880887,Hold,92.37269,95.06709,92.32316,93.63074,13442
2026-03-12 03:00:00,0,0.43401157334172913,0.5659884266582709,Hold,93.68027,94.64114,92.986855,93.59111,11372
2026-03-12 04:00:00,0,0.47294420534427417,0.5270557946557258,Hold,93.55149,94.33406,93.15525,93.93782,5163
2026-03-12 05:00:00,0,0.49588264379393,0.50411735620607,Hold,93.908104,93.908104,91.481155,92.19438,15602
2026-03-12 06:00:00,0,0.5245387573786529,0.47546124262134715,Buy,92.19438,92.84817,90.460846,91.68918,11817
2026-03-12 07:00:00,0,0.554469677254751,0.44553032274524895,Buy,91.65946,91.65946,89.03439,89.59903,16148
2026-03-12 08:00:00,0,0.5590962395798719,0.44090376042012813,Buy,89.58913,91.629745,89.39101,91.24341,15505
2026-03-12 09:00:00,0,0.5723569639454882,0.4276430360545118,Buy,91.21369,92.006165,90.19338,90.3816,12201
2026-03-12 10:00:00,0,0.5651052277239043,0.43489477227609574,Buy,90.361786,90.985855,89.816956,90.213196,12506
2026-03-12 11:00:00,0,0.5587820862369841,0.4412179137630159,Buy,90.2231,91.97645,90.14385,91.79814,12070
2026-03-12 12:00:00,0,0.5642084449252087,0.4357915550747913,Buy,91.77833,92.70949,91.51087,92.02598,14752
2026-03-12 13:00:00,0,0.5457478978497273,0.4542521021502727,Buy,92.006165,94.30434,91.69908,93.88829,36919
2026-03-12 14:00:00,0,0.5264534305406621,0.47354656945933793,Buy,93.908104,95.30484,93.323654,94.77982,39085
2026-03-12 15:00:00,0,0.503042822321515,0.496957177678485,Buy,94.76992,96.27562,93.4128,93.670364,46320
2026-03-12 16:00:00,0,0.4750483307350467,0.5249516692649533,Hold,93.65055,94.8987,92.154755,93.93782,30967
2026-03-12 17:00:00,0,0.4537241658314187,0.5462758341685813,Hold,93.92792,94.63123,93.33356,93.48215,16566
2026-03-12 18:00:00,0,0.39861647512728327,0.6013835248727167,Hold,93.48215,95.810036,93.036385,95.63173,25248
2026-03-12 19:00:00,0,0.40013420983032444,0.5998657901696756,Hold,95.65154,96.04778,94.52227,95.4138,13837
2026-03-12 20:00:00,0,0.3961380695574857,0.6038619304425143,Hold,95.423706,95.7506,94.80954,95.48315,6824
2026-03-12 22:00:00,0,0.3745869200686143,0.6254130799313857,Hold,95.82985,97.16715,94.78973,95.31474,8952
2026-03-12 23:00:00,0,0.3505877696611207,0.6494122303388793,Hold,95.35437,96.5827,95.33456,95.70107,4483
2026-03-13 00:00:00,0,0.3751358423872306,0.6248641576127694,Hold,95.66145,95.81995,93.93782,94.67086,9085
2026-03-13 01:00:00,0,0.37711617569156153,0.6228838243084385,Hold,94.67086,95.31474,93.76942,94.80954,8719
2026-03-13 02:00:00,0,0.37234627788116637,0.6276537221188336,Hold,94.79964,95.572296,94.41331,95.34446,5174
2026-03-13 03:00:00,0,0.42572836965435545,0.5742716303456445,Hold,95.34446,95.70107,94.29443,94.67086,5102
2026-03-13 04:00:00,0,0.45981441659290945,0.5401855834070906,Hold,94.64114,94.96803,94.33406,94.37368,3025
2026-03-13 05:00:00,0,0.48122248038287785,0.5187775196171222,Hold,94.37368,94.73029,93.99725,94.22509,4466
2026-03-13 06:00:00,0,0.4945375857922189,0.505462414207781,Hold,94.235,95.423706,93.63074,95.29493,7453
2026-03-13 07:00:00,0,0.526460951778739,0.473539048221261,Buy,95.31474,96.68176,95.13644,96.26571,11688
2026-03-13 08:00:00,0,0.559768273627709,0.440231726372291,Buy,96.22609,96.9195,94.5817,94.76001,15804
2026-03-13 09:00:00,0,0.5756201346945422,0.4243798653054578,Buy,94.75011,95.374176,94.08641,94.87888,11513
2026-03-13 10:00:00,0,0.5603628934674744,0.43963710653252563,Buy,94.85907,95.03738,92.48165,92.79864,15802
2026-03-13 11:00:00,0,0.5654343767944364,0.4345656232055636,Buy,92.788734,94.14584,92.24391,92.550995,17618
2026-03-13 12:00:00,1,0.5514514922601252,0.44854850773987476,Buy,92.5708,93.50196,91.17407,92.689674,22236
2026-03-13 13:00:00,0,0.541355811076886,0.458644188923114,Buy,92.70949,93.69017,92.02598,93.54159,30161
2026-03-13 14:00:00,0,0.5239530957737346,0.4760469042262654,Buy,93.53168,94.85907,93.135445,94.740204,21388
2026-03-13 15:00:00,1,0.5024624371007859,0.49753756289921414,Buy,94.73029,95.91901,94.50246,95.48315,25224
2026-03-13 16:00:00,1,0.46131400469276607,0.5386859953072339,Hold,95.49305,96.63223,95.31474,95.96854,20983
2026-03-13 17:00:00,0,0.44920375329991774,0.5507962467000822,Hold,95.958626,97.29593,95.48315,97.05818,20314
2026-03-13 18:00:00,0,0.42299430403163535,0.5770056959683647,Hold,97.038376,98.385574,96.0874,96.53317,34313
2026-03-13 19:00:00,0,0.4143967459413542,0.5856032540586458,Hold,96.56289,97.424706,96.32515,97.26621,9061
2026-03-13 20:00:00,0,0.3981609206582614,0.6018390793417385,Hold,97.28602,98.385574,97.276115,98.37567,8202
2026-03-15 22:00:00,0,0.36646879078218875,0.6335312092178113,Hold,99.98043,101.47623,98.40539,98.66294,18008
2026-03-15 23:00:00,0,0.3881278014928326,0.6118721985071673,Hold,98.65304,99.49504,97.474236,97.84075,10998
2026-03-16 00:00:00,0,0.36745303634564597,0.632546963654354,Hold,97.85066,97.93981,96.42421,96.56289,10450
2026-03-16 01:00:00,0,0.3582572098777536,0.6417427901222463,Hold,96.552986,97.860565,95.82985,97.563385,9259
2026-03-16 02:00:00,0,0.3689003087623577,0.6310996912376423,Hold,97.5832,98.445015,97.18696,97.98934,7803
2026-03-16 03:00:00,0,0.40838644966194915,0.5916135503380509,Hold,98.009155,98.40539,97.622826,98.31624,4903
2026-03-16 04:00:00,0,0.44144989433103626,0.5585501056689637,Hold,98.33605,98.85116,98.28652,98.593605,2587
2026-03-16 05:00:00,0,0.47414775320516167,0.5258522467948383,Hold,98.61341,98.80163,97.39499,97.523766,4296
2026-03-16 06:00:00,0,0.4928264198807309,0.5071735801192692,Hold,97.523766,98.7521,97.19687,97.97944,5352
2026-03-16 07:00:00,0,0.519695466317944,0.48030453368205595,Buy,97.98934,100.07949,97.662445,99.54457,11327
2026-03-16 08:00:00,0,0.5596394828807387,0.4403605171192613,Buy,99.564384,99.950714,98.60351,98.831345,12011
2026-03-16 09:00:00,0,0.5570003698083948,0.44299963019160515,Buy,98.82144,99.33655,97.68226,98.21718,8783
2026-03-16 10:00:00,0,0.5486011356459954,0.45139886435400456,Buy,98.17755,98.36577,95.76051,95.92891,13908
2026-03-16 11:00:00,0,0.5543717762875737,0.4456282237124263,Buy,95.91901,96.89969,95.7506,96.0775,12970
2026-03-16 12:00:00,0,0.5455212927556042,0.45447870724439576,Buy,96.107216,96.48364,93.670364,94.36378,24573
2026-03-16 13:00:00,0,0.542567426470577,0.457432573529423,Buy,94.38359,94.78973,92.09532,92.47175,34690
2026-03-16 14:00:00,0,0.5170120185270435,0.4829879814729565,Buy,92.46184,94.52227,92.12504,94.26472,28787
2026-03-16 15:00:00,0,0.48658599602500363,0.5134140039749964,Hold,94.25481,94.83926,93.64064,94.5619,18827
2026-03-16 16:00:00,0,0.4562068625794208,0.5437931374205792,Hold,94.5817,95.67136,94.007164,94.67086,17927
2026-03-16 17:00:00,0,0.4313188916040191,0.5686811083959808,Hold,94.67086,94.70058,92.838264,93.4128,27295
2026-03-16 18:00:00,0,0.3799835896285273,0.6200164103714727,Hold,93.4128,93.68027,92.09532,92.600525,24886
2026-03-16 19:00:00,0,0.3737146949381895,0.6262853050618105,Hold,92.61043,93.86848,92.055695,92.491554,12517
2026-03-16 20:00:00,0,0.35467497773634915,0.6453250222636508,Hold,92.501465,93.521774,92.21419,93.33356,7643
2026-03-16 22:00:00,0,0.28815643257503587,0.7118435674249641,Hold,93.521774,94.42321,92.99676,94.0666,4075
2026-03-16 23:00:00,0,0.2984830539996966,0.7015169460003035,Hold,94.0765,94.42321,93.58121,94.03688,3253
2026-03-17 00:00:00,0,0.3027361088052697,0.6972638911947303,Hold,94.01707,95.45342,93.94772,94.99776,4934
2026-03-17 01:00:00,0,0.3250600514726719,0.6749399485273281,Hold,95.04729,95.28503,94.28453,94.92841,5930
2026-03-17 02:00:00,0,0.34363378310860104,0.656366216891399,Hold,94.91851,95.25531,94.67086,95.08691,3134
2026-03-17 03:00:00,0,0.39561925314555696,0.6043807468544431,Hold,95.06709,95.39399,94.83926,95.13644,3006
2026-03-17 04:00:00,0,0.4287229115031391,0.5712770884968609,Hold,95.12653,95.38409,94.52227,94.93832,2055
2026-03-17 05:00:00,0,0.46710338832508375,0.5328966116749163,Hold,94.94823,97.06809,94.38359,96.889786,5399
2026-03-17 06:00:00,0,0.5107658709839472,0.4892341290160528,Buy,96.9096,97.49405,96.107216,96.63223,8066
2026-03-17 07:00:00,0,0.5301956975083713,0.46980430249162874,Buy,96.602516,96.83035,95.58221,96.008156,6723
2026-03-17 08:00:00,0,0.5263428461895698,0.47365715381043016,Buy,95.97844,96.99875,95.810036,96.53317,8087
2026-03-17 09:00:00,0,0.5308745392370712,0.4691254607629288,Buy,96.543076,96.552986,94.73029,94.98785,7612
2026-03-17 10:00:00,0,0.5254138329971618,0.4745861670028382,Buy,94.99776,96.01807,94.97794,95.29493,4424
2026-03-17 11:00:00,0,0.518486127965526,0.48151387203447404,Buy,95.29493,96.107216,95.25531,95.99825,5200
2026-03-17 12:00:00,0,0.5347985129151114,0.4652014870848886,Buy,95.99825,96.107216,94.21519,94.22509,9294
2026-03-17 13:00:00,0,0.5209326656157971,0.4790673343842029,Buy,94.25481,94.46284,92.94723,94.22509,16821
2026-03-17 14:00:00,0,0.5190623354471429,0.48093766455285714,Buy,94.22509,94.66095,92.986855,93.30384,16041
2026-03-17 15:00:00,0,0.4687354832074273,0.5312645167925727,Hold,93.323654,95.077,93.036385,94.77982,17817
2026-03-17 16:00:00,0,0.45682584552422334,0.5431741544757767,Hold,94.77982,94.93832,93.46233,94.155754,17023
2026-03-17 17:00:00,0,0.44536551050811807,0.554634489491882,Hold,94.17556,95.13644,94.0765,94.85907,16237
2026-03-17 18:00:00,0,0.3970524603840344,0.6029475396159656,Hold,94.84917,95.46333,94.48264,95.06709,15992
2026-03-17 19:00:00,0,0.3714039583958051,0.6285960416041949,Hold,95.05719,95.423706,94.76001,95.2454,4276
2026-03-17 20:00:00,0,0.3448982769199561,0.6551017230800439,Hold,95.25531,95.4138,94.92841,95.11662,2681
2026-03-17 22:00:00,0,0.3034809319924754,0.6965190680075246,Hold,95.09682,95.50295,94.106224,94.94823,2010
2026-03-17 23:00:00,0,0.30530678292076263,0.6946932170792374,Hold,94.8987,95.44352,94.76001,95.09682,1026
2026-03-18 00:00:00,0,0.28727049501263346,0.7127295049873665,Hold,95.09682,95.11662,93.759514,93.92792,1421
2026-03-18 01:00:00,0,0.2871133341686097,0.7128866658313904,Hold,93.88829,94.29443,93.59111,94.11613,922
2026-03-18 02:00:00,0,0.3050099905218941,0.6949900094781059,Hold,94.08641,94.29443,93.10572,93.65055,966
2026-03-18 03:00:00,0,0.37394215507420747,0.6260578449257925,Hold,93.65055,93.74961,92.17457,92.303345,2145
2026-03-18 04:00:00,0,0.4194006112040216,0.5805993887959784,Hold,92.31325,92.442024,91.966545,92.28353,1806
2026-03-18 05:00:00,0,0.44074522234533314,0.5592547776546668,Hold,92.28353,92.67977,91.60993,91.78824,1882
2026-03-18 06:00:00,1,0.47148930140182427,0.5285106985981758,Hold,91.817955,92.491554,91.094826,92.38259,2107
2026-03-18 07:00:00,1,0.5027375175332975,0.49726248246670246,Buy,92.31325,92.877884,92.17457,92.81845,1668
2026-03-18 08:00:00,1,0.5217790476772436,0.4782209523227564,Buy,92.82836,93.7397,92.739204,93.393,3996
2026-03-18 09:00:00,1,0.5212153202486537,0.4787846797513463,Buy,93.38309,94.056694,93.2345,93.858574,1641
2026-03-18 10:00:00,1,0.5294798625637057,0.4705201374362943,Buy,93.86848,94.0765,93.56139,93.82886,1574
2026-03-18 11:00:00,1,0.523345800846959,0.47665419915304097,Buy,93.82886,95.08691,93.422714,94.18547,3757
2026-03-18 12:00:00,0,0.5052432660466186,0.4947567339533814,Buy,94.18547,97.14734,94.11613,97.028465,7922
2026-03-18 13:00:00,0,0.5143747727977787,0.48562522720222134,Buy,96.879875,98.16765,96.63223,97.97944,7533
2026-03-18 14:00:00,0,0.5007979181763252,0.49920208182367476,Buy,98.009155,98.47473,97.325645,97.92991,5559
2026-03-18 15:00:00,0,0.4795100848040113,0.5204899151959888,Hold,97.93981,98.435104,96.95913,97.30583,7041
2026-03-18 16:00:00,0,0.4446744620417014,0.5553255379582986,Hold,97.226585,97.513855,96.543076,97.127525,5292
2026-03-18 17:00:00,1,0.4112437026895977,0.5887562973104024,Hold,97.127525,97.70207,95.11662,95.26521,5827
2026-03-18 18:00:00,0,0.3813555495261743,0.6186444504738258,Hold,95.30484,96.453926,94.4034,96.28552,7671
2026-03-18 19:00:00,0,0.347307026890168,0.652692973109832,Hold,96.305336,97.84075,95.909096,97.53367,2800
2026-03-18 20:00:00,0,0.34264465162989877,0.6573553483701012,Hold,97.55348,99.604004,97.43461,98.880875,2526
2026-03-18 22:00:00,0,0.3413481420356599,0.6586518579643401,Hold,98.197365,98.593605,97.50395,98.11812,922
2026-03-18 23:00:00,0,0.33730790579429654,0.6626920942057035,Hold,98.0884,98.544075,97.325645,98.197365,616
2026-03-19 00:00:00,0,0.387601879165218,0.612398120834782,Hold,98.197365,99.05638,98.04754,98.24731,12853
2026-03-19 01:00:00,0,0.3934878589317721,0.6065121410682279,Hold,98.24731,98.54697,97.30839,97.93766,10805
2026-03-19 02:00:00,0,0.3750393284759219,0.6249606715240781,Hold,97.93766,98.137436,95.6403,96.079796,17367
2026-03-19 03:00:00,0,0.3921047747420994,0.6078952252579006,Hold,96.079796,96.439384,95.74018,96.359474,6931
2026-03-19 04:00:00,0,0.44114023514630346,0.5588597648536966,Hold,96.36946,96.72905,96.18967,96.4194,4056
2026-03-19 05:00:00,0,0.4687481682374429,0.5312518317625571,Hold,96.39943,97.158554,95.85006,96.36946,8023
2026-03-19 06:00:00,0,0.4945167890326764,0.5054832109673236,Hold,96.3395,96.69908,95.92997,96.22962,8687
2026-03-19 07:00:00,0,0.5118451613120734,0.48815483868792664,Buy,96.219635,96.878876,95.21079,96.65913,19313
2026-03-19 08:00:00,0,0.5393297046783815,0.4606702953216185,Buy,96.63915,97.18852,95.70023,96.67911,19001
2026-03-19 09:00:00,1,0.5268579675318563,0.4731420324681437,Buy,96.67911,98.84662,94.301834,95.05097,41140
2026-03-19 10:00:00,0,0.5347946983145604,0.4652053016854396,Buy,95.05097,96.38944,94.75132,96.11975,20456
2026-03-19 11:00:00,0,0.5289772750194324,0.47102272498056763,Buy,96.11975,97.62802,95.84007,96.52928,14811
2026-03-19 12:00:00,0,0.5299884713003779,0.47001152869962215,Buy,96.55924,96.82893,95.16085,96.17968,23469
2026-03-19 13:00:00,0,0.5262038222175852,0.4737961777824148,Buy,96.17968,97.13858,95.25075,95.97991,41511
2026-03-19 14:00:00,0,0.49934737152211167,0.5006526284778883,Hold,95.96992,97.12859,95.670265,96.38944,28418
2026-03-19 15:00:00,0,0.47161146262190917,0.5283885373780908,Hold,96.39943,100.364876,95.58037,97.96763,66671
2026-03-19 16:00:00,0,0.4539351963177417,0.5460648036822583,Hold,97.93766,98.55695,96.52928,97.02871,35529
2026-03-19 17:00:00,0,0.41778892795151135,0.5822110720484887,Hold,97.018715,97.16855,95.01102,95.69024,28235
2026-03-19 18:00:00,0,0.3727396702758596,0.6272603297241404,Hold,95.69024,96.08978,94.052124,94.87118,35450
2026-03-19 19:00:00,0,0.35844370567860906,0.6415562943213909,Hold,94.86119,95.19081,91.994484,94.12204,42874
2026-03-19 20:00:00,0,0.34563825249241886,0.6543617475075811,Hold,94.11205,94.66142,93.862335,94.48163,7314
2026-03-19 22:00:00,0,0.2836165761990907,0.7163834238009092,Hold,94.351776,94.69138,93.84236,93.88232,2250
2026-03-19 23:00:00,0,0.28737077017159873,0.7126292298284013,Hold,93.84236,94.04213,93.51274,93.85235,2286
2026-03-20 00:00:00,0,0.29561659798510975,0.7043834020148902,Hold,93.85235,94.34179,93.29299,94.09207,5603
2026-03-20 01:00:00,0,0.33051797456821413,0.6694820254317859,Hold,94.06211,94.241905,92.36406,92.86349,11139
2026-03-20 02:00:00,0,0.32126667424083594,0.6787333257591641,Hold,92.85349,93.612625,92.75361,93.5527,6754
2026-03-20 03:00:00,0,0.36635973321734844,0.6336402667826515,Hold,93.5427,94.052124,93.27301,93.76245,4006
2026-03-20 04:00:00,0,0.3871151939596465,0.6128848060403536,Hold,93.74248,93.96223,93.30298,93.942245,2507
2026-03-20 05:00:00,0,0.43208740968029885,0.5679125903197011,Hold,93.95223,94.12204,93.18312,93.33295,4627
2026-03-20 06:00:00,0,0.4466241328312178,0.5533758671687822,Hold,93.33295,94.64144,93.32296,94.40172,5807
2026-03-20 07:00:00,0,0.46915390439432353,0.5308460956056764,Hold,94.40172,94.67141,93.43283,93.58266,7809
2026-03-20 08:00:00,0,0.48684619652304645,0.5131538034769536,Hold,93.5527,95.41056,93.18312,95.3806,18527
2026-03-20 09:00:00,0,0.49834587716227974,0.5016541228377203,Hold,95.36062,96.04983,94.97107,95.77015,15051
2026-03-20 10:00:00,0,0.5066319417894631,0.49336805821053686,Buy,95.77015,96.3395,95.19081,95.33065,10178
2026-03-20 11:00:00,0,0.5049222106318231,0.4950777893681769,Buy,95.32066,95.40057,93.97221,94.082085,12782
2026-03-20 12:00:00,0,0.49787324080585366,0.5021267591941463,Hold,94.0721,95.09093,93.79242,94.89116,15539
2026-03-20 13:00:00,0,0.4884097258831207,0.5115902741168793,Hold,94.89116,96.10976,94.67141,95.919975,24205
2026-03-20 14:00:00,0,0.48140107242751123,0.5185989275724887,Hold,95.9,96.958786,95.17084,96.73904,22443
2026-03-20 15:00:00,1,0.4644641620916929,0.535535837908307,Hold,96.72905,96.92882,95.58037,96.44937,24614
2026-03-20 16:00:00,0,0.44784059399329185,0.5521594060067081,Hold,96.44937,97.66798,96.11975,97.428246,19826
2026-03-20 17:00:00,0,0.4280348873784799,0.5719651126215202,Hold,97.428246,98.39713,97.26843,97.9077,26762
2026-03-20 18:00:00,0,0.39453704128017075,0.6054629587198292,Hold,97.9077,98.63686,96.82893,98.47704,43671
2026-03-20 19:00:00,0,0.3878749956887042,0.6121250043112958,Hold,98.47704,98.63686,97.28841,97.36832,15071
2026-03-20 20:00:00,0,0.37485283742443093,0.6251471625755691,Hold,97.3783,98.04754,97.32836,97.977615,7039
2026-03-22 22:00:00,0,0.3438472270240542,0.6561527729759458,Hold,100.394844,101.38371,96.63915,97.96763,21666
2026-03-22 23:00:00,0,0.3189778138652559,0.6810221861347441,Hold,97.977615,98.666824,97.707924,98.47704,4523
2026-03-23 00:00:00,0,0.32687355728544104,0.6731264427145589,Hold,98.46706,98.826645,97.787834,98.04754,5757
2026-03-23 01:00:00,0,0.3416498971745328,0.6583501028254672,Hold,98.04754,98.63686,97.87773,98.46706,7385
2026-03-23 02:00:00,0,0.3480871167056358,0.6519128832943641,Hold,98.45707,98.99645,98.28726,98.7767,5320
2026-03-23 03:00:00,0,0.3807964599206137,0.6192035400793863,Hold,98.7767,99.216194,98.746735,99.09634,2993
2026-03-23 04:00:00,0,0.41374790216404367,0.5862520978359563,Hold,99.09634,99.18623,98.686806,98.7767,2124
2026-03-23 05:00:00,0,0.4351321544523267,0.5648678455476732,Hold,98.78669,98.87659,97.84776,98.37716,4867
2026-03-23 06:00:00,0,0.49720169303614364,0.5027983069638564,Hold,98.387146,100.724464,98.26729,100.45477,14058
2026-03-23 07:00:00,0,0.5205740507335018,0.4794259492664982,Buy,100.4348,101.55351,100.21505,100.98417,10772
2026-03-23 08:00:00,0,0.5239682826063834,0.4760317173936166,Buy,100.98417,100.98417,99.22619,99.22619,18330
2026-03-23 09:00:00,0,0.5388158007268202,0.4611841992731798,Buy,99.20621,99.32607,97.9976,98.7767,12839
2026-03-23 10:00:00,0,0.5317885805780342,0.46821141942196576,Buy,98.766716,99.316086,97.28841,98.47704,9686
2026-03-23 11:00:00,0,0.5294241088107182,0.4705758911892818,Buy,98.46706,98.65684,84.27334,92.39402,71371
2026-03-23 12:00:00,0,0.5215608201851158,0.47843917981488415,Buy,92.38403,93.21308,88.4885,89.29758,37921
2026-03-23 13:00:00,0,0.5160052532942104,0.48399474670578957,Buy,89.26761,91.18541,88.02903,89.03787,39713
2026-03-23 14:00:00,0,0.50166624605845,0.49833375394155,Buy,89.04786,90.20653,87.86921,89.14774,35005
2026-03-23 15:00:00,0,0.4581304221301165,0.5418695778698834,Hold,89.14774,90.72594,85.33212,90.39632,68148
2026-03-23 16:00:00,0,0.42454356321388886,0.5754564367861111,Hold,90.36635,91.76475,89.007904,89.54729,40683
2026-03-23 17:00:00,0,0.4019393515795425,0.5980606484204575,Hold,89.54729,90.20653,88.398605,88.5784,25995
2026-03-23 18:00:00,0,0.33617680974183983,0.6638231902581602,Hold,88.56841,89.40745,86.63063,87.6195,33094
2026-03-23 19:00:00,0,0.31248390346010674,0.6875160965398932,Hold,87.59952,88.74821,87.329834,88.60837,9921
2026-03-23 20:00:00,0,0.30348807181488674,0.6965119281851133,Hold,88.59837,89.357506,88.288734,88.76818,5110
2026-03-23 22:00:00,0,0.2550309652667999,0.7449690347332001,Hold,88.67828,89.39746,88.618355,89.027885,2014
2026-03-23 23:00:00,0,0.2543347774261899,0.7456652225738101,Hold,89.027885,89.48736,88.398605,89.34752,3037
2026-03-24 00:00:00,0,0.268910808912117,0.731089191087883,Hold,89.337524,90.895744,89.247635,90.30642,10418
2026-03-24 01:00:00,0,0.3003788271604653,0.6996211728395347,Hold,90.296425,91.79471,90.28644,91.42513,7563
2026-03-24 02:00:00,0,0.3116385985239713,0.6883614014760286,Hold,91.415146,91.89459,90.845795,91.15544,6461
2026-03-24 03:00:00,0,0.3614791054022325,0.6385208945977675,Hold,91.17542,91.75475,91.13547,91.52502,2664
2026-03-24 04:00:00,0,0.4102029603207803,0.5897970396792197,Hold,91.51503,91.93455,91.365204,91.415146,2615
2026-03-24 05:00:00,0,0.44134202790498833,0.5586579720950117,Hold,91.43512,92.184265,91.20538,91.475075,4519
2026-03-24 06:00:00,0,0.4780404341945072,0.5219595658054927,Hold,91.48506,91.554985,90.50619,90.73592,7073
2026-03-24 07:00:00,0,0.5200871878849401,0.4799128121150599,Buy,90.7559,90.97565,89.28758,89.337524,12454
2026-03-24 08:00:00,0,0.5317348018059517,0.4682651981940483,Buy,89.34752,90.705956,89.007904,90.436264,17924
2026-03-24 09:00:00,0,0.5507049800528293,0.4492950199471707,Buy,90.436264,91.34522,90.16658,90.296425,8824
2026-03-24 10:00:00,0,0.5474258157194027,0.45257418428059726,Buy,90.31641,90.536156,89.32754,90.266464,7916
2026-03-24 11:00:00,0,0.5397116993427973,0.4602883006572027,Buy,90.266464,91.32525,89.86692,90.76589,10581
2026-03-24 12:00:00,0,0.5196075671106267,0.4803924328893733,Buy,90.7559,92.104355,90.675995,91.694824,16008
2026-03-24 13:00:00,0,0.5305740394442571,0.4694259605557429,Buy,91.68484,92.573814,91.335236,91.964516,26495
2026-03-24 14:00:00,0,0.5287815488834622,0.4712184511165378,Buy,91.9745,92.20424,90.41629,91.04557,33830
2026-03-24 15:00:00,0,0.4698247090482424,0.5301752909517576,Hold,91.04557,92.28415,90.456245,92.12433,20597
2026-03-24 16:00:00,0,0.4525433820698951,0.5474566179301049,Hold,92.11434,92.78358,91.81469,92.53386,18440
2026-03-24 17:00:00,0,0.4351258534332741,0.564874146566726,Hold,92.56383,93.25304,91.085526,91.65487,23885
2026-03-24 18:00:00,0,0.4024397116218369,0.5975602883781631,Hold,91.664856,92.513885,90.845795,91.65487,25616
2026-03-24 19:00:00,0,0.38147028682071854,0.6185297131792815,Hold,91.65487,91.884605,91.05556,91.79471,6688
2026-03-24 20:00:00,0,0.33021347892816627,0.6697865210718337,Hold,91.79471,91.84465,86.24108,88.288734,28912
2026-03-24 22:00:00,0,0.26774207282315865,0.7322579271768414,Hold,88.38862,89.25762,87.69941,88.67828,5434
2026-03-24 23:00:00,0,0.2538090978694316,0.7461909021305684,Hold,88.648315,88.89803,88.40859,88.758194,2565
2026-03-25 00:00:00,0,0.2948585341618254,0.7051414658381746,Hold,88.788155,88.89803,86.62064,87.689415,10856
2026-03-25 01:00:00,0,0.29522155502165687,0.7047784449783432,Hold,87.689415,87.97909,86.69057,87.48965,6823
2026-03-25 02:00:00,0,0.3076659574433244,0.6923340425566755,Hold,87.49963,89.06784,87.219955,88.89803,4974
2026-03-25 03:00:00,0,0.3779085161752938,0.6220914838247062,Hold,88.928,89.12777,88.26875,88.84809,4269
2026-03-25 04:00:00,0,0.41677309324014655,0.5832269067598534,Hold,88.85808,88.99792,88.178856,88.2288,2850
2026-03-25 05:00:00,0,0.4213948076831674,0.5786051923168326,Hold,88.26875,89.247635,88.258766,89.06784,2884
2026-03-25 06:00:00,0,0.4816784805560437,0.5183215194439563,Hold,89.04786,89.46738,88.808136,89.11778,4229
2026-03-25 07:00:00,0,0.5186407929644736,0.48135920703552637,Buy,89.10779,89.15774,88.148895,88.26875,7446
2026-03-25 08:00:00,0,0.5356126839644115,0.46438731603558847,Buy,88.24878,88.43856,86.49079,87.5296,19204
2026-03-25 09:00:00,0,0.5577998205173349,0.4422001794826651,Buy,87.50963,88.68827,87.08012,87.64947,11188
2026-03-25 10:00:00,0,0.5745170051352289,0.42548299486477115,Buy,87.60951,87.83925,86.80044,86.99022,8962
2026-03-25 11:00:00,0,0.5682682478118486,0.4317317521881514,Buy,87.000206,87.85922,86.36094,87.16003,13965
2026-03-25 12:00:00,0,0.5694498119809637,0.43055018801903633,Buy,87.15004,89.28758,86.93029,88.35865,25896
2026-03-25 13:00:00,0,0.5458561955011533,0.4541438044988467,Buy,88.34866,88.70825,87.31984,88.58839,29964
2026-03-25 14:00:00,0,0.5257003091526373,0.4742996908473627,Buy,88.59837,89.07783,88.15888,88.91801,23964
2026-03-25 15:00:00,0,0.48137791430177906,0.5186220856982209,Hold,88.91801,90.28644,88.73821,90.236496,25844
2026-03-25 16:00:00,0,0.46842345207781566,0.5315765479221843,Hold,90.25648,90.57611,89.25762,90.08667,23900
2026-03-25 17:00:00,0,0.43358593192324235,0.5664140680767576,Hold,90.07668,90.845795,89.12777,90.20653,26152
2026-03-25 18:00:00,0,0.3750483732074218,0.6249516267925782,Hold,90.21652,91.27531,89.80699,91.1055,21969
2026-03-25 19:00:00,0,0.37949859537851666,0.6205014046214834,Hold,91.13547,91.6249,90.456245,90.845795,7836
2026-03-25 20:00:00,0,0.34486042442273707,0.6551395755772629,Hold,90.83581,91.395164,90.83581,91.18541,2896
2026-03-25 22:00:00,0,0.3446950909891668,0.6553049090108332,Hold,91.27531,91.31526,90.77588,90.895744,1446
2026-03-25 23:00:00,0,0.3646173056570347,0.6353826943429652,Hold,90.87576,91.12548,90.60607,90.97565,1073
2026-03-26 00:00:00,0,0.36909259839182684,0.6309074016081732,Hold,90.97565,91.495056,90.845795,91.13547,3808
2026-03-26 01:00:00,0,0.39296558583352614,0.6070344141664739,Hold,91.09551,91.50504,90.83581,91.16543,3523
2026-03-26 02:00:00,0,0.3888693621052336,0.6111306378947664,Hold,91.18541,91.884605,90.97565,91.79471,4091
2026-03-26 03:00:00,0,0.4421871493899727,0.5578128506100273,Hold,91.804695,91.994484,91.475075,91.634895,2760
2026-03-26 04:00:00,0,0.4710930671484497,0.5289069328515503,Hold,91.64488,92.044426,91.51503,91.964516,2039
2026-03-26 05:00:00,0,0.4986702507334814,0.5013297492665185,Hold,91.9745,92.324104,91.81469,92.23421,4407
2026-03-26 06:00:00,0,0.5215086391406902,0.47849136085930977,Buy,92.23421,92.39402,91.994484,92.20424,6033
2026-03-26 07:00:00,0,0.5255763269824512,0.47442367301754884,Buy,92.20424,93.22307,92.184265,92.97336,8986
2026-03-26 08:00:00,0,0.5517258200393929,0.44827417996060714,Buy,92.94339,94.022156,92.593796,93.5527,12983
2026-03-26 09:00:00,0,0.5574543892674616,0.4425456107325384,Buy,93.532715,93.84236,93.09322,93.40286,8902
2026-03-26 10:00:00,0,0.5742717079550997,0.42572829204490026,Buy,93.40286,93.64259,92.55384,93.143166,9390
2026-03-26 11:00:00,0,0.5629868692882681,0.43701313071173187,Buy,93.13317,94.73134,92.9334,94.551544,9552
2026-03-26 12:00:00,0,0.5690719546267247,0.43092804537327534,Buy,94.571526,94.711365,93.85235,94.32181,11927
2026-03-26 13:00:00,0,0.5471445999177774,0.4528554000822226,Buy,94.32181,94.37176,92.61377,92.75361,27313
2026-03-26 14:00:00,0,0.5318578642281925,0.4681421357718075,Buy,92.77359,94.082085,92.324104,93.59264,32402
2026-03-26 15:00:00,0,0.47420391000698414,0.5257960899930159,Hold,93.57267,94.631454,93.38289,94.48163,22337
2026-03-26 16:00:00,0,0.45299242889479313,0.5470075711052069,Hold,94.47164,95.13088,94.21194,94.601494,18010
2026-03-26 17:00:00,0,0.4195761720982327,0.5804238279017673,Hold,94.601494,95.33065,94.5016,95.13088,13648
2026-03-26 18:00:00,0,0.3798711417399545,0.6201288582600455,Hold,95.13088,95.180824,93.96223,94.21194,16341
2026-03-26 19:00:00,0,0.3634130823295158,0.6365869176704841,Hold,94.21194,94.551544,93.87233,93.99219,5834
2026-03-26 20:00:00,0,0.3401609924061373,0.6598390075938627,Hold,94.002174,94.351776,89.40745,93.68254,21277
2026-03-26 22:00:00,0,0.2957303384960929,0.704269661503907,Hold,93.203094,93.6326,92.91343,93.13317,2003
2026-03-26 23:00:00,0,0.28163829045352945,0.7183617095464705,Hold,93.15315,93.35292,92.953384,93.143166,1337
2026-03-27 00:00:00,0,0.3119503540538406,0.6880496459461594,Hold,93.13317,94.04213,92.63375,93.97221,5496
2026-03-27 01:00:00,0,0.318746787299183,0.6812532127008171,Hold,93.97221,94.09207,92.86349,92.953384,4529
2026-03-27 02:00:00,0,0.32729032119126567,0.6727096788087343,Hold,92.9334,93.4628,91.9745,93.29299,5052
2026-03-27 03:00:00,0,0.3661092446805348,0.6338907553194653,Hold,93.27301,93.692535,93.24305,93.38289,2582
2026-03-27 04:00:00,0,0.39758325873925116,0.6024167412607488,Hold,93.38289,93.76245,93.34293,93.71251,1509
2026-03-27 05:00:00,0,0.4306457742464203,0.5693542257535797,Hold,93.692535,93.9822,93.43283,93.96223,3240
2026-03-27 06:00:00,0,0.4672786898310288,0.5327213101689712,Hold,93.95223,94.34179,93.56268,94.241905,4246
2026-03-27 07:00:00,0,0.5071152455002361,0.4928847544997639,Buy,94.221924,95.36062,94.11205,94.961075,9933
2026-03-27 08:00:00,0,0.5314644827549173,0.4685355172450827,Buy,94.97107,96.19965,94.75132,95.9899,12155
2026-03-27 09:00:00,0,0.5400439553546763,0.4599560446453237,Buy,95.9899,96.63915,95.66028,95.9899,8943
2026-03-27 10:00:00,0,0.5288521411285994,0.47114785887140065,Buy,95.9899,97.02871,95.69024,96.92882,7749
2026-03-27 11:00:00,0,0.5380714201224913,0.4619285798775087,Buy,96.91883,97.10861,96.17968,96.52928,7759
2026-03-27 12:00:00,0,0.5387867384453837,0.4612132615546163,Buy,96.52928,97.13858,96.329506,96.65913,9741
2026-03-27 13:00:00,0,0.5247667487969934,0.47523325120300663,Buy,96.65913,97.75787,96.45936,97.647995,22274
2026-03-27 14:00:00,0,0.5206866886250907,0.4793133113749093,Buy,97.65798,98.23732,96.74902,98.06751,23712
2026-03-27 15:00:00,1,0.4816738430319619,0.5183261569680381,Hold,98.06751,98.0775,96.848915,97.87773,21735
2026-03-27 16:00:00,1,0.43676775193393885,0.5632322480660612,Hold,97.867744,98.78669,97.61803,98.69679,18121
2026-03-27 17:00:00,1,0.4204116028800436,0.5795883971199565,Hold,98.69679,98.72676,97.96763,98.47704,14408
2026-03-27 18:00:00,1,0.36658938291098314,0.6334106170890168,Hold,98.48703,99.925385,98.43709,99.05638,33377
2026-03-27 19:00:00,1,0.35887052960016697,0.641129470399833,Hold,99.046394,100.42481,98.71677,99.54582,18121
2026-03-27 20:00:00,0,0.36219586317963587,0.6378041368203642,Hold,99.52584,101.12401,98.88657,101.06408,12477
2026-03-29 22:00:00,0,0.3741637228331736,0.6258362771668264,Hold,102.48245,103.26156,101.074066,102.003,11834
2026-03-29 23:00:00,0,0.3525405667667772,0.6474594332332229,Hold,102.01299,102.802086,101.7433,102.67223,4799
2026-03-30 00:00:00,0,0.36528392407159394,0.6347160759284061,Hold,102.68222,103.03182,100.93423,102.90197,11173
2026-03-30 01:00:00,0,0.3641007984516084,0.6358992015483915,Hold,102.93194,103.09175,101.59347,101.86316,6683
2026-03-30 02:00:00,0,0.3695275993510213,0.6304724006489787,Hold,101.873146,102.941925,101.0441,101.55351,6332
2026-03-30 03:00:00,0,0.4130868171773239,0.5869131828226761,Hold,101.55351,101.63342,100.145134,101.463615,10013
2026-03-30 04:00:00,0,0.43215332762958986,0.5678466723704101,Hold,101.463615,101.463615,100.964195,101.353745,2369
2026-03-30 05:00:00,0,0.4606868820973199,0.5393131179026801,Hold,101.373726,101.41367,100.444786,100.73446,4122
2026-03-30 06:00:00,0,0.47935615569262063,0.5206438443073793,Hold,100.71448,101.653404,100.30495,101.47361,6057
2026-03-30 07:00:00,0,0.5203672467897037,0.4796327532102963,Buy,101.463615,102.07292,101.024124,101.573494,8399
2026-03-30 08:00:00,0,0.5476776725851052,0.45232232741489475,Buy,101.56351,102.372574,100.54467,100.9542,10554
2026-03-30 09:00:00,0,0.5426420936154221,0.45735790638457785,Buy,100.944214,101.73331,100.64456,101.47361,6251
2026-03-30 10:00:00,0,0.5609032898109795,0.4390967101890205,Buy,101.4836,101.923096,101.18394,101.58348,4499
2026-03-30 11:00:00,0,0.5526716806716655,0.4473283193283345,Buy,101.573494,101.653404,99.316086,100.994156,14105
2026-03-30 12:00:00,0,0.5581387779518355,0.44186122204816447,Buy,100.98417,101.373726,100.38486,100.56465,10655
2026-03-30 13:00:00,0,0.5581704907410977,0.4418295092589023,Buy,100.57464,102.74215,99.87544,102.28268,27799
2026-03-30 14:00:00,0,0.5359567164127406,0.46404328358725944,Buy,102.29267,102.392555,101.213905,101.95306,22629
2026-03-30 15:00:00,0,0.4892065086272073,0.5107934913727927,Hold,101.95306,102.91196,101.38371,102.85203,23808
2026-03-30 16:00:00,0,0.4545371342587459,0.5454628657412541,Hold,102.84204,103.741005,102.34261,102.81207,18699
2026-03-30 17:00:00,0,0.4305132222778612,0.5694867777221388,Hold,102.802086,103.61115,102.612305,103.25157,15369
2026-03-30 18:00:00,0,0.4009848642282671,0.5990151357717328,Hold,103.26156,103.29152,102.232735,103.20162,19149
2026-03-30 19:00:00,0,0.4017867967754397,0.5982132032245603,Hold,103.191635,104.230446,103.04181,104.0107,12436
2026-03-30 20:00:00,0,0.3858410836218237,0.6141589163781763,Hold,104.00071,105.23929,103.99072,104.88969,7011
2026-03-30 22:00:00,0,0.3563698918087718,0.6436301081912281,Hold,104.94962,105.51897,104.38027,105.44905,2677
2026-03-30 23:00:00,0,0.37612989909311145,0.6238701009068885,Hold,105.45904,106.73757,105.37913,106.08832,6672
2026-03-31 00:00:00,0,0.34160662108191414,0.6583933789180858,Hold,106.05835,106.41794,103.94078,103.95077,11246
2026-03-31 01:00:00,0,0.2950506764219666,0.7049493235780334,Hold,103.94078,104.62999,100.71448,101.56351,19151
2026-03-31 02:00:00,0,0.2929077722480826,0.7070922277519174,Hold,101.543526,102.46247,101.31379,102.12286,7005
2026-03-31 03:00:00,0,0.34711542024049097,0.6528845797595091,Hold,102.14284,103.04181,101.45363,102.872,5276
2026-03-31 04:00:00,0,0.3931880067692876,0.6068119932307123,Hold,102.85203,103.01184,102.472466,102.68222,2161
2026-03-31 05:00:00,0,0.43418617878454585,0.5658138212154542,Hold,102.66225,103.331474,102.34261,102.60231,3577
2026-03-31 06:00:00,0,0.4642936588200923,0.5357063411799077,Hold,102.58234,102.941925,102.33262,102.54238,3499
2026-03-31 07:00:00,0,0.48706536408814904,0.512934635911851,Hold,102.55237,103.32149,101.683365,101.9131,7664
2026-03-31 08:00:00,0,0.5099776376579974,0.4900223623420026,Buy,101.923096,102.7921,101.79324,102.34261,10107
2026-03-31 09:00:00,0,0.5158815029527848,0.4841184970472152,Buy,102.3526,104.21047,101.18394,104.08062,13979
2026-03-31 10:00:00,0,0.5216884488643099,0.4783115511356901,Buy,104.08062,104.8797,103.55122,104.699905,11627
2026-03-31 11:00:00,0,0.5164616223450005,0.4835383776549995,Buy,104.70989,105.09945,102.422516,102.7022,20451
2026-03-31 12:00:00,0,0.5141955051887026,0.4858044948112974,Buy,102.68222,103.91081,102.15283,103.04181,18867
2026-03-31 13:00:00,0,0.5046248606036243,0.4953751393963757,Buy,103.06178,103.77097,102.08291,102.3526,21747
2026-03-31 14:00:00,0,0.46954149364481235,0.5304585063551877,Hold,102.3526,104.28039,101.99301,104.17052,29241
2026-03-31 15:00:00,0,0.4292204382089152,0.5707795617910848,Hold,104.17052,104.65995,103.4014,104.49015,28039
2026-03-31 16:00:00,0,0.3966997507517542,0.6033002492482458,Hold,104.50014,104.919655,99.88543,101.71333,58066
2026-03-31 17:00:00,0,0.35977654759111094,0.640223452408889,Hold,101.69336,102.52241,99.50587,102.312645,43019
2026-03-31 18:00:00,0,0.32004690571189903,0.6799530942881009,Hold,102.32263,102.38257,100.68451,102.22275,35096
2026-03-31 19:00:00,0,0.3166058399986878,0.6833941600013123,Hold,102.21276,102.38257,101.53354,101.96304,7357
2026-03-31 20:00:00,0,0.3071137134096759,0.692886286590324,Hold,101.983025,102.03297,100.554665,101.44364,5877
2026-03-31 22:00:00,0,0.24668394594837195,0.753316054051628,Hold,101.60346,102.73216,101.40369,102.08291,3102
2026-03-31 23:00:00,0,0.2494102418865861,0.7505897581134139,Hold,102.08291,102.12286,101.49358,101.49358,2819
2026-04-01 00:00:00,0,0.2444711063281008,0.7555288936718992,Hold,101.513565,102.452484,101.433655,102.02298,4164
2026-04-01 01:00:00,0,0.26624874438850865,0.7337512556114913,Hold,102.02298,103.04181,101.763275,102.862015,6365
2026-04-01 02:00:00,0,0.25173951281877605,0.748260487181224,Hold,102.84204,103.191635,102.41253,103.06178,2372
2026-04-01 03:00:00,0,0.3049353758905168,0.6950646241094832,Hold,103.06178,103.191635,102.68222,102.83205,2188
2026-04-01 04:00:00,0,0.3567972159975277,0.6432027840024723,Hold,102.84204,103.01184,102.392555,102.4425,1804
2026-04-01 05:00:00,0,0.3868808722450443,0.6131191277549557,Hold,102.452484,102.56236,100.914246,101.16396,5938
2026-04-01 06:00:00,0,0.4195253963753742,0.5804746036246258,Hold,101.14399,101.22389,96.53927,96.86889,27178
2026-04-01 07:00:00,0,0.4408841287461567,0.5591158712538433,Hold,96.83892,98.47704,96.38944,98.24731,18897
2026-04-01 08:00:00,0,0.4708113889249295,0.5291886110750705,Hold,98.24731,99.30609,97.837776,99.20621,14455
2026-04-01 09:00:00,0,0.47580703425427784,0.5241929657457222,Hold,99.20621,100.54467,98.99645,99.94536,12541
2026-04-01 10:00:00,0,0.5011756019800822,0.49882439801991785,Buy,99.925385,100.474754,99.32607,99.865456,11091
2026-04-01 11:00:00,0,0.4973997382990958,0.5026002617009042,Hold,99.845474,100.04524,98.21735,98.686806,12149
2026-04-01 12:00:00,0,0.47531722609598764,0.5246827739040123,Hold,98.666824,100.77441,97.89771,100.46477,26260
2026-04-01 13:00:00,0,0.4841682082315592,0.5158317917684407,Hold,100.474754,100.89427,98.32722,98.84662,31709
2026-04-01 14:00:00,0,0.46267528964916144,0.5373247103508385,Hold,98.84662,99.46591,98.117455,98.9565,25788
2026-04-01 15:00:00,0,0.4064531293869307,0.5935468706130693,Hold,98.9465,100.16511,98.826645,99.61574,20682
2026-04-01 16:00:00,0,0.38190032487853093,0.6180996751214691,Hold,99.625725,100.744446,99.515854,99.9154,16106
2026-04-01 17:00:00,0,0.34886886289798963,0.6511311371020103,Hold,99.89542,99.925385,98.46706,99.19622,18284
2026-04-01 18:00:00,0,0.3130245251068807,0.6869754748931193,Hold,99.19622,100.32493,99.05638,99.71562,22383
2026-04-01 19:00:00,0,0.2960109014267133,0.7039890985732866,Hold,99.7356,99.77556,98.73675,99.40598,10051
2026-04-01 20:00:00,1,0.2882279851628956,0.7117720148371044,Hold,99.41597,99.88543,98.64685,98.79668,3597
2026-04-01 22:00:00,0,0.2599479854789088,0.7400520145210912,Hold,98.80666,99.09634,98.25729,98.936516,1485
2026-04-01 23:00:00,1,0.2556514537479158,0.7443485462520842,Hold,98.91654,99.0364,98.517,98.826645,1715
2026-04-02 00:00:00,1,0.2886387214796441,0.7113612785203559,Hold,98.766716,98.906555,97.38829,97.91769,7454
2026-04-02 01:00:00,0,0.3119658612617422,0.6880341387382578,Hold,97.91769,104.38027,97.66798,104.05065,31939
2026-04-02 02:00:00,0,0.3258244486935176,0.6741755513064824,Hold,104.00071,104.52011,103.42137,103.681076,7873
2026-04-02 03:00:00,0,0.370991177764943,0.6290088222350569,Hold,103.681076,104.70989,103.59118,104.590034,4442
2026-04-02 04:00:00,0,0.40275347231882036,0.5972465276811796,Hold,104.58005,105.52895,104.530106,104.839745,6853
2026-04-02 05:00:00,0,0.42479009053055217,0.5752099094694478,Hold,104.81977,106.02838,104.39026,106.018394,5822
2026-04-02 06:00:00,1,0.47170700739855664,0.5282929926014434,Hold,105.97844,106.62769,105.72873,105.97844,11417
2026-04-02 07:00:00,1,0.4840518971988276,0.5159481028011724,Hold,105.94848,106.54779,105.688774,106.11828,7450
2026-04-02 08:00:00,1,0.5159508635991101,0.48404913640088987,Buy,106.11828,107.117134,105.938484,107.10715,9448
2026-04-02 09:00:00,1,0.5255623056514546,0.47443769434854544,Buy,107.07718,107.90623,106.80749,107.54664,10842
2026-04-02 10:00:00,1,0.5222213259323523,0.47777867406764774,Buy,107.526665,108.49555,107.36685,108.2858,12653
2026-04-02 11:00:00,0,0.5009823011262988,0.4990176988737012,Buy,108.2858,109.804054,108.20589,109.63425,17943
2026-04-02 12:00:00,0,0.5153360514223789,0.4846639485776211,Buy,109.64423,113.210144,109.27466,113.010376,40033
2026-04-02 13:00:00,0,0.4898529270244029,0.510147072975597,Hold,113.02036,113.839424,110.57317,110.902794,55203
2026-04-02 14:00:00,0,0.48137623940253627,0.5186237605974637,Hold,110.902794,111.592,106.49785,108.68533,55889
2026-04-02 15:00:00,0,0.4363658448891688,0.5636341551108313,Hold,108.67535,112.00153,108.24584,111.38224,38139
2026-04-02 16:00:00,0,0.40326006422249355,0.5967399357775065,Hold,111.37225,112.031494,110.3734,110.872826,20961
2026-04-02 17:00:00,0,0.3723866939829966,0.6276133060170034,Hold,110.88281,111.87168,109.913925,111.582016,21272
2026-04-02 18:00:00,0,0.33557495420439193,0.664425045795608,Hold,111.562035,112.17134,110.66307,111.00268,26825
2026-04-02 19:00:00,0,0.3334994527914151,0.666500547208585,Hold,110.982704,111.63196,110.64309,111.342285,8619
2026-04-02 20:00:00,0,0.31118052680239816,0.6888194731976018,Hold,111.32231,111.9416,111.19246,111.93161,4549
2026-04-05 22:00:00,0,0.3421942943980814,0.6578057056019186,Hold,112.83058,115.347694,112.37111,113.559746,10746
2026-04-05 23:00:00,0,0.325279679662232,0.6747203203377681,Hold,113.559746,114.31887,112.75067,114.17903,3597
2026-04-06 00:00:00,0,0.31799800553088753,0.6820019944691125,Hold,114.169044,114.21899,111.67191,112.07145,7268
2026-04-06 01:00:00,0,0.3054398417196918,0.6945601582803083,Hold,112.10142,112.660774,111.37225,111.67191,5616
2026-04-06 02:00:00,0,0.3094291657620392,0.6905708342379608,Hold,111.67191,111.87168,109.37454,111.38224,9059
2026-04-06 03:00:00,0,0.354701415838538,0.645298584161462,Hold,111.39223,112.22128,111.032646,111.202446,4462
2026-04-06 04:00:00,0,0.39391725376802245,0.6060827462319776,Hold,111.172485,111.532074,110.653076,111.28236,2757
2026-04-06 05:00:00,0,0.4045681306222467,0.5954318693777533,Hold,111.29234,111.95159,110.89281,111.61198,2785
2026-04-06 06:00:00,0,0.43047279687632345,0.5695272031236766,Hold,111.62197,112.14137,110.51324,110.74297,6456
2026-04-06 07:00:00,0,0.45416194666001736,0.5458380533399827,Hold,110.67306,111.51209,108.76524,109.29464,6944
2026-04-06 08:00:00,0,0.4851950478411029,0.5148049521588971,Hold,109.254684,110.053764,108.79521,109.364555,5692
2026-04-06 09:00:00,0,0.4866480947898109,0.5133519052101891,Hold,109.34458,111.592,109.05491,111.3323,6140
2026-04-06 10:00:00,0,0.4832216091868296,0.5167783908131705,Hold,111.28236,111.3323,109.62426,109.81404,5516
2026-04-06 11:00:00,0,0.47794609911155445,0.5220539008884455,Hold,109.79407,110.42334,109.474434,109.993835,3677
2026-04-06 12:00:00,0,0.4962191968928416,0.5037808031071584,Hold,109.973854,110.84286,109.804054,110.03379,5842
2026-04-06 13:00:00,0,0.48213926461718737,0.5178607353828126,Hold,110.06375,113.010376,109.71416,111.82174,19612
2026-04-06 14:00:00,0,0.47813865621669,0.52186134378331,Hold,111.81175,112.70073,110.16364,110.83287,23140
2026-04-06 15:00:00,0,0.4395227194694729,0.5604772805305271,Hold,110.82288,112.57088,110.723,111.76181,12702
2026-04-06 16:00:00,0,0.408424617397594,0.5915753826024059,Hold,111.751816,112.15136,111.04263,112.12139,8412
2026-04-06 17:00:00,0,0.3967091608781729,0.6032908391218271,Hold,112.111404,114.14907,112.09143,113.93931,16150
2026-04-06 18:00:00,0,0.3137571775094604,0.6862428224905396,Hold,113.93931,114.089134,111.60199,112.09143,18658
2026-04-06 19:00:00,0,0.31779897963081444,0.6822010203691855,Hold,112.08144,112.86055,111.73184,112.331154,5368
2026-04-06 20:00:00,0,0.30006387727981354,0.6999361227201865,Hold,112.32117,112.930466,112.111404,112.48098,2994
2026-04-06 22:00:00,0,0.2804786686877608,0.7195213313122393,Hold,112.49097,113.48982,112.381096,113.24011,2760
2026-04-06 23:00:00,0,0.31596283669854214,0.6840371633014579,Hold,113.28007,113.81945,112.91049,113.70957,1884
2026-04-07 00:00:00,0,0.3472843707638795,0.6527156292361205,Hold,113.699585,113.779495,112.53092,113.19017,4536
2026-04-07 01:00:00,0,0.37832763143941484,0.6216723685605852,Hold,113.230125,115.03805,112.62082,114.78834,8819
2026-04-07 02:00:00,0,0.3896495592835554,0.6103504407164446,Hold,114.77834,115.36767,114.36882,114.82829,5708
2026-04-07 03:00:00,0,0.41706556801913497,0.582934431980865,Hold,114.83828,115.6074,114.68845,115.49752,3608
2026-04-07 04:00:00,0,0.4551957471708057,0.5448042528291943,Hold,115.49752,116.42646,115.00809,115.30774,5599
2026-04-07 05:00:00,0,0.4701810548694837,0.5298189451305163,Hold,115.29775,115.90705,114.8183,115.13793,3434
2026-04-07 06:00:00,0,0.4909164189009043,0.5090835810990957,Hold,115.11796,115.6074,114.5586,114.7284,5846
2026-04-07 07:00:00,0,0.5434898126528891,0.4565101873471109,Buy,114.718414,115.49752,114.44872,115.23782,5628
2026-04-07 08:00:00,0,0.5215411366277606,0.4784588633722394,Buy,115.22783,115.267784,112.2013,112.56089,17870
2026-04-07 09:00:00,1,0.5325767354166111,0.4674232645833889,Buy,112.5509,112.94045,111.152504,112.42105,12519
2026-04-07 10:00:00,0,0.5265195124277582,0.4734804875722418,Buy,112.40108,114.48868,111.62197,114.06916,18007
2026-04-07 11:00:00,0,0.5440546358501668,0.4559453641498332,Buy,114.03919,115.79718,113.7695,115.6873,13428
2026-04-07 12:00:00,0,0.5422879248843834,0.4577120751156166,Buy,115.697296,116.31658,113.97926,114.93816,21965
2026-04-07 13:00:00,0,0.5385861174808831,0.46141388251911686,Buy,114.91819,116.13679,114.388794,116.086845,21165
2026-04-07 14:00:00,0,0.5458536290867019,0.4541463709132981,Buy,116.07686,116.91589,115.287766,116.28661,24225
2026-04-07 15:00:00,0,0.49227967416200336,0.5077203258379966,Hold,116.29661,117.49523,114.36882,114.84827,30045
2026-04-07 16:00:00,0,0.454251064276867,0.545748935723133,Hold,114.82829,115.50751,113.49982,115.00809,21049
2026-04-07 17:00:00,0,0.40851789448098397,0.591482105519016,Hold,114.99809,115.73724,113.210144,113.78948,20924
2026-04-07 18:00:00,0,0.37740429579283274,0.6225957042071673,Hold,113.779495,115.36767,112.39108,114.988106,27129
2026-04-07 19:00:00,0,0.31434183242235597,0.6856581675776441,Hold,114.96813,115.23782,109.07489,112.10142,30789
2026-04-07 20:00:00,0,0.300413342416992,0.699586657583008,Hold,112.10142,112.36112,110.04378,110.213585,12209
2026-04-07 22:00:00,0,0.2855244481802977,0.7144755518197023,Hold,108.61542,109.0649,97.21849,98.666824,38711
2026-04-07 23:00:00,0,0.2776308903267207,0.7223691096732793,Hold,98.67682,98.67682,90.94569,96.34949,39728
2026-04-08 00:00:00,0,0.28002374697908416,0.7199762530209158,Hold,96.40942,98.20735,93.942245,96.81895,26393
2026-04-08 01:00:00,0,0.29197569070276913,0.7080243092972309,Hold,96.8589,97.30839,95.70023,96.609184,10671
2026-04-08 02:00:00,0,0.3008226722964671,0.6991773277035329,Hold,96.61918,97.2085,95.890015,96.31952,9679
2026-04-08 03:00:00,0,0.36384428812838654,0.6361557118716135,Hold,96.30953,96.53927,95.39059,96.2496,6017
2026-04-08 04:00:00,0,0.4206882806366746,0.5793117193633254,Hold,96.23961,97.10861,95.39059,96.61918,6134
2026-04-08 05:00:00,0,0.44847522254941524,0.5515247774505847,Hold,96.58921,96.81895,95.260735,95.65028,5628
2026-04-08 06:00:00,0,0.48147015873573656,0.5185298412642634,Hold,95.63031,95.890015,94.45166,95.77015,11974
2026-04-08 07:00:00,0,0.5241281400218121,0.4758718599781879,Buy,95.750175,96.47934,95.52044,95.86005,7972
2026-04-08 08:00:00,0,0.5637873838045153,0.4362126161954847,Buy,95.85006,96.57922,94.80126,94.81125,10799
2026-04-08 09:00:00,0,0.5653186131357394,0.4346813868642606,Buy,94.80126,95.27072,94.03214,94.53157,8817
2026-04-08 10:00:00,0,0.564324825685262,0.435675174314738,Buy,94.54156,95.49047,94.022156,94.821236,8201
2026-04-08 11:00:00,0,0.57686659481151,0.42313340518848996,Buy,94.83123,95.17084,93.01331,93.143166,14572
2026-04-08 12:00:00,0,0.5829271840356693,0.41707281596433066,Buy,93.1132,95.100914,92.09437,92.46394,33042
2026-04-08 13:00:00,0,0.548290550399824,0.451709449600176,Buy,92.48392,94.3318,91.74477,93.143166,37362
2026-04-08 14:00:00,0,0.5264298309015971,0.4735701690984029,Buy,93.13317,96.20965,92.36406,95.4705,39772
2026-04-08 15:00:00,0,0.4952455044725828,0.5047544955274172,Hold,95.450516,96.31952,94.53157,94.83123,25337
2026-04-08 16:00:00,0,0.4402997792688734,0.5597002207311266,Hold,94.86119,95.510445,94.03214,94.31182,19277
2026-04-08 17:00:00,0,0.4060354547149416,0.5939645452850584,Hold,94.31182,96.16969,93.95223,95.21079,21119
2026-04-08 18:00:00,0,0.36091394032313595,0.639086059676864,Hold,95.200806,95.56039,93.502754,95.32066,34071
2026-04-08 19:00:00,0,0.34162225658786094,0.6583777434121391,Hold,95.32066,96.79897,95.180824,95.97991,15223
2026-04-08 20:00:00,0,0.31758152981052007,0.68241847018948,Hold,95.97991,96.63915,95.590355,96.38944,5435
2026-04-08 22:00:00,0,0.29343576686769957,0.7065642331323004,Hold,96.66912,97.76786,96.139725,96.689095,3721
2026-04-08 23:00:00,0,0.29196452830442904,0.708035471695571,Hold,96.709076,97.158554,96.39943,97.018715,2640
2026-04-09 00:00:00,0,0.30978817906134626,0.6902118209386537,Hold,96.988754,97.69794,96.26958,97.5581,6323
2026-04-09 01:00:00,0,0.3283470549997953,0.6716529450002047,Hold,97.5581,98.26729,96.73904,96.83892,7229
2026-04-09 02:00:00,0,0.32737205540616354,0.6726279445938365,Hold,96.86889,97.14857,96.39943,97.12859,3460
2026-04-09 03:00:00,0,0.34904140830975317,0.6509585916902468,Hold,97.13858,97.29839,96.609184,97.06866,1911
2026-04-09 04:00:00,0,0.3778823724726798,0.6221176275273201,Hold,97.0387,97.68795,97.018715,97.65798,1712
2026-04-09 05:00:00,0,0.41356569407684945,0.5864343059231505,Hold,97.65798,97.96763,97.158554,97.258446,3122
2026-04-09 06:00:00,0,0.44324622370236166,0.5567537762976383,Hold,97.258446,97.73789,96.848915,96.92882,5177
2026-04-09 07:00:00,0,0.4690505333587433,0.5309494666412566,Hold,96.92882,97.96763,96.848915,97.568085,6607
2026-04-09 08:00:00,1,0.4941015796125326,0.5058984203874675,Hold,97.5581,97.98761,97.14857,97.77785,6783
2026-04-09 09:00:00,1,0.4980590346847782,0.5019409653152218,Hold,97.77785,97.837776,97.07865,97.538124,4494
2026-04-09 10:00:00,0,0.5115366610348231,0.4884633389651769,Buy,97.52813,99.57578,97.4682,99.485886,12815
2026-04-09 11:00:00,0,0.5235129494788638,0.47648705052113616,Buy,99.50587,99.54582,98.277275,98.766716,11057
2026-04-09 12:00:00,0,0.5166975575906672,0.48330244240933284,Buy,98.766716,99.87544,98.48703,99.24616,12669
2026-04-09 13:00:00,0,0.4967150837966245,0.5032849162033755,Hold,99.25615,100.64456,98.88657,100.5247,20326
2026-04-09 14:00:00,0,0.47463683314522687,0.5253631668547731,Hold,100.53468,102.58234,100.13514,101.78325,29947
2026-04-09 15:00:00,0,0.4387680997305868,0.5612319002694133,Hold,101.763275,102.52241,98.746735,99.046394,46746
2026-04-09 16:00:00,0,0.39592037742483116,0.6040796225751688,Hold,99.016426,99.06637,96.74902,97.318375,38060
2026-04-09 17:00:00,0,0.3785428500134922,0.6214571499865078,Hold,97.32836,97.62802,95.14087,96.219635,29250
2026-04-09 18:00:00,0,0.3205179906457911,0.6794820093542089,Hold,96.19965,98.54697,95.92997,98.29725,33877
2026-04-09 19:00:00,0,0.30522526283701573,0.6947747371629842,Hold,98.28726,99.386,97.77785,99.18623,9849
2026-04-09 20:00:00,0,0.2975358337434883,0.7024641662565116,Hold,99.17625,99.22619,97.71792,97.867744,5952
2026-04-09 22:00:00,0,0.26346778840639107,0.7365322115936089,Hold,98.117455,99.08635,97.9077,98.88657,3218
2026-04-09 23:00:00,0,0.2579278702108547,0.7420721297891453,Hold,98.89656,98.98646,98.117455,98.50701,1970
2026-04-10 00:00:00,0,0.2736281627033531,0.7263718372966469,Hold,98.50701,98.98646,98.14742,98.79668,2946
2026-04-10 01:00:00,0,0.2935804323508388,0.7064195676491611,Hold,98.81666,99.1263,98.21735,98.497025,3433
2026-04-10 02:00:00,0,0.2881509295211683,0.7118490704788317,Hold,98.46706,98.78669,98.357185,98.63686,2306
2026-04-10 03:00:00,0,0.35436782342148215,0.6456321765785178,Hold,98.65684,98.71677,97.4682,97.67796,3222
2026-04-10 04:00:00,0,0.3711495925549737,0.6288504074450263,Hold,97.68795,98.32722,97.54811,98.29725,1875
2026-04-10 05:00:00,0,0.3916636243301431,0.6083363756698569,Hold,98.277275,98.63686,97.9976,98.50701,2044
2026-04-10 06:00:00,0,0.4466625170199053,0.5533374829800948,Hold,98.48703,98.73675,98.17739,98.526985,3437
2026-04-10 07:00:00,0,0.4673682063307853,0.5326317936692146,Hold,98.526985,99.88543,98.47704,99.55581,7540
2026-04-10 08:00:00,0,0.5020244806864563,0.49797551931354367,Buy,99.55581,100.30495,99.216194,100.15512,6661
2026-04-10 09:00:00,0,0.5200377213237333,0.47996227867626673,Buy,100.13514,100.145134,98.04754,98.46706,10599
2026-04-10 10:00:00,0,0.5242576157680437,0.47574238423195625,Buy,98.45707,98.88657,97.45821,97.88772,6923
2026-04-10 11:00:00,0,0.5135227823441981,0.4864772176558019,Buy,97.88772,98.387146,97.29839,97.977615,6399
2026-04-10 12:00:00,0,0.5174767319830358,0.4825232680169642,Buy,97.9976,98.25729,96.88887,98.06751,11226
2026-04-10 13:00:00,0,0.5074079892750846,0.49259201072491543,Buy,98.0775,98.686806,97.29839,98.28726,16707
2026-04-10 14:00:00,0,0.4944783656561434,0.5055216343438567,Hold,98.31723,98.88657,97.10861,98.39713,23961
2026-04-10 15:00:00,0,0.44672916482050584,0.5532708351794942,Hold,98.40713,99.34605,98.15741,99.076355,20089
2026-04-10 16:00:00,0,0.4289174816043764,0.5710825183956236,Hold,99.06637,99.386,98.00758,98.087494,13929
2026-04-10 17:00:00,0,0.3865105360377693,0.6134894639622307,Hold,98.087494,98.61688,97.807816,97.867744,13169
2026-04-10 18:00:00,1,0.3474442028782003,0.6525557971217997,Hold,97.867744,98.277275,95.83008,96.22962,25376
2026-04-10 19:00:00,1,0.34866974476070844,0.6513302552392916,Hold,96.22962,96.34949,95.41056,96.09977,8379
2026-04-10 20:00:00,1,0.34797838854072116,0.6520216114592788,Hold,96.079796,96.17968,95.40057,95.52044,3950
2026-04-12 22:00:00,0,0.2768888986755798,0.7231111013244202,Hold,101.88314,105.409096,101.80323,104.430214,16594
2026-04-12 23:00:00,0,0.26477499504975044,0.7352250049502496,Hold,104.450195,105.50898,104.41024,104.60002,4287
2026-04-13 00:00:00,0,0.26965659710430473,0.7303434028956952,Hold,104.60002,104.919655,103.97074,103.980736,3897
2026-04-13 01:00:00,0,0.2837674666414629,0.7162325333585371,Hold,103.980736,104.40025,103.73102,104.19049,4969
2026-04-13 02:00:00,0,0.2913117639748268,0.7086882360251732,Hold,104.180504,104.9696,104.180504,104.779816,3027
2026-04-13 03:00:00,0,0.33176504733314854,0.6682349526668514,Hold,104.76983,105.059494,104.62999,104.72987,2407
2026-04-13 04:00:00,0,0.37560126918428616,0.6243987308157138,Hold,104.73986,104.86971,104.44021,104.64996,1316
2026-04-13 05:00:00,0,0.39453982371142876,0.6054601762885712,Hold,104.65995,104.7898,104.040665,104.20048,2436
2026-04-13 06:00:00,0,0.4272731738379253,0.5727268261620747,Hold,104.180504,104.20048,102.93194,103.15168,5535
2026-04-13 07:00:00,0,0.4643835027095367,0.5356164972904633,Hold,103.13171,103.58119,102.84204,103.571205,5223
2026-04-13 08:00:00,0,0.4813138969916745,0.5186861030083255,Hold,103.58119,104.67993,103.24158,104.49015,5830
2026-04-13 09:00:00,0,0.4789481660068579,0.521051833993142,Hold,104.50014,104.60002,103.89084,104.39026,3455
2026-04-13 10:00:00,0,0.4826432315291264,0.5173567684708735,Hold,104.3603,104.54009,103.70105,103.711044,3692
2026-04-13 11:00:00,0,0.4810603958065134,0.5189396041934866,Hold,103.73102,104.28039,103.30151,104.13056,5924
2026-04-13 12:00:00,0,0.4789062264937314,0.5210937735062686,Hold,104.150536,104.2704,103.24158,103.53125,8659
2026-04-13 13:00:00,0,0.46918587906357617,0.5308141209364239,Hold,103.53125,103.69106,100.24502,101.60346,26800
2026-04-13 14:00:00,0,0.43616230723124305,0.563837692768757,Hold,101.61345,102.38257,100.46477,101.9131,21529
2026-04-13 15:00:00,0,0.38414866660329094,0.615851333396709,Hold,101.903114,103.07178,101.89313,102.722176,16515
2026-04-13 16:00:00,0,0.3446541136663605,0.6553458863336394,Hold,102.71219,102.88199,99.10632,99.36603,41235
2026-04-13 17:00:00,0,0.3242056086066781,0.675794391393322,Hold,99.36603,99.865456,98.63686,99.046394,17645
2026-04-13 18:00:00,0,0.26937410355219155,0.7306258964478085,Hold,99.05638,99.28612,96.91883,97.018715,20716
2026-04-13 19:00:00,0,0.2505212319353148,0.7494787680646853,Hold,97.00873,98.06751,96.92882,97.91769,7244
2026-04-13 20:00:00,0,0.2509162635652573,0.7490837364347427,Hold,97.93766,98.1674,97.59805,97.89771,4296
2026-04-13 22:00:00,0,0.2219634639067888,0.7780365360932112,Hold,97.87773,97.88772,97.33835,97.41826,1554
2026-04-13 23:00:00,0,0.2516419115483522,0.7483580884516479,Hold,97.428246,97.47819,95.95993,96.5093,4295
2026-04-14 00:00:00,0,0.26833781376758203,0.731662186232418,Hold,96.439384,96.848915,95.58037,95.86005,3555
2026-04-14 01:00:00,0,0.28842255905326064,0.7115774409467394,Hold,95.87003,97.16855,95.85006,97.06866,3779
2026-04-14 02:00:00,0,0.2907462036605836,0.7092537963394163,Hold,97.05867,97.158554,96.67911,96.97876,1514
2026-04-14 03:00:00,0,0.3753671930885928,0.6246328069114072,Hold,97.00873,97.508156,96.63915,96.878876,2585
2026-04-14 04:00:00,0,0.4312565330466582,0.5687434669533418,Hold,96.86889,96.88887,96.549255,96.5992,1100
2026-04-14 05:00:00,0,0.448145520377296,0.5518544796227041,Hold,96.63915,97.35833,96.52928,97.238464,1617
2026-04-14 06:00:00,0,0.49354779420752204,0.506452205792478,Hold,97.238464,97.62802,97.0387,97.27842,3288
2026-04-14 07:00:00,0,0.5474564833941974,0.4525435166058026,Buy,97.27842,97.38829,95.09093,96.40942,11307
2026-04-14 08:00:00,0,0.5724713141701983,0.42752868582980175,Buy,96.42939,96.9488,96.25959,96.279564,5209
2026-04-14 09:00:00,0,0.5575696394157346,0.44243036058426544,Buy,96.25959,97.18852,96.12974,96.77899,3197
2026-04-14 10:00:00,0,0.5622957734434074,0.4377042265565926,Buy,96.73904,97.44823,96.04983,97.238464,4493
2026-04-14 11:00:00,0,0.5714444544225944,0.4285555455774056,Buy,97.2085,97.85776,95.94994,97.08864,6539
2026-04-14 12:00:00,0,0.5872919077392634,0.41270809226073657,Buy,97.07865,97.07865,95.5504,95.730194,9927
2026-04-14 13:00:00,0,0.5868784163753111,0.41312158362468887,Buy,95.74018,96.22962,94.56154,94.5915,19518
2026-04-14 14:00:00,0,0.5561585494900598,0.44384145050994017,Buy,94.571526,94.571526,92.104355,93.312965,29784
2026-04-14 15:00:00,0,0.490282665394727,0.509717334605273,Hold,93.312965,94.21194,92.104355,92.5039,20810
2026-04-14 16:00:00,0,0.4331588671686966,0.5668411328313034,Hold,92.52387,92.70367,91.81469,92.66371,13187
2026-04-14 17:00:00,0,0.4208362691472067,0.5791637308527933,Hold,92.653725,92.89345,91.395164,91.95453,15259
2026-04-14 18:00:00,0,0.34566418494702694,0.654335815052973,Hold,91.944534,92.05441,90.95567,91.664856,23260
2026-04-14 19:00:00,0,0.3292190939379561,0.6707809060620439,Hold,91.64488,92.08438,91.46509,91.91457,4111
2026-04-14 20:00:00,0,0.3224103284447825,0.6775896715552174,Hold,91.90459,92.244194,91.34522,91.964516,4650
2026-04-14 22:00:00,0,0.2754088930576554,0.7245911069423445,Hold,91.91457,92.27416,91.085526,91.60493,2042
2026-04-14 23:00:00,0,0.31037816305104093,0.6896218369489591,Hold,91.59494,91.90459,86.86037,90.19654,6333
2026-04-15 00:00:00,0,0.27326455688404727,0.7267354431159527,Hold,90.19654,91.085526,90.046715,90.25648,3284
2026-04-15 01:00:00,0,0.28722640930034804,0.712773590699652,Hold,90.236496,90.7559,89.86692,90.38632,2446
2026-04-15 02:00:00,0,0.2830686621505876,0.7169313378494124,Hold,90.39632,91.20538,90.33638,91.15544,2030
2026-04-15 03:00:00,0,0.37220589123751713,0.6277941087624829,Hold,91.145454,91.38518,90.77588,90.83581,1917
2026-04-15 04:00:00,0,0.40991143587256723,0.5900885641274327,Hold,90.845795,91.7148,90.76589,91.56497,1691
2026-04-15 05:00:00,0,0.44313564830354957,0.5568643516964504,Hold,91.554985,91.64488,91.03558,91.12548,1636
2026-04-15 06:00:00,0,0.48819024194202626,0.5118097580579737,Hold,91.1055,91.13547,90.19654,90.80585,3421
2026-04-15 07:00:00,0,0.5398373314796955,0.4601626685203045,Buy,90.815834,91.37519,90.4962,90.64603,4300
2026-04-15 08:00:00,0,0.5448102488608452,0.45518975113915483,Buy,90.65601,91.634895,90.28644,91.225365,4417
2026-04-15 09:00:00,0,0.5558568015859122,0.4441431984140878,Buy,91.225365,92.61377,91.18541,92.14431,7040
2026-04-15 10:00:00,0,0.5671383191414987,0.4328616808585013,Buy,92.14431,93.19311,91.59494,92.63375,9492
2026-04-15 11:00:00,0,0.5637142054880698,0.43628579451193017,Buy,92.61377,92.843506,91.05556,91.58495,8579
2026-04-15 12:00:00,0,0.5685612577389583,0.43143874226104173,Buy,91.57496,92.37405,91.1055,91.86463,9623
2026-04-15 13:00:00,0,0.5612839521170725,0.4387160478829275,Buy,91.86463,92.12433,90.296425,90.94569,15121
2026-04-15 14:00:00,0,0.5208261927473897,0.4791738072526103,Buy,90.96566,92.354065,90.456245,92.244194,15889
2026-04-15 15:00:00,0,0.4796121079633032,0.5203878920366968,Hold,92.23421,92.81354,91.91457,92.22422,14827
2026-04-15 16:00:00,0,0.44744245399526933,0.5525575460047307,Hold,92.22422,92.433975,91.31526,91.65487,8951
2026-04-15 17:00:00,0,0.4116232755164903,0.5883767244835096,Hold,91.65487,92.48392,91.445114,92.40401,10315
2026-04-15 18:00:00,0,0.3701942074163485,0.6298057925836515,Hold,92.39402,92.69368,90.895744,91.05556,13739
2026-04-15 19:00:00,0,0.3321950430512454,0.6678049569487545,Hold,91.005615,91.02559,90.60607,90.88575,3367
2026-04-15 20:00:00,0,0.321450864115571,0.678549135884429,Hold,90.88575,91.365204,90.87576,91.28529,1695
2026-04-15 22:00:00,0,0.31441823542851627,0.6855817645714837,Hold,91.365204,91.395164,90.705956,90.895744,1581
2026-04-15 23:00:00,0,0.3133962079204736,0.6866037920795264,Hold,90.925705,90.925705,90.56612,90.85579,652
2026-04-16 00:00:00,0,0.30021394564342496,0.699786054356575,Hold,90.815834,90.94569,90.41629,90.85579,1229
2026-04-16 01:00:00,0,0.3356382834705986,0.6643617165294013,Hold,90.895744,91.395164,90.7559,91.335236,960
2026-04-16 02:00:00,0,0.336427943982852,0.6635720560171481,Hold,91.32525,91.65487,91.26532,91.37519,1149
2026-04-16 03:00:00,0,0.39276640757243847,0.6072335924275616,Hold,91.35522,91.634895,91.09551,91.60493,910
2026-04-16 04:00:00,0,0.4389886871932365,0.5610113128067635,Hold,91.56497,91.76475,91.554985,91.664856,762
2026-04-16 05:00:00,0,0.45817649832331536,0.5418235016766846,Hold,91.64488,91.78472,91.37519,91.4551,1212
2026-04-16 06:00:00,0,0.4825939186206058,0.5174060813793941,Hold,91.4551,91.57496,91.20538,91.475075,1138
2026-04-16 07:00:00,0,0.5430725636659306,0.4569274363340694,Buy,91.48506,92.573814,91.43512,92.54385,4210
2026-04-16 08:00:00,0,0.5756580814618908,0.4243419185381092,Buy,92.55384,92.89345,92.244194,92.28415,4390
2026-04-16 09:00:00,0,0.5464592709618088,0.4535407290381912,Buy,92.28415,92.72364,92.03443,92.53386,2029
2026-04-16 10:00:00,1,0.5506954257507072,0.4493045742492928,Buy,92.53386,92.54385,91.75475,91.774734,1741
2026-04-16 11:00:00,1,0.5707765657861126,0.4292234342138874,Buy,91.75475,91.75475,90.99563,91.40516,4337
2026-04-16 12:00:00,1,0.5585662610092377,0.4414337389907623,Buy,91.395164,92.12433,91.005615,92.104355,5076
2026-04-16 13:00:00,0,0.5504747033792983,0.44952529662070173,Buy,92.09437,93.3729,91.774734,93.063255,11647
2026-04-16 14:00:00,0,0.5319116831155752,0.46808831688442476,Buy,93.063255,93.81239,92.77359,93.32296,9881
2026-04-16 15:00:00,0,0.47965686666225094,0.5203431333377491,Hold,93.312965,93.87233,92.71365,93.26302,14343
2026-04-16 16:00:00,0,0.4290642425333777,0.5709357574666223,Hold,93.25304,94.4217,93.24305,94.3318,10834
2026-04-16 17:00:00,0,0.3970054569185158,0.6029945430814843,Hold,94.34179,95.33065,94.21194,95.031,10363
2026-04-16 18:00:00,0,0.36041345730621416,0.6395865426937859,Hold,95.05097,95.07095,93.60264,93.68254,11942
2026-04-16 19:00:00,0,0.3269516019996081,0.6730483980003918,Hold,93.68254,93.99219,93.18312,93.43283,3172
2026-04-16 20:00:00,0,0.31971658828436833,0.6802834117156317,Hold,93.44282,93.51274,93.0233,93.08323,1360
2026-04-16 22:00:00,0,0.2877945067322639,0.7122054932677361,Hold,93.07324,93.57267,92.80355,92.923416,726
2026-04-16 23:00:00,0,0.28656542912602495,0.7134345708739751,Hold,92.923416,93.44282,92.903435,93.21308,694
2026-04-17 00:00:00,0,0.30463387562218236,0.6953661243778176,Hold,93.22307,93.41286,92.903435,93.33295,562
2026-04-17 01:00:00,0,0.3171972299616156,0.6828027700383844,Hold,93.29299,93.56268,92.99333,93.21308,406
2026-04-17 02:00:00,0,0.32654672988334704,0.6734532701166529,Hold,93.203094,93.452805,93.16314,93.22307,348
2026-04-17 03:00:00,0,0.3858802032062345,0.6141197967937655,Hold,93.16314,93.51274,93.03329,93.3729,403
2026-04-17 04:00:00,0,0.4158489142899055,0.5841510857100944,Hold,93.392876,93.4628,93.13317,93.23306,280
2026-04-17 05:00:00,0,0.43636008821448957,0.5636399117855104,Hold,93.22307,93.422844,93.03329,93.15315,287
2026-04-17 06:00:00,0,0.46526603333431615,0.5347339666656838,Hold,93.203094,93.93226,93.15315,93.70252,849
2026-04-17 07:00:00,0,0.5329925159341516,0.46700748406584836,Buy,93.65258,93.84236,93.312965,93.60264,763
2026-04-17 08:00:00,0,0.5337476461852049,0.46625235381479513,Buy,93.62261,93.68254,92.214226,92.45396,1178
2026-04-17 09:00:00,0,0.5586163658323243,0.4413836341676757,Buy,92.48392,92.62376,90.436264,90.73592,2256
2026-04-17 10:00:00,0,0.5502555350080308,0.4497444649919692,Buy,90.705956,91.445114,90.156586,91.15544,1210
2026-04-17 11:00:00,0,0.5556145746100114,0.4443854253899886,Buy,91.145454,91.32525,90.57611,90.79585,708
2026-04-17 12:00:00,0,0.580422383622738,0.419577616377262,Buy,90.815834,90.96566,84.55302,85.3521,6307
2026-04-17 13:00:00,0,0.5630043604237321,0.43699563957626786,Buy,85.3521,86.07127,82.90491,84.51306,8153
2026-04-17 14:00:00,0,0.515085748592082,0.484914251407918,Buy,84.52305,84.582985,80.467705,82.1258,4640
2026-04-17 15:00:00,0,0.43938194826902843,0.5606180517309716,Hold,82.09583,83.55416,81.54646,82.89492,3712
2026-04-17 16:00:00,0,0.4035491967167003,0.5964508032832997,Hold,82.92488,83.55416,82.54532,82.94486,1751
2026-04-17 17:00:00,0,0.37084377213605096,0.6291562278639491,Hold,82.914894,84.54303,82.854965,83.29446,2173
2026-04-17 18:00:00,0,0.3293193504340765,0.6706806495659234,Hold,83.29446,84.90262,82.90491,84.57299,3695
2026-04-17 19:00:00,0,0.3157594583368631,0.684240541663137,Hold,84.60296,84.86266,84.1335,84.563,912
2026-04-17 20:00:00,0,0.314760770699331,0.685239229300669,Hold,84.57299,85.48195,84.49309,85.47196,714
2026-04-19 22:00:00,0,0.279067866698235,0.720932133301765,Hold,85.47196,86.87791,84.67687,85.32652,19806
2026-04-19 23:00:00,0,0.2613089845912256,0.7386910154087745,Hold,85.30713,85.96647,85.17138,85.92768,4685
2026-04-20 00:00:00,0,0.28745688342323295,0.712543116576767,Hold,85.92768,86.141,85.30713,85.42348,5936
2026-04-20 01:00:00,0,0.3186461644484697,0.6813538355515303,Hold,85.40409,85.42348,83.833305,84.0854,10558
2026-04-20 02:00:00,0,0.3094448571215913,0.6905551428784087,Hold,84.06602,84.79323,83.95936,84.51204,5648
2026-04-20 03:00:00,0,0.34307219394274086,0.6569278060572592,Hold,84.521736,84.82232,84.453865,84.74475,1765
2026-04-20 04:00:00,0,0.40119088600564395,0.5988091139943561,Hold,84.735054,85.20047,84.667175,84.76414,2810
2026-04-20 05:00:00,0,0.41486198093648463,0.5851380190635154,Hold,84.76414,85.1326,84.667175,84.88049,2360
2026-04-20 06:00:00,0,0.4682236745444576,0.5317763254555423,Hold,84.909584,85.3653,84.6187,84.735054,5176
2026-04-20 07:00:00,0,0.4892505344589841,0.5107494655410159,Hold,84.72536,85.55923,83.978745,85.02594,9011
2026-04-20 08:00:00,0,0.5241263493675583,0.4758736506324417,Buy,85.06472,85.75315,84.67687,84.773834,7224
2026-04-20 09:00:00,0,0.5183746693184678,0.48162533068153224,Buy,84.81262,85.151985,84.25994,84.95806,6661
2026-04-20 10:00:00,0,0.5282373310349046,0.47176266896509544,Buy,84.95806,84.977455,84.06602,84.84171,5230
2026-04-20 11:00:00,0,0.5361322300123995,0.4638677699876005,Buy,84.8611,85.27804,84.318115,84.453865,7711
2026-04-20 12:00:00,0,0.5456087794834212,0.45439122051657876,Buy,84.463554,84.88049,84.03693,84.30842,10522
2026-04-20 13:00:00,0,0.5467774765389175,0.4532225234610825,Buy,84.33751,84.802925,82.85399,83.348495,28206
2026-04-20 14:00:00,0,0.5144535420344228,0.48554645796557716,Buy,83.35819,85.17138,83.3291,84.63809,20971
2026-04-20 15:00:00,0,0.46720326460694583,0.5327967353930542,Hold,84.628395,84.8514,83.843,84.67687,19712
2026-04-20 16:00:00,0,0.4311141042452289,0.5688858957547711,Hold,84.667175,85.01624,84.37629,84.6187,9034
2026-04-20 17:00:00,0,0.3939949949335347,0.6060050050664654,Hold,84.628395,85.30713,84.43447,84.84171,13021
2026-04-20 18:00:00,0,0.3540334574080073,0.6459665425919927,Hold,84.832016,85.09381,84.32781,84.72536,14965
2026-04-20 19:00:00,0,0.3386022616446841,0.6613977383553159,Hold,84.72536,84.76414,84.19206,84.24055,4006
2026-04-20 20:00:00,0,0.35142025443767455,0.6485797455623254,Hold,84.250244,84.40538,82.970345,83.280624,6770
2026-04-20 22:00:00,0,0.2854201263398828,0.7145798736601172,Hold,83.212746,83.90118,82.90247,83.73634,3260
2026-04-20 23:00:00,0,0.2909746754210671,0.7090253245789329,Hold,83.72665,83.88178,83.493935,83.5909,977
2026-04-21 00:00:00,0,0.2922892096989214,0.7077107903010786,Hold,83.5909,83.939964,83.493935,83.8527,3156
2026-04-21 01:00:00,0,0.3124443179399527,0.6875556820600472,Hold,83.87209,84.0951,83.79452,84.01753,2387
2026-04-21 02:00:00,0,0.3090299768297318,0.6909700231702682,Hold,84.01753,84.143585,83.8624,84.02723,1165
2026-04-21 03:00:00,0,0.37248243519200774,0.6275175648079923,Hold,84.02723,84.143585,83.90118,84.04662,1032
2026-04-21 04:00:00,0,0.4392707133879789,0.560729286612021,Hold,84.04662,84.05632,83.64908,83.66847,1316
2026-04-21 05:00:00,0,0.4761784101968443,0.5238215898031557,Hold,83.658775,83.658775,83.06731,83.54242,3755
2026-04-21 06:00:00,0,0.4852272096393104,0.5147727903606896,Hold,83.54242,84.0951,83.523026,83.98844,2773
2026-04-21 07:00:00,0,0.5373338998266461,0.46266610017335386,Buy,83.969055,84.81262,83.25153,83.81391,7169
2026-04-21 08:00:00,0,0.5467193494512602,0.4532806505487398,Buy,83.82361,84.22115,83.38728,84.16298,5528
2026-04-21 09:00:00,1,0.5653724432470273,0.4346275567529727,Buy,84.182365,84.832016,83.93027,84.04662,6149
2026-04-21 10:00:00,1,0.5663890330954039,0.4336109669045961,Buy,84.04662,84.16298,83.523026,84.02723,4388
2026-04-21 11:00:00,0,0.5602073914190638,0.43979260858093616,Buy,84.007835,85.03564,84.007835,84.938675,11045
2026-04-21 12:00:00,1,0.5702205262218296,0.4297794737781704,Buy,84.92898,85.06472,84.143585,84.696266,10627
2026-04-21 13:00:00,1,0.5759269073548456,0.42407309264515436,Buy,84.696266,84.70596,83.92057,84.15328,13483
2026-04-21 14:00:00,1,0.5299384142255227,0.4700615857744773,Buy,84.16298,86.09252,84.12419,86.04404,23137
2026-04-21 15:00:00,0,0.4578513849014116,0.5421486150985884,Hold,86.04404,87.35303,85.71436,87.03305,28399
2026-04-21 16:00:00,0,0.4099368905267257,0.5900631094732742,Hold,87.04275,87.70209,86.70338,87.673,16590
2026-04-21 17:00:00,0,0.40635228931750217,0.5936477106824978,Hold,87.673,88.67171,86.26705,86.70338,36013
2026-04-21 18:00:00,0,0.36759245471919527,0.6324075452808047,Hold,86.71307,87.32394,85.23925,86.121605,34477
2026-04-21 19:00:00,0,0.3344720031895989,0.6655279968104011,Hold,86.121605,89.42801,85.19077,88.991684,31076
2026-04-21 20:00:00,0,0.34445364601469963,0.6555463539853004,Hold,88.98199,89.15652,85.219864,87.47907,19211
2026-04-21 22:00:00,0,0.2891618264815253,0.7108381735184748,Hold,87.265755,87.94449,86.984566,87.58573,2415
2026-04-21 23:00:00,0,0.29772640115653787,0.7022735988434621,Hold,87.605125,87.954185,87.576035,87.740875,1210
2026-04-22 00:00:00,0,0.3374443814840142,0.6625556185159858,Hold,87.750565,87.76026,86.06343,87.07183,7030
2026-04-22 01:00:00,0,0.3402728716009233,0.6597271283990767,Hold,87.06214,87.06214,86.33492,86.68398,4185
2026-04-22 02:00:00,0,0.32441438611105555,0.6755856138889444,Hold,86.69368,86.80034,86.44158,86.61611,2137
2026-04-22 03:00:00,0,0.3901496807908933,0.6098503192091067,Hold,86.6452,86.96518,86.45128,86.55794,2168
2026-04-22 04:00:00,0,0.43379641149260817,0.5662035885073918,Hold,86.54824,86.8973,86.48037,86.85852,2077
2026-04-22 05:00:00,0,0.47754580609230024,0.5224541939076998,Hold,86.83913,86.86822,84.977455,86.06343,10043
2026-04-22 06:00:00,0,0.4837600217487001,0.5162399782512999,Hold,86.06343,86.257355,85.92768,86.03434,3174
2026-04-22 07:00:00,0,0.5069515342493807,0.49304846575061934,Buy,86.014946,86.69368,85.811325,86.6646,4978
2026-04-22 08:00:00,0,0.5286830455519159,0.4713169544480841,Buy,86.6549,88.63292,86.50945,88.05115,10368
2026-04-22 09:00:00,0,0.5346529154274503,0.4653470845725497,Buy,88.05115,88.38082,87.401505,88.09963,7708
2026-04-22 10:00:00,0,0.541687689751662,0.45831231024833796,Buy,88.09963,88.1869,87.20758,87.38211,5055
2026-04-22 11:00:00,0,0.5342112626331149,0.4657887373668851,Buy,87.37241,87.886314,87.06214,87.469376,6612
2026-04-22 12:00:00,0,0.5376161407390386,0.46238385926096137,Buy,87.47907,88.81715,86.984566,88.65231,15631
2026-04-22 13:00:00,0,0.5230251971601502,0.47697480283984983,Buy,88.64262,89.28257,87.673,88.9432,30204
2026-04-22 14:00:00,0,0.5106702103942174,0.48932978960578255,Buy,88.952896,89.651024,88.196594,89.408615,21333
2026-04-22 15:00:00,0,0.44713306956638277,0.5528669304336172,Hold,89.408615,90.43642,88.53596,90.28127,25585
2026-04-22 16:00:00,0,0.4088969815448868,0.5911030184551131,Hold,90.26188,90.88244,90.058266,90.77578,14415
2026-04-22 17:00:00,1,0.3865738227148494,0.6134261772851506,Hold,90.78548,90.84365,89.52497,89.80616,19475
2026-04-22 18:00:00,1,0.33704981691392594,0.662950183086074,Hold,89.81586,90.4752,89.786766,90.12614,11423
2026-04-22 19:00:00,1,0.318497952441241,0.681502047558759,Hold,90.12614,90.25219,89.60254,89.79646,5325
2026-04-22 20:00:00,1,0.30628641220244274,0.6937135877975573,Hold,89.79646,90.31036,89.60254,90.04857,2644
2026-04-22 22:00:00,1,0.3063075583457278,0.6936924416542722,Hold,90.07765,90.10674,89.52497,89.718895,1077
2026-04-22 23:00:00,1,0.3030594017817371,0.6969405982182628,Hold,89.718895,89.97099,89.59284,89.91282,772
2026-04-23 00:00:00,0,0.29673792183617653,0.7032620781638235,Hold,89.922516,94.26641,89.79646,90.10674,22719
2026-04-23 01:00:00,0,0.30518892484093046,0.6948110751590695,Hold,90.13583,90.863045,90.000084,90.63034,4694
2026-04-23 02:00:00,0,0.3353897621920128,0.6646102378079872,Hold,90.64973,92.375656,90.61095,92.172035,8441
2026-04-23 03:00:00,0,0.3887521260980301,0.6112478739019699,Hold,92.18173,92.375656,91.56117,91.66783,4823
2026-04-23 04:00:00,0,0.4384134129900161,0.5615865870099839,Hold,91.69692,91.793884,91.173325,91.202415,2383
2026-04-23 05:00:00,0,0.46457846183532175,0.5354215381646783,Hold,91.21211,91.58057,90.9794,91.00849,2388
2026-04-23 06:00:00,0,0.48230884622586645,0.5176911537741336,Hold,91.01819,91.78419,90.80487,91.54178,3545
2026-04-23 07:00:00,0,0.5217554646202077,0.4782445353797923,Buy,91.522385,91.861755,90.407326,90.84365,5867
2026-04-23 08:00:00,0,0.5295435850503106,0.47045641494968937,Buy,90.83396,92.16234,90.81457,92.01689,6046
2026-04-23 09:00:00,0,0.5536686419423382,0.4463313580576618,Buy,92.007195,92.73441,91.40604,92.04598,8013
2026-04-23 10:00:00,0,0.5302363309168528,0.46976366908314715,Buy,92.07507,92.172035,90.892136,91.08606,4429
2026-04-23 11:00:00,1,0.5419576699026215,0.4580423300973785,Buy,91.066666,91.35755,90.203705,90.41702,11424
2026-04-23 12:00:00,1,0.545312774285686,0.45468722571431397,Buy,90.42672,91.14423,89.49588,90.39763,20998
2026-04-23 13:00:00,1,0.5201554416612465,0.4798445583387535,Buy,90.38793,91.58057,90.15523,91.13454,17922
2026-04-23 14:00:00,1,0.50691023903778,0.49308976096222,Buy,91.13454,91.7551,90.203705,90.25219,17496
2026-04-23 15:00:00,0,0.4372333052586139,0.5627666947413861,Hold,90.26188,91.77449,90.13583,91.58057,15359
2026-04-23 16:00:00,1,0.40511991567439903,0.594880084325601,Hold,91.58057,91.82297,91.07636,91.59026,9737
2026-04-23 17:00:00,0,0.37688542958875637,0.6231145704112436,Hold,91.57087,95.40086,91.56117,93.2677,62223
2026-04-23 18:00:00,0,0.3364829211061826,0.6635170788938174,Hold,93.29679,93.90765,92.30778,93.771904,30208
2026-04-23 19:00:00,0,0.33660126418217834,0.6633987358178217,Hold,93.75251,93.93674,93.04469,93.47132,7633
2026-04-23 20:00:00,0,0.3205413681689124,0.6794586318310876,Hold,93.48102,94.45064,93.47132,94.05309,4634
2026-04-23 22:00:00,0,0.29970503680728156,0.7002949631927184,Hold,93.68464,94.39246,92.96712,94.13066,1980
2026-04-23 23:00:00,0,0.30424914105943746,0.6957508589405625,Hold,94.13066,94.179146,93.74281,93.868866,1102
2026-04-24 00:00:00,0,0.33627386438305745,0.6637261356169426,Hold,93.84947,94.57669,93.74281,94.21793,4668
2026-04-24 01:00:00,0,0.3601223858939644,0.6398776141060356,Hold,94.22762,94.634865,93.74281,94.06279,3923
2026-04-24 02:00:00,0,0.36459336562773786,0.6354066343722622,Hold,94.05309,94.13066,93.461624,93.54889,3249
2026-04-24 03:00:00,0,0.4265357445332719,0.5734642554667281,Hold,93.54889,93.75251,93.16104,93.68464,2156
2026-04-24 04:00:00,0,0.4586037740162651,0.5413962259837348,Hold,93.68464,93.7816,93.034996,93.09317,1517
2026-04-24 05:00:00,0,0.47781755586033936,0.5221824441396606,Hold,93.09317,93.248314,92.75381,93.0253,2654
2026-04-24 06:00:00,0,0.4956798742140797,0.5043201257859202,Hold,93.05439,93.626465,92.64715,93.56828,3701
2026-04-24 07:00:00,0,0.5352145864739303,0.4647854135260697,Buy,93.58768,93.839775,93.09317,93.76221,4847
2026-04-24 08:00:00,0,0.5637446171062549,0.4362553828937451,Buy,93.771904,94.87727,93.771904,94.0337,7661
2026-04-24 09:00:00,0,0.5688810885325755,0.43111891146742454,Buy,94.02401,94.81909,93.72343,94.770615,4643
2026-04-24 10:00:00,0,0.5735212080189227,0.4264787919810773,Buy,94.76092,94.76092,93.89796,93.975525,3935
2026-04-24 11:00:00,0,0.5767750834767421,0.4232249165232579,Buy,94.004616,94.01431,90.78548,91.60966,34486
2026-04-24 12:00:00,0,0.5823989283679268,0.41760107163207316,Buy,91.61935,93.558586,91.28968,93.005905,18367
2026-04-24 13:00:00,0,0.5720076459261721,0.42799235407382785,Buy,93.005905,93.005905,91.76479,92.30778,19672
2026-04-24 14:00:00,0,0.5549109808764326,0.44508901912356735,Buy,92.33687,92.68593,91.78419,92.23021,17907
2026-04-24 15:00:00,0,0.488713964970365,0.511286035029635,Hold,92.23021,92.89925,89.86434,90.688515,33675
2026-04-24 16:00:00,0,0.4243290747797277,0.5756709252202723,Hold,90.688515,91.56117,90.30067,90.92123,15038
2026-04-24 17:00:00,0,0.4028200092719935,0.5971799907280064,Hold,90.91153,91.25089,89.93221,90.76608,14551
2026-04-24 18:00:00,0,0.3702332217214947,0.6297667782785052,Hold,90.77578,91.76479,90.756386,91.36725,16302
2026-04-24 19:00:00,0,0.3545654761662639,0.6454345238337361,Hold,91.35755,92.317474,91.2315,91.89085,7485
2026-04-24 20:00:00,0,0.3428234738866686,0.6571765261133313,Hold,91.91023,92.656845,91.90054,91.997505,5446
2026-04-26 22:00:00,0,0.2873563253016741,0.7126436746983259,Hold,92.695625,93.74281,92.5017,93.09317,5247
2026-04-26 23:00:00,0,0.2812557311014095,0.7187442688985906,Hold,93.13196,93.36466,93.034996,93.209526,1364
2026-04-27 00:00:00,0,0.3180066415083181,0.681993358491682,Hold,93.21922,93.597374,92.860466,93.15135,3205
2026-04-27 01:00:00,0,0.34631350950072265,0.6536864904992774,Hold,93.12226,93.19983,92.550186,92.95743,4833
2026-04-27 02:00:00,0,0.31683377669976437,0.6831662233002356,Hold,92.94773,92.94773,92.33687,92.33687,2532
2026-04-27 03:00:00,0,0.37634272023261184,0.6236572797673882,Hold,92.346565,92.453224,92.10416,92.40474,1766
2026-04-27 04:00:00,0,0.433286879235605,0.566713120764395,Hold,92.40474,92.763504,92.30778,92.695625,984
2026-04-27 05:00:00,0,0.4504601117565428,0.5495398882434572,Hold,92.67623,93.345276,92.64715,93.15135,2718
2026-04-27 06:00:00,0,0.489975191271623,0.510024808728377,Hold,93.141655,93.48102,93.10287,93.16104,2327
2026-04-27 07:00:00,0,0.5251351401652894,0.4748648598347106,Buy,93.16104,93.946434,93.15135,93.88826,3476
2026-04-27 08:00:00,0,0.5728784341779948,0.4271215658220052,Buy,93.89796,94.150055,93.461624,93.54889,4490
2026-04-27 09:00:00,0,0.5621057324562753,0.43789426754372474,Buy,93.54889,93.75251,93.22892,93.558586,3263
2026-04-27 10:00:00,0,0.5809359819404949,0.4190640180595051,Buy,93.56828,93.57798,92.172035,92.5114,5307
2026-04-27 11:00:00,0,0.576179808614319,0.42382019138568106,Buy,92.521095,92.55988,91.71631,92.22051,6251
2026-04-27 12:00:00,0,0.5842696793367671,0.4157303206632329,Buy,92.210815,93.60707,91.968414,93.39375,10866
2026-04-27 13:00:00,0,0.584500626195619,0.41549937380438096,Buy,93.39375,93.597374,92.71502,92.802284,13752
2026-04-27 14:00:00,0,0.5522576987399931,0.4477423012600069,Buy,92.79259,93.84947,92.40474,93.81069,19018
2026-04-27 15:00:00,0,0.506343293635952,0.493656706364048,Buy,93.81069,94.5379,93.180435,93.248314,19316
2026-04-27 16:00:00,0,0.441317423540859,0.558682576459141,Hold,93.22892,93.665245,93.141655,93.63616,7164
2026-04-27 17:00:00,0,0.4354734633460302,0.5645265366539698,Hold,93.63616,94.70274,93.23862,93.60707,12576
2026-04-27 18:00:00,0,0.38706539080335634,0.6129346091966437,Hold,93.63616,94.27611,93.287094,93.61677,12302
2026-04-27 19:00:00,0,0.37981383486298204,0.620186165137018,Hold,93.61677,93.694336,92.98651,93.48102,6647
2026-04-27 20:00:00,0,0.348292637752237,0.6517073622477629,Hold,93.47132,93.85917,93.33558,93.74281,2221
2026-04-27 22:00:00,0,0.3283473071844323,0.6716526928155677,Hold,93.73312,93.839775,93.37436,93.694336,1321
2026-04-27 23:00:00,0,0.33783201097613624,0.6621679890238638,Hold,93.694336,93.85917,93.65555,93.71373,835
2026-04-28 00:00:00,0,0.33963482727873845,0.6603651727212616,Hold,93.71373,94.24702,93.316185,94.082184,3670
2026-04-28 01:00:00,0,0.3811078522184166,0.6188921477815834,Hold,94.082184,94.45064,93.90765,94.37307,2807
2026-04-28 02:00:00,0,0.38377631937631806,0.6162236806236819,Hold,94.37307,94.58639,94.27611,94.431244,1852
2026-04-28 03:00:00,0,0.43280874262556074,0.5671912573744393,Hold,94.42155,94.634865,94.22762,94.634865,1349
2026-04-28 04:00:00,1,0.4925830546962309,0.5074169453037691,Hold,94.62517,94.838486,94.36337,94.49912,1317
2026-04-28 05:00:00,1,0.5208251190965616,0.4791748809034384,Buy,94.49912,95.84689,94.44094,95.21664,5350
2026-04-28 06:00:00,1,0.5410124211815145,0.4589875788184855,Buy,95.23603,95.459045,94.75122,95.38148,3302
2026-04-28 07:00:00,1,0.5677147104366909,0.43228528956330914,Buy,95.38148,96.20565,95.3039,95.88567,6662
2026-04-28 08:00:00,1,0.5855579302298373,0.41444206977016274,Buy,95.89537,96.25413,95.23603,95.943855,6632
2026-04-28 09:00:00,0,0.576272096344673,0.423727903655327,Buy,95.96324,96.85529,95.95355,96.777725,5635
2026-04-28 10:00:00,0,0.5860229496538758,0.4139770503461242,Buy,96.777725,97.06861,96.428665,96.709854,5205
2026-04-28 11:00:00,0,0.5732287392255819,0.42677126077441807,Buy,96.70016,98.75575,96.51593,98.18368,15943
2026-04-28 12:00:00,0,0.5527095739193757,0.4472904260806243,Buy,98.203064,98.22246,95.119675,96.38018,29338
2026-04-28 13:00:00,0,0.5448464061053384,0.4551535938946616,Buy,96.38988,97.37889,95.74993,96.38018,25951
2026-04-28 14:00:00,0,0.5115783549342946,0.4884216450657054,Buy,96.399574,97.41767,96.20565,96.3414,23030
2026-04-28 15:00:00,0,0.438740129495883,0.561259870504117,Hold,96.36079,96.97165,96.00203,96.75833,15152
2026-04-28 16:00:00,0,0.38819957894053014,0.6118004210594699,Hold,96.76803,97.155876,96.050514,96.19595,9976
2026-04-28 17:00:00,0,0.3678935174672369,0.6321064825327631,Hold,96.20565,97.40798,96.118385,97.194664,10609
2026-04-28 18:00:00,0,0.34342447988346053,0.6565755201165395,Hold,97.17527,97.28193,96.3317,96.96195,14978
2026-04-28 19:00:00,0,0.30445364533540226,0.6955463546645977,Hold,96.952255,97.020134,96.748634,96.87469,3718
2026-04-28 20:00:00,0,0.28816746986934044,0.7118325301306596,Hold,96.86499,96.90378,96.48684,96.5935,3126
2026-04-28 22:00:00,0,0.2520942938414134,0.7479057061585865,Hold,96.68076,96.71955,96.3414,96.5838,1272
2026-04-28 23:00:00,0,0.24881069924274773,0.7511893007572523,Hold,96.5935,96.66137,96.3317,96.399574,982
2026-04-29 00:00:00,0,0.24937701571563756,0.7506229842843625,Hold,96.40927,96.40927,95.92446,96.292915,3116
2026-04-29 01:00:00,0,0.29437071634271017,0.7056292836572898,Hold,96.28322,97.679474,96.225044,97.3401,6917
2026-04-29 02:00:00,1,0.28095512014259433,0.7190448798574056,Hold,97.33041,97.3401,95.429955,96.28322,6709
2026-04-29 03:00:00,1,0.3392236276166001,0.6607763723833999,Hold,96.31231,96.44805,95.78871,96.28322,2555
2026-04-29 04:00:00,1,0.38629564022983987,0.6137043597701601,Hold,96.28322,96.603195,96.19595,96.51593,1162
2026-04-29 05:00:00,1,0.3998120291178594,0.6001879708821406,Hold,96.55471,96.82621,96.535324,96.79712,1468
2026-04-29 06:00:00,1,0.45046427859858806,0.5495357214014119,Hold,96.81651,97.572815,96.574104,97.53403,4288
2026-04-29 07:00:00,1,0.48660453763429834,0.5133954623657017,Hold,97.49525,98.83332,97.291626,98.610306,7759
2026-04-29 08:00:00,0,0.5369267234820203,0.4630732765179797,Buy,98.62,100.62711,98.53274,100.45258,14377
2026-04-29 09:00:00,1,0.5355290992409798,0.4644709007590202,Buy,100.46228,100.55924,99.72537,100.413795,7210
2026-04-29 10:00:00,1,0.5290021119989838,0.47099788800101616,Buy,100.42349,100.6659,99.95808,100.00656,4481
2026-04-29 11:00:00,1,0.5209350451728907,0.4790649548271093,Buy,99.996864,100.307144,99.61871,100.25866,6850
2026-04-29 12:00:00,1,0.5341080543393399,0.46589194566066006,Buy,100.27805,101.19919,99.85142,100.6659,11744
2026-04-29 13:00:00,1,0.519025142447485,0.480974857552515,Buy,100.6756,102.05246,99.9193,101.77126,25672
2026-04-29 14:00:00,1,0.5071070195153453,0.4928929804846547,Buy,101.79066,102.22699,101.21858,101.99428,17168
2026-04-29 15:00:00,0,0.45758442689834594,0.542415573101654,Hold,101.98458,103.78808,101.74218,103.53597,26793
2026-04-29 16:00:00,0,0.4024581934241918,0.5975418065758082,Hold,103.55537,104.011086,102.9639,103.88504,17321
2026-04-29 17:00:00,0,0.3656300028036028,0.6343699971963972,Hold,103.88504,104.40863,103.041466,103.283875,21742
2026-04-29 18:00:00,0,0.3268615763908409,0.6731384236091591,Hold,103.33235,104.185616,103.23539,103.55537,18148
2026-04-29 19:00:00,0,0.3219675428370534,0.6780324571629466,Hold,103.57476,105.19402,103.44871,104.50559,9647
2026-04-29 20:00:00,0,0.3148023326947706,0.6851976673052294,Hold,104.495895,105.30068,104.26319,105.19402,4035
2026-04-29 22:00:00,0,0.31803599811392624,0.6819640018860738,Hold,105.7564,106.30908,104.31167,105.116455,3398
2026-04-29 23:00:00,0,0.32097043787896656,0.6790295621210334,Hold,105.10676,105.20372,104.55408,104.68012,1452
2026-04-30 00:00:00,0,0.34851082702211494,0.6514891729778851,Hold,104.70921,104.81587,103.215996,104.146835,6629
2026-04-30 01:00:00,1,0.3340280788307361,0.6659719211692638,Hold,104.13714,104.34076,103.84625,103.91412,2847
2026-04-30 02:00:00,0,0.33465122035495354,0.6653487796450465,Hold,103.93352,105.93093,103.92382,105.10676,6646
2026-04-30 03:00:00,0,0.38095948249496764,0.6190405175050324,Hold,105.12615,106.25091,104.85466,105.78549,4794
2026-04-30 04:00:00,0,0.4210959358929109,0.5789040641070891,Hold,105.79519,107.5599,105.7564,106.5224,7252
2026-04-30 05:00:00,0,0.4420228575642428,0.5579771424357571,Hold,106.503006,106.5224,105.533394,106.04729,3794
2026-04-30 06:00:00,0,0.4665802244547076,0.5334197755452924,Hold,106.04729,106.95873,104.97101,105.048584,8138
2026-04-30 07:00:00,0,0.49374176901782574,0.5062582309821743,Hold,105.009796,105.320076,104.36985,104.97101,7147
2026-04-30 08:00:00,0,0.5296123639047584,0.4703876360952416,Buy,104.97101,105.19402,104.2341,104.70921,5678
2026-04-30 09:00:00,0,0.5399197138026814,0.46008028619731856,Buy,104.70921,105.56248,103.15782,103.65233,10754
2026-04-30 10:00:00,0,0.5478963665995439,0.4521036334004561,Buy,103.69112,104.04987,102.973595,103.19661,8442
2026-04-30 11:00:00,0,0.5246787658496079,0.47532123415039207,Buy,103.20631,103.215996,100.35562,101.35433,24100
2026-04-30 12:00:00,0,0.5265584998150952,0.47344150018490483,Buy,101.35433,102.61484,101.29615,102.09124,14671
2026-04-30 13:00:00,0,0.5234934937557895,0.47650650624421054,Buy,102.10094,102.76028,100.69499,102.24638,17581
2026-04-30 14:00:00,0,0.48608951186676486,0.5139104881332351,Hold,102.24638,103.22569,101.50947,102.76997,19761
2026-04-30 15:00:00,0,0.43425948152096444,0.5657405184790356,Hold,102.77967,103.38084,100.404106,100.93739,32389
2026-04-30 16:00:00,0,0.39194164777347373,0.6080583522265263,Hold,100.93739,101.974884,100.859825,101.587036,10716
2026-04-30 17:00:00,0,0.3645921145103192,0.6354078854896807,Hold,101.587036,101.6743,100.200485,100.520454,17115
2026-04-30 18:00:00,0,0.3007386911018235,0.6992613088981765,Hold,100.520454,102.39182,100.28775,102.1882,20593
2026-04-30 19:00:00,0,0.2824074219786337,0.7175925780213663,Hold,102.207596,102.23669,101.519165,102.02337,5618
2026-04-30 20:00:00,0,0.2847057636862902,0.7152942363137098,Hold,102.01367,102.92511,101.90701,102.207596,5418
2026-04-30 22:00:00,0,0.23932712123286087,0.7606728787671391,Hold,101.9458,102.75058,101.868225,102.47909,1073
2026-04-30 23:00:00,0,0.24413752797388572,0.7558624720261142,Hold,102.47909,102.634224,102.29486,102.43061,628
2026-05-01 00:00:00,0,0.25614393540054725,0.7438560645994527,Hold,102.43061,102.81846,102.178505,102.42091,1735
2026-05-01 01:00:00,0,0.26980606319627487,0.7301939368037251,Hold,102.42091,102.78937,101.9458,102.12033,1704
2026-05-01 02:00:00,0,0.2734616622979671,0.7265383377020329,Hold,102.10094,103.148125,101.88762,102.29486,2101
2026-05-01 03:00:00,0,0.33069254024981726,0.6693074597501827,Hold,102.25607,102.52757,102.178505,102.33365,1145
2026-05-01 04:00:00,0,0.3970428234519746,0.6029571765480254,Hold,102.314255,102.39182,101.79066,101.800354,1448
2026-05-01 05:00:00,0,0.4094891787661697,0.5905108212338304,Hold,101.81005,102.13003,101.800354,101.92641,1178
2026-05-01 06:00:00,0,0.44935916022866684,0.5506408397713332,Hold,101.91671,103.40992,101.91671,102.7118,3794
2026-05-01 07:00:00,0,0.47607052419318213,0.5239294758068178,Hold,102.7215,102.91542,100.966484,102.314255,7395
2026-05-01 08:00:00,0,0.5129815974092652,0.4870184025907348,Buy,102.314255,102.52757,101.49977,102.32395,5220
2026-05-01 09:00:00,0,0.5274932714982198,0.4725067285017802,Buy,102.33365,102.9445,102.02337,102.21729,3446
2026-05-01 10:00:00,0,0.5243295324479664,0.47567046755203357,Buy,102.23669,102.50818,101.77126,101.81975,2865
2026-05-01 11:00:00,0,0.5208397583844524,0.4791602416155476,Buy,101.81005,102.003975,100.791954,100.9083,7920
2026-05-01 12:00:00,0,0.5251338883166942,0.47486611168330584,Buy,100.93739,101.237976,99.10481,100.60772,16748
2026-05-01 13:00:00,0,0.5098649576278051,0.49013504237219485,Buy,100.62711,100.71438,97.369194,97.78613,25825
2026-05-01 14:00:00,0,0.4773815103298776,0.5226184896701225,Hold,97.747345,98.64909,96.28322,98.52304,27835
2026-05-01 15:00:00,0,0.4466492165855494,0.5533507834144507,Hold,98.50365,99.36661,97.69887,97.98975,18015
2026-05-01 16:00:00,0,0.39337283566797526,0.6066271643320247,Hold,98.01884,99.47327,97.65038,98.73636,17970
2026-05-01 17:00:00,0,0.3729742165081633,0.6270257834918367,Hold,98.784836,99.027245,98.15459,98.35821,9909
2026-05-01 18:00:00,0,0.31944923725074553,0.6805507627492544,Hold,98.367905,99.58962,98.06732,99.07572,16536
2026-05-01 19:00:00,0,0.30938330362693084,0.6906166963730691,Hold,99.095116,99.31813,98.72666,99.07572,3805
2026-05-01 20:00:00,0,0.3120631296201414,0.6879368703798586,Hold,99.08542,99.62841,98.93028,99.386,3597
2026-05-03 22:00:00,0,0.2707757513519069,0.7292242486480931,Hold,96.70016,98.49395,96.09899,97.98975,10191
2026-05-03 23:00:00,0,0.23029053110536937,0.7697094688946307,Hold,97.97036,98.67818,97.93157,98.6394,2030
2026-05-04 00:00:00,0,0.24402290491250533,0.7559770950874947,Hold,98.6394,99.22117,97.98975,98.086716,3770
2026-05-04 01:00:00,0,0.24511302142256225,0.7548869785774377,Hold,98.07702,98.891495,98.07702,98.542435,2202
2026-05-04 02:00:00,0,0.263783850442246,0.7362161495577539,Hold,98.53274,98.99815,98.30972,98.72666,1337
2026-05-04 03:00:00,0,0.3367825198932914,0.6632174801067086,Hold,98.73636,99.095116,98.66849,98.80423,1426
2026-05-04 04:00:00,0,0.3644013234510677,0.6355986765489323,Hold,98.79453,98.83332,98.04793,98.59091,1585
2026-05-04 05:00:00,1,0.40737015537424065,0.5926298446257594,Hold,98.59091,98.66849,97.07831,97.883095,4104
2026-05-04 06:00:00,1,0.43284194814089266,0.5671580518591073,Hold,97.90248,99.65749,97.76674,99.30843,4957
2026-05-04 07:00:00,1,0.4679127557174452,0.5320872442825548,Hold,99.29874,100.307144,99.269646,100.307144,5389
2026-05-04 08:00:00,1,0.5126866569726984,0.48731334302730156,Buy,100.29745,101.36403,99.98717,100.12291,7075
2026-05-04 09:00:00,1,0.5067485250020101,0.49325147499798994,Buy,100.152,100.200485,99.49266,99.928986,3639
2026-05-04 10:00:00,0,0.5235749792821558,0.4764250207178442,Buy,99.928986,104.19531,99.85142,102.459694,28764
2026-05-04 11:00:00,0,0.5376515662154794,0.4623484337845206,Buy,102.459694,102.82815,100.73377,100.966484,11839
2026-05-04 12:00:00,0,0.5246683456653287,0.4753316543346713,Buy,100.97618,101.02466,99.01755,99.70598,14864
2026-05-04 13:00:00,0,0.5212911814148706,0.47870881858512937,Buy,99.69628,101.01496,98.73636,99.095116,22313
2026-05-04 14:00:00,0,0.4854466024318157,0.5145533975681843,Hold,99.11451,100.50107,98.406685,100.32653,19493
2026-05-04 15:00:00,0,0.44601764310893705,0.5539823568910629,Hold,100.345924,102.80876,99.861115,102.39182,34311
2026-05-04 16:00:00,0,0.40391300896715515,0.5960869910328448,Hold,102.42091,103.40023,101.50947,102.90572,24824
2026-05-04 17:00:00,0,0.385749612989452,0.614250387010548,Hold,102.90572,103.02207,101.78096,102.071846,12744
2026-05-04 18:00:00,0,0.31237266723485657,0.6876273327651434,Hold,102.071846,103.51658,101.56765,102.47909,18309
2026-05-04 19:00:00,0,0.3338803500182817,0.6661196499817184,Hold,102.47909,102.634224,101.625824,102.09124,7949
2026-05-04 20:00:00,0,0.3091128121271391,0.6908871878728609,Hold,102.09124,102.12033,101.4319,101.9458,2102
2026-05-04 22:00:00,0,0.2987675896445352,0.7012324103554648,Hold,101.74218,102.27547,101.490074,101.722786,1112
2026-05-04 23:00:00,0,0.29350426081403386,0.7064957391859661,Hold,101.74218,101.92641,101.625824,101.800354,544
2026-05-05 00:00:00,0,0.30936079755219714,0.6906392024478029,Hold,101.81005,102.05246,101.344635,101.654915,1348
2026-05-05 01:00:00,0,0.3438081473879196,0.6561918526120805,Hold,101.63552,101.87792,101.36403,101.60643,1516
2026-05-05 02:00:00,0,0.30409036772943004,0.69590963227057,Hold,101.60643,101.60643,100.76286,101.02466,2397
2026-05-05 03:00:00,0,0.377835863633939,0.622164136366061,Hold,101.04405,101.344635,100.93739,101.19919,770
2026-05-05 04:00:00,0,0.4241734084752237,0.5758265915247762,Hold,101.19919,101.208885,100.69499,101.005264,877
2026-05-05 05:00:00,0,0.44473652340827663,0.5552634765917234,Hold,101.01496,101.40281,101.005264,101.10223,1749
2026-05-05 06:00:00,0,0.49170550369797383,0.5082944963020262,Hold,101.12162,102.14942,100.830734,101.24767,3784
2026-05-05 07:00:00,0,0.5254834340127621,0.4745165659872379,Buy,101.237976,101.63552,100.01626,101.373726,5982
2026-05-05 08:00:00,0,0.5168175222548883,0.4831824777451117,Buy,101.36403,101.50947,99.94838,100.28775,6507
2026-05-05 09:00:00,0,0.5261317848619365,0.47386821513806354,Buy,100.29745,101.32524,100.29745,100.85013,4833
2026-05-05 10:00:00,0,0.5231497069065748,0.4768502930934252,Buy,100.85013,101.237976,100.35562,101.01496,3805
2026-05-05 11:00:00,0,0.5468521130974953,0.45314788690250474,Buy,101.02466,101.897316,100.578636,100.59803,6465
2026-05-05 12:00:00,0,0.5360145431621187,0.4639854568378813,Buy,100.58833,101.04405,99.47327,100.08413,13093
2026-05-05 13:00:00,0,0.5481327678222061,0.4518672321777939,Buy,100.08413,100.21987,98.93998,98.95937,13635
2026-05-05 14:00:00,0,0.536977589638856,0.463022410361144,Buy,99.00785,99.87081,98.00914,98.53274,29005
2026-05-05 15:00:00,0,0.46432420154221266,0.5356757984577873,Hold,98.53274,99.405396,98.203064,98.99815,14931
2026-05-05 16:00:00,0,0.41301195157033194,0.5869880484296681,Hold,98.98846,99.30843,98.65879,99.201775,7146
2026-05-05 17:00:00,0,0.3952090966689381,0.6047909033310619,Hold,99.201775,99.269646,98.367905,98.96906,9743
2026-05-05 18:00:00,0,0.3249718105547523,0.6750281894452477,Hold,98.95937,99.512054,98.73636,99.16299,13080
2026-05-05 19:00:00,0,0.30643051282357053,0.6935694871764295,Hold,99.17268,99.78355,99.066025,99.65749,4999
2026-05-05 20:00:00,0,0.306055878082361,0.693944121917639,Hold,99.66719,99.686584,99.25025,99.56053,3071
2026-05-05 22:00:00,0,0.29123084333312266,0.7087691566668773,Hold,99.579926,99.579926,96.10869,97.96066,6093
2026-05-05 23:00:00,0,0.315310019976897,0.684689980023103,Hold,97.96066,98.07702,96.17656,96.76803,6470
2026-05-06 00:00:00,0,0.28320248137342846,0.7167975186265716,Hold,96.76803,98.32912,96.5838,97.84431,6268
2026-05-06 01:00:00,0,0.28422569557690475,0.7157743044230953,Hold,97.82491,98.21276,97.06861,97.504944,4316
2026-05-06 02:00:00,0,0.2746992404414245,0.7253007595585754,Hold,97.51463,97.72795,97.398285,97.58251,1499
2026-05-06 03:00:00,0,0.3503941809756682,0.6496058190243318,Hold,97.601906,97.91218,97.27223,97.52433,1401
2026-05-06 04:00:00,0,0.3971129088185712,0.6028870911814288,Hold,97.543724,97.679474,97.16557,97.3401,997
2026-05-06 05:00:00,0,0.42581197535750814,0.5741880246424919,Hold,97.3401,98.29033,97.14618,97.24314,2899
2026-05-06 06:00:00,0,0.4444106172566323,0.5555893827433678,Hold,97.25284,98.22246,96.709854,97.78613,4872
2026-05-06 07:00:00,0,0.4935198599738517,0.5064801400261483,Hold,97.79583,98.1158,94.73183,94.82879,11318
2026-05-06 08:00:00,0,0.5174066029810935,0.48259339701890647,Buy,94.79001,96.0796,92.29808,92.550186,19819
2026-05-06 09:00:00,0,0.5532362502172014,0.44676374978279865,Buy,92.550186,93.40345,90.4752,90.513985,25768
2026-05-06 10:00:00,1,0.5523814142233857,0.4476185857766143,Buy,90.513985,90.552765,86.810036,87.08153,34536
2026-05-06 11:00:00,0,0.5295407699761728,0.47045923002382717,Buy,87.06214,89.81586,85.96647,89.747986,32872
2026-05-06 12:00:00,0,0.5301751404283319,0.4698248595716681,Buy,89.747986,93.180435,89.66072,92.521095,32200
2026-05-06 13:00:00,0,0.5104572668556049,0.4895427331443951,Buy,92.521095,93.85917,92.23021,93.12226,28063
2026-05-06 14:00:00,0,0.5020273599767983,0.49797264002320174,Buy,93.112564,94.37307,91.60966,91.90054,26774
2026-05-06 15:00:00,0,0.45053972764101835,0.5494602723589816,Hold,91.89085,93.19013,91.7454,92.43383,17987
2026-05-06 16:00:00,0,0.3947121350759029,0.6052878649240971,Hold,92.43383,93.422844,91.69692,92.95743,13369
2026-05-06 17:00:00,0,0.3860179846898709,0.6139820153101291,Hold,92.94773,93.034996,92.10416,92.346565,9150
2026-05-06 18:00:00,0,0.3346552139004334,0.6653447860995666,Hold,92.35626,92.41444,91.46421,92.317474,16617
2026-05-06 19:00:00,0,0.30814935882089317,0.6918506411791068,Hold,92.32717,92.66654,91.94902,92.47262,4946
2026-05-06 20:00:00,0,0.2831395749204715,0.7168604250795285,Hold,92.453224,93.44224,92.172035,93.287094,3666
2026-05-06 22:00:00,0,0.2683493849818163,0.7316506150181836,Hold,93.37436,93.40345,92.71502,92.94773,1354
2026-05-06 23:00:00,0,0.28451221336416377,0.7154877866358362,Hold,92.938034,93.141655,92.81198,92.976814,751
2026-05-07 00:00:00,0,0.2748793744308804,0.7251206255691196,Hold,92.98651,93.54889,92.831375,93.22892,2408
2026-05-07 01:00:00,0,0.3053226638236852,0.6946773361763148,Hold,93.258,93.519806,92.48231,92.53079,3060
2026-05-07 02:00:00,0,0.28773979274954703,0.7122602072504529,Hold,92.5114,92.870155,91.94902,92.79259,2515
2026-05-07 03:00:00,0,0.3549087177019416,0.6450912822980583,Hold,92.78289,93.034996,92.453224,92.89925,1121
2026-05-07 04:00:00,0,0.42124608776384315,0.5787539122361569,Hold,92.90894,92.92834,92.59866,92.64715,728
2026-05-07 05:00:00,0,0.4370110398977388,0.5629889601022612,Hold,92.64715,92.860466,92.36596,92.46292,1195
2026-05-07 06:00:00,0,0.4773475983160576,0.5226524016839424,Hold,92.48231,92.763504,91.309074,91.7551,4889
2026-05-07 07:00:00,0,0.5278037280955394,0.47219627190446056,Buy,91.78419,91.861755,89.127426,90.49459,17050
2026-05-07 08:00:00,0,0.5571061537415573,0.44289384625844275,Buy,90.49459,91.71631,89.91282,90.058266,9372
2026-05-07 09:00:00,0,0.5442128500362503,0.4557871499637497,Buy,90.058266,90.36854,89.340744,90.04857,5790
2026-05-07 10:00:00,0,0.5565755916724432,0.4434244083275568,Buy,90.067955,90.49459,89.437706,90.03887,5766
2026-05-07 11:00:00,0,0.5545618186842052,0.4454381813157948,Buy,89.99039,90.13583,88.55535,89.030464,9163
2026-05-07 12:00:00,1,0.57468406436564,0.42531593563436,Buy,89.01107,89.27287,87.120316,87.9348,17430
2026-05-07 13:00:00,1,0.5677542360648264,0.43224576393517355,Buy,87.94449,89.87403,87.9251,88.39052,22847
2026-05-07 14:00:00,1,0.5495397085715253,0.45046029142847466,Buy,88.400215,88.79776,87.55664,88.4293,17652
2026-05-07 15:00:00,1,0.4761245796388649,0.5238754203611351,Hold,88.400215,90.59155,88.39052,90.4752,22222
2026-05-07 16:00:00,0,0.39660472470202357,0.6033952752979764,Hold,90.4752,92.976814,90.43642,92.73441,29844
2026-05-07 17:00:00,0,0.391812268352423,0.608187731647577,Hold,92.72472,94.49912,91.687225,91.997505,34660
2026-05-07 18:00:00,0,0.3341131668685593,0.6658868331314407,Hold,91.997505,93.665245,91.69692,92.70532,26310
2026-05-07 19:00:00,0,0.3301926337031958,0.6698073662968043,Hold,92.73441,94.34398,92.57927,93.43254,15247
2026-05-07 20:00:00,0,0.292263159879857,0.7077368401201429,Hold,93.44224,95.013016,91.84236,94.69305,11963
2026-05-07 22:00:00,0,0.2999480678573932,0.7000519321426069,Hold,95.26512,95.64327,93.19983,94.314896,6548
2026-05-07 23:00:00,0,0.28325670328117614,0.7167432967188239,Hold,94.2955,94.3052,93.75251,94.0337,1323
2026-05-08 00:00:00,0,0.3222101957200236,0.6777898042799764,Hold,94.043396,94.34398,93.47132,93.65555,1961
2026-05-08 01:00:00,0,0.3542105245788063,0.6457894754211937,Hold,93.64585,93.65555,92.61806,93.112564,4386
2026-05-08 02:00:00,0,0.3616760340638915,0.6383239659361085,Hold,93.12226,93.5392,92.19143,92.84107,3381
2026-05-08 03:00:00,0,0.4015778153930995,0.5984221846069004,Hold,92.79259,92.89925,92.46292,92.802284,1185
2026-05-08 04:00:00,0,0.44681427571807225,0.5531857242819278,Hold,92.79259,93.54889,92.74411,92.88955,1958
2026-05-08 05:00:00,0,0.47171243610659835,0.5282875638934017,Hold,92.860466,92.99621,92.41444,92.521095,1927
2026-05-08 06:00:00,0,0.49939427233322903,0.500605727666771,Hold,92.53079,92.87985,91.28968,92.2496,5866
2026-05-08 07:00:00,0,0.5292339087526137,0.47076609124738633,Buy,92.23021,92.99621,91.90054,92.36596,4774
2026-05-08 08:00:00,0,0.5601277487387988,0.4398722512612012,Buy,92.36596,92.627754,91.309074,91.726006,6440
2026-05-08 09:00:00,0,0.5495667325608763,0.4504332674391237,Buy,91.726006,92.492004,90.9697,92.2593,5658
2026-05-08 10:00:00,0,0.5643844161981275,0.4356155838018725,Buy,92.269,92.40474,91.58057,92.007195,5126
2026-05-08 11:00:00,0,0.5547615936234125,0.4452384063765875,Buy,92.04598,92.36596,91.347855,92.08477,4596
2026-05-08 12:00:00,0,0.5406475815979639,0.4593524184020361,Buy,92.09447,92.72472,91.7357,92.453224,7339
2026-05-08 13:00:00,0,0.565474859059321,0.43452514094067896,Buy,92.453224,92.5017,91.05697,91.44482,16892
2026-05-08 14:00:00,0,0.5131746199918528,0.48682538000814723,Buy,91.47391,92.938034,91.45451,92.5114,15275
2026-05-08 15:00:00,0,0.46920337283421265,0.5307966271657873,Hold,92.521095,93.19983,92.210815,92.89925,17516
2026-05-08 16:00:00,0,0.4154598680126277,0.5845401319873723,Hold,92.89925,93.258,92.550186,93.209526,10356
2026-05-08 17:00:00,1,0.4074717820603963,0.5925282179396036,Hold,93.209526,93.23862,92.41444,92.58897,7736
2026-05-08 18:00:00,1,0.36839747372772047,0.6316025262722795,Hold,92.58897,92.89925,91.71631,92.656845,17127
2026-05-08 19:00:00,1,0.3451756552355559,0.6548243447644442,Hold,92.656845,92.74411,91.81327,92.02659,4518
2026-05-08 20:00:00,1,0.33055577142649833,0.6694442285735016,Hold,92.036285,92.16234,91.54178,91.80358,2411
2026-05-10 22:00:00,0,0.31751821999880236,0.6824817800011976,Hold,95.20694,95.84689,94.68335,95.3039,7803
2026-05-10 23:00:00,0,0.31006092509756045,0.6899390749024396,Hold,95.323296,95.914764,95.20694,95.86628,2790
2026-05-11 00:00:00,0,0.32086329771131644,0.6791367022886836,Hold,95.85659,96.87469,95.50752,96.23474,5591
2026-05-11 01:00:00,0,0.3471628637919155,0.6528371362080845,Hold,96.21535,96.35109,95.8372,95.97294,4634
2026-05-11 02:00:00,0,0.33613353583654887,0.6638664641634511,Hold,96.01173,96.8359,95.87598,96.777725,3126
2026-05-11 03:00:00,0,0.381143198768556,0.6188568012314439,Hold,96.777725,97.262535,96.65167,96.913475,3297
2026-05-11 04:00:00,0,0.415750488698442,0.584249511301558,Hold,96.913475,97.32071,96.90378,97.25284,1630
2026-05-11 05:00:00,0,0.43099193762178084,0.5690080623782192,Hold,97.24314,97.291626,96.5935,96.73894,2436
2026-05-11 06:00:00,0,0.48011288893025883,0.5198871110697412,Hold,96.73894,97.088005,95.89537,96.02142,4397
2026-05-11 07:00:00,0,0.5200430898612294,0.4799569101387706,Buy,96.00203,96.30261,95.255424,95.3136,4804
2026-05-11 08:00:00,0,0.5316524266632081,0.4683475733367919,Buy,95.294205,95.44935,93.975525,94.62517,9058
2026-05-11 09:00:00,0,0.5281596091030911,0.4718403908969089,Buy,94.65426,95.12937,94.41186,95.10998,3420
2026-05-11 10:00:00,0,0.526187142037413,0.473812857962587,Buy,95.10028,95.12937,94.324585,95.04211,3706
2026-05-11 11:00:00,0,0.5335102757028416,0.4664897242971584,Buy,95.0518,95.58509,94.74152,95.33299,3212
2026-05-11 12:00:00,0,0.5513212917145672,0.44867870828543277,Buy,95.33299,95.70145,93.65555,95.10028,11691
2026-05-11 13:00:00,0,0.547880054933797,0.452119945066203,Buy,95.10028,95.13907,93.209526,93.68464,18137
2026-05-11 14:00:00,0,0.501273536769436,0.498726463230564,Buy,93.70403,94.98393,93.626465,94.72213,13556
2026-05-11 15:00:00,0,0.44526889849735274,0.5547311015026473,Hold,94.70274,95.3136,94.23732,94.89667,13621
2026-05-11 16:00:00,0,0.42155198957903156,0.5784480104209684,Hold,94.90636,96.806816,94.87727,96.24444,14873
2026-05-11 17:00:00,0,0.382573621252501,0.617426378747499,Hold,96.24444,96.24444,95.12937,95.35239,8457
2026-05-11 18:00:00,0,0.34586488197243226,0.6541351180275677,Hold,95.37178,95.89537,94.84818,95.148766,16735
2026-05-11 19:00:00,0,0.3154429371875388,0.6845570628124612,Hold,95.13907,95.50752,94.86758,95.34269,3772
2026-05-11 20:00:00,0,0.32358655688039084,0.6764134431196092,Hold,95.323296,95.97294,95.18755,95.26512,4348
2026-05-11 22:00:00,0,0.2655276197256644,0.7344723802743356,Hold,95.40086,95.459045,95.04211,95.255424,844
2026-05-11 23:00:00,0,0.29697047834371787,0.7030295216562821,Hold,95.255424,95.294205,95.02271,95.12937,455
2026-05-12 00:00:00,0,0.3069271226517649,0.6930728773482351,Hold,95.13907,95.78871,95.119675,95.73054,2543
2026-05-12 01:00:00,0,0.3385116231535204,0.6614883768464797,Hold,95.71114,96.12808,95.37178,96.03112,2219
2026-05-12 02:00:00,0,0.3616616467801272,0.6383383532198728,Hold,96.04082,96.263824,95.92446,95.96324,1793
2026-05-12 03:00:00,0,0.43062515735264784,0.5693748426473522,Hold,95.99233,96.19595,95.8275,96.13778,1133
2026-05-12 04:00:00,1,0.48602742849893754,0.5139725715010625,Hold,96.12808,96.157166,95.672356,96.01173,927
2026-05-12 05:00:00,1,0.475065657182335,0.5249343428176649,Hold,96.03112,96.49654,95.8178,96.18626,1382
2026-05-12 06:00:00,0,0.5508492893095568,0.4491507106904432,Buy,96.20565,97.65038,96.17656,97.466156,6711
2026-05-12 07:00:00,0,0.5772310014686622,0.42276899853133776,Buy,97.48555,97.65038,97.20436,97.611595,3827
2026-05-12 08:00:00,0,0.6149252301903951,0.38507476980960487,Buy,97.601906,98.38729,97.543724,97.83461,5813
2026-05-12 09:00:00,0,0.6118500286233453,0.38814997137665475,Buy,97.854004,98.66849,97.79583,98.01884,5141
2026-05-12 10:00:00,0,0.6003346846194462,0.39966531538055383,Buy,98.00914,98.8721,97.75704,98.581215,5033
2026-05-12 11:00:00,0,0.6155953827434418,0.38440461725655817,Buy,98.571526,98.94968,98.07702,98.19337,5037
2026-05-12 12:00:00,0,0.6133691997593581,0.3866308002406419,Buy,98.203064,98.66849,97.543724,97.70856,8592
2026-05-12 13:00:00,0,0.59135756354881,0.40864243645119,Buy,97.69887,99.027245,97.611595,98.67818,10988
2026-05-12 14:00:00,0,0.5931953452595505,0.40680465474044947,Buy,98.67818,99.07572,98.300026,98.84302,10834
2026-05-12 15:00:00,0,0.5345564077399165,0.46544359226008347,Buy,98.84302,99.1339,98.086716,98.41638,10757
2026-05-12 16:00:00,0,0.47893415545778445,0.5210658445422156,Hold,98.39699,98.8721,98.14489,98.55213,7588
2026-05-12 17:00:00,0,0.4581210288788488,0.5418789711211511,Hold,98.542435,98.6297,98.15459,98.60061,6735
2026-05-12 18:00:00,0,0.41050100115398125,0.5894989988460188,Hold,98.60061,99.59932,98.44547,99.42479,17705
2026-05-12 19:00:00,0,0.4014950919902732,0.5985049080097268,Hold,99.43449,99.444176,99.10481,99.269646,3784
2026-05-12 20:00:00,0,0.40137028224314925,0.5986297177568507,Hold,99.25995,99.35691,98.81393,98.94968,1911
2026-05-12 22:00:00,0,0.3662370707000177,0.6337629292999822,Hold,99.05633,99.16299,98.610306,98.83332,1070
2026-05-12 23:00:00,0,0.3581645477586271,0.641835452241373,Hold,98.83332,99.027245,98.82362,98.96906,471
2026-05-13 00:00:00,0,0.3645811131130168,0.6354188868869832,Hold,98.95937,98.97876,97.8637,98.3776,3747
2026-05-13 01:00:00,0,0.3796576462998836,0.6203423537001165,Hold,98.38729,98.542435,98.18368,98.49395,1030
2026-05-13 02:00:00,0,0.3774586974973163,0.6225413025026837,Hold,98.51334,98.65879,97.70856,97.99944,1578
2026-05-13 03:00:00,0,0.44452455771263466,0.5554754422873653,Hold,97.98975,98.125496,97.776436,97.98975,1160
2026-05-13 04:00:00,0,0.4973851775916972,0.5026148224083028,Hold,97.98006,97.98006,97.52433,97.68917,962
2026-05-13 05:00:00,0,0.51450717404417,0.48549282595583,Buy,97.679474,97.83461,97.504944,97.611595,984
2026-05-13 06:00:00,0,0.5299269940613303,0.47007300593866974,Buy,97.601906,98.04793,97.51463,97.91218,2186
2026-05-13 07:00:00,0,0.5536600003144442,0.4463399996855558,Buy,97.91218,98.27094,97.59221,98.15459,3076
2026-05-13 08:00:00,0,0.5981194744620841,0.40188052553791587,Buy,98.15459,98.716965,97.98006,98.48425,4184
2026-05-13 09:00:00,1,0.5851595300206086,0.4148404699793914,Buy,98.47456,98.8818,98.1158,98.22246,2675
2026-05-13 10:00:00,0,0.5967188456404898,0.4032811543595102,Buy,98.25155,99.27934,98.24185,99.19208,4326
2026-05-13 11:00:00,0,0.6041109429261676,0.3958890570738324,Buy,99.201775,99.25025,98.581215,98.75575,3449
2026-05-13 12:00:00,0,0.5989697415547631,0.4010302584452369,Buy,98.76545,99.62841,98.66849,99.22117,5951
2026-05-13 13:00:00,0,0.5940874877449418,0.4059125122550582,Buy,99.22117,99.76415,98.93028,99.74476,10132
2026-05-13 14:00:00,0,0.5864212329770441,0.41357876702295593,Buy,99.74476,100.520454,99.57023,100.00656,14131
2026-05-13 15:00:00,0,0.526304110860262,0.47369588913973804,Buy,100.00656,100.10352,98.920586,99.11451,10774
2026-05-13 16:00:00,0,0.4773917262539724,0.5226082737460276,Hold,99.12421,99.25995,97.78613,98.99815,15327
2026-05-13 17:00:00,0,0.4325211370766087,0.5674788629233913,Hold,98.97876,99.07572,98.14489,98.25155,6890
2026-05-13 18:00:00,0,0.36655175198580675,0.6334482480141932,Hold,98.24185,98.31942,97.63099,97.94127,12984
2026-05-13 19:00:00,0,0.3365768388596967,0.6634231611403033,Hold,97.96066,98.32912,97.883095,98.28064,2483
2026-05-13 20:00:00,0,0.32395015326069193,0.6760498467393081,Hold,98.29033,98.49395,97.640686,97.93157,2519
2026-05-13 22:00:00,0,0.3056725620049194,0.6943274379950806,Hold,97.950966,98.18368,97.66008,97.80552,738
2026-05-13 23:00:00,0,0.29450523429061226,0.7054947657093877,Hold,97.776436,97.99944,97.73765,97.950966,341
2026-05-14 00:00:00,0,0.3009143947675957,0.6990856052324044,Hold,97.98006,98.21276,97.82491,98.07702,883
2026-05-14 01:00:00,0,0.3176713526381283,0.6823286473618717,Hold,98.06732,98.32912,97.66978,98.00914,1620
2026-05-14 02:00:00,0,0.3224186834995656,0.6775813165004344,Hold,97.98006,98.435776,97.8637,98.406685,921
2026-05-14 03:00:00,0,0.4030168582209674,0.5969831417790326,Hold,98.3776,98.64909,98.086716,98.31942,1481
2026-05-14 04:00:00,0,0.4312264204038015,0.5687735795961986,Hold,98.300026,98.49395,98.28064,98.3776,574
2026-05-14 05:00:00,0,0.4538645645246201,0.5461354354753799,Hold,98.39699,98.72666,98.28064,98.3776,1327
2026-05-14 06:00:00,0,0.49525611084142035,0.5047438891585796,Hold,98.367905,98.3776,96.574104,97.98975,6050
2026-05-14 07:00:00,0,0.5579143312240159,0.4420856687759841,Buy,97.99944,98.99815,97.854004,98.84302,4264
2026-05-14 08:00:00,0,0.5752486001096389,0.42475139989036115,Buy,98.852715,99.24056,97.93157,98.261246,6265
2026-05-14 09:00:00,0,0.5847498762875988,0.4152501237124012,Buy,98.232155,98.99815,97.747345,97.99944,4186
2026-05-14 10:00:00,0,0.580051282311528,0.419948717688472,Buy,98.00914,98.6297,97.06861,97.99944,7540
2026-05-14 11:00:00,0,0.5742831069411326,0.4257168930588674,Buy,98.03823,98.232155,97.00074,97.22375,4815
2026-05-14 12:00:00,0,0.5664089167524541,0.4335910832475459,Buy,97.233444,97.8734,96.37048,97.31102,8239
2026-05-14 13:00:00,0,0.5816665851353957,0.4183334148646043,Buy,97.33041,98.028534,97.126785,97.82491,9058
2026-05-14 14:00:00,0,0.5514927267509779,0.44850727324902206,Buy,97.84431,98.66849,97.28193,97.53403,10186
2026-05-14 15:00:00,0,0.4903381934475125,0.5096618065524875,Hold,97.53403,98.00914,97.3401,97.90248,6871
2026-05-14 16:00:00,0,0.4514647284237625,0.5485352715762375,Hold,97.91218,98.1061,97.20436,97.98975,7529
2026-05-14 17:00:00,0,0.43220811665962744,0.5677918833403726,Hold,97.99944,98.96906,97.84431,98.64909,8371
2026-05-14 18:00:00,0,0.3909297810674126,0.6090702189325874,Hold,98.6394,98.90119,97.99944,98.34851,9997
2026-05-14 19:00:00,0,0.35332218314008906,0.646677816859911,Hold,98.34851,98.91089,98.27094,98.90119,1920
2026-05-14 20:00:00,0,0.35816033228843114,0.6418396677115689,Hold,98.91089,99.07572,98.72666,98.920586,1807
2026-05-14 22:00:00,0,0.35765072805213877,0.6423492719478612,Hold,98.95937,98.96906,98.39699,98.86241,659
2026-05-14 23:00:00,0,0.35270966975790474,0.6472903302420953,Hold,98.83332,98.93028,98.610306,98.83332,231
2026-05-15 00:00:00,0,0.3598592271676101,0.6401407728323899,Hold,98.84302,98.920586,98.49395,98.746056,414
2026-05-15 01:00:00,0,0.3777040601057086,0.6222959398942913,Hold,98.70727,99.77385,98.59091,99.269646,995
2026-05-15 02:00:00,1,0.4129673168869515,0.5870326831130486,Hold,99.31813,99.79324,98.93028,99.512054,700
2026-05-15 03:00:00,1,0.4452586585727126,0.5547413414272875,Hold,99.550835,99.57023,99.24056,99.25995,214
2026-05-15 04:00:00,1,0.4950413594010161,0.5049586405989839,Hold,99.27934,99.47327,99.25995,99.269646,306
2026-05-15 05:00:00,0,0.504542287532408,0.49545771246759196,Buy,99.30843,100.63681,99.30843,100.200485,1159
2026-05-15 06:00:00,0,0.5402550980949052,0.45974490190509476,Buy,100.200485,100.45258,99.93868,100.064735,536
2026-05-15 07:00:00,0,0.5559657343464254,0.4440342656535746,Buy,100.08413,100.44289,99.579926,100.43319,909
2026-05-15 08:00:00,0,0.5801867052643302,0.41981329473566975,Buy,100.413795,102.04276,100.26836,101.76157,2623
2026-05-15 09:00:00,0,0.5663421598851545,0.43365784011484554,Buy,101.70339,102.110634,101.237976,102.003975,1206
2026-05-15 10:00:00,0,0.5748074858026936,0.4251925141973064,Buy,102.003975,102.01367,99.77385,100.11322,1701
2026-05-15 11:00:00,0,0.5704584089382791,0.42954159106172085,Buy,100.05504,101.4222,99.928986,101.28645,1127
2026-05-15 12:00:00,0,0.5656639673182124,0.43433603268178755,Buy,101.315544,101.52886,100.84043,101.05375,1992
2026-05-15 13:00:00,0,0.5503538241697112,0.44964617583028876,Buy,101.05375,101.11192,100.33623,101.11192,3072
2026-05-15 14:00:00,0,0.506868584228153,0.49313141577184705,Buy,101.11192,101.800354,100.375015,101.46099,2784
2026-05-15 15:00:00,0,0.4542870796844184,0.5457129203155816,Hold,101.451294,102.49848,101.170105,102.24638,3507
2026-05-15 16:00:00,0,0.4368582270660888,0.5631417729339112,Hold,102.24638,102.56635,101.78096,101.88762,2338
2026-05-15 17:00:00,0,0.4274539360937308,0.5725460639062692,Hold,101.897316,102.13003,101.548256,101.87792,2371
2026-05-15 18:00:00,0,0.4148899046725176,0.5851100953274824,Hold,101.868225,102.57605,101.84884,102.12033,3928
2026-05-15 19:00:00,0,0.3982580599102794,0.6017419400897206,Hold,102.13003,102.52757,102.02337,102.40152,955
2026-05-15 20:00:00,0,0.40718384894992765,0.5928161510500723,Hold,102.39182,102.77967,102.178505,102.45,841
2026-05-18 00:00:00,0,0.3767312020947464,0.6232687979052536,Hold,102.45,103.23,102.0,102.98,3821
2026-05-18 01:00:00,0,0.40624208427285824,0.5937579157271418,Hold,102.97,104.37,102.65,103.32,7245
2026-05-18 02:00:00,0,0.40326051946870917,0.5967394805312909,Hold,103.33,103.73,103.14,103.27,2041
2026-05-18 03:00:00,0,0.43093413713300766,0.5690658628669923,Hold,103.26,103.4,103.08,103.17,1086
2026-05-18 04:00:00,0,0.46840086191794605,0.531599138082054,Hold,103.19,103.34,103.0,103.17,1339
2026-05-18 05:00:00,0,0.4877478880913816,0.5122521119086184,Hold,103.15,103.31,102.56,102.88,1878
2026-05-18 06:00:00,0,0.513267890102116,0.48673210989788396,Buy,102.88,103.45,102.8,102.87,3028
2026-05-18 07:00:00,0,0.5350454487510835,0.4649545512489165,Buy,102.84,102.93,101.6,102.18,7394
2026-05-18 08:00:00,0,0.563894950560471,0.436105049439529,Buy,102.18,102.43,101.63,101.81,5785
2026-05-18 09:00:00,0,0.5639394285823508,0.4360605714176492,Buy,101.8,102.56,101.7,102.21,4141
2026-05-18 10:00:00,0,0.5558092337734543,0.44419076622654574,Buy,102.2,102.52,102.06,102.43,2376
2026-05-18 11:00:00,0,0.5470783378278368,0.45292166217216323,Buy,102.46,103.26,100.16,100.89,18685
2026-05-18 12:00:00,1,0.5631070851674834,0.4368929148325166,Buy,100.91,101.61,98.6,99.04,21506
2026-05-18 13:00:00,1,0.5466962883167652,0.4533037116832348,Buy,99.07,100.24,98.95,99.59,20859
2026-05-18 14:00:00,0,0.5369994546381068,0.46300054536189317,Buy,99.58,102.37,99.55,102.22,22439
2026-05-18 15:00:00,0,0.4862982262109206,0.5137017737890794,Hold,102.21,103.13,102.03,102.85,21062
2026-05-18 16:00:00,0,0.43090649877722637,0.5690935012227736,Hold,102.84,103.64,102.71,102.91,12944
2026-05-18 17:00:00,0,0.40299418656709346,0.5970058134329066,Hold,102.91,103.12,102.19,103.03,9768
2026-05-18 18:00:00,0,0.3567566201460247,0.6432433798539753,Hold,103.02,105.21,103.01,104.65,25500
2026-05-18 19:00:00,0,0.31944859630126543,0.6805514036987346,Hold,104.66,104.8,101.41,101.96,18369
2026-05-18 20:00:00,0,0.30118008666093254,0.6988199133390675,Hold,101.96,102.6,101.1,102.49,4497
2026-05-18 22:00:00,0,0.24988331556714014,0.7501166844328598,Hold,102.58,102.74,102.12,102.45,2167
2026-05-18 23:00:00,0,0.25432332577286576,0.7456766742271342,Hold,102.45,102.52,102.26,102.3,549
2026-05-19 00:00:00,0,0.2568570566290308,0.7431429433709692,Hold,102.3,102.75,102.22,102.51,1890
2026-05-19 01:00:00,0,0.28572297709427974,0.7142770229057203,Hold,102.47,103.0,102.24,102.53,2633
2026-05-19 02:00:00,0,0.29513056853356173,0.7048694314664383,Hold,102.5,103.1,102.42,102.91,1222
2026-05-19 03:00:00,0,0.3723202697400875,0.6276797302599125,Hold,102.93,103.13,102.67,102.83,961
2026-05-19 04:00:00,0,0.43398227012879437,0.5660177298712057,Hold,102.84,102.92,102.59,102.65,671
2026-05-19 05:00:00,0,0.442316553279076,0.557683446720924,Hold,102.64,103.45,102.58,103.16,1882
2026-05-19 06:00:00,0,0.484343648494932,0.5156563515050681,Hold,103.16,103.85,102.74,103.72,5355
2026-05-19 07:00:00,0,0.517046499921866,0.482953500078134,Buy,103.71,104.0,103.02,103.15,4087
2026-05-19 08:00:00,0,0.5392638872012637,0.4607361127987363,Buy,103.17,103.86,103.03,103.24,3947
2026-05-19 09:00:00,0,0.5540160387444151,0.4459839612555849,Buy,103.25,103.58,102.56,102.79,3460
2026-05-19 10:00:00,0,0.5350624922963867,0.4649375077036133,Buy,102.79,104.18,102.73,103.42,7553
2026-05-19 11:00:00,0,0.5368888275344657,0.46311117246553435,Buy,103.45,104.1,103.41,103.97,3815
2026-05-19 12:00:00,0,0.5530061219371684,0.44699387806283164,Buy,103.98,104.01,103.23,103.51,4871
2026-05-19 13:00:00,0,0.556291059035969,0.443708940964031,Buy,103.5,104.71,103.14,103.46,19486
2026-05-19 14:00:00,0,0.5406746103983223,0.4593253896016777,Buy,103.48,103.79,102.61,103.49,17207
2026-05-19 15:00:00,0,0.48764675823815146,0.5123532417618486,Hold,103.48,103.91,102.96,103.83,9911
2026-05-19 16:00:00,0,0.44269743697451486,0.5573025630254851,Hold,103.82,104.15,103.51,103.71,7794
2026-05-19 17:00:00,0,0.4236531820814275,0.5763468179185725,Hold,103.71,104.09,103.27,103.44,9535
2026-05-19 18:00:00,0,0.3902701995363906,0.6097298004636094,Hold,103.43,104.86,103.09,104.65,23913
2026-05-19 19:00:00,0,0.383308136716513,0.616691863283487,Hold,104.66,104.66,104.12,104.48,4076
2026-05-19 20:00:00,0,0.39159584481443827,0.6084041551855617,Hold,104.49,104.59,103.95,104.03,2584
2026-05-19 22:00:00,0,0.3571088488020444,0.6428911511979556,Hold,104.12,104.36,104.03,104.21,792
2026-05-19 23:00:00,0,0.3408594669646157,0.6591405330353843,Hold,104.21,104.29,103.76,103.92,1034
2026-05-20 00:00:00,0,0.31668934394695,0.68331065605305,Hold,103.92,104.02,103.71,103.87,1195
2026-05-20 01:00:00,0,0.32360253923198773,0.6763974607680123,Hold,103.85,104.45,103.12,103.61,3742
2026-05-20 02:00:00,0,0.3408791718003788,0.6591208281996213,Hold,103.58,104.45,103.41,104.2,2348
2026-05-20 03:00:00,0,0.41573526694317664,0.5842647330568234,Hold,104.2,104.33,103.57,103.68,1534
2026-05-20 04:00:00,0,0.45363129292693166,0.5463687070730683,Hold,103.68,103.97,103.32,103.9,1307
2026-05-20 05:00:00,0,0.4943634533470571,0.5056365466529429,Hold,103.88,103.94,103.57,103.84,1023
2026-05-20 06:00:00,0,0.5190948372677644,0.4809051627322356,Buy,103.86,104.01,102.65,102.79,4774
2026-05-20 07:00:00,0,0.5037179856437766,0.49628201435622343,Buy,102.75,103.17,102.5,103.04,4122
2026-05-20 08:00:00,0,0.5463586459983987,0.4536413540016013,Buy,103.05,103.12,101.82,102.06,7704
2026-05-20 09:00:00,0,0.5480608505684333,0.45193914943156666,Buy,102.09,102.72,101.64,102.35,4840
2026-05-20 10:00:00,0,0.5564878505647536,0.4435121494352464,Buy,102.34,102.51,100.87,101.48,8945
2026-05-20 11:00:00,0,0.551280897964763,0.448719102035237,Buy,101.48,102.77,101.42,102.52,7517
2026-05-20 12:00:00,0,0.5731447777574143,0.42685522224258565,Buy,102.53,102.65,100.75,101.66,13538
2026-05-20 13:00:00,0,0.55166078625308,0.44833921374692,Buy,101.68,102.33,101.29,102.27,15267
2026-05-20 14:00:00,0,0.5552061087225166,0.44479389127748337,Buy,102.26,102.8,99.45,100.49,43562
2026-05-20 15:00:00,0,0.49177789851502124,0.5082221014849788,Hold,100.5,100.67,97.0,99.26,40514
2026-05-20 16:00:00,0,0.4491723450536027,0.5508276549463973,Hold,99.23,99.64,97.6,97.89,17953
2026-05-20 17:00:00,0,0.40336014908837237,0.5966398509116276,Hold,97.84,98.35,96.94,98.32,21538
2026-05-20 18:00:00,0,0.35300336298380364,0.6469966370161964,Hold,98.3,98.71,97.76,97.95,18559
2026-05-20 19:00:00,0,0.32501088178812654,0.6749891182118735,Hold,97.94,98.58,97.77,98.53,5679
2026-05-20 20:00:00,0,0.2990244740873769,0.7009755259126231,Hold,98.52,99.11,98.33,99.08,3429
2026-05-20 22:00:00,0,0.2645555196121704,0.7354444803878296,Hold,98.95,99.22,98.75,98.99,1543
2026-05-20 23:00:00,0,0.2600007657192757,0.7399992342807242,Hold,98.96,99.21,98.75,98.88,1037
2026-05-21 00:00:00,0,0.2700163164360324,0.7299836835639676,Hold,98.87,100.11,98.79,99.12,3736
2026-05-21 01:00:00,0,0.30035601900716985,0.6996439809928301,Hold,99.12,99.16,98.5,98.6,3620
2026-05-21 02:00:00,0,0.2893540652209446,0.7106459347790555,Hold,98.59,99.25,98.52,99.15,1356
2026-05-21 03:00:00,0,0.3674373231798268,0.6325626768201732,Hold,99.16,99.27,98.94,99.12,877
2026-05-21 04:00:00,0,0.43287681294710884,0.5671231870528912,Hold,99.1,99.29,98.79,98.84,789
2026-05-21 05:00:00,0,0.43715459645895555,0.5628454035410444,Hold,98.84,100.06,98.82,99.42,2355
2026-05-21 06:00:00,0,0.48539831215765245,0.5146016878423476,Hold,99.45,99.85,98.8,99.55,4348
2026-05-21 07:00:00,0,0.5226238362265315,0.4773761637734685,Buy,99.58,99.93,99.24,99.28,2576
2026-05-21 08:00:00,0,0.565222386654482,0.434777613345518,Buy,99.28,99.58,98.04,98.47,8129
2026-05-21 09:00:00,1,0.5764556851355931,0.4235443148644069,Buy,98.5,98.5,97.25,97.59,6056
2026-05-21 10:00:00,0,0.56080623552395,0.43919376447604996,Buy,97.6,101.34,97.48,101.06,20209
2026-05-21 11:00:00,0,0.576034510144195,0.42396548985580496,Buy,101.08,101.08,100.15,100.59,9638
2026-05-21 12:00:00,0,0.565568110903036,0.43443188909696395,Buy,100.57,101.29,100.44,101.09,13011
2026-05-21 13:00:00,0,0.5522808109556407,0.44771918904435926,Buy,101.09,102.66,100.29,100.53,31210
2026-05-21 14:00:00,0,0.513961342315143,0.486038657684857,Buy,100.53,101.56,100.27,101.35,19783
2026-05-21 15:00:00,0,0.4961894324975317,0.5038105675024682,Hold,101.36,102.14,100.72,100.73,15730
2026-05-21 16:00:00,0,0.4434382625950842,0.5565617374049159,Hold,100.72,100.78,99.79,100.01,13148
2026-05-21 17:00:00,0,0.40931489112806835,0.5906851088719316,Hold,100.0,100.43,95.76,96.33,47789
2026-05-21 18:00:00,0,0.33119706420788636,0.6688029357921137,Hold,96.34,98.3,96.0,98.01,38068
2026-05-21 19:00:00,0,0.32349090199146846,0.6765090980085315,Hold,98.01,98.21,97.06,97.32,12355
2026-05-21 20:00:00,0,0.2943386410913444,0.7056613589086556,Hold,97.35,98.18,97.21,98.0,3143
2026-05-21 22:00:00,0,0.26709442301717523,0.7329055769828248,Hold,98.0,98.0,97.29,97.73,1739
2026-05-21 23:00:00,0,0.25570309821940074,0.7442969017805993,Hold,97.73,97.91,97.51,97.74,908
2026-05-22 00:00:00,0,0.2602044676531654,0.7397955323468346,Hold,97.74,98.15,97.6,97.93,2462
2026-05-22 01:00:00,0,0.2817177534557969,0.7182822465442031,Hold,97.92,98.35,97.62,97.69,2384
2026-05-22 02:00:00,0,0.2860352089001455,0.7139647910998546,Hold,97.66,97.97,97.33,97.47,1412
2026-05-22 03:00:00,0,0.34714479467351667,0.6528552053264833,Hold,97.44,97.57,97.24,97.46,1301
2026-05-22 04:00:00,0,0.37210645882414817,0.6278935411758518,Hold,97.48,97.48,96.92,97.35,1646
2026-05-22 05:00:00,0,0.38998386364686927,0.6100161363531307,Hold,97.34,98.55,97.34,98.38,1992
2026-05-22 06:00:00,0,0.46870280359834426,0.5312971964016557,Hold,98.38,98.73,97.92,98.0,3272
2026-05-22 07:00:00,0,0.5021640593330743,0.4978359406669257,Buy,97.98,98.93,97.95,98.46,6116
2026-05-22 08:00:00,0,0.5426895160220856,0.4573104839779144,Buy,98.46,99.43,98.09,98.7,10020
2026-05-22 09:00:00,0,0.5406403280367054,0.45935967196329464,Buy,98.72,99.07,97.89,98.52,4523
2026-05-22 10:00:00,0,0.5344005969374924,0.4655994030625076,Buy,98.5,98.8,97.66,98.31,4483
2026-05-22 11:00:00,0,0.5542082336298415,0.4457917663701585,Buy,98.32,98.66,97.16,97.52,5513
2026-05-22 12:00:00,0,0.556521001864039,0.44347899813596103,Buy,97.55,97.77,95.65,96.22,19093
2026-05-22 13:00:00,0,0.5195770959557758,0.48042290404422416,Buy,96.2,98.11,95.46,97.77,25612
2026-05-22 14:00:00,0,0.5140293888660185,0.48597061113398154,Buy,97.78,98.17,97.29,97.57,10145
2026-05-22 15:00:00,0,0.48633595244486255,0.5136640475551375,Hold,97.57,97.96,96.8,97.06,11129
2026-05-22 16:00:00,0,0.4117700478717317,0.5882299521282683,Hold,97.06,97.41,96.52,96.86,12090
2026-05-22 17:00:00,0,0.378714136361407,0.621285863638593,Hold,96.83,97.24,94.73,96.07,28189
2026-05-22 18:00:00,0,0.3386680635673517,0.6613319364326483,Hold,96.07,96.77,96.0,96.25,16445
2026-05-22 19:00:00,0,0.33548224816377353,0.6645177518362264,Hold,96.23,96.95,96.08,96.28,6927
2026-05-22 20:00:00,0,0.31269559111744044,0.6873044088825595,Hold,96.23,97.27,95.97,97.0,5992
2026-05-25 00:00:00,0,0.2602560827817098,0.7397439172182902,Hold,92.12,92.29,90.87,91.9,3977
2026-05-25 01:00:00,0,0.2759074432948893,0.7240925567051106,Hold,91.92,92.52,91.7,92.41,4169
2026-05-25 02:00:00,0,0.2728592828207494,0.7271407171792506,Hold,92.42,92.55,91.71,91.74,2236
2026-05-25 03:00:00,0,0.3498750664168142,0.6501249335831858,Hold,91.72,91.78,90.32,90.94,7710
2026-05-25 04:00:00,0,0.3839953401962571,0.616004659803743,Hold,91.01,91.3,90.87,90.98,1854
2026-05-25 05:00:00,0,0.41101628651961153,0.5889837134803885,Hold,90.97,91.05,90.58,90.98,2057
2026-05-25 06:00:00,0,0.4410761042311147,0.5589238957688853,Hold,91.0,91.61,90.87,91.4,2787
2026-05-25 07:00:00,0,0.4819181225759993,0.5180818774240007,Hold,91.4,92.7,91.25,91.76,8062
2026-05-25 08:00:00,0,0.5225533481089909,0.4774466518910091,Buy,91.76,92.52,91.63,91.75,3708
2026-05-25 09:00:00,0,0.5254674058691807,0.4745325941308193,Buy,91.74,91.85,91.01,91.23,3218
2026-05-25 10:00:00,0,0.530335796600494,0.469664203399506,Buy,91.23,91.35,90.71,90.91,3153
2026-05-25 11:00:00,0,0.5405087437905383,0.45949125620946174,Buy,90.91,91.42,90.54,90.89,4829
2026-05-25 12:00:00,0,0.5286017049829086,0.4713982950170914,Buy,90.91,91.55,90.34,91.47,5349
2026-05-25 13:00:00,0,0.5055680825697986,0.49443191743020143,Buy,91.5,91.88,91.31,91.39,4745
2026-05-25 14:00:00,0,0.473051228981798,0.5269487710182019,Hold,91.39,91.52,90.89,91.43,5480
2026-05-25 15:00:00,0,0.4493166529988227,0.5506833470011774,Hold,91.46,91.82,90.42,91.09,10021
2026-05-25 16:00:00,0,0.40479176381818815,0.5952082361818118,Hold,91.1,91.6,89.75,89.85,6258
2026-05-25 17:00:00,0,0.359043275586761,0.640956724413239,Hold,89.86,90.45,89.41,90.33,4507
2026-05-25 18:00:00,0,0.3100951187628368,0.6899048812371632,Hold,90.33,90.44,90.14,90.3,844
2026-05-25 22:00:00,0,0.2814251544761179,0.7185748455238821,Hold,91.0,91.23,90.35,90.77,3913
2026-05-25 23:00:00,0,0.2726080176134885,0.7273919823865115,Hold,90.75,91.12,90.6,90.93,2100
2026-05-26 00:00:00,0,0.29717547675765726,0.7028245232423427,Hold,90.94,91.6,90.9,91.48,6100
2026-05-26 01:00:00,0,0.31720303756895957,0.6827969624310404,Hold,91.5,92.04,91.38,91.85,3647
2026-05-26 02:00:00,0,0.3208561641798305,0.6791438358201696,Hold,91.85,91.94,91.39,91.58,2055
2026-05-26 03:00:00,0,0.3866906287392515,0.6133093712607485,Hold,91.58,91.72,91.4,91.66,1429
2026-05-26 04:00:00,0,0.4367342053824203,0.5632657946175796,Hold,91.66,92.12,91.58,92.02,1579
2026-05-26 05:00:00,0,0.48510233528255925,0.5148976647174408,Hold,92.01,92.55,91.79,91.89,2906
2026-05-26 06:00:00,0,0.5162865158686615,0.4837134841313385,Buy,91.9,92.31,91.4,91.67,4407
2026-05-26 07:00:00,0,0.5406701670621248,0.4593298329378752,Buy,91.66,92.96,91.53,92.47,8667
2026-05-26 08:00:00,0,0.5613900427577873,0.43860995724221274,Buy,92.47,93.64,92.33,93.2,7160
2026-05-26 09:00:00,0,0.5622478447915639,0.43775215520843613,Buy,93.21,93.28,92.51,92.61,5481
2026-05-26 10:00:00,0,0.5670022103488181,0.43299778965118185,Buy,92.61,92.73,91.5,92.02,7171
2026-05-26 11:00:00,0,0.5622445019435443,0.43775549805645575,Buy,92.02,92.9,91.98,92.72,6712
2026-05-26 12:00:00,0,0.5670329659989111,0.43296703400108894,Buy,92.72,93.36,92.42,92.8,8681
2026-05-26 13:00:00,0,0.5730156436278425,0.4269843563721575,Buy,92.81,94.51,92.54,94.2,16709
2026-05-26 14:00:00,0,0.5432007889100395,0.45679921108996047,Buy,94.16,94.43,93.17,94.19,17732
2026-05-26 15:00:00,0,0.4862677630548656,0.5137322369451345,Hold,94.19,94.7,93.81,93.9,14276
2026-05-26 16:00:00,0,0.4293948116319923,0.5706051883680077,Hold,93.89,94.36,93.71,94.03,9504
2026-05-26 17:00:00,0,0.417497914528708,0.582502085471292,Hold,94.04,94.16,93.56,93.76,8326
2026-05-26 18:00:00,0,0.37458672446053254,0.6254132755394675,Hold,93.76,94.09,93.41,93.68,14781
2026-05-26 19:00:00,0,0.3567553898332153,0.6432446101667847,Hold,93.69,94.06,93.51,93.53,4609
2026-05-26 20:00:00,0,0.3392141802677713,0.6607858197322287,Hold,93.51,93.87,93.2,93.57,2702
2026-05-26 22:00:00,0,0.3215754194134913,0.6784245805865087,Hold,93.39,93.69,93.3,93.58,1179
2026-05-26 23:00:00,0,0.317641872971456,0.6823581270285439,Hold,93.57,93.62,93.1,93.31,1244
2026-05-27 00:00:00,0,0.297611154127418,0.702388845872582,Hold,93.33,93.43,92.81,92.96,2608
2026-05-27 01:00:00,0,0.28261528109686274,0.7173847189031373,Hold,92.97,93.22,92.55,92.85,2448
2026-05-27 02:00:00,0,0.27423930917760914,0.7257606908223908,Hold,92.84,92.84,92.16,92.4,2641
2026-05-27 03:00:00,0,0.335668028443666,0.664331971556334,Hold,92.38,92.39,91.87,92.11,2644
2026-05-27 04:00:00,0,0.3687750227762259,0.6312249772237741,Hold,92.11,92.15,91.81,91.94,1362
2026-05-27 05:00:00,0,0.3936369628585833,0.6063630371414167,Hold,91.95,92.22,91.73,91.85,2303
2026-05-27 06:00:00,0,0.4501892846822106,0.5498107153177894,Hold,91.84,92.04,91.41,91.54,4254
2026-05-27 07:00:00,0,0.49717773848672275,0.5028222615132772,Hold,91.54,91.65,90.85,91.12,6789
2026-05-27 08:00:00,0,0.5287377326181856,0.4712622673818144,Buy,91.1,91.26,89.69,90.17,9388
2026-05-27 09:00:00,0,0.5218022711734324,0.47819772882656764,Buy,90.16,90.53,89.64,89.87,7922
2026-05-27 10:00:00,0,0.5211551325590397,0.47884486744096033,Buy,89.86,90.51,89.83,90.21,4784
2026-05-27 11:00:00,0,0.5162001428784759,0.48379985712152407,Buy,90.2,90.85,89.96,90.54,8653
2026-05-27 12:00:00,0,0.5390689544193704,0.4609310455806296,Buy,90.55,90.77,87.77,88.84,32457
2026-05-27 13:00:00,0,0.5331171415867053,0.4668828584132947,Buy,88.85,90.02,88.76,89.8,19017
2026-05-27 14:00:00,0,0.4919379482628599,0.5080620517371401,Hold,89.79,91.01,89.46,90.81,23818
2026-05-27 15:00:00,0,0.4525155677805654,0.5474844322194345,Hold,90.82,91.19,89.93,90.01,20930
2026-05-27 16:00:00,0,0.3866509067198819,0.6133490932801181,Hold,90.02,90.4,89.42,89.88,12244
2026-05-27 17:00:00,0,0.35924454117919935,0.6407554588208006,Hold,89.88,90.1,89.16,89.52,8983
2026-05-27 18:00:00,0,0.30638896725027476,0.6936110327497252,Hold,89.53,89.6,88.48,88.94,18144
2026-05-27 19:00:00,0,0.280845731611911,0.7191542683880889,Hold,88.94,89.58,88.83,89.44,5362
2026-05-27 20:00:00,0,0.2775736748857655,0.7224263251142344,Hold,89.44,89.6,89.3,89.41,1827
2026-05-27 22:00:00,0,0.24551640178208087,0.7544835982179191,Hold,89.11,90.08,89.11,89.7,2072
2026-05-27 23:00:00,0,0.25795052758256315,0.7420494724174369,Hold,89.75,90.4,89.61,90.2,2454
2026-05-28 00:00:00,0,0.26418261912593766,0.7358173808740623,Hold,90.21,90.69,90.18,90.48,3565
2026-05-28 01:00:00,0,0.28507878979165896,0.7149212102083411,Hold,90.46,90.48,89.97,90.18,2910
2026-05-28 02:00:00,0,0.28195453974147683,0.7180454602585231,Hold,90.17,90.97,89.93,90.94,2892
2026-05-28 03:00:00,0,0.3286121829067813,0.6713878170932187,Hold,90.94,92.23,90.86,92.18,6859
2026-05-28 04:00:00,0,0.3856609429795491,0.6143390570204509,Hold,92.2,92.52,91.99,92.17,3268
2026-05-28 05:00:00,0,0.4029099618743893,0.5970900381256107,Hold,92.14,92.23,91.41,91.58,3556
2026-05-28 06:00:00,0,0.4389391717545622,0.5610608282454378,Hold,91.57,91.62,90.75,91.15,3870
2026-05-28 07:00:00,0,0.4766436818960129,0.5233563181039871,Hold,91.15,91.42,90.81,90.93,4614
2026-05-28 08:00:00,0,0.5053891105534304,0.4946108894465696,Buy,90.93,91.03,90.48,90.56,5180
2026-05-28 09:00:00,0,0.5100860319814633,0.4899139680185367,Buy,90.56,90.78,89.87,90.25,4435
2026-05-28 10:00:00,0,0.5155119777453845,0.4844880222546155,Buy,90.26,91.37,90.0,91.01,5762
2026-05-28 11:00:00,0,0.5097699764289135,0.49023002357108647,Buy,91.0,91.57,90.74,91.3,5963
2026-05-28 12:00:00,0,0.5203911627316988,0.47960883726830117,Buy,91.31,91.45,90.4,90.54,8739
2026-05-28 13:00:00,0,0.5190751493750979,0.4809248506249021,Buy,90.54,91.35,90.3,90.83,10714
2026-05-28 14:00:00,0,0.4674720733480948,0.5325279266519052,Hold,90.83,91.14,87.11,89.49,26177
2026-05-28 15:00:00,0,0.4066205303786549,0.593379469621345,Hold,89.51,90.16,88.98,89.78,14126
2026-05-28 16:00:00,0,0.37961154404815245,0.6203884559518476,Hold,89.77,90.25,88.02,88.24,14108
2026-05-28 17:00:00,0,0.3394915552365192,0.6605084447634808,Hold,88.26,89.16,88.2,88.85,9562
2026-05-28 18:00:00,0,0.2896065965027336,0.7103934034972663,Hold,88.86,89.54,88.59,89.25,13109
2026-05-28 19:00:00,0,0.25520861908061954,0.7447913809193805,Hold,89.24,89.49,89.01,89.48,3067
2026-05-28 20:00:00,0,0.27320358849334414,0.7267964115066559,Hold,89.47,89.64,88.53,88.53,4329
2026-05-28 22:00:00,0,0.23452348206707094,0.765476517932929,Hold,88.55,88.92,88.26,88.51,1348
2026-05-28 23:00:00,0,0.23091514641286434,0.7690848535871356,Hold,88.54,88.67,88.2,88.53,1205
2026-05-29 00:00:00,0,0.25027434178651076,0.7497256582134892,Hold,88.53,88.53,87.63,88.36,2915
2026-05-29 01:00:00,0,0.27418925067664424,0.7258107493233558,Hold,88.35,88.44,87.67,87.89,2677
2026-05-29 02:00:00,0,0.27810545244628065,0.7218945475537193,Hold,87.9,88.05,87.57,87.77,1976
2026-05-29 03:00:00,0,0.3274124974942892,0.6725875025057109,Hold,87.81,88.29,87.37,88.2,2692
2026-05-29 04:00:00,0,0.37077298002258474,0.6292270199774153,Hold,88.18,88.25,87.47,87.71,2963
2026-05-29 05:00:00,0,0.37116106599132875,0.6288389340086713,Hold,87.72,88.13,87.67,88.02,1555
2026-05-29 06:00:00,0,0.42169577260400165,0.5783042273959984,Hold,88.01,88.04,87.17,87.48,3153
2026-05-29 07:00:00,0,0.47131114947398633,0.5286888505260137,Hold,87.48,89.01,87.34,88.72,5200
2026-05-29 08:00:00,0,0.5015199508150153,0.4984800491849847,Buy,88.72,89.02,88.52,88.68,3662
2026-05-29 09:00:00,0,0.5312180417166823,0.4687819582833177,Buy,88.69,88.72,86.86,87.5,10722
2026-05-29 10:00:00,0,0.5388443041594834,0.46115569584051663,Buy,87.5,87.82,86.71,87.35,4146
2026-05-29 11:00:00,0,0.5189953549226667,0.4810046450773333,Buy,87.34,88.31,87.16,87.61,5623
2026-05-29 12:00:00,0,0.5346135987340911,0.4653864012659089,Buy,87.62,88.16,87.21,87.33,7456
2026-05-29 13:00:00,0,0.5172224501886215,0.48277754981137855,Buy,87.32,87.87,86.73,87.69,14415
2026-05-29 14:00:00,0,0.4754731600442012,0.5245268399557987,Hold,87.68,88.95,87.46,87.96,23305
2026-05-29 15:00:00,0,0.44641626630628717,0.5535837336937128,Hold,87.97,88.01,86.35,87.6,28522
2026-05-29 16:00:00,1,0.4242674906658089,0.5757325093341912,Hold,87.6,87.97,86.43,86.58,14166
2026-05-29 17:00:00,0,0.3893624569954222,0.6106375430045778,Hold,86.59,87.32,86.56,87.19,13006
2026-05-29 18:00:00,0,0.34906625937018115,0.6509337406298188,Hold,87.18,88.0,87.0,87.64,19778
2026-05-29 19:00:00,0,0.32455442387610445,0.6754455761238956,Hold,87.66,88.17,87.5,88.08,4616
2026-05-29 20:00:00,0,0.3188645101244533,0.6811354898755466,Hold,88.08,88.14,87.62,87.76,2574
2026-06-01 00:00:00,0,0.26632608896801047,0.7336739110319895,Hold,89.43,89.95,89.25,89.33,2350
2026-06-01 01:00:00,0,0.3032336010810821,0.6967663989189179,Hold,89.33,90.2,89.03,89.88,3473
2026-06-01 02:00:00,0,0.31194669610282866,0.6880533038971713,Hold,89.89,90.0,89.51,89.61,1749
2026-06-01 03:00:00,0,0.35531659967707885,0.6446834003229212,Hold,89.59,90.04,89.16,89.74,3227
2026-06-01 04:00:00,0,0.39354107943337124,0.6064589205666288,Hold,89.73,89.94,89.26,89.65,1320
2026-06-01 05:00:00,0,0.4140512021334987,0.5859487978665012,Hold,89.66,90.0,89.48,89.75,1493
2026-06-01 06:00:00,0,0.4408448451148823,0.5591551548851177,Hold,89.73,90.76,89.71,90.16,4140
2026-06-01 07:00:00,0,0.507155834533775,0.492844165466225,Buy,90.15,90.71,90.08,90.37,4028
2026-06-01 08:00:00,0,0.5349788359006671,0.4650211640993329,Buy,90.39,91.26,90.21,90.82,5849
2026-06-01 09:00:00,0,0.5342460796115767,0.46575392038842334,Buy,90.82,91.25,90.55,90.8,3028
2026-06-01 10:00:00,0,0.540220488358886,0.45977951164111397,Buy,90.78,90.93,90.47,90.64,3313
2026-06-01 11:00:00,0,0.5398000463802979,0.4601999536197021,Buy,90.64,90.79,90.17,90.25,3882
2026-06-01 12:00:00,1,0.5480961517388488,0.45190384826115115,Buy,90.25,90.47,89.27,89.66,10034
2026-06-01 13:00:00,0,0.5129645604560034,0.48703543954399664,Buy,89.65,94.2,89.45,94.14,40100
2026-06-01 14:00:00,0,0.49283461024985864,0.5071653897501414,Hold,94.17,94.71,92.92,94.52,26307
2026-06-01 15:00:00,0,0.4485825836108985,0.5514174163891015,Hold,94.52,94.78,92.2,93.78,26808
2026-06-01 16:00:00,0,0.4013941778958068,0.5986058221041932,Hold,93.77,94.45,92.74,92.82,21023
2026-06-01 17:00:00,0,0.37325396722680704,0.626746032773193,Hold,92.81,93.21,90.8,91.79,26957
2026-06-01 18:00:00,0,0.33157245333405755,0.6684275466659424,Hold,91.78,92.65,91.43,92.52,15346
2026-06-01 19:00:00,0,0.3192525713111767,0.6807474286888233,Hold,92.51,92.65,92.1,92.44,5171
2026-06-01 20:00:00,0,0.30496842020806514,0.6950315797919349,Hold,92.46,92.55,92.08,92.47,2292
2026-06-01 22:00:00,0,0.28379182009243686,0.7162081799075631,Hold,92.45,92.61,92.14,92.3,1130
2026-06-01 23:00:00,0,0.27753150801407256,0.7224684919859274,Hold,92.31,92.37,91.69,91.93,1661
2026-06-02 00:00:00,0,0.2632782431242051,0.7367217568757949,Hold,91.91,92.49,91.65,92.4,2896
2026-06-02 01:00:00,0,0.31042811250919367,0.6895718874908063,Hold,92.39,92.65,91.5,91.68,4462
2026-06-02 02:00:00,0,0.2760242115147327,0.7239757884852673,Hold,91.67,91.88,91.46,91.77,2021
2026-06-02 03:00:00,0,0.34482812886323555,0.6551718711367644,Hold,91.78,91.81,91.26,91.45,1802
2026-06-02 04:00:00,0,0.38974089811032514,0.6102591018896748,Hold,91.44,91.51,91.15,91.21,1166
2026-06-02 05:00:00,0,0.404494895472848,0.595505104527152,Hold,91.23,91.47,91.0,91.37,1784
2026-06-02 06:00:00,0,0.45106443678802627,0.5489355632119737,Hold,91.39,91.7,90.99,91.55,3037
2026-06-02 07:00:00,0,0.49922983481116917,0.5007701651888308,Hold,91.54,91.74,90.56,90.82,5973
2026-06-02 08:00:00,0,0.5276943127962286,0.4723056872037714,Buy,90.81,91.23,90.15,90.65,7666
2026-06-02 09:00:00,0,0.5283347688541088,0.4716652311458912,Buy,90.65,91.08,90.12,91.01,5131
2026-06-02 10:00:00,0,0.538314242476057,0.46168575752394303,Buy,91.01,91.52,90.93,91.17,4326
2026-06-02 11:00:00,1,0.5237657779464572,0.4762342220535428,Buy,91.16,91.25,90.74,91.02,3468
2026-06-02 12:00:00,1,0.5352911895500931,0.46470881044990686,Buy,91.03,91.6,90.58,91.14,8067
2026-06-02 13:00:00,0,0.5420293397378209,0.45797066026217914,Buy,91.13,92.45,91.09,92.28,17707
2026-06-02 14:00:00,0,0.5582614158830619,0.4417385841169381,Buy,92.28,92.5,91.68,91.92,12102
2026-06-02 15:00:00,0,0.4953223019809678,0.5046776980190322,Hold,91.91,93.1,91.44,92.86,12743
2026-06-02 16:00:00,0,0.4341058216433757,0.5658941783566243,Hold,92.86,93.41,92.46,93.12,12423
2026-06-02 17:00:00,0,0.4163304190993809,0.5836695809006192,Hold,93.11,93.95,92.9,93.84,12438
2026-06-02 18:00:00,0,0.38504902326941515,0.6149509767305849,Hold,93.84,94.0,93.2,93.9,14323
2026-06-02 19:00:00,0,0.3749638333805958,0.6250361666194042,Hold,93.89,93.9,93.45,93.69,5286
2026-06-02 20:00:00,0,0.35424119672539195,0.645758803274608,Hold,93.66,93.72,93.34,93.39,2706
2026-06-02 22:00:00,0,0.3388984241005978,0.6611015758994022,Hold,93.45,94.5,93.45,94.25,3284
2026-06-02 23:00:00,0,0.3781570512270187,0.6218429487729813,Hold,94.26,96.08,94.12,94.61,8952
2026-06-03 00:00:00,0,0.3329344152500313,0.6670655847499687,Hold,94.59,94.89,94.24,94.38,3563
2026-06-03 01:00:00,0,0.3600815961548462,0.6399184038451537,Hold,94.41,95.1,94.2,94.85,3942
2026-06-03 02:00:00,0,0.3574217485553306,0.6425782514446694,Hold,94.83,94.89,94.52,94.72,1312
2026-06-03 03:00:00,0,0.39463688113086537,0.6053631188691346,Hold,94.74,94.8,94.53,94.71,1228
2026-06-03 04:00:00,0,0.45054815846567076,0.5494518415343292,Hold,94.72,95.19,94.71,94.9,1120
2026-06-03 05:00:00,0,0.4677715262604102,0.5322284737395898,Hold,94.92,95.59,94.79,95.56,1841
2026-06-03 06:00:00,0,0.5170301862210697,0.48296981377893033,Buy,95.58,95.84,95.14,95.75,4236
2026-06-03 07:00:00,0,0.5487341278550035,0.45126587214499647,Buy,95.73,96.02,95.5,95.88,4637
2026-06-03 08:00:00,0,0.577865317475792,0.42213468252420805,Buy,95.87,96.56,95.61,96.34,7793
2026-06-03 09:00:00,0,0.5771221870193891,0.4228778129806109,Buy,96.36,96.98,95.89,96.87,6795
2026-06-03 10:00:00,0,0.59459089465107,0.40540910534893004,Buy,96.87,97.0,95.63,95.99,11841
2026-06-03 11:00:00,0,0.57560724964363,0.42439275035637003,Buy,95.98,96.05,95.53,95.71,5107
2026-06-03 12:00:00,0,0.5811590496899236,0.4188409503100764,Buy,95.71,96.5,95.31,96.02,8597
2026-06-03 13:00:00,0,0.5725441699079546,0.42745583009204535,Buy,96.01,96.15,94.44,94.48,18420
2026-06-03 14:00:00,0,0.5406953623075247,0.4593046376924753,Buy,94.48,95.65,94.34,95.25,16333
2026-06-03 15:00:00,0,0.4690935982350863,0.5309064017649137,Hold,95.24,96.31,95.06,95.9,15251
2026-06-03 16:00:00,0,0.42707515232552284,0.5729248476744772,Hold,95.89,96.32,95.64,95.67,12434
2026-06-03 17:00:00,0,0.3989748990532251,0.6010251009467749,Hold,95.66,96.48,95.25,96.24,9723
2026-06-03 18:00:00,0,0.34890905285968665,0.6510909471403133,Hold,96.22,96.57,95.85,96.06,11951
2026-06-03 19:00:00,0,0.31747400629568423,0.6825259937043158,Hold,96.05,96.23,95.67,96.22,4225
2026-06-03 20:00:00,0,0.3172846149831577,0.6827153850168424,Hold,96.22,96.49,96.01,96.2,3689
2026-06-03 22:00:00,0,0.27944270831736373,0.7205572916826363,Hold,95.75,95.91,95.0,95.24,2776
2026-06-03 23:00:00,0,0.2574037829341525,0.7425962170658476,Hold,95.23,95.5,95.16,95.39,950
2026-06-04 00:00:00,0,0.28222940226215265,0.7177705977378473,Hold,95.39,95.77,95.23,95.32,2294
2026-06-04 01:00:00,0,0.3007900830358995,0.6992099169641005,Hold,95.32,95.5,94.84,95.01,2824
2026-06-04 02:00:00,0,0.28712736969844727,0.7128726303015527,Hold,94.99,95.1,94.79,94.84,1409
2026-06-04 03:00:00,0,0.35397714769080413,0.6460228523091959,Hold,94.84,95.52,94.76,95.12,1946
2026-06-04 04:00:00,0,0.40065555563417893,0.5993444443658211,Hold,95.11,95.35,95.05,95.21,933
2026-06-04 05:00:00,0,0.4318614952993061,0.5681385047006939,Hold,95.2,95.6,95.16,95.18,1205
2026-06-04 06:00:00,0,0.4645936468180922,0.5354063531819078,Hold,95.16,95.46,94.92,95.21,1928
2026-06-04 07:00:00,0,0.5073559680010862,0.4926440319989138,Buy,95.21,95.62,94.9,95.42,3554
2026-06-04 08:00:00,0,0.5501939240082819,0.44980607599171807,Buy,95.46,95.69,94.38,94.88,8261
2026-06-04 09:00:00,0,0.5700986585188927,0.42990134148110726,Buy,94.88,95.05,94.06,94.51,5742
2026-06-04 10:00:00,0,0.5631011203228509,0.43689887967714913,Buy,94.51,95.3,94.5,94.91,4621
2026-06-04 11:00:00,0,0.5781212530203078,0.4218787469796922,Buy,94.89,94.93,92.34,92.45,15057
2026-06-04 12:00:00,0,0.5699617466422134,0.43003825335778656,Buy,92.47,93.0,91.91,92.66,15650
2026-06-04 13:00:00,0,0.5592597825283565,0.4407402174716435,Buy,92.68,93.15,92.13,92.36,13213
2026-06-04 14:00:00,0,0.5195935461784817,0.48040645382151825,Buy,92.38,93.12,92.01,93.06,10213
2026-06-04 15:00:00,0,0.46335696677702526,0.5366430332229748,Hold,93.06,93.26,92.63,93.0,9716
2026-06-04 16:00:00,0,0.41742122935477566,0.5825787706452243,Hold,93.0,93.15,92.28,92.39,6934
2026-06-04 17:00:00,0,0.3915189272306735,0.6084810727693265,Hold,92.4,92.61,91.94,92.33,6669
2026-06-04 18:00:00,0,0.3244444984775601,0.6755555015224399,Hold,92.33,93.46,91.95,93.33,18433
2026-06-04 19:00:00,0,0.3144515276449488,0.6855484723550511,Hold,93.34,93.36,92.98,93.17,3407
2026-06-04 20:00:00,0,0.3131514254874309,0.6868485745125691,Hold,93.15,93.21,92.85,92.91,1700
2026-06-04 22:00:00,0,0.2694796436433507,0.7305203563566494,Hold,92.82,92.94,92.52,92.9,510
2026-06-04 23:00:00,0,0.2788817835220679,0.7211182164779322,Hold,92.88,93.03,92.82,92.97,375
2026-06-05 00:00:00,0,0.299735330330876,0.7002646696691239,Hold,92.97,93.02,92.62,92.69,1398
2026-06-05 01:00:00,0,0.3272234721855367,0.6727765278144633,Hold,92.68,93.19,92.52,93.14,1738
2026-06-05 02:00:00,0,0.343592333250499,0.656407666749501,Hold,93.13,93.54,93.1,93.42,2217
2026-06-05 03:00:00,0,0.4127098823987477,0.5872901176012524,Hold,93.4,93.48,93.0,93.18,1406
2026-06-05 04:00:00,0,0.45641589244161385,0.5435841075583862,Hold,93.18,93.2,92.95,93.03,826
2026-06-05 05:00:00,0,0.4793910267201311,0.5206089732798689,Hold,93.03,93.22,92.94,92.94,1201
2026-06-05 06:00:00,0,0.5009573817053328,0.49904261829466723,Buy,92.96,93.13,92.58,92.76,2502
2026-06-05 07:00:00,0,0.5720599855933372,0.42794001440666285,Buy,92.76,92.85,92.02,92.69,4122
2026-06-05 08:00:00,0,0.6071491068493845,0.3928508931506155,Buy,92.7,92.99,91.5,92.84,8059
2026-06-05 09:00:00,0,0.6119784965973409,0.38802150340265906,Buy,92.84,93.15,91.94,92.85,8801
2026-06-05 10:00:00,0,0.6156841697330712,0.38431583026692884,Buy,92.84,93.14,92.47,92.86,3470
2026-06-05 11:00:00,0,0.62218513885874,0.37781486114125995,Buy,92.87,93.63,92.59,92.89,6684
2026-06-05 12:00:00,0,0.6100192691592277,0.38998073084077234,Buy,92.91,93.15,92.34,92.39,5584
2026-06-05 13:00:00,0,0.6116784684305346,0.38832153156946536,Buy,92.4,92.59,91.26,91.48,16954
2026-06-05 14:00:00,0,0.5783433121129271,0.4216566878870729,Buy,91.48,91.67,90.55,91.31,17469
2026-06-05 15:00:00,0,0.5187686516008463,0.4812313483991537,Buy,91.32,91.51,90.47,90.77,12447
2026-06-05 16:00:00,1,0.4548461504166606,0.5451538495833395,Hold,90.77,91.02,89.68,90.08,12843
2026-06-05 17:00:00,1,0.4333015157581532,0.5666984842418468,Hold,90.08,90.36,89.92,90.03,8906
2026-06-05 18:00:00,1,0.3796550688301314,0.6203449311698686,Hold,90.02,90.72,89.9,90.3,18720
2026-06-05 19:00:00,1,0.3788997268407294,0.6211002731592705,Hold,90.31,90.42,90.0,90.24,4206
2026-06-05 20:00:00,1,0.35680738298900744,0.6431926170109925,Hold,90.23,90.44,90.17,90.25,2111
2026-06-08 00:00:00,0,0.2801207547786617,0.7198792452213383,Hold,92.76,92.85,92.28,92.41,1700
2026-06-08 01:00:00,0,0.35465531680483336,0.6453446831951666,Hold,92.39,94.8,92.2,93.29,12104
2026-06-08 02:00:00,0,0.3482808929213659,0.6517191070786341,Hold,93.29,94.37,93.23,93.64,5888
2026-06-08 03:00:00,0,0.3759974516623684,0.6240025483376316,Hold,93.63,94.02,93.36,93.53,2598
2026-06-08 04:00:00,0,0.4092928254226242,0.5907071745773758,Hold,93.54,94.6,93.53,94.47,3440
2026-06-08 05:00:00,0,0.448218958736697,0.5517810412633031,Hold,94.46,94.85,94.08,94.48,3380
2026-06-08 06:00:00,0,0.4748837085556312,0.5251162914443688,Hold,94.46,94.84,93.95,94.62,5413
2026-06-08 07:00:00,0,0.507211179744321,0.49278882025567905,Buy,94.61,94.93,94.01,94.61,5418
2026-06-08 08:00:00,0,0.542280927019709,0.457719072980291,Buy,94.6,95.25,94.21,94.66,7705
2026-06-08 09:00:00,0,0.5405376889246337,0.4594623110753663,Buy,94.66,94.91,94.24,94.67,5332
2026-06-08 10:00:00,0,0.5758951947456934,0.4241048052543066,Buy,94.67,95.47,93.49,93.76,9816
2026-06-08 11:00:00,0,0.5634881865545681,0.4365118134454319,Buy,93.76,94.07,91.05,91.22,15850
2026-06-08 12:00:00,0,0.5466668916591587,0.4533331083408413,Buy,91.21,92.15,91.01,91.91,9187
2026-06-08 13:00:00,0,0.5515560646967625,0.44844393530323745,Buy,91.92,92.08,90.39,91.06,12691
2026-06-08 14:00:00,0,0.5120620821524956,0.4879379178475044,Buy,91.05,92.24,90.98,91.77,11209
2026-06-08 15:00:00,0,0.47099551367315917,0.5290044863268408,Hold,91.77,92.38,91.39,91.61,10247
2026-06-08 16:00:00,0,0.41413282842448207,0.5858671715755179,Hold,91.61,91.79,91.05,91.41,6644
2026-06-08 17:00:00,0,0.3856258408649908,0.6143741591350091,Hold,91.41,91.45,90.76,91.12,7703
2026-06-08 18:00:00,0,0.3448112355220076,0.6551887644779923,Hold,91.12,91.49,90.91,91.14,10866
2026-06-08 19:00:00,0,0.2909656682585266,0.7090343317414733,Hold,91.14,91.5,91.01,91.25,2820
2026-06-08 20:00:00,0,0.2774262426051627,0.7225737573948373,Hold,91.24,91.56,91.1,91.28,2016
2026-06-08 22:00:00,0,0.24661414846052226,0.7533858515394778,Hold,91.28,91.55,91.25,91.37,533
2026-06-08 23:00:00,0,0.25134274816550417,0.7486572518344958,Hold,91.39,91.43,91.3,91.38,1704
2026-06-09 00:00:00,0,0.2638362910398155,0.7361637089601845,Hold,91.34,91.47,90.71,91.03,2350
2026-06-09 01:00:00,0,0.2958478671371951,0.7041521328628049,Hold,91.05,91.15,90.59,90.95,1683
2026-06-09 02:00:00,0,0.30840902394479697,0.691590976055203,Hold,90.93,91.0,90.48,90.63,1481
2026-06-09 03:00:00,0,0.3805040851234008,0.6194959148765993,Hold,90.66,90.69,89.85,90.15,2583
2026-06-09 04:00:00,0,0.42127443775009105,0.578725562249909,Hold,90.14,90.38,90.01,90.27,1183
2026-06-09 05:00:00,0,0.4577045124780918,0.5422954875219081,Hold,90.28,90.36,89.81,90.14,1677
2026-06-09 06:00:00,0,0.5111927045636461,0.48880729543635393,Buy,90.14,90.16,89.6,89.93,3344
2026-06-09 07:00:00,0,0.5616784415931397,0.43832155840686027,Buy,89.92,90.11,89.33,89.7,4972
2026-06-09 08:00:00,0,0.5796890418222936,0.42031095817770636,Buy,89.7,89.91,88.8,89.25,6564
2026-06-09 09:00:00,0,0.583736721437215,0.416263278562785,Buy,89.25,89.36,88.8,89.16,4648
2026-06-09 10:00:00,0,0.5868416553126946,0.4131583446873054,Buy,89.15,89.46,88.7,89.01,4646
2026-06-09 11:00:00,0,0.5914276790886962,0.4085723209113038,Buy,88.99,89.79,88.97,89.56,5197
2026-06-09 12:00:00,0,0.6131699217685384,0.38683007823146165,Buy,89.56,89.67,88.84,89.04,7281
2026-06-09 13:00:00,0,0.6023664085809535,0.39763359141904653,Buy,89.05,89.54,87.47,87.84,24582
2026-06-09 14:00:00,0,0.5843564944076274,0.4156435055923726,Buy,87.84,88.22,87.37,87.78,16887
2026-06-09 15:00:00,1,0.5181237100702555,0.4818762899297445,Buy,87.77,87.91,86.7,86.7,14397
2026-06-09 16:00:00,0,0.41717751427469213,0.5828224857253079,Hold,86.7,89.49,85.95,87.87,40563
2026-06-09 17:00:00,0,0.381949262713932,0.618050737286068,Hold,87.87,88.5,87.12,88.15,19728
2026-06-09 18:00:00,0,0.35775771291669173,0.6422422870833082,Hold,88.15,88.63,87.95,88.05,15721
2026-06-09 19:00:00,0,0.3269663882828873,0.6730336117171127,Hold,88.07,88.61,87.93,88.3,4779
2026-06-09 20:00:00,0,0.3161732677672614,0.6838267322327386,Hold,88.31,88.78,88.23,88.7,4703
2026-06-09 22:00:00,0,0.2757041614386056,0.7242958385613945,Hold,89.4,89.91,88.65,89.12,4138
2026-06-09 23:00:00,0,0.2752130053591325,0.7247869946408675,Hold,89.11,89.34,88.85,89.18,1384
2026-06-10 00:00:00,0,0.2888788531132687,0.7111211468867313,Hold,89.19,90.0,88.76,88.86,4600
2026-06-10 01:00:00,0,0.307899545853253,0.692100454146747,Hold,88.85,89.36,88.28,89.27,4118
2026-06-10 02:00:00,0,0.298838132372962,0.701161867627038,Hold,89.26,89.4,88.73,88.96,1809
2026-06-10 03:00:00,0,0.3666326980742326,0.6333673019257674,Hold,88.96,89.16,88.57,88.64,1455
2026-06-10 04:00:00,0,0.4343977448794074,0.5656022551205926,Hold,88.61,88.93,88.61,88.66,609
2026-06-10 05:00:00,0,0.4423292994244475,0.5576707005755526,Hold,88.68,88.77,87.88,88.07,2413
2026-06-10 06:00:00,0,0.4839789961046634,0.5160210038953366,Hold,88.07,88.29,87.61,88.26,3026
2026-06-10 07:00:00,0,0.5372381709958765,0.46276182900412355,Buy,88.26,88.67,87.69,88.02,4228
2026-06-10 08:00:00,0,0.5725217973220579,0.4274782026779421,Buy,88.0,88.85,87.39,87.68,5747
2026-06-10 09:00:00,1,0.5557018761256264,0.4442981238743736,Buy,87.69,88.51,87.4,87.92,3781
2026-06-10 10:00:00,1,0.561937094829088,0.43806290517091195,Buy,87.9,88.47,87.75,88.03,3297
2026-06-10 11:00:00,0,0.5433761586577267,0.4566238413422733,Buy,88.0,90.42,87.76,90.05,23075
2026-06-10 12:00:00,0,0.5590555767660096,0.4409444232339904,Buy,90.04,90.1,88.71,89.08,13393
2026-06-10 13:00:00,0,0.5266978986608378,0.4733021013391622,Buy,89.07,89.9,88.9,89.79,10660
2026-06-10 14:00:00,0,0.4967650774542163,0.5032349225457837,Hold,89.78,90.38,89.48,90.26,12995
2026-06-10 15:00:00,0,0.4418123574291965,0.5581876425708034,Hold,90.27,91.47,89.36,90.63,21903
2026-06-10 16:00:00,0,0.3887203550825662,0.6112796449174338,Hold,90.62,91.28,90.53,91.05,11083
2026-06-10 17:00:00,0,0.38740784113807974,0.6125921588619203,Hold,91.04,91.84,90.83,90.89,11563
2026-06-10 18:00:00,1,0.34427460538069005,0.65572539461931,Hold,90.9,90.91,89.81,90.19,18628
2026-06-10 19:00:00,1,0.3161443894813212,0.6838556105186788,Hold,90.18,90.61,90.12,90.42,3679
2026-06-10 20:00:00,0,0.31063452794989255,0.6893654720501075,Hold,90.4,91.87,90.27,91.85,6031
2026-06-10 22:00:00,0,0.30992544094839525,0.6900745590516048,Hold,92.25,93.36,91.9,93.35,5776
2026-06-10 23:00:00,0,0.3289397377883444,0.6710602622116556,Hold,93.35,93.64,92.45,92.47,7801
2026-06-11 00:00:00,0,0.33509757940175844,0.6649024205982416,Hold,92.53,92.75,91.91,92.35,5415
2026-06-11 01:00:00,0,0.3530488854915633,0.6469511145084367,Hold,92.36,92.38,91.2,91.65,5240
2026-06-11 02:00:00,0,0.3561422675897125,0.6438577324102874,Hold,91.64,91.99,91.44,91.57,1673
2026-06-11 03:00:00,0,0.4043719087174968,0.5956280912825032,Hold,91.56,92.11,91.54,91.81,1479
2026-06-11 04:00:00,0,0.4595428240486372,0.5404571759513628,Hold,91.82,91.95,91.0,91.11,2349
2026-06-11 05:00:00,0,0.47053525347769054,0.5294647465223095,Hold,91.1,91.19,90.34,90.6,2762
2026-06-11 06:00:00,0,0.5021856905846905,0.49781430941530946,Buy,90.64,90.96,90.39,90.47,2569
2026-06-11 07:00:00,0,0.5475249341785348,0.45247506582146524,Buy,90.47,90.55,89.36,89.83,7074
2026-06-11 08:00:00,0,0.5714186290566907,0.4285813709433093,Buy,89.84,89.91,88.77,89.1,6825
2026-06-11 09:00:00,0,0.5736967240544216,0.4263032759455784,Buy,89.11,89.8,89.07,89.31,3999
2026-06-11 10:00:00,0,0.5748756609345644,0.42512433906543556,Buy,89.3,89.52,88.75,88.96,4614
2026-06-11 11:00:00,0,0.5650314641669439,0.43496853583305606,Buy,88.96,89.37,88.63,89.04,6449
2026-06-11 12:00:00,0,0.574228944503618,0.42577105549638194,Buy,89.05,91.48,88.95,90.06,25863
2026-06-11 13:00:00,0,0.5665736988316329,0.4334263011683671,Buy,90.06,90.66,89.05,89.34,16520
2026-06-11 14:00:00,0,0.5360216406510436,0.46397835934895637,Buy,89.36,90.4,89.35,90.07,10122
2026-06-11 15:00:00,0,0.4724353921362756,0.5275646078637244,Hold,90.08,91.21,89.97,90.84,11534
2026-06-11 16:00:00,0,0.4210710823218066,0.5789289176781933,Hold,90.84,91.5,90.65,90.84,8563
2026-06-11 17:00:00,0,0.38241738160038835,0.6175826183996116,Hold,90.85,90.92,86.54,87.39,37260
2026-06-11 18:00:00,0,0.32204569155985313,0.6779543084401469,Hold,87.39,88.32,87.11,87.8,21737
2026-06-11 19:00:00,0,0.3313313610579154,0.6686686389420846,Hold,87.78,87.85,85.81,86.53,16802
2026-06-11 20:00:00,0,0.32458963092644655,0.6754103690735535,Hold,86.54,86.59,85.74,86.42,5047
2026-06-11 22:00:00,0,0.28344803696038534,0.7165519630396147,Hold,86.64,86.64,85.13,85.95,4027
2026-06-11 23:00:00,0,0.270960799879891,0.7290392001201089,Hold,85.94,86.2,85.69,86.06,1588
2026-06-12 00:00:00,0,0.26385016872803024,0.7361498312719698,Hold,86.07,86.74,86.04,86.64,2310
2026-06-12 01:00:00,0,0.28546533102885163,0.7145346689711484,Hold,86.63,86.92,86.56,86.81,2561
2026-06-12 02:00:00,0,0.29498528629822235,0.7050147137017777,Hold,86.8,86.9,86.5,86.74,1247
2026-06-12 03:00:00,0,0.35762892161881943,0.6423710783811806,Hold,86.73,86.98,86.21,86.26,1834
2026-06-12 04:00:00,0,0.39751781629672417,0.6024821837032759,Hold,86.25,86.36,86.07,86.08,1039
2026-06-12 05:00:00,0,0.41839557068003597,0.581604429319964,Hold,86.08,86.16,85.67,86.06,2005
2026-06-12 06:00:00,0,0.44946978192386244,0.5505302180761376,Hold,86.06,86.15,85.74,86.1,2292
2026-06-12 07:00:00,0,0.5192334793094957,0.4807665206905043,Buy,86.08,86.4,84.92,85.2,6453
2026-06-12 08:00:00,1,0.5398170833450998,0.4601829166549002,Buy,85.18,85.23,83.2,83.87,13958
2026-06-12 09:00:00,0,0.5176995907677473,0.4823004092322527,Buy,83.88,84.22,83.47,84.16,5394
2026-06-12 10:00:00,0,0.5241168241450191,0.47588317585498086,Buy,84.16,85.28,84.01,84.7,8475
2026-06-12 11:00:00,0,0.5187571836897867,0.48124281631021326,Buy,84.69,85.2,84.04,84.9,6596
2026-06-12 12:00:00,0,0.5164598432664061,0.48354015673359385,Buy,84.88,85.7,84.72,85.09,8687
2026-06-12 13:00:00,0,0.49389010675401196,0.506109893245988,Hold,85.09,87.04,84.96,87.02,18186
2026-06-12 14:00:00,0,0.48943427434585773,0.5105657256541423,Hold,87.03,87.23,84.74,84.96,20122
