Price,Close,High,Low,Open,Volume
Ticker,JPM,JPM,JPM,JPM,JPM
Date,,,,,
2000-01-03,23.237136840820312,24.034294822896886,22.997989628652185,23.835004871240635,12019200
2000-01-04,22.727279663085938,22.827487515584963,22.186153956821986,22.647112280163647,11723400
2000-01-05,22.586994171142578,23.268412549061342,22.12603570556737,22.52686907411658,8714550
2000-01-06,22.907657623291016,23.388658308294502,22.366531852662096,22.486782023912966,8369250
2000-01-07,23.328521728515625,23.56902195252094,22.767353927546193,23.28843896947177,6571950
2000-01-10,22.927701950073242,23.528952859298307,22.927701950073242,23.328535277932566,4723500
2000-01-11,22.38656234741211,22.58697797050127,21.88551961994715,22.446687401313064,8405550
2000-01-12,22.526870727539062,22.727288343960048,22.286370321782872,22.34649542322192,7271850
2000-01-13,22.867565155029297,23.248355979393303,22.62706491443257,22.807440094880114,6918900
2000-01-14,23.689266204833984,24.290516616124187,23.34855825005975,23.70930849683387,9731850
2000-01-18,22.76736068725586,23.889696622420225,22.526860391845158,23.7093214008622,5296650
2000-01-19,23.769460678100586,24.1702941316783,23.168209580297642,23.168209580297642,15734700
2000-01-20,23.749408721923828,24.3707018823914,23.328533124320114,24.17028431952754,7770300
2000-01-21,23.38865089416504,23.72935899308177,23.288443061512215,23.689276226994924,5160600
2000-01-24,23.408695220947266,23.909736262453904,23.148152631651143,23.849611190683383,6459150
2000-01-25,23.929798126220703,24.29054885174162,23.40871435653707,23.40871435653707,7579950
2000-01-26,25.152318954467773,25.332694145771036,24.05002550710183,24.17027563463734,8386650
2000-01-27,25.873825073242188,26.134365846896813,25.19240693125808,25.472990008606025,8165850
2000-01-28,24.591167449951172,25.513086319682735,24.571125137063785,25.513086319682735,7500000
2000-01-31,25.873825073242188,26.134365846896813,24.631238941690484,24.631238941690484,7160250
2000-02-01,26.85587501525879,27.096375394006994,26.074248784327125,26.43499935244943,9651000
2000-02-02,26.41496467590332,26.99617344050375,26.094296822224113,26.615380478939233,7126200
2000-02-03,26.67549705505371,27.216622852950252,25.73353794441339,26.775706759393724,9200250
2000-02-04,26.21454429626465,26.71558742119662,26.15441919466771,26.455044702652398,5115150
2000-02-07,26.354825973510742,26.735616903780677,26.214533515853972,26.354825973510742,4684200
2000-02-08,27.2767391204834,27.61744906926069,26.936031006577604,26.95607330793847,6318600
2000-02-09,26.57529067993164,27.69762511964707,26.43499818689014,27.23666669232813,9818550
2000-02-10,26.65545654296875,26.8558722816105,26.09428843805325,26.65545654296875,6880500
2000-02-11,26.495121002197266,27.256706659125477,26.294705269213658,26.695538570052904,7052550
2000-02-14,25.352733612060547,26.75565232301861,25.352733612060547,26.374859655861258,5904750
2000-02-15,25.994070053100586,26.45502826734725,25.53311000398258,25.673402432175628,8965500
2000-02-16,25.493043899536133,26.35483766185218,25.332710901729268,25.974044727829266,4829700
2000-02-17,25.132274627685547,26.134358331360286,24.951899450931823,25.853775334700444,5716200
2000-02-18,23.96986198425293,25.192405755031057,23.9097369108519,25.03207283758552,8121300
2000-02-22,24.771530151367188,25.29261350732871,24.090112043670107,24.370696941771527,7068600
2000-02-23,24.811620712280273,25.392831158786258,24.551079869930053,24.811620712280273,4452900
2000-02-24,24.37070655822754,24.87174780921047,23.929788569280007,24.77153992598835,5199900
2000-02-25,24.33061408996582,25.25253255683943,24.009948233126806,24.571114400030957,4644300
2000-02-28,24.99199104309082,25.733534310067167,24.49094993164114,24.611200091968556,6051000
2000-02-29,25.53312110900879,25.974039050188505,24.91182973151935,24.91182973151935,6166950
2000-03-01,26.29471206665039,26.29471206665039,25.29262580319526,25.613293627685604,4866300
2000-03-02,25.833751678466797,26.014126985379768,25.573210791729732,25.813711200947026,3583800
2000-03-03,26.014122009277344,26.414957171214223,25.452955718361167,26.29470698960759,5981400
2000-03-06,26.755664825439453,27.0562902729163,26.37487198034474,26.59533186507584,5691450
2000-03-07,26.23457145690918,26.99615502566799,25.97402888883869,26.75565475817874,4566900
2000-03-08,25.33270263671875,26.114328727682906,25.21245246887811,25.89386886339377,5247750
2000-03-09,26.014122009277344,26.054206626394325,25.032080082737952,25.252538137392726,3979500
2000-03-10,25.232494354248047,26.154412970979383,24.93186891780001,25.653369965275303,5311350
2000-03-13,25.673412322998047,26.034162847442985,24.731453231904727,24.89178618670068,4723350
2000-03-14,25.33270263671875,25.95399394731409,25.172367856349933,25.81370330808131,4129650
2000-03-15,26.65545654296875,26.9961647665574,24.751494181767498,24.971954063094348,8861700
2000-03-16,28.90011215209961,28.980279512027725,26.99615249149471,27.2366527364078,15634950
2000-03-17,29.18071937561035,29.581552812941986,28.379050666074424,28.619551095447935,11889150
2000-03-20,27.75773048400879,29.020356519405787,27.096354941657978,28.8600236662171,8076150
2000-03-21,29.50136947631836,29.661704232652784,27.417034157815895,27.717659532353352,8345550
2000-03-22,29.361082077026367,29.54145732152372,28.459205854539604,29.06045666953078,8604150
2000-03-23,31.5856990814209,31.8061588727848,29.16065605538871,29.180698355023065,10431450
2000-03-24,30.84416961669922,32.30721217643952,30.784044529727094,31.10471043699706,9489000
2000-03-27,30.3631649017334,31.06462538013682,30.0024144276534,30.784040454826734,4828950
2000-03-28,30.22287368774414,30.703874339723473,29.86212319875964,30.06254074870832,7325700
2000-03-29,28.980283737182617,30.303035277054025,28.639575618839583,30.222867905437976,9088350
2000-03-30,27.898046493530273,29.10054849756175,27.55733820401217,28.679672796150733,8017200
2000-03-31,27.95816993713379,28.338962827471548,27.577377046796027,28.218712634193555,6805050
2000-04-03,29.661697387695312,29.82203027215844,28.158570861880875,28.198653624278847,8509500
2000-04-04,27.962976455688477,29.614968511267417,26.754202230738784,29.49409108877245,12638700
2000-04-05,27.842100143432617,28.023416284405283,27.15712928494244,27.15712928494244,7310700
2000-04-06,28.184598922729492,28.446498892530446,27.983135846814676,28.04357458514473,4853400
2000-04-07,27.842100143432617,28.446487280008167,27.72122271611751,28.446487280008167,4914150
2000-04-10,28.406185150146484,28.708378609190596,27.43916608120533,27.560043464822975,7864950
2000-04-11,27.72121810913086,28.325605145263385,27.39887958615542,28.043558476549162,8217150
2000-04-12,27.983118057250977,29.312769455219705,27.88238750555244,28.34575025669699,9133350
2000-04-13,27.23771095275879,27.962975461954525,27.15712723692128,27.721220625555944,6781050
2000-04-14,25.424541473388672,26.55273157539363,24.41723059500936,26.431854196210416,13084500
2000-04-17,25.343961715698242,25.605861514934226,24.1553327396849,24.98132952188591,8708700
2000-04-18,25.9483585357666,26.08938099049066,25.16265515151417,25.223093873379742,6833400
2000-04-19,25.14250373840332,26.109523112957294,24.376947348362453,26.028937550263436,9057150
2000-04-20,24.92090606689453,25.202952886460775,24.57841866694569,25.18280602633324,4540650
2000-04-24,24.094894409179688,24.63884270821634,23.994163857505665,24.49782030476126,7792800
2000-04-25,25.16265106201172,25.323820345978437,24.2560703813681,24.417239665334815,6327150
2000-04-26,24.638839721679688,25.38425087815394,24.558256027885324,25.38425087815394,5500500
2000-04-27,23.812837600708008,24.33663882821078,23.631521578367593,24.215761479983836,9298200
2000-04-28,23.24875259399414,24.07474938823368,23.127875194294962,23.93372514043706,8603250
2000-05-01,23.772558212280273,24.2963597140203,23.067438748828515,23.36963227760986,8439750
2000-05-02,24.538105010986328,24.820151580206584,23.651671618835373,23.792693981224396,8411250
2000-05-03,23.933732986450195,24.73958319676802,23.933732986450195,24.235926584763963,9320550
2000-05-04,23.61139488220215,24.316514578039005,23.490517430852233,24.21578213895172,6172200
2000-05-05,23.268922805786133,23.45023908738966,22.72497396097555,23.208484045251623,14505150
2000-05-08,23.208457946777344,23.59123694786649,22.986850022169165,23.08758056163788,5497650
2000-05-09,22.84583282470703,23.43007308459858,22.84583282470703,23.289050654815533,6378000
2000-05-10,22.16085433959961,22.785388139492746,22.16085433959961,22.785388139492746,6616050
2000-05-11,22.563779830932617,22.785387761991018,22.08027027630151,22.583924832747197,7853100
2000-05-12,23.087594985961914,23.49051924001231,21.9594059679546,22.281744633417446,12221850
2000-05-15,24.054615020751953,24.23593121437571,23.22861964239162,23.45022770867276,6703200
2000-05-16,23.933732986450195,24.719436342065986,23.752416827461936,24.699289487363952,7925100
2000-05-17,23.853151321411133,24.15534496925183,23.550957673570437,23.611396403138574,4350600
2000-05-18,24.21578025817871,24.618706294346627,23.772564200614752,23.772564200614752,5156250
2000-05-19,23.369640350341797,24.15534379658412,23.28905661112547,24.054613200341933,5114550
2000-05-22,23.268922805786133,23.611408500666823,22.72497396097555,23.611408500666823,4164600
2000-05-23,23.571102142333984,24.034465073907256,23.18832294572091,23.18832294572091,5208750
2000-05-24,23.087594985961914,23.67183543100154,22.724962603983453,23.369641779352822,8573100
2000-05-25,22.644372940063477,23.772563599472765,22.483203636337866,23.20846826976812,7721400
2000-05-26,22.724946975708008,22.966701730768733,22.362314843116923,22.684655131345355,6163950
2000-05-30,23.691972732543945,23.691972732543945,22.92641640532027,23.087585673040273,4197750
2000-05-31,24.074764251708984,24.296372339828114,23.530815617235223,23.530815617235223,4983150
2000-06-01,24.860464096069336,25.223096464515518,24.316515543400065,24.457538012611177,8779650
2000-06-02,26.008792877197266,26.55274128237491,25.78718303805171,26.55274128237491,8867400
2000-06-05,25.585721969604492,26.149815384018368,25.545428265401277,25.948354240774744,4890450
2000-06-06,24.82015037536621,25.58570821021089,24.658981178555702,25.58570821021089,5546850
2000-06-07,24.779874801635742,25.28353140835335,24.69928922811679,24.96119095872088,5901150
2000-06-08,24.658994674682617,25.041773801603995,24.29636240005493,25.041773801603995,3975150
2000-06-09,23.631534576416016,25.343965232999615,23.007000652250543,24.820161872947423,10294950
2000-06-12,23.495561599731445,24.054619978631806,23.299135682820506,23.873303747637095,5142600
2000-06-13,23.299123764038086,23.45022054590604,23.027149556675774,23.389781833158857,5649900
2000-06-14,24.205711364746094,24.35680818974451,23.329349779755287,23.631543429752114,5920600
2000-06-15,23.60132598876953,24.115055235644157,22.54364812755707,24.084835868180942,9911800
2000-06-16,21.969470977783203,22.69473549424372,21.33486452588025,22.604077429686157,16619900
2000-06-19,22.664525985717773,22.90628092956543,21.81838368225098,21.939261154174805,7731000
2000-06-20,23.178239822387695,23.480433301167196,22.966704387242046,23.208459170265648,5643600
2000-06-21,22.724946975708008,23.178237141446864,22.422753531882105,23.057359763916505,4059300
2000-06-22,22.42276954650879,22.87606003599347,22.241453350714917,22.845840670027822,3268600
2000-06-23,22.664525985717773,23.238693977355958,22.452990409851076,22.543648513793947,3662500
2000-06-26,22.996931076049805,23.420002081391065,22.513421355659798,22.513421355659798,3195000
2000-06-27,23.178239822387695,23.571091344801047,23.117801126631797,23.389775257533348,5146100
2000-06-28,22.747615814208984,23.66175115579626,22.573854550932065,23.268899604039746,4898400
2000-06-29,23.027145385742188,23.63153240374067,22.5436357713434,22.936487333042415,4679500
2000-06-30,22.27167510986328,23.32935303231269,22.060139525373398,23.057378709397128,6995300
2000-07-03,23.157814025878906,23.370829397996058,22.33618330485561,22.33618330485561,2746100
2000-07-05,23.249101638793945,24.192455239320925,23.066517070950013,23.583840013174488,5083900
2000-07-06,23.370820999145508,23.46211326867342,22.70134435594082,23.279528729617596,3497600
2000-07-07,24.375036239624023,24.679343808158656,23.49254429087359,23.49254429087359,6245000
2000-07-10,24.222888946533203,24.831504246697353,24.192458181524994,24.435904301590654,3393600
2000-07-11,24.679340362548828,25.28795541464621,24.25330982608066,24.52718659952448,4641900
2000-07-12,24.618484497070312,25.40968424604909,24.588053737494207,25.166238169440234,4531400
2000-07-13,24.70977020263672,25.227092977815072,24.64890869967456,25.014077717447517,4588500
2000-07-14,25.56183433532715,25.683557355971566,24.83149621146066,25.044511497588385,4532300
2000-07-17,25.33361053466797,26.17045652830565,25.227102862750446,26.17045652830565,5069900
2000-07-18,24.801061630249023,25.074938384448092,24.4054618741837,24.95321538258184,3273200
2000-07-19,24.679340362548828,25.074940146412125,24.405463589105004,24.831494125573172,4287100
2000-07-20,24.983659744262695,25.927013522669693,24.588059772672665,24.709782840854214,6117400
2000-07-21,25.675954818725586,26.170454689308446,25.135808806242764,25.805285554108796,5470100
2000-07-24,25.105382919311523,25.622705961285217,24.709782946037524,25.531413659760446,3232600
2000-07-25,24.953222274780273,25.19666834575374,24.770637721550173,25.135806828010374,2697100
2000-07-26,24.04030418395996,24.831504068495352,23.675135006482087,24.831504068495352,4654000
2000-07-27,24.283740997314453,24.527187022350187,23.55340292220725,24.04029497227872,3556100
2000-07-28,23.553409576416016,24.405470904761813,23.40125576778284,24.37504014303518,2880800
2000-07-31,24.253318786621094,24.253318786621094,23.49254969042846,23.857718856600926,3650700
2000-08-01,25.135812759399414,25.98787420887058,24.16202824571808,24.28375130992825,10556800
2000-08-02,25.044513702392578,25.5009750699939,24.679344608311517,25.287959765113282,6692900
2000-08-03,24.466325759887695,25.28795610257049,24.34460274615691,24.831494801080048,5914200
2000-08-04,25.531408309936523,25.683562113928993,24.648916246780196,25.257531462750077,8546500
2000-08-07,26.079158782958984,26.353035596315614,25.592266670324978,25.835712726641983,6924000
2000-08-08,26.04874038696289,26.231325015843474,25.622709586241537,26.200894244363376,3458500
2000-08-09,25.470548629760742,26.10959465272965,25.379256340765185,26.018302363734094,6305600
2000-08-10,25.257535934448242,25.89658202435597,25.196674402076077,25.47055129775082,4979200
2000-08-11,25.318405151367188,25.531420579323402,24.983666621721706,25.105389723410973,4492200
2000-08-14,25.683570861816406,25.805293946469565,25.105386209713906,25.683570861816406,4970100
2000-08-15,25.22710609436035,25.987875276940578,25.135813792450723,25.805290673121323,7236200
2000-08-16,24.527189254760742,25.2270966404425,24.375035475264706,24.95321983734964,5305600
2000-08-17,24.679340362548828,24.89235563078291,24.375032836500136,24.375032836500136,4514400
2000-08-18,24.70977020263672,24.953216214485355,24.466324190788082,24.7402009541178,3694100
2000-08-21,24.801061630249023,25.135799885381218,24.648907877916205,24.831492380715584,3502300
2000-08-22,25.683570861816406,26.04874011577588,24.8315092692443,25.044524667387325,7456800
2000-08-23,26.4443302154541,26.474760975195704,25.683561221913994,25.774853501138807,6868200
2000-08-24,25.927003860473633,26.718203508797945,25.805280837654507,25.987865371883196,4508200
2000-08-25,25.34881591796875,26.14001545442396,25.25752366376238,25.86613869180485,4746600
2000-08-28,25.653135299682617,25.95744295448312,25.31839687940206,25.31839687940206,5261600
2000-08-29,25.257535934448242,25.89658202435597,25.135812869703916,25.835720491983807,7020300
2000-08-30,25.927003860473633,26.231311417521443,25.470542524901912,25.561834792016256,8367100
2000-08-31,27.205116271972656,27.539854839077464,26.04874667651968,26.14003901300281,8450600
2000-09-01,27.41811180114746,27.661557854875742,26.839927423542797,27.600696341443673,5478500
2000-09-05,27.81372833251953,28.026743757385656,27.35726670780641,27.47898980772991,4851200
2000-09-06,27.265958786010742,28.36146605866296,27.14423575571605,27.874573937484197,6821900
2000-09-07,27.874576568603516,27.90500732904959,27.235530599235968,27.539838203696704,3495800
2000-09-08,28.148456573486328,28.391902684392157,27.631133587811444,27.691995115537903,4496500
2000-09-11,27.996295928955078,28.422326519178306,27.509403825842817,27.996295928955078,5219500
2000-09-12,25.713991165161133,28.2093133847389,25.318391301081732,28.118021108412883,7314600
2000-09-13,24.679340362548828,24.92278638338778,24.16201756826605,24.52718659952448,42585300
2000-09-14,24.34461212158203,25.31839660644531,24.314181356430055,25.31839660644531,20361300
2000-09-15,23.918575286865234,24.49675967675129,23.58383695587857,24.49675967675129,14822300
2000-09-18,22.67091941833496,23.91858075545138,22.67091941833496,23.91858075545138,15120400
2000-09-19,22.823076248168945,23.24910700480143,22.6100608698527,22.731783943176268,15642000
2000-09-20,22.640480041503906,22.91435681619952,22.21444950308851,22.79263380522369,12493000
2000-09-21,21.727561950683594,22.67091548075529,21.727561950683594,22.640484721720718,12166800
2000-09-22,23.005653381347656,23.157807173552335,21.697130768387407,21.788423043710214,17425600
2000-09-25,22.883920669555664,23.70555079997854,22.883920669555664,23.127366634125405,11709900
2000-09-26,22.427459716796875,23.340382093328635,22.275305987374914,23.066505380369108,8176500
2000-09-27,22.153583526611328,22.853490698468555,22.031860540201375,22.61004472564865,7879200
2000-09-28,22.823076248168945,22.91436855316162,21.97101473490397,22.062307039896645,9307900
2000-09-29,22.488330841064453,23.18823829619907,22.488330841064453,22.579623117821143,8576500
2000-10-02,23.127370834350586,23.127370834350586,22.549186563491823,22.70134031898097,7138200
2000-10-03,22.76222038269043,23.431697452769562,22.670928054952366,23.18825124546806,9742300
2000-10-04,22.336917877197266,22.888446713671275,22.275636895366823,22.73524425909516,6363900
2000-10-05,21.785388946533203,22.76588465158111,21.69346747418496,22.367558271405397,9189200
2000-10-06,21.01937484741211,22.061151443347985,20.46784606132841,21.8160275384219,13400700
2000-10-09,20.621055603027344,21.203225077704193,20.559774605692937,21.141944080369786,6499500
2000-10-10,20.008251190185547,20.835544884113585,19.732486625542865,20.621061333835947,11926200
2000-10-11,19.94696044921875,20.069522418184764,19.05838617421515,19.67119601904522,16885900
2000-10-12,18.537504196166992,19.732483805506682,18.3536611793455,19.67120279989952,14847200
2000-10-13,19.45671272277832,19.671196170116033,18.506857455997014,18.568138440950648,14143700
2000-10-16,19.395421981811523,19.94695056897204,18.99709577997337,19.701826752456256,8405600
2000-10-17,18.59877586364746,19.855035847847702,18.506854401388907,19.609911948491558,8318700
2000-10-18,18.077892303466797,18.69070221205889,15.871776632535255,16.42330555026814,29641500
2000-10-19,19.08902931213379,19.671198745409136,18.690702857787496,18.690702857787496,14981100
2000-10-20,18.813268661499023,19.303516704795413,18.690706650674926,18.966471175029145,7559300
2000-10-23,18.813268661499023,18.99711167773517,18.598785142556853,18.72134715338095,5240100
2000-10-24,19.64055824279785,19.763120228712346,18.690702851960513,18.721343348439138,10595900
2000-10-25,19.609914779663086,20.314646092057227,19.487352812290194,19.64055527150631,9256100
2000-10-26,19.609914779663086,20.06952215731144,19.058385926485062,19.946960189938547,10398700
2000-10-27,20.927448272705078,21.05001019523922,19.76311000863071,19.855031450531317,9867500
2000-10-30,21.448347091674805,21.540268579210554,20.98873965399606,20.98873965399606,7884900
2000-10-31,22.306272506713867,22.520755896201504,21.63218185403845,21.96922718037616,13186900
2000-11-01,22.39820098876953,22.459481976426904,21.816031606024495,22.306279507283474,8789400
2000-11-02,22.306272506713867,22.796520254114174,22.24499153828883,22.398193959351424,6435700
2000-11-03,21.785388946533203,22.33691778062265,21.632186492619468,22.33691778062265,5879800
2000-11-06,22.306272506713867,22.398193959351424,21.846665243526083,21.999867664588677,4568100
2000-11-07,22.030517578125,22.24500105941412,21.877315091489915,22.12243907010605,4101800
2000-11-08,21.35641098022461,22.030501427233133,21.20320860590449,22.030501427233133,5754400
2000-11-09,21.63218879699707,21.724110279137285,20.866176445828618,21.111300398202523,6306500
2000-11-10,20.98873519897461,21.846668900538535,20.98873519897461,21.387061560415003,4465600
2000-11-13,20.651695251464844,20.896819230710715,19.97760430853869,20.529133261841906,6041800
2000-11-14,20.866172790527344,21.17257767731923,20.467846437697894,20.9887347452441,6506300
2000-11-15,19.97760581970215,20.988742310576644,19.91632482025521,20.62105631389501,8300500
2000-11-16,20.03888511657715,20.46785207625923,19.885682630976408,20.03888511657715,6940400
2000-11-17,19.426071166992188,20.100161964584977,19.18094724059481,20.069521473785304,8358900
2000-11-20,18.905183792114258,19.57927462424799,18.690700345526253,19.487353147138847,7421300
2000-11-21,18.966466903686523,19.27287186174285,18.506859466602034,18.905185912075257,6202100
2000-11-22,18.35365104675293,18.813258335068948,18.139167645538787,18.78261784918121,6600100
2000-11-24,19.180952072143555,19.211592570661356,18.53750160326973,18.598782600305334,3835500
2000-11-27,19.30351448059082,19.701840969872855,19.211592983064197,19.334154979766364,10451600
2000-11-28,18.629419326782227,19.67119606545097,18.353654895958147,19.33415064999932,13168300
2000-11-29,18.59877586364746,18.90518073784264,18.231090014613244,18.323011476871798,9867200
2000-11-30,18.077892303466797,18.7519832029181,17.373160908585888,18.23109478061482,15472400
2000-12-01,18.292375564575195,18.966466456402088,18.169813584243034,18.200454079326075,9448300
2000-12-04,18.59877586364746,18.813259275584088,18.077887577515654,18.323011476871798,6819200
2000-12-05,20.253366470336914,20.314647458144286,18.660060787345206,18.935825232478386,13818600
2000-12-06,19.64055824279785,21.203223563207665,19.15031029913987,20.222727675891704,19776900
2000-12-07,19.211591720581055,19.82440166382128,18.782624760312896,19.3341537092291,9650300
2000-12-08,19.609914779663086,20.038881665468217,19.426071828603746,19.763117238879204,8411700
2000-12-11,20.835535049438477,20.896816034878004,19.640555833367742,19.732477311527028,9131000
2000-12-12,21.080663681030273,21.41770917593047,20.559775188911793,20.835539684739224,7843400
2000-12-13,21.816028594970703,21.907950063769736,21.387061740575213,21.5402641885736,10288900
2000-12-14,21.01937484741211,21.54026314538005,20.284003132633842,20.74361045437026,16122600
2000-12-15,21.54026985168457,21.54026985168457,20.529133429059264,20.59041442436989,11412000
2000-12-18,22.2449893951416,22.2449893951416,21.478977363628463,21.57089880741004,13271000
2000-12-19,21.96923828125,22.520767275758367,21.540271285521268,21.93859778155509,13078000
2000-12-20,21.32579231262207,21.969242942744287,21.203230287836885,21.969242942744287,6853300
2000-12-21,22.1530818939209,22.42884639882448,21.29514787866532,21.29514787866532,8796400
2000-12-22,22.367551803588867,22.735237586661558,22.06114698436162,22.275630357820692,7098600
2000-12-26,22.428842544555664,22.673966506791245,22.153078087040637,22.36756155399677,4832200
2000-12-27,22.735248565673828,22.7965295591123,21.969236147692904,22.091798134569853,7452200
2000-12-28,23.011011123657227,23.256135077038394,22.52076321689489,22.643325193585472,6397400
2000-12-29,22.275634765625,23.317411357139786,21.724105981881877,23.011006477282496,9657000
2001-01-02,21.570913314819336,21.96923983909867,21.233867794275284,21.877318333495747,7803200
2001-01-03,25.000619888305664,25.12407973960594,21.327689312122487,21.451149163422762,21303200
2001-01-04,25.67966079711914,26.6673400585468,25.09322623564647,25.432740981762226,26409800
2001-01-05,24.167266845703125,25.432730371467912,23.858617205272687,25.06235080295139,16215700
2001-01-08,24.32158851623535,24.753697956879126,23.858614115545592,24.198128676051418,9938300
2001-01-09,24.043800354003906,24.691964420029684,23.642555932178425,24.630234508979612,7285100
2001-01-10,25.15494155883789,25.52532106645268,24.167262871865113,24.44504750257621,10857000
2001-01-11,26.72906494140625,26.790794883534208,25.247546330335233,25.247546330335233,16077700
2001-01-12,26.327817916870117,26.69819753586477,25.864843393126797,26.66733256761522,8946800
2001-01-16,26.266080856323242,27.006839893399338,25.926566297663364,26.420405655714095,10508500
2001-01-17,26.173490524291992,26.69819493338747,25.74138101091925,26.142625559051083,10317300
2001-01-18,25.401865005493164,25.61791975037585,24.969755515727787,25.432729969047834,13565600
2001-01-19,24.96976661682129,25.525336207801246,24.59938688950132,25.062361548651282,10789100
2001-01-22,25.12409019470215,25.77225468375466,24.722845511002976,24.969765316356312,10581500
2001-01-23,25.52533721923828,25.710527090236383,24.753712756746193,24.753712756746193,8794600
2001-01-24,26.29694938659668,26.42040924287178,25.803109961496272,26.0191647099777,9316500
2001-01-25,26.20435905456543,26.605603657285513,25.556194696325296,26.173494085125423,8347100
2001-01-26,26.759931564331055,26.914256429177254,26.050037186038534,26.389551888700176,7967800
2001-01-29,27.22041893005371,27.654997997491517,26.756210713280822,26.76114827688759,9494400
2001-01-30,27.64512825012207,27.743896502833678,26.978445841052228,27.21054906849962,9452800
2001-01-31,27.15622901916504,28.311813272828395,26.914246887976446,27.89698810782494,13130800
2001-02-01,27.58094024658203,27.58094024658203,26.425355534875646,27.15623978317586,9174100
2001-02-02,26.983383178710938,27.32413355350392,26.810540150807046,27.161165655325064,7075200
2001-02-05,26.963640213012695,27.136485195671483,26.519185722994006,26.91919457562598,5273700
2001-02-06,25.817922592163086,26.8944926083087,25.67964816640603,26.67226450702217,7560200
2001-02-07,25.84261703491211,26.420408236013483,25.620388925316263,25.85249216525163,7988800
2001-02-08,25.521623611450195,26.19818314862477,25.447546938423525,25.842620016101694,5730800
2001-02-09,25.65496253967285,25.97595708608938,25.21050623374449,25.526563214027682,5490500
2001-02-12,25.951261520385742,26.222872828553083,25.521621746235656,25.91175534581401,5246300
2001-02-13,25.254955291748047,26.519185268300706,25.23520125683743,25.946331442832,7334700
2001-02-14,25.27963638305664,25.62038675012288,25.136424399118436,25.556187105279612,6835100
2001-02-15,25.240121841430664,26.050017828914076,25.136416061438847,25.373458651640306,7408400
2001-02-16,25.67471694946289,25.679654515668837,24.815435373314596,24.889512053341395,7364800
2001-02-20,24.667278289794922,25.975951563280383,24.509249833252134,25.674711113141054,9073500
2001-02-21,23.38329315185547,24.741351404016715,23.21538769259799,24.173437265239706,9835100
2001-02-22,23.852447509765625,23.852447509765625,22.41537463791836,23.58083616111923,12409800
2001-02-23,23.235143661499023,23.82775132511072,22.815380920191643,23.235143661499023,9708100
2001-02-26,23.97591781616211,24.346297602870635,23.116637765953776,23.70430634934566,8783500
2001-02-27,23.506763458251953,24.583333902693138,23.136383770040954,24.173448027340857,11744300
2001-02-28,23.04254150390625,23.704286236701396,22.37091975911746,23.649963612660034,10510600
2001-03-01,22.77093505859375,22.840072273248474,22.11412775167825,22.519075909382614,10551800
2001-03-02,22.617847442626953,23.506758115527944,22.316605063267332,22.51907917144949,7559700
2001-03-05,23.091930389404297,23.185761084619475,22.37092529022937,22.667230071756624,5988200
2001-03-06,23.684545516967773,24.173447524122164,23.457379765050913,23.827759445551717,6844500
2001-03-07,24.815431594848633,24.914199858562892,23.714169881477304,23.9018293941496,7296600
2001-03-08,24.810501098632812,25.279647188215108,24.593210479779394,24.815438665493808,7064400
2001-03-09,24.173439025878906,24.59320176267161,23.60552296189084,24.49443350582397,6377600
2001-03-12,22.464752197265625,23.630211446430938,22.464752197265625,23.457368432572064,8549500
2001-03-13,23.407987594604492,23.605522218228884,22.519075194827607,23.0869912409242,7065900
2001-03-14,21.60547637939453,22.701800583648893,21.427693872342683,22.22277570452009,16205000
2001-03-15,22.351167678833008,22.691918028780275,22.099310444558903,22.173387099029416,8561300
2001-03-16,22.015371322631836,22.6672394750255,21.78820366406843,22.35118053351308,10739300
2001-03-19,22.29684829711914,22.42030813955314,21.06224987277916,21.926468769817145,9742500
2001-03-20,21.032615661621094,22.449933911617094,20.98817004969138,22.449933911617094,10213200
2001-03-21,19.85235023498535,21.29930026341889,19.778273549139225,21.131394741502934,12026300
2001-03-22,19.215288162231445,19.78320414253024,18.558482836101284,19.77826469429945,15668200
2001-03-23,20.598039627075195,20.69187031283956,19.65974595636541,19.90172619219966,10763200
2001-03-26,20.795578002929688,21.230157214266796,20.56841232485378,20.815332031592252,8319900
2001-03-27,21.412879943847656,21.432633974977133,20.296801675057477,20.795580599912235,12254000
2001-03-28,21.012866973876953,21.40793813366477,20.71656407499806,21.08694364052062,7315300
2001-03-29,21.235095977783203,21.358555838119152,20.75113355132804,21.13632771274485,6688200
2001-03-30,22.173391342163086,22.222774532028417,21.185712474072936,21.309172332584204,8463000
2001-04-02,22.02522850036621,22.42030138419557,21.556082747551315,21.975845331811104,8743100
2001-04-03,20.54371452331543,21.82769785842731,20.494331345900438,21.788189809417347,9050300
2001-04-04,20.160335540771484,20.787700023110528,19.523010751483977,20.613432638953025,11634000
2001-04-05,21.1611270904541,21.395144868429803,20.54371925256205,20.563636063319898,8644900
2001-04-06,20.11054039001465,21.161128484559306,19.66740176800218,20.713009709843472,9789600
2001-04-09,20.12547492980957,20.703051022779462,19.866563997654744,19.866563997654744,7386400
2001-04-10,21.559452056884766,21.56443220885536,20.528780926061014,20.613426415217983,7962300
2001-04-11,22.276439666748047,22.80422175827798,21.93288139273723,22.032463528673283,9898000
2001-04-12,22.590116500854492,22.779322332930004,21.907982134402626,22.032459305620822,6740700
2001-04-16,22.654848098754883,23.093008330071207,22.415852126956292,22.59011942950595,6377000
2001-04-17,22.590116500854492,22.893841102526235,22.29137204967918,22.430785873644872,5115500
2001-04-18,24.447309494018555,24.955176452265654,23.152748000003108,23.376807231490126,15206700
2001-04-19,24.297962188720703,24.641520661948743,23.999217507052496,24.397544382400895,11593500
2001-04-20,23.800033569335938,24.292963978484153,23.55107923932328,24.292963978484153,8496300
2001-04-23,23.551095962524414,23.99921483449651,23.272268130517023,23.874737581101165,5135800
2001-04-24,23.600879669189453,24.09878850694137,23.575982707804673,23.80004206466733,6179000
2001-04-25,23.640716552734375,23.700465094492365,22.91376994666783,23.655653213330897,8079600
2001-04-26,24.14858627319336,24.347750631071623,23.52620002903889,23.77515452670068,7012500
2001-04-27,24.820758819580078,24.930299389414202,24.422432064781155,24.631554798157957,6371800
2001-04-30,23.889665603637695,25.09460596839257,23.775146799856156,24.915358484431394,7737700
2001-05-01,24.26309585571289,24.26309585571289,23.675563313476044,24.14359880608211,8051200
2001-05-02,24.681339263916016,24.830711525251342,24.048994854870827,24.52200859857549,6753000
2001-05-03,24.397541046142578,24.467248002374877,24.053984519266773,24.198376686017063,7494000
2001-05-04,25.194189071655273,25.194189071655273,23.994228722853787,24.024103940024514,8223200
2001-05-07,24.497114181518555,24.865565642529447,24.203347903450812,24.422427099204008,10128700
2001-05-08,23.77515983581543,24.387587808897074,23.650682559188123,24.273068942324652,8695500
2001-05-09,23.526199340820312,23.705446877792753,23.401722095630788,23.526199340820312,6490800
2001-05-10,23.655643463134766,24.35769471238387,23.53116627781137,23.899619582091912,5905800
2001-05-11,23.12288475036621,23.800041044584976,23.078072880914338,23.660627183788666,5675600
2001-05-14,23.720378875732422,23.79008581543389,23.078075960988908,23.102972924629423,5469800
2001-05-15,23.5411319732666,23.86477351511538,23.41167649615011,23.60088240827886,5821200
2001-05-16,24.053972244262695,24.223261294167706,23.20254684362127,23.59589520948455,9348000
2001-05-17,23.99422836303711,24.273058021000864,23.829919419491286,23.92950157586203,7818200
2001-05-18,23.979291915893555,24.29795329959367,23.844856288512883,24.29795329959367,5556700
2001-05-21,24.611642837524414,24.646496316729614,23.750260466904788,24.138628891975372,6909900
2001-05-22,24.9054012298584,25.194187378952915,24.751048800570853,24.820755736580857,8750800
2001-05-23,24.357694625854492,24.800834999503284,24.09380360170511,24.795854848460216,6283400
2001-05-24,24.566814422607422,24.845643968037088,24.37263034071052,24.37263034071052,5418700
2001-05-25,24.2481632232666,24.736113705537573,24.19837119484813,24.522012731767333,3857900
2001-05-29,24.561840057373047,24.6215885767853,23.94941061075551,24.397529254775367,5391800
2001-05-30,24.208328247070312,24.845652879592894,24.093809437167963,24.561844981275858,5402700
2001-05-31,24.472206115722656,24.487142764499495,23.824923477960485,24.1734598445931,5875300
2001-06-01,24.3427677154541,24.52201523733207,24.0987933990761,24.52201523733207,6006400
2001-06-04,24.6464900970459,24.6464900970459,24.093810924303583,24.27305842890884,4271200
2001-06-05,24.14858627319336,24.850637880624717,24.14858627319336,24.646495268516933,6758900
2001-06-06,23.322053909301758,23.700463853111224,23.03326582374912,23.675568786963673,12689200
2001-06-07,22.719581604003906,22.948619221641536,22.161922318401572,22.903807348680125,11970800
2001-06-08,22.007566452026367,22.480580129831456,21.8084021984123,22.480580129831456,7355600
2001-06-11,21.997610092163086,22.286396197412703,21.912964611736832,22.032463554876465,6247800
2001-06-12,21.654056549072266,21.73372188846038,21.16112595579039,21.70882492666224,8116400
2001-06-13,21.858200073242188,22.211714913807135,21.53455854917075,21.833303110335464,7347500
2001-06-14,21.70384407043457,22.077275660153422,21.564430218071674,21.73371928138574,6765500
2001-06-15,22.356109619140625,22.425816558900735,21.58434933055516,21.858200735857956,16099300
2001-06-18,22.06233787536621,22.35610412022031,21.833298401870454,22.15693985614692,7108600
2001-06-19,22.16689682006836,22.605057032958893,21.982671122352876,22.35610266871649,5717600
2001-06-20,22.704633712768555,22.9037979328021,22.156934956732464,22.181830009393966,7645800
2001-06-21,23.461475372314453,23.51624567514136,22.51544925773876,22.754445388769643,7181900
2001-06-22,22.854013442993164,23.20752821601343,22.779326367286355,23.202548064634986,7293900
2001-06-25,22.814189910888672,23.078081069421,22.430799758293887,22.903813681592496,4647300
2001-06-26,22.24657440185547,22.440758609089844,21.90799612792862,21.93289119819957,6830700
2001-06-27,21.917945861816406,22.331209183005864,21.907987457774674,22.00756959882065,6571400
2001-06-28,22.405902862548828,22.570213728572707,22.06234636909697,22.107158250796946,4913000
2001-06-29,22.142005920410156,22.400918735754512,21.90798816628957,22.281419782760416,6180700
2001-07-02,22.80422592163086,22.854017948375017,21.95280220770769,22.306317050418954,5128300
2001-07-03,22.899538040161133,23.080124240399225,22.744031183580734,22.949700554631058,3057900
2001-07-05,22.839332580566406,23.075100524355413,22.548386655971314,22.97477361762116,4379000
2001-07-06,22.327672958374023,22.713930407195992,22.021678586937792,22.713930407195992,5037300
2001-07-09,22.06682014465332,22.272489445561916,21.75079105325541,22.272489445561916,4892200
2001-07-10,21.07358741760254,21.846102181068236,21.043490682387485,21.821020930530103,8433400
2001-07-11,21.093656539916992,21.16388481802929,20.421468585221056,21.04850951633379,8240300
2001-07-12,21.339445114135742,21.730717817043068,21.148824245263164,21.29429811660213,7200400
2001-07-13,21.344470977783203,21.520043570727793,21.17391578343591,21.214047317906747,5728800
2001-07-16,20.667280197143555,21.565203735718455,20.5167906782978,21.520056688706923,7292100
2001-07-17,21.21906852722168,21.429755312877052,20.366292325430713,20.762582724142018,6459800
2001-07-18,21.861160278320312,21.861160278320316,20.441538410095873,20.566946621200756,10179800
2001-07-19,21.92136001586914,22.19725775210631,21.545135308206323,21.986572834332485,8137100
2001-07-20,21.770872116088867,21.996605426419958,21.545136892179823,21.79595338239477,4094700
2001-07-23,21.575220108032227,21.92134787202626,21.570204623349408,21.770858455043825,4128000
2001-07-24,21.409690856933594,21.740768471687105,21.34447804860377,21.449820491121358,5781100
2001-07-25,21.520044326782227,21.64545250604418,20.91808468360945,21.64545250604418,7438000
2001-07-26,21.690593719482422,21.816001865166445,21.19397662060005,21.419711665546583,5522800
2001-07-27,22.177188873291016,22.187221760388113,21.459853711257832,21.46988659835493,6060000
2001-07-30,21.976537704467773,22.127027189469068,21.84611208084306,21.871193342747006,6203600
2001-07-31,21.7206974029541,22.12200321489309,21.5952892171246,21.82102433433311,8469900
2001-08-01,21.821027755737305,21.9965984779962,21.570211344751815,21.670538291861483,8843900
2001-08-02,21.821027755737305,22.197252372215534,21.8210277557373,21.84610901412038,4944500
2001-08-03,21.73072624206543,21.94642843462329,21.59026971242838,21.826035756665323,5896700
2001-08-06,21.44982147216797,21.85614480077656,21.354511912232542,21.730736578640556,5036000
2001-08-07,21.454833984375,21.58525766370649,21.224083367477732,21.379588302806372,4686600
2001-08-08,21.108713150024414,21.439790784336697,20.978287525659727,21.244152347789665,5489800
2001-08-09,21.01841926574707,21.138810090088114,20.672291340216844,21.09366305256581,5501900
2001-08-10,21.19398307800293,21.25919586942912,20.63215494996158,21.018412385982828,4708300
2001-08-13,21.128767013549805,21.259192576198153,20.842836551651846,20.97326211430019,4209300
2001-08-14,21.19398307800293,21.359522799259334,21.06857489410942,21.12877028657674,4620700
2001-08-15,21.143815994262695,21.24414098880512,21.073585819075745,21.10368446558444,4808900
2001-08-16,21.15887451171875,21.193988659369968,20.707404165378083,21.168907398701602,6343100
2001-08-17,20.80773162841797,21.03848229391108,20.576980962924857,20.99333525817742,4967800
2001-08-20,20.612077713012695,20.898008060116148,20.47663672013591,20.717420069613766,5850000
2001-08-21,20.27097511291504,20.792673523102334,20.26595962843754,20.516775950999506,7114200
2001-08-22,20.667280197143555,20.71744273223279,20.366299245873986,20.416463694541275,5342100
2001-08-23,20.426490783691406,20.66727432818407,20.36629346238511,20.52180033872678,4557900
2001-08-24,20.531824111938477,20.64218390510264,19.990059942125306,20.215795012880793,11913100
2001-08-27,20.617109298706055,20.817763203447374,20.336196128361156,20.456586940343982,5481500
2001-08-28,20.311115264892578,20.667274134857788,20.140560016608497,20.516784660154777,6436800
2001-08-29,19.8496036529541,20.301073799871666,19.774357990608948,20.205762372424246,6178300
2001-08-30,19.684066772460938,19.814490424420047,19.62386947440894,19.689082257176885,7395300
2001-08-31,19.764331817626953,20.065310712889435,19.61885785569999,19.61885785569999,4918600
2001-09-04,19.98003387451172,20.40642095775261,19.59377641726218,19.814494144157432,6377800
2001-09-05,19.237621307373047,20.065316373198563,19.107197592921437,20.065316373198563,10440300
2001-09-06,18.53032112121582,19.06205275538568,18.309603304515193,19.06205275538568,11279200
2001-09-07,18.56041145324707,18.66073838435841,18.03871294232974,18.058778711267422,8777400
2001-09-10,18.690839767456055,18.74100420226234,18.003603276018918,18.209272674780873,9263700
2001-09-17,17.68256187438965,17.968492509059505,17.055520673170157,17.55715363414575,20453200
2001-09-18,17.476882934570312,18.008614272984637,17.25616524063559,17.607306591537,13190400
2001-09-19,17.110692977905273,17.80796217667897,16.558895818650694,17.55714580799335,13595900
2001-09-20,15.83153247833252,16.925093201223568,15.70110782251595,16.629129743176108,12567200
2001-09-21,15.460317611694336,15.976999568653508,14.56741213639093,14.672754530169652,19319400
2001-09-24,16.343198776245117,16.403394180987558,15.851597867975405,15.876679127153304,13583500
2001-09-25,16.679292678833008,16.8699137023928,16.11746440861086,16.3281492923526,11045500
2001-09-26,16.34821128845215,16.930105197972722,16.07732914602609,16.920072313411342,8319900
2001-09-27,16.61408233642578,16.75454086000843,15.901764484455105,16.30307045131026,6552000
2001-09-28,17.130760192871094,17.56216277602551,16.699355696139488,16.854860633163305,10302300
2001-10-01,17.05552101135254,17.371550318835304,16.854867057552518,17.206010519913598,8583800
2001-10-02,17.552139282226562,17.682563018545054,16.965227684848333,17.256175739557438,10114000
2001-10-03,17.562265396118164,17.871264334006312,17.374840539434413,17.48628328617557,15753100
2001-10-04,17.303918838500977,17.83073650579131,17.24819747895146,17.805409142092618,11926300
2001-10-05,16.924001693725586,17.49640935843784,16.746708224827664,17.47614669560554,9235900
2001-10-08,16.43263816833496,16.766964282478195,16.235082091662143,16.463032154112838,7810600
2001-10-09,16.69098472595215,16.817623453869306,16.245215862624732,16.311068542200672,7750700
2001-10-10,16.913869857788086,17.157016007461273,16.48836361277155,16.56434762994922,8522700
2001-10-11,16.929065704345703,17.450818623098886,16.685919557314328,16.994918389693932,10665500
2001-10-12,16.660587310791016,16.761898658769525,16.214818539097525,16.71124395095689,8231000
2001-10-15,16.99492073059082,17.146886851873166,16.133777766362474,16.260415556646404,8377100
2001-10-16,17.19248390197754,17.476155527933777,16.94427292007633,17.222877911586913,8870300
2001-10-17,17.526809692382812,18.362626571330104,17.511613654263524,17.98271015950948,14314100
2001-10-18,17.29378890991211,17.729426557355215,17.222871512859353,17.55213306472332,6970300
2001-10-19,17.157018661499023,17.30898478700834,16.716316317815764,17.298855386681296,7393000
2001-10-22,17.886457443237305,18.073882249009362,17.16208365089613,17.16208365089613,7499100
2001-10-23,18.114404678344727,18.43860147876724,17.992832568995894,18.18532399654436,8313200
2001-10-24,18.347415924072266,18.438595944895468,18.099203215752837,18.21064589283747,7721100
2001-10-25,18.98567771911621,19.000873748002377,18.033353951059397,18.311960696329947,7579000
2001-10-26,19.02113914489746,19.289614598754977,18.74253429189414,18.985680450825434,6616600
2001-10-29,18.089078903198242,18.935026772845305,18.058686839372246,18.79319005635929,7740200
2001-10-30,17.987770080566406,18.27144162164479,17.501477666449986,17.881393977294866,9263400
2001-10-31,17.911779403686523,18.41833424233217,17.856058062258967,18.24103888939418,6379000
2001-11-01,18.4082088470459,18.534847597525754,17.810473790192667,18.281570096566046,8193300
2001-11-02,18.25623321533203,18.479116604332283,18.13465922801636,18.281560565753175,6018900
2001-11-05,18.418338775634766,18.783058967581223,18.37274875164146,18.489256161323503,6622200
2001-11-06,19.01607322692871,19.1984333175315,18.45379692502137,18.544976970322764,9947800
2001-11-07,19.547954559326172,19.730314640815056,19.01607227655271,19.10725231729715,8817300
2001-11-08,19.654333114624023,20.07477468148145,19.553021730724915,19.578351025965134,6771400
2001-11-09,19.78097915649414,19.90761794998303,19.259227945673384,19.654340363005247,4529500
2001-11-12,19.654333114624023,19.75564449852313,18.869173271025296,19.634070451373415,5311200
2001-11-13,19.932941436767578,20.25713830808274,19.740451899480956,20.186218974375066,7900400
2001-11-14,20.084909439086914,20.26220294188672,19.62900909995276,20.211548207473705,5773200
2001-11-15,20.03424835205078,20.15582239311441,19.83162752674984,20.064642345405147,5273100
2001-11-16,19.96332550048828,20.034242866543664,19.659393379578564,20.034242866543664,5616600
2001-11-19,20.312856674194336,20.38377600416981,20.044383116812455,20.059579149915834,4777500
2001-11-20,19.958269119262695,20.2520700342575,19.89748112386727,20.186217338756176,5442300
2001-11-21,19.674592971801758,20.05450915797273,19.47703686416943,19.958264419790066,4915600
2001-11-23,19.953195571899414,19.953195571899414,19.553016769824108,19.553016769824108,3129700
2001-11-26,20.003864288330078,20.01906032490552,19.735388737251466,19.953207612487603,6817800
2001-11-27,20.160884857177734,20.414162309987386,19.88734474437844,20.084902780747004,7612900
2001-11-28,18.995813369750977,20.079840810208115,18.843847249263778,20.003858716141547,18051800
2001-11-29,19.279489517211914,19.294685553210726,18.489262795246884,18.945163198756426,11981900
2001-11-30,19.107254028320312,19.42638226714959,19.0515326726141,19.406121537000484,7271300
2001-12-03,18.51457405090332,18.78304935811278,18.30182200268174,18.69186935677415,11064300
2001-12-04,18.853984832763672,18.975556996519792,18.36769038067507,18.742542072358304,8180500
2001-12-05,19.765777587890625,20.01398847154486,19.061666402324807,19.0971250999897,9551300
2001-12-06,20.454694747924805,20.743430990015842,19.831632229078128,19.88228696432578,10875900
2001-12-07,20.145687103271484,20.388833205265527,20.110228417502775,20.388833205265527,5674700
2001-12-10,19.593544006347656,20.1456889336526,19.456773949233188,20.1456889336526,6631800
2001-12-11,19.502361297607422,19.983588781032044,19.38078728603621,19.634064705485656,6604900
2001-12-12,19.4365234375,19.629014964012896,19.081934393614606,19.629014964012896,6770500
2001-12-13,18.788127899169922,19.19843820753569,18.64122646295022,18.945160668820733,8901400
2001-12-14,18.25623321533203,18.737460602745713,17.932038492294215,18.539902631813632,14055500
2001-12-17,18.590576171875,18.79319709186711,18.13974235437575,18.28664189335474,8043900
2001-12-18,18.83878517150879,18.91983391752047,18.600705567048898,18.71721301866853,8069500
2001-12-19,19.249082565307617,19.730310015910955,18.6665437673636,18.843839108298106,10382500
2001-12-20,18.499385833740234,18.97554676092277,18.31196105517474,18.666547951824683,19306500
2001-12-21,18.109350204467773,18.52472535526857,17.73956510350389,18.499397979215825,18511200
2001-12-24,18.25623321533203,18.26129791247507,18.0333478939788,18.114396574738254,3508600
2001-12-26,18.393007278442383,18.61589071654426,18.23597457947193,18.256237237213934,5315500
2001-12-27,18.398082733154297,18.661491640742405,18.230920539934733,18.362624027551526,6687800
2001-12-28,18.51457405090332,18.65641068207055,18.41326272359897,18.51457405090332,5924400
2001-12-31,18.41328239440918,18.504462493155017,18.317037593446308,18.463939078354038,6298000
2002-01-02,18.587135314941406,18.658724272656265,18.24453979500444,18.658724272656265,7929300
2002-01-03,19.083133697509766,19.175174692079718,18.582022699628705,18.663836700290926,10348200
2002-01-04,19.942176818847656,19.993309825322985,19.441065943112616,19.441065943112616,10432900
2002-01-07,19.89103889465332,20.28988170823148,19.89103889465332,19.967738385403678,9453000
2002-01-08,19.737638473510742,19.967740875656112,19.574010532118237,19.94217437555083,7604000
2002-01-09,19.79388999938965,20.24898042653697,19.630262024473744,19.865476994590445,6189600
2002-01-10,20.013769149780273,20.039335659841576,19.6149261311448,19.635380119433716,6870400
2002-01-11,19.604692459106445,20.090463787202992,19.28766355101566,20.07000980588126,7788900
2002-01-14,19.07801628112793,19.328570740485443,18.945067345036925,19.25187123175522,7333000
2002-01-15,19.364355087280273,19.579117901592618,19.078007268994774,19.078007268994774,8475900
2002-01-16,18.668947219848633,19.18028515680049,18.459298743722346,19.17517263569472,15076200
2002-01-17,18.84280014038086,19.021769569145196,18.663832662215736,18.919501602794035,11503100
2002-01-18,18.362140655517578,18.66383004105447,18.152492231710514,18.484862588023663,11283800
2002-01-22,18.28544044494629,18.500203353758597,18.21385345887521,18.40816238578176,7824300
2002-01-23,18.280330657958984,18.587132630020644,17.891714696640918,18.075794709518295,8666100
2002-01-24,18.35702896118164,18.65871836028515,18.35702896118164,18.535996422260403,7715600
2002-01-25,17.891704559326172,18.41838169484021,17.768982669675253,18.12691940134232,13942200
2002-01-28,17.54399871826172,18.01442850697471,17.1042479458395,17.973522501720783,13716200
2002-01-29,16.38837432861328,17.717853635281575,16.20940689819577,17.416164287864415,17854300
2002-01-30,16.904830932617188,17.129818896504823,15.54467128117132,16.117370133111667,22844200
2002-01-31,17.411052703857422,17.436619205211887,16.884375363679165,16.93039584635681,12247600
2002-02-01,16.444625854492188,17.411054118654263,16.388378376582363,17.411054118654263,13705300
2002-02-04,15.626482009887695,16.541776112892972,15.62136851514137,16.44973515805793,12660000
2002-02-05,14.839017868041992,15.631590783665075,14.470854159892657,15.631590783665075,28714800
2002-02-06,15.053786277770996,15.36570169686552,14.777663376117335,14.966858805987384,19514500
2002-02-07,15.375926971435547,15.78499778282028,15.110031090330384,15.34013348269051,17090600
2002-02-08,15.912833213806152,16.0560071776514,15.462855390950992,15.462855390950992,15573300
2002-02-11,16.280996322631836,16.337243795120475,15.718524523643898,15.963966444013344,12952700
2002-02-12,16.10202980041504,16.20429776701917,15.877040859065717,16.158277279577273,7807600
2002-02-13,15.467979431152344,16.45997476518204,15.340144890399017,16.10715213491897,20457300
2002-02-14,15.447509765625,15.74408653559593,15.033326546840092,15.34012932846931,17197200
2002-02-15,15.365708351135254,15.544676867640812,14.982204805180464,15.447522362914945,16647400
2002-02-19,14.844132423400879,15.212295182594628,14.80322545015713,14.982192848536553,13378500
2002-02-20,15.038444519042969,15.28899992232539,14.516879732471672,15.237865947608693,14369600
2002-02-21,14.900386810302734,15.41683823116926,14.777665825438365,14.971974782948385,9669400
2002-02-22,14.414607048034668,14.547554939511395,13.65271415000575,14.547554939511395,25756700
2002-02-25,14.828797340393066,14.85436384223945,14.189625041238193,14.215191543084577,11513000
2002-02-26,14.80833911895752,14.946400530119027,14.578237742320926,14.82879309481815,10028100
2002-02-27,14.80833911895752,15.110028435807072,14.57312424835577,14.925947529557646,10123500
2002-02-28,14.956636428833008,15.084470928224743,14.762328418889496,14.833915426452922,8056800
2002-03-01,15.166280746459961,15.212301231571033,14.85436434188483,15.135600748152434,9530300
2002-03-04,16.618478775024414,16.695180226533335,15.34013425386869,15.467968705984264,16655600
2002-03-05,16.623592376708984,17.324126624324332,16.521326368840207,16.628706847461864,16766900
2002-03-06,17.411052703857422,17.600247154599288,16.96107486774256,17.129817287760268,15044900
2002-03-07,17.411052703857422,17.82012257732592,17.232085243777146,17.615588615891184,12092200
2002-03-08,17.76388168334961,17.88660170206801,17.47241725004448,17.768994204713074,11721000
2002-03-11,18.561561584472656,18.658717013990174,17.912162350187774,18.152491738237778,16507800
2002-03-12,18.535993576049805,18.638261516933966,18.080903287243967,18.40815913759429,13336300
2002-03-13,18.086021423339844,18.587132343639354,17.866145964863616,18.408164854460722,10128600
2002-03-14,17.95307159423828,18.121812064492637,17.743423161134974,17.901936640677093,8074400
2002-03-15,18.413270950317383,18.44395191658496,17.82011925666808,17.95818067897421,11626800
2002-03-18,18.0706729888916,18.61269161090101,17.932611586570385,18.413268284927,8641100
2002-03-19,18.45418930053711,18.45418930053711,18.183180772943718,18.28033429495273,7615100
2002-03-20,17.993976593017578,18.25987248476269,17.973524563344046,18.254759964994033,8460200
2002-03-21,17.789438247680664,18.029765629419238,17.48774894028257,17.993972148083742,6479800
2002-03-22,17.999088287353516,18.172943191657563,17.64115149018653,17.794552417372778,7176700
2002-03-25,17.871259689331055,18.469524085806704,17.871259689331055,17.999094162143724,8444900
2002-03-26,17.973529815673828,18.449074267680636,17.94796135756204,17.999096323186123,9780000
2002-03-27,18.152488708496094,18.403045044707717,17.97352129020105,17.999087785586262,6541200
2002-03-28,18.229188919067383,18.520651238170473,18.02976558704035,18.331454893729326,6425000
2002-04-01,18.208736419677734,18.38259132153144,17.896820100122678,18.22919039650725,4588500
2002-04-02,18.05533790588379,18.25475933010716,17.99909043739025,18.091131394816248,5126800
2002-04-03,18.075984954833984,18.256694363864344,17.853973801873135,18.1689207721494,5978700
2002-04-04,17.78169822692871,18.174094544499724,17.616479346761256,17.993385040241037,6825900
2002-04-05,17.998537063598633,18.210223733722366,17.874622002509167,17.874622002509167,5999500
2002-04-08,18.060497283935547,18.168921753471857,17.68359176871636,17.833321923540876,5735300
2002-04-09,18.16892433166504,18.303165858337255,17.99337908340705,18.07082626953054,5537600
2002-04-10,18.09147834777832,18.272185814983647,17.812670853035527,18.16892356105331,9663300
2002-04-11,17.275711059570312,18.0605015388661,17.08983937111027,17.967565694636075,12118300
2002-04-12,17.699081420898438,17.74038710853204,17.34799095426719,17.39962306380919,6738500
2002-04-15,17.76104164123535,18.380611258145137,17.68359445433974,18.32898111325725,11163000
2002-04-16,18.26702880859375,18.32898539083125,17.724904282496098,18.04501558854812,14282300
2002-04-17,19.24285125732422,19.402907877730367,18.46322297321262,18.56132301811743,19356200
2002-04-18,19.23768424987793,19.449370990680976,18.778169273712567,19.10860692086232,10163900
2002-04-19,19.495845794677734,19.593945859903535,19.258343898088462,19.361606191690363,6647600
2002-04-22,18.896923065185547,19.30480795984482,18.80398721654004,19.242851383935825,8053500
2002-04-23,18.896923065185547,19.0260004139083,18.690400488967562,18.938228762167565,7383300
2002-04-24,18.530344009399414,18.94855533150653,18.52001758507484,18.94855533150653,7354700
2002-04-25,18.086322784423828,18.354803984963304,17.755884989779744,18.27735873472369,10939400
2002-04-26,18.065670013427734,18.50969452264795,17.95208129479044,18.458064361211587,7525800
2002-04-29,17.730056762695312,18.303160249611764,17.55451156823048,18.27734518533582,8569000
2002-04-30,18.122453689575195,18.561317729028104,17.735221756297406,17.91593117356512,9882800
2002-05-01,18.328977584838867,18.509685026723186,17.76103822214809,18.297998322131527,6543700
2002-05-02,18.71622085571289,18.731709511677636,18.3238264712774,18.32898870007745,7680200
2002-05-03,18.42191505432129,18.798820588002584,18.081151012255763,18.742026252731065,7122800
2002-05-06,17.76104164123535,18.561320704380307,17.678432227676463,18.561320704380307,6321700
2002-05-07,17.87979507446289,18.34963654970621,17.87979507446289,18.039849727950713,8673800
2002-05-08,19.05698013305664,19.180895257341387,18.58713865148229,18.8452933549751,10199300
2002-05-09,18.468395233154297,18.886606731893302,18.328991400241296,18.71622361292245,8214200
2002-05-10,18.11213493347168,18.587138642272322,18.070829235542536,18.556159368825465,5472400
2002-05-13,18.762676239013672,18.814306370726694,18.122451970130466,18.251529268976306,5811000
2002-05-14,19.40807342529297,19.480356437337758,18.96404695751572,19.051820593258935,8431300
2002-05-15,19.082794189453125,19.58877714490484,19.05181688721084,19.227362154985027,8716400
2002-05-16,19.53199005126953,19.619761724118042,19.015680532213793,19.129267287102188,5798700
2002-05-17,19.67138671875,20.006988605769145,19.413232027062655,19.619756568238127,7433100
2002-05-20,19.3409481048584,19.583614133716022,19.248012262724156,19.51649336560487,4149000
2002-05-21,19.371925354003906,19.955355419952735,19.25833667667838,19.578447894202327,6318700
2002-05-22,19.39257049560547,19.45968926048751,19.020827313526244,19.371917658920424,5234100
2002-05-23,19.810794830322266,19.960525057011004,19.382258972377073,19.392585398655374,6222500
2002-05-24,19.516490936279297,19.986332315445818,19.366760768193657,19.619753189081933,4945900
2002-05-28,19.206710815429688,19.568127803295788,19.077633460446375,19.490680602480147,4890600
2002-05-29,19.087961196899414,19.36160457800803,18.948557407590044,19.155080008016903,5388600
2002-05-30,18.59229278564453,18.989851092312424,18.096636443394903,18.845285151547092,9332200
2002-05-31,18.56133270263672,18.974380037429658,18.520026984374898,18.59231002176803,7764000
2002-06-03,17.89528465270996,18.71621672004051,17.84881672551902,18.587139363350577,7325800
2002-06-04,17.890117645263672,18.406426934078628,17.59582150820424,18.024357193747562,9405000
2002-06-05,17.915937423706055,18.14827705863926,17.66810913629869,17.8901223463944,7263200
2002-06-06,17.39446449279785,18.019200418109158,17.244736250618466,18.00370979545567,7494700
2002-06-07,17.39446449279785,17.54935890194737,16.780056962298357,16.909134323546805,9275100
2002-06-10,17.492557525634766,17.60614421863135,17.131140665313875,17.3738066373054,5536800
2002-06-11,17.002073287963867,17.85398481569732,16.92979026758689,17.5441979103558,6525300
2002-06-12,17.125986099243164,17.19827108760107,16.382501087928453,16.960767207839897,9581500
2002-06-13,16.862655639648438,17.270540313738543,16.780046259920578,17.100157360170662,6041300
2002-06-14,17.038204193115234,17.291196576529977,16.134663061662156,16.70260241360732,9795700
2002-06-17,18.318655014038086,18.32381921035639,17.33250426057045,17.34799291039773,10245100
2002-06-18,18.081157684326172,18.427084080173042,17.957242546229732,18.31865956531635,7572900
2002-06-19,17.869468688964844,18.148276238281735,17.683596989420252,17.915936613850995,6437800
2002-06-20,17.234403610229492,17.864299566662584,17.043367766387675,17.864299566662584,8559200
2002-06-21,17.033048629760742,17.37381276812521,16.929786351863964,16.934948579454943,12353700
2002-06-24,17.13114356994629,17.50288691439942,16.34118994776528,16.65097573988226,10176300
2002-06-25,17.002073287963867,17.735231888432754,16.88332233026389,17.193107266040823,6963000
2002-06-26,16.258583068847656,16.511574559490594,15.56672838636205,15.876514226767581,19122800
2002-06-27,16.893644332885742,17.038210335777286,16.212115092237738,16.54771600795573,9726800
2002-06-28,17.513212203979492,17.513212203979492,16.805868946063594,16.85750106279416,7830000
2002-07-01,16.191463470458984,17.389301148364606,16.18630025816673,17.342833222516365,10082100
2002-07-02,16.30108070373535,16.462891702081713,15.659059503048642,16.191467765090582,12179600
2002-07-03,16.154926300048828,16.259319408046185,15.659055801439527,16.02965297753047,8979400
2002-07-05,17.01095199584961,17.06836884437503,16.2593171433132,16.442006301332054,4612400
2002-07-08,16.849143981933594,17.198863942202465,16.59859931947254,17.01095494756868,7585700
2002-07-09,16.321950912475586,17.094463849003866,16.311511306301398,16.838698475614496,7100300
2002-07-10,15.737350463867188,16.57250028357182,15.690373218062955,16.494205205756742,8858000
2002-07-11,15.956575393676758,16.128824942747404,15.267577197394177,15.6590535357889,11589300
2002-07-12,15.768669128417969,16.154926724440685,15.492026439160378,16.050532618124926,7531200
2002-07-15,15.700815200805664,15.706035006192556,14.84478702887701,15.450270515691338,11558500
2002-07-16,14.876100540161133,15.392849176297636,14.839562908652864,15.084887717048236,14886800
2002-07-17,14.688199043273926,15.580766046715524,14.369798810147342,15.142312254775142,16035100
2002-07-18,14.197539329528809,14.719507672591257,14.04616803216441,14.406326467638667,9790100
2002-07-19,13.623380661010742,14.197546320205849,13.492888510992584,13.858265933697766,12270800
2002-07-22,12.798664093017578,13.910456232826837,12.746467059261022,13.550297795039777,16705900
2002-07-23,10.48112678527832,12.537682825538527,10.33497525600307,12.344554054552512,44908600
2002-07-24,12.161860466003418,12.370648573437771,9.51026165645705,9.922617073506867,46819400
2002-07-25,11.66598892211914,13.3101884759107,10.961331686044106,12.396744168740357,33168200
2002-07-26,11.613798141479492,12.161864621835837,10.987435596292968,12.109668572716812,18050500
2002-07-29,13.101411819458008,13.164047492789631,12.13576972800677,12.39675402323272,18354600
2002-07-30,12.991792678833008,13.310193709688198,12.42284706414538,12.840422366108456,16052300
2002-07-31,13.028331756591797,13.101408015026664,12.58465938000363,12.944816886016909,13790900
2002-08-01,13.059652328491211,13.195364260241847,12.657736337796162,13.02833350115004,12536300
2002-08-02,12.44895076751709,12.997017375442725,12.151428837753112,12.803889559367466,13448400
2002-08-05,11.66598892211914,12.214055108191232,11.535496878237664,11.94263141797969,14479200
2002-08-06,12.344557762145996,12.856086774879433,12.1357705115993,12.266262667638003,14504500
2002-08-07,12.548125267028809,12.814328369393904,12.099231965138687,12.746472891366267,10715900
2002-08-08,13.769529342651367,13.779968952158745,12.955258717019177,13.205803371740473,16995400
2002-08-09,13.753873825073242,13.988759115077867,13.190147735255506,13.362397346156031,12011100
2002-08-12,13.28931713104248,13.472006299643972,13.054431910477026,13.4667864953324,9748200
2002-08-13,12.73603630065918,13.456353676611776,12.683839230643205,13.023119687958895,11024300
2002-08-14,13.122285842895508,13.122285842895508,12.198402490311956,12.736029329130908,15345800
2002-08-15,12.93960189819336,13.351956568958915,12.584663095665388,13.111851494058277,13570400
2002-08-16,12.976140975952148,13.080534108754202,12.626421940134072,12.93960332969262,9678900
2002-08-19,14.202766418457031,14.27584270608782,12.965701281591212,13.038776573645814,13035800
2002-08-20,13.853041648864746,14.150563474028676,13.72776835825032,14.098366435535283,9419200
2002-08-21,14.03051471710205,14.098371188693465,13.560743203433033,13.832167098646613,9146800
2002-08-22,13.931339263916016,14.067051190659017,13.39371136130827,13.779967924080248,11966500
2002-08-23,13.419807434082031,13.795625328994964,13.257997504647708,13.727768877713133,9148500
2002-08-26,13.826950073242188,13.962662048132435,13.388496306850994,13.440693373435895,8705300
2002-08-27,13.962657928466797,14.301937267800332,13.675575640317483,14.093150058639383,9691100
2002-08-28,13.717331886291504,13.962656711221547,13.592059571716003,13.779967545791326,7982600
2002-08-29,13.884360313415527,13.983534592993172,13.393709714825654,13.518982017440475,6932700
2002-08-30,13.779966354370117,14.218419915263437,13.623376223583547,13.701671288976831,7594200
2002-09-03,12.918723106384277,13.393714462164843,12.918723106384277,13.388494656592119,11007600
2002-09-04,13.252779960632324,13.44068894012713,12.657736186333317,12.923940242092321,9968900
2002-09-05,12.579437255859375,13.01789074329236,12.522020419588797,12.85607984027084,11126100
2002-09-06,12.480269432067871,13.117070780238931,12.475049626479242,13.0700945210935,11131700
2002-09-09,12.313241958618164,12.475051980089157,11.525069086404294,12.109674480136068,23679300
2002-09-10,12.083569526672363,12.490705279728223,11.869562539900594,12.475045867680599,11271200
2002-09-11,11.994832992553711,12.532460776045225,11.953075562467278,12.532460776045225,6951000
2002-09-12,11.488526344299316,11.953077972107538,11.410231271550586,11.942638363587477,11703100
2002-09-13,11.504183769226074,11.744288750243612,11.352812458568826,11.488524359151834,10826400
2002-09-16,11.331937789916992,11.431112102343924,11.097052518054582,11.274521921102318,10109200
2002-09-17,11.248419761657715,11.692093145733658,11.138806864426147,11.587700052500141,10284400
2002-09-18,10.669037818908691,10.74733290506854,9.813008689576394,9.948720636855612,46143600
2002-09-19,10.371511459350586,10.616836223238774,10.17838273353285,10.439366906187537,18650600
2002-09-20,10.533326148986816,10.700355936012897,10.387174587550966,10.502008312813443,16576500
2002-09-23,10.04788875579834,10.334970893448123,9.92261649597432,10.209698633624104,13813500
2002-09-24,9.729493141174316,10.073992293472482,9.656417865103787,10.053114069842033,18935000
2002-09-25,9.85998821258545,10.073995295341657,9.562466219269561,9.933064506007366,16291400
2002-09-26,10.058333396911621,10.293218628371882,9.813007560768071,9.859984806175307,16468700
2002-09-27,9.572901725769043,10.30887718162098,9.5311442884007,10.058332557410925,14082400
2002-09-30,9.912181854248047,10.178385912979703,9.322357877856987,9.578122327483264,19837400
2002-10-01,10.303654670715332,10.491563587296799,9.802565553932185,9.995693277684847,15851400
2002-10-02,9.692870140075684,10.510789531297831,9.60789163358815,10.165563209040556,15141200
2002-10-03,9.358269691467285,9.910630119040244,9.347647122296433,9.698183800742953,21175900
2002-10-04,8.784661293029785,9.629135009341745,8.784661293029785,9.363576943840583,21502400
2002-10-07,8.90682315826416,9.161758812530497,8.577530511735297,8.789976890290577,19884300
2002-10-08,8.816527366638184,9.241419836803868,8.412879013469004,9.161752625275746,22978300
2002-10-09,8.205743789672852,8.821838902102707,8.104831951742876,8.524413151434716,27852900
2002-10-10,8.47130298614502,8.68374976246461,8.147322298060267,8.211056179002586,22442500
2002-10-11,9.129888534545898,9.480425175179004,8.710306214774361,8.731551350824292,19016500
2002-10-14,8.965241432189941,9.310467788855922,8.92275217471127,9.03428710873266,10441300
2002-10-15,9.884078025817871,9.942500149813664,9.565407934927679,9.719431187492958,20045700
2002-10-16,9.714119911193848,9.815031302687894,9.56009566150685,9.639762922747902,15243300
2002-10-17,9.979673385620117,10.489544425893165,9.836271775659432,10.409877202478464,13722500
2002-10-18,10.075281143188477,10.351462007510777,9.714122720256793,9.974369722513563,10505200
2002-10-21,10.765731811523438,10.962244351299718,9.852210773565567,9.921256486586463,18375700
2002-10-22,10.574525833129883,10.818839866708936,10.526725283364938,10.611703813386178,11149300
2002-10-23,10.500171661376953,10.542660933625845,10.043411224933248,10.462993674787192,13235400
2002-10-24,10.462987899780273,11.089704066281747,10.436431486142329,10.749790075904867,15584100
2002-10-25,10.818841934204102,10.834774778487882,10.362081488284417,10.367392774053735,9805800
2002-10-28,11.286226272583008,11.47742854772163,11.126891718650414,11.153447139964385,15491700
2002-10-29,10.866639137268066,11.1534424288324,10.569214289479245,11.047218762395842,13296300
2002-10-30,11.179999351501465,11.259667618619396,10.802907209379402,10.88788574881604,9994100
2002-10-31,11.02066421508789,11.249044406689222,10.845395860862876,11.179998714192799,9821000
2002-11-01,11.429622650146484,11.567713005251427,10.893195082900949,11.02066286922307,9145800
2002-11-04,11.689875602722168,12.24754758530054,11.684564315561252,11.870455314095523,13636400
2002-11-05,11.934183120727539,11.997917523656568,11.573024880876261,11.588957721840544,10929600
2002-11-06,11.716428756713867,12.205055937630657,11.280913424097124,12.189123092257617,17198700
2002-11-07,10.940999984741211,11.318092209427245,10.627641172074972,11.259670083913152,19726200
2002-11-08,10.72855281829834,11.222490271524926,10.622329121869942,10.94099919813089,12928700
2002-11-11,10.845396041870117,11.047219811639662,10.622327131585852,10.739172365344636,8165400
2002-11-12,10.909132957458496,11.100334200911348,10.781664111124208,10.786975397473494,9326300
2002-11-13,11.126888275146484,11.206555527457684,10.675439161350912,10.887885505188807,10768000
2002-11-14,11.642069816589355,11.65800367093502,11.376511655638891,11.376511655638891,10599200
2002-11-15,11.7323579788208,11.870448324621893,11.397754175873272,11.64737946033149,12308100
2002-11-18,11.626133918762207,11.897003316884874,11.52522256471511,11.812024801358996,9986300
2002-11-19,11.658007621765137,11.737674894444249,11.488049490218879,11.503983349964434,8207300
2002-11-20,12.598079681396484,12.64056894963129,11.76422715914839,11.843894410460644,19718200
2002-11-21,13.219487190246582,13.219487190246582,12.61932608952128,12.773349322458644,20578600
2002-11-22,13.272598266601562,13.42662250365616,12.911438964703706,12.911438964703706,14654500
2002-11-25,13.251358985900879,13.394759691624985,13.017667408646647,13.277914409510108,10104600
2002-11-26,12.847704887390137,13.256663710087246,12.799904334486415,13.22479701249278,9448600
2002-11-27,13.378825187683105,13.384136474352829,12.959242657993993,13.038909931991165,11766600
2002-11-29,13.368203163146973,13.649695290052353,13.336336454844755,13.490359722492473,4637400
2002-12-02,13.394755363464355,13.883382496368382,13.171686432942426,13.803715238258581,12493900
2002-12-03,13.070778846740723,13.33633712635415,12.959243842530373,13.331025839198949,12677900
2002-12-04,13.118576049804688,13.384134261233738,12.773349564527578,13.076086776497009,9266800
2002-12-05,12.53965950012207,13.123886774986465,12.502481511324252,13.118576502036106,11451300
2002-12-06,12.975170135498047,13.118571765968095,12.10945008164451,12.19442860051035,13236200
2002-12-09,12.353768348693848,12.7467943874094,12.263478514595397,12.672438410983924,9414800
2002-12-10,12.826459884643555,12.853016310444014,12.359077933820164,12.359077933820164,8975700
2002-12-11,12.79459285736084,12.906126803779578,12.587457806569445,12.672436340895352,6803600
2002-12-12,12.826459884643555,13.145129903080624,12.677747952257233,12.794593186707067,8396500
2002-12-13,12.544965744018555,12.773344870989808,12.486542634803868,12.720234058638798,8218200
2002-12-16,13.171684265136719,13.187618119345933,12.507788868445877,12.640567947784044,7942600
2002-12-17,13.288528442382812,13.591264534238912,13.097326273621562,13.17168222235146,11435100
2002-12-18,12.746788024902344,13.054835361649868,12.693676205527177,12.98579070557874,14182700
2002-12-19,12.39094352722168,12.847703880033102,12.141319225093378,12.752102781721504,13923400
2002-12-20,13.208858489990234,13.208858489990234,12.566207451213353,12.640563384633106,15517500
2002-12-23,13.123886108398438,13.27259906906051,12.90612845962222,12.959240303646114,9285700
2002-12-24,12.853019714355469,13.070777398468472,12.762729868770249,13.065466111901772,3772400
2002-12-26,12.985795974731445,13.214175168572151,12.847705593533556,12.853016878928564,5838500
2002-12-27,12.64056396484375,12.991100542803332,12.57151931107387,12.985790272764133,7220200
2002-12-30,12.741480827331543,12.79990394868049,12.539657064617767,12.752103397217537,7389700
2002-12-31,12.746788024902344,12.826455247453243,12.582142296560656,12.741476741662456,6215300
2003-01-02,13.705768585205078,13.738093222712115,13.360968683997141,13.603406034254153,16739100
2003-01-03,13.975136756896973,14.002073771595343,13.576462979389879,13.738087122742588,12525700
2003-01-06,15.07418155670166,15.138831823576405,13.985909428641564,14.007459860126856,22932400
2003-01-07,14.998762130737305,15.241199428330198,14.880237800570486,15.074186611063325,17837500
2003-01-08,14.422308921813965,14.680908158350547,14.282234078461146,14.680908158350547,15857300
2003-01-09,14.707842826843262,14.756330304339512,14.46540646694387,14.46540646694387,11205600
2003-01-10,14.59470272064209,14.91795215403074,14.411528075974575,14.465403152802953,8725900
2003-01-13,14.697061538696289,14.91794837288254,14.659348275168206,14.761710792438851,9290600
2003-01-14,14.864069938659668,14.95026960915461,14.62163272315444,14.815582495558623,8216900
2003-01-15,14.589313507080078,14.89101246555307,14.44923873375081,14.842525004493652,8147800
2003-01-16,14.427690505981445,14.718614268631852,14.282228110865447,14.589314704389272,7734500
2003-01-17,14.109830856323242,14.460017358313202,14.023631133605154,14.196030579041333,9809500
2003-01-21,13.694987297058105,14.330710709387183,13.614175225296886,14.287610869275783,10367800
2003-01-22,13.30709171295166,13.694990360730094,13.253216643864844,13.694990360730094,16066100
2003-01-23,13.538751602172852,13.608789494254326,13.199340442919308,13.52258980213973,8020000
2003-01-24,12.827608108520508,13.538756330627432,12.69292091410384,13.38790733053308,11709500
2003-01-27,12.54745101928711,12.983836945651966,12.423538103461146,12.795274795776939,8787500
2003-01-28,12.665977478027344,12.903027107990654,12.520515135032957,12.714464925692141,10567800
2003-01-29,12.660589218139648,12.746788892311978,12.261915468197333,12.498965085961824,9989200
2003-01-30,12.412768363952637,12.849154446684613,12.299630622455359,12.660592229243429,9122100
2003-01-31,12.574389457702637,12.65520152323715,12.229590763378758,12.256527776029873,9560900
2003-02-03,12.703695297241211,12.859932925684822,12.574395722450813,12.660595438977746,7833000
2003-02-04,12.41815185546875,12.709076523280839,12.256527725071699,12.709076523280839,8152200
2003-02-05,12.35888957977295,12.7629509123378,12.27268991103227,12.525901309510378,8414600
2003-02-06,12.01948356628418,12.24575806810833,11.960221906279454,12.21343343287106,8906400
2003-02-07,11.841693878173828,12.197267868868298,11.74471896660599,12.175718459398444,9526700
2003-02-10,11.90633487701416,12.014083895501983,11.723160415246204,11.85245985397995,9080900
2003-02-11,11.852469444274902,12.094906730304006,11.820144815331497,12.094906730304006,12582400
2003-02-12,11.588484764099121,11.970995851285819,11.588484764099121,11.852471506153659,9567700
2003-02-13,11.469958305358887,11.59925784738067,11.238296240560162,11.583095019284917,10872500
2003-02-14,11.771661758422852,11.825536845188214,11.405312401516563,11.475349295004266,8881000
2003-02-18,12.121844291687012,12.315794129180075,11.890182214143957,11.895569823805594,9225300
2003-02-19,12.121844291687012,12.20265638144863,12.014094153617204,12.121844291687012,8084700
2003-02-20,12.224206924438477,12.28346857605939,12.057194106246541,12.175719464651332,7140000
2003-02-21,12.326566696166992,12.445092037937345,11.93328049093944,12.170330146898806,8525100
2003-02-24,12.014092445373535,12.331954177144148,11.954830802684683,12.331954177144148,7695700
2003-02-25,12.148778915405273,12.148778915405272,11.70161767753099,11.852467635549054,10674500
2003-02-26,12.035646438598633,12.175721228545044,11.906346869628479,12.041034049086761,6608100
2003-02-27,12.208045959472656,12.39122060717658,11.96560862351698,12.067971168429558,8760600
2003-02-28,12.218814849853516,12.39121418717515,12.12722757345376,12.19726441889776,7684900
2003-03-03,12.310401916503906,12.569000918080247,12.208039426370362,12.472026035593846,8083200
2003-03-04,12.067964553833008,12.337338767211337,12.067964553833006,12.310401756905934,7706700
2003-03-05,12.288860321044922,12.28886032104492,12.041036356588748,12.073360998130461,7670600
2003-03-06,11.852469444274902,12.138006578089021,11.830919006591682,12.07874390204159,10613600
2003-03-07,12.008708953857422,12.283469885158313,11.620809234220225,11.685459530020289,9272100
2003-03-10,11.55077075958252,11.954832226648508,11.502283301328086,11.782432831780051,8585100
2003-03-11,11.179033279418945,11.744718889754576,11.135933433179863,11.61003174180977,12601900
2003-03-12,11.179033279418945,11.313720427363751,10.845008700380014,11.04434613147414,16405900
2003-03-13,11.701622009277344,11.728560062242556,11.35143554138279,11.448410476894253,12988100
2003-03-14,11.453801155090332,11.906350290292917,11.399926062312515,11.728563203433467,13848700
2003-03-17,12.154172897338867,12.213435595418451,11.31911265070999,11.448412242134872,15267800
2003-03-18,12.288860321044922,12.391222884772475,12.094911444212821,12.326572574107223,9193900
2003-03-19,12.56900405883789,12.5797792768247,12.229592912904119,12.310404992642507,11398700
2003-03-20,12.676759719848633,12.746796612187335,12.256535283071036,12.272698117110027,10698200
2003-03-21,13.280156135559082,13.414843319545648,12.800670089393039,12.87070697293012,18484800
2003-03-24,12.73062515258789,12.95151295779901,12.633651296803402,12.795275417358651,10964200
2003-03-25,13.005395889282227,13.177795343336193,12.698309233300876,12.698309233300876,9397300
2003-03-26,13.021552085876465,13.11852698624558,12.865314518041497,12.876089735322795,6461300
2003-03-27,12.99461841583252,13.156242606338418,12.757568712519866,12.93535573310897,7552700
2003-03-28,13.172406196594238,13.24783068617216,12.865318572780698,12.994619165745137,7736700
2003-03-31,12.773724555969238,12.983837138705432,12.74139993846408,12.79527498602672,9251900
2003-04-01,13.053879737854004,13.145467050825218,12.795280628611112,13.010779886313522,9689000
2003-04-02,13.720503807067871,13.835250647687221,13.452760136750411,13.551114124907441,13884500
2003-04-03,13.627619743347168,13.928148223751846,13.605762596012788,13.87897068445564,10313700
2003-04-04,13.977316856384277,14.0155657976402,13.709573225387345,13.846177182561625,10113600
2003-04-07,14.010103225708008,14.605696635119676,13.988247131837118,14.458164093220137,12796300
2003-04-08,14.201355934143066,14.261462045506386,13.906291748426831,14.124858004921471,8949700
2003-04-09,14.059285163879395,14.43084825645924,13.977322962211709,14.234138138692042,10140100
2003-04-10,14.053823471069336,14.152178548099434,13.88443475074313,14.059287757816135,7215900
2003-04-11,13.98279094696045,14.348889850649527,13.88990014924214,14.206821510479982,8002200
2003-04-14,14.50188159942627,14.53466626864669,14.14124606917826,14.195887879349524,10041200
2003-04-15,14.68220329284668,14.971803202766866,14.359817661564612,14.48549313350002,13327300
2003-04-16,14.480023384094238,15.135722973086473,14.34341938990467,15.04829650018161,18636300
2003-04-17,14.922621726989746,15.010048209816468,14.480025027403732,14.480025027403732,11055000
2003-04-21,14.999120712280273,15.157580821905722,14.840659560448938,14.922621757993541,8337900
2003-04-22,15.671215057373047,15.736784410518482,14.84612656114945,14.928088773684282,13899900
2003-04-23,16.086484909057617,16.223088888483908,15.654815833811822,15.70945763402347,15108200
2003-04-24,15.605648040771484,15.764109255892235,15.469043976235515,15.698538846344196,12139800
2003-04-25,15.27779483795166,15.714928377101078,15.108406125661878,15.709464090613526,11300700
2003-04-28,15.7422513961792,15.796893227973442,15.299654538837716,15.299654538837716,9481100
2003-04-29,15.922566413879395,15.982672524400185,15.643894049927683,15.6766797695969,12232300
2003-04-30,16.037303924560547,16.201228247536495,15.742238892557324,15.92255606471304,14738100
2003-05-01,15.999062538146973,16.152058367228996,15.676676980858538,16.037311495417477,10261200
2003-05-02,16.31598663330078,16.41980495179923,15.8952459461036,15.928030623408052,10634900
2003-05-05,16.589189529418945,16.911575041833245,16.392479442601875,16.392479442601875,13997200
2003-05-06,16.780433654785156,16.966215164821172,16.376085968884933,16.529082813092746,12208100
2003-05-07,16.840545654296875,16.933436441915635,16.479911077001955,16.63837226149529,10721500
2003-05-08,16.37061882019043,16.682076738789156,16.294120932572614,16.638363511263897,10890100
2003-05-09,16.436201095581055,16.490842930143558,16.16299296497485,16.436201095581055,8820500
2003-05-12,16.906103134155273,16.933423504025477,16.266796682462694,16.43618526850961,8801900
2003-05-13,16.785911560058594,16.966228931737305,16.589202363267823,16.90612383598212,7476000
2003-05-14,16.66023063659668,16.922510175433974,16.545483729182703,16.791370406015325,7515000
2003-05-15,16.96075439453125,17.130143075240163,16.80775752802282,16.829613627692087,10648700
2003-05-16,17.07550048828125,17.2121044921875,16.88425467437133,16.960753625258803,9273900
2003-05-19,16.62197494506836,17.075500188383593,16.518155612105357,17.075500188383593,8306200
2003-05-20,16.627439498901367,16.824149597756346,16.419800829619813,16.621975213688078,8688400
2003-05-21,16.693008422851562,16.720329848240084,16.354231085680436,16.447121847589774,8389500
2003-05-22,16.66023063659668,16.769514298882008,16.540019441847814,16.611053092788907,8651800
2003-05-23,16.88425636291504,16.944362464150686,16.594656512683514,16.6930105298792,5751600
2003-05-27,17.51263999938965,17.5618175441535,16.6656952479345,16.774978912344444,11224800
2003-05-28,17.785842895507812,17.938840814519875,17.523563428588172,17.59459810225763,12017300
2003-05-29,17.632841110229492,17.971618380119672,17.589126838289488,17.89512048863588,9548300
2003-05-30,17.955232620239258,18.069979496128116,17.71480821238232,17.807700029348478,10683100
2003-06-02,18.5344295501709,18.89506610791165,18.206580786930438,18.22297259976898,13337100
2003-06-03,18.479787826538086,18.785781518269893,18.43607563309725,18.534428589442,11581300
2003-06-04,18.95517349243164,19.031673496263462,18.250298317483047,18.38690234056477,13171500
2003-06-05,19.1792049407959,19.283025337416962,18.80217856912023,18.955174415409704,10380500
2003-06-06,19.19559669494629,19.955114681813928,19.13002526723104,19.545302638446916,11835400
2003-06-09,18.447010040283203,19.004354815785117,18.359583531444418,18.905999732789933,10274000
2003-06-10,18.621862411499023,18.763929685873407,18.50711344189085,18.578148121284084,10879300
2003-06-11,18.873207092285156,19.009811077461954,18.52896446600443,18.742066349374415,9252300
2003-06-12,18.960630416870117,19.190124073413184,18.70381430029102,19.119091513670455,9632500
2003-06-13,18.960630416870117,19.15187513065601,18.7639203773126,19.04259154374505,6746500
2003-06-16,19.643659591674805,19.643659591674805,19.04260061940667,19.09724348111034,9417400
2003-06-17,19.72014808654785,19.780254163482518,19.468797296103848,19.665507335376912,9515500
2003-06-18,19.16280746459961,19.57808475960963,19.015274905931165,19.452407255090563,11336300
2003-06-19,18.82402801513672,19.288480692504777,18.605460823192207,19.26116031461452,10874200
2003-06-20,19.015274047851562,19.2174473593874,18.895063960014465,19.04259442761402,14781400
2003-06-23,18.496185302734375,18.987960657115163,18.365046597840923,18.878677013429193,9876500
2003-06-24,18.7420597076416,18.81309433839577,18.304927526867203,18.441531463634867,8236100
2003-06-25,18.57267951965332,19.0262036855412,18.463395910052505,18.742067134343674,8978200
2003-06-26,18.796710968017578,18.796710968017578,18.304935741205625,18.578143737343023,6316400
2003-06-27,18.523508071899414,18.818571204813797,18.46886520698033,18.79671614325833,6674600
2003-06-30,18.676502227783203,18.83496339503151,18.381437037268146,18.714751187544937,7847900
2003-07-01,18.880699157714844,18.880699157714844,18.240488437805066,18.676494576933,10439900
2003-07-02,18.969009399414062,19.046275905689388,18.786881506815707,18.897263132360912,7459100
2003-07-03,18.836549758911133,18.952449497563364,18.59923004337331,18.65441979358275,4376600
2003-07-07,19.355350494384766,19.449175644278576,18.985574346583817,19.029725748321123,9773400
2003-07-08,19.537479400634766,19.559554047523736,19.261526313650407,19.355349352654702,6165500
2003-07-09,19.680967330932617,19.934843578619205,19.53747270126106,19.581624085254518,9640700
2003-07-10,19.32222557067871,19.664408761145477,19.16217445197771,19.565065525894358,7622500
2003-07-11,19.736160278320312,19.85206215392062,19.416055850210064,19.432612358715282,6973600
2003-07-14,20.586095809936523,20.729592565880434,19.747198338228795,20.13353300492183,12088000
2003-07-15,20.580577850341797,20.906202515773018,20.426042719140053,20.718554367806643,11553500
2003-07-16,20.0065975189209,21.115927930855282,19.86862098430765,21.115927930855282,14435700
2003-07-17,19.338790893554688,20.00659679151744,19.217370873796092,20.00659679151744,12002000
2003-07-18,19.498842239379883,19.592665259630465,19.23392547611513,19.443650369801997,7596000
2003-07-21,19.002126693725586,19.37742300032422,18.48885386574083,19.371902760470178,11938000
2003-07-22,19.283594131469727,19.349824364746855,18.90829789764957,19.0407562588496,9538500
2003-07-23,19.23944854736328,19.388463459123383,19.095951770695834,19.371904843135685,7764200
2003-07-24,19.084915161132812,19.5154012727703,19.05180003510115,19.509881032420946,8595200
2003-07-25,19.576114654541016,19.598189303674147,19.024208424464124,19.178741495171995,8693400
2003-07-28,19.58714485168457,19.76927273676391,19.405014861250923,19.57610647905032,8228700
2003-07-29,19.44917106628418,19.642337350957746,19.17873616238659,19.636819216547615,9207500
2003-07-30,19.349822998046875,19.636814339247895,19.333264388220034,19.59266085351509,5860400
2003-07-31,19.344301223754883,19.763750883496797,19.30566797948312,19.675446024396486,8761300
2003-08-01,18.411584854125977,19.36638200001091,18.339836483234524,19.360863866259727,20439300
2003-08-04,18.61579132080078,18.654424576924477,17.881757349095984,18.41158666623916,15744400
2003-08-05,18.08043098449707,18.599223723748622,18.06387448613059,18.571628858020055,12309200
2003-08-06,18.207378387451172,18.36191138118576,17.9369435430615,18.21289652064706,12232200
2003-08-07,18.130111694335938,18.25705193010378,17.947983804735497,18.080440068925935,9218200
2003-08-08,18.207378387451172,18.345354876243952,18.025248411674713,18.334316504498034,6296700
2003-08-11,18.334321975708008,18.58819828556186,18.1797868305039,18.207383820781082,6982000
2003-08-12,18.56612205505371,18.64338857714068,18.378473884833287,18.472299022620913,8519300
2003-08-13,18.45022201538086,18.670985308578146,18.28465059816029,18.654426693107734,6716000
2003-08-14,18.709613800048828,18.737208678325924,18.328797321620453,18.450217312464776,6993000
2003-08-15,18.577157974243164,18.764806119653883,18.4778147145931,18.764806119653883,3542300
2003-08-18,18.792404174804688,18.819999061510323,18.577161111003864,18.819999061510323,7126400
2003-08-19,18.869674682617188,18.991094736176464,18.67099019318657,18.847600031806238,8275200
2003-08-20,19.222888946533203,19.33326847348107,18.79240079108934,19.14010219596778,9319200
2003-08-21,19.095949172973633,19.554032221478682,18.97453126925852,19.34430732545501,8675600
2003-08-22,18.720653533935547,19.39949987632164,18.665463767160823,19.22289009621694,8131400
2003-08-25,18.621305465698242,18.698571952656323,18.36190902632137,18.610267095367963,6126200
2003-08-26,18.42262840270996,19.073877846740167,18.212903470220162,18.488856553102284,9840600
2003-08-27,18.35639762878418,18.433666258308126,18.24601808303116,18.295689720761974,6019800
2003-08-28,18.71513557434082,18.803440465218607,18.279129254539082,18.35639577088781,5600000
2003-08-29,18.886219024658203,18.930370398257523,18.6433791011238,18.742722323414466,5862800
2003-09-02,19.151138305664062,19.333266187880294,18.80895718079877,18.996603196568227,8424200
2003-09-03,19.23944854736328,19.338791821870014,19.06835688452282,19.151143648396722,7478400
2003-09-04,19.140106201171875,19.289121120159358,19.07939618543383,19.244967615857156,6254600
2003-09-05,18.869674682617188,19.145627818629837,18.853118168170138,19.035248248509056,6752900
2003-09-08,19.123538970947266,19.206323587080472,18.90829391615184,18.95244739570591,5748400
2003-09-09,18.908300399780273,19.129063662542464,18.880705518273626,19.04075877850849,5257900
2003-09-10,18.42262840270996,18.91382455338335,18.301208372528244,18.720656132152897,9825500
2003-09-11,18.588197708129883,18.84759425012307,18.49989281590843,18.626830966892097,6717500
2003-09-12,18.764808654785156,18.836557042082216,18.455740460190366,18.499893961713124,6251300
2003-09-15,18.74824333190918,18.88069956350764,18.610266862537703,18.764799834520524,5058200
2003-09-16,19.095949172973633,19.140102669127913,18.693057994661434,18.704096368700004,6846900
2003-09-17,19.129066467285156,19.228409739558607,19.051799945595768,19.09595134140907,7692500
2003-09-18,19.725128173828125,19.796874462733868,19.106991724643777,19.244968272261794,14752000
2003-09-19,19.58714485168457,19.758234364129663,19.377419982342452,19.59266298532454,12211800
2003-09-22,19.31119155883789,19.349824809794335,19.073871814188706,19.322227825950353,9198100
2003-09-23,19.565067291259766,19.57058542466983,19.101466186708254,19.311191047312423,8583700
2003-09-24,19.244962692260742,19.730640588555186,19.20081130460912,19.592664080942914,11445500
2003-09-25,19.029714584350586,19.449164234233745,19.002119711284188,19.316705896019627,8682300
2003-09-26,18.869674682617188,19.156666196712987,18.73169811461086,19.051804762956102,10336800
2003-09-29,19.123538970947266,19.206323587080472,18.831027432285996,18.985562505371465,6481500
2003-09-30,18.94693374633789,19.151138374206422,18.68753725596822,19.09594651170528,9570000
2003-10-01,19.52643585205078,19.581625612686153,19.0738730777066,19.151139584737887,11368400
2003-10-02,19.51529312133789,19.64346297930031,19.381549459325623,19.587737693502177,7329000
2003-10-03,19.598873138427734,19.94994824942865,19.50413976565588,19.883077508308368,11020900
2003-10-06,19.810640335083008,19.89980206500634,19.57101778732968,19.615599715183006,7475700
2003-10-07,20.111560821533203,20.150568943284213,19.59887930943207,19.8106392030684,11345300
2003-10-08,19.844078063964844,20.178434041348837,19.81621542014675,20.172862362898606,9122600
2003-10-09,19.89423179626465,20.144999843746234,19.7772074160344,20.08927242998173,9138000
2003-10-10,19.793916702270508,19.972240103804083,19.743763112727777,19.894223881355973,5649300
2003-10-13,20.30660629272461,20.32332558160935,19.816217751635588,19.816217751635588,7584400
2003-10-14,20.496068954467773,20.496068954467773,20.144995882805564,20.34003647817346,7239600
2003-10-15,20.395767211914062,20.607527147670265,20.20629824324454,20.585236180583586,7431100
2003-10-16,20.52950668334961,20.613096729910108,20.340037753491238,20.367900393750343,6902200
2003-10-17,20.25087547302246,20.574085917561156,20.150568270217974,20.40690795481472,5893700
2003-10-20,20.395767211914062,20.395767211914062,20.044694046325176,20.145001272431607,7403400
2003-10-21,20.43476104736328,20.56293295556397,20.25643768697381,20.39575294513947,7525900
2003-10-22,19.492996215820312,19.732618698132594,19.331389960161754,19.54314980806667,19397500
2003-10-23,19.50413703918457,19.727042312802432,19.336959146862295,19.336959146862295,10030800
2003-10-24,19.37596893310547,19.559863992891128,19.297952718300497,19.504138732539698,7625600
2003-10-27,19.476276397705078,19.660171460279347,19.387114704321274,19.6434543070769,9827700
2003-10-28,19.810640335083008,19.88865658304301,19.498575343243008,19.50414702133301,11744200
2003-10-29,20.022401809692383,20.089272580928768,19.704762989090188,19.81064188736309,7608300
2003-10-30,19.972238540649414,20.17285288311899,19.91093947758566,20.144990252394315,6897700
2003-10-31,20.005678176879883,20.15613683204542,19.95552458323044,20.005678176879883,6287600
2003-11-03,20.457054138183594,20.47934509200892,20.089261903195133,20.183997394061596,8157200
2003-11-04,20.395767211914062,20.484928954477155,20.217443726787877,20.22858921033122,6485500
2003-11-05,20.356754302978516,20.473780789815905,20.228584460997684,20.373473587259927,5912300
2003-11-06,20.23415756225586,20.36232739978938,20.122704882640566,20.36232739978938,9049600
2003-11-07,20.083696365356445,20.328890555021125,20.07255088503764,20.2508743185725,6347600
2003-11-10,20.000110626220703,20.11713500605587,19.866369085204358,20.066981396728877,4639500
2003-11-11,20.083696365356445,20.156138798754164,19.799491931684443,19.81063741200325,4123200
2003-11-12,20.000110626220703,20.21187054624396,19.927666051463163,20.11713500605587,7141100
2003-11-13,19.983388900756836,20.061405136161078,19.844073587311275,19.95552626322432,4597500
2003-11-14,19.760482788085938,20.044687207010533,19.559868404323378,19.894226419188612,7224800
2003-11-17,19.732620239257812,19.810636472004628,19.54315133439429,19.615595890137584,5762000
2003-11-18,19.442842483520508,19.81063478208353,19.398262693946393,19.738190232520026,6955200
2003-11-19,19.37040901184082,19.5821689793253,19.336974681984916,19.442853602835186,9797800
2003-11-20,19.29796600341797,19.621176562369435,19.197658765105885,19.35926510747356,7517200
2003-11-21,19.50413703918457,19.58215324721615,19.364821774618967,19.420547030132315,6834200
2003-11-24,19.65460968017578,19.704763290816917,19.49857716964049,19.598882265139235,7258700
2003-11-25,19.799495697021484,19.86079478754086,19.55987313905487,19.587737908042524,5539000
2003-11-26,19.788345336914062,19.86636369475181,19.615595716159124,19.67132098883177,3922400
2003-11-28,19.72704315185547,19.777196734263566,19.643453139247868,19.67131576818963,2447600
2003-12-01,19.871932983398438,19.894223940101615,19.70475505968988,19.844070350410785,6957000
2003-12-02,19.955528259277344,20.00568186216568,19.827358413181184,19.894229175104574,6301200
2003-12-03,19.949954986572266,20.05583599870004,19.855221581808728,19.955528790254384,7612400
2003-12-04,19.72146987915039,19.894221584470912,19.632308188677754,19.86635895478241,6089700
2003-12-05,19.48185157775879,19.688039757994634,19.420552503947203,19.598875922790267,6769400
2003-12-08,19.760482788085938,19.76605659084762,19.353682343582033,19.353682343582033,6070400
2003-12-09,19.40940284729004,19.78276671993881,19.33695831760366,19.760475768376516,7684300
2003-12-10,19.32024574279785,19.532005604530067,19.22551235447045,19.370399338319093,6405900
2003-12-11,19.492996215820312,19.57658624482515,19.253373733508035,19.403834510247098,7650900
2003-12-12,19.554302215576172,19.598882021267173,19.44842331699948,19.59331034272461,5457900
2003-12-15,19.649038314819336,19.816218454897566,19.56545037056401,19.782782001725163,8140500
2003-12-16,19.905372619628906,19.916518099772908,19.68246726831484,19.727049188890845,7330600
2003-12-17,19.871932983398438,19.92208657308927,19.660173146283526,19.91094109473768,7282300
2003-12-18,19.86636734008789,19.916520945009257,19.61002551172131,19.916520945009257,7733000
2003-12-19,19.93880844116211,19.93880844116211,19.69361423681236,19.92209128257419,12023200
2003-12-22,20.117136001586914,20.122709806112113,19.866370068325818,19.933240842143206,8872000
2003-12-23,20.156147003173828,20.22301991230681,20.055841891042103,20.094850025144403,7058300
2003-12-24,20.133846282958984,20.200717026863263,20.07811889155324,20.16170891577055,2007000
2003-12-26,20.18401336669922,20.23416698960414,20.128285938035948,20.21187601813883,1347300
2003-12-29,20.356754302978516,20.36232810633336,20.189576340646262,20.211867302499396,5532000
2003-12-30,20.395767211914062,20.44034914608742,20.351187403524328,20.36233288706767,5358700
2003-12-31,20.46820068359375,20.529499746922202,20.395756142770807,20.507208791933223,6141100
2004-01-02,20.597572326660156,20.850683291489464,20.546950133694292,20.56382562844598,9280500
2004-01-05,20.55820083618164,20.732566653545234,20.41758386446269,20.62007264704113,9715400
2004-01-06,21.075674057006836,21.131919991837755,20.861935642488554,20.895684490774034,21209800
2004-01-07,21.38502311706543,21.424395686081215,21.086915910047612,21.0925396432024,14472600
2004-01-08,21.750627517700195,21.806875581780847,21.40752398220734,21.43002106219535,11834300
2004-01-09,21.8012638092041,22.015002299722997,21.57065196136511,21.598777084426114,10569000
2004-01-12,21.81813621520996,22.02062505689145,21.610021491456575,21.65501996545039,7044400
2004-01-13,21.880002975463867,21.908125942372436,21.62689198199704,21.823754896001883,7205200
2004-01-14,22.059993743896484,22.121865561863164,21.89687752301069,21.981248573991607,8672300
2004-01-15,21.89124870300293,22.470592074294636,21.767507229327,22.414343999310425,50329900
2004-01-16,22.08811378479004,22.093737519475752,21.908124235821802,21.93624720053971,18767200
2004-01-20,21.986867904663086,22.228729247000246,21.868750173468992,22.161233707124268,18914100
2004-01-21,22.55496597290039,22.55496597290039,21.91937867688686,21.986874236199466,20679600
2004-01-22,22.464963912963867,22.79682001191893,22.358095799811863,22.521211982236856,15683600
2004-01-23,22.27372169494629,22.661825809615888,22.144354371937805,22.464960812794512,10503600
2004-01-26,22.644962310791016,22.6562119290508,22.121869008405305,22.189364572318738,12289900
2004-01-27,22.51559066772461,22.622460948189968,22.43684550042059,22.583088364537957,9141000
2004-01-28,22.003751754760742,22.599968720876014,21.902507323804457,22.49872428991973,14578500
2004-01-29,21.96437644958496,22.16124155022565,21.598773512358456,22.031872013348345,12886900
2004-01-30,21.87437629699707,22.00936953713816,21.790007399348053,21.96437107520954,8622300
2004-02-02,21.941875457763672,22.161239777324756,21.857506546220286,21.992497662947752,8810200
2004-02-03,22.00936508178711,22.02623842877229,21.801250455962997,21.9924895891576,6921800
2004-02-04,21.89124870300293,22.065614516986983,21.851876123336314,22.003742707326683,7851100
2004-02-05,21.913745880126953,22.04873910179829,21.716883000235903,21.998116911877094,6487100
2004-02-06,22.346837997436523,22.397460168410575,21.88561472662566,21.936236897599716,7312300
2004-02-09,22.223112106323242,22.442476452063453,22.223112106323242,22.4143513325474,6090000
2004-02-10,22.20623207092285,22.33559942832725,22.1162372942222,22.178109105512284,7191400
2004-02-11,22.65058135986328,22.718076903415692,22.22873045778259,22.262479302381116,11688200
2004-02-12,22.70120620727539,22.723705439637474,22.48746779112541,22.622461039653,8121300
2004-02-13,22.58871078491211,22.864321000078014,22.498716006711057,22.763076606396233,6907200
2004-02-17,22.869945526123047,22.954316572324714,22.639333764902624,22.73495228132934,8309400
2004-02-18,22.768709182739258,22.91495209513222,22.695587726542776,22.875577352837507,7170700
2004-02-19,22.95994758605957,23.128687586311003,22.76308461004049,22.90932537141959,14877300
2004-02-20,22.8193359375,22.988075977504284,22.689968501975187,22.95995299511124,9572100
2004-02-23,22.673076629638672,22.875563224930687,22.59432933932902,22.824943185340885,8355200
2004-02-24,22.611209869384766,22.830572005725877,22.515589211240453,22.554961792345537,10757900
2004-02-25,22.69557762145996,22.751825695661413,22.470591761588082,22.723702731383007,9655500
2004-02-26,22.813697814941406,22.869943744263693,22.583086071688577,22.695577930333144,6612000
2004-02-27,23.072425842285156,23.17367020226592,22.813691209287224,22.86993712232363,9295700
2004-03-01,23.359281539916992,23.404279983216895,23.128669882114657,23.190541668830093,10655400
2004-03-02,23.43803596496582,23.612401783436113,23.28617152271282,23.29741899235438,8802700
2004-03-03,23.679901123046875,23.70802623859061,23.342421192972765,23.44366560112401,7990900
2004-03-04,23.96112823486328,23.98925334233321,23.623648401668653,23.623648401668653,9311600
2004-03-05,24.191747665405273,24.65859713395423,23.820518872313087,23.961135871903238,16242100
2004-03-08,24.152374267578125,24.461733372822767,24.141124650510587,24.208622352915818,8789300
2004-03-09,23.888023376464844,24.15238195190262,23.78677893629012,24.15238195190262,9036700
2004-03-10,23.640518188476562,23.899254976970955,23.511150867051434,23.899254976970955,10364300
2004-03-11,23.235557556152344,23.814899001892233,23.173685722986825,23.483042743168937,11924500
2004-03-12,23.35366439819336,23.421159936547923,23.13430228930767,23.258043752016956,10815400
2004-03-15,23.021820068359375,23.24118228942735,22.92057563622868,23.218683049921513,7970000
2004-03-16,23.24679946899414,23.342417982627943,23.061184031030017,23.1455550747673,7481600
2004-03-17,23.781131744384766,23.87675236137945,23.449275742421722,23.449275742421722,8745600
2004-03-18,23.63490104675293,23.691146977617542,23.4549114932125,23.511157424077112,10219700
2004-03-19,23.24679946899414,23.82051484208651,23.1455550747673,23.63490154976716,9468900
2004-03-22,22.948692321777344,23.20180333271781,22.746203513024973,23.20180333271781,9690300
2004-03-23,23.04993438720703,23.286172021994716,22.976812959100755,23.145555046368287,10830000
2004-03-24,22.91494369506836,23.094933255383275,22.80244968346034,23.055560673167186,7835100
2004-03-25,23.342422485351562,23.40991804597434,22.892448505124428,22.9768174194916,8173900
2004-03-26,23.201801300048828,23.443662673131225,23.17367833366258,23.22992426643508,6019400
2004-03-29,23.657390594482422,23.71926023485261,23.32553458866119,23.32553458866119,7541100
2004-03-30,23.612396240234375,23.741763567189505,23.539274830861746,23.657394690815753,7785300
2004-03-31,23.59552001953125,23.75863616455056,23.47740231961132,23.674265152811202,7842800
2004-04-01,23.76988983154297,23.84863713101138,23.589900295475633,23.59552617540278,10295200
2004-04-02,23.548738479614258,24.138449779835188,23.3049155797738,24.098757881074764,12806900
2004-04-05,23.673490524291992,23.67349052429199,23.321932707787916,23.4069858669334,10003200
2004-04-06,23.53175163269043,23.588453783453453,23.446696243497488,23.588453783453453,7845200
2004-04-07,23.45802116394043,23.571427551442703,23.372967995598923,23.531735640273947,7224700
2004-04-08,23.333280563354492,23.68483848535237,23.248225215639316,23.673497628120522,4961800
2004-04-12,23.565767288208008,23.571436636397095,23.31060335874379,23.338954425784756,4989800
2004-04-13,22.70387077331543,23.611117470701494,22.68118906511909,23.611117470701494,11592300
2004-04-14,22.26726531982422,22.698207109254607,22.11983632864323,22.4884066435482,12978200
2004-04-15,21.983753204345703,22.437376768533255,21.683227998642902,22.30696012901982,15835000
2004-04-16,22.261598587036133,22.43170933076113,22.063138936754243,22.125512587713683,9741200
2004-04-19,22.318300247192383,22.36933303165889,22.04045460664191,22.255926603616906,7395300
2004-04-20,21.85332489013672,22.392003531164704,21.83064318328264,22.352309462646755,9028300
2004-04-21,21.365697860717773,21.8533441731378,21.23528117579939,21.8533441731378,18611600
2004-04-22,21.76260757446289,21.93271610721671,21.274961527667234,21.37702707992899,14094200
2004-04-23,21.717247009277344,21.80230236839413,21.501775019083095,21.773951303037748,7214500
2004-04-26,21.8590030670166,22.443045357723268,21.69456387045611,21.72291709700257,7071300
2004-04-27,21.89868927001953,22.085810133734466,21.75693182649498,21.864668867923676,8743600
2004-04-28,21.507431030273438,21.85898874604111,21.484749329115242,21.85898874604111,7048500
2004-04-29,21.348670959472656,21.78528196362957,21.2409339225886,21.530120306486314,10451500
2004-04-30,21.320327758789062,21.547140630646588,21.291976690568834,21.433734194717825,7720300
2004-05-03,21.467748641967773,21.552801814408493,21.246607365356056,21.552801814408493,8119800
2004-05-04,21.722911834716797,21.9724041613357,21.439396942312463,21.50743991083635,9740200
2004-05-05,21.57549285888672,21.802305742938984,21.490439649653098,21.72292188243508,8968500
2004-05-06,21.320327758789062,21.575491698866816,21.161560046317504,21.433734194717825,7717600
2004-05-07,20.68524742126465,21.382693835148046,20.679578074847246,21.257948746541377,11997100
2004-05-10,20.078529357910156,20.4130770968527,19.630575202486718,20.384726033494346,21494000
2004-05-11,19.953786849975586,20.35637983280533,19.80635998746678,20.35637983280533,16613700
2004-05-12,20.28265953063965,20.288328877828373,19.709958127446487,20.01615478877467,16881200
2004-05-13,20.271320343017578,20.63421915831546,20.118221999742367,20.157913922475103,11896100
2004-05-14,20.220287322998047,20.54916572238037,20.033168569904426,20.25997924526177,9251400
2004-05-17,20.021831512451172,20.112556232426016,19.70429391101525,19.880074002299985,10311700
2004-05-18,20.169254302978516,20.39606713868976,20.12389303366477,20.231627940951483,8825600
2004-05-19,20.265653610229492,20.5831890330628,20.24864123897211,20.413080461823835,10945700
2004-05-20,20.362035751342773,20.58317698077098,20.271311088935136,20.271311088935136,7384700
2004-05-21,20.45844078063965,20.54916548233228,20.339362852191968,20.345034362761982,7116500
2004-05-24,20.45844078063965,20.679582105824966,20.3563752208545,20.5661756879473,6079600
2004-05-25,20.889381408691406,20.923403981072784,20.299669799031903,20.46410898763747,8236600
2004-05-26,20.883726119995117,20.991461093823435,20.69660509050247,20.895064822041174,6704000
2004-05-27,20.95175552368164,21.036808712014498,20.702260979924738,20.97443723912271,8163000
2004-05-28,20.889381408691406,20.957424390406768,20.78731585459467,20.9063916133584,4311000
2004-06-01,20.895051956176758,21.008458374248384,20.696592346837054,20.88938260864456,5619300
2004-06-02,21.150217056274414,21.201249839150194,20.838351011165813,21.008459566402536,6267600
2004-06-03,20.957426071166992,21.093514208559206,20.889383083994662,21.065163144158035,7280700
2004-06-04,21.138872146606445,21.257950059195725,21.065159823393103,21.150213003188625,5832100
2004-06-07,21.62652587890625,21.632197390744064,21.27496785164159,21.280637200431414,7368400
2004-06-08,21.581165313720703,21.654877665668007,21.422395422726986,21.575493801695178,7042800
2004-06-09,21.365697860717773,21.569829076432995,21.32033440698171,21.541477999372223,6053000
2004-06-10,21.433732986450195,21.433732986450195,21.25228356441203,21.38270020131148,5198600
2004-06-14,21.303314208984375,21.3940389108874,20.99144818138319,21.3940389108874,6317600
2004-06-15,21.121856689453125,21.354338783942687,21.08783412816928,21.320316222658843,8166300
2004-06-16,21.16156005859375,21.25228477477982,21.03114341426676,21.13887833878527,5895200
2004-06-17,21.16156005859375,21.314658422729217,21.053825134075243,21.13887833878527,5747200
2004-06-18,21.11052131652832,21.354344328081915,21.05381919604726,21.212586863832023,12953300
2004-06-21,20.980106353759766,21.201247669238835,20.923404228833434,21.093512766659842,5511700
2004-06-22,20.957426071166992,20.991448646276936,20.809999238452356,20.980107787906952,9628200
2004-06-23,21.3316707611084,21.331670761108395,21.019804653268277,21.03681486329924,9303600
2004-06-24,21.416717529296875,21.507442218077,21.30898263732273,21.331662187232357,10092000
2004-06-25,21.541467666625977,21.83632132228449,21.416720391737574,21.422389739210914,12499100
2004-06-28,21.518787384033203,21.87601686397895,21.46208309028519,21.598171232232783,11788300
2004-06-29,21.711572647094727,21.76260541816915,21.433727079456833,21.518782418929916,9783000
2004-06-30,21.983753204345703,22.02911447924057,21.660546279671582,21.762611851994755,16628400
2004-07-01,21.83500862121582,22.103871110037844,21.566148314577497,22.069549724866487,15371800
2004-07-02,21.783533096313477,22.018072088333735,21.70916643576529,21.8407368769294,8373200
2004-07-06,21.30872917175293,21.74920517756801,21.291568477430236,21.73776398729158,15088300
2004-07-07,21.08563804626465,21.37738085239557,20.965508783868653,21.314455377183023,13643800
2004-07-08,21.0227108001709,21.297292883453856,20.971226523168816,21.11995766662793,9619100
2004-07-09,21.06848907470703,21.200059604217778,20.954079254467217,21.188618403975216,7199600
2004-07-12,21.108522415161133,21.251534078726763,21.005553842819094,21.165726207713462,9447300
2004-07-13,21.245803833007812,21.320170479121103,20.994104192095666,20.994104192095666,9633300
2004-07-14,20.85109519958496,21.325892656163656,20.759567847582787,21.09135368027158,10905200
2004-07-15,20.593677520751953,20.959786994193564,20.54219323966269,20.902583207287535,12141900
2004-07-16,20.519323348999023,20.765303710437703,20.456397835767834,20.736701799565143,10179400
2004-07-19,20.593677520751953,20.725247976383496,20.42778348366604,20.56507562729894,9112000
2004-07-20,20.822498321533203,20.94834709695267,20.307655478774876,20.553635705627773,11567800
2004-07-21,21.06275177001953,21.623357073222675,20.994106801635365,21.30873193742902,18145600
2004-07-22,21.039873123168945,21.16000456690678,20.662322456726887,20.896861474029006,12868900
2004-07-23,20.89685821533203,21.125677691147214,20.80533086144281,20.93690129627205,10259500
2004-07-26,20.8625431060791,20.954070487539852,20.68520784979301,20.84538022180309,8089000
2004-07-27,21.114240646362305,21.245811107034402,20.868260425310442,20.954068291141436,8491200
2004-07-28,21.20577049255371,21.365942866463758,20.799617868890415,21.1657273990762,8535900
2004-07-29,21.245803833007812,21.44602139066914,21.051307961608085,21.308729288781834,8556300
2004-07-30,21.354503631591797,21.388825035825185,21.09708218891682,21.16572717956851,7910000
2004-08-02,21.4002628326416,21.440305919344436,21.1142395378016,21.297294271924436,8075700
2004-08-03,21.20577049255371,21.457470249010203,21.119962616710513,21.42314884442087,9053900
2004-08-04,21.285850524902344,21.3773778809845,20.959784182473133,21.165721279204064,6809800
2004-08-05,20.753849029541016,21.33161729194798,20.679484546011015,21.303015399653013,8439200
2004-08-06,20.645156860351562,20.971223168476936,20.536468818371127,20.67948043359047,9666200
2004-08-09,20.63372802734375,20.742416134420296,20.56508302193674,20.628008519470406,7355900
2004-08-10,21.160011291503906,21.165730799125928,20.70809381287918,20.70809381287918,9031000
2004-08-11,21.108522415161133,21.17716740266089,20.879702880582197,21.062757635371423,7271900
2004-08-12,21.08563804626465,21.1542830273217,21.022712571052097,21.108520434011865,7201400
2004-08-13,21.091350555419922,21.125674125654502,20.879693994433048,21.06274867131638,6165000
2004-08-16,21.589038848876953,21.623360247014496,21.125680334359423,21.13712152780011,9070700
2004-08-17,21.69771385192871,21.880768472417415,21.657670790083255,21.709155038482155,10501300
2004-08-18,21.92082405090332,21.949425942526815,21.640522457934857,21.680565542644636,9555700
2004-08-19,21.73776626586914,21.920820965112256,21.65195842089337,21.920820965112256,7859600
2004-08-20,22.109603881835938,22.195409569972522,21.69200790726902,21.720611985499335,9293600
2004-08-23,22.05239486694336,22.241171282747697,22.006632276017285,22.166804617535277,8000900
2004-08-24,22.075279235839844,22.22401039743613,21.932267580303744,22.166806608095563,6038500
2004-08-25,22.561508178710938,22.67019838624201,22.080989137822943,22.080989137822943,11953600
2004-08-26,22.56723976135254,22.68164952263062,22.36702213356972,22.49287308919408,8500300
2004-08-27,22.72168731689453,22.76744990143085,22.595836390597327,22.62443827870555,6590800
2004-08-30,22.367023468017578,22.704531083722514,22.367023468017578,22.69308988869364,5918800
2004-08-31,22.641603469848633,22.641603469848633,22.258331147063018,22.37274089336549,6606700
2004-09-01,22.45855140686035,22.681651442217053,22.304100725575914,22.60728476376482,8253400
2004-09-02,22.801776885986328,22.87614355193499,22.464269318600262,22.567237876933945,7301300
2004-09-03,22.796070098876953,22.881878014304974,22.710264365634874,22.738866276715566,6939300
2004-09-07,22.807497024536133,22.93906747890614,22.71596965705332,22.79605583082771,10487500
2004-09-08,22.52146339416504,22.81892774753562,22.510022205706527,22.664474976621072,11362200
2004-09-09,22.733131408691406,22.77889399906576,22.510031415743857,22.60155877867703,7663900
2004-09-10,22.767457962036133,22.83610295423582,22.57868368794075,22.66448938264412,6536900
2004-09-13,22.401342391967773,22.81321659856768,22.401342391967773,22.70452635950139,8320200
2004-09-14,22.590124130249023,22.693090524021958,22.475714358942014,22.481433865524167,7749300
2004-09-15,22.35558319091797,22.56723983152047,22.35558319091797,22.521475053993065,7142200
2004-09-16,22.641603469848633,22.790334612512762,22.395623279062864,22.48715063966796,10947400
2004-09-17,22.68164825439453,22.76745393391678,22.6015598984487,22.698808953862066,9749500
2004-09-20,22.527198791503906,22.6873711630508,22.481434009813423,22.6873711630508,7806700
2004-09-21,22.939069747924805,23.02487761813338,22.595842631460087,22.595842631460087,10296700
2004-09-22,22.796070098876953,22.847554411696578,22.51004662369814,22.59585453912616,12767500
2004-09-23,22.572954177856445,22.74456768998712,22.544352289532032,22.73884818519592,9352100
2004-09-24,22.738845825195312,22.841814358223743,22.550069453915192,22.57867352145507,8779600
2004-09-27,22.384183883666992,22.67020718129867,22.34414079657332,22.66448549332267,10374800
2004-09-28,22.527198791503906,22.57868307981325,22.28121854537981,22.389906628617357,8002100
2004-09-29,22.698810577392578,22.69881057739258,22.332701081335397,22.527197023888867,7725600
2004-09-30,22.727405548095703,22.761729121212735,22.55007036026713,22.681642966123725,8422700
2004-10-01,23.076364517211914,23.110688105619435,22.801782356506845,22.824664748778527,11375700
2004-10-04,22.937889099121094,23.33595751328719,22.932120980404104,23.266729085023023,12622200
2004-10-05,22.76482391357422,22.966743342341594,22.5340616816393,22.903283013321353,12012800
2004-10-06,22.782142639160156,22.805217331931328,22.591761568845556,22.678298819121952,7631200
2004-10-07,22.805217742919922,23.01290538673921,22.735989261891405,22.7994496198066,7051800
2004-10-08,22.874441146850586,22.943669605853074,22.649444803809683,22.810980809126203,6542800
2004-10-11,22.718679428100586,22.897519828460236,22.718679428100586,22.78790789918389,3363700
2004-10-12,22.793678283691406,22.86867708523628,22.505223724693504,22.52830061758941,8410800
2004-10-13,22.637908935546875,22.8975162112818,22.47060480618605,22.8455943159882,7602800
2004-10-14,22.22829818725586,22.63790515991544,22.0379194034201,22.63790515991544,11762100
2004-10-15,22.349458694458008,22.557144114334616,22.222537992811063,22.228306115279793,8057300
2004-10-18,22.49944496154785,22.562905286633537,22.22829710008451,22.23983554107578,5915300
2004-10-19,21.9110050201416,22.71867855440864,21.801393095080595,22.35522524391514,16571000
2004-10-20,21.489852905273438,21.60523510598515,20.95332754258654,21.17255350386555,23141100
2004-10-21,21.749465942382812,21.836000956832667,21.374474277568375,21.391783041044587,11568200
2004-10-22,21.61678123474121,21.85331384000005,21.576397780238477,21.807160063006517,8983300
2004-10-25,21.357177734375,21.651400442709225,21.287949250190564,21.616787300983926,11971100
2004-10-26,21.628314971923828,21.691773100379443,21.316783647217033,21.357167092930943,10566300
2004-10-27,21.93406867980957,22.026373982272542,21.362928107816668,21.547538712742615,11518800
2004-10-28,22.199459075927734,22.23984253172461,21.73216197219253,21.836005773022574,8766200
2004-10-29,22.26869010925293,22.28022855520082,21.93408397969818,22.16484629645543,11215900
2004-11-01,22.210994720458984,22.46483386785749,22.170611269753152,22.366760402067047,10154500
2004-11-02,22.239831924438477,22.597514734071133,22.159065051366483,22.21098692701737,9869300
2004-11-03,22.41291046142578,22.747518688387515,22.285991996658282,22.701364918848164,11104200
2004-11-04,22.868671417236328,22.880209860824475,22.210995537843452,22.355222781595682,12158700
2004-11-05,22.701370239257812,23.02444009955102,22.499452952032918,22.86867439194894,13418700
2004-11-08,22.660980224609375,22.759055879120325,22.562906770831166,22.684057108109922,7547900
2004-11-09,22.562902450561523,22.78212840037457,22.534057452075356,22.689823084779444,7004600
2004-11-10,22.470603942871094,22.609060857845833,22.412911727687465,22.60329273669396,7633400
2004-11-11,22.60329246520996,22.741749378521718,22.424449901388236,22.6148309081081,8004300
2004-11-12,22.59752082824707,22.66675148160677,22.441757360019825,22.459063922993334,11168600
2004-11-15,22.591754913330078,22.591754913330078,22.470604559220885,22.4994495672374,8794300
2004-11-16,22.19369125366211,22.360993201051087,22.153307797319947,22.210997820456377,14141300
2004-11-17,22.07830810546875,22.401377943752394,21.991770873563045,22.210996913853133,14438700
2004-11-18,21.818695068359375,22.118687969335138,21.801388505081132,22.037921073059522,14942800
2004-11-19,21.587928771972656,21.91099853013331,21.50139376226131,21.86484696510046,14346300
2004-11-22,21.66293716430664,21.836009461345952,21.43217483516544,21.587938361987263,13073300
2004-11-23,21.668701171875,21.749468073568835,21.49562672455048,21.720623065925754,10883200
2004-11-24,21.749465942382812,21.807155952016046,21.662928727200157,21.79561750994284,6854700
2004-11-26,21.74370002746582,21.801392249523516,21.691778127980513,21.749470350038212,3143500
2004-11-29,21.524473190307617,21.84177266490035,21.409090962983097,21.743697001417978,10747600
2004-11-30,21.720623016357422,21.74946802393468,21.380246645186592,21.449475103518605,13032200
2004-12-01,22.084083557128906,22.08408355712891,21.789860832314556,21.80716740414659,11122800
2004-12-02,22.176382064819336,22.2802258650787,22.037925131629034,22.06677014264924,8238200
2004-12-03,21.95716094970703,22.222538605252044,21.91677748911251,22.141771684063002,10918000
2004-12-06,21.99176788330078,22.164840122846005,21.78985063728684,21.89369442116056,10695800
2004-12-07,21.812929153442383,22.095613318994758,21.80715883127751,22.037923301744545,8779000
2004-12-08,21.66293716430664,21.8244732155125,21.651398717739532,21.812934768945393,11421600
2004-12-09,21.74370002746582,21.859082270847967,21.489860852611688,21.489860852611688,10360900
2004-12-10,21.709083557128906,21.84177234636045,21.628316659399527,21.72639012071866,8579000
2004-12-13,22.0667667388916,22.153303959337293,21.87638573420426,21.922539505304076,14880100
2004-12-14,22.349458694458008,22.384071830737366,22.095617291164118,22.107155736835065,12084600
2004-12-15,22.51675033569336,22.64367097917408,22.360984691621336,22.38406157238737,13420900
2004-12-16,22.459070205688477,22.499453664412076,22.285997925339686,22.384071410601738,11590300
2004-12-17,22.22252655029297,22.395598744774265,22.0321455958509,22.037915916081943,14179700
2004-12-20,22.26869010925293,22.430226151789896,22.222538526194896,22.26869010925293,8837800
2004-12-21,22.539831161499023,22.64367494238899,22.291760151676645,22.297530473244343,8686400
2004-12-22,22.51675033569336,22.632132538791062,22.38406157238737,22.470598774893766,9282700
2004-12-23,22.591754913330078,22.776365605515434,22.55713958327043,22.568678026623648,8556100
2004-12-27,22.505216598510742,22.66675259689874,22.45906502806627,22.614830704690622,5639800
2004-12-28,22.620601654052734,22.672523552752825,22.47060628043759,22.482144724674633,5420000
2004-12-29,22.591754913330078,22.591754913330078,22.464834237177755,22.505217688547486,6008200
2004-12-30,22.54560089111328,22.684057794842694,22.528292127597503,22.591752458778817,4745700
2004-12-31,22.505216598510742,22.597521940132623,22.47060347086062,22.545602248657445,5754000
2005-01-03,22.585988998413086,22.897518196450566,22.50521988705036,22.776367830506363,14957900
2005-01-04,22.353200912475586,22.73147778722454,22.30082414858747,22.684919677096048,11360900
2005-01-05,22.399761199951172,22.6500032961713,22.341563556633503,22.463775277580957,9770200
2005-01-06,22.527788162231445,22.684918445364037,22.487050928087378,22.56270674293183,9115900
2005-01-07,22.347389221191406,22.620910433368564,22.34156834560537,22.51615687295567,9971200
2005-01-10,22.271730422973633,22.41140033831277,22.143697817235026,22.271730422973633,9284500
2005-01-11,22.0564022064209,22.260088401831133,22.0564022064209,22.172793049505017,8966300
2005-01-12,22.108779907226562,22.132056744818296,21.86435424240182,22.114598561621218,9075900
2005-01-13,21.980741500854492,22.335739265455924,21.945822923676268,22.11459271668556,9646600
2005-01-14,22.0040225982666,22.102955246118313,21.910908603812683,21.98656219804773,7346500
2005-01-18,22.347389221191406,22.39976600139785,21.835260950285424,21.945833166270784,9729100
2005-01-19,22.021484375,22.37648223058745,22.015665720651906,22.1204170390093,15845900
2005-01-20,21.67811393737793,22.015653421337426,21.5966395019427,21.998193028021404,15240300
2005-01-21,21.445329666137695,21.81778774681352,21.445329666137695,21.67811568905858,14174400
2005-01-24,21.462806701660156,21.66067430855233,21.392969508629673,21.451167169488407,12870700
2005-01-25,21.451156616210938,21.654842778975077,21.43369843654906,21.526812428100193,9986100
2005-01-26,21.4337100982666,21.532642796861737,21.392970623535447,21.41624968909214,14555600
2005-01-27,21.387144088745117,21.474439442418692,21.247471966870016,21.311488263562225,9791100
2005-01-28,21.532629013061523,21.532629013061523,21.317303344534395,21.462794081109134,15282000
2005-01-31,21.72468376159668,21.76542100132002,21.672306993379088,21.695583830354522,14111800
2005-02-01,21.823604583740234,21.905079018984303,21.707211581957917,21.823604583740234,14015400
2005-02-02,21.83525848388672,21.846898013730474,21.753783994993757,21.823618954042963,13147400
2005-02-03,21.75959587097168,21.841070334482264,21.736316818536476,21.806153975842086,10737700
2005-02-04,21.934185028076172,21.963284954560304,21.76541744253678,21.788694275706305,10662400
2005-02-07,22.097143173217773,22.15533860457721,21.881815193158374,21.940012844531214,9438000
2005-02-08,21.97492790222168,22.108781382374044,21.934190658701663,22.068041918840755,7579200
2005-02-09,21.823604583740234,21.963276629881392,21.794506888297622,21.887620845721106,7084500
2005-02-10,21.79451560974121,21.916727311512386,21.759597029229695,21.85853189733928,8872600
2005-02-11,21.811973571777344,21.870171205380974,21.61410605755045,21.707220051303533,10676700
2005-02-14,21.823604583740234,21.86434180136227,21.68975340869472,21.86434180136227,6686000
2005-02-15,21.85271453857422,21.969107605653146,21.794519115041307,21.922549490816333,8145300
2005-02-16,21.72468376159668,21.782879184054863,21.637388407896342,21.73050241583727,9579800
2005-02-17,21.40460205078125,21.74796036767039,21.404602050781254,21.695583600008895,12155800
2005-02-18,21.247472763061523,21.39296354462731,21.125261039349418,21.328949465549407,17789700
2005-02-22,20.90993881225586,21.317313512987155,20.892480625943247,21.247476327709663,14882000
2005-02-23,21.230012893676758,21.28821053368914,20.95067088165623,21.05542441366555,12550200
2005-02-24,21.346403121948242,21.46861481974261,21.212551897695462,21.253289130293584,9123400
2005-02-25,21.51517105102539,21.579187330962803,21.32894308394154,21.34640126210175,8776200
2005-02-28,21.270750045776367,21.544273402697506,21.253291863849643,21.515175692815312,11403900
2005-03-01,21.58500099182129,21.730491696209402,21.462789332938144,21.53262424944109,10170900
2005-03-02,21.52682113647461,21.77706328623994,21.456983949550096,21.532639792044865,9392100
2005-03-03,21.53845977783203,21.637394688745196,21.358052583835676,21.619936500942636,8372400
2005-03-04,21.829435348510742,21.992386529436324,21.602470090093178,21.67812591623673,12698300
2005-03-07,21.730501174926758,21.852712887117935,21.713042993188857,21.82943383145878,11265600
2005-03-08,21.497716903686523,21.695584453748094,21.480258720450042,21.666486741682917,9934400
2005-03-09,21.22419548034668,21.427881682264115,21.148539653914593,21.37550491319776,17648000
2005-03-10,21.160173416137695,21.299843282243803,21.119436186855705,21.23000834919075,11903100
2005-03-11,21.014686584472656,21.171816878066206,20.950670292266445,21.101979712016025,9297300
2005-03-14,21.212553024291992,21.235832078445174,20.86919474557733,21.01468550401553,13097500
2005-03-15,21.09615707397461,21.340580448949837,21.061238497544224,21.247466465147966,8607000
2005-03-16,21.09615707397461,21.183452405044324,20.97976403921915,21.09615707397461,13404700
2005-03-17,21.037965774536133,21.113619374888906,20.892475007685988,21.07870301165314,9034600
2005-03-18,20.95648765563965,21.096159759126383,20.845915479555032,21.043782997820454,18106400
2005-03-21,20.82845687866211,20.92157087243599,20.65968707119297,20.880833638910712,11448100
2005-03-22,20.40361785888672,20.950662126313915,20.34542024319529,20.950662126313915,14833000
2005-03-23,20.32796287536621,20.53746986014718,20.29886517637155,20.403618668762032,17485800
2005-03-24,20.32796287536621,20.455995414957275,20.29304430456534,20.426895495950482,11987900
2005-03-28,20.281414031982422,20.415267504434652,20.211579078538797,20.327972147620265,8804800
2005-03-29,20.124279022216797,20.426897789757945,19.972967418433843,20.165016249386273,14720400
2005-03-30,20.339611053466797,20.35706923628962,20.060269028236238,20.08936673961197,11279800
2005-03-31,20.135915756225586,20.327964581733116,20.095178530211076,20.310506404873273,13312200
2005-04-01,19.932235717773438,20.432724327494793,19.693630941047328,20.24649631736773,20140200
2005-04-04,19.849943161010742,19.9557470040155,19.603066779908996,19.791162002523695,15639300
2005-04-05,20.32605743408203,20.43185901909276,19.967500268544345,19.9851334923342,15200900
2005-04-06,20.384836196899414,20.520029476962613,20.3495675072984,20.425981880298146,10676000
2005-04-07,20.455371856689453,20.631710824658782,20.37895748173648,20.425982402406504,8304500
2005-04-08,20.279037475585938,20.543547108504526,20.279037475585938,20.490645181920808,6360800
2005-04-11,20.34956932067871,20.461252393231717,20.320179864528047,20.378958776829375,7172800
2005-04-12,20.596446990966797,20.690494601973736,20.132085930626076,20.349570610653636,14425600
2005-04-13,20.320186614990234,20.625841993495204,20.279040914256154,20.60232952385501,11500600
2005-04-14,20.096818923950195,20.343695325003075,20.096818923950195,20.320182859708112,11012300
2005-04-15,19.943981170654297,20.396585782882706,19.92046871857912,20.132076302714047,15012100
2005-04-18,20.3613338470459,20.525916662360054,20.108580385086192,20.132092856494697,16011300
2005-04-19,20.543554306030273,20.666991430548315,20.38484847067582,20.414237941903032,10932200
2005-04-20,20.431861877441406,21.090197393135117,20.41422865118472,20.943247861604327,25470000
2005-04-21,20.596446990966797,20.67285913334799,20.173231620299614,20.58469075930694,16555800
2005-04-22,20.49651336669922,20.67873153377649,20.31429744189312,20.437734470104576,13476600
2005-04-25,20.672863006591797,20.6904984785217,20.508280217061593,20.561182148306635,9174600
2005-04-26,20.619964599609375,20.82569309931274,20.596452130422566,20.678743530303915,8410100
2005-04-27,20.866836547851562,21.013786101005447,20.555304212692445,20.61996237484371,11456900
2005-04-28,20.584692001342773,20.872711846436054,20.572935768973572,20.749274769967506,12987700
2005-04-29,20.860952377319336,20.866829370824348,20.52590544847551,20.590563588387976,14205800
2005-05-02,20.907981872558594,20.92561510109723,20.64347223311812,20.913861110252935,10170400
2005-05-03,20.866836547851562,21.054931796506757,20.73164322802266,20.91386148115148,12748700
2005-05-04,21.219505310058594,21.260650987587912,20.837437984104767,20.872704426403462,12880000
2005-05-05,21.101957321166992,21.272417103475558,20.87859336627732,21.248906878438984,8286700
2005-05-06,20.931501388549805,21.190131877403036,20.86684320576826,21.160742405849504,7313800
2005-05-09,21.137222290039062,21.1607347556907,20.8903481275133,20.902104360339116,6858100
2005-05-10,20.655223846435547,20.937366651309883,20.572932475297826,20.925610420822824,13667900
2005-05-11,20.749279022216797,20.831570423393536,20.490648583908122,20.655231386261597,9091900
2005-05-12,20.473011016845703,20.80217655183785,20.355450936231918,20.778664087260683,11278100
2005-05-13,20.25551986694336,20.47300675560648,20.049791450393457,20.47300675560648,13913000
2005-05-16,20.42011260986328,20.525914234139822,20.296673270707878,20.33194197364834,10447100
2005-05-17,20.696374893188477,20.725764355883317,20.279038693013828,20.284915688643885,11668100
2005-05-18,21.19012451171875,21.21951397305651,20.843323486479953,20.925614875134553,14821100
2005-05-19,21.272409439086914,21.337067579754013,21.049047806946103,21.0608040363648,10298500
2005-05-20,21.196008682250977,21.313566554961014,21.107838035445756,21.272420851057962,7475100
2005-05-23,21.10782814025879,21.160730055087374,20.996147316630285,21.101951146287455,7940900
2005-05-24,21.096088409423828,21.160746605036294,20.960895019631124,21.143113367059584,6290700
2005-05-25,21.10782814025879,21.160730055087374,20.984391086415975,21.037293001244556,5064800
2005-05-26,21.12546157836914,21.213632184733513,20.996147529245505,21.184242730035944,5880200
2005-05-27,21.043170928955078,21.18424345551493,20.9902690117791,21.131341538338955,6003700
2005-05-31,21.01378059387207,21.16073010851453,20.949122448665925,21.06080551484805,7597500
2005-06-01,21.01966094970703,21.454632569216866,20.90210311300838,20.90210311300838,12206800
2005-06-02,21.00790786743164,21.03141809042385,20.57881322431033,20.719885773624092,15578700
2005-06-03,20.896217346191406,21.072556288409263,20.81392598930783,20.937363024633196,8616400
2005-06-06,20.872711181640625,20.91973610961969,20.69049519140169,20.84920095992307,5933100
2005-06-07,20.855073928833008,21.125460485700142,20.83744070538084,20.878586388283598,8578500
2005-06-08,20.96676254272461,21.049056181396352,20.85508168222153,20.896227380421212,7721800
2005-06-09,20.866836547851562,20.984396638829118,20.755155694672617,20.878592781176543,7090400
2005-06-10,20.82568359375,20.949120637231083,20.714002779496372,20.925608178776177,6504700
2005-06-13,20.866836547851562,21.01966309653182,20.73164322802266,20.743399461347636,7127600
2005-06-14,20.925613403320312,21.002027791241584,20.802176329020426,20.837445025508398,5900100
2005-06-15,20.990270614624023,21.1019536940081,20.931491698727495,21.00790608321051,9128200
2005-06-16,21.101957321166992,21.19012571016681,20.93149529658613,20.96088475958607,9775400
2005-06-17,21.2077579498291,21.278293098734213,21.09019787347261,21.272413861666813,15436700
2005-06-20,21.19012451171875,21.27241590037335,21.04317496275777,21.101956127705463,8378700
2005-06-21,21.184247970581055,21.243026894516884,21.101956580162007,21.190124966065753,5783400
2005-06-22,21.31355857849121,21.41348542362496,21.196000749776477,21.278292126785534,9192700
2005-06-23,21.119585037231445,21.4134840750529,21.113705800802858,21.407604838624312,10695500
2005-06-24,20.907981872558594,21.17836850742121,20.808057254476747,21.101956355572337,12273900
2005-06-27,20.919736862182617,21.02554071166971,20.878591169856758,20.913859867109807,8561800
2005-06-28,21.11370849609375,21.11370849609375,20.93736949934449,21.02554011885512,5892400
2005-06-29,21.137222290039062,21.219513677547653,21.09019960100793,21.148978522864883,6204900
2005-06-30,20.761028289794922,21.160731169036236,20.761028289794922,20.990269185362667,10788500
2005-07-01,20.808523178100586,20.95096473301585,20.77884577876452,20.903484969399994,10686600
2005-07-05,20.755083084106445,20.93907006894745,20.660121402363163,20.772887691912974,7921200
2005-07-06,20.535493850708008,20.861926936989526,20.434597997905612,20.772899319991595,10760500
2005-07-07,20.45240020751953,20.53549143276534,20.357438483800593,20.53549143276534,10625900
2005-07-08,20.660139083862305,20.790710092964805,20.47614967749317,20.541436314077927,9587000
2005-07-11,20.749155044555664,20.968755861397558,20.62451821168821,20.66012970567862,8455100
2005-07-12,20.92128562927246,20.98063588855129,20.689816448390847,20.749166707669676,14462200
2005-07-13,21.0637149810791,21.111194703139155,20.873789300641747,20.921271286767514,11108900
2005-07-14,21.18242073059082,21.283318844379405,21.05778388185164,21.158681995640226,8773400
2005-07-15,21.283315658569336,21.336731766328533,21.129001452124562,21.182417559883763,7631300
2005-07-18,21.075590133666992,21.182422373462376,20.99843527697757,21.170551873033283,8386100
2005-07-19,20.89754295349121,21.194298754355557,20.832256315050323,21.075595981196404,12573900
2005-07-20,20.867862701416016,21.075590805379637,20.677939216630268,20.90347420383829,13308600
2005-07-21,21.01030921936035,21.188362226832865,20.772903700019118,21.188362226832865,9322000
2005-07-22,21.129005432128906,21.129005432128906,20.962822960715215,21.01030496058562,6976600
2005-07-25,21.034040451049805,21.129002172072326,20.915339997821164,21.099327058765166,5979400
2005-07-26,20.992507934570312,21.158692748074042,20.956898682015353,21.152756363269926,6473500
2005-07-27,20.980628967285156,21.08746120999815,20.814446484872292,21.081527091654767,8414600
2005-07-28,21.04591941833496,21.063726304737795,20.87973690568807,20.986569167837338,7518400
2005-07-29,20.855995178222656,21.03998457090615,20.838190556502813,21.03998457090615,8494900
2005-08-01,20.95095443725586,21.034045680801515,20.861929075199765,20.96282493834332,7263000
2005-08-02,21.09932518005371,21.152741284876765,20.950947362663648,21.051845455803115,6646600
2005-08-03,21.13495445251465,21.158695466646602,21.02218576742172,21.105279316883564,9788200
2005-08-04,21.04591941833496,21.081530927073697,20.980632784347417,21.02217841250914,9565300
2005-08-05,20.92128562927246,21.069663541536805,20.89754461993402,20.98063588855129,9288400
2005-08-08,20.76696014404297,21.028104285396992,20.737282769561045,20.95688356758513,5770300
2005-08-09,20.790708541870117,20.962827432013153,20.719487790939734,20.81444954686919,5923500
2005-08-10,20.65419578552246,20.986562976835394,20.553299936627223,20.92721047977973,9726700
2005-08-11,20.660139083862305,20.755100846876406,20.45240867072289,20.654202700136228,9605300
2005-08-12,20.36337661743164,20.59484569741139,20.351506117937003,20.559234198927474,8664400
2005-08-15,20.565168380737305,20.64825960424476,20.327762944373678,20.339633442598462,7604000
2005-08-16,20.523618698120117,20.76695820329668,20.48800721050931,20.57109841753561,8645900
2005-08-17,20.45240020751953,20.6007780423345,20.416790976166233,20.565168810981202,11000800
2005-08-18,20.571115493774414,20.636402143223048,20.404932941772415,20.452412700601215,6676300
2005-08-19,20.49988555908203,20.654197536375236,20.488015058664637,20.654197536375236,6186900
2005-08-22,20.482086181640625,20.64233459989532,20.422735921872494,20.529568200708958,6593100
2005-08-23,20.387121200561523,20.57111059940781,20.36338245882888,20.48208295969288,7900100
2005-08-24,20.090364456176758,20.529563986124934,20.072559834714944,20.36338148163651,13530100
2005-08-25,20.2506103515625,20.28622185417423,20.096298368378086,20.173455492003562,6982000
2005-08-26,19.971662521362305,20.292157004906336,19.959792019887836,20.26248188325349,9644200
2005-08-29,20.1259765625,20.23280882258587,19.811416165617644,19.841091290293303,7483200
2005-08-30,19.93012046813965,20.0191458490445,19.769872065630437,20.013211729277668,8907800
2005-08-31,20.114099502563477,20.131904118751137,19.79953920822866,19.936046548488413,10076800
2005-09-01,20.21500587463379,20.345576886832866,20.013211840434767,20.031016463901217,9768700
2005-09-02,20.24466323852539,20.428650223755493,20.22092225202309,20.345559035062532,7100200
2005-09-06,20.5176944732666,20.535499095587046,20.327770954958762,20.327770954958762,7289600
2005-09-07,20.707612991333008,20.71948349136926,20.55330101899451,20.713549373384325,10212300
2005-09-08,20.55923843383789,20.73729143480129,20.48208130326261,20.73729143480129,9160300
2005-09-09,20.666074752807617,20.71355676990779,20.541437854020447,20.553308358295492,9107300
2005-09-12,20.5176944732666,20.707617991574438,20.476148845140944,20.648267741128336,9714100
2005-09-13,20.26841926574707,20.470213272633046,20.268419265747067,20.416797145396558,13029900
2005-09-14,20.321836471557617,20.47021435908221,20.286224963487637,20.41679822901068,8136800
2005-09-15,20.25654411315918,20.43459707504755,20.209062115820284,20.387115077708653,8574400
2005-09-16,20.76696014404297,20.772894260499875,20.309956198624075,20.31589031508098,19557400
2005-09-19,20.529563903808594,20.74322841676089,20.428665766440318,20.701682790805368,10208200
2005-09-20,20.49394989013672,20.743225879445177,20.44647015088106,20.48801577175471,12550200
2005-09-21,20.185317993164062,20.38711192249118,20.131901886457886,20.35150269406433,10551200
2005-09-22,20.32776641845703,20.41085765616506,20.054751704825957,20.120038324186957,8108600
2005-09-23,20.220935821533203,20.34557268821176,20.125974075863834,20.30996344862738,9615200
2005-09-26,20.131906509399414,20.32776636698649,20.114101891097466,20.32776636698649,9849000
2005-09-27,20.10816764831543,20.262479622130282,20.02507641133309,20.209063503489293,8734600
2005-09-28,20.131906509399414,20.333700485065002,20.03694477167834,20.114101891097466,8838600
2005-09-29,20.387121200561523,20.404928086944665,19.88263727968873,20.090365420267663,10701100
2005-09-30,20.137834548950195,20.35743305194364,20.0488069661895,20.31588745040611,10533700
2005-10-03,20.2506103515625,20.434599718956623,20.031011745623186,20.292155972576246,14619200
2005-10-04,20.1426944732666,20.55034444382935,20.118716812003992,20.454426938217747,14992300
2005-10-05,20.052776336669922,20.292568995999012,20.046780205245593,20.220631426885692,11652000
2005-10-06,20.17867088317871,20.370505956079697,20.03479343507574,20.088747192257546,12637200
2005-10-07,20.322546005249023,20.424457375564504,20.226628479776846,20.310556028708227,9923000
2005-10-10,20.094749450683594,20.412475958252067,20.088753316471838,20.382502147758746,6499600
2005-10-11,19.96885108947754,20.184663821652144,19.848953602588747,20.07675859899202,10166000
2005-10-12,19.94487190246582,20.09474319513221,19.789004477454284,19.872934322305195,15446600
2005-10-13,20.232627868652344,20.25061169496427,19.73505399671073,19.7710239361894,13003500
2005-10-14,20.430458068847656,20.496399524263744,20.238620688216844,20.37050817275843,11165800
2005-10-17,20.382497787475586,20.580329010750148,20.250610305292547,20.508389136729583,8469300
2005-10-18,20.244611740112305,20.472416714365785,20.2266279192266,20.370503060020493,8777600
2005-10-19,20.820119857788086,20.83210983571319,20.328542197131124,20.47241964537791,19372600
2005-10-20,20.832111358642578,21.04193027053454,20.652266250327383,20.916038923399363,18561300
2005-10-21,21.059913635253906,21.0958812801128,20.844098618683248,20.844098618683248,15313700
2005-10-24,21.437593460083008,21.455579574260398,21.1318569613268,21.137850808149295,14340400
2005-10-25,21.413610458374023,21.52751181450315,21.287716837873596,21.401620480857108,10839200
2005-10-26,21.641408920288086,21.809266285703558,21.359652507967485,21.407610121761955,16107000
2005-10-27,21.59945297241211,21.76731039861344,21.545499208071462,21.641416757248752,10161100
2005-10-28,21.84524154663086,21.869221505322205,21.581468861590235,21.71335634753791,12044700
2005-10-31,21.953140258789062,22.061047742716053,21.821255112653482,21.88120269845567,14962500
2005-11-01,22.091026306152344,22.17495614599531,21.929167332162386,22.05505866164538,19177200
2005-11-02,22.30085563659668,22.474706938183186,22.00111295945655,22.00710680678309,12955100
2005-11-03,22.23490333557129,22.474698299858392,22.168959606049622,22.336814708938036,10366900
2005-11-04,22.36679458618164,22.38477841115276,22.216923279809933,22.24090095081987,11269800
2005-11-07,22.588603973388672,22.61857777794772,22.408758859179674,22.45671648910321,8644600
2005-11-08,22.384777069091797,22.52865452079863,22.330823310558547,22.44472467330451,7807400
2005-11-09,22.612581253051758,22.618575098511645,22.306842536945574,22.390770094510586,11315500
2005-11-10,22.97227668762207,23.02623045650627,22.58860645860328,22.630570246973775,16843700
2005-11-11,22.936304092407227,23.008243967166198,22.77444509133626,22.88235032976534,8195900
2005-11-14,22.85837745666504,22.91233123063259,22.768453737767405,22.768453737767405,8725900
2005-11-15,22.618572235107422,22.93030475720963,22.570614616936233,22.792423460543024,10030500
2005-11-16,22.666536331176758,22.75046389363515,22.450721292366847,22.72648393668859,10959700
2005-11-17,22.738483428955078,22.780447227741952,22.600602049104566,22.600602049104566,9583900
2005-11-18,22.798423767089844,22.858373665363334,22.552634901305495,22.78043994103519,14886200
2005-11-21,22.67253875732422,22.81641626659892,22.642564943224823,22.780446317566387,10634100
2005-11-22,22.90033721923828,22.936304870984006,22.49268706251844,22.58260847873752,11501000
2005-11-23,23.248035430908203,23.373929061495478,22.864365267043997,22.906329048288235,11983100
2005-11-25,23.29599380493164,23.373927516457115,23.230050071091192,23.367931384187397,3775300
2005-11-28,23.31997299194336,23.469844277786557,23.230049305695704,23.3799205915389,11353900
2005-11-29,23.35593605041504,23.48782348785092,23.26001853778546,23.295988462591758,14807000
2005-11-30,22.930309295654297,23.44586694244679,22.91232547113745,23.391913182041655,12823600
2005-12-01,23.122150421142578,23.24804179936135,23.020239006447916,23.092176610165044,12194100
2005-12-02,23.373926162719727,23.421883783827887,23.014233713564266,23.014233713564266,9823600
2005-12-05,23.289997100830078,23.30798321034322,23.122141991069803,23.278009410293794,6495100
2005-12-06,23.289997100830078,23.547775897592995,23.25402945551251,23.469844474835355,12369500
2005-12-07,23.062204360961914,23.313987134450205,22.97228063508447,23.290007169302175,9663000
2005-12-08,23.17009735107422,23.313972477802647,23.032213781583103,23.06218986260094,8597600
2005-12-09,23.451868057250977,23.559775611507238,23.17011147611989,23.1761053238651,8492400
2005-12-12,23.4698486328125,23.547780069376667,23.313981185974644,23.463852499627713,8013600
2005-12-13,23.625717163085938,23.733624707257913,23.379928265106457,23.391918246331688,10624800
2005-12-14,23.70963478088379,23.811548435041697,23.535783556461205,23.625707234432646,8511200
2005-12-15,23.727630615234375,23.8295420243146,23.625716919299087,23.715640634132868,8737000
2005-12-16,23.853511810302734,23.907465558814625,23.76358813383155,23.81754188234344,12066400
2005-12-19,23.7396183013916,23.925459578119057,23.673676835638375,23.805562053999896,15601200
2005-12-20,23.7396183013916,23.847525844413344,23.631710758369863,23.793572072902474,7655500
2005-12-21,23.877500534057617,23.967421956708787,23.739616902986956,23.775586844160383,11624300
2005-12-22,24.009384155273438,24.04535409406572,23.895482779380046,23.943440410914977,10147300
2005-12-23,24.099308013916016,24.23119321662689,23.98540435043483,24.051348095217666,7005900
2005-12-27,24.039352416992188,24.31511731042779,23.96142099786327,24.21919978262322,7752400
2005-12-28,23.92545509338379,24.117290181273667,23.871501331986344,24.04535259502862,9526900
2005-12-29,23.895483016967773,24.00938439399366,23.85951307781785,23.895483016967773,7390000
2005-12-30,23.79356575012207,23.853515639678406,23.66767441233545,23.80555572803334,8567500
2006-01-03,24.093305587768555,24.19521924495653,23.559764209305385,23.877492870558054,12838600
2006-01-04,23.954242706298828,24.268634869561435,23.83332228868011,24.050978579120773,13491500
2006-01-05,24.02680206298828,24.06912387327956,23.88169706601413,23.948203426862047,8109400
2006-01-06,24.196102142333984,24.329114934604913,23.91193928843406,24.13564073386224,7966900
2006-01-09,24.58908462524414,24.61931647492571,24.111452305583967,24.111452305583967,16575200
2006-01-10,24.625356674194336,24.63744895044312,24.226320783447928,24.486298956882116,16614800
2006-01-11,24.607215881347656,24.70999675516229,24.552801799220635,24.62535313993482,12332300
2006-01-12,24.153772354125977,24.437932808065852,24.12354281303018,24.335151907066912,12230000
2006-01-13,24.135637283325195,24.202143669952612,23.972397269706267,24.05099362993269,10961200
2006-01-17,24.0086669921875,24.07517336548784,23.827287441783195,23.86960925999866,9941100
2006-01-18,23.748687744140625,24.008665933928327,23.54917093940007,23.645906849109494,17813100
2006-01-19,23.615673065185547,23.863558933409838,23.45847579868296,23.784960300158545,12091800
2006-01-20,23.005029678344727,23.470571957934023,22.90224878477661,23.464526972698362,20902400
2006-01-23,23.138050079345703,23.398028351524502,22.956670479454317,23.059451407058297,13172300
2006-01-24,23.041311264038086,23.295242210928873,23.02921898470522,23.138047192334547,9781500
2006-01-25,23.265016555786133,23.38593706296673,23.011085566437046,23.07154466684392,14248700
2006-01-26,23.93611717224121,24.069129927393774,23.404068457997223,23.404068457997223,16187900
2006-01-27,24.03285026550293,24.208184820967773,23.68218115457325,23.73055026216327,12929400
2006-01-30,24.093305587768555,24.16585923784335,23.833327440914626,23.893788815976954,8701700
2006-01-31,24.03285026550293,24.298873438150075,24.026805280237173,24.20213752933602,15582100
2006-02-01,24.1114444732666,24.317008529948122,23.984476742400393,24.1114444732666,11429800
2006-02-02,24.177959442138672,24.280740353903695,23.93611847530767,24.111453060941827,10309100
2006-02-03,23.899837493896484,24.244459312731557,23.82124115371725,23.851470692737415,10440700
2006-02-06,23.845420837402344,23.942156735686027,23.7668245056733,23.821238592605727,6591800
2006-02-07,23.736608505249023,23.942172714590246,23.609642986459022,23.700333960661755,8590500
2006-02-08,23.942167282104492,23.95425956301227,23.73055813213534,23.748695400313622,10065200
2006-02-09,24.044940948486328,24.202135925001624,23.84542185245239,23.899835941701117,8496300
2006-02-10,24.135637283325195,24.171914123221946,23.75474084305893,23.954257696574604,8790500
2006-02-13,24.044940948486328,24.37142548397868,23.9482050460848,24.044940948486328,7791600
2006-02-14,24.244457244873047,24.383517263963885,23.972389110530802,23.97843409527285,12904100
2006-02-15,24.37747573852539,24.486303940548247,24.165866627017806,24.165866627017806,12685700
2006-02-16,24.67977523803711,24.67977523803711,24.32910838871757,24.45607385279708,11572000
2006-02-17,24.65558433532715,24.679768885984256,24.425838023181697,24.583032989721517,11518600
2006-02-21,24.607215881347656,24.758365853215437,24.516524975680774,24.56489407373392,7324500
2006-02-22,25.036479949951172,25.12112356079044,24.6313991534017,24.72208774800145,13151400
2006-02-23,24.85511589050293,25.133231443515452,24.78860949600714,24.94580454142431,8739500
2006-02-24,25.187633514404297,25.29041670394809,24.709999006261526,24.75232081773081,9294300
2006-02-27,25.139272689819336,25.36297407591803,25.12113311890529,25.12113311890529,8541700
2006-02-28,24.873245239257812,25.151360703712616,24.77046433966778,25.14531571812278,11716200
2006-03-01,25.169504165649414,25.356928730678852,24.867204099352673,24.885341365293208,10527700
2006-03-02,25.187633514404297,25.296461688572666,25.012298977536837,25.169496254164816,10939800
2006-03-03,25.145305633544922,25.44760553185329,25.04856975834085,25.09089155959481,12290600
2006-03-06,25.048580169677734,25.278328833668414,24.87324560225416,25.078809710800314,9777800
2006-03-07,25.078805923461914,25.187634100161166,24.800690496948633,24.800690496948633,9441300
2006-03-08,25.151351928710938,25.23599784199953,24.909513381268038,25.084847884960727,9147100
2006-03-09,24.81882667541504,25.236002103360338,24.764412589438074,25.090897105299863,9767500
2006-03-10,24.8671932220459,25.030435463205357,24.709995964766954,24.824871415785907,11175700
2006-03-13,24.824880599975586,25.078811531479598,24.77651148557502,25.060674266762543,10626100
2006-03-14,25.018352508544922,25.090903873964177,24.939753850627042,24.945798836759344,16221500
2006-03-15,24.921613693237305,24.994165050235594,24.78255596467139,24.885336861555132,14011200
2006-03-16,24.982072830200195,25.109038281829385,24.945795998434974,25.042531910109506,10045600
2006-03-17,25.030431747436523,25.090890802728378,24.93974085813363,25.00019991342548,13042300
2006-03-20,25.060665130615234,25.12112419520859,24.87928563046969,24.976021517638344,9418000
2006-03-21,24.909523010253906,25.21786802700569,24.8127870926096,24.9518448300754,13473600
2006-03-22,25.423429489135742,25.514120411505225,24.788599951647235,24.903473121131416,13516100
2006-03-23,25.41738510131836,25.514121011148553,25.284372360414586,25.423430086647613,12986800
2006-03-24,25.453664779663086,25.65318393141565,25.33879158422058,25.387160702112045,7212800
2006-03-27,25.459707260131836,25.514121354291017,25.26018814609282,25.308557254841446,7836200
2006-03-28,25.12718963623047,25.51413346441578,25.090912787450417,25.350891104456263,15562700
2006-03-29,25.199735641479492,25.441576635590163,24.97603422106544,25.229965189151663,7822900
2006-03-30,25.109041213989258,25.41738855408639,24.861155267227996,25.11508850650601,9323500
2006-03-31,25.175527572631836,25.356906995664776,25.090883995640766,25.26017114962291,10371300
2006-04-03,25.35087013244629,25.671307292630416,25.320640603321127,25.3629624053694,10872900
2006-04-04,25.76536750793457,25.881179771718465,25.296019399093588,25.35697273261761,14008500
2006-04-05,25.929948806762695,26.003093284752175,25.625177435715333,25.704416318028507,9494600
2006-04-06,25.77754783630371,25.88726565084068,25.61297111449826,25.83850114428218,6226600
2006-04-07,25.41793441772461,25.868994773274217,25.37526660909752,25.753182482032276,10753900
2006-04-10,25.527647018432617,25.759271552955685,25.411832425950383,25.558123686109788,7409300
2006-04-11,25.36306381225586,25.814123960403286,25.283822636146677,25.600785015363304,8828400
2006-04-12,25.53984260559082,25.588604817335995,25.41793358839623,25.49717479835588,5873900
2006-04-13,25.71660614013672,25.8568006846409,25.545934925126573,25.576411595632543,6554700
2006-04-17,25.60079002380371,25.83241687031893,25.497168894575136,25.771461213225155,7986200
2006-04-18,25.966508865356445,26.057941167963634,25.643452093192455,25.734884395799643,11079200
2006-04-19,25.97870635986328,26.20423880816671,25.783652903377504,25.844608561792192,9448100
2006-04-20,25.966508865356445,26.17985012969987,25.832411100144625,25.90555554709835,8435900
2006-04-21,25.905550003051758,26.137176748258163,25.844596697838277,26.137176748258163,13733100
2006-04-24,26.015287399291992,26.07624075039671,25.698324858060595,25.91166391214841,9475900
2006-04-25,25.734893798828125,26.100618492445463,25.667843729113404,25.92385054960136,11649000
2006-04-26,26.003093719482422,26.05185825577136,25.69832234333977,25.838516897338863,10647800
2006-04-27,26.789390563964844,26.85644060405193,25.923839094544082,26.00308026239426,17465000
2006-04-28,27.66104507446289,27.978007519645566,26.88082893046684,26.88082893046684,28234900
2006-05-01,27.29532814025879,27.789058686947868,27.2648514627346,27.661055246213405,16235100
2006-05-02,27.734189987182617,27.740284390456345,27.374559738296036,27.429418668642146,12964500
2006-05-03,27.709806442260742,27.85609769149229,27.563517518249714,27.789047632478685,15589600
2006-05-04,27.850008010864258,27.92315481660046,27.734195722946936,27.740290127481064,10550700
2006-05-05,28.4351749420166,28.52660497457482,27.850012037625344,27.98411220897647,17297800
2006-05-08,28.099910736083984,28.435161000086577,28.063339671080286,28.404682012289754,10283900
2006-05-09,28.0511474609375,28.25229528637385,27.947524021902847,28.002382942516437,7931000
2006-05-10,27.990188598632812,28.11209755546573,27.7402762834743,27.88047309522513,7213600
2006-05-11,27.520843505859375,28.014571419410156,27.405028948185986,27.99018916250839,10532900
2006-05-12,27.01492691040039,27.40503378885492,26.978353518587628,27.398939386162994,18204900
2006-05-15,27.14903450012207,27.277037918895118,26.97226654549964,27.02103108134902,11229400
2006-05-16,27.01492691040039,27.307507069241286,26.899114657490582,27.185598088419145,8263600
2006-05-17,26.362722396850586,26.850356103308837,26.265195655558934,26.697970424714324,13005200
2006-05-18,26.05185317993164,26.46024562828712,26.021374188078923,26.38710116332596,10905200
2006-05-19,26.057950973510742,26.240813322315756,25.905565295303077,26.14938331052371,13351300
2006-05-22,25.990890502929688,26.179849505375657,25.808028227296166,26.057940546546643,14742200
2006-05-23,25.704416275024414,26.143287792669103,25.67393960301487,26.051857776640478,13249400
2006-05-24,25.69223403930664,25.893381986206627,25.350889179897983,25.66175503427855,12944000
2006-05-25,26.11890411376953,26.14938310935332,25.79584722252529,25.996997432317976,9902400
2006-05-26,26.350540161132812,26.441972529251196,26.17986888754832,26.271298930444992,7918100
2006-05-30,25.868982315063477,26.204232543139586,25.86898231506348,26.14937362629259,8680900
2006-05-31,25.990890502929688,26.192040633780554,25.70440479846451,26.003081631334588,11348000
2006-06-01,26.563865661621094,26.624818987029787,26.05184982243897,26.057944224891713,9034900
2006-06-02,26.70406150817871,26.94178274449151,26.533388003086618,26.69796478020019,9637700
2006-06-05,26.19203758239746,26.77719772634133,26.15546420144357,26.61262099987842,7867200
2006-06-06,25.832412719726562,26.32004627202401,25.60688031254759,26.192042900524715,12679200
2006-06-07,25.753170013427734,26.070132384927096,25.68002556622636,25.826314460629106,9958000
2006-06-08,25.814128875732422,25.90556119828518,25.143632927747383,25.60078989007006,14402700
2006-06-09,25.661746978759766,25.960423927636903,25.612984771420763,25.814132655178106,8106100
2006-06-12,25.356966018676758,25.740978428818213,25.350871617026264,25.661737256041718,9059600
2006-06-13,24.704763412475586,25.527647403495944,24.588951143467117,25.204588210626884,16522300
2006-06-14,24.36342430114746,24.89982024345635,23.97331731575153,24.771816824852255,16879100
2006-06-15,24.7474308013916,24.881530929228866,24.381706139389046,24.44265947464924,18481200
2006-06-16,24.479244232177734,24.80839797587839,24.387811861631405,24.747442287106914,15754500
2006-06-19,24.351228713989258,24.66209443449574,24.229319722041776,24.485326512432923,9087100
2006-06-20,24.680383682250977,24.857149289031206,24.406089016253027,24.46704235304335,11176100
2006-06-21,25.11925506591797,25.27164074672342,24.4426622711064,24.460950133953304,15242300
2006-06-22,25.033916473388672,25.399641133649652,24.99124867386558,25.06439314087364,10466300
2006-06-23,24.91200828552246,25.174111819784095,24.290274482754448,24.88762834587684,9954700
2006-06-26,25.296024322509766,25.296024322509766,24.753531642809385,24.790102719953452,11183300
2006-06-27,24.893718719482422,25.338684517765618,24.802286403645713,24.802286403645713,14116000
2006-06-28,25.15582275390625,25.180205015351333,24.954672584814972,25.094867100293545,8540100
2006-06-29,26.015287399291992,26.125005291457526,25.36307677654204,25.405744587359603,17320000
2006-06-30,25.60079002380371,26.20423824031899,25.60079002380371,26.167664846062724,16247700
2006-07-03,26.344364166259766,26.344364166259766,25.809734605800813,25.84046001149189,6828300
2006-07-05,26.061674118041992,26.34435146482948,25.834303412512675,26.34435146482948,10451000
2006-07-06,26.086267471313477,26.22145972273681,25.975654137477385,26.05554206618082,10831500
2006-07-07,26.061674118041992,26.270610057884277,25.987932711096793,26.086255368422748,6736400
2006-07-10,26.16614532470703,26.233740252292105,26.073966800604367,26.141564072386686,5332100
2006-07-11,26.344364166259766,26.418107952956177,25.901913167072234,26.030961277493674,8814500
2006-07-12,25.96335220336914,26.565578789741267,25.9449174371548,26.350498703250196,7025300
2006-07-13,25.434865951538086,25.785140559995742,25.324252670530722,25.7789964195829,11099000
2006-07-14,25.127605438232422,25.508605408031144,24.955541389458194,25.34883198334034,10439300
2006-07-17,25.02928924560547,25.15833731547171,24.8264997564153,25.078451754619724,10806600
2006-07-18,25.017000198364258,25.262808070565253,24.90024274837747,25.164485390524376,10760800
2006-07-19,26.454973220825195,26.461119707487622,25.649956938685293,25.748279627503823,27046400
2006-07-20,26.41194725036621,26.65160856764815,26.270608584897296,26.4549632640221,16362600
2006-07-21,26.516427993774414,26.71307338347961,26.295201344306584,26.52871627945778,15203300
2006-07-24,27.161663055419922,27.25383923686506,26.639321983775005,26.670049721787336,12629200
2006-07-25,27.425914764404297,27.567253498221447,27.044912253212253,27.130946666325276,12536000
2006-07-26,27.438201904296875,27.55495936237129,27.266135444158344,27.34602335978703,14170000
2006-07-27,27.46892547607422,27.634845438629686,27.16166680708949,27.456634848011117,13841100
2006-07-28,27.94825553894043,27.985127432746573,27.530383452597054,27.579545977671906,14184400
2006-07-31,28.034282684326172,28.08958934321165,27.677863816995863,27.714733360120974,14621600
2006-08-01,27.966670989990234,28.13873736466362,27.80689758228988,28.13873736466362,13402300
2006-08-02,27.95440673828125,28.212503005830705,27.776196071145517,28.206358861259886,11051900
2006-08-03,28.058855056762695,28.14488708907343,27.714724583322685,27.745452318459716,9045400
2006-08-04,27.72702980041504,28.329256687720612,27.112512281425886,28.243224610133858,14113100
2006-08-07,27.819198608398438,27.856070490516416,27.554955980379965,27.65327865516376,5925500
2006-08-08,27.64714241027832,28.095739888622166,27.616414660971333,27.94825466222234,11025900
2006-08-09,27.25384521484375,27.886799718415695,27.241556929980195,27.727023884815864,10452800
2006-08-10,27.069488525390625,27.25384325969001,26.835971278372668,27.192392462989428,10392300
2006-08-11,26.995742797851562,27.130937342082312,26.731500194599054,27.069484210978672,6868600
2006-08-14,26.97116470336914,27.346020642301507,26.86055139862852,27.223116709901095,6985600
2006-08-15,27.677871704101562,27.72088774613728,27.130951446048773,27.130951446048773,11078300
2006-08-16,27.94209861755371,28.052711904190737,27.727016185005212,27.92366150698278,8814800
2006-08-17,27.935958862304688,28.07115343280609,27.806910778206653,27.82534554902131,6163700
2006-08-18,28.08957290649414,28.08957290649414,27.819186256937247,28.071138145718756,9213600
2006-08-21,27.935958862304688,28.021990918370047,27.85607329264269,27.90523346288102,5649000
2006-08-22,27.868364334106445,28.015849547807754,27.72088146460308,27.819204159004638,6252400
2006-08-23,27.972820281982422,28.04656168184811,27.75159373818851,27.77617498620935,8730200
2006-08-24,28.071149826049805,28.249360401686282,28.04042443057393,28.08344045307964,8682800
2006-08-25,27.972820281982422,28.077287069775746,27.837625762064622,28.071142929868955,4450900
2006-08-28,28.280080795288086,28.292371420144086,27.84377416178652,27.89908080154003,7324900
2006-08-29,28.24936294555664,28.280088343799356,27.91137653229388,28.1940562910407,8050800
2006-08-30,28.10186767578125,28.31080359079139,28.083432912285197,28.200190321421506,8596400
2006-08-31,28.058855056762695,28.1879031052288,28.009694900098157,28.083436307193494,6245400
2006-09-01,28.10186767578125,28.206336805384712,27.8499157498158,28.175609073962246,6703300
2006-09-05,28.144893646240234,28.230925698594625,27.923667029216023,28.046570965806985,6134000
2006-09-06,28.194067001342773,28.29853386389219,27.948259033628783,28.05272824037671,7126400
2006-09-07,27.776182174682617,28.212488891082945,27.733166151612018,28.20019826389171,7278400
2006-09-08,27.81304931640625,27.92366260740234,27.456630535350047,27.65327586507704,7728200
2006-09-11,27.89293670654297,28.015840621434904,27.72701677306843,28.015840621434904,7173200
2006-09-12,28.273954391479492,28.28010088037135,27.831503303410972,27.892954127137564,11555700
2006-09-13,28.51360321044922,28.71639269728583,28.1018754069244,28.273939498082424,11745700
2006-09-14,28.575057983398438,28.611929869868852,28.329250095324507,28.519751325791688,7622400
2006-09-15,28.851579666137695,29.097385111140788,28.734819911379176,28.79627303077756,15421000
2006-09-18,28.62421989440918,28.851590662349018,28.556622609406,28.697961321595507,11125300
2006-09-19,28.759397506713867,28.790122890412547,28.402978836255436,28.71638150069641,6768700
2006-09-20,29.017513275146484,29.183433259579225,28.851593290713744,28.851593290713744,9084200
2006-09-21,28.765548706054688,29.09738618627999,28.67951433571801,28.93146861826579,7782700
2006-09-22,28.77168846130371,28.845429851871454,28.581187329457453,28.697947070735967,6046700
2006-09-25,28.82699966430664,29.066660979826672,28.72867701321645,28.94990356421861,15329800
2006-09-26,28.82085609436035,28.851581483896954,28.507451026174923,28.827000234588887,12381400
2006-09-27,28.783992767333984,29.01136353045521,28.648798200192772,28.753267368673978,8884200
2006-09-28,28.974491119384766,29.078957933319312,28.820861797106367,28.88231258833876,6165100
2006-09-29,28.85771942138672,29.16497793910386,28.783978033509612,28.974479158404964,10115300
2006-10-02,28.802440643310547,29.085120534520854,28.722555039284696,28.857747323743137,7382800
2006-10-03,29.34320068359375,29.447667497985496,28.845440833322236,28.85158731899083,11801200
2006-10-04,29.392715454101562,29.423661196276786,29.058495772188042,29.120387256538493,20650500
2006-10-05,29.34319496154785,29.374140698011004,29.08943614493661,29.268924721834605,12915100
2006-10-06,29.002777099609375,29.213211340132226,28.95326204960045,29.15131752762107,10748900
2006-10-09,29.157520294189453,29.21941177159973,28.897570894847533,29.002789239655232,7252800
2006-10-10,29.417484283447266,29.497945139250547,29.14515832051061,29.26894370766723,14164900
2006-10-11,29.485565185546875,29.522701508512046,29.194669891510834,29.275130744097144,10288100
2006-10-12,29.869281768798828,30.061149126643564,29.42984613996996,29.52268571721934,14979300
2006-10-13,29.807395935058594,29.99307276370501,29.547448847155408,29.720746905757533,7298000
2006-10-16,29.541255950927734,29.77025727615728,29.398903648162946,29.69598702276017,7330200
2006-10-17,29.702194213867188,29.838356027811553,29.08945778758218,29.120403547069078,8880100
2006-10-18,29.21941375732422,29.70836448952304,28.848060145608656,29.609336702331642,21532700
2006-10-19,29.00899887084961,29.21943335489653,28.699536533192983,29.21943335489653,11986700
2006-10-20,29.163707733154297,29.169898297338186,28.804732923767975,29.015167246859427,10979200
2006-10-23,29.33081817626953,29.380333246762362,28.978031562537897,28.984222126853755,8838300
2006-10-24,29.17608642578125,29.21941093092365,28.934706365414012,29.132761920638846,13431500
2006-10-25,29.256549835205078,29.398902130621785,29.03992492921635,29.275116807343753,9021700
2006-10-26,29.566015243530273,29.677421810741272,29.281310621106137,29.30606579970164,7644300
2006-10-27,29.2689208984375,29.528867883981174,29.188460105337203,29.44221888879995,7112500
2006-10-30,29.367956161499023,29.504117891137387,29.138954849872484,29.299874116175516,10222600
2006-10-31,29.361770629882812,29.757884201391406,29.355582425160215,29.572205005586824,12564200
2006-11-01,29.04612159729004,29.596963922564676,28.90995747697167,29.55363940446504,11490200
2006-11-02,29.027544021606445,29.138950559184266,28.897568153760126,29.04611099086665,7059000
2006-11-03,29.021366119384766,29.24417929175007,28.779985969658796,29.182287793208296,7984100
2006-11-06,29.49173927307129,29.535063778482467,29.12038333396462,29.200844141589002,8633700
2006-11-07,29.392715454101562,29.708365801902914,29.380336685029715,29.39890365813309,8535500
2006-11-08,29.485565185546875,29.646486890719498,29.213239233498314,29.392727919648628,7511200
2006-11-09,29.238008499145508,29.553659107310803,29.20087216129811,29.49176757190921,6836700
2006-11-10,29.466991424560547,29.466991424560547,29.281314574476326,29.36796361378168,5849900
2006-11-13,29.4979305267334,29.640282825092378,29.312253718482935,29.337011255851987,7664600
2006-11-14,29.553638458251953,29.590774770152294,29.12658149593891,29.39271916203531,8276800
2006-11-15,29.367956161499023,29.504117891137387,29.083251572881313,29.44222641048437,11340700
2006-11-16,29.61553192138672,29.695992755354418,29.318448489439707,29.398909323407413,8192500
2006-11-17,29.4979305267334,29.70217666851501,29.454606016841915,29.70217666851501,12991600
2006-11-20,29.646469116210938,29.739306326448734,29.429844236972663,29.497926274418738,8614500
2006-11-21,29.553638458251953,29.67123323775607,29.337015874689342,29.57220543369758,7423800
2006-11-22,29.454605102539062,29.64028190502592,29.32463157689913,29.460793306184883,5916100
2006-11-24,29.256549835205078,29.41746910276046,29.200846557780395,29.225604094637735,2926400
2006-11-27,28.860437393188477,29.2503579566384,28.7490308433432,29.176087710411068,11109800
2006-11-28,28.594295501708984,28.83567553653442,28.33434613735283,28.755214737923207,13415600
2006-11-29,28.88520622253418,29.00899159876791,28.60050150990338,28.60050150990338,9414400
2006-11-30,28.643810272216797,28.92851718915793,28.50145799425042,28.916138422246718,13058500
2006-12-01,28.47671890258789,28.78618119275777,28.16725661241801,28.779992985798728,14731400
2006-12-04,28.990415573120117,29.169904194604644,28.56954684185037,28.643817100012992,13148100
2006-12-05,29.213232040405273,29.244177788085,28.94709436054302,29.027555193317685,10747700
2006-12-06,28.98422622680664,29.244173300639186,28.94089935349237,29.132766737279855,14162400
2006-12-07,28.860437393188477,29.13895376780168,28.81711288613849,29.13895376780168,7394600
2006-12-08,28.940889358520508,29.17608117338801,28.687130576508324,28.878997894032864,9120100
2006-12-11,29.429845809936523,29.609334398067944,28.903761174112425,28.903761174112425,11221600
2006-12-12,29.479366302490234,29.68980066772796,29.306065885759267,29.436041788559727,15958400
2006-12-13,29.460792541503906,29.646471700179934,29.398901062617618,29.572199092306093,11353700
2006-12-14,29.677431106567383,29.733134407620764,29.275129225514142,29.466996676033478,10052600
2006-12-15,29.89405059814453,30.110675573230953,29.708373734505756,29.83215909726808,16172100
2006-12-18,29.850719451904297,30.07972078754653,29.726934116608074,29.894043965106643,8538200
2006-12-19,29.8754825592041,30.00545612303494,29.677426930221113,29.726939656962195,9291400
2006-12-20,29.84453773498535,29.937374985881146,29.79502264570007,29.912619802247914,6036400
2006-12-21,30.11067008972168,30.308725689669366,29.912614489773997,29.968315413813357,10782200
2006-12-22,29.640281677246094,30.20350264503287,29.47317184798954,30.104474860400316,8342000
2006-12-26,29.900230407714844,29.937364350477374,29.677417307105394,29.69598427848666,4101200
2006-12-27,30.296344757080078,30.3272904996739,29.596959641617374,30.04258589019663,7716200
2006-12-28,30.277772903442383,30.32728797627963,30.10447487052926,30.203502655195134,6525200
2006-12-29,29.89405059814453,30.27159489211538,29.87548362008348,30.172567074107405,9601100
2007-01-03,29.96259307861328,30.149586112127018,29.663403749442217,29.91896145005159,14244700
2007-01-04,30.037405014038086,30.2617977188853,29.76314858463962,29.950141712763422,9471500
2007-01-05,29.788084030151367,30.07480700817107,29.68835419528596,30.024940901864955,10760500
2007-01-08,29.887819290161133,29.956384009904284,29.49513195383496,29.65095999770676,8239200
2007-01-09,29.763151168823242,29.987543893153344,29.52005984338125,29.856648929876396,9276700
2007-01-10,29.98130989074707,29.993776417590972,29.569924015885668,29.58862499502496,15597000
2007-01-11,30.112197875976562,30.180760185691106,29.881570767655,29.91897033656431,8049200
2007-01-12,29.912757873535156,30.081050099587248,29.856659672268563,29.98132022819638,10646700
2007-01-16,30.162084579467773,30.205716254244706,29.98132342525024,30.0187230226653,8696500
2007-01-17,30.18700408935547,30.473727074211446,29.99377648943242,30.32413350722001,16291400
2007-01-18,30.012468338012695,30.28049263989123,29.86910451145298,29.950135722607136,12654200
2007-01-19,30.392698287963867,30.436332324412255,30.00624543471773,30.105975279998898,14649200
2007-01-22,30.95367431640625,31.0783371939351,30.355295357563715,30.461257257927937,18325500
2007-01-23,31.059648513793945,31.078347119183583,30.71682489666806,30.89758600792582,12845300
2007-01-24,31.38999366760254,31.414926719029935,30.860177024630307,30.966141304323415,13857500
2007-01-25,31.29648780822754,31.58944514226056,31.121961248929253,31.315188780828098,14855900
2007-01-26,30.97859001159668,31.321410949424408,30.85392720391061,31.165583034253142,13990300
2007-01-29,30.835254669189453,30.94745105313262,30.610861901303114,30.897584936825748,12085000
2007-01-30,31.277786254882812,31.321417890580374,30.772902841852126,30.9785968767799,12325700
2007-01-31,31.74527931213379,31.888640782116212,31.07210123282868,31.209230629223388,18460500
2007-02-01,31.919795989990234,31.938496960437114,31.701637815991347,31.763968043492238,13420400
2007-02-02,31.74527931213379,31.99460505507935,31.62061644066101,31.926040356881998,15443400
2007-02-05,31.763986587524414,31.88241741776091,31.502196625890985,31.670491191689827,8079900
2007-02-06,31.788923263549805,31.988382984003263,31.639327284335995,31.695425479322743,9849200
2007-02-07,31.919795989990234,31.92603043938778,31.66423825284335,31.689171294942014,7537400
2007-02-08,31.74527931213379,31.826310535253075,31.489721495600516,31.826310535253075,10312300
2007-02-09,31.427392959594727,31.90734353166975,31.21546914159084,31.801381622667805,9489000
2007-02-12,31.439861297607422,31.570758644985652,31.321432855238207,31.53335906319945,7889000
2007-02-13,31.757753372192383,31.801385030898327,31.371300518905258,31.38376466903804,8374100
2007-02-14,32.05070114135742,32.13173236521178,31.788911248861602,31.845009422645923,10745900
2007-02-15,31.919795989990234,32.08185838588577,31.72033640869246,31.820066199341348,13339600
2007-02-16,31.944740295410156,32.007070544887924,31.795144367818267,31.888642119781522,11291900
2007-02-20,32.18159866333008,32.256395436253804,31.863708217347774,31.882409193888613,9171500
2007-02-21,32.19407272338867,32.31873324818921,31.957213446322868,32.06940982084103,9337100
2007-02-22,32.18783950805664,32.38106713332204,32.025779392936805,32.28756935837974,9111600
2007-02-23,31.807607650756836,32.25639301003618,31.614382470425404,32.13173014604232,10042600
2007-02-26,31.67047882080078,32.05069708640549,31.433619630595143,31.894869109802404,13342800
2007-02-27,30.679420471191406,31.545823857459236,29.669653218159123,31.545823857459236,21228500
2007-02-28,30.785388946533203,31.0970450441944,30.47373284887201,30.585929234249825,19180400
2007-03-01,30.666954040527344,30.816547604428038,30.105972231532675,30.52982462549602,22648000
2007-03-02,30.037405014038086,30.54228859994432,29.987541289486835,30.511123474881458,16922400
2007-03-05,29.632253646850586,30.018706428856852,29.420327467476838,29.669650845845194,20199600
2007-03-06,30.24308967590332,30.342819471611534,29.563679699595514,29.900268651765447,17751900
2007-03-07,30.143354415893555,30.46124233904208,30.081021818784215,30.34904604199073,13664500
2007-03-08,30.380239486694336,30.760457954070404,30.30544030625373,30.41140462300418,11979500
2007-03-09,30.430097579956055,30.760452243456214,30.249336494070402,30.61709074084771,9452900
2007-03-12,30.442556381225586,30.52981967564398,30.29296046383231,30.31789351302226,10445700
2007-03-13,29.108661651611328,30.230622420535653,29.021398379702724,30.199457305960554,25294400
2007-03-14,29.482664108276367,29.638492145188764,28.616260603482974,29.121144299068117,25043400
2007-03-15,29.731992721557617,30.037414371162573,29.382937029976016,29.382937029976016,15828300
2007-03-16,29.314361572265625,29.813013056995583,29.28319644890663,29.682115734493397,24746900
2007-03-19,29.657176971435547,29.794303952353697,29.395384775599357,29.420317818582966,14448200
2007-03-20,29.763151168823242,29.84418240321952,29.501361242269354,29.613555226687566,14507400
2007-03-21,30.573461532592773,30.947450262093007,29.800555771570647,29.800555771570647,20747600
2007-03-22,30.2119197845459,30.604604455587708,30.143355115008134,30.579673793911212,18906700
2007-03-23,30.24308967590332,30.473714382651213,30.18699151720833,30.286721312916548,11748200
2007-03-26,30.355295181274414,30.405158905348397,29.881576724965246,30.261797429234115,11851000
2007-03-27,30.274269104003906,30.430097132077943,30.13713967841971,30.28673563157947,11183500
2007-03-28,29.912757873535156,30.218179564405073,29.78809493985965,30.09975108517457,13176700
2007-03-29,30.230634689331055,30.317897996654583,29.93144518804461,30.06857460112261,10837100
2007-03-30,30.15583610534668,30.5547554165428,29.887811747309286,30.29919758419862,12674800
2007-04-02,30.068565368652344,30.224393334668328,29.731976391398764,30.155828649181924,13834500
2007-04-03,30.482868194580078,30.50169951273173,30.18783143887963,30.288269126727368,13572200
2007-04-04,30.482868194580078,30.57702717996169,30.300824137036255,30.48286819458008,9163600
2007-04-05,30.614700317382812,30.690028004558858,30.344773510825974,30.351049820330644,7991000
2007-04-09,30.759078979492188,30.840685369728412,30.545648539767896,30.62097622595766,7509000
2007-04-10,30.909746170043945,30.97251886190245,30.74653333981231,30.76536466844492,8200100
2007-04-11,30.853235244750977,30.972504260906458,30.74651884534991,30.82184651899424,11971300
2007-04-12,30.88462257385254,31.085497973143966,30.58958578349541,31.085497973143966,9472400
2007-04-13,30.81557273864746,31.041558172743272,30.545645958435657,31.041558172743272,11266300
2007-04-16,31.367990493774414,31.54375592968987,30.959960852256994,31.05412227556854,15765000
2007-04-17,31.499794006347656,31.650449311742783,31.20475730756642,31.367970015471197,12238500
2007-04-18,32.68622589111328,33.06286667802296,32.2844750798433,32.37235777048064,39198500
2007-04-19,32.698795318603516,32.78667804798408,32.23426924164579,32.66113026545836,20708700
2007-04-20,32.98127746582031,33.087991525222044,32.70507186336915,33.0503288664331,21166800
2007-04-23,32.81806182861328,33.081712390762505,32.673682728117704,32.86200318986739,12675600
2007-04-24,32.742713928222656,32.81804158753802,32.42256958016504,32.67994127789704,10315700
2007-04-25,33.15703582763672,33.23236352371339,32.755284922395454,32.79294996774593,18088100
2007-04-26,33.232364654541016,33.27002970117315,32.99382654307724,33.12565061435318,14440500
2007-04-27,32.987545013427734,33.144479102354246,32.730173203373226,33.1256477779628,14428600
2007-04-30,32.70506286621094,33.30769158192371,32.63601387921831,32.93104833527521,29900000
2007-05-01,32.80550765991211,32.95616546998116,32.39120167550305,32.89339277931677,13859000
2007-05-02,32.987545013427734,33.1256477779628,32.642290496714246,32.642290496714246,12968600
2007-05-03,33.081703186035156,33.219803542426455,32.874549059512326,33.16330957478269,9700300
2007-05-04,33.03776550292969,33.30141362635109,33.01265547366359,33.144479535374295,11974600
2007-05-07,33.10054016113281,33.238642935731725,32.98754741730177,33.15076022266854,7375400
2007-05-08,32.92476272583008,33.05031043925202,32.786660001603586,32.94359404472516,9028200
2007-05-09,33.395572662353516,33.426958999390585,32.91221540918585,32.98754309699961,12561700
2007-05-10,32.64228820800781,33.28885584277137,32.610901871347984,33.13820046895461,13478400
2007-05-11,32.73644256591797,32.880821599174,32.46651581842346,32.71760885227693,12419400
2007-05-14,32.535579681396484,32.74273145404926,32.359811856081926,32.64229372299425,9328300
2007-05-15,32.6611213684082,33.08798227594177,32.642290044277765,32.69878641129321,11105000
2007-05-16,33.25746154785156,33.31395789816969,32.767828108176715,32.87454210620906,12924700
2007-05-17,32.993831634521484,33.270034835239706,32.95616658207707,33.13193203756823,9049900
2007-05-18,32.98127746582031,33.22609432644762,32.9247810830121,33.03149514241383,11115100
2007-05-21,32.993831634521484,33.150765761102804,32.836897507940165,32.880838871812955,10408300
2007-05-22,32.8243408203125,33.069157662182796,32.69879304651054,32.99382995575146,9665800
2007-05-23,32.63601303100586,33.04404021099024,32.59834798893269,32.84944348017236,11246900
2007-05-24,32.38492202758789,32.79295165874007,32.297039311862655,32.64229386419367,13105800
2007-05-25,32.41630935668945,32.548133434291046,32.1777688391548,32.347257965195915,10761300
2007-05-29,32.529300689697266,32.59207337306957,32.297038887670496,32.422586649039474,9552300
2007-05-30,32.679962158203125,32.679962158203125,32.234267435478976,32.28448750352522,10243400
2007-05-31,32.535579681396484,32.83689287456151,32.43513955571708,32.79922782743173,10976300
2007-06-01,32.579532623291016,32.692525410232506,32.42887477582728,32.59208524883985,12104800
2007-06-04,32.372371673583984,32.516750783727275,32.35354034453805,32.36609536211026,11095500
2007-06-05,32.152652740478516,32.32214182191838,32.13381902390263,32.165207753321155,13615700
2007-06-06,31.73834991455078,32.15893210898339,31.550027098619207,32.15893210898339,13877400
2007-06-07,31.27383041381836,31.794852827840167,31.223612741953062,31.575143628883854,17409400
2007-06-08,31.644187927246094,31.688129278259233,31.09805799706562,31.28010210533379,13508100
2007-06-11,31.656742095947266,31.914113885563747,31.405646615754804,31.644187082475245,11252000
2007-06-12,30.978784561157227,31.637909573005413,30.972508251971266,31.524916850667086,15388300
2007-06-13,31.56885528564453,31.63162795020695,31.085498105718212,31.154549473511068,14507600
2007-06-14,31.58770751953125,31.90785454678255,31.342890613177463,31.342890613177463,12440700
2007-06-15,31.73834991455078,32.00827672978703,31.65046481629148,31.788567576074882,18351900
2007-06-18,31.656742095947266,31.92039019498777,31.593969423211135,31.90783757613972,9290300
2007-06-19,31.92038917541504,31.939222892333483,31.568858387922646,31.663017394019295,12251900
2007-06-20,31.0478458404541,32.008284286736604,31.0227358064517,31.958064218731796,14920700
2007-06-21,31.28638458251953,31.311494615083937,30.55821040052337,31.192223157715272,19429500
2007-06-22,30.583311080932617,31.22987865669103,30.4954283884556,31.11060963041848,25110400
2007-06-25,30.357324600219727,30.89089944023042,30.16900420931146,30.58331002715912,17240200
2007-06-26,30.50798225402832,30.790464058989002,30.319661848929158,30.413823248790674,18963800
2007-06-27,30.909746170043945,30.947408827309168,30.18157192921166,30.29456229563203,16354200
2007-06-28,30.733963012695312,31.060386115929436,30.48286997571611,30.916007080876106,14430900
2007-06-29,30.413820266723633,30.947395094625037,30.194111153463805,30.903453750897796,21764700
2007-07-02,30.853235244750977,30.91600790701732,30.48914709866019,30.69630119446155,15717900
2007-07-03,31.213850021362305,31.36568172734873,31.024062198841598,31.118954903460406,7444000
2007-07-05,30.865894317626953,31.22016415032505,30.77732685945243,31.062007285504187,11613000
2007-07-06,30.97977066040039,31.099969021325627,30.65080405792436,30.75834957876023,10792400
2007-07-09,30.865894317626953,31.175880421237785,30.701409826775205,31.131596692150524,10577700
2007-07-10,30.05613136291504,30.72671737946022,30.02450047067701,30.555907665436,21881800
2007-07-11,30.448345184326172,30.64445805490356,29.80939041602418,30.062442239500797,27232500
2007-07-12,31.334041595458984,31.397305798057456,30.448364478623496,30.802634360044664,19172800
2007-07-13,31.66301155090332,31.77055950003027,31.169562784968473,31.428940009791,16393800
2007-07-16,31.523832321166992,31.922385944481668,31.46056811750248,31.574441270815992,12263900
2007-07-17,31.580768585205078,31.93504090944371,31.523834418043833,31.599749054208264,18302200
2007-07-18,30.92283058166504,31.182207740891485,30.25857223860047,30.878546853012885,35535600
2007-07-19,30.758358001708984,31.435269445521037,30.26490916950887,31.31507105168036,26199400
2007-07-20,30.087751388549805,30.878535411882662,29.97387829612737,30.878535411882662,30677800
2007-07-23,29.828372955322266,30.28386289080869,29.771436411726313,30.20794830377449,20520200
2007-07-24,28.683338165283203,29.701869082742636,28.544159308005614,29.499428424856873,35706200
2007-07-25,28.639036178588867,29.23370493065259,28.019061757088867,28.892085633107243,40175100
2007-07-26,27.88622283935547,28.1835561391142,27.51929771149328,28.025399255714813,51202000
2007-07-27,27.98111915588379,28.620074399249205,27.645827291776545,27.892551675801332,40020600
2007-07-30,28.310073852539062,28.556798132391407,27.588879061191648,28.31007385253906,32316300
2007-07-31,27.84193992614746,29.081891870137053,27.797656186713848,28.51252605844373,34080900
2007-08-01,28.076004028320312,28.11396012692838,27.32950352079021,27.645817213361205,44504500
2007-08-02,28.208850860595703,28.31639634115059,27.835600664248382,28.094977755724887,28297400
2007-08-03,27.61419105529785,28.436606314152957,27.44970655555741,28.21518524346888,36628500
2007-08-06,28.537818908691406,28.537818908691406,27.380109749954922,27.683770575209973,34200000
2007-08-07,28.683338165283203,29.13250322413705,27.930512119600706,28.461919449871587,30556500
2007-08-08,29.42348861694336,29.878980951625632,28.639032277525153,28.942693029552956,27447200
2007-08-09,27.943159103393555,29.0629102117181,27.943159103393555,28.493546836604356,39278200
2007-08-10,27.9937686920166,28.341713356944478,26.89299570872349,27.430730566596164,32549000
2007-08-13,27.72805404663086,28.740256700328285,27.633158992036076,28.613730765295735,21357600
2007-08-14,27.39276885986328,27.848261408709778,27.285223348764674,27.797650052934717,25217200
2007-08-15,27.20298957824707,28.101319703617982,27.08279119075298,27.28523185036567,27726700
2007-08-16,28.765567779541016,29.03759774636946,26.671570280143012,27.044820531376324,51414800
2007-08-17,29.739822387695312,30.54958735600713,29.195764679336904,30.416736139313198,57869900
2007-08-20,29.41083526611328,30.056112791562576,28.512503519272112,29.841019478652512,32691300
2007-08-21,29.227394104003906,29.784107039177286,28.94271121594464,29.176782740223302,23582300
2007-08-22,29.100866317749023,29.6259483249014,28.487216842711305,29.524725603566722,30844900
2007-08-23,28.892086029052734,29.46777915685091,28.563121974998772,29.38553693669667,21476600
2007-08-24,29.06924057006836,29.100871469443778,28.48722188577236,28.784557649123737,13248000
2007-08-27,28.411300659179688,29.0376029400877,28.39864781970573,28.942707850674182,13527200
2007-08-28,27.582561492919922,28.139274438438274,27.493994017940736,28.139274438438274,23516300
2007-08-29,27.91785430908203,27.98111609843332,27.297879602965637,27.75969742242124,21605200
2007-08-30,27.816627502441406,28.063351801892235,27.418071565407445,27.607859302424853,15581500
2007-08-31,28.164581298828125,28.55048452447792,28.00642439738364,28.468242260007603,16937800
2007-09-04,28.65802574157715,28.86046635186455,28.00009255150188,28.08866243012475,15416800
2007-09-05,27.943159103393555,28.449263098982712,27.879897310586262,28.36069562373942,15556800
2007-09-06,27.96846580505371,28.183559287032708,27.72806905299932,27.98744627421375,18994400
2007-09-07,27.53194808959961,27.829283776050378,27.329507490015093,27.373791220344064,21526200
2007-09-10,27.79132080078125,28.120287325658797,27.424395764589473,27.677447680120487,17181500
2007-09-11,28.177234649658203,28.367022452164207,27.626846885123086,27.81030947330146,15148000
2007-09-12,28.132938385009766,28.303748055207244,27.930497830690182,28.151916432826674,13896800
2007-09-13,28.84779930114746,28.961672389998615,28.075995759611136,28.101299013470424,20262100
2007-09-14,28.809850692749023,28.873112463741858,28.474556549297777,28.613735341420252,12482300
2007-09-17,28.65169906616211,28.866792505276116,28.398647109575396,28.71496084866763,17958300
2007-09-18,30.252233505249023,30.277539173268256,28.54413952645221,28.89841163887745,27267800
2007-09-19,30.09408187866211,30.404070332037403,29.841029981487107,30.34713377583711,31807800
2007-09-20,29.70818519592285,30.20796147277536,29.56268116847508,30.12571922655453,19553500
2007-09-21,29.815717697143555,30.07509472725743,29.49940412806415,30.049789062543635,20535000
2007-09-24,29.315967559814453,29.860027765068445,29.2084195964748,29.860027765068445,17346800
2007-09-25,29.16411781311035,29.25901287423133,28.879437456310722,29.25901287423133,16405200
2007-09-26,29.183103561401367,29.53737337211397,28.93637925371735,29.265343388441313,17485400
2007-09-27,29.23370933532715,29.277993056872177,28.898417611262836,29.227384123655785,12840300
2007-09-28,28.986988067626953,29.23371237424885,28.835158838912896,29.13249208401212,15587900
2007-10-01,29.613279342651367,29.758783305332567,28.733925530007465,28.76555881982262,17276200
2007-10-02,29.8347110748291,29.95490942408308,29.61961764076044,29.727165564435897,16003200
2007-10-03,29.975000381469727,30.26837214173661,29.751783266676245,29.79004766756422,12675700
2007-10-04,30.13446044921875,30.249258588418048,29.962263240419798,30.102572617860183,11132400
2007-10-05,30.344919204711914,30.53624859226431,30.153587384274363,30.26200891138132,13435600
2007-10-08,30.255640029907227,30.344929378059366,30.006911499412638,30.172732141666348,8305500
2007-10-09,30.33853530883789,30.421445588856873,29.968632210010878,30.351290923678103,12967500
2007-10-10,29.91761589050293,30.27476588067073,29.688019642029722,30.27476588067073,18858500
2007-10-11,29.75818634033203,30.3704416282812,29.675276009811963,29.981403653786547,27920400
2007-10-12,29.86021614074707,30.038789915276045,29.681642366218103,29.76455022845786,12507000
2007-10-15,29.509450912475586,29.86022193748892,29.20332333976109,29.828334104830557,16575300
2007-10-16,28.76963233947754,29.592351283285193,28.444370230118757,29.33724384194046,22510200
2007-10-17,29.573225021362305,30.051549784720674,29.17781056486067,30.000529741729604,34659600
2007-10-18,29.273483276367188,29.420169279186407,28.986487865248662,29.401034629854426,19397900
2007-10-19,28.712255477905273,29.719925540965317,28.673988602262458,29.203336100664398,29500400
2007-10-22,28.935455322265625,29.292605313421607,28.482641849237964,28.635706826272035,18094100
2007-10-23,29.298980712890625,29.330870971768128,28.78239160631348,29.28622509591666,13519100
2007-10-24,29.509450912475586,29.617870030091147,28.533669122392784,29.16505648083965,27352800
2007-10-25,29.369140625,29.688023807536123,28.795152356166337,29.40102845667649,20076400
2007-10-26,30.179107666015625,30.262017984203474,29.292612706031836,29.949511358963672,18851700
2007-10-29,29.764558792114258,30.293906108747077,29.662516258326548,30.223751410601917,18861900
2007-10-30,29.69439697265625,29.90485856648961,29.36913482825224,29.592354471700805,13131400
2007-10-31,29.975000381469727,30.32577117595266,29.36274563842125,29.943112569768385,23899100
2007-11-01,28.26581573486328,29.541348944678,28.189284423482622,29.1140464871756,31730100
2007-11-02,27.519628524780273,28.367856799509294,26.82446286474704,28.34872458089392,39570300
2007-11-05,27.27726936340332,27.551509111476467,26.5757248599823,27.226246883349827,28852800
2007-11-06,28.131877899169922,28.278563887597205,27.226248294371473,27.226248294371473,28756400
2007-11-07,26.939247131347656,27.940539936612176,26.88184807225481,27.379304962469377,28980700
2007-11-08,27.175222396850586,27.372928392546328,25.94433324482368,27.111444307202476,37342800
2007-11-09,26.9838924407959,27.608903109229196,26.256836831016457,26.40352521775889,43587300
2007-11-12,27.034912109375,27.857631191102833,26.696896760880655,26.856338330228596,27691800
2007-11-13,28.731369018554688,28.954588665340086,27.187975864421283,27.6152780832832,35927500
2007-11-14,28.795146942138672,29.350002894220236,28.34233105908219,29.27347162600885,25367400
2007-11-15,27.7619686126709,28.820660663055513,27.47497569966308,28.44437841685875,23434200
2007-11-16,27.481342315673828,28.131864052566048,27.092304591689636,27.89589126845019,29021800
2007-11-19,26.384395599365234,27.321912996995348,26.269597451374374,27.232626089199293,29656500
2007-11-20,26.550212860107422,27.009402960941262,25.689226859383727,26.38439225275969,33277800
2007-11-21,25.94434928894043,26.786201129818046,25.606333719873664,26.027259640312472,26759300
2007-11-23,26.754287719726562,26.91372924078228,26.122898225876718,26.46729249524936,10808400
2007-11-26,25.804031372070312,27.09869898962129,25.721123480785472,26.703282017659166,27132300
2007-11-27,27.009401321411133,27.092311620052158,25.87417810738836,26.097395335015765,28501100
2007-11-28,28.036212921142578,28.144634484147193,27.143341339312528,27.251760469431176,32246500
2007-11-29,27.838502883911133,28.119119209463676,27.430330365536143,27.66630567292925,23553600
2007-11-30,29.094900131225586,29.394651093480743,28.705862269460955,28.941837570033776,40113500
2007-12-03,28.833417892456055,29.286231445219258,28.6675997016152,29.273478258365557,21417200
2007-12-04,28.157384872436523,28.75688435594826,28.06171894832213,28.265803982406357,19315200
2007-12-05,28.635705947875977,28.820656313642008,28.017071899297473,28.406109705810337,20627900
2007-12-06,29.47117805480957,29.49668928889782,28.399730551955006,28.6229502008994,19130200
2007-12-07,29.38828468322754,29.85385398690341,29.241596231338047,29.47119258556426,15286600
2007-12-10,30.24286651611328,30.52986174030626,29.68801070459655,29.847452225494365,23388400
2007-12-11,29.298980712890625,30.625535683560948,29.01836443811891,30.045168492113973,38455700
2007-12-12,29.43290901184082,30.478845116261734,28.81427506327378,29.994141476286067,44364000
2007-12-13,29.18419075012207,29.50307396494497,28.52729210611037,29.228836638452265,41261000
2007-12-14,28.827043533325195,29.203325829702166,28.49540469305347,28.852554774781304,27651800
2007-12-17,28.399728775024414,29.01836278208886,28.291309686260767,28.5846815612642,19965700
2007-12-18,27.997940063476562,28.667594156508596,27.506859746483677,28.55279603394479,25224900
2007-12-19,28.048961639404297,28.76325921565689,27.844876617617842,27.997941600400367,21293700
2007-12-20,27.634429931640625,28.406126989203273,27.45585361644502,28.272196577471576,27147500
2007-12-21,28.131877899169922,28.176521355087537,27.63442085729603,28.01070071920565,26363000
2007-12-24,28.591068267822266,28.769642077476636,28.15100790419444,28.15100790419444,7679700
2007-12-26,28.661211013793945,28.69310126883531,28.21477663783343,28.52090410972845,14578700
2007-12-27,27.832130432128906,28.508163816461845,27.749220103652654,28.44438570498542,16530000
2007-12-28,27.589763641357422,28.23390884008699,27.309147400385907,28.18288637833678,16852200
2007-12-31,27.838502883911133,28.15100704122648,27.29002341920268,27.46859722338288,16361200
2008-01-02,27.130800247192383,28.173057131846154,27.021428974621635,28.01864788640614,22122300
2008-01-03,26.944231033325195,27.439624292652166,26.867025167850624,27.240179488221145,17150700
2008-01-04,26.333024978637695,26.892753867811745,26.140015270741632,26.64184100212171,25873800
2008-01-07,26.596803665161133,26.751212893461314,25.8376300723757,26.44239443686095,25644100
2008-01-08,25.541677474975586,26.751208457635787,25.36153299612129,26.674002629162082,33646000
2008-01-09,25.901968002319336,25.953438567508037,24.795377847530194,25.4709130629963,33546300
2008-01-10,26.590373992919922,27.111499980390278,25.284336591771222,25.586720034353956,41863600
2008-01-11,26.287988662719727,27.085762752236306,25.985605241849733,26.300856303421803,37520500
2008-01-14,26.609676361083984,26.860589257274025,26.120715757109433,26.55177319625152,22817000
2008-01-15,25.20069122314453,26.204344905905142,24.994813922206614,26.204344905905142,45240000
2008-01-16,26.65471076965332,27.43961975920028,25.86980178010636,26.03064362522652,63183100
2008-01-17,25.760421752929688,26.815543505824248,25.606012554194677,26.744772725331156,39647200
2008-01-18,25.470914840698242,26.165750339479235,24.782511935888976,25.889104622162623,51919100
2008-01-22,26.287988662719727,27.021427002977443,24.229212781166378,24.229212781166378,57178600
2008-01-23,29.41474723815918,29.691395312336162,25.73468631041022,25.992034155214693,77137000
2008-01-24,28.925798416137695,29.601333711662225,28.475440734370704,29.485529834766865,52062600
2008-01-25,28.07655143737793,29.491960132310037,27.799903273876357,29.382586403965547,38410900
2008-01-28,29.318254470825195,29.34398975781994,27.922148283763068,28.173061196331687,29739100
2008-01-29,30.527772903442383,30.752950432688394,28.790681042434144,29.556287096121586,56112700
2008-01-30,30.46345329284668,31.711587942609935,29.80078548469567,30.3026114012176,68343800
2008-01-31,30.495609283447266,31.003867556578694,29.4983880612338,29.858674612464245,55500600
2008-02-01,31.042469024658203,31.3319847706607,30.173924240901936,30.405534383452707,48834500
2008-02-04,29.736433029174805,30.971696885927077,29.614191689386047,30.772254622905205,28310200
2008-02-05,28.23739242553711,29.26034660392968,28.21165714267464,28.983698448787237,39045100
2008-02-06,28.128019332885742,28.78425427786426,27.838503555064115,28.48187085944484,27274800
2008-02-07,29.022287368774414,29.32467066086842,27.825624289870984,27.91569528217546,36818000
2008-02-08,28.192359924316406,28.9257983846153,27.83207328844506,28.9257983846153,26058300
2008-02-11,27.889970779418945,28.308160495715306,27.54898690426283,28.23738970179579,25874000
2008-02-12,27.86423683166504,28.597675113214184,27.503950283600844,28.089414390298085,27193400
2008-02-13,28.372495651245117,28.417531163846192,27.671225228133775,28.018644143271807,26533400
2008-02-14,27.413875579833984,28.37249129132199,27.323804568472806,28.340323423585993,31180000
2008-02-15,27.82563591003418,27.82563591003418,27.027859372858497,27.285207276270395,29031400
2008-02-19,27.55541229248047,28.340318434928335,27.130787677807113,28.012202314976857,25811900
2008-02-20,27.761301040649414,27.883539948803673,26.924921555194075,27.259472858525896,30149700
2008-02-21,27.709814071655273,28.10870088960007,27.162953151154348,27.754849561378876,32878200
2008-02-22,28.263124465942383,28.321027618614238,26.96352228150286,27.703395626282003,30452700
2008-02-25,28.32745933532715,28.60410745017499,27.510382630340654,27.941439965621527,27917200
2008-02-26,28.128019332885742,28.655580326137816,27.92857458499718,28.13445192605889,24989300
2008-02-27,28.571929931640625,28.623400472490687,27.420302349750415,27.70981800640584,38566000
2008-02-28,27.304513931274414,28.32103568913144,27.272346049345842,28.308168045509593,36606500
2008-02-29,26.152873992919922,27.00211838144603,25.979164578778114,26.944215243398762,36856600
2008-03-03,25.6188907623291,26.140019262045698,25.367977858327322,26.088548689813557,31481900
2008-03-04,25.213546752929688,25.46446189381109,24.589482557890875,25.329352985875,56449300
2008-03-05,24.92404556274414,25.464474090589295,24.518723553297523,25.322932526028346,36325600
2008-03-06,24.042640686035156,24.595937080347113,23.90110151729984,24.563769199009634,44356900
2008-03-07,24.16486930847168,25.142787601009214,23.553670068854377,23.73381207260446,43258700
2008-03-10,23.470035552978516,24.615228402720394,23.360664305194693,24.274244566393012,41281300
2008-03-11,24.988380432128906,25.258593459553516,23.907523413928615,24.756767863335856,58401200
2008-03-12,24.840408325195312,25.882662516292342,24.70530180036352,24.99481508093132,44572400
2008-03-13,24.51873207092285,25.059160786508926,23.56654861093822,24.345022577957486,45537900
2008-03-14,23.508636474609375,24.96264516762981,23.167650212961153,24.96264516762981,77776000
2008-03-17,25.93413734436035,26.43596306456789,23.80459064873983,23.80459064873983,125296300
2008-03-18,27.478214263916016,27.587587971056173,26.538898681424094,27.14366300420973,76994300
2008-03-19,27.323802947998047,28.880750233192472,27.304500265100426,27.832061118286212,70593300
2008-03-20,29.575592041015625,29.884408013695268,27.568284537221153,27.606887454150304,72777200
2008-03-24,29.94873809814453,30.98455952472973,28.964387217744036,29.221732585915362,66011200
2008-03-25,29.633487701416016,30.01307436542522,28.89361459985976,29.607752429966105,54485500
2008-03-26,28.37893295288086,29.189574698352562,28.288861920523065,29.125238947883155,41122700
2008-03-27,27.574716567993164,28.623405714487205,27.574716567993164,28.449696288681377,32154500
2008-03-28,27.478214263916016,28.205219933167196,27.439613800191108,27.793465291759848,29011900
2008-03-31,27.63262367248535,28.46900060040403,27.413878710944964,27.478214453765144,28920400
2008-04-01,30.238245010375977,30.238245010375977,28.73276633083832,29.035149566302085,54562600
2008-04-02,29.99178695678711,30.84795365646584,29.797201591560004,30.536620536060454,36597900
2008-04-03,30.01772689819336,30.504185320135154,29.395060711929176,29.427490778540864,30314400
2008-04-04,29.557233810424805,30.121525274474532,29.26535806203454,29.738844287531112,29875900
2008-04-07,29.53775978088379,30.316093851151614,29.49235718692495,30.115023453436887,24069200
2008-04-08,29.096702575683594,29.58316103834191,28.81779952581904,29.343175556222068,29187700
2008-04-09,28.73349380493164,29.304272714062385,28.59080093334165,29.304272714062385,28476400
2008-04-10,28.44809341430664,29.064274674490793,28.266483033128274,28.66862136613289,30230100
2008-04-11,27.58543586730957,28.47403506760565,27.520575731549606,28.097839352282246,41959900
2008-04-14,26.91737174987793,27.760566032733745,26.703328810970955,27.501122970300578,33774900
2008-04-15,27.319509506225586,27.6957052787552,26.77467587052281,27.35842707815291,37271800
2008-04-16,29.16156578063965,29.16156578063965,27.955148270512755,28.234051349703638,52568400
2008-04-17,29.265352249145508,29.395075053136637,28.64917078588015,28.759436035262453,30302500
2008-04-18,29.68044662475586,30.393920410112603,29.45991872371909,30.050157275123492,31398100
2008-04-21,29.336692810058594,29.498845657211863,28.928066942440655,29.375610384107574,23513400
2008-04-22,29.609106063842773,29.706396271756418,29.02535491933817,29.16156269497068,23703800
2008-04-23,29.284801483154297,29.86206515015648,28.986438401679198,29.453439334200414,23260300
2008-04-24,30.465282440185547,30.705267998403244,29.40804501997346,29.427502572887835,37769300
2008-04-25,30.99713897705078,31.049026601729896,30.186374738108814,30.672833281473995,24266600
2008-04-28,30.70525550842285,31.191713927457272,30.36149235073361,30.919295926185153,27175000
2008-04-29,30.5366268157959,30.964710253668915,30.238263682409812,30.705264696182635,20738700
2008-04-30,30.906322479248047,31.54844613615518,30.30959893092743,30.646877027933833,36280800
2008-05-01,31.944116592407227,32.093296941511746,30.9257967284172,30.9257967284172,31723700
2008-05-02,31.56142807006836,32.39813730215653,31.15280222835573,32.36570722963303,27942900
2008-05-05,31.133350372314453,31.548461314730954,31.036057662698415,31.3409058435227,19276100
2008-05-06,31.26308250427246,31.587388334245706,30.646900932471866,30.705276080837336,25441400
2008-05-07,30.205835342407227,31.412253047823285,30.089085082253654,31.276045235729562,27636400
2008-05-08,29.868545532226562,30.48472667258739,29.388574625517784,30.471754151560745,26106000
2008-05-09,30.205835342407227,30.439335862714383,29.52479380768227,29.673974145821536,21730400
2008-05-12,30.640422821044922,30.672852916511303,30.166934025056516,30.36800457576039,20295600
2008-05-13,29.498851776123047,30.640409442457393,29.33021386877597,30.51068664297532,27485300
2008-05-14,29.777742385864258,30.076102967016215,29.382089127518782,29.836117497329255,24138200
2008-05-15,30.497713088989258,30.510685615926445,29.563713417820434,29.868559140946523,27289500
2008-05-16,30.179882049560547,30.692285554291963,29.868548932247403,30.692285554291963,20871400
2008-05-19,29.829654693603516,30.627446828396568,29.751819504167067,30.19287568061065,19402200
2008-05-20,28.344318389892578,29.61559612729036,28.214595616345516,29.61559612729036,48996100
2008-05-21,27.514097213745117,28.571334596642107,27.455724557062247,28.409181730061555,40611900
2008-05-22,27.922725677490234,28.363781712763917,27.306544233423477,27.501129670475745,28883300
2008-05-23,27.449222564697266,27.8254182041906,27.31949984507008,27.70866800395164,21440900
2008-05-27,27.896778106689453,28.149738657192028,27.436264558946064,27.501127190199185,28457800
2008-05-28,27.799480438232422,28.169188677626085,27.176814190227912,28.143243632061964,31688700
2008-05-29,28.2600040435791,28.577824780595932,27.42978208048363,27.689225206822655,22789000
2008-05-30,27.890281677246094,28.532407855696913,27.80596152822105,28.512947837149365,21391600
2008-06-02,27.338973999023438,27.741112410995097,27.021153295295665,27.650307202574695,30620500
2008-06-03,27.170330047607422,27.68921865170085,26.71630159117966,27.585440930882164,28503100
2008-06-04,27.001691818237305,27.468690318551793,26.696843684919788,27.073039464269574,30800100
2008-06-05,27.306541442871094,27.449236755658458,26.852515400831965,27.17682113043498,27755300
2008-06-06,26.00282096862793,27.105460412803435,25.912015803976153,27.105460412803435,39887900
2008-06-09,24.329416275024414,26.15850298124247,23.622429641092012,26.15201548065917,74856700
2008-06-10,24.835325241088867,25.44501892252797,24.10239383919801,24.147796428546904,54412400
2008-06-11,24.08294105529785,25.133690790388197,24.04402348205153,24.971537946579243,50965800
2008-06-12,24.653709411621094,25.13368276470322,24.407238949198753,24.45912655603573,53247700
2008-06-13,25.67204475402832,25.678529780455584,24.517514583707545,24.900195473586532,40465600
2008-06-16,25.905536651611328,26.366052594516162,25.36070301394383,25.60717602186045,34860200
2008-06-17,25.321792602539062,26.430917632050182,25.263417470761826,26.177959552434285,32510200
2008-06-18,25.127201080322266,25.457991731343704,24.601825073605838,24.990990836484656,35513700
2008-06-19,25.068824768066406,25.315295251435032,23.88186504188804,25.159629943439633,59944400
2008-06-20,24.55643081665039,25.41908279098854,23.966194473917,24.44616557938912,55374100
2008-06-23,23.914302825927734,24.640749411866498,23.680802314322865,24.640749411866498,37741100
2008-06-24,24.465621948242188,24.815870211617224,23.512162431665143,23.875385693755458,43526200
2008-06-25,24.588863372802734,25.503405544874408,24.322932740477118,24.60832092723298,42317900
2008-06-26,23.55756950378418,24.374821380121496,23.47973681650423,24.102403263256885,45708400
2008-06-27,22.733827590942383,23.927272587997077,22.182508926638366,23.641884481361206,69316700
2008-06-30,22.253854751586914,23.025701313329836,22.02683931042316,22.61059047426622,50792600
2008-07-01,22.312891006469727,22.522771024595563,21.204462004369713,22.096450830420928,74620100
2008-07-02,22.693294525146484,23.44755245815354,22.450621256200222,22.535885783871493,51750200
2008-07-03,23.158967971801758,23.670550131111575,22.62115018843328,23.034350008506525,33028500
2008-07-07,22.32600212097168,23.578724197865835,22.011182188251134,23.283579729075814,48883600
2008-07-08,23.46065902709961,23.644303304567387,21.919350620465107,22.49652156646251,62285100
2008-07-09,22.483417510986328,24.096873585368623,22.35880203248777,23.440997905333155,50971000
2008-07-10,22.63426971435547,23.480349983087113,22.004629631471715,22.299774202188253,47807900
2008-07-11,21.74883460998535,22.594914727224058,21.04704792414244,21.893128041381146,71316700
2008-07-14,20.78469467163086,22.529322127599773,20.778135766599224,22.424382149060037,50370200
2008-07-15,20.345256805419922,21.525832117706585,19.177798051415845,20.155052324016246,88717800
2008-07-16,23.572160720825195,23.572160720825195,20.66007487696964,21.184774690912164,79957800
2008-07-17,26.759716033935547,26.88433396219196,24.792089818176077,24.95605866948937,132114600
2008-07-18,26.24814224243164,27.100780036012633,25.710324441774393,27.022075663273423,65409900
2008-07-21,25.34958839416504,26.858101503209546,25.152823747882636,26.458017058652725,41354400
2008-07-22,26.79907989501953,26.917137714096306,24.66748399786362,25.02821511083505,50104200
2008-07-23,27.52053451538086,28.202645614434463,25.82181692364208,26.83186576239841,59345600
2008-07-24,25.670957565307617,27.73040550459592,25.60537103935491,27.586114647106847,47454600
2008-07-25,25.92020606994629,26.523610468904263,25.238094791323924,25.690648090542407,35188000
2008-07-28,24.700267791748047,26.66133636464081,24.53629893957182,25.84804975698163,41673200
2008-07-29,26.72692108154297,26.72692108154297,24.385446232347892,24.883910408095694,50527400
2008-07-30,27.26474952697754,27.592687339428043,26.215349527922708,27.159809527072056,47954900
2008-07-31,26.64822006225586,27.520533104109795,26.43177996420738,26.64822006225586,37394100
2008-08-01,26.733482360839844,27.382800160112474,26.084167063533513,26.963040270547513,30773300
2008-08-04,26.32684326171875,26.81874990712296,25.52011666349183,26.326843261718746,27748000
2008-08-05,27.47462272644043,27.54676942763695,26.372751749177645,27.067980640202077,35763100
2008-08-06,27.14668846130371,27.72385964260393,26.45801963807541,27.12045283897946,33009400
2008-08-07,26.110403060913086,27.25162496447803,25.89396295736016,26.681014012695556,42712200
2008-08-08,26.936813354492188,27.317222441038947,25.841502195166985,25.913646416646134,37174200
2008-08-11,27.47462272644043,28.104262570028784,26.477691723109036,26.7531607184079,34643900
2008-08-12,24.87080192565918,26.89745766026328,24.280515377948415,26.884342349796572,65248300
2008-08-13,24.208362579345703,24.693711509600565,23.70989834191873,24.687151354048243,48575900
2008-08-14,24.798654556274414,25.20529668213084,23.886985472838905,23.998485613360238,41142300
2008-08-15,24.969179153442383,25.388939057469866,24.510065820174933,24.956061343695726,36656900
2008-08-18,24.09687042236328,24.94294803705608,24.03784151882966,24.870801321407562,32193100
2008-08-19,23.336055755615234,23.873873563744286,22.955646695151454,23.618079970346088,41424300
2008-08-20,24.267385482788086,24.313296552463136,22.968752722053143,23.29669036371244,39065000
2008-08-21,23.78205680847168,24.005054693690344,23.473796865645706,23.729588042403165,30564500
2008-08-22,24.706832885742188,25.087241938299723,24.175575245954644,24.411690864512167,36022700
2008-08-25,23.696788787841797,24.562544476840923,23.663995504555057,24.52975119355418,27081000
2008-08-26,24.011608123779297,24.346103606879012,23.545937009319413,23.723021234393514,28810800
2008-08-27,24.35921287536621,24.411684110290985,23.526250785681842,23.972246274677666,23812300
2008-08-28,25.500431060791016,25.500431060791016,24.418235870334073,24.700262435072172,34724300
2008-08-29,25.244651794433594,25.5397937994101,24.98230056560254,25.257767104105078,23327100
2008-09-02,25.572582244873047,26.248133087699372,25.251202206830158,25.94643101245325,33267600
2008-09-03,26.044818878173828,26.071054502044145,25.211856585042316,25.52011891060152,28787600
2008-09-04,24.864246368408203,26.090733161818648,24.811777616213504,25.775913142749143,41510300
2008-09-05,25.972671508789062,26.0710538448393,24.496951479835896,24.595333815886136,42100300
2008-09-08,27.251630783081055,28.63552870465041,26.23502409961437,27.80256638925163,85629900
2008-09-09,25.88741683959961,27.507428252430884,25.87429902426903,26.76629045100893,56435300
2008-09-10,25.84149932861328,26.523608042878383,25.441414817131733,26.228466028017277,46100400
2008-09-11,27.317224502563477,27.343457629641467,24.870805886387444,25.087246073060104,57012300
2008-09-12,27.002397537231445,27.52053986719484,26.35963974265542,26.78595988796037,51417100
2008-09-15,24.267385482788086,27.44837960609702,24.267385482788086,25.17905172628643,92112900
2008-09-16,26.720361709594727,26.85809492669371,22.96875406846655,23.33604514936296,90368100
2008-09-17,23.46065902709961,26.681006546503816,23.28357240155612,25.63160710102275,104396300
2008-09-18,26.431779861450195,26.92368644386664,22.32600068774612,23.9591291402676,132982000
2008-09-19,30.858936309814453,31.482018424866475,27.90749708248322,30.82614304101509,88523900
2008-09-22,26.759716033935547,30.104682101906313,26.726922764066114,29.966946365308903,44934200
2008-09-23,26.60230255126953,27.66481981605224,26.274364907648206,26.595742397296334,32404400
2008-09-24,26.562944412231445,27.874694753576208,26.379300165072046,27.218819582903826,27186400
2008-09-25,28.504350662231445,29.514399604732052,27.087659581282974,27.710741851109535,36831300
2008-09-26,31.639434814453125,32.13789908718504,26.549839598728322,26.595750682981272,148081400
2008-09-29,26.89089012145996,31.154080018764592,26.89089012145996,30.55067588039745,79528000
2008-09-30,30.629369735717773,31.081922684525836,28.707655362980233,29.27170838732847,66987800
2008-10-01,32.55111312866211,32.793786447825156,30.367045750292625,30.767130345270868,59424300
2008-10-02,32.947669982910156,32.947669982910156,30.878941402977162,32.551109254310454,53944700
2008-10-03,30.336963653564453,33.46319065626503,29.89413521892658,33.25169133625823,68639000
2008-10-06,29.081186294555664,29.841263763035382,27.56103387886717,28.744110017318896,63065300
2008-10-07,25.987991333007812,30.231199807161442,25.98138308541457,30.02630883399676,62396200
2008-10-08,25.97478675842285,28.78376502474289,25.446038412546223,25.73024112119322,75686800
2008-10-09,24.243139266967773,28.215364596600953,24.243139266967773,27.11821063942723,88790300
2008-10-10,27.5213680267334,27.759305332990827,23.145973463536674,23.152581712590425,112976400
2008-10-13,27.752704620361328,29.13406100456521,26.212722481819938,29.021700569978055,81628900
2008-10-14,26.90669822692871,28.783756168186677,26.212716078919545,28.638351993604797,95288900
2008-10-15,25.439434051513672,27.62052288758439,25.115574221924188,25.9946205299018,84755700
2008-10-16,26.76129913330078,27.098375376181988,23.998586515198134,25.789722428860316,75112400
2008-10-17,25.994611740112305,27.35613816340736,25.816158733693236,26.19289201793221,60991200
2008-10-20,26.873666763305664,26.900104817367225,25.644324983430707,26.444057209255906,44732100
2008-10-21,26.265602111816406,27.276833552965325,26.173068938580126,26.38456829200642,41780700
2008-10-22,24.566991806030273,26.47048833891033,23.800306087703316,25.87564740575909,60825200
2008-10-23,25.01642417907715,25.611267530222783,23.674725035268168,24.692566982219365,63917000
2008-10-24,23.416967391967773,24.937119993488626,22.808904838596675,23.212076283096952,61968800
2008-10-27,22.471832275390625,23.727612146347596,22.029006202527157,23.19886113461518,62712700
2008-10-28,24.8512020111084,24.930516176486634,21.493647169519292,23.099722459988836,73082500
2008-10-29,23.602027893066406,25.36672861858045,23.469840166755763,24.527339455969724,61823300
2008-10-30,24.864412307739258,25.11556870070211,23.813523937569574,24.381929316830902,47372000
2008-10-31,27.263614654541016,27.263614654541016,24.63969747976993,24.64630825281016,86948900
2008-11-03,26.919933319091797,27.2636204736762,26.569637911327877,27.2636204736762,45059900
2008-11-04,27.871679306030273,28.036913361734804,27.0190734947613,27.263619191247958,48917100
2008-11-05,25.92191505432129,28.089784689428015,25.525351875354897,27.580863581914073,53524900
2008-11-06,25.28740882873535,26.278812772988925,25.023035956363433,25.750064506974475,56467100
2008-11-07,24.950326919555664,25.45924779768576,24.104329886440716,25.267575806973767,50210800
2008-11-10,24.06467628479004,25.43281341124761,23.56236610458332,25.300625725528874,41558500
2008-11-11,24.0250186920166,24.75204968677543,23.31120923893504,23.674723475679283,61577400
2008-11-12,22.848556518554688,23.991975455980324,22.676714273928628,23.410351090382488,56726100
2008-11-13,24.5802059173584,24.785096959884132,22.141353284163156,22.901430599441113,74523600
2008-11-14,22.7824649810791,24.3951479314206,22.577573911134866,24.01180635820296,55941000
2008-11-17,21.658876419067383,23.046841228217794,21.480423368530133,22.35285882364259,57560400
2008-11-18,21.242490768432617,21.876988966219834,20.066025044876522,21.652270539344563,67807700
2008-11-19,18.81685447692871,21.163178907500228,18.691277497798886,20.945069996662927,90226200
2008-11-20,15.452685356140137,18.975474694280557,14.752093447977417,18.3343671355561,160729900
2008-11-21,15.016474723815918,16.14006712076388,13.013838215998753,15.690630161984696,194075000
2008-11-24,18.22861671447754,18.730928277694563,14.871061537719964,15.809590805192599,137382200
2008-11-25,19.676071166992188,20.29735029334764,18.836681882315375,19.58353924086428,105430800
2008-11-26,20.237857818603516,20.323778930949185,18.618564358875442,19.008516640840405,55644900
2008-11-28,20.92523193359375,21.103684941430487,19.913999483154182,20.066015708701368,22787500
2008-12-01,17.263648986816406,20.290735836053578,17.197555134260018,20.270907302096045,70984500
2008-12-02,18.856510162353516,19.101055849392733,16.26564021857314,17.5412472810338,81316000
2008-12-03,19.993318557739258,20.317177120290822,17.871714119196675,18.13608832733717,64914200
2008-12-04,20.54189682006836,21.744801749797066,19.662851734143832,19.72233609234168,80719600
2008-12-05,22.042219161987305,22.47182865957594,19.64963105183547,20.09906782672869,73599200
2008-12-08,24.11756134033203,24.917293480622273,22.2074537396603,22.452001931666807,84589300
2008-12-09,22.44539451599121,23.595424703993515,22.247114144617495,23.575594901965943,65827700
2008-12-10,22.154582977294922,23.1063302513683,21.863771940534857,22.736207572086702,47919600
2008-12-11,19.788427352905273,21.652265708196428,19.656239627542643,21.546516032160554,70746400
2008-12-12,20.44936752319336,20.634428862723222,18.5128241473245,18.79702693090059,59939000
2008-12-15,18.92259407043457,19.6826713562351,18.618564164622498,19.39185921020625,51629100
2008-12-16,21.38127899169922,21.64565440515601,19.061394697635542,19.17375387016406,75822100
2008-12-17,21.05742073059082,21.73818398332605,20.52206167902183,20.819483374337935,46719900
2008-12-18,19.966880798339844,21.539909565871433,19.90739770369534,21.25570681522959,57491500
2008-12-19,20.03958511352539,20.654255972983087,19.68268022584283,19.9007891184921,55696800
2008-12-22,19.709117889404297,20.614601065975904,19.50422801407102,20.251085388396966,36378400
2008-12-23,19.239850997924805,20.092457943456896,19.239850997924805,19.980098751806167,26931700
2008-12-24,19.728939056396484,19.748766328790147,18.935815384131523,18.935815384131523,12339700
2008-12-26,19.695890426635742,19.99992161331404,19.332376165386844,19.861124410955288,12630500
2008-12-29,19.68267250061035,19.841296972948214,19.034954329436697,19.821468441167763,22318000
2008-12-30,20.495624542236328,20.522061325455994,19.748766191592228,19.755375702555973,29842400
2008-12-31,20.839313507080078,21.110297178884906,20.1188931325837,20.290736651885496,25891700
2009-01-02,20.973115921020508,21.167124939888275,20.38439617021911,20.866076198331918,32494900
2009-01-05,19.56821632385254,20.585094880087563,19.454486468536594,20.558334313653674,44069400
2009-01-06,19.989683151245117,20.35094310793706,19.742154315153748,19.929474434477044,44216300
2009-01-07,18.792179107666016,19.6685673049323,18.731969104890595,19.50131758078149,42156500
2009-01-08,18.210153579711914,18.698523853249448,17.969314790749706,18.66507313532802,52075800
2009-01-09,17.3739013671875,18.43091960209045,17.266861642843974,18.43091960209045,42597500
2009-01-12,16.664762496948242,17.494320979828007,16.390473050028888,17.34045153907113,59360000
2009-01-13,17.628116607666016,17.78867614807723,16.236599314755008,16.865457195695488,73422800
2009-01-14,17.333763122558594,17.581293301647353,16.564414566169948,17.11968365740846,73907300
2009-01-15,16.28343391418457,18.096420385954143,15.895414589258825,17.7552320575659,136759300
2009-01-16,15.266550064086914,16.724967427967915,13.734543711212202,16.611237598417183,156843400
2009-01-20,12.102187156677246,14.229603327319042,11.841278059678698,14.048973363544441,142090400
2009-01-21,15.139447212219238,15.27993766949261,12.630700895328127,12.90499166657477,136421400
2009-01-22,15.453869819641113,15.94223855158137,14.189461442134098,14.95881094775478,110240800
2009-01-23,16.2432918548584,16.443990991019856,14.590863948140722,14.664454226873119,74369200
2009-01-26,16.390472412109375,17.226721004563935,15.882033114775313,16.7249718490912,74278400
2009-01-27,16.76511001586914,16.838700294147596,16.09611119810565,16.805250863665016,50766500
2009-01-28,18.50450325012207,18.57809351270323,17.621425203202985,18.190074332208063,91373900
2009-01-29,17.012638092041016,18.183385882201765,16.892218115176554,17.88902608053462,58624200
2009-01-30,17.066162109375,18.049590034004122,16.457373211840668,17.266861269172246,74937200
2009-02-02,16.858760833740234,17.179879771751057,16.290111916837798,16.72496063822911,51532900
2009-02-03,16.08942222595215,17.026021659690677,15.85527364353159,16.745042084771935,66166300
2009-02-04,16.082731246948242,17.059468851030363,15.882030847798365,16.223220377940642,55330300
2009-02-05,16.41722869873047,16.939046867707997,15.045780599104289,15.882028973505463,79815500
2009-02-06,18.48443603515625,18.598165880674635,16.92566890305951,17.066159312706425,76845200
2009-02-09,18.250293731689453,18.71190213692919,17.594673722076973,17.82882363436612,54360000
2009-02-10,16.47075080871582,18.47105704224469,16.256670123577106,17.96930794860325,91948700
2009-02-11,17.454177856445312,17.808747660762897,16.81862852018135,16.892218792552555,64712000
2009-02-12,17.52108383178711,17.54115298475365,16.169705571420106,16.95912458046646,80536400
2009-02-13,16.517587661743164,17.320385793070518,16.49751722995455,16.89222678969593,58580600
2009-02-17,14.4838228225708,15.520771660721799,14.4838228225708,15.253171137319049,91424800
2009-02-18,14.390166282653809,14.918674742433318,14.048976695498578,14.838395590169803,82868300
2009-02-19,13.78137493133545,14.918672075893403,13.741235362378175,14.764802664878944,66502700
2009-02-20,13.313079833984375,14.04897898858955,12.543731239812098,13.1859696668036,135941600
2009-02-23,13.052169799804688,14.423617150788028,13.032099371736306,13.982077941397574,101615400
2009-02-24,14.062358856201172,14.115878723523902,12.684220039615843,13.466948896719714,186379900
2009-02-25,14.537347793579102,15.534156138788521,13.460260283877474,13.935248955830273,135790100
2009-02-26,15.42042064666748,16.17638994724359,15.25317095949749,15.601050615054392,125043400
2009-02-27,15.286627769470215,15.788377031426473,14.416928283137418,14.470448153372176,109872500
2009-03-02,14.156018257141113,15.00564726452879,14.095808247104868,14.517278317358596,94984900
2009-03-03,14.055667877197266,14.651076525247168,13.781378413982306,14.503897217868039,85590100
2009-03-04,12.911673545837402,14.544030623185096,12.577174217955463,14.544030623185096,145009700
2009-03-05,11.105382919311523,12.710980157714749,10.730743861420763,12.37648067988015,153808900
2009-03-06,10.657150268554688,11.82120793790904,10.008221303819798,11.500088844848635,155154800
2009-03-09,10.637080192565918,11.566989350972248,10.048361836148102,10.282511022948906,132882900
2009-03-10,13.045476913452148,13.04547691345215,11.459949157909508,11.607129714094835,149090800
2009-03-11,13.647571563720703,13.98876101231542,12.79125414859382,13.61412214319741,155421000
2009-03-12,15.52077579498291,15.607745095045068,13.37997869360106,13.480328278600227,151894700
2009-03-13,15.888721466064453,16.276740718195153,15.326762373183584,15.781681760374187,120464600
2009-03-16,15.447188377380371,16.905606530444903,15.360217785125455,16.263366770153112,125001900
2009-03-17,16.818626403808594,16.872146247158287,14.89860090712641,15.587668730751972,99884700
2009-03-18,18.13655662536621,18.283735891849588,16.176390072405308,16.604548866548846,142105800
2009-03-19,16.691524505615234,18.337261329129017,16.450684472510098,18.230221597974342,124920200
2009-03-20,15.487322807312012,16.577791625201638,15.487322807312012,16.497511203388225,108922700
2009-03-23,19.307313919067383,19.514703277248685,16.811946372890606,16.92567626789606,146776000
2009-03-24,17.66156578063965,19.60166179452564,17.52776680355214,18.76541340267704,133143000
2009-03-25,19.106603622436523,19.206953178051617,17.347137500876144,18.19007606486782,149452500
2009-03-26,19.467872619628906,19.802372144790866,18.497823486253456,19.434421901504056,133663400
2009-03-27,18.33056640625,19.53476498173481,18.250287266826028,18.91259590913641,108610200
2009-03-30,16.624622344970703,17.641500944028863,16.57779262775333,17.173201219826947,104860500
2009-03-31,17.781986236572266,18.12986588328054,16.62461873703792,17.213337059455622,84307400
2009-04-01,18.82562828063965,18.91928899255295,16.918982472611287,16.918982472611287,106016900
2009-04-02,18.872541427612305,19.8845280053713,18.369899163854974,19.82421083145759,131840800
2009-04-03,19.623153686523438,19.623153686523438,18.430215632662904,18.751906362371813,80949500
2009-04-06,18.89934730529785,19.368479260163195,18.550848405145157,18.946260372955862,72188000
2009-04-07,18.262666702270508,18.798817873958853,18.101821350764002,18.28277285056578,73652600
2009-04-08,18.383298873901367,18.65137442822431,17.766724459816057,18.396702971188784,66538300
2009-04-09,21.948711395263672,22.17657598224069,20.2397282712214,20.400573636448936,147913000
2009-04-13,22.585391998291016,22.88697785587042,21.318732674742858,21.452769839445114,110196200
2009-04-14,20.57482147216797,22.283804460859656,20.54131122480456,22.143065256789033,109541400
2009-04-15,21.82137680053711,22.096154465807153,20.2866418268375,20.521208469412876,108069400
2009-04-16,22.277099609375,22.79314326311485,21.68733214665375,22.79314326311485,132956000
2009-04-17,22.290512084960938,22.773049569061744,21.801273827612622,22.35082927047354,104962100
2009-04-20,19.89792823791504,21.727544137260033,19.864417993207358,21.29862450956788,109372200
2009-04-21,21.80126190185547,22.05593460766072,19.348369905365207,19.482407027849877,115629300
2009-04-22,21.379053115844727,22.880278026781625,20.990343105676114,21.204803624626308,124080300
2009-04-23,22.257003784179688,22.61890690828944,21.21821005229844,21.600218053334952,89366500
2009-04-24,22.370933532714844,23.12154530204276,21.613618434518234,22.5585858359041,117098100
2009-04-27,21.968814849853516,22.63230369625999,21.714144635861174,21.801267445430422,67832500
2009-04-28,21.97551918029785,22.598795757713113,21.633721028001418,21.680634098854558,65809900
2009-04-29,23.10814094543457,23.16175734950789,22.283807907088665,22.41114303190652,84731300
2009-04-30,22.11625099182129,23.597369005272576,21.948703635822643,23.46333060915971,94556900
2009-05-01,21.77446937561035,22.632311566461652,21.486287535264104,22.015735574358736,68254100
2009-05-04,23.986080169677734,24.113415240250283,22.049233137624345,22.156463343519594,100918400
2009-05-05,23.33599853515625,24.093313397343966,23.094729902489714,23.75821864232269,63488200
2009-05-06,24.944459915161133,25.031582730062112,23.831945183971055,24.006193370343674,102644800
2009-05-07,23.61748695373535,25.949746882031338,23.275688763465674,25.802304324929054,113228400
2009-05-08,26.097185134887695,26.097185134887695,24.260866849274194,24.66297963335242,110026400
2009-05-11,24.01289176940918,25.58783612144762,24.01289176940918,25.031577591752175,86808000
2009-05-12,23.697906494140625,24.30107564675312,22.82666045820882,24.287674103500724,94148900
2009-05-13,22.81995391845703,23.637585996598308,22.571984498055436,23.255578153400887,82160700
2009-05-14,23.81854248046875,23.872156326891865,22.665815381807455,22.866871779893057,68764300
2009-05-15,23.396324157714844,23.912370573932836,23.05452850882813,23.758227237645023,68301000
2009-05-18,24.97125816345215,25.031575317136063,23.590669511573516,23.932465011402428,71730900
2009-05-19,23.999496459960938,25.25275060754029,23.972688255722506,24.998077780417333,59860600
2009-05-20,23.15505027770996,24.636168687106803,22.960694679217944,24.53564178057574,77073900
2009-05-21,23.389619827270508,23.697906452952456,22.565284307296093,22.913783232377234,65068100
2009-05-22,23.06123161315918,23.657700144146297,23.06123161315918,23.63089193775847,39227200
2009-05-26,24.488737106323242,24.50214120976902,22.86687638138219,22.86687638138219,65462400
2009-05-27,23.228775024414062,24.60936673418967,23.228775024414062,24.461924181295636,76374100
2009-05-28,24.562454223632812,24.57585576823024,23.188563254445427,23.55046631627735,66107300
2009-05-29,24.72998809814453,24.84391906076998,23.91235627104147,24.36138190948693,61932300
2009-06-01,24.200542449951172,25.286248688037308,23.972677925259518,25.065087489802156,90184500
2009-06-02,23.121545791625977,23.80513962616691,23.088036816285634,23.503553734961947,159381700
2009-06-03,22.773040771484375,23.43652955580702,22.551879547757004,23.05452171399316,72136300
2009-06-04,23.691204071044922,23.751521244267597,22.940592348273295,23.054525922836454,70954200
2009-06-05,23.15505027770996,23.96597908395126,23.12154130886627,23.93917344281858,61583800
2009-06-08,23.718015670776367,23.945880295987543,23.155056158876473,23.155056158876473,61615100
2009-06-09,23.630884170532227,23.979383069312174,23.516953165688815,23.939173329518233,58992300
2009-06-10,23.349411010742188,23.9056671742655,23.034421009890174,23.838649221840864,60176100
2009-06-11,23.41642189025879,24.039698374517677,23.148347604960815,23.50354724735149,66560900
2009-06-12,23.543764114379883,23.751521278446386,23.322600293388238,23.362812594451462,41157300
2009-06-15,22.786447525024414,23.483445357013863,22.739534455233834,23.37621511798245,55388500
2009-06-16,22.45135498046875,23.047823405226886,22.370932932199437,22.967401356957573,56344000
2009-06-17,21.935304641723633,22.46475502338254,21.566700884119843,22.404437858933164,65456600
2009-06-18,22.90038299560547,22.994211710031404,22.009031939413106,22.015732712158,63861500
2009-06-19,23.456632614135742,23.537054638687447,22.64570392876672,23.22206731062241,77009100
2009-06-22,22.029132843017578,23.45663749802273,22.022432071480637,23.248877788389112,70388300
2009-06-23,22.498266220092773,22.84676514293134,22.069345255543958,22.18997959639464,59046500
2009-06-24,22.424551010131836,22.739541047097273,22.163177386510007,22.63901155036366,50429500
2009-06-25,22.880277633666992,22.907085837217927,21.988926596451947,22.437952501360584,57205700
2009-06-26,23.088037490844727,23.282393132696484,22.43795261265072,22.706029536347696,46722500
2009-06-29,23.188566207885742,23.255586722263484,22.813261553655252,23.15505722898248,34914800
2009-06-30,22.860164642333984,23.315893714600204,22.69931803471116,23.188556071232522,39470600
2009-07-01,22.665525436401367,23.202463630387353,22.584985347384286,23.001112127683015,36463700
2009-07-02,21.658775329589844,22.66553586673042,21.658775329589844,22.390354755658304,38352200
2009-07-06,21.8802490234375,21.8802490234375,21.202365102493662,21.497680439088096,60664000
2009-07-07,22.021207809448242,22.417200355133435,21.564809534410255,21.900396350742646,56704900
2009-07-08,21.954084396362305,22.477601463229412,21.336606010216094,22.10174338449453,71784600
2009-07-09,22.564847946166992,22.65210120101697,22.061467919477728,22.074891694094894,41655600
2009-07-10,21.705747604370117,22.59840688455435,21.61849434650079,22.35678661405386,51037400
2009-07-13,23.29643440246582,23.29643440246582,21.766159455747285,22.06147490992966,70454200
2009-07-14,23.289718627929688,23.55147585704414,22.86016804063177,23.175617812996734,52924000
2009-07-15,24.336748123168945,24.679048015784996,23.49778131229914,23.564900193362835,84050100
2009-07-16,24.249500274658203,24.43742804312582,23.638732466814627,23.826660235282244,71465100
2009-07-17,24.75959014892578,24.967654856848856,24.28305757564012,24.444137782792925,61742300
2009-07-20,24.819992065429688,25.128731215457968,24.55823484865252,24.84683961595128,43554400
2009-07-21,24.793142318725586,25.041478298567633,24.564943280152665,24.96764882133476,43509400
2009-07-22,24.719324111938477,25.054910901009656,24.303194650056927,24.430719268511343,40137700
2009-07-23,25.605270385742188,25.820045703739776,24.544815012845817,24.79986166308936,56528800
2009-07-24,25.450902938842773,25.672391466727028,25.101894902707226,25.538156228038773,35328600
2009-07-27,25.591842651367188,26.491215116544314,25.215984622823953,25.484455008972457,30479300
2009-07-28,25.558290481567383,25.638830592153393,25.26968564494989,25.33009136797039,29035900
2009-07-29,25.350215911865234,25.66566818296033,25.1287274933543,25.36363968513768,29931400
2009-07-30,25.820037841796875,26.363686579801037,25.437469263081738,25.59183881586829,38531000
2009-07-31,25.94086265563965,25.94086265563965,25.457616807236594,25.759645462488503,39085700
2009-08-03,26.578472137451172,26.679149196283717,26.169058413664608,26.256309133640585,42957800
2009-08-04,26.987890243530273,27.182531204907406,26.28986907465486,26.35698797184911,43363800
2009-08-05,28.0416202545166,28.32351437791435,27.021436509455764,27.07513160355934,63334100
2009-08-06,27.350311279296875,28.498016978625458,26.994590258648607,28.377205582872673,54175600
2009-08-07,28.430906295776367,28.94771013305096,27.638921460506044,27.706037777939773,65696000
2009-08-10,28.65239715576172,29.008120868697215,28.195998949233186,28.209422727110358,43700600
2009-08-11,27.679189682006836,28.53157757114947,27.477835631647494,28.377208010110916,50698800
2009-08-12,28.33024024963379,28.491323058417382,27.5382551071236,27.6456427928712,43077100
2009-08-13,28.793336868286133,28.860453177126967,28.061757836499524,28.67923607086903,40385300
2009-08-14,28.49134063720703,28.75980873705519,28.055076454505567,28.612152178252792,38413900
2009-08-17,27.336894989013672,27.90739397185194,27.32347121244204,27.659057945762104,39162800
2009-08-18,27.987937927246094,28.108749372713078,27.558387259063007,27.585232255581495,29053600
2009-08-19,27.79330062866211,28.12217684233898,27.5181195357179,27.618796606929507,29394100
2009-08-20,28.471179962158203,28.61212834954448,27.84027776459975,27.873835929092166,29634300
2009-08-21,29.30343246459961,29.404109505335786,28.545005755937975,28.766494221428164,42863600
2009-08-24,28.86717414855957,29.692719893585522,28.826905372925907,29.437673219835034,40385200
2009-08-25,29.249723434448242,29.625578712663522,29.061793235018545,29.122198913349152,34835700
2009-08-26,29.061811447143555,29.383974413355524,28.80676480543771,29.12221716332853,31908400
2009-08-27,29.16249656677246,29.283308032584543,28.551728627533333,28.894026073784644,28975700
2009-08-28,28.806751251220703,29.437655670147787,28.53157035370648,29.40409752368458,27263600
2009-08-31,29.1691951751709,29.26315904095752,28.229553956981366,28.484598004024104,32251100
2009-09-01,27.96780014038086,29.410824273319456,27.893973201765004,28.914157288254916,51475400
2009-09-02,27.424152374267578,28.263119333537514,27.350322872199985,27.86041365689356,35898500
2009-09-03,28.26311492919922,28.3570788043429,27.591941466374532,27.672481565022895,35019600
2009-09-04,28.417484283447266,28.518161326167977,28.048339394010586,28.410773675416877,21880200
2009-09-08,28.551725387573242,28.88731218556449,28.088613967737906,28.719518786568866,28089300
2009-09-09,28.76650047302246,28.907446312424945,28.45104806646295,28.59199390586543,29031600
2009-09-10,28.873872756958008,28.961125994035797,28.323510911370764,28.679231905139357,25112100
2009-09-11,28.52488899230957,29.122233316849453,28.51146520789771,28.94772924014542,27289900
2009-09-14,29.363840103149414,29.430956427827144,28.195997107361745,28.242981607024557,28945000
2009-09-15,28.987991333007812,29.665878207337613,28.55844057241144,29.26988561985199,49985400
2009-09-16,29.9679012298584,29.988035617859797,29.00140964060715,29.095373531712355,38721900
2009-09-17,30.17595863342285,30.27663567817474,29.665867922144855,29.726273636931268,35705700
2009-09-18,30.16924476623535,30.4310019819257,30.001451416657094,30.363885666223727,39492000
2009-09-21,29.90078353881836,30.068576939777298,29.679297580921094,29.89407292932261,24070000
2009-09-22,31.18943977355957,31.202863553556927,29.853803107551247,30.075291637021287,41148100
2009-09-23,30.24307632446289,31.20956516262115,30.189381219959014,31.142448842314806,34427200
2009-09-24,29.77995491027832,30.7397328150557,29.70612544678427,30.34374051476068,42231400
2009-09-25,29.29671859741211,29.719555976686568,29.088653931189047,29.632305282100344,31056100
2009-09-28,30.075284957885742,30.08870873490194,29.323568806920683,29.511499124823786,25826100
2009-09-29,30.12228012084961,30.33705552674704,29.82025140620485,30.128990732141805,23930600
2009-09-30,29.410816192626953,30.12897147719577,29.14905899399462,30.068565772871143,40904000
2009-10-01,27.766441345214844,29.236312650633646,27.75973073811864,29.128925014832003,50562700
2009-10-02,28.129329681396484,28.49220267613238,27.235587219927275,27.430463742665744,43061100
2009-10-05,29.432964324951172,29.52032315752402,28.458584839331504,28.545943671904354,34430200
2009-10-06,30.178874969482422,30.239353779578448,29.61440692972675,29.80928338041637,41695700
2009-10-07,30.709749221801758,30.790386793870546,29.876485765683615,29.970563360334236,36148700
2009-10-08,30.440950393676758,31.207013648722448,30.272953975871232,30.93822091828675,36627700
2009-10-09,30.81053924560547,30.871018053145338,30.293112580835295,30.54846526740659,26034200
2009-10-12,30.965091705322266,31.193564304365474,30.47454005613791,31.15996554353095,24220600
2009-10-13,30.682861328125,30.931495273734136,29.923516908732104,30.6761426002638,45701900
2009-10-14,31.69083595275879,31.899152379770708,31.334684459455058,31.710994697384667,70368700
2009-10-15,31.69083595275879,31.798353529798856,31.153248067558465,31.153248067558465,36096800
2009-10-16,30.951663970947266,31.502692070247235,30.91134390389282,31.381734432506054,37459000
2009-10-19,30.89790916442871,31.200303310484646,30.541757483197603,31.193582016448627,30415400
2009-10-20,30.93150520324707,31.30781816981546,30.756790025132467,30.783670072049286,30614800
2009-10-21,30.004150390625,31.193562342574992,30.004150390625,30.92476970938228,32991600
2009-10-22,30.71645736694336,30.82397494712684,30.12511195764489,30.185588193290613,32388900
2009-10-23,30.3939151763916,31.045742174433386,30.212478716212278,30.70974929930623,27638200
2009-10-26,29.44640350341797,30.38046290967413,29.264967116362136,30.31998411398885,42085500
2009-10-27,29.50017547607422,30.01088351861346,29.345616497628004,29.560654296163808,38075200
2009-10-28,28.680349349975586,29.439693894672327,28.5593917211417,29.385933809225282,45679500
2009-10-29,29.802562713623047,29.83616404704258,28.7341054217965,29.043220770672093,35898600
2009-10-30,28.06883430480957,29.547202899702047,28.041954269911965,29.533762882253242,58853300
2009-11-02,28.61314582824707,28.794579670167714,27.90084022543243,28.34435058401702,44598100
2009-11-03,28.69378662109375,28.86850175520661,28.20995615213241,28.283874980826138,29387800
2009-11-04,28.364517211914062,29.35905579044793,28.304038393327847,29.036502945795498,42548800
2009-11-05,29.48001480102539,29.520334869768668,28.492197469326637,28.626592571626365,32893300
2009-11-06,29.217939376831055,29.359055765605437,28.834907713916515,28.989464124967807,27140000
2009-11-09,29.802562713623047,29.829442754989937,29.096978289984044,29.520329969536178,38845500
2009-11-10,29.68160057067871,29.78239942874297,29.264970246627907,29.661441824434437,30980200
2009-11-11,29.782398223876953,30.23262985801573,29.419525425631615,29.795838241969893,32669300
2009-11-12,29.09697151184082,30.004153470981528,28.89537637539441,29.621121942706974,34649600
2009-11-13,28.828189849853516,29.090263883564912,28.46531692775056,29.002905017853706,36650700
2009-11-16,28.922258377075195,29.305289931394068,28.734100681966314,29.0633747258408,43516700
2009-11-17,29.002899169921875,29.023057918166636,28.586268804526,28.841621493698668,25859700
2009-11-18,29.15073585510254,29.231373408817085,28.85506055244651,28.98945818425183,20422300
2009-11-19,28.592988967895508,29.016340646235648,28.39811251367619,28.96258056365577,26878000
2009-11-20,28.53249740600586,28.720655047529085,28.32418358765538,28.539218695035625,25328200
2009-11-23,29.083528518676758,29.325443683029977,28.693778303212888,28.86177466030029,29810700
2009-11-24,28.545957565307617,29.083545713130057,28.384682402672134,29.070105689006684,31881800
2009-11-25,28.330913543701172,28.673625080871087,28.183075887491327,28.673625080871087,26123800
2009-11-27,27.773164749145508,28.15619631773888,27.383411889357724,27.537968262349654,26230100
2009-11-30,28.55266761779785,28.6601852050323,27.880682056727192,27.92772084092842,38240600
2009-12-01,28.371231079101562,28.700502567006083,27.968038206248018,28.63330503657456,39211100
2009-12-02,28.176361083984375,28.324198760786953,27.86724827196267,28.324198760786953,32519700
2009-12-03,27.820213317871094,28.955868404080782,27.759734492959193,28.424999003567695,53314400
2009-12-04,28.04867935180664,28.566105994711613,27.699246541167096,28.391390871102626,61485000
2009-12-07,27.719398498535156,28.196507530198012,27.591722191918898,27.974753675188616,32949600
2009-12-08,27.692529678344727,27.820208600074743,27.302779311002187,27.558132027618274,41878900
2009-12-09,27.679088592529297,27.89412380005364,27.28261694801468,27.719408655223315,42492800
2009-12-10,27.73284339904785,27.927719819854563,27.322931811634213,27.793322199869884,36380900
2009-12-11,27.52452278137207,27.71939917259438,27.38340645535081,27.54468408753296,46616100
2009-12-14,28.06883430480957,28.176351880978775,27.349810033536535,27.558123895439934,35340800
2009-12-15,27.457332611083984,28.021800629645977,27.296054935742692,27.887402994098515,40244400
2009-12-16,27.793325424194336,28.021800635647452,27.470772636864357,27.665646516857144,43562800
2009-12-17,27.060855865478516,27.632042503983584,27.007095796083536,27.59172501535855,44272800
2009-12-18,27.51781463623047,27.679089767006,26.9063077582441,27.235579312240308,48126800
2009-12-21,28.156200408935547,28.384675637735256,27.887405117375227,27.921003887964797,35991900
2009-12-22,28.18308448791504,28.290602117035736,28.015088032200048,28.22340456011873,24754800
2009-12-23,27.927732467651367,28.18308524150184,27.85381361501266,28.115887682788042,24503600
2009-12-24,28.14948272705078,28.149482727050785,27.894127423660304,28.008366334422707,7956500
2009-12-28,28.03523826599121,28.310752241899593,27.927720679378705,28.12259454276161,13039900
2009-12-29,27.880691528320312,28.089005482430622,27.86053021151241,28.041966682249434,15593000
2009-12-30,27.90757179260254,27.968050622208086,27.70597654839158,27.732856597865734,15501800
2009-12-31,28.001646041870117,28.310761446880853,27.853810914349122,27.968047265770906,20143100
2010-01-04,28.829181671142578,28.923374855654874,28.035285652909078,28.116022668205332,35460500
2010-01-05,29.387596130371094,29.49524289923137,28.782081451468656,28.788810818179467,41208300
2010-01-06,29.549060821533203,29.663436940929028,29.138659337762785,29.232849926382258,27729000
2010-01-07,30.134395599365234,30.356415929096304,29.340499745900054,29.46160267720839,44864700
2010-01-08,30.060392379760742,30.07384854815923,29.65671759381298,29.851825619336772,33110100
2010-01-11,29.9594669342041,30.403510144335872,29.811454241827665,30.356414846784112,31878700
2010-01-12,29.2597713470459,29.703814664568352,28.889733110358975,29.596167877487204,47109600
2010-01-13,29.771087646484375,29.95946884872971,28.84263266905837,29.300132074369657,39622000
2010-01-14,30.067115783691406,30.134396618082366,29.67016784353968,29.737448677930637,37938300
2010-01-15,29.387596130371094,29.892190840622657,29.15884642573033,29.80472703889199,69738500
2010-01-19,29.118467330932617,29.434680722257596,28.862807951968215,29.19920430307973,41731500
2010-01-20,29.199203491210938,29.38758462131539,28.734974897024372,28.936812188779204,39934400
2010-01-21,27.275028228759766,29.03101833030792,27.127012950774386,28.95701069131523,137547700
2010-01-22,26.34657859802246,27.719077185111473,26.117828833507627,27.349041480705672,106634900
2010-01-25,26.38020896911621,26.837708346021415,26.131276314962307,26.75024455048039,56572200
2010-01-26,25.862165451049805,26.804076803482708,25.75451865932907,26.23893050532336,52975300
2010-01-27,26.460948944091797,26.568595717453793,25.613228358177274,25.80160956993538,66314300
2010-01-28,26.56186866760254,26.938633690487606,26.050547091153003,26.69642778766876,65047400
2010-01-29,26.198558807373047,26.81080034198816,26.10436819689405,26.676243793590537,53649000
2010-02-01,26.66279411315918,26.86463155136924,26.205294551081842,26.306211986935732,37408200
2010-02-02,27.28174591064453,27.36920968808379,26.7098730911202,26.77715134053458,45968500
2010-02-03,27.106830596923828,27.651791284583204,27.02609358901001,27.30194118296313,37373300
2010-02-04,25.801605224609375,26.857889812363585,25.80160522460937,26.77042858820637,57211800
2010-02-05,25.767963409423828,26.15818446053952,24.913516255964367,25.99671306126731,75224100
2010-02-08,25.36429786682129,25.761245859098793,25.10863579556584,25.761245859098793,58321000
2010-02-09,25.828523635864258,26.037090396075158,25.458487988039888,25.69396451851857,45173500
2010-02-10,26.151460647583008,26.57532091497386,25.915984147088853,25.996718580615223,39331800
2010-02-11,26.25238609313965,26.48786264277686,25.8083427663224,26.13128313432568,33830600
2010-02-12,26.205286026000977,26.36002809717154,25.80833808117164,26.016902253987798,38051100
2010-02-16,26.95880889892578,27.005904192415212,26.07072255526646,26.46094363446577,46425300
2010-02-17,26.93863296508789,27.21447799886994,26.750249175467257,27.086645683323496,34644100
2010-02-18,27.187557220458984,27.25483547453945,26.756970234741882,26.871343779978854,31809500
2010-02-19,26.931894302368164,27.382666801895976,26.844433088393266,26.98571895696883,40290200
2010-02-22,27.48359489440918,27.786352278320418,27.079920093528724,27.180840076999733,43898900
2010-02-23,26.830982208251953,27.752707784536184,26.75024521045237,27.51723129054064,52233100
2010-02-24,27.48359489440918,27.564331907786706,26.911721832078236,26.945360971067974,44645000
2010-02-25,27.342302322387695,27.375941453197978,26.709877937050404,27.019362046906874,46718100
2010-02-26,28.23712730407715,28.46587706135126,27.31539890672153,27.375950388544148,67699100
2010-03-01,28.142919540405273,28.378395956022874,27.860345275163706,28.277476025615076,34606800
2010-03-02,28.001638412475586,28.526418594079207,27.82671339627512,28.24384425529247,33891600
2010-03-03,27.94110107421875,28.29768321926256,27.813271288789405,28.02183810696588,27562500
2010-03-04,28.203479766845703,28.311129104728213,28.028554725789576,28.196752966478783,25450700
2010-03-05,28.802270889282227,28.8426368290131,28.385137357716964,28.472601171303456,34790800
2010-03-08,28.654251098632812,28.95027906500056,28.573516665350944,28.829176131827083,28524900
2010-03-09,28.53986358642578,28.808981678734035,28.290931019265866,28.51968062777778,37107100
2010-03-10,28.882999420166016,29.259764368339255,28.80226499073648,28.84263092220063,40903700
2010-03-11,29.051219940185547,29.06467611650075,28.795557723203167,28.869565409685162,30119600
2010-03-12,29.031009674072266,29.29339844935367,28.829169785547375,29.158839379170676,31367300
2010-03-15,28.97719955444336,29.071390180867503,28.66098596587482,28.876279559559162,29142000
2010-03-16,29.091554641723633,29.185745199902858,28.721516639590636,29.165559675650005,28553800
2010-03-17,29.46160316467285,29.67689669800513,29.11175053138256,29.138662864674437,32918800
2010-03-18,29.36068344116211,29.461603408591497,29.031016338362022,29.434691075076806,26012000
2010-03-19,29.23285675048828,29.528884750468574,29.017563192956853,29.232856750488278,37014400
2010-03-22,29.42796516418457,29.46160429884372,28.957009579452023,28.977192546947222,23257200
2010-03-23,29.993099212646484,30.10074593988589,29.45486300994904,29.50195829271,33735700
2010-03-24,30.235315322875977,30.255500857313844,29.737449959434937,29.898918835928754,35849200
2010-03-25,30.235315322875977,30.98211593453906,30.20167618748156,30.26222765779212,45019400
2010-03-26,30.289152145385742,30.874481548900587,30.134410007284238,30.30260831824273,39727000
2010-03-29,30.181499481201172,30.531352208189254,29.912381209209705,30.44388838481672,30628400
2010-03-30,29.993099212646484,30.309310030255748,29.845084000254644,30.208392667125292,30296300
2010-03-31,30.107492446899414,30.275690728725667,29.771095883246907,29.811464394825965,39043000
2010-04-01,30.430784225463867,30.51834585508257,30.302811512461183,30.32975137825983,23894600
2010-04-05,30.538545608520508,30.578959253616556,30.16809618794047,30.49813196342446,21342400
2010-04-06,30.875316619873047,30.942670122048344,30.41057128837211,30.464453576238064,28192100
2010-04-07,30.52507972717285,31.016767599582714,30.323016605128966,30.86858934708226,28890100
2010-04-08,30.821441650390625,30.962888161330135,30.18157546633709,30.41731536894921,28869900
2010-04-09,30.96961784362793,31.131269873596274,30.612639596219815,30.902264329941367,22881200
2010-04-12,31.077388763427734,31.29966001032832,30.915739283292908,31.003298347794203,24645900
2010-04-13,30.895530700683594,31.239040337139457,30.88205948264884,31.010034769292922,27988900
2010-04-14,32.14830780029297,32.28301733620196,31.50843943175328,31.92603925000822,72533100
2010-04-15,32.20221710205078,32.464899483443524,31.9866827086325,32.09444990534164,45412100
2010-04-16,30.679996490478516,32.16179707920644,30.403842942939797,32.10791220682223,121203900
2010-04-19,30.572242736816406,30.781042854913803,30.033406623276804,30.464475514108486,72136600
2010-04-20,30.902271270751953,31.08412888179806,30.68673689529859,30.828180847432527,39310700
2010-04-21,30.5452880859375,31.245776038380306,30.309548183371284,31.01003613581409,46320600
2010-04-22,30.134441375732422,30.390386939578352,29.656221886707822,30.248942932815062,63176900
2010-04-23,30.26913070678711,30.356692332133118,29.80438528494491,30.127686783101037,32483800
2010-04-26,29.56191062927246,30.181573805335518,29.45414345552742,30.16136569381501,42889300
2010-04-27,28.5650634765625,29.8852119902009,28.490973063252945,29.285756928873877,66296100
2010-04-28,29.272281646728516,29.440667992007953,28.8142705820187,28.854684229859586,48578900
2010-04-29,29.635995864868164,29.858267067153065,29.36657669289343,29.56190546410653,36520300
2010-04-30,28.679569244384766,29.669679403653557,28.44382677265621,29.649473860415082,54121100
2010-05-03,29.319427490234375,29.454137070556804,28.88835888869984,28.942243748577425,31230900
2010-05-04,28.605478286743164,29.20493337231054,28.457297454132018,28.94225103767964,48982200
2010-05-05,28.713245391845703,29.21166762312611,28.032962997821453,28.363001423430514,43062100
2010-05-06,27.487394332885742,28.814277295675467,26.46360480672167,28.713247006591025,78226200
2010-05-07,27.45370864868164,28.181138894775497,26.79363448243262,27.635566210205102,72976300
2010-05-10,28.25522804260254,29.164513240450628,27.898247258714086,28.504439103527222,66578300
2010-05-11,27.985815048217773,28.659360549110485,27.716398389483995,27.92519585036254,50771200
2010-05-12,28.08010482788086,28.147460904770927,27.487386767477926,28.1137841510117,47700000
2010-05-13,27.487394332885742,28.019493355224043,27.467186219570998,27.91172617191058,35320800
2010-05-14,26.867740631103516,27.00918462761169,26.40972929723332,27.00918462761169,60719400
2010-05-17,26.83405303955078,26.968762654513455,26.113359554278514,26.894672237815374,56506200
2010-05-18,26.281749725341797,27.359421661898953,25.965182469877632,27.359421661898953,61735000
2010-05-19,26.524229049682617,26.712821013985916,25.94497936575356,25.958450587399913,64600500
2010-05-20,25.480224609375,26.43665787763686,25.12998068076066,25.96517556721864,76564100
2010-05-21,26.975500106811523,27.049590532100275,24.934657810891405,24.934657810891405,89588800
2010-05-24,26.012317657470703,27.110197169083644,25.931492944340878,27.04957799189345,49141600
2010-05-25,26.227863311767578,26.275011295652092,25.156925763270564,25.372460137991887,66813700
2010-05-26,26.120100021362305,26.60505372152355,25.911302509971726,26.39625364076017,50719600
2010-05-27,27.224712371826172,27.271862928433695,26.537698109439436,26.658936525007118,44843000
2010-05-28,26.65892219543457,27.177549776248558,26.510741418418448,27.16408113231184,41252400
2010-06-01,25.958444595336914,26.91487798709628,25.931502158263413,26.483809271409115,37848600
2010-06-02,26.638731002807617,26.685878994632446,26.04601008781608,26.3827829262065,39618500
2010-06-03,26.335630416870117,26.901408791089516,26.01232885579795,26.847526482263692,30950400
2010-06-04,25.338775634765625,26.066205854308688,25.257950911273607,25.924761945854748,52868900
2010-06-07,24.732589721679688,25.682288702463296,24.692176069745837,25.45328314691545,44528300
2010-06-08,25.446550369262695,25.460021588752795,24.61808964091459,24.82688968895253,51017900
2010-06-09,25.00200843811035,25.702496380294054,24.927918021425434,25.695762055764604,42586000
2010-06-10,25.790050506591797,25.843932795256052,25.197329915056287,25.379187456869616,44302600
2010-06-11,25.655353546142578,25.709235861301885,25.27143273665644,25.453290367892933,31147600
2010-06-14,25.143457412719727,25.77658932483795,25.07610131395878,25.5745261673,48662200
2010-06-15,25.76311492919922,25.78332047165049,25.096303765213854,25.29163257348324,45355600
2010-06-16,25.94496726989746,26.18744400774059,25.587989055501527,25.608194593864585,37217100
2010-06-17,25.891090393066406,26.2009233032894,25.540846393654803,25.998857579856715,34755100
2010-06-18,26.38951301574707,26.450132213798064,25.850677127167252,25.998855390669085,37270800
2010-06-21,26.18070411682129,26.79363021422609,26.03926022573664,26.63871510931843,33665100
2010-06-22,25.817001342773438,26.658933253465936,25.742910923532932,26.221127632156925,42245700
2010-06-23,26.19418716430664,26.342368013931637,25.608203229819818,25.790060844530725,45046000
2010-06-24,25.61493492126465,26.06621174900585,25.204071749094545,25.965178894764204,73843400
2010-06-25,26.564638137817383,26.67240533347165,25.783325326980773,26.120098134571943,70734200
2010-06-28,25.958444595336914,26.6993436292527,25.911296615144394,26.638724430523425,39962900
2010-06-29,24.961593627929688,25.534106194285453,24.840355249510754,25.534106194285453,56694200
2010-06-30,24.658498764038086,25.25121946572352,24.591142678976148,24.93465228936222,35332500
2010-07-01,24.33475112915039,24.74617350882028,23.714240647607202,24.6450050834793,56642900
2010-07-02,24.166141510009766,24.74618067271848,23.83565171662919,24.48988519601676,36796000
2010-07-06,24.50337028503418,24.874326362186395,24.186370192414795,24.746176074760367,35953600
2010-07-07,25.73090362548828,25.79160572666506,24.557330527032537,24.712457547176296,44602900
2010-07-08,25.73764991760254,26.18279784963315,25.05643966286113,26.155818563355815,41498200
2010-07-09,26.203025817871094,26.230005098784055,25.413901147810744,25.461113602965508,30422300
2010-07-12,26.432344436645508,26.53351545315459,26.034409050134727,26.20977180236569,24998900
2010-07-13,27.302410125732422,27.44404750703522,26.80330623745986,26.850518697894127,48564800
2010-07-14,27.21472930908203,27.234965058896112,26.870752436876845,27.079838032381133,37320600
2010-07-15,27.288911819458008,27.54520978964447,26.51327694938561,27.46427453643807,81876200
2010-07-16,26.304189682006836,27.214718295691476,26.209764797374074,27.167505853375097,58507400
2010-07-19,26.3311710357666,26.54700009565933,25.71066055891099,26.324424930396948,35404900
2010-07-20,26.72911262512207,26.73585615919021,25.818581152766633,25.84556043481108,43538200
2010-07-21,25.913009643554688,27.14728495214054,25.859053644904726,27.14728495214054,41115600
2010-07-22,26.540258407592773,26.70887504950349,26.122089856062207,26.277216857873775,35494400
2010-07-23,26.86400032043457,26.951679107703743,26.283958753525944,26.418849987135555,28241000
2010-07-26,27.20122718811035,27.22146035384237,26.641418922600145,26.84375829857459,27209400
2010-07-27,27.444042205810547,27.815000855975214,27.39008622125927,27.477767590651432,44872200
2010-07-28,27.19449234008789,27.585684192053066,27.07983425630309,27.275427609399856,23945400
2010-07-29,27.120304107666016,27.538475294379275,26.91796462180685,27.457537441726682,28994300
2010-07-30,27.167512893676758,27.44404408728491,26.789813257267067,26.789813257267067,26406500
2010-08-02,28.084787368774414,28.125256288933222,27.471022897237468,27.63963953857054,35566700
2010-08-03,27.707088470458984,28.091534217019063,27.56544853260593,27.99036320039343,29967900
2010-08-04,27.848731994628906,27.92292374684498,27.55871109390411,27.80151952919802,23078100
2010-08-05,27.83523941040039,27.943153973253416,27.612664177267586,27.632899926661743,19830500
2010-08-06,27.275426864624023,27.619406252357454,26.95842932977225,27.477768891707573,34906600
2010-08-09,26.85725212097168,27.35635839422231,26.749337598766832,27.349612289336605,37790900
2010-08-10,26.418851852416992,26.79655402269319,26.412108319414532,26.756085106021814,34166500
2010-08-11,25.474599838256836,26.15580986649449,25.461110199603503,26.068131074576062,46201600
2010-08-12,25.501585006713867,25.622989209754106,25.103649579612227,25.19807449911328,35387300
2010-08-13,25.29249382019043,25.6567063486937,25.29249382019043,25.49483325617485,24564100
2010-08-16,25.420650482177734,25.50833187870942,25.144119221934503,25.171098509003702,28334100
2010-08-17,25.279014587402344,25.6769500902305,25.22505858294232,25.609504441433828,33883800
2010-08-18,25.5555477142334,25.75788724815878,25.218314300062175,25.218314300062175,27041700
2010-08-19,25.00248146057129,25.609502546369004,24.955268995329956,25.400416933952815,35384700
2010-08-20,25.04969024658203,25.198073728624287,24.827117596404666,25.029457070989366,30862000
2010-08-23,24.874330520629883,25.231797018188058,24.847351237410308,25.096903174976237,29282800
2010-08-24,24.422443389892578,24.752933269922412,24.226847390954244,24.67874150667775,48709200
2010-08-25,24.435928344726562,24.57756573488578,24.058226064749025,24.24707849118094,36058000
2010-08-26,24.03125,24.69897061326155,24.02450389197073,24.523610397795935,31873200
2010-08-27,24.68548011779785,24.746182223533676,23.977290599470734,24.193119737001165,38448800
2010-08-30,24.17962074279785,24.685470570662957,24.166133678193823,24.55057934154048,27306500
2010-08-31,24.523609161376953,24.71245901049341,24.098694427978696,24.240331814816038,34784400
2010-09-01,25.45437240600586,25.49483875820446,24.725947191798213,24.779905758577776,36770500
2010-09-02,25.73764991760254,25.764629203879874,25.28575845044577,25.521820773156566,31282900
2010-09-03,26.418851852416992,26.41885185241699,25.946727355678668,25.946727355678668,34135600
2010-09-07,25.818580627441406,26.196282849720777,25.778114278084047,26.122091112051088,31885500
2010-09-08,26.385129928588867,26.594215479091215,25.859046858604046,25.859046858604046,30781000
2010-09-09,27.046112060546875,27.194495549200468,26.385135041913976,26.93145396323174,33438800
2010-09-10,26.81678581237793,27.14727551594598,26.756083726942386,26.92470034505385,21928600
2010-09-13,27.73406982421875,27.970134711593975,27.410326118825488,27.410326118825488,41643200
2010-09-14,27.46427345275879,27.80825019497741,27.28891074269815,27.632890057801983,42754100
2010-09-15,27.639644622802734,27.747559190191037,27.207986353249513,27.32264445546186,25399500
2010-09-16,27.646385192871094,27.720574352620208,27.349618262331756,27.464278914463513,25207500
2010-09-17,27.019140243530273,27.707096670689968,26.971927774568133,27.673371273242786,45938300
2010-09-20,27.781278610229492,27.86221645553028,26.998897449190004,27.140537392023422,33337500
2010-09-21,27.376605987548828,27.99037063839085,27.295670696472545,27.862222879779534,33548900
2010-09-22,26.93819808959961,27.545219126622253,26.81005034751091,27.268687892619976,34546000
2010-09-23,26.37164306640625,26.776324570683478,26.297453901530364,26.729112114450686,33471100
2010-09-24,26.810047149658203,26.843769964829026,26.506536667349046,26.64817403479803,28855100
2010-09-27,26.3581600189209,26.756092904183475,26.310944982600528,26.668414085169495,25684900
2010-09-28,26.270479202270508,26.573989740197252,26.041160415046566,26.547010453962354,31442600
2010-09-29,25.906265258789062,26.223265423950743,25.670202948276884,26.162563319406722,40207000
2010-09-30,25.67020034790039,26.270475224869188,25.602752142524935,25.96022119879996,54885200
2010-10-01,26.17604637145996,26.364896172322663,25.825323474939534,25.859046286109937,38973800
2010-10-04,26.304367065429688,26.702815853063555,26.142285111050967,26.324626343650053,38886100
2010-10-05,26.770353317260742,26.891914160877423,26.38541150454316,26.581259816615116,42379500
2010-10-06,26.945940017700195,27.060746039964336,26.621776078612665,26.716325396966408,31559900
2010-10-07,26.68931007385254,27.229578987046843,26.47320250857482,27.08775888037185,26923900
2010-10-08,26.547481536865234,26.864887973457034,26.4259207479732,26.79060053844473,28178500
2010-10-11,26.83112335205078,26.952684148608153,26.608263609165427,26.689303281468764,24601000
2010-10-12,27.28360366821289,27.344384074166932,26.655540332089515,26.655540332089515,38798100
2010-10-13,26.905406951904297,27.499703808457216,26.729820590938672,27.45918268998621,69607700
2010-10-14,26.149032592773438,26.59475462214096,25.73032206806111,26.506960147449078,76504900
2010-10-15,25.088764190673828,26.297615154877207,24.67680831340108,26.250341783013667,142280400
2010-10-18,25.797861099243164,25.83837965034217,24.994208819713826,25.088758116756342,55058700
2010-10-19,25.453441619873047,26.101766868991373,25.325128562589832,25.595264297739575,70595100
2010-10-20,25.730321884155273,25.865389711284035,25.298106898306848,25.662789258693152,43497200
2010-10-21,25.46019172668457,25.93292788776136,24.453939004161054,25.791105236094946,38250300
2010-10-22,25.46019172668457,25.520972127054513,25.20356308332206,25.32512388406194,24876900
2010-10-25,25.03472137451172,25.710057807762542,24.987448030280486,25.64252519491908,37893500
2010-10-26,25.12252426147461,25.16304281229417,24.838881524713162,24.97394937192314,39188100
2010-10-27,25.352136611938477,25.412917009057747,24.987454229222855,25.027975352703933,30777500
2010-10-28,25.331871032714844,25.63577297357048,25.210312832576896,25.460186616745172,30614600
2010-10-29,25.412919998168945,25.487207445186392,25.20356469986569,25.291359189632214,19803300
2010-11-01,25.271095275878906,25.662791755034036,25.054987761932896,25.399410883425134,36941900
2010-11-02,24.960445404052734,25.3724012294931,24.87265348232676,25.345387141482696,39913100
2010-11-03,25.473697662353516,25.547985101380217,24.96044039791706,24.973947439213255,35299600
2010-11-04,26.878408432006836,26.91217476217678,25.56825575748966,25.75734926740603,77569400
2010-11-05,27.648277282714844,27.91841293176184,26.86488699192394,26.939174424222085,75684800
2010-11-08,27.357885360717773,27.823869277596224,27.15528488982507,27.59425472359656,32967000
2010-11-09,26.945940017700195,27.47270191035779,26.831131419230548,27.30386770617723,32800100
2010-11-10,27.432167053222656,27.44567409194597,26.736571304299375,26.925664694017343,35587900
2010-11-11,27.026968002319336,27.31060810584951,26.912159453601607,27.19580213333617,25499700
2010-11-12,26.75008773803711,27.189055057797468,26.594760602472203,26.918921917069202,33504800
2010-11-15,27.067489624023438,27.44567643575582,26.817613250609465,26.891900681829593,28772500
2010-11-16,26.75008773803711,26.99320936803614,26.365146015940358,26.837882232471234,46023000
2010-11-17,26.459701538085938,26.797370008376767,26.324633634728407,26.729837344800995,32027500
2010-11-18,26.78385353088379,27.013468112891573,26.58125303527812,26.723073124581582,30987600
2010-11-19,26.615018844604492,26.770345974129267,26.513717310642456,26.615018844604496,26542000
2010-11-22,26.00721549987793,26.405664260773726,25.804615002654067,26.378652750360946,33249500
2010-11-23,25.412919998168945,25.811368742549345,25.392658145942832,25.6695460817865,35340400
2010-11-24,25.770849227905273,25.82487740228449,25.385907502171406,25.547989449103895,24248300
2010-11-26,25.32512092590332,25.64928216461034,25.32512092590332,25.466940984799294,12819100
2010-11-29,25.602022171020508,25.7235830209928,25.0617531579247,25.30487485786928,30911400
2010-11-30,25.257587432861328,25.520968269249583,25.149533690337826,25.318367824043573,33716700
2010-12-01,25.764102935791016,25.791114453004727,25.426434496665085,25.629035044899496,33157200
2010-12-02,26.547481536865234,26.59475489074496,25.885652006344483,25.953184632971357,41526000
2010-12-03,26.75008773803711,26.790606292233534,26.13553142940851,26.385405293038566,30070200
2010-12-06,26.945940017700195,27.047238994485227,26.540736381943535,26.662297215049982,25364500
2010-12-07,26.506967544555664,27.324124397066715,26.500215310558705,27.24983694207384,40908200
2010-12-08,27.18905258178711,27.23632851771956,26.378650657197603,26.581251138344978,38115900
2010-12-09,27.56048583984375,27.75633148360925,27.398403932508852,27.46593655777909,43001900
2010-12-10,27.979196548461914,28.026469906062506,27.533474479510073,27.614514153081835,28449000
2010-12-13,28.033227920532227,28.357391834086513,27.79686108377942,28.07374905377784,35730400
2010-12-14,27.546979904174805,28.026468260952594,27.330872403198768,27.985947138442853,34010800
2010-12-15,27.155290603637695,27.68880726433737,27.053991634979152,27.506466029305635,30264000
2010-12-16,27.020219802856445,27.472696724272087,26.891906759335154,27.29710774239556,37123200
2010-12-17,26.790607452392578,27.060743181024115,26.69606072023311,27.053990947100683,52004800
2010-12-20,26.97970199584961,27.19580953628123,26.804113009120737,26.898662312239026,22978200
2010-12-21,27.688810348510742,27.850892323105654,26.999966464842146,27.121527301736933,30757800
2010-12-22,28.472183227539062,28.728811787244847,27.796846810779403,27.803599041417247,47280400
2010-12-23,28.418169021606445,28.546482064684888,28.242580040335934,28.465442383593505,18927900
2010-12-27,28.816606521606445,28.823361329117514,28.229064502151026,28.242571540968928,17203200
2010-12-28,28.776094436645508,29.120514987050402,28.681547719914942,28.836874836858705,20386600
2010-12-29,28.60725975036621,28.88414766263084,28.56673862556964,28.75583463174886,13637400
2010-12-30,28.519458770751953,28.681540656807844,28.39789800026108,28.573486924838644,12901900
2010-12-31,28.64777374267578,28.668035589953906,28.391147721726878,28.438421071701907,12199700
2011-01-03,29.431177139282227,29.74183142955752,29.01246649461001,29.03948058320924,43278500
2011-01-04,29.85712432861328,29.951779654634716,29.302712351204125,29.6002008871521,40036800
2011-01-05,30.22222137451172,30.391249455376812,29.68133203157618,29.694852008381215,50032500
2011-01-06,30.073476791381836,30.289832535414774,29.917971261555902,30.019389144955554,31606200
2011-01-07,29.50554656982422,30.147853905853363,28.836196696267454,30.114048799570625,69579400
2011-01-10,29.343271255493164,29.593432053668792,29.072825336972237,29.25537594509935,30098100
2011-01-11,29.478504180908203,29.762472774121488,29.356803723697443,29.54611697889447,28067100
2011-01-12,30.2289981842041,30.35746124781124,29.917986961345708,30.04644744578758,44296900
2011-01-13,30.053197860717773,30.40477663184493,29.86388462754824,30.384491505227057,42133000
2011-01-14,30.364200592041016,31.060595373835476,30.05318958067296,30.093754664404045,86983800
2011-01-18,30.256019592285156,30.709013507959003,30.086991549870156,30.438570187592948,46237700
2011-01-19,29.552867889404297,30.40477082814433,29.47849512405166,30.12080232217641,44989200
2011-01-20,30.256019592285156,30.41828764783539,29.485252131538875,29.633997634196312,46977700
2011-01-21,30.621129989624023,30.79015808285997,30.323638894863777,30.45886188528534,44767400
2011-01-24,30.438587188720703,30.74959834147688,30.33040928432009,30.567047644207467,27826800
2011-01-25,30.337158203125,30.715782019927108,29.924729287128567,30.30335310393068,36022400
2011-01-26,30.41153335571289,30.749589532516055,30.337160584149963,30.560278898838746,25639400
2011-01-27,30.4926700592041,30.6819832965268,30.215464061544584,30.411537288445388,26740900
2011-01-28,30.114059448242188,31.020050544475367,30.019404085513607,30.458875780919914,38593900
2011-01-31,30.38448715209961,30.492665021627666,30.019388454419833,30.026148442881148,23574500
2011-02-01,31.053842544555664,31.101170205927207,30.53323569030458,30.560280805135207,28255500
2011-02-02,30.72931480407715,31.08765361730926,30.65494201359548,30.95919316594567,24104900
2011-02-03,30.736059188842773,30.93213234071205,30.316870357975898,30.74958174198858,23322400
2011-02-04,30.14786148071289,30.540005454617248,29.951788204178243,30.42506754854414,38172900
2011-02-07,30.76312255859375,30.932150704520087,30.188427894110124,30.25603812081473,36790900
2011-02-08,30.925382614135742,30.979470265500865,30.634654072951264,30.756354512477984,28649500
2011-02-09,30.499425888061523,30.763109269130734,30.188414852911357,30.668453960968833,33491000
2011-02-10,30.783376693725586,30.790139257652218,30.39123309834155,30.49264834477904,22688600
2011-02-11,31.48655891418457,31.70291470782061,30.69550852729614,30.69550852729614,40812800
2011-02-14,31.46627426147461,31.709675157838603,31.418946595977648,31.506839358092385,28699200
2011-02-15,31.65557098388672,32.00714961502052,31.46626040526205,31.479782957901413,35972900
2011-02-16,32.41283416748047,32.69680277481863,31.844899531968807,31.87870722222583,44327800
2011-02-17,32.33169174194336,32.44663218037347,32.11533600048374,32.29788664093352,22932600
2011-02-18,32.45338439941406,32.54127970432819,32.1491334048369,32.3316840015832,23844300
2011-02-22,31.107933044433594,31.959836185481016,30.99975515436647,31.91250851977442,44561900
2011-02-23,31.07411766052246,31.439218885939056,30.62112370166977,31.128207877249434,36264800
2011-02-24,31.04032325744629,31.14174115916414,30.56704401470361,30.85101259201497,31926900
2011-02-25,31.560914993286133,31.682615385172987,31.182291265286683,31.270186565907885,26782100
2011-02-28,31.56768035888672,31.898976499733234,31.385129739950504,31.6488156867452,25985300
2011-03-01,30.83073616027832,31.56769906035763,30.823976168533786,31.418956029491927,33682600
2011-03-02,30.567052841186523,31.0808999088267,30.47239748113837,30.688753326724193,28600000
2011-03-03,31.15526580810547,31.32429393619849,30.90510232152931,30.911864890985182,23043600
2011-03-04,30.776636123657227,31.128214873916182,30.49266758034019,31.087647202252587,27716900
2011-03-07,30.553512573242188,30.86452617781462,30.26278409061459,30.844241055869784,28110800
2011-03-08,31.371623992919922,31.567694676262548,30.62789862521893,30.681988868323618,32941500
2011-03-09,31.479793548583984,31.844892276023373,31.11469224198053,31.324288009659714,25174700
2011-03-10,30.783376693725586,31.270178129945364,30.600826155143167,31.15524033481705,33783700
2011-03-11,30.925382614135742,30.992992823133186,30.59408640005431,30.614368946920713,20337600
2011-03-14,30.627878189086914,30.79014623096458,30.174884311581945,30.709010920444232,24508900
2011-03-15,30.1613826751709,30.418306178322293,29.647535668868116,30.12081499177916,35606000
2011-03-16,29.620487213134766,30.276314532484886,29.519069314482163,30.181659202630083,41962900
2011-03-17,30.127573013305664,30.161378121445853,29.343282640296845,30.05996021786085,46741800
2011-03-18,30.925382614135742,31.222871144554304,30.25603019673879,30.587326410820225,77421000
2011-03-21,30.85099983215332,31.31751631294428,30.641404125567828,31.29047120645003,28985300
2011-03-22,30.742839813232422,30.905105387969755,30.661704446698945,30.871300274829878,19756600
2011-03-23,30.83073616027832,30.891586402639554,30.26956399553817,30.621142887051384,26688900
2011-03-24,30.91861343383789,30.992986195329063,30.48590199879499,30.898330891308877,21748100
2011-03-25,31.006521224975586,31.358100052190142,30.878058192837504,30.898343322691463,20710400
2011-03-28,31.07411766052246,31.439218885939056,31.067357673013333,31.168772960631173,19039400
2011-03-29,31.114696502685547,31.12821906172599,30.776640264167664,30.98623606054794,17913300
2011-03-30,31.405420303344727,31.67586370557731,31.24991476674909,31.459507952125634,26829100
2011-03-31,31.16878890991211,31.331057063963257,31.074133561367614,31.134983796741192,23340500
2011-04-01,31.337810516357422,31.696151862863395,31.222872639724905,31.473033519991887,25387300
2011-04-04,31.500946044921875,31.623306422192936,31.303809593412936,31.351393896446123,15708000
2011-04-05,31.66411590576172,31.79327301828974,31.30383117182261,31.385403948516526,21058400
2011-04-06,32.384666442871094,32.44584664771383,31.698090893547732,31.8204513032332,31203300
2011-04-07,32.22153091430664,32.49344100294776,31.92242644570443,32.38467644886101,29972000
2011-04-08,31.84085464477539,32.398273325531214,31.698101649419982,32.303104661960944,23808000
2011-04-11,31.854450225830078,32.13315956347148,31.77967410714431,31.94961888846594,25641600
2011-04-12,31.70488166809082,32.024378522320156,31.439768360602752,31.64370147458202,27231300
2011-04-13,31.439786911010742,32.20113886255705,31.18826934180515,32.11276943668726,55383900
2011-04-14,30.56966781616211,31.099894699259014,30.528880135480982,31.052310368373472,45214600
2011-04-15,30.515275955200195,30.841569532586362,30.4744908787462,30.75320013816881,32475000
2011-04-18,29.883075714111328,30.148189033766467,29.59077061983762,30.09380807767969,50958800
2011-04-19,30.352130889892578,30.392915966920093,29.7471254514254,30.087014923459357,26705000
2011-04-20,30.290952682495117,30.569661964250983,29.869487842258593,30.52207764247445,35542800
2011-04-21,30.37252426147461,30.48128879178267,29.991847108820917,30.37252426147461,24368100
2011-04-25,30.324939727783203,30.603648996804992,30.168590878639368,30.35213150845629,17358900
2011-04-26,30.671628952026367,30.882361383792485,30.32494278947044,30.48808830367869,25900000
2011-04-27,30.92995262145996,31.01832464074663,30.624051472507478,30.793996267130883,20857200
2011-04-28,31.16786003112793,31.22224358522889,30.86875826302439,31.00471455512621,19859000
2011-04-29,31.0183048248291,31.283418120170783,30.861956024836573,31.140665206240666,23363000
2011-05-02,30.71240997314453,31.263031798892367,30.664825659047256,31.22904078040806,25904000
2011-05-03,31.215444564819336,31.317412432903396,30.494880619947406,30.55606082216772,30025500
2011-05-04,30.92995262145996,31.297034000202945,30.780400372382797,31.25624631595869,22727400
2011-05-05,30.70562171936035,31.072703067875672,30.583263863006806,30.753208643635947,26154500
2011-05-06,30.617246627807617,31.072697310796084,30.426906745425665,30.90955180378422,26332300
2011-05-09,30.562870025634766,30.664837935608926,30.127811783628125,30.420117026192273,22469500
2011-05-10,30.698823928833008,30.929948925629706,30.576463483872903,30.63084705636693,20534200
2011-05-11,30.06661605834961,30.61723782071749,29.98504332830818,30.603641933518865,31519600
2011-05-12,29.97145652770996,30.1346046304056,29.604375241508123,29.978253176794684,29567900
2011-05-13,29.332460403442383,29.978248280205094,29.21689664266912,29.95105909515612,32872500
2011-05-16,29.14891815185547,29.556784429321553,29.040153638321144,29.210098352790435,34951100
2011-05-17,29.78111457824707,29.923867525062086,28.992571157027495,29.012963694243723,36277100
2011-05-18,29.964662551879883,30.07342709899654,29.50920922803732,29.719941672579562,24372100
2011-05-19,29.910280227661133,30.14820187402967,29.74033545364033,30.12780933095564,19518000
2011-05-20,29.31886863708496,29.97145584673804,29.29167685506165,29.794714449888644,29946700
2011-05-23,28.924598693847656,29.162522922461548,28.754653927616882,28.822633389999996,32299500
2011-05-24,28.78184700012207,29.17611752697641,28.339989550895087,29.074152218567345,39341400
2011-05-25,28.7342586517334,29.060552260675127,28.61869487325238,28.62549411541949,26505300
2011-05-26,28.85662841796875,28.951797093898534,28.61870413499235,28.63230003057545,21648100
2011-05-27,29.087751388549805,29.332472305343067,28.917806595571342,29.026571159351487,24747300
2011-05-31,29.393640518188477,29.488809148446446,29.074143608193275,29.393640518188477,28746300
2011-06-01,28.38756561279297,29.223695938519143,28.367173075680377,29.142120603767367,38628700
2011-06-02,28.285594940185547,28.686664516872767,27.755368331163535,28.50312393840741,45964000
2011-06-03,28.258413314819336,28.720663250323977,27.88453537693647,27.93211970031332,31833100
2011-06-06,27.55143928527832,28.03408429781269,27.442674759879907,27.938913069082098,40895900
2011-06-07,27.680599212646484,28.081668890190656,27.633014894391316,27.81655292586076,36312000
2011-06-08,27.456268310546875,27.918518152396217,27.3271112579995,27.585427956244864,38890700
2011-06-09,27.857343673706055,28.034087669454635,27.558241841175338,27.59223027323433,30082300
2011-06-10,27.904922485351562,28.210823499762242,27.25913203118471,27.592224823132035,48545700
2011-06-13,28.326400756835938,28.428368683951167,27.680612528946497,28.068086502941004,31767100
2011-06-14,28.285594940185547,28.849809968964063,28.197222974298477,28.639080210583625,32103500
2011-06-15,27.653413772583008,28.14285555044689,27.361108554486687,27.884538768446347,37336400
2011-06-16,27.435876846313477,27.673798424290883,26.987222875591282,27.619417460674924,50316600
2011-06-17,27.73497772216797,27.911721682729564,27.558236354757,27.76896614746039,31999600
2011-06-20,27.517454147338867,27.741782466441503,27.272733287645504,27.53105003878307,21565400
2011-06-21,27.80976676940918,28.027295904401505,27.361112604343532,27.65341786570544,34241100
2011-06-22,27.660205841064453,28.23122028960895,27.517452877216083,27.646609950247797,27306300
2011-06-23,27.238739013671875,27.361099417275714,26.93283800466228,27.272727438417256,48307500
2011-06-24,26.844472885131836,27.313519444721315,26.81048186183395,27.2251474518186,36136800
2011-06-27,27.109586715698242,27.265935571461235,26.735708791643177,26.78329311326013,30632700
2011-06-28,26.878463745117188,27.238745804915855,26.674530552649095,27.238745804915855,41558700
2011-06-29,27.49705696105957,27.571833054793526,27.136772381536925,27.21834771641981,44775900
2011-06-30,27.830148696899414,27.918520684631783,27.442674910962445,27.680599094372536,28000100
2011-07-01,28.438867568969727,28.534620910158253,27.884862740415286,27.912221583349968,32136800
2011-07-05,28.062702178955078,28.39100060938568,28.02166650582875,28.39100060938568,23805800
2011-07-06,27.74123191833496,27.802788008598565,27.481328136212767,27.76174974539523,23865700
2011-07-07,28.26104736328125,28.582507354984852,28.110576284767436,28.17213239787911,28550800
2011-07-08,27.86435317993164,28.02166265985449,27.741240959281818,27.836994328879758,20680000
2011-07-11,26.968360900878906,27.508686278435892,26.872607564923538,27.48816584281494,38328000
2011-07-12,26.94101333618164,27.44030066056692,26.838421551465764,26.838421551465764,33808300
2011-07-13,27.09831428527832,27.61128087442184,26.954684266498056,27.13251153607129,34020600
2011-07-14,27.597612380981445,28.20633516611655,27.556576707412898,28.165296883463974,65327400
2011-07-15,27.344539642333984,27.871185672424367,27.01624132664448,27.775432323150316,46544900
2011-07-18,27.241945266723633,27.35821643420926,26.626384353320788,27.21458642410954,47603200
2011-07-19,27.624963760375977,27.693360879621043,27.159873785842827,27.303503822632482,34837400
2011-07-20,28.01482391357422,28.2884072281038,27.782278878949235,27.830155567629333,31250900
2011-07-21,28.924482345581055,29.102309649867227,28.199488485465285,28.432033488967814,45552200
2011-07-22,28.856081008911133,28.94499595261543,28.561979941267253,28.910798700139352,19986100
2011-07-25,28.514102935791016,28.664573975843048,28.240522310067345,28.397831756902153,22522300
2011-07-26,28.343116760253906,28.582502765733675,28.240524994262586,28.38415503210044,24350600
2011-07-27,27.816478729248047,28.315768716084786,27.761763626701338,28.178977046091873,32361100
2011-07-28,27.823314666748047,28.20633075096633,27.78227639051921,27.830153074911046,23370200
2011-07-29,27.666006088256836,27.871192257909364,27.289831009046576,27.522376030408434,37793400
2011-08-01,27.659156799316406,28.29523556137848,27.330858504233227,28.15160554648264,34039300
2011-08-02,27.2487850189209,27.618121585207767,27.2487850189209,27.426612286531448,42119000
2011-08-03,27.289831161499023,27.371905108001794,26.91365347110358,27.194075179981454,41110100
2011-08-04,25.93559455871582,27.077801743616895,25.867200043775707,26.88629501451778,59931100
2011-08-05,25.716724395751953,26.503274222770617,25.114845466135918,26.195493742237964,85507800
2011-08-08,23.2955265045166,25.798803662889693,23.042461077557906,24.779708765855528,107650300
2011-08-09,24.89598846435547,25.025939107775834,23.042466538864968,24.198353338926484,78985700
2011-08-10,23.507545471191406,24.519799111507567,23.247644307640194,24.29409519483597,83975700
2011-08-11,25.09433937072754,25.511552859565604,23.685391979800407,23.685391979800407,69583500
2011-08-12,24.560840606689453,25.88771326751542,24.335136660303544,25.39526710763569,44072800
2011-08-15,25.224279403686523,25.402106684513612,24.889140062906847,24.98489341482014,34827900
2011-08-16,24.642913818359375,25.0122503843884,24.46508655087297,24.807064272955483,42266600
2011-08-17,25.012252807617188,25.4841811705424,24.841263930010246,24.937017284016818,30131400
2011-08-18,24.068397521972656,24.259906871288727,23.596469079649776,24.12311522437258,57130300
2011-08-19,23.49386978149414,24.280419630044314,23.432313683702535,23.774291424970766,52960800
2011-08-22,22.8509521484375,24.06155364343281,22.809913880967414,24.020515375962724,50971400
2011-08-23,23.787981033325195,23.8016604619232,22.098612042277242,22.768888389074068,55807900
2011-08-24,24.506126403808594,24.629235991374543,23.719576548448686,23.8153298993795,41959800
2011-08-25,24.430892944335938,26.380165207305993,24.225704193216266,25.846680716194896,55387600
2011-08-26,24.76603126525879,24.95069958748133,23.815333413474374,24.12995235840899,35114200
2011-08-29,25.74408531188965,25.74408531188965,24.943858607200426,25.183241995163034,27943900
2011-08-30,25.34739112854004,25.79880164276598,25.135363989629706,25.579936097025108,28818700
2011-08-31,25.689374923706055,26.010832302156516,25.456829900420765,25.5936189419314,30051100
2011-09-01,24.82758903503418,25.867201913590154,24.820750626679253,25.730410264738424,36862300
2011-09-02,23.685382843017578,24.10943457882516,23.603306293570803,23.97948395582638,41677300
2011-09-06,22.871477127075195,22.912515407373522,22.4200664801291,22.645773108144088,57071200
2011-09-07,23.81532859802246,23.924761365832598,23.165570397675946,23.322879838335336,36145900
2011-09-08,22.91934585571289,23.876884524090727,22.871469183202297,23.555424629448474,44815300
2011-09-09,21.9412899017334,22.70731919884917,21.83869555082456,22.625245283571733,67187400
2011-09-12,22.173837661743164,22.173837661743164,21.346252073053805,21.442006737069182,53377600
2011-09-13,22.221715927124023,22.850953751304456,22.002847761014262,22.440581484150545,50137600
2011-09-14,22.433740615844727,22.700482852162377,21.790823363974404,22.385863937997108,44442500
2011-09-15,23.124530792236328,23.13136919758309,22.65944095618002,22.82358877532781,35847800
2011-09-16,22.86463165283203,23.439154354055916,22.584210013489606,23.288683315209664,52683800
2011-09-19,22.221715927124023,22.49529656886555,21.97549152319838,22.358504943453166,33154800
2011-09-20,22.057573318481445,22.433748465661967,22.05073490886035,22.4132306277145,34085100
2011-09-21,20.7512149810791,22.194361851725333,20.696498580059153,22.04389077051405,57389200
2011-09-22,20.019378662109375,20.265601765647876,19.513251726810356,20.074095052289223,86285600
2011-09-23,20.238243103027344,20.381873130099144,19.738955907194555,19.8073504127288,51731300
2011-09-26,21.647192001342773,21.7566247804537,20.491306804374297,20.559702617454032,58696100
2011-09-27,21.592472076416016,22.65944345486298,21.373606554029383,22.310624734814837,58242900
2011-09-28,20.840129852294922,21.886582550107025,20.80593258887717,21.626679956322974,38725900
2011-09-29,21.469362258911133,21.961811043068526,20.81960533081905,21.599314166346176,51014100
2011-09-30,20.600738525390625,21.16842149112582,20.593898814412913,21.02479016967685,42420600
2011-10-03,19.59532356262207,20.99743303080028,19.588483851513903,20.5391828228851,51002700
2011-10-04,20.878677368164062,20.995973360188437,19.21583503865819,19.491825221061138,69800000
2011-10-05,21.27886962890625,21.50656175988378,20.28530336826548,20.857983656240812,51117200
2011-10-06,22.341434478759766,22.396631216929116,20.98908017694972,21.189172629896234,53214000
2011-10-07,21.182273864746094,22.500128550220463,21.1477742586189,22.47943010256956,49320600
2011-10-10,22.28623390197754,22.300033743785473,21.789451441120068,21.803251282928002,37324800
2011-10-11,22.28623390197754,22.548425632226884,21.672155417803328,22.065441697151996,38161700
2011-10-12,22.907209396362305,23.369492167401937,22.55532007531552,22.603618196706222,55462500
2011-10-13,21.803253173828125,22.41733302728413,21.334069039870897,22.389733341274663,78830000
2011-10-14,22.003341674804688,22.300031665903408,21.665253478164935,21.989543150307828,51899600
2011-10-17,21.4168643951416,22.14133896382239,21.36856495000761,21.830849110944726,40865400
2011-10-18,22.679521560668945,23.059008021289614,21.485862808218037,21.63765844528665,64392400
2011-10-19,22.251741409301758,23.466098852140888,22.0999457419276,22.610529493607984,50119300
2011-10-20,22.858917236328125,22.900314132858753,21.85155107994368,22.300035444706594,41657100
2011-10-21,23.059009552001953,23.48679680631088,22.776119339082065,23.100409082691826,48445300
2011-10-24,23.852476119995117,23.935272523885015,23.162499946128786,23.190099624775492,45697200
2011-10-25,23.10730743408203,23.631688263729632,23.01760977815061,23.583390133316723,38679100
2011-10-26,23.58338737487793,23.74208158939444,23.114203335415905,23.53508925011423,36350900
2011-10-27,25.542930603027344,25.901718702486008,24.63216182442131,25.225542041524044,76438300
2011-10-28,25.31523895263672,25.515332786047598,24.970250673811762,25.260042196691604,39891200
2011-10-31,23.983577728271484,24.839149594633525,23.962879279198944,24.790851458763594,46429800
2011-11-01,22.569124221801758,23.210802393654394,21.968845575635033,22.403531383159557,74052400
2011-11-02,23.210798263549805,23.27979746074867,22.810613447997348,23.25909638556389,34325900
2011-11-03,23.721385955810547,23.81798221678357,22.65882182100587,23.541990643674325,40084700
2011-11-04,23.43850326538086,23.50060125756552,23.079715158541898,23.452303111649847,30858700
2011-11-07,23.624788284301758,23.693784857434224,23.25909907695815,23.4798912694427,25925900
2011-11-08,24.16297149658203,24.27336760457578,23.47299516360842,23.824881935322598,30193100
2011-11-09,22.451828002929688,23.452294100584247,22.341431907246804,23.348796609359432,52990400
2011-11-10,22.589826583862305,22.9279135173244,22.272435466342696,22.714019903873275,30427400
2011-11-11,22.96241569519043,23.35570206594678,22.7830229740942,22.96241569519043,29983400
2011-11-14,22.458723068237305,22.75541302214074,22.23103230829404,22.73471457997775,27596300
2011-11-15,22.562223434448242,22.84511358581135,22.134438905276085,22.14133750953108,31260500
2011-11-16,21.713552474975586,22.41732989355553,21.6652543472361,22.313832401513455,40761800
2011-11-17,21.037372589111328,21.73424865633262,20.93387643014333,21.6652507783456,55130100
2011-11-18,21.127077102661133,21.285771352472437,20.926983322966063,21.161575394872116,39029900
2011-11-21,20.637191772460938,20.83038561720193,20.423299480229215,20.713089589328007,39658100
2011-11-22,20.292200088500977,20.768284038549066,20.271500328577087,20.63028827110681,36466200
2011-11-23,19.581525802612305,20.112807841991877,19.547027515805958,20.085209475751856,44468500
2011-11-25,19.650522232055664,20.126606187552976,19.51252777905911,19.51252777905911,21423200
2011-11-28,20.11971092224121,20.747589316103415,19.885118850245938,20.499197400808306,45280100
2011-11-29,19.705720901489258,20.099007144842815,19.650522855334817,19.99551097280639,45104700
2011-11-30,21.36857032775879,21.389270095168506,20.561297823138823,20.802789845482952,61412600
2011-12-01,21.01668357849121,21.36857175175224,20.719994788667897,21.292675231576847,33189700
2011-12-02,22.306934356689453,22.95551111121454,21.258168781056117,21.30646691000742,90515100
2011-12-05,23.12110137939453,23.52818744400579,22.921010281099424,23.210799022661508,52207600
2011-12-06,22.92790985107422,23.169403111268135,22.548423450255715,22.94860829575782,38782900
2011-12-07,23.459192276000977,23.590286814711042,22.576023526690037,22.64502009821102,44722800
2011-12-08,22.231037139892578,23.25220174398758,22.13444087940464,23.14870424657868,47788900
2011-12-09,22.893407821655273,22.98310545403138,22.32762761506753,22.32762761506753,39104600
2011-12-12,22.106840133666992,22.49322515705431,21.913646305948046,22.458726870259095,35977900
2011-12-13,21.589351654052734,22.51391968422969,21.29956165480287,22.334524433809644,49475100
2011-12-14,21.741147994995117,22.037837941196727,21.27196401644606,21.306462296505536,41291500
2011-12-15,21.913644790649414,22.272431422996014,21.78254894104718,22.14823549348076,33457300
2011-12-16,22.003341674804688,22.49322416911171,21.94814362874157,22.18963557377717,52596800
2011-12-19,21.182273864746094,22.010244671417592,20.989080018510037,21.989546223766688,47388000
2011-12-20,22.22413444519043,22.3828286673041,21.554857954520653,21.665254049558445,49091600
2011-12-21,22.300033569335938,22.362131540960508,22.010243473763055,22.079241366237614,30893000
2011-12-22,23.079715728759766,23.148712329757803,22.451837184291815,22.55533208578887,35543200
2011-12-23,23.162504196166992,23.25220185220211,22.85891557149906,23.19700248478028,21958800
2011-12-27,22.789913177490234,23.245297366880717,22.789913177490234,22.921010340771804,16891600
2011-12-28,22.527734756469727,22.83132348211969,22.47253537068705,22.76232688194293,19242700
2011-12-29,23.059009552001953,23.12800876981841,22.569126949734766,22.569126949734766,19792000
2011-12-30,22.941709518432617,23.05900421348852,22.8106149830083,22.84511326790413,18196900
2012-01-03,24.13536834716797,24.280262724602014,23.466090557995766,23.500591475332833,44102800
2012-01-04,24.28825569152832,24.427244806341882,23.85739182150347,23.933833316203902,36571200
2012-01-05,24.79556655883789,24.962351394997576,23.906040363327097,24.12147099761646,38381400
2012-01-06,24.573184967041016,24.858111491730238,24.420296658330688,24.802514779109334,33160600
2012-01-09,24.531484603881836,24.795563656386193,24.316053994809764,24.62877618875269,23001800
2012-01-10,25.052688598632812,25.2611709183267,24.851154540830226,25.06658777341194,35972800
2012-01-11,25.47661590576172,25.532212630530438,24.781672752139198,24.87896436948671,29852900
2012-01-12,25.608640670776367,25.74762975853968,25.13607936297891,25.58779323546059,39420700
2012-01-13,24.962350845336914,24.962350845336914,24.413347899819826,24.50368857950157,61571500
2012-01-17,24.260469436645508,24.795576072378232,23.975542802138285,24.218771886108527,55115100
2012-01-18,25.393217086791992,25.490508679684382,23.996380214559544,24.003331128907334,55502100
2012-01-19,25.664247512817383,25.817135834902118,25.51135919073265,25.60170253114612,37000400
2012-01-20,25.963069915771484,25.990868270952546,25.448810948910058,25.56000171863725,34716500
2012-01-23,26.17156219482422,26.366145452830967,25.90053475660109,25.928333122315784,27499200
2012-01-24,26.17156219482422,26.331398821186628,25.573910586948564,25.837989759242053,25403800
2012-01-25,26.129850387573242,26.282738664577103,25.796278134016603,25.963065586293233,29860700
2012-01-26,26.053407669067383,26.477320565372594,25.88662022467131,26.324434946589065,33284600
2012-01-27,25.85881805419922,26.17154280935671,25.817123187508955,25.872717226761342,27674600
2012-01-30,25.719837188720703,25.831027953710965,25.268125865758925,25.47660821874105,24423600
2012-01-31,25.921371459960938,26.088158934111092,25.66424331118488,26.08120802006481,29649500
2012-02-01,26.129850387573242,26.42867602844627,26.06035716220601,26.33138445253349,41957800
2012-02-02,26.09510612487793,26.51902173038489,26.004762802967385,26.192397709552278,26784200
2012-02-03,26.602415084838867,26.755303381049604,26.442578525617165,26.595466821827902,41074400
2012-02-06,26.5051212310791,26.630211162559544,26.275791457362768,26.44952717875264,23106200
2012-02-07,26.317489624023438,26.491225367133435,26.199350591187223,26.31054136073774,21091900
2012-02-08,26.616315841674805,26.651062460785923,26.38698603474373,26.4425800951221,23258700
2012-02-09,26.3105411529541,26.880394173774803,26.296641975495422,26.824797463940083,28608400
2012-02-10,26.136812210083008,26.24800300767904,25.78934063622069,25.865784806630035,22618800
2012-02-13,26.616315841674805,26.644114197362544,26.254945170725527,26.463430187386457,24828000
2012-02-14,26.352235794067383,26.588516506716587,26.018663491091505,26.567669066217164,27031900
2012-02-15,25.990863800048828,26.68580665405017,25.928318837148844,26.46342515284947,26534900
2012-02-16,26.40784454345703,26.491236994472658,25.747647899670962,25.817143818015833,22139600
2012-02-17,26.734447479248047,26.852586470020707,26.56766005880864,26.824788124781453,28009300
2012-02-21,26.727510452270508,27.0819329107017,26.692763828168772,26.859551335253595,22804200
2012-02-22,26.45648193359375,26.67886349946551,26.338342886535727,26.61631851837674,23416900
2012-02-23,26.74835968017578,26.76920712376132,26.234100646754193,26.449533950795214,31361400
2012-02-24,26.602415084838867,26.880393323222577,26.53987011375238,26.866494146203696,17586400
2012-02-27,27.144474029541016,27.262613064865292,26.261896117835054,26.45647930589721,34030400
2012-02-28,27.24871253967285,27.484993249635455,26.998532652536326,27.193118481974167,37900900
2012-02-29,27.269573211669922,27.75603134652038,27.116684854432343,27.332118207721837,41187700
2012-03-01,28.05484962463379,28.110446339999612,27.429402482752067,27.45719818943768,44376700
2012-03-02,28.235536575317383,28.409272336042452,27.957558297758343,28.096547436537865,34897900
2012-03-05,28.075698852539062,28.291129490444494,27.797720586277403,28.284181226736703,30806900
2012-03-06,27.325159072875977,27.707377200019504,27.186169940006362,27.415502406890806,33927500
2012-03-07,27.762971878051758,27.839416028075203,27.36685460156391,27.422448660037407,22875100
2012-03-08,28.103487014770508,28.318920245846115,27.950601395261966,28.124337102291697,22052300
2012-03-09,28.513507843017578,28.79843434101007,28.145188934904507,28.318924669070586,33494200
2012-03-12,28.172988891601562,28.478762846772945,27.936708173651883,28.39537043190749,30763800
2012-03-13,30.15357208251953,30.389852775152416,28.36756903711679,28.50655814766498,77277600
2012-03-14,30.285615921020508,30.577490696095566,29.9311935215756,30.313411625077386,68028700
2012-03-15,31.06395721435547,31.216842894238972,29.833907604715492,30.327316571289295,57117700
2012-03-16,30.973604202270508,31.21683315185662,30.730375252684397,31.18208653777242,48844500
2012-03-19,31.272428512573242,31.515657451716834,30.723423020224438,30.883259558946886,41509300
2012-03-20,31.5365047454834,31.68939035754154,30.834611038729825,30.945801779770463,34796200
2012-03-21,31.355831146240234,31.738049311490336,31.175147111193862,31.640757704080944,27267900
2012-03-22,31.02919578552246,31.341917911675168,30.862408354044234,31.07784156741272,27457200
2012-03-23,31.383642196655273,31.446187205424238,30.883282126503573,30.89023304469932,30639300
2012-03-26,32.08551788330078,32.08551788330078,31.550414092072863,31.606008155019808,33529400
2012-03-27,31.890932083129883,32.307899450681106,31.849237202072672,31.911779523658492,33026400
2012-03-28,32.15501403808594,32.182812395284834,31.522615992295933,31.80059161129314,29755800
2012-03-29,31.738048553466797,31.98128021717847,31.46007291765013,31.911784319976242,32262300
2012-03-30,31.953479766845703,32.05772228032735,31.619907435100576,32.02297565949922,25945800
2012-04-02,32.05772018432617,32.21060583617343,31.592107012480763,31.79364111150336,27669300
2012-04-03,31.77092170715332,32.16963455620384,31.45615247801593,31.994761576305333,31036400
2012-04-04,31.064434051513672,31.379205928827204,30.749662174200143,31.253297177901793,41342900
2012-04-05,31.01548194885254,31.28828345963464,30.6447519642872,30.868589238177684,28832300
2012-04-09,30.70071792602539,30.973519507693734,30.127134429094134,30.21107276152636,29376400
2012-04-10,30.050182342529297,30.78464857171016,29.840335229670593,30.69371651276024,38841000
2012-04-11,30.78465461730957,30.924553609472834,30.476878969231453,30.490869135282914,32142200
2012-04-12,31.365234375,31.470159285789233,30.777660744953202,30.861599072573796,33631100
2012-04-13,30.22504997253418,31.442167278672954,30.12012776905605,31.442167278672954,58183900
2012-04-16,30.30898094177246,30.6377402729365,29.966228786072286,30.34395499806445,40387600
2012-04-17,30.707698822021484,30.777646952300298,30.19007358556783,30.560803479075773,26887000
2012-04-18,30.281002044677734,30.7146862333368,30.267011887837175,30.511832961673036,20242900
2012-04-19,30.2320556640625,30.560815204530254,29.917283620337074,30.385942143388476,25961800
2012-04-20,29.88230323791504,30.483866868275218,29.87530682266866,30.43489996660234,26178100
2012-04-23,29.973224639892578,30.050169170160974,29.23875873266183,29.32269700734115,25536300
2012-04-24,30.27401351928711,30.295000094190314,29.945254087106683,30.064166448706985,21420400
2012-04-25,30.190065383911133,30.700694067605657,30.064156648934468,30.532817533203037,31694000
2012-04-26,30.637758255004883,30.700712660619764,30.120135514039,30.232054160870895,28100300
2012-04-27,30.315977096557617,30.77064786955935,30.239032565586587,30.735671142136397,26242900
2012-04-30,30.064165115356445,30.336966561846847,29.756389603378842,30.30898891046718,23518000
2012-05-01,30.630746841430664,30.94551868796793,30.050167361334214,30.078147673992966,26359700
2012-05-02,30.218061447143555,30.448892469356842,29.966243845928485,30.399928232270668,22462200
2012-05-03,30.08514976501465,30.35095747232136,29.84732237812974,30.34396372639102,19536400
2012-05-04,29.20380401611328,29.854332079521164,29.175823683238416,29.609510837744608,31279900
2012-05-07,29.224775314331055,29.658462281600823,28.93798369705924,28.97995417825155,25910100
2012-05-08,28.94498634338379,29.266752096751286,28.64420450095522,29.028924655490346,28049700
2012-05-09,28.42735481262207,28.69316252312215,28.063618647819396,28.483315454137983,38769900
2012-05-10,28.49730682373047,28.95897146242535,28.35740788235467,28.84005642833329,35827100
2012-05-11,25.853221893310547,26.57370041800843,25.615394523008824,25.979130658079107,217294200
2012-05-14,25.034820556640625,25.510475353596803,25.013833981126144,25.251661379604233,96488500
2012-05-15,25.349584579467773,26.07006029589272,25.265643640357464,25.314607853997053,89903700
2012-05-16,24.803987503051758,25.867215741416608,24.803987503051758,25.73431321225241,68729600
2012-05-17,23.7337646484375,24.552169037800706,23.698790580818187,24.51020122399766,95429200
2012-05-18,23.425994873046875,23.775740971867005,23.062258610071822,23.775740971867005,82650100
2012-05-21,22.740489959716797,23.579881122748706,22.565616911933105,23.44697856703944,99554800
2012-05-22,23.789722442626953,24.18843534918578,23.07624292988033,23.307073909098285,84721000
2012-05-23,23.964595794677734,24.07651441284157,23.230129696205665,23.51692132202239,52512900
2012-05-24,23.761751174926758,24.11849102716193,23.516927300958567,24.090510698419678,37843800
2012-05-25,23.43297576904297,23.87365635900164,23.286083128506583,23.78272167604361,28796400
2012-05-29,23.523921966552734,23.78273331727901,23.335058764125186,23.768743153949103,35855200
2012-05-30,23.05525779724121,23.391013667878653,23.048264050672927,23.293085205819875,34203600
2012-05-31,23.188167572021484,23.41200486327431,23.02028826940637,23.055262345848814,42124900
2012-06-01,22.334779739379883,22.838414832483288,22.222861126284705,22.67053557866541,50472200
2012-06-04,21.684253692626953,22.502658115701767,21.565339989977797,22.495664369229946,60492400
2012-06-05,22.376750946044922,22.474680742151236,21.58632550151138,21.607309409539337,46502800
2012-06-06,23.132200241088867,23.30007949526861,22.572607174406766,22.880382693994367,47980500
2012-06-07,22.950332641601562,23.663814775720535,22.94333622758121,23.62184429664879,53888800
2012-06-08,23.55889320373535,23.55889320373535,22.768466415059144,22.922355524805972,34238200
2012-06-11,22.957324981689453,24.090501163745706,22.929344664021407,24.041536942001606,46404900
2012-06-12,23.621845245361328,23.628838991312445,22.740483827907802,22.999297790053014,43334400
2012-06-13,23.992576599121094,24.53118579373274,23.523918209988462,23.56588602492548,72456600
2012-06-14,24.237401962280273,24.405278569440775,23.83169526966637,24.06952268676921,44428000
2012-06-15,24.503202438354492,24.53118275708249,24.069518171470804,24.40527399115657,40917100
2012-06-18,24.21641731262207,24.692072184687387,24.13247900236077,24.279371712405737,31084400
2012-06-19,24.748029708862305,24.922902723006764,24.293358804746532,24.475228233733013,32489000
2012-06-20,25.496482849121094,25.839232420265365,25.06279857470687,25.2026948340759,61149700
2012-06-21,24.838958740234375,25.902186857387917,24.78300077004214,25.524463220627535,95637000
2012-06-22,25.174728393554688,25.52447453441993,25.15374181062389,25.195712308134187,44193500
2012-06-25,24.7060546875,24.810979544057002,24.23039996291484,24.664084211207214,33115800
2012-06-26,24.97886085510254,25.265652493346337,24.88792880839507,25.223684677435337,35053600
2012-06-27,25.727310180664062,25.755290495928833,24.83196143898932,24.92988987406628,34156800
2012-06-28,25.097782135009766,25.13275621308407,24.377303318593782,24.70606552286468,69904800
2012-06-29,24.992841720581055,25.741297733915165,24.657085976423186,25.67134962117999,56063200
2012-07-02,25.377559661865234,25.433520282288608,24.894911318285224,25.370565918486935,34274900
2012-07-03,25.30704116821289,25.490424335181473,25.067230755654496,25.363465723203547,26705900
2012-07-05,24.249055862426758,25.151870316722803,24.13620405563975,25.116604631589233,58519800
2012-07-06,23.91050148010254,24.065671039546547,23.79059491672368,23.92460560228883,32057200
2012-07-09,23.952816009521484,24.06566780604483,23.656581052622364,23.847018963742826,30545000
2012-07-10,24.157360076904297,24.29842549138558,23.847018317524668,24.13620120644175,33175500
2012-07-11,24.39716911315918,24.545286579331112,24.065665811213474,24.12914510965842,35144300
2012-07-12,24.009239196777344,24.383060205117392,23.938705154242403,24.213783884230754,39301500
2012-07-13,25.441049575805664,25.532742496426952,24.58760774172754,24.728673152545152,83001000
2012-07-16,24.749832153320312,25.285877488542823,24.49591495062583,25.222398187869203,52368300
2012-07-17,24.67930030822754,25.024907734642735,24.17146591281057,24.99669411476426,43998300
2012-07-18,24.658138275146484,24.848576169775793,24.439489451778595,24.5100208095233,28944900
2012-07-19,24.305482864379883,24.806262639186997,24.19968579834153,24.700465573148644,34384700
2012-07-20,23.91050148010254,24.072725791239115,23.91050148010254,24.01629854009626,36301200
2012-07-23,24.291366577148438,24.33368700141855,23.34623195990418,23.444979616534443,41248300
2012-07-24,24.49591064453125,24.608762415824227,24.136196464346906,24.390113622405718,29920400
2012-07-25,24.806257247924805,25.003749904686952,24.538235919731665,24.672246583828233,32127700
2012-07-26,25.257667541503906,25.34935777557881,24.92616421502052,25.236505980056663,28900500
2012-07-27,26.019418716430664,26.23807026611301,25.04607021508893,25.398732442615717,63636200
2012-07-30,25.490427017211914,25.758451080765948,25.349361578994028,25.744344267884216,30698200
2012-07-31,25.391666412353516,25.624424645953695,25.32818713869872,25.469252490220242,19681600
2012-08-01,25.391666412353516,25.67379711539656,25.264707865043924,25.525677016470176,22180200
2012-08-02,24.806257247924805,25.278825983442488,24.517074358643473,25.123653758257724,36675000
2012-08-03,25.455158233642578,25.596223654699607,25.03901672135386,25.26472031880546,24516300
2012-08-06,25.603275299072266,25.95593750068648,25.469264631074527,25.560957556861965,18979200
2012-08-07,26.10405158996582,26.710630928472778,25.79370986145937,25.79370986145937,37225800
2012-08-08,26.209848403930664,26.435551943357105,25.92066557587814,25.991196922974492,18672400
2012-08-09,26.040576934814453,26.280387351131345,25.80782126960644,25.89951419982739,23406700
2012-08-10,26.075843811035156,26.097002681947743,25.673809120101723,25.927723642849905,15492700
2012-08-13,26.08995246887207,26.160483837306632,25.850142049355618,26.005311598031508,14453500
2012-08-14,26.167539596557617,26.548415497377285,26.08290140435312,26.393243236169358,18065100
2012-08-15,26.14637565612793,26.386186063084715,26.061737480319383,26.146375656127926,17521300
2012-08-16,26.167539596557617,26.343870733166767,25.955942770746564,26.223966851760363,15894100
2012-08-17,26.082901000976562,26.238073259784727,25.955942369333446,26.238073259784727,17079800
2012-08-20,26.35797119140625,26.44966411370146,25.955936512125906,26.04057468392204,17922100
2012-08-21,26.83054542541504,27.408911317404996,26.491989978196496,26.541362479420062,36880600
2012-08-22,26.682415008544922,26.929277395191445,26.491977157161223,26.717680679408964,16899400
2012-08-23,26.259227752685547,26.724741760824887,26.23806888114257,26.66831720651058,16429500
2012-08-24,26.216903686523438,26.40734157582152,25.864241526474867,26.054679415772945,20019300
2012-08-27,26.259227752685547,26.407345234684627,26.02647209391544,26.315654997598983,17618200
2012-08-28,26.18869972229004,26.44261697553877,26.026475408403233,26.167538157453,18050500
2012-08-29,26.308595657348633,26.442608995340862,26.139319333335557,26.322702466116166,13681900
2012-08-30,26.026470184326172,26.188694465651047,25.892456832789023,26.139321975273862,13700700
2012-08-31,26.195749282836914,26.379135144054608,25.99825930054021,26.195749282836914,16771600
2012-09-04,26.10405158996582,26.2662785493701,25.941827321160265,26.082892721608186,13631400
2012-09-05,26.17459487915039,26.301553515329587,26.054688304714624,26.15343600332041,13537500
2012-09-06,27.28900146484375,27.415960078593177,26.44966635447738,26.506093600854545,41346800
2012-09-07,27.71924591064453,27.881470185309972,27.50764914762869,27.535862766857154,28082400
2012-09-10,27.3383731842041,28.05780441149883,27.317214312712792,27.669876520763204,20853500
2012-09-11,27.930849075317383,27.9520106398883,27.3172175147495,27.366590014415912,22378900
2012-09-12,28.156551361083984,28.38930972610243,28.064861117833665,28.128340427329668,29882200
2012-09-13,29.200435638427734,29.327394264815638,27.92379731334912,28.10012843993238,47018600
2012-09-14,29.320337295532227,29.687106333958763,29.080526873891774,29.595413401702313,43471600
2012-09-17,29.05231285095215,29.228643961777397,28.883036491295474,28.91830217534068,19740100
2012-09-18,29.10167694091797,29.15105211303865,28.678483473413557,28.95355949635127,25186600
2012-09-19,29.158103942871094,29.45433882968099,28.946507210778535,29.151051884393993,22887200
2012-09-20,29.094627380371094,29.115786248383422,28.60089983216021,28.89008268758965,20997400
2012-09-21,28.833663940429688,29.412029767583675,28.75607782131892,29.292123213339977,28287400
2012-09-24,29.080522537231445,29.249801564568745,28.629115385130465,28.643222194958476,20499500
2012-09-25,28.600908279418945,29.306232787866264,28.58680146637806,29.306232787866264,21988200
2012-09-26,28.38225555419922,28.657331644688227,28.001379725553317,28.318776249424904,23782700
2012-09-27,28.69259262084961,28.91124412156288,28.361089340225963,28.495102678656117,20843400
2012-09-28,28.551536560058594,28.657336315459467,28.325832926429634,28.509216119778333,21380700
2012-10-01,28.897146224975586,29.270967356732378,28.777239658378438,28.833666911035802,21956400
2012-10-02,28.861865997314453,29.087572224679064,28.607951536401252,29.017038187815626,26946100
2012-10-03,29.032394409179688,29.131868648939932,28.719757986539204,29.011079275079563,22419100
2012-10-04,29.71451759338379,29.835309725634396,29.067932067959926,29.24556548385078,24326500
2012-10-05,29.636354446411133,30.155043625368407,29.458721054557117,29.870831824684252,22774400
2012-10-08,29.600830078125,29.728726344736483,29.21003713479908,29.366355396317694,18631300
2012-10-09,29.401878356933594,29.80688225393988,29.345034373263076,29.678986001151543,19947500
2012-10-10,29.678991317749023,29.842413734371224,29.36635748296796,29.522673045123085,25797600
2012-10-11,29.913455963134766,30.29714466128541,29.735822607746865,30.105300312210087,27755000
2012-10-12,29.572404861450195,30.14793799850037,29.238455944320627,29.558193865544848,44564000
2012-10-15,30.112411499023438,30.133726637387973,29.650563624343118,29.77845987547089,26268000
2012-10-16,30.432146072387695,30.6310945521301,30.034246402433133,30.403724086575995,28588100
2012-10-17,30.780311584472656,30.93662982477531,30.389518694186265,30.503203947914493,26177500
2012-10-18,30.560039520263672,30.80162097819132,30.375302033834178,30.616883491761822,23630400
2012-10-19,30.069774627685547,30.425041343712522,29.885037127958295,30.41083034981505,29747500
2012-10-22,29.906354904174805,30.21188452377258,29.48714003382927,30.02004015492257,27993000
2012-10-23,29.366361618041992,29.657680351384005,29.167410322011722,29.46583591082153,22896400
2012-10-24,29.636354446411133,29.757146562316503,29.373457785398916,29.6150393067392,18918900
2012-10-25,29.607938766479492,30.041364768697655,29.416097047584895,30.012945479898736,17311700
2012-10-26,29.245567321777344,29.600834175885655,29.039511895881486,29.430304893306428,21892700
2012-10-31,29.615047454833984,29.693206602429235,29.238465427843646,29.45162501462174,19423500
2012-11-01,30.439252853393555,30.481885835808374,29.543981906442266,29.62924516080192,23325400
2012-11-02,30.140830993652344,30.602678871606162,30.076885578105514,30.58136373309055,17029200
2012-11-05,30.034252166748047,30.098200291862724,29.74293353244125,30.076885153647922,13252500
2012-11-06,30.467683792114258,30.588473212068713,30.133732107935344,30.24741738396869,17190900
2012-11-07,28.762399673461914,29.849515209224947,28.641610263030717,29.849515209224947,47631200
2012-11-08,28.705554962158203,29.48714074098414,28.7055549621582,29.330822501030855,27830900
2012-11-09,28.861865997314453,29.295291805714147,28.321861805018493,28.64160237764694,27553200
2012-11-12,28.83344841003418,29.067923036715293,28.63449720292932,29.025290054377823,12816000
2012-11-13,28.449758529663086,28.790814242917993,28.42133654260771,28.549232773887034,19793500
2012-11-14,27.916866302490234,28.684241195008738,27.80318103284043,28.570555925358935,30986600
2012-11-15,27.9879207611084,28.222398172677142,27.68949792144364,27.753446060010493,24858700
2012-11-16,28.087392807006836,28.186867078983195,27.59002144712505,28.01634053001533,32458000
2012-11-19,28.840564727783203,28.91872387316418,28.485297856394137,28.485297856394137,26781200
2012-11-20,28.918724060058594,29.259779933539722,28.59898333164781,28.655827332463566,19375900
2012-11-21,28.940040588378906,29.117674033711804,28.670036992540947,29.089252031945435,13030200
2012-11-23,29.195825576782227,29.288195703221586,29.11056230416851,29.202929720137302,8316700
2012-11-26,29.046611785888672,29.046611785888672,28.48528964048107,28.98266365906413,20376600
2012-11-27,28.954233169555664,29.273973709840984,28.876074069655967,29.0394964101419,19875000
2012-11-28,29.01109504699707,29.046621193301025,28.336087425337006,28.769513457470453,26106900
2012-11-29,29.2882022857666,29.380569722495043,29.06793584566634,29.238465139690927,18915000
2012-11-30,29.1887149810791,29.37345248264987,29.02528990486231,29.124766863137303,20066600
2012-12-03,28.99687957763672,29.394776691674576,28.95424658235946,29.323724410016617,18955500
2012-12-04,28.826345443725586,29.07503109804366,28.563448793379283,28.975556836316432,24031100
2012-12-05,29.27398681640625,29.480042224675312,28.776612721107767,28.911613138350898,25515600
2012-12-06,29.46582794189453,29.522669217908383,29.21003542365606,29.309509689533144,20541700
2012-12-07,30.24031639099121,30.24742053565256,29.650572096670132,29.728731240300256,34552900
2012-12-10,30.062679290771484,30.318469124432244,29.849517030348085,30.226101702750885,22394500
2012-12-11,30.297143936157227,30.616884510296796,30.140825719806802,30.268721949462634,21955000
2012-12-12,30.389511108398438,30.822936877068116,30.339773991712043,30.552933450435116,23110600
2012-12-13,30.39662742614746,30.49610169937,30.197678879702387,30.304260006995484,18457000
2012-12-14,30.417943954467773,30.631103489309183,30.346888969206944,30.389521960363442,16208600
2012-12-17,30.893999099731445,30.915314239343868,30.417942911917752,30.552943313580492,23879800
2012-12-18,31.17110252380371,31.220839649792445,30.773205515893856,31.142683245003067,33858600
2012-12-19,30.929534912109375,31.540594403224155,30.851375761784748,31.256382514418853,34348500
2012-12-20,31.640066146850586,31.647173002018278,30.844269127747335,31.043217704905377,25014900
2012-12-21,31.263484954833984,31.405592246722914,30.79453278893032,31.13558866318106,38973500
2012-12-24,31.206621170043945,31.277676126177763,31.05740982786707,31.064516678715165,8621200
2012-12-26,31.23505401611328,31.39137226350606,31.064527483021497,31.22794987326378,11498900
2012-12-27,31.000585556030273,31.277693260582488,30.48189628921982,31.23506026354718,19567000
2012-12-28,30.723478317260742,31.04321631322473,30.61689717829211,30.62400132267024,15401200
2012-12-31,31.24217414855957,31.26348929663821,30.58848159927558,30.624007749563816,24209600
2013-01-02,31.9504337310791,32.19367493978783,31.635652114140832,32.179366312323594,31413000
2013-01-03,31.886032104492188,32.01480696536166,31.621329436745132,32.007654019353545,24227700
2013-01-04,32.451210021972656,32.50128883078326,31.793027103319798,31.800182778344396,24487700
2013-01-07,32.48698043823242,32.544214922470026,32.20796915030014,32.258047959462836,24456900
2013-01-08,32.551361083984375,32.551361083984375,32.16503658317091,32.47982072268848,19624200
2013-01-09,32.529903411865234,33.05215575323622,32.29381527899182,32.59429083636797,25920600
2013-01-10,33.016395568847656,33.02354851636337,32.5728364083253,32.830386184347056,23413600
2013-01-11,33.00923156738281,33.016387242184884,32.52990506107601,32.88761238665075,19723900
2013-01-14,32.82322692871094,33.03785079111799,32.53705995944122,32.830379874851964,19079500
2013-01-15,33.15946578979492,33.24531750718365,32.4440511860963,32.54421152304982,29898000
2013-01-16,33.49570846557617,33.50286413924965,32.601440292682554,32.844681344873216,43453600
2013-01-17,33.22385787963867,33.531486420763244,33.11654731146601,33.195243365580275,41086800
2013-01-18,33.2381706237793,33.33832825813265,33.03785535507259,33.18093885947346,28679100
2013-01-22,33.29540252685547,33.30255547342814,33.00208259374431,33.0879315980696,24257300
2013-01-23,33.0736198425293,33.22385626813822,32.85184031251823,33.0736198425293,19105100
2013-01-24,33.17377853393555,33.48140707010136,32.96631034717643,33.080776588836464,20008200
2013-01-25,33.738956451416016,33.738956451416016,33.345478920297744,33.438483593537114,26009100
2013-01-28,33.366943359375,33.624493104918244,33.25247710903252,33.51002685457576,19706800
2013-01-29,33.71033477783203,33.73895201646558,33.08792484754771,33.10938641197783,19907400
2013-01-30,33.717498779296875,33.87488817247195,33.59587684961217,33.653111341014565,18631300
2013-01-31,33.6602668762207,33.7818888152576,33.53864766627477,33.63164962831896,19536000
2013-02-01,34.23258590698242,34.33989918356707,33.77472102118926,33.910651535408476,24520000
2013-02-04,34.11096954345703,34.20397420886628,33.896345701742796,34.010811932596404,20822600
2013-02-05,34.90509033203125,34.91224327955608,34.28983313943772,34.29698608696255,28067500
2013-02-06,34.776309967041016,34.93370207871011,34.56883904331186,34.6403794236575,28282600
2013-02-07,34.50443649291992,34.876452311735825,34.26835115793619,34.80491196273212,21429600
2013-02-08,34.79062271118164,34.83354585283865,34.525917268539224,34.5759988156239,15218300
2013-02-11,34.81208801269531,34.98378878499659,34.611772719253146,34.704774688870614,13935900
2013-02-12,35.15547180175781,35.27709369871389,34.76914727602443,34.91223073693568,16388000
2013-02-13,34.82638931274414,35.377258982936354,34.69761444287632,35.30571587240389,21635600
2013-02-14,35.212703704833984,35.26278250313026,34.604599722666634,34.62606401414348,18017800
2013-02-15,34.9694709777832,35.384410080831074,34.74769144035507,35.30571402790204,20016200
2013-02-19,35.37727355957031,35.54181868795722,35.14118529117275,35.14118529117275,20445900
2013-02-20,34.776309967041016,35.44164587479965,34.597456287086345,35.305715331416124,24786700
2013-02-21,34.518760681152344,34.66184417279907,34.21828780487575,34.6332269286516,24437700
2013-02-22,34.990928649902344,34.990928649902344,34.63322134302168,34.790613431358025,23584100
2013-02-25,34.12528991699219,35.19841222426181,34.089519719234765,35.126869099655806,32775500
2013-02-26,34.05373764038086,34.52591121951832,33.517176630947816,34.49729670645728,39401400
2013-02-27,35.255645751953125,35.34149750575907,34.16821476556609,34.23260221637491,31921200
2013-02-28,34.99808883666992,35.44880090074131,34.87646963712964,35.16978958029879,24711500
2013-03-01,34.990928649902344,35.355788902120935,34.60460410348959,34.76914913716387,25923400
2013-03-04,35.126861572265625,35.15547881597559,34.57599464084691,34.86215889067486,17695200
2013-03-05,35.4058952331543,35.84945184019581,35.27712029415965,35.4058952331543,25561100
2013-03-06,35.792198181152344,35.9066644291487,35.49887825009352,35.68488760876924,19607900
2013-03-07,36.22145462036133,36.38599970837365,35.77789544840699,35.806512697389415,24245400
2013-03-08,35.913822174072266,36.37884013937408,35.49172734856063,36.19283349907151,32711900
2013-03-11,36.1141242980957,36.32159516190095,35.706338243907354,35.935270669799415,19473000
2013-03-12,35.9710578918457,36.25006924752228,35.806512803346465,36.0211367131676,18003400
2013-03-13,35.88520050048828,36.07836279298324,35.84943031204635,35.97820517370966,16680200
2013-03-14,36.486148834228516,36.486148834228516,35.90666195850645,35.94958782196045,26378700
2013-03-15,35.78504943847656,35.97821176636664,35.16263931244695,35.74927924348009,60880800
2013-03-18,35.42018127441406,35.52749457310506,35.01955078136084,35.191248784357775,28011400
2013-03-19,35.19841384887695,35.76359227844049,34.82639777102847,35.52035110173538,24411500
2013-03-20,35.14116668701172,35.51318263084217,35.083934934394115,35.4631038238929,19385300
2013-03-21,34.590293884277344,35.2198594794216,34.590293884277344,34.90507804639449,23535900
2013-03-22,34.897926330566406,35.055318429477055,34.583144861835464,34.79061576874671,22791500
2013-03-25,34.71192169189453,35.28425290806165,34.4543719623467,35.08393766467579,23581400
2013-03-26,34.79777526855469,35.0338634613867,34.56884275197926,34.8693183856663,16417500
2013-03-27,34.17535400390625,34.561678522929384,34.025117600649466,34.482982484340596,26530100
2013-03-28,33.95357894897461,34.28982471090255,33.82480409245286,34.22543728264168,27506700
2013-04-01,34.21828842163086,34.33275467119328,33.97504730017438,34.01797043807863,17442200
2013-04-02,34.540218353271484,34.61176145556946,34.25405413135052,34.34705607070242,17273700
2013-04-03,33.72674560546875,34.60500968549309,33.496381706799134,34.576213511620814,33467400
2013-04-04,34.18748092651367,34.22347477580685,33.76274691408291,33.80593843477286,21514000
2013-04-05,34.489830017089844,34.58341621528677,33.654760142647866,33.68355631842453,22961500
2013-04-08,34.97216033935547,34.979358011043495,34.25947001143046,34.46823819039539,18672300
2013-04-09,35.04413604736328,35.245703739500954,34.885759862881486,35.087330301173004,20066700
2013-04-10,35.4544677734375,35.67763393991603,35.188110104265625,35.231301606958965,20388900
2013-04-11,35.497676849365234,35.70644227394084,35.152130952719254,35.425686404550646,22584700
2013-04-12,35.281715393066406,35.692054146070404,34.87857980523196,35.20253000699552,37805900
2013-04-15,34.50422668457031,35.51926849659933,34.48263092670407,34.835374453906454,31527300
2013-04-16,34.90737533569336,34.92897110002169,34.259474944291576,34.86418106088151,23865500
2013-04-17,33.68355941772461,34.684203275722204,33.388405454242196,34.6338113365536,43466300
2013-04-18,33.57558059692383,34.072305144237,33.15084650741591,33.69076258325707,26106800
2013-04-19,34.000308990478516,34.093895196869596,33.618769239571776,33.94271938003727,19746100
2013-04-22,34.08668518066406,34.18747177632625,33.741139376855536,34.12268176647753,15230100
2013-04-23,34.6770133972168,34.72740809785629,34.11550147802125,34.32426971582928,20568500
2013-04-24,35.07293701171875,35.21691238512768,34.66979882617278,34.784980772592455,16459300
2013-04-25,35.27450180053711,35.72803187832427,35.19531370404923,35.28889988591254,19058800
2013-04-26,35.1881217956543,35.339297597616785,34.99375173049348,35.17372370792152,13929000
2013-04-29,35.216915130615234,35.34649517370862,35.02254781212959,35.33209983216885,13496300
2013-04-30,35.281715393066406,35.454489749392046,35.07294992629009,35.24572153646051,13802600
2013-05-01,34.561824798583984,35.209725155663016,34.44664281800938,35.10174084743149,17686400
2013-05-02,34.612205505371094,34.73458510884422,34.34584505165794,34.73458510884422,15529300
2013-05-03,34.24506759643555,35.05854170217243,33.82033362046544,35.00814976825686,43257900
2013-05-06,34.6841926574707,34.835368428695425,34.245060682447956,34.34584452993111,20829500
2013-05-07,35.37528991699219,35.555261886652225,34.741787814865646,34.96495404585965,24291600
2013-05-08,35.82161331176758,35.98718991125308,35.353687920913885,35.43287601297551,23559300
2013-05-09,35.30331802368164,35.85763226779505,35.21692946236007,35.778444126328054,18103100
2013-05-10,35.24570846557617,35.440078514552106,35.015344573342674,35.31049848190148,16199600
2013-05-13,35.75682830810547,35.77842681106086,34.99374894215242,35.15932281865458,23979500
2013-05-14,36.159969329833984,36.296747043891706,35.74963344150638,35.82882155085986,24188400
2013-05-15,36.779075622558594,37.023837636384464,36.1023819354657,36.13837578387886,27467000
2013-05-16,36.692691802978516,37.189413528463334,36.59910559516668,36.62070135614066,21389500
2013-05-17,37.65013885498047,37.67173736064715,36.89425706435628,36.90145473547546,26080300
2013-05-20,37.6429328918457,37.887694848300036,37.36937476494875,37.63573247615807,22020000
2013-05-21,38.168460845947266,38.63638638300861,37.75812491900907,37.815714529132215,37112600
2013-05-22,38.60759353637695,39.56504313169764,38.36283151079453,38.4636153896541,46968300
2013-05-23,38.40602493286133,38.72277742055569,37.90930318555181,38.02448515939844,25294200
2013-05-24,38.629180908203125,38.629180908203125,37.952487335563184,38.08206736485762,18342300
2013-05-28,39.30588150024414,39.341878095152005,38.89554558291705,39.277088068934326,27162300
2013-05-29,39.35627746582031,39.56504565457286,38.80916376877232,38.93874383447012,20482600
2013-05-30,40.04016876220703,40.24173926441274,39.255490752523876,39.305882691536624,24890800
2013-05-31,39.298683166503906,40.19134542977172,39.298683166503906,40.10495689883464,24990100
2013-06-03,39.22669219970703,39.49304994916916,38.1828542135606,39.30587756056545,28279600
2013-06-04,38.90273666381836,39.8745840776884,38.7803543120432,39.26268055727452,22022600
2013-06-05,38.175655364990234,39.06831759050095,37.93809378034789,38.71557130281448,24326000
2013-06-06,38.51398849487305,38.52838657711982,37.62852703284708,38.038862765343175,23940900
2013-06-07,39.06832504272461,39.219500875074885,38.44922087654158,38.70838101551634,21691000
2013-06-10,39.13310241699219,39.47864824178136,38.88834044783059,39.33467012824734,16007000
2013-06-11,38.506805419921875,38.909940890995934,38.233247245868455,38.48520691528974,17600800
2013-06-12,38.283634185791016,38.945929656821164,38.13245840385858,38.801954290878314,18479100
2013-06-13,38.9963264465332,39.04672112628174,38.13246315854581,38.154058916899174,17090200
2013-06-14,38.24763488769531,38.967522599322876,38.08925871236807,38.902732595430244,17185300
2013-06-17,38.76596450805664,39.061118453896114,38.54280100397958,38.657982964644866,16856600
2013-06-18,38.95313262939453,39.06831457740091,38.672376802763615,38.895540282314215,13259100
2013-06-19,38.54999923706055,39.24109101112705,38.52840347729428,38.866751693123646,20840000
2013-06-20,37.77970886230469,38.28363083749373,37.62853309359413,38.21164316081837,31857100
2013-06-21,37.4053840637207,38.139670236547495,37.211013952135225,38.12527214537578,44412200
2013-06-24,36.656681060791016,37.03822341640885,36.073573770274685,36.62788763932191,30736500
2013-06-25,37.49175262451172,37.837298389962754,37.08141411025038,37.08141411025038,20951400
2013-06-26,37.79411315917969,38.01007897085843,37.347783448889714,37.9020974380962,19332000
2013-06-27,38.26204299926758,38.506804995214864,38.067672936648755,38.175654474000716,17093600
2013-06-28,38.00288772583008,38.247649752757084,37.85171190671025,38.24044933499628,18256000
2013-07-01,37.786922454833984,38.60759433819716,37.74372818607363,38.31244036705505,23511100
2013-07-02,38.287261962890625,38.81661204073635,37.79416820919155,38.12048065887185,23935300
2013-07-03,38.2655029296875,38.29450909108647,37.859424968641285,37.93194037213872,10442300
2013-07-05,39.150177001953125,39.15742716023388,38.51205519221886,38.693339577219945,17070200
2013-07-08,39.665016174316406,39.81729436382318,39.19367575973298,39.548994301428436,21786900
2013-07-09,39.802799224853516,40.00583685136986,39.29520239238247,39.93332420366551,20508700
2013-07-10,39.7592887878418,39.991332556830535,39.476482851093095,39.71577954383894,16915000
2013-07-11,39.98408508300781,40.51343517605141,39.55625380696158,40.49168193417491,21322600
2013-07-12,39.860809326171875,40.49892833557873,39.70127819073014,40.25238147452334,32569200
2013-07-15,39.802799224853516,40.24513356791857,39.592508673858624,40.23788340962022,28292000
2013-07-16,39.889808654785156,40.17986473214893,39.723027378463904,39.81004586138089,19222700
2013-07-17,40.07835006713867,40.303143688581564,39.766540719986935,39.918818931522424,19166600
2013-07-18,40.87599563598633,40.992017512667196,40.237876697331416,40.25237701150925,24563100
2013-07-19,40.72372817993164,41.01378433120852,40.54244377692871,40.977525237663556,17762600
2013-07-22,41.01376724243164,41.09353002292742,40.57143304081837,40.73096136798924,15999700
2013-07-23,41.09354019165039,41.25307132447704,40.94851490673161,41.12979927906008,10577100
2013-07-24,41.064537048339844,41.28207774324339,40.883252674890215,41.2748248192446,16665000
2013-07-25,40.97026443481445,40.97026443481445,40.52793016381442,40.93400811686915,13870200
2013-07-26,40.64396286010742,40.767237693352115,40.31765037937794,40.65121578533501,16762300
2013-07-29,40.382896423339844,40.607689988744966,40.15810562411408,40.59318691037889,10049100
2013-07-30,40.12185287475586,40.600443438625454,39.940568528347995,40.51342496070036,14207400
2013-07-31,40.41191864013672,40.80349361309812,40.252387480890114,40.30314965843441,19404900
2013-08-01,40.999267578125,41.17329899792576,40.75272076159098,40.86874263018466,15979400
2013-08-02,40.9630126953125,40.98476593200341,40.61494431118005,40.803481583100094,11007300
2013-08-05,40.68021774291992,41.02828622078982,40.614955249091864,40.847001823065256,9370200
2013-08-06,40.23788833618164,40.680219967223756,40.107363341388705,40.600457151455224,10588600
2013-08-07,40.10010528564453,40.22338010547974,39.72303343406063,39.92607382563977,12828400
2013-08-08,39.7592887878418,40.41191085080516,39.251692005861464,40.1871172393936,18587100
2013-08-09,39.53449630737305,39.99133370084185,39.39672118002595,39.657768352970976,12652500
2013-08-12,39.22269058227539,39.389471888501156,38.92538429445029,39.18643425764897,15133000
2013-08-13,39.36771011352539,39.66501633690571,38.86736353712411,39.316950716815064,15078100
2013-08-14,39.266197204589844,39.77379124776181,39.15742547180724,39.39672217745694,15785800
2013-08-15,38.642578125,38.92538130804143,38.352522017881576,38.80935941843007,16933200
2013-08-16,38.642578125,38.997893951731015,38.483046989466864,38.483046989466864,17139000
2013-08-19,37.58388900756836,38.39604247192211,37.56213299516669,38.35253321329962,22793300
2013-08-20,37.79416275024414,37.96819695366307,36.735462747470145,37.54761590900556,18701500
2013-08-21,37.43885040283203,37.866681644230695,37.1850506147121,37.64913817836216,17136200
2013-08-22,37.85942077636719,38.18573314052269,37.65638320141687,37.70714259515445,14658500
2013-08-23,37.93919372558594,38.011706369012394,37.634637303778774,37.90293740387271,11126800
2013-08-26,37.56210708618164,38.09870984100634,37.55485693116922,37.82315692549209,16548400
2013-08-27,36.691959381103516,37.380840615430415,36.655703056387416,36.99651859431531,23596800
2013-08-28,36.67744445800781,37.01825709403274,36.35113213315061,36.49616014044038,18748100
2013-08-29,36.764469146728516,37.11253478963657,36.583184784827665,36.68470358490337,13576000
2013-08-30,36.64118957519531,36.85873299411776,36.46715815947273,36.85148007152462,15863100
2013-09-03,37.0762939453125,37.504125328613,36.85875317347077,37.16330970081299,15277200
2013-09-04,37.612876892089844,37.7796581653791,36.931248718710314,37.098029991999574,19923800
2013-09-05,37.78691101074219,38.08421723924186,37.64188297499558,37.728898689971665,13913200
2013-09-06,38.113224029541016,38.221992983513864,37.18504624513017,38.00445230938842,22339900
2013-09-09,38.330753326416016,38.570047167073405,38.08420656460539,38.27274102190579,19936400
2013-09-10,38.91813278198242,39.10667010276943,38.649832650595144,39.03415745088541,20233200
2013-09-11,38.620826721191406,38.98339551520484,38.47580141653033,38.70059229846322,16028600
2013-09-12,37.88117599487305,38.94712600750232,37.765154130703216,38.74408843674997,21976700
2013-09-13,38.13498306274414,38.28726128115678,37.87393310764809,37.91744235555749,11942900
2013-09-16,38.533809661865234,38.7876094686671,38.41778776241247,38.75860330225884,17055300
2013-09-17,38.49755096435547,38.66433226165388,38.34527274936737,38.570063609726915,13207000
2013-09-18,38.72959518432617,39.063157782672626,38.11322939319989,38.207495280006405,20844500
2013-09-19,38.25099563598633,38.976132994014506,38.091464532042686,38.88911728558138,22452200
2013-09-20,38.287261962890625,38.77310555823246,38.287261962890625,38.396033701510795,30792200
2013-09-23,37.31557846069336,37.98270645943767,37.264819052397414,37.76516574300072,28189500
2013-09-24,36.488914489746094,37.17779558701003,36.4744114095092,36.98925831011015,34906900
2013-09-25,37.48960876464844,37.634636815800924,36.300383724322025,36.41640561200802,39175500
2013-09-26,37.627384185791016,38.113227746020286,37.37358716892649,37.65639034948411,22298700
2013-09-27,37.88117599487305,37.99719785904288,37.26480759395001,37.344573144225414,23026000
2013-09-30,37.48236083984375,37.772416980834514,37.301076443269615,37.5113670071789,21350600
2013-10-01,37.67815399169922,37.77242266663834,37.30833498413926,37.44611015044968,19188000
2013-10-02,38.05069351196289,38.31366669008691,37.466310219775806,37.48822372243303,23841200
2013-10-03,37.94110870361328,38.13103495649576,37.61969868885018,37.98493848194581,18614500
2013-10-04,38.474365234375,38.481671591994775,37.99224873415197,38.03607852019369,17407200
2013-10-07,37.86077117919922,38.24792459998476,37.86077117919922,38.196791234468165,16159300
2013-10-08,37.15950393676758,37.95572697218383,37.13759043606409,37.860766611429305,19536000
2013-10-09,37.071842193603516,37.50282529805554,36.70660236903599,37.378642308692044,24721200
2013-10-10,38.364784240722656,38.394004089927954,37.532038044279076,37.8680579504654,24328700
2013-10-11,38.35748291015625,38.97108589106143,38.101816162511824,38.68619929038377,32498800
2013-10-14,38.503570556640625,38.5985336639363,37.8096145323561,37.941101054286136,18881600
2013-10-15,38.21139144897461,38.744641258449995,38.11642831435171,38.649678123827094,17566500
2013-10-16,39.44590377807617,39.48242720574409,38.40862394220096,38.43053744148993,24864000
2013-10-17,39.59931182861328,39.65775155390931,39.161025035130955,39.292511630487546,17791000
2013-10-18,39.66505432128906,39.86959056911463,39.29981440527985,39.63583445923406,24796600
2013-10-21,39.643123626708984,40.066800296540556,39.36554063067975,39.643123626708984,19471700
2013-10-22,39.168312072753906,39.94262138669762,39.168312072753906,39.92070789224204,24820900
2013-10-23,38.532806396484375,38.97839948502303,38.51089289591988,38.94187605522917,21034400
2013-10-24,38.335575103759766,38.63507167540793,38.0652983894819,38.59854824697454,17759000
2013-10-25,38.54741287231445,38.649679581198974,38.036076541333,38.10181982369574,20889600
2013-10-28,38.48168182373047,38.78117847491672,38.35019521720385,38.63508193582496,14836800
2013-10-29,38.518192291259766,38.708118564091265,38.16756238744635,38.59124192948679,23363100
2013-10-30,38.42323684692383,38.8907462654928,38.350189980632074,38.715429885209524,16157200
2013-10-31,37.6489372253418,38.50359742778499,37.6489372253418,38.45977041426064,23738000
2013-11-01,38.35748291015625,38.503579388763875,37.47360325509003,37.58317631068539,25794400
2013-11-04,38.01416778564453,38.540111323608016,37.9849479261579,38.52550418042388,18891300
2013-11-05,37.948429107666016,38.07991570477872,37.73658928047782,37.87537945007034,14532200
2013-11-06,38.0579833984375,38.233299716329974,37.860756372326186,38.174860014846374,14013000
2013-11-07,37.72927474975586,38.23330470125574,37.678141397570016,38.07990464469821,17348900
2013-11-08,39.416683197021484,39.42398955435616,37.838847186354144,37.8607634717993,31183100
2013-11-11,39.51895523071289,39.555481449188875,39.2267649888197,39.38016507480557,12062800
2013-11-12,39.42400360107422,39.50435684103221,39.15372401456827,39.39478373444225,15964800
2013-11-13,39.548179626464844,39.59200942172711,38.825006117274526,39.09528288832629,22121900
2013-11-14,39.73809814453125,39.81114500238909,39.22676177984931,39.635828642347654,17634000
2013-11-15,40.08142852783203,40.14717182569365,39.58470200766858,39.64314173312757,20530100
2013-11-18,40.71695327758789,40.90687683681534,40.395540319043185,40.534333291709245,22318800
2013-11-19,41.01644515991211,41.37437873002099,40.74616560600677,40.88495856248776,22979900
2013-11-20,40.97991943359375,41.22828269989381,40.73886252643873,41.22097912730832,17682800
2013-11-21,41.79806137084961,41.92954797766546,41.1114084715758,41.1114084715758,22843600
2013-11-22,41.97336196899414,42.01719175319024,41.68117176736337,41.81996190414607,16730600
2013-11-25,42.112159729003906,42.47009325475881,41.93684335864292,42.00258664920839,18649600
2013-11-26,41.76152420043945,42.33860384726172,41.76152420043945,42.09754698898647,16263300
2013-11-27,41.98796463012695,42.24363414718341,41.87839436843851,42.06101425781095,11238900
2013-11-29,41.79806137084961,42.25826170814536,41.78345143825233,42.061034584481305,7128800
2013-12-02,41.62273025512695,42.18519992180473,41.56429333195145,41.71038703316958,12465300
2013-12-03,41.53507995605469,41.79805311776194,41.00913363264017,41.5569934573439,20426800
2013-12-04,41.776145935058594,41.98068220905373,41.060275942475045,41.22828599094834,20287200
2013-12-05,40.77537536621094,41.44741811837461,40.72424201172182,41.42550183319439,21324900
2013-12-06,40.95069122314453,41.46202476189586,40.6292783855765,41.3232346280289,18661200
2013-12-09,41.2794075012207,41.29401742991934,40.9726073582263,41.11139750102487,12714000
2013-12-10,41.41819763183594,41.6884743280999,41.16252807672459,41.2647975707044,14543700
2013-12-11,40.9579963684082,41.46933271337708,40.877643155926954,41.30132271753396,17836100
2013-12-12,41.13332748413086,41.34516455440218,40.84113438598021,40.94340113436497,15325300
2013-12-13,41.031044006347656,41.31593343418766,40.93608365029328,41.17714050577764,11461300
2013-12-16,41.213661193847656,41.59351095248721,41.14792069936191,41.155224269896294,26379200
2013-12-17,40.702327728271484,41.388977608570094,40.65849794531502,41.388977608570094,18338500
2013-12-18,41.81266403198242,41.8345775337876,40.46858111893289,40.789991220498926,27685900
2013-12-19,41.80534362792969,42.03179328788463,41.50584712879356,41.71038050774751,16790000
2013-12-20,42.148681640625,42.36782500575676,41.78344176988572,41.79074534121451,22001700
2013-12-23,42.54313659667969,42.65270687367282,42.22172376309216,42.345906754221545,13990600
2013-12-24,42.55044174194336,42.57966159817976,42.39704167654052,42.41895517543839,4532600
2013-12-26,42.513912200927734,42.70383566603342,42.30937602324646,42.62348246621847,6677000
2013-12-27,42.470096588134766,42.623496682641154,42.411659651133974,42.49201009119014,8943700
2013-12-30,42.331295013427734,42.56504827153768,42.15597867656596,42.47008513963094,8815800
2013-12-31,42.71845626831055,42.76958962887058,42.404349746836566,42.513922826070434,11017400
2014-01-02,42.7993278503418,43.01255314592276,42.62286766452479,42.87285526508562,15627600
2014-01-03,43.13020706176758,43.343432420910645,42.79934060874988,42.858162558079655,14214100
2014-01-06,43.38018035888672,43.725752184700255,43.2551879651659,43.49782141377031,17550700
2014-01-07,42.88021469116211,43.69635091764121,42.7258112982565,43.5934153223708,17851200
2014-01-08,43.28460693359375,43.314017905854655,42.86551039562232,43.04197342440304,14687400
2014-01-09,43.20372772216797,43.380190749151126,42.88756959033028,43.36548526317047,13242500
2014-01-10,43.00520324707031,43.203720261566694,42.77727246090726,43.137546988473176,12694900
2014-01-13,42.424354553222656,43.13755235779756,42.29935933080601,43.019911280409005,20711600
2014-01-14,42.453758239746094,43.071374491264415,42.32141169979331,42.86550053756894,30272400
2014-01-15,43.74045944213867,43.858100501796116,42.446404981122726,42.446404981122726,35186600
2014-01-16,43.372833251953125,43.98309540721024,43.18901891046369,43.22578121780472,21689400
2014-01-17,42.725799560546875,43.54928690126479,42.666977633817964,43.534581419582565,20997900
2014-01-21,42.769920349121094,42.96844017783485,42.33612118852001,42.71110121734534,19548300
2014-01-22,42.343475341796875,42.88756707199353,42.21848012069333,42.88756707199353,15433500
2014-01-23,41.51997756958008,41.983187615008966,41.32880911498521,41.975836276655535,26234600
2014-01-24,40.50532531738281,41.43910243759446,40.50532531738281,41.17440935724671,26833100
2014-01-27,40.50532531738281,41.02735733429973,40.21122127148885,40.49797397838828,23935000
2014-01-28,40.983253479003906,41.4244068484237,40.61562473622585,40.72591167618843,18041000
2014-01-29,40.82883834838867,41.078825951010664,40.328863143144694,40.40974189763771,25459000
2014-01-30,41.17440414428711,41.46115401009801,40.90235975938751,41.225871925084775,17031100
2014-01-31,40.70384979248047,41.25529283814135,40.57150323713911,40.806785378905005,18174000
2014-02-03,39.931819915771484,41.11558166284177,39.8509411742485,40.80677498224526,28549900
2014-02-04,40.40239334106445,40.696494608367544,40.145051576791914,40.23328448128871,20709300
2014-02-05,40.593563079833984,40.77002610167178,40.13035290648086,40.51268431169102,19491600
2014-02-06,41.52734375,41.57881155122026,40.58621503650396,40.69650197992532,20881600
2014-02-07,41.63025665283203,41.85818736594209,41.365563645293456,41.65231627331577,23388500
2014-02-10,41.718505859375,41.85084961017797,41.461164088051,41.74056268371143,14715200
2014-02-11,42.225830078125,42.32876565895249,41.60086244893855,41.622919272034665,18774100
2014-02-12,42.292015075683594,42.43171300199074,42.02732190601954,42.159668490851566,13437900
2014-02-13,42.66697692871094,42.71844471135627,41.88025190280795,41.9611306483317,16605500
2014-02-14,42.75521469116211,42.814033818840144,42.46111063841958,42.564046215444236,13067300
2014-02-18,43.00520324707031,43.1228443098161,42.57140130229817,42.65963139816147,14983800
2014-02-19,42.10084533691406,43.04197689158144,42.07143716706892,42.90963031053111,18669900
2014-02-20,42.336116790771484,42.622866689754304,42.10818601745446,42.299351681848336,12457000
2014-02-21,42.358177185058594,42.52728604218953,42.18171418360913,42.343471701205786,16790100
2014-02-24,42.66697692871094,42.814028938319225,42.33611341307203,42.365521571166646,16151400
2014-02-25,41.93171691894531,42.63021181491259,41.850838178757655,42.57139269782024,17991800
2014-02-26,41.725852966308594,42.18906586387324,41.33616748371363,42.18171171998423,23661700
2014-02-27,41.681739807128906,41.8287918438905,41.27734880962276,41.74791308343241,16277500
2014-02-28,41.77730941772461,42.240522189592056,41.461148631108465,41.59349513735631,18599000
2014-03-03,41.328819274902344,41.48322266133582,40.94648507650671,41.394992555485906,19151000
2014-03-04,42.10084533691406,42.1743727734892,41.644986449287856,41.872917295493416,17157000
2014-03-05,42.76256561279297,42.85814984971862,42.17436031783529,42.262590410882915,17761500
2014-03-06,43.30666732788086,43.44636524140341,42.93903858249914,43.01991455046394,19420600
2014-03-07,43.674278259277344,43.96837945275307,43.431642039995864,43.63751315590723,18602200
2014-03-10,43.52723693847656,43.73310810489332,43.28460065967028,43.483120486479706,16945200
2014-03-11,42.78461837768555,43.71104408357902,42.74050473773698,43.68898445882091,19420000
2014-03-12,42.586097717285156,42.61550867984181,42.21846909967827,42.424343032791086,17932100
2014-03-13,42.218467712402344,42.89490580505918,42.04935889043406,42.6449182411096,17192500
2014-03-14,41.762596130371094,42.2993333921188,41.630249648868066,41.990526805133605,18635800
2014-03-17,42.336116790771484,42.424346881662196,41.94642851350147,42.06406956961709,13581400
2014-03-18,42.68904495239258,42.762569569270894,42.36552990664553,42.51258194518652,12554800
2014-03-19,42.865501403808594,43.3287143030041,42.5640460133318,42.637573428560344,21450700
2014-03-20,44.19630813598633,44.47570664085895,42.74049930236075,42.90960811182002,33736500
2014-03-21,44.24042892456055,44.997745825647456,44.11543653401046,44.82128284540649,35144100
2014-03-24,44.90216827392578,44.99039837477901,44.37278205923773,44.38748754351065,25810500
2014-03-25,44.79924392700195,45.203635029206616,44.52719941166937,44.931590513874035,24053500
2014-03-26,44.041927337646484,45.14481363687184,44.03457319163877,45.027172543812526,22745200
2014-03-27,44.0566291809082,44.51984220309941,43.39489909684846,44.071334667858615,24632600
2014-03-28,44.14485168457031,44.54924266352491,43.88015859149918,44.269844086973805,14708700
2014-03-31,44.63746643066406,44.86539718511003,44.55658768538376,44.72569931903373,15216700
2014-04-01,44.608070373535156,45.063932034751964,44.387493688473484,44.81394437707281,14584400
2014-04-02,44.7486457824707,44.9632150341861,44.54147702769037,44.667257250960546,14012200
2014-04-03,44.88182067871094,44.985405042659764,44.60066110337681,44.87442300519841,11925200
2014-04-04,44.252906799316406,45.17777107333476,44.245506304545664,45.148174739175346,16966900
2014-04-07,43.653602600097656,44.39349416959084,43.53522006187724,44.1641267669615,18685700
2014-04-08,43.542606353759766,43.668389355374664,43.09867265709196,43.505612349447716,16956500
2014-04-09,43.85337829589844,43.98655901827545,43.283661388499596,43.72759524811453,15308400
2014-04-10,42.46976852416992,43.94215086548015,42.454970357113815,43.912554531367945,29977200
2014-04-11,40.91600799560547,41.47092673737895,40.36108925383199,40.827221787211265,47241300
2014-04-14,40.66444778442383,41.38954132295861,40.30930010161881,41.322950956028734,31081500
2014-04-15,40.546058654785156,41.16756770462148,40.213106874075976,40.76062789373801,26691400
2014-04-16,40.886417388916016,40.95300776017089,40.4646793117895,40.694046773325866,27049400
2014-04-17,40.856815338134766,41.115776270943165,40.70143595598724,40.945601540460146,17955400
2014-04-21,40.71623992919922,40.9973995695035,40.68664640584842,40.88641468393361,12384800
2014-04-22,41.29335021972656,41.49312128562117,40.649642511023146,40.72363336272248,16257600
2014-04-23,41.470924377441406,41.52271656459597,41.10837906735944,41.285951474042946,11379000
2014-04-24,41.57450485229492,41.62629703459167,41.14536922434153,41.48571865728081,15360600
2014-04-25,41.21195983886719,41.69288765218235,41.16756532984608,41.663294135297214,15937700
2014-04-28,41.05659103393555,41.21196761111883,40.457277750205,41.1601754187244,21394100
2014-04-29,41.5079231262207,41.66330252786275,41.11578142949332,41.234163988267404,13453400
2014-04-30,41.41912078857422,41.69287981995499,41.22675026387842,41.611494135731746,14388100
2014-05-01,41.226768493652344,41.574515690808205,41.063991408305135,41.37474458309927,12744600
2014-05-02,41.12317657470703,41.70768879494215,41.019589379607005,41.30814947512051,15153800
2014-05-05,40.11692428588867,40.50166826455106,39.73218030722629,39.865361023781055,25232300
2014-05-06,39.4658203125,39.998543198134854,39.45102214095874,39.983745026593596,25327400
2014-05-07,39.99114227294922,40.04293446155778,39.39183185548943,39.621196455766594,18502600
2014-05-08,40.22050094604492,40.3462811417425,39.99853406851496,40.10211842319814,16090800
2014-05-09,39.9615478515625,40.183517610514606,39.717385068163,40.11692724732152,12366500
2014-05-12,40.4350700378418,40.472064046916515,39.97633529343695,40.15391048844237,12825500
2014-05-13,40.412872314453125,40.56825167212032,40.324086126116185,40.5016613252521,12310700
2014-05-14,40.22050094604492,40.47206415990207,40.17610644155413,40.427669655411286,10325800
2014-05-15,39.591590881347656,40.10211779639512,39.473208360351215,40.10211779639512,19763000
2014-05-16,39.44363021850586,39.591606310572644,39.19206691054408,39.525015940157374,19992400
2014-05-19,39.828365325927734,39.88755518497386,39.25864846748894,39.27344663786607,12068900
2014-05-20,39.74696731567383,39.98373234028634,39.51759996325345,39.74696731567383,16888200
2014-05-21,40.04292678833008,40.39807436607471,39.93934243096231,39.991134609646195,13210200
2014-05-22,40.361080169677734,40.39807417964377,39.968938583606004,40.07992061350413,11800900
2014-05-23,40.346282958984375,40.39067746547474,40.0725238917824,40.361081127814494,10876500
2014-05-27,40.7976188659668,41.012188088916176,40.464667110090566,40.50906161836147,14503700
2014-05-28,41.02699279785156,41.137974852525524,40.69404098890436,40.7606313506938,11374900
2014-05-29,41.226768493652344,41.37474458309927,40.982602865631534,41.248964342576784,11741000
2014-05-30,41.11577224731445,41.34513963854327,40.92340169069127,41.123172743220465,11991900
2014-06-02,40.952999114990234,41.17496885395737,40.70883635357385,41.17496885395737,9440000
2014-06-03,41.137977600097656,41.18237211840991,40.760634073063464,40.760634073063464,9131500
2014-06-04,41.19716262817383,41.23415664198809,40.879009028938945,41.07878009049078,9727800
2014-06-05,41.90006637573242,41.92226222281034,41.056590317218664,41.36734346616047,16803400
2014-06-06,42.1516227722168,42.27000530806404,41.914857700522305,41.99624340066668,15399800
2014-06-09,42.48457717895508,42.66955009141475,42.09983600480609,42.107233679420915,11999700
2014-06-10,42.839725494384766,42.8693190138144,42.46237919141623,42.521571875200515,11609200
2014-06-11,42.37358856201172,42.75833249903309,42.15901933940057,42.528965107021634,14232200
2014-06-12,42.203407287597656,42.48456399511449,42.07762427847758,42.22560312701694,11670200
2014-06-13,42.203407287597656,42.66953685017325,42.085024773258525,42.19600679281671,12040800
2014-06-16,42.07762908935547,42.136821764523624,41.678089821818816,42.06283092056343,11199100
2014-06-17,42.48457717895508,42.61036022710823,41.937058938653536,42.018447471729814,11200500
2014-06-18,42.75093078613281,42.773129450832464,42.136822297043715,42.38838552476341,13729400
2014-06-19,42.395790100097656,42.68434738601132,42.329199740082,42.68434738601132,11624400
2014-06-20,42.58076477050781,42.743541840050355,42.432785872965745,42.68434915204845,17124800
2014-06-23,43.05427932739258,43.0764779885518,42.35138475899477,42.573351613355214,16007700
2014-06-24,42.48457717895508,43.002501898334685,42.39579097126398,42.824929482952484,12322900
2014-06-25,42.56596374511719,42.721343129475066,42.07763539168714,42.336599150641916,14836600
2014-06-26,42.462379455566406,42.53637031075704,41.87786440064174,42.42538543920235,11854400
2014-06-27,42.56596374511719,42.69174678745809,42.3513973216504,42.41798767995734,10178600
2014-06-30,42.632545471191406,42.75092799282672,42.454973099969415,42.49936478154394,11549000
2014-07-01,42.8933219909668,43.20625025945254,42.528242326958356,42.58039656467385,14472200
2014-07-02,42.446285247802734,42.82626653212527,42.334524541841084,42.669803817533214,19189900
2014-07-03,42.505889892578125,42.952929884951,42.46863727042861,42.6400016060707,12599800
2014-07-07,42.22275924682617,42.461182249777124,42.02159454546764,42.386674173169794,13916100
2014-07-08,41.544769287109375,42.07376691133997,41.447913009064585,41.984357180876536,18343400
2014-07-09,41.73847961425781,41.81298486665793,41.433003531908234,41.63417112402038,10914300
2014-07-10,41.395748138427734,41.58201409916945,40.94870812733182,41.02321621694431,12436600
2014-07-11,41.574562072753906,41.65651955063259,41.12007267156705,41.1945807615445,10230000
2014-07-14,41.93963623046875,42.349420695812256,41.87258038398036,42.11844992630948,14004400
2014-07-15,43.41486740112305,43.7277928287913,43.03488327644839,43.17644721560643,36178000
2014-07-16,43.742698669433594,43.94386625329903,43.44467482985719,43.59368532854885,20507500
2014-07-17,43.10939407348633,43.8544579106577,43.0348859844534,43.63093932794489,17013500
2014-07-18,43.38506317138672,43.571329114682484,43.139193604176526,43.459571254020666,12803300
2014-07-21,43.392513275146484,43.51917274613062,43.1391914909856,43.303103580365516,9141400
2014-07-22,43.712890625,43.80974971225088,43.48937205935341,43.52662467992904,10375200
2014-07-23,43.95876693725586,44.100328044881266,43.60113663204982,43.77995036355633,11122100
2014-07-24,44.08543014526367,44.219541876301676,43.95132125641892,44.010924891217336,9844100
2014-07-25,43.96622848510742,44.15994673037559,43.83956896044222,43.89917260669826,10500600
2014-07-28,44.10032653808594,44.152480778176106,43.71289301013542,43.914060582851626,12382800
2014-07-29,43.69053649902344,44.055618975839,43.541523185176416,44.055618975839,13498800
2014-07-30,43.89170455932617,44.16737734573963,43.668186007039786,43.97366202500945,11815700
2014-07-31,42.967830657958984,43.72034673445675,42.960381270059855,43.69799572856634,15955900
2014-08-01,42.08121109008789,42.83372726290355,41.70122973035045,42.759219163410556,23915400
2014-08-04,42.2078742980957,42.45374392594862,41.97690344825156,42.40158967633759,13543900
2014-08-05,41.76828384399414,42.170616195579676,41.42555228511224,42.04395669505298,16863300
2014-08-06,41.89493942260742,42.23766810721218,41.59691559163532,41.64161760307499,12190600
2014-08-07,41.656517028808594,42.237665884485686,41.485152695524135,42.19296387539843,11743800
2014-08-08,41.97690963745117,41.99181125985052,41.45536422224927,41.64163023895039,12213200
2014-08-11,41.961997985839844,42.15571618853755,41.85023726565323,42.12591295086203,9066800
2014-08-12,41.984352111816406,42.13336546907033,41.82043997681115,41.894945234341414,11289600
2014-08-13,42.26002502441406,42.34943189597989,42.10355944643236,42.2376711748777,7012600
2014-08-14,42.453731536865234,42.46863315271878,42.245114599300884,42.29726883369197,8275900
2014-08-15,42.28236389160156,42.841161652283525,42.01414051172344,42.64744634581176,12727400
2014-08-18,42.63998794555664,42.78900122860842,42.289807156713756,42.36431521933563,8881400
2014-08-19,42.88588333129883,43.00509345335288,42.721968347651945,42.91568373016722,9040500
2014-08-20,42.94548034667969,43.10194307482921,42.75921438206557,42.78156538831748,8121400
2014-08-21,43.58622741699219,43.78739496151833,42.91566893523838,42.96037378141947,12745500
2014-08-22,43.57877731323242,44.01836501243857,43.459567234237156,43.541521854265014,10228600
2014-08-25,44.21208190917969,44.577164387917506,43.854451659379365,43.9438585112813,13996800
2014-08-26,44.510108947753906,44.66657165056926,44.24933493420239,44.38344663438486,10281100
2014-08-27,44.398345947265625,44.666569333717845,44.353641102126105,44.59206125848531,11410900
2014-08-28,44.07798385620117,44.23444660601654,43.817212606508896,44.14503972643539,9096100
2014-08-29,44.294044494628906,44.443057826486125,44.13012954536667,44.21208701999779,8897900
2014-09-02,44.45795440673828,44.48775764007687,44.070523742107646,44.301491694999825,8671100
2014-09-03,44.48030471801758,44.97949604690113,44.30148817438923,44.71872488139368,11791800
2014-09-04,44.487762451171875,44.80814013872683,44.279145479626536,44.42815882024166,9811900
2014-09-05,44.63676452636719,44.63676452636719,44.12267161529441,44.4206953791164,9600900
2014-09-08,44.62187194824219,44.86774437432461,44.510114079998935,44.58461932549444,8090000
2014-09-09,44.00346374511719,44.46540244960121,43.79484397358206,44.42814983253181,14868700
2014-09-10,44.1226921081543,44.37601398826457,43.89917062873242,44.07053785420751,9153800
2014-09-11,44.525020599365234,44.58462707988305,43.93642223631569,44.09288498438481,11467000
2014-09-12,44.7261848449707,45.00930992175598,44.51756786323062,44.5548204896566,14359100
2014-09-15,44.65913772583008,44.69639320174477,44.29405793629376,44.539927592606865,10685600
2014-09-16,44.69638442993164,44.85284716616945,44.42070874167279,44.48776460608802,10947900
2014-09-17,44.93479919433594,45.14341615065947,44.56971667857688,44.66657576923832,15091800
2014-09-18,45.687313079833984,45.74691954951021,45.106164211455365,45.106164211455365,16973700
2014-09-19,45.53084945678711,46.08219507938767,45.433990366581604,46.00024044849839,18739300
2014-09-22,45.3818473815918,45.7841826171159,45.29988988818575,45.404198391723064,13225200
2014-09-23,45.404197692871094,45.74692928203872,45.27753818115203,45.31479081152861,14328800
2014-09-24,45.91827392578125,45.92572331177838,45.4637846407647,45.58299471206475,13728200
2014-09-25,44.815589904785156,45.8214249247937,44.815589904785156,45.81397553715943,16340100
2014-09-26,45.12107467651367,45.35949491758376,44.942258074614365,44.94971030588163,11948900
2014-09-29,44.94969940185547,45.076358880738894,44.50265942664818,44.72617799315544,10686500
2014-09-30,44.882652282714844,45.255184246793114,44.8006947958667,45.00186239753216,14384800
2014-10-01,44.5324592590332,45.0018502023847,44.502656027856986,44.88264011987238,18995800
2014-10-02,44.134925842285156,44.62248140087868,43.962406931441585,44.367452823687685,24559100
2014-10-03,45.230045318603516,45.29755296423761,44.29244071887566,44.44245802710055,18321100
2014-10-06,45.14004135131836,45.60509248593333,45.005026044278125,45.590090467224144,11578000
2014-10-07,44.457462310791016,44.945015010702846,44.39745423990458,44.945015010702846,14542000
2014-10-08,45.3050651550293,45.32756675463661,44.38996195309496,44.52497727342438,15834100
2014-10-09,44.31494903564453,45.252553717055335,44.17243129281095,45.252553717055335,19189500
2014-10-10,43.89488220214844,44.869990078554565,43.8873797655768,44.27742348840749,16689400
2014-10-13,43.6248664855957,44.367450583892456,43.587362874060794,43.87989504991213,17169300
2014-10-14,43.49736022949219,43.89490372245656,42.049698286270804,42.522249013678135,29096800
2014-10-15,41.65214157104492,43.03979795380264,40.69953505159752,42.7697673988296,37866900
2014-10-16,41.31460952758789,41.98968310741897,40.714540308170804,41.067080545377024,31965100
2014-10-17,42.154701232910156,42.589748257168395,41.68214773749588,41.80216100570595,20183500
2014-10-20,42.477237701416016,42.567246937818005,42.05718982930331,42.079691423068304,10807600
2014-10-21,43.45235061645508,43.5123558268309,42.81478059183242,42.92729143429047,14020400
2014-10-22,43.0922966003418,43.699862389322455,43.084794163172845,43.53484596904373,13750700
2014-10-23,43.54985427856445,43.954897242666334,43.459842187571304,43.594857462719204,12641900
2014-10-24,44.05991744995117,44.08991862309476,43.50485425733256,43.50485425733256,13758000
2014-10-27,43.98490905761719,44.09742276060083,43.69237686347053,43.8423941803346,11087100
2014-10-28,44.72748947143555,44.77249265980122,44.11242109880656,44.15742428717223,13625000
2014-10-29,44.47246170043945,44.84000109820122,44.0749154076654,44.719987824862784,16712100
2014-10-30,44.54745101928711,44.76497588395742,44.19491091870703,44.20991292951267,14709800
2014-10-31,45.36506271362305,45.41006876658027,44.907511189922694,45.095032118564326,18347600
2014-11-03,45.66508865356445,45.86761156131681,45.27504485285715,45.597581017647,11841200
2014-11-04,45.192535400390625,45.28254462822816,44.5699646596051,45.185035823629896,15295800
2014-11-05,45.86760330200195,45.92760848904477,45.29753828771834,45.605072382333546,14063800
2014-11-06,45.92761993408203,45.987627997419935,45.47757090441554,45.81510910733638,10421600
2014-11-07,46.1076545715332,46.16765979084941,45.65010297120818,45.807619890923846,12384600
2014-11-10,46.452693939208984,46.452693939208984,45.905133061699466,45.942636682641215,10801000
2014-11-11,46.03263854980469,46.42268243989072,45.97263333820659,46.287667137117005,12539800
2014-11-12,45.425071716308594,45.63509424506714,45.1775427119783,45.32005759058697,17219600
2014-11-13,45.17753219604492,45.477566762726084,44.99751374510957,45.38005509935345,12240400
2014-11-14,45.21504592895508,45.47007450935368,45.14003870115528,45.19254433288361,6803400
2014-11-17,45.29004669189453,45.40255751042582,44.922504484138805,45.00501413453346,9017600
2014-11-18,45.402557373046875,45.62008229409429,45.15503128395361,45.26754210214447,8897800
2014-11-19,45.45505905151367,45.597576748073365,45.11752376487361,45.34254824308081,9210100
2014-11-20,45.09502410888672,45.19253577563641,44.81749398496723,45.15503216883785,10917300
2014-11-21,45.34255599975586,45.80760704911844,45.230042310733985,45.80760704911844,12340500
2014-11-24,45.725101470947266,45.98763248163686,45.53008096876668,45.53008096876668,8335000
2014-11-25,45.230045318603516,45.87511774103103,44.967517175216585,45.87511774103103,14802600
2014-11-26,45.26005554199219,45.43257446857364,45.15504427027675,45.43257446857364,7626600
2014-11-28,45.125030517578125,45.42506511046618,45.02751884568822,45.30505184557934,6759600
2014-12-01,45.00502395629883,45.16254085342371,44.667485704358114,44.99002193828565,12771600
2014-12-02,45.81511306762695,45.897619869835594,45.00502131059204,45.01252088848658,12546600
2014-12-03,46.16014862060547,46.22015382485435,45.61258789812747,45.72509872909738,12115500
2014-12-04,46.04013442993164,46.182649290846626,45.63508857932021,45.830109065906086,11515200
2014-12-05,47.030242919921875,47.300273477340326,46.41517458862068,46.51268339775587,20071100
2014-12-08,47.00775146484375,47.37529379437484,46.70021721415148,46.95524582653112,15528200
2014-12-09,46.84272003173828,47.142751746218856,46.17514610494243,46.39266816800476,19676400
2014-12-10,45.51508331298828,46.685215022227254,45.28255631461123,46.62520694728769,29620600
2014-12-11,45.86011505126953,46.55019351444315,45.83761345683567,45.882616645703386,16886200
2014-12-12,45.03501892089844,45.920117775993795,44.97501086093316,45.40255827348952,17405400
2014-12-15,44.37495040893555,45.612589625879316,44.097420248420114,45.56008399716943,19209900
2014-12-16,43.827388763427734,44.90000863300538,43.5873622195977,43.81988632442811,20709700
2014-12-17,44.83250427246094,44.877510325728814,43.759884324319614,43.93240323649966,17856400
2014-12-18,46.11513900756836,46.11513900756836,45.33505138322487,45.48506867426659,18173400
2014-12-19,46.452693939208984,46.767727788731094,46.03264594516998,46.05515040680932,22756400
2014-12-22,46.460182189941406,46.75271722917773,46.21265606300872,46.625201515457974,17073400
2014-12-23,46.86521530151367,47.2327574642489,46.4526699614151,46.54267917748319,13552600
2014-12-24,46.86521530151367,47.157747399741005,46.70769845805917,47.06023860789282,7412500
2014-12-26,46.9177360534668,47.17276463239291,46.81272479061645,47.00774529857534,6086500
2014-12-29,47.22527313232422,47.5103057640471,46.69271434618233,46.82022721271948,10601200
2014-12-30,47.36777877807617,47.4652875823972,46.93272893230508,47.045242612788435,7518100
2014-12-31,46.94023895263672,47.62281499984914,46.94023895263672,47.48029726670379,18529400
2015-01-02,47.174259185791016,47.529064416260546,46.85719594522898,46.94023638632259,12600000
2015-01-05,45.70973587036133,47.015727994686046,45.468165239257864,46.849649985645584,20100600
2015-01-06,44.524513244628906,45.86070194310901,44.048919973704244,45.77766152821365,29074100
2015-01-07,44.59247589111328,45.21150106143799,44.29051112911368,45.21150106143799,23843200
2015-01-08,45.58894348144531,45.973948594858385,45.27188315722149,45.27188315722149,16971100
2015-01-09,44.796295166015625,45.89091366956396,44.75855029618616,45.83807027585291,15396200
2015-01-12,44.41128921508789,44.84158703102281,43.988539220595364,44.750995895221656,15455200
2015-01-13,44.41884231567383,45.068064467331304,44.06403419098914,44.73590268941404,21644700
2015-01-14,42.886375427246094,44.418839564920056,41.72381503602844,44.418839564920056,49602300
2015-01-15,41.51244354248047,42.735395209075506,41.14253689777784,42.0710745409101,42458100
2015-01-16,42.2220573425293,42.274900738071956,41.24822411653036,41.26332264093527,29368900
2015-01-20,42.05596923828125,42.56930746097861,41.83704499159443,42.305090528596985,23477700
2015-01-21,42.19184494018555,42.59194561219813,41.663408297306944,41.85968616339661,21842400
2015-01-22,43.4752082824707,43.580895078932905,42.2447058384839,42.561769107619725,31423500
2015-01-23,42.788246154785156,43.686586907949035,42.773147627872795,43.57335227573065,15458300
2015-01-26,42.85617446899414,43.02225533251041,42.425876667837095,42.58440683042156,12577700
2015-01-27,42.425880432128906,42.73539296357655,42.093718675624864,42.31264294609364,15220500
2015-01-28,41.33126449584961,42.78823898151702,41.33126449584961,42.74294340837354,24354400
2015-01-29,42.02577209472656,42.191852954542156,41.278413985053525,41.72381029840106,20393300
2015-01-30,41.05194091796875,41.89743795873435,41.04439021738909,41.51243574187856,26943700
2015-02-02,41.87479782104492,42.01068165412746,40.96890656041098,41.16518160833635,20308900
2015-02-03,42.81844711303711,42.863739818154684,42.17677261962323,42.20696967620149,18812500
2015-02-04,42.561771392822266,43.08265758038847,42.48627876290366,42.5164758148711,14934100
2015-02-05,42.85617446899414,43.06000019792358,42.62215169583472,42.92411637863729,11293900
2015-02-06,43.70167541503906,44.33579900122005,43.43745845402569,43.59598863063371,25214000
2015-02-09,43.64883804321289,43.86021164117783,43.20344161910871,43.3468732920493,14372400
2015-02-10,44.13197708129883,44.32070432117413,43.822464523093316,44.101780031778986,16367300
2015-02-11,44.06403732299805,44.28296162314087,43.66393647633992,43.830017377103346,13061900
2015-02-12,44.969932556152344,45.075619363985915,44.19992496797265,44.48679121762772,23211300
2015-02-13,45.04540252685547,45.46060463206223,44.79628414347968,44.886872384730125,16479100
2015-02-17,45.37002944946289,45.40022650040396,44.78120135485849,44.81139840579955,15308800
2015-02-18,44.81893539428711,45.37001848187291,44.63020819115162,45.37001848187291,14278100
2015-02-19,44.713253021240234,44.90198024294718,44.38864196952438,44.65286180776342,11256500
2015-02-20,45.1435661315918,45.21150806958578,44.04894729935528,44.50944233689787,15379000
2015-02-23,44.803836822509766,44.939720638995695,44.388637552024356,44.91707429616424,16814000
2015-02-24,45.91355514526367,46.23816617491234,45.354924219646435,45.483257339403565,22937700
2015-02-25,46.155128479003906,46.2532674397688,45.860714476458064,45.86826229817128,18307900
2015-02-26,46.48729705810547,46.57788533071525,45.98150653655655,46.07209480916633,15444800
2015-02-27,46.260826110839844,46.743967446762525,46.14759148009207,46.14759148009207,15225900
2015-03-02,46.63072204589844,46.67601761558552,46.072088205419874,46.260815426159425,13047300
2015-03-03,46.781707763671875,46.79680628798701,46.42689964163884,46.540137134127825,13706900
2015-03-04,46.90249252319336,46.93268669171712,46.313661600870134,46.53258588122429,16625500
2015-03-05,46.80436325073242,46.97799199464099,46.502398464956876,46.95534564362019,10931300
2015-03-06,45.966392517089844,47.461111470192115,45.89845061559664,46.92512695827253,22719200
2015-03-09,46.426902770996094,46.5250417457849,45.89846590334385,45.92866295400952,13001500
2015-03-10,45.264339447021484,46.05699325974861,45.264339447021484,45.86826602434934,16357700
2015-03-11,45.4757194519043,45.785232026883214,45.26434297355943,45.3926790010991,13015600
2015-03-12,46.32876205444336,46.389156153504146,45.78522956164203,45.78522956164203,18159600
2015-03-13,46.049434661865234,46.69865666048078,45.6191368962244,46.35139931974404,16506200
2015-03-16,46.69110870361328,46.74395208988474,46.23816456992972,46.42689177225596,15182900
2015-03-17,46.50992965698242,46.547674519432526,45.98904076402631,46.30610394405374,11718300
2015-03-18,46.615623474121094,46.84209556282292,46.117383727077524,46.34385581577936,15697900
2015-03-19,46.20042037963867,46.54012992473317,45.86825865565801,46.4797358368281,11523800
2015-03-20,46.615623474121094,46.87984043098175,46.16267929671743,46.29101242440722,18368300
2015-03-23,46.155128479003906,46.864744669497824,46.14002995582862,46.61562335672898,15112900
2015-03-24,45.64179992675781,46.23063093695503,45.63425210343773,46.02680515031939,12128700
2015-03-25,45.000118255615234,45.77767347113137,44.98501973262721,45.69463303457162,14950900
2015-03-26,44.9472770690918,45.13600429607345,44.441486603311496,44.88688297417817,14039600
2015-03-27,44.954830169677734,45.12845889331847,44.53963079751516,44.90953747292319,11755800
2015-03-30,46.01924514770508,46.396699591921326,45.755028188653256,45.95885393409989,20656500
2015-03-31,45.73237991333008,46.00414468270657,45.61159173171997,45.838066692490166,17346700
2015-04-01,45.55760955810547,46.028763334682395,45.390424744301505,45.9071751697951,18100600
2015-04-02,45.990760803222656,46.12754783093631,45.59559860081544,45.64879323393852,12697800
2015-04-06,45.952754974365234,46.16553346019972,45.32961549537328,45.53479309306256,12025200
2015-04-07,46.24153137207031,46.73548481010706,46.24153137207031,46.469511665865646,11505500
2015-04-08,46.39352798461914,46.78109225448174,46.30993557743738,46.40112887557595,11734000
2015-04-09,46.71269607543945,46.79628847787029,46.226343441904035,46.560710152737045,11728500
2015-04-10,46.88747024536133,46.94826286392317,46.5075069579579,46.62149420484503,9869700
2015-04-13,47.16864013671875,47.320626024596024,46.73548224054681,46.84187149239399,15468700
2015-04-14,47.90576171875,48.33891954177413,47.677784374877696,47.84496621430981,33775400
2015-04-15,48.79487609863281,49.00005948453351,47.88296378932311,47.93616130719064,28732200
2015-04-16,48.49092102050781,48.84048368805889,48.37693086241648,48.69610156573813,16640500
2015-04-17,47.753787994384766,48.17934793696542,47.48781484207807,48.06535778661115,20221200
2015-04-20,48.05775833129883,48.27053684665882,47.98176393374893,48.04255945178885,12755300
2015-04-21,47.351036071777344,48.331339360296866,47.21424902707407,48.126161692132406,14985100
2015-04-22,47.82977294921875,47.98935971765113,47.13823994897692,47.60939646699321,14484700
2015-04-23,47.723388671875,48.03495845389994,47.57140277600896,47.71579068158213,12851300
2015-04-24,47.571388244628906,47.75377184373437,47.37380866957954,47.59418800632269,9597500
2015-04-27,47.373817443847656,47.98935894358507,47.351020576820545,47.647391443730946,11146400
2015-04-28,47.692989349365234,47.70818822834254,46.94066368277173,47.48781173039592,12307800
2015-04-29,48.33133316040039,48.55171258180676,47.465017254336786,47.541011657695925,17601200
2015-04-30,48.07294464111328,48.5441011144708,47.81456953920051,48.31612376546289,16840900
2015-05-01,48.33892822265625,48.53650784979053,48.126149716682455,48.40732172798922,11640100
2015-05-04,49.18244934082031,49.296439487736826,48.36172724035705,48.392124999386766,14972500
2015-05-05,48.93928146362305,49.63841264792806,48.85568906139302,49.02287386585307,17692400
2015-05-06,48.57450485229492,49.44842156536033,48.19454156816036,49.038060522761455,18087900
2015-05-07,49.015262603759766,49.0912540994035,48.065354413764425,48.38452217413578,15039900
2015-05-08,49.76759719848633,49.889188251561436,49.09126290965249,49.37243787155328,16802600
2015-05-11,49.737186431884766,49.88157432021743,49.456017341273586,49.59280434133111,13798800
2015-05-12,49.66879653930664,49.80558354131553,49.212841798536715,49.63079789516786,12762200
2015-05-13,49.790382385253906,49.87397476517805,49.44081688637985,49.714390893808094,11874100
2015-05-14,50.193153381347656,50.29194175043901,49.93477532696911,50.02596860459325,11855500
2015-05-15,50.06395721435547,50.27674151078688,49.72959348695033,50.25393884497765,11152100
2015-05-18,50.47432327270508,50.56551655171101,50.003172492290695,50.003172492290695,10510900
2015-05-19,50.92267608642578,51.05946308752585,50.58830657311916,50.74028955310632,14282700
2015-05-20,50.51990509033203,50.93786109416566,50.45910959231986,50.877065596153486,12446000
2015-05-21,50.649112701416016,50.67190957341492,50.16276010617182,50.26154848409383,12934500
2015-05-22,50.51231384277344,50.78588783825584,50.39832371169262,50.63389906422178,9296900
2015-05-26,49.949974060058594,50.37553106746597,49.63080050672366,50.30713466397299,15571300
2015-05-27,50.51231384277344,50.64910084051464,50.01836047327582,50.11714882806378,10963700
2015-05-28,50.30713653564453,50.459125328072886,49.95757100972872,50.42872756958722,11797400
2015-05-29,49.98797607421875,50.322345668651394,49.66880826014056,50.29194790572293,14310700
2015-06-01,50.2159538269043,50.65671267013536,50.13236143257495,50.14755741437113,11899300
2015-06-02,50.17034912109375,50.45152403650831,49.835985375978105,50.02596701666319,12784200
2015-06-03,50.68709182739258,51.013860432362144,50.360323222423006,50.48191423719247,12927300
2015-06-04,50.40592575073242,50.953073754189994,50.16274950450451,50.39072397409247,13863300
2015-06-05,51.234249114990234,51.55341689013111,50.922682229099316,51.19625626429999,20801100
2015-06-08,50.831478118896484,51.33303234247293,50.77068261341233,51.264635949358635,14558700
2015-06-09,51.05186080932617,51.120251409124776,50.51231370794793,50.877075169098255,13263500
2015-06-10,51.872596740722656,52.054977520335086,51.27225396847711,51.3634414593931,17478900
2015-06-11,52.07017517089844,52.19176622638871,51.78900600119329,51.9485899131888,13739900
2015-06-12,51.864986419677734,52.085365812286085,51.57621642131821,51.910580156845185,11804700
2015-06-15,51.66741180419922,51.834596596442786,51.14306635317564,51.35584488956553,14082300
2015-06-16,51.95618438720703,52.07016874042672,51.38623942998888,51.500223783208575,11692800
2015-06-17,51.78138732910156,52.19174830379272,51.705395844405864,51.98657071533646,14521900
2015-06-18,52.26776885986328,52.298166630204555,51.59903530570088,51.94100007592193,16759600
2015-06-19,51.735801696777344,52.18415558511421,51.61421066400695,52.02457170293772,21606400
2015-06-22,52.404541015625,52.65531820124463,52.244957115079835,52.33615040015431,14306700
2015-06-23,53.00487518310547,53.05806980800889,52.57931818387815,52.70090341318055,15736900
2015-06-24,52.450130462646484,53.02007540266753,52.36654387206743,52.82249866452832,16995000
2015-06-25,52.16896057128906,52.79210013133157,52.16135968215522,52.678109985442646,13314300
2015-06-26,52.39693069458008,52.65530872356093,52.26014369047943,52.38933560385944,14489200
2015-06-29,51.06705856323242,51.87258459702108,51.03666660522901,51.431825834843394,19934400
2015-06-30,51.49263381958008,51.75860699988039,51.036678967953755,51.591422201468625,20677400
2015-07-01,52.0662956237793,52.311061288314825,51.844475828469946,52.10454262960544,13964400
2015-07-02,51.645606994628906,52.11219250047898,51.39319657257956,51.97451143587283,12822900
2015-07-06,51.500267028808594,51.59970105646295,50.896000624587344,51.1560615441477,13527100
2015-07-07,51.09489059448242,51.416144479388926,49.94755028923813,51.31670458476937,22421500
2015-07-08,50.04697799682617,50.60535277554637,49.87870050637149,50.48296702406157,17707200
2015-07-09,50.567100524902344,51.01838480643308,50.475311220808344,50.857757901023504,14984700
2015-07-10,51.28611373901367,51.55382530851799,51.117836227989656,51.41614423910512,12356100
2015-07-13,52.08158493041992,52.11983193184406,51.76798169429975,51.92860859606956,16175600
2015-07-14,52.80823516845703,52.85412689994221,51.82917265895401,51.9974501219635,20185100
2015-07-15,52.92298126220703,53.10655406173108,52.66291444684673,52.95357770140672,16891600
2015-07-16,53.20597839355469,53.50428632666891,53.09124906210538,53.25952069345537,18035700
2015-07-17,52.93826675415039,53.15243595318712,52.71644698781292,53.04535135366876,14040700
2015-07-20,52.97651290893555,53.36660429994848,52.91532004285289,53.16008567151063,11512900
2015-07-21,52.854122161865234,53.19067705771396,52.67819998316057,52.90001972490883,11659900
2015-07-22,53.60374069213867,53.76436763528282,52.930630642001745,52.991823525773206,15493000
2015-07-23,53.26719665527344,54.00914447594974,53.129515556223446,53.68789052339169,14331800
2015-07-24,52.70882797241211,53.20600421174166,52.53289985269912,53.11422070204431,12413900
2015-07-27,52.020408630371094,52.181035565279714,51.683853622558196,52.12749325364351,16801600
2015-07-28,52.05099868774414,52.471686560247576,51.83682363178902,52.43344539129649,14932400
2015-07-29,52.731746673583984,52.854126568668384,52.13513082532454,52.25751072040894,13059200
2015-07-30,52.80823516845703,53.12183839306056,52.425788510952856,52.72409643695228,10197200
2015-07-31,52.41814041137695,52.808237654383284,52.318706376587286,52.785291787560524,11911800
2015-08-03,52.41814041137695,52.65525548277631,52.0127478690465,52.464032145022465,9980600
2015-08-04,52.36460494995117,52.739401106915054,52.24986976517784,52.3722555184491,10964000
2015-08-05,52.57112503051758,53.09889749903176,52.44108871967932,52.81589068081104,11302900
2015-08-06,52.2039680480957,52.73174629577746,52.0127447219122,52.586414700462704,10803400
2015-08-07,52.05099868774414,52.57877117038834,51.66855198419179,52.26516790802568,11453300
2015-08-10,52.69350814819336,52.785297461023234,52.1810309484926,52.1810309484926,12661400
2015-08-11,52.18868637084961,52.31871686603064,51.89802310435751,52.18868637084961,14800300
2015-08-12,51.431434631347656,51.668555572274826,50.536510683449514,51.56147095469765,21069000
2015-08-13,51.668548583984375,51.85977192317652,51.22490903649705,51.43907824268454,11930600
2015-08-14,51.92860794067383,51.9439090753196,51.55381184127461,51.56910714024737,11248800
2015-08-17,52.0662956237793,52.19632610651016,51.553818425482056,51.722095914039066,10326500
2015-08-18,52.173377990722656,52.28811316758688,51.89036533254738,51.99745577711456,10617500
2015-08-19,51.7067985534668,52.24987222894961,51.523225750577694,51.95921480473568,15198200
2015-08-20,50.43709182739258,51.27847371994766,50.43709182739258,51.102545603406014,20972300
2015-08-21,48.647216796875,50.05462362157883,48.624270929656305,49.786906275565336,28235500
2015-08-24,46.08482360839844,48.12708742002651,38.29820919516245,45.35052670429642,36339100
2015-08-25,45.82476043701172,48.43304664124973,45.68707940071932,48.26476917070645,31772500
2015-08-26,48.119441986083984,48.17298428877525,46.314293158673735,47.27040987507012,33576800
2015-08-27,49.3203239440918,49.511547274490354,48.29536385860561,48.93787436545822,29045700
2015-08-28,49.05260467529297,49.305020862009485,48.64721216456973,49.1749904030365,16687300
2015-08-31,49.029659271240234,49.22088259588288,48.54777859398295,48.65486318892901,14223400
2015-09-01,47.002708435058594,48.073557636220954,46.65085810829827,48.073557636220954,23637300
2015-09-02,47.85938262939453,48.119446517457845,47.07154331460138,47.897626718084474,17757900
2015-09-03,47.94352722167969,48.693122539192174,47.76760205798324,48.09650651293142,17065400
2015-09-04,47.04094314575195,47.36219696667352,46.467273107389126,47.270410577529745,20189000
2015-09-08,48.310672760009766,48.34126919992127,47.675812679950035,48.012364765465314,13385100
2015-09-09,47.56107711791992,49.21324401052446,47.42339605723003,48.9072883673091,13889500
2015-09-10,47.92821502685547,48.18827887080821,47.002694815490536,47.316300958095034,15751100
2015-09-11,47.851741790771484,47.92822997903992,47.41575269839925,47.71406071761843,12766700
2015-09-14,47.71405029296875,47.95116537549798,47.51517637838138,47.9129212897194,10202800
2015-09-15,48.631919860839844,48.8690349283519,47.81348130426135,48.004704638880256,14023500
2015-09-16,49.06025314331055,49.17498829924337,48.348902179334026,48.869029828646674,12235900
2015-09-17,47.92057800292969,49.44271440410823,47.72170406283866,49.06026766160388,21249200
2015-09-18,46.61260986328125,47.293367544215194,46.49022701730697,47.293367544215194,31008000
2015-09-21,47.002708435058594,47.354558761818915,46.71969864334593,47.05625074922485,13136400
2015-09-22,46.58965301513672,46.72733404915029,46.214853996358315,46.35253503037189,14811900
2015-09-23,46.383121490478516,46.773218642247606,46.138355908827116,46.50550428130421,11712200
2015-09-24,46.0618782043457,46.18426102292454,45.480557627718824,45.90124838421878,17293400
2015-09-25,47.01799774169922,47.31630569773645,46.559059955780086,46.865018479726174,18384300
2015-09-28,45.87830352783203,46.66614275741727,45.65648375244934,46.59730223808597,17452200
2015-09-29,45.771217346191406,45.99303711392786,44.9221852763175,45.878301946385136,19334900
2015-09-30,46.635555267333984,46.65850113746424,45.97774642378795,46.42903368265067,18743800
2015-10-01,46.97974395751953,47.323946517822975,46.30663997052203,46.750276556596006,16863200
2015-10-02,46.84878158569336,46.88730161995749,45.09223922212484,45.90887746741942,20435100
2015-10-05,47.78097152709961,47.95046317470935,47.164642270641075,47.180050869413755,13471100
2015-10-06,47.80409240722656,48.04292132708768,47.472814815340925,47.85031821268396,12134800
2015-10-07,47.86573028564453,48.55909978444574,47.580675539654315,48.18930213064033,12773100
2015-10-08,47.86573028564453,47.95817896437325,47.326440938427695,47.65001278342349,13964600
2015-10-09,47.71165084838867,48.18930582043277,47.44200762357928,48.06603992639266,12112000
2015-10-12,47.54985809326172,47.77327547367651,47.3033263405424,47.64230676580888,10857400
2015-10-13,47.41889190673828,47.888844032877195,47.233994540353216,47.295626016184684,15621900
2015-10-14,46.217041015625,46.972044812450825,45.870354848998325,46.810255975431666,28989400
2015-10-15,47.68083190917969,47.73476055218377,46.30179274918234,46.58684750665037,18147900
2015-10-16,48.09685516357422,48.26634686301748,47.834914782112186,48.09685516357422,17456600
2015-10-19,47.93506622314453,48.358792506235694,47.69623729247222,47.76557453435189,14510400
2015-10-20,48.166175842285156,48.39729893727892,47.82719549888695,48.042909995695844,11545100
2015-10-21,47.81180191040039,48.50517141305318,47.80409613944406,48.44353993985518,12113400
2015-10-22,48.68235778808594,48.98282108837207,48.08913989606977,48.08913989606977,15295700
2015-10-23,49.206241607666016,49.45277629168265,48.92118982840552,49.02134426826632,16985200
2015-10-26,49.22936248779297,49.29869973395738,48.851859050033276,49.18313667738649,13880200
2015-10-27,49.029048919677734,49.19854060282814,48.77481433384246,48.94430307810253,8831900
2015-10-28,50.46202087402344,50.64691823602739,49.067573132328434,49.07527890343144,17962000
2015-10-29,50.23858642578125,50.71624417774708,49.9843489508101,50.2771093926967,12753700
2015-10-30,49.498992919921875,50.33873955045867,49.406541322981255,50.30792822925816,15731400
2015-11-02,50.49283981323242,50.65462574525994,49.60686419498339,49.65308706762515,15253300
2015-11-03,50.67772674560547,50.924258478562614,50.20777471125277,50.300226315279254,11519500
2015-11-04,50.73166275024414,50.96278885500483,50.56217105712376,50.85493157352478,11388400
2015-11-05,51.18621063232422,51.363402223560705,50.6546241030524,50.685441309741606,12715900
2015-11-06,52.7424430847168,53.18157800824312,52.4650940932495,52.67310877574066,23262700
2015-11-09,51.918113708496094,52.94276405606402,51.67928764168805,52.92735250981548,17143800
2015-11-10,52.14152145385742,52.27249017627483,51.563712043188694,51.76402095133261,13239700
2015-11-11,51.88727951049805,52.519017510911155,51.810239437819526,52.465088872258114,8513900
2015-11-12,50.84721374511719,51.540586017197434,50.808690777531766,51.509768818685025,13576900
2015-11-13,50.50823974609375,50.97819182388881,50.25400809763501,50.72395429764938,11837000
2015-11-16,51.24013137817383,51.29406001212393,50.207775685411605,50.43119599114208,11041100
2015-11-17,50.94736862182617,51.41732064429527,50.76247129622882,51.36339201275521,12354800
2015-11-18,51.96432113647461,52.041367089236935,51.13228009778244,51.21702594359624,12911400
2015-11-19,52.1261100769043,52.24937301455963,51.6484522337609,52.06447566918632,12839500
2015-11-20,52.03364562988281,52.47278039043337,51.910376844854284,52.380328801661975,11209600
2015-11-23,51.52518844604492,52.064480749529324,51.44814836777035,51.856466072628656,11339000
2015-11-24,51.448158264160156,51.72550730152348,50.878054521927716,50.978206055171334,10910000
2015-11-25,51.50977325439453,51.71008212308479,51.2709472925816,51.56370188699035,7772000
2015-11-27,51.74860382080078,51.871872636434055,51.34028615513167,51.6176351125259,4052500
2015-11-30,51.3711051940918,52.01824886594151,51.3711051940918,51.83335151366743,15147500
2015-12-01,52.08759689331055,52.257088607503285,51.60993896038389,51.87958219760792,12708800
2015-12-02,51.35569381713867,52.29559201534007,51.21701934891548,52.25707492169931,13440900
2015-12-03,50.693145751953125,51.640749852235174,50.523654058496234,51.48666970060947,14626900
2015-12-04,52.30330276489258,52.388048607863055,50.87033508274916,50.92426372120485,17786000
2015-12-07,51.61763000488281,52.19543929598225,51.15538374755928,52.12610500238474,11686000
2015-12-08,50.81641387939453,51.5868264716433,50.616104959631,51.039834236480466,13084500
2015-12-09,50.43120193481445,51.29406605749091,50.107630092978646,50.54676498626466,16770200
2015-12-10,50.54676818847656,51.23243489199657,50.13845047489514,50.49283954475413,12839000
2015-12-11,49.360328674316406,50.20008135634819,48.92889661601493,49.92273238593227,17889300
2015-12-14,49.514404296875,49.89191061963023,48.998229379369334,49.483592972117386,17638200
2015-12-15,50.92426300048828,51.34799220934373,50.130739098250494,50.130739098250494,18126600
2015-12-16,52.025943756103516,52.18772964023057,50.777879542043465,51.548291872808285,21720000
2015-12-17,51.062931060791016,52.38804128068852,50.908850937548024,52.31100121906702,18122100
2015-12-18,49.61457061767578,50.824118115858425,49.61457061767578,50.824118115858425,23819600
2015-12-21,50.49283981323242,50.508245478185884,49.94584760177326,50.092221991065955,18869300
2015-12-22,50.600685119628906,50.84721684497821,50.06139880723355,50.78558244419589,12149500
2015-12-23,51.40961456298828,51.50206027576688,50.88573397205214,50.939662597099414,12524500
2015-12-24,51.30946350097656,51.53288379724402,51.093748974312824,51.32487504018398,4468200
2015-12-28,51.13998031616211,51.19390895677024,50.6238053449442,51.070646011572094,6610600
2015-12-29,51.67156219482422,51.848759642519,51.41732467856754,51.49436474712944,9820800
2015-12-30,51.301761627197266,51.656156522520256,51.19390435567478,51.64845075233137,7190700
2015-12-31,50.870338439941406,51.44814783771953,50.847227004475265,50.99360726613569,14654300
2016-01-04,49.34243392944336,49.683688307499516,48.86932931896674,49.598376931939235,25393200
2016-01-05,49.42775344848633,49.737983926914964,48.89260387613833,49.404486976220646,16566700
2016-01-06,48.71421432495117,48.9623998587317,48.34969052782136,48.64441195866259,22961500
2016-01-07,46.7442512512207,48.08600556767309,46.596891976675884,47.66719126072798,27630900
2016-01-08,45.69721221923828,47.51982859135536,45.64292180835789,47.411247769594574,22373300
2016-01-11,45.62740707397461,45.9298830276758,45.01469770393085,45.62740707397461,20925500
2016-01-12,45.72822189331055,46.19357193105853,45.06122224356165,46.10825760954117,22971600
2016-01-13,44.471797943115234,46.286656919324194,44.13829800177643,46.11602821670278,28808100
2016-01-14,45.1387939453125,46.05397933934179,44.43301567960572,45.107770009574644,31296300
2016-01-15,44.239112854003906,44.650169576189484,43.603137074597804,43.78152023627465,38131700
2016-01-19,44.21584701538086,44.960406611482206,43.82805673019258,44.7742659728056,22818900
2016-01-20,43.05248260498047,43.5721232034001,42.39324020491067,43.145554417554614,34646100
2016-01-21,42.85083770751953,43.835825644245446,42.70347842575015,43.23087358806963,31301100
2016-01-22,44.169315338134766,44.33218655250757,43.66518676952731,43.77376757910918,22732200
2016-01-25,43.168819427490234,44.09175934801109,43.122283522781245,43.80479533215257,21114400
2016-01-26,44.2701416015625,44.32443200630191,43.28515389491078,43.316174870043895,17535700
2016-01-27,44.239112854003906,45.193076523113064,43.866834565468984,44.270136784366365,20560000
2016-01-28,44.425262451171875,44.960415038544156,43.92113676110041,44.61140312473737,15497900
2016-01-29,46.14704895019531,46.17807288644561,44.603642145704924,44.85183067710194,26992200
2016-02-01,45.65067672729492,46.263386140054656,45.324931321564875,45.883350326470485,16807900
2016-02-02,44.231361389160156,44.96816356284014,44.0141997643891,44.8906066850234,22448200
2016-02-03,44.52608871459961,44.82856471996941,42.67245127975955,44.495064775944854,31543200
2016-02-04,45.29391098022461,45.38697982947972,44.25463279462545,44.25463279462545,21651300
2016-02-05,44.78978729248047,45.86784403705244,44.53384423067842,45.433520720451185,22001300
2016-02-08,43.85133361816406,44.14605215484242,43.075752915863056,43.96766894834586,28267600
2016-02-09,43.58763122558594,43.967664070734855,42.75776020287515,42.88185298313269,26300000
2016-02-10,43.06023406982422,44.52608088969229,43.02145563262342,43.87459308546147,22389600
2016-02-11,41.16006851196289,41.81155643412975,40.71798773891456,41.80380192872787,44334700
2016-02-12,44.5881233215332,44.6501682217712,42.78877387695527,43.16105511280225,37011400
2016-02-16,45.25513458251953,45.44902976574987,44.70447297221072,45.16206572297856,23730700
2016-02-17,45.58087158203125,45.953149909812296,45.28615012972765,45.64291649069218,21580100
2016-02-18,44.83631896972656,45.650678070097854,44.401992735512685,45.63516610188249,17037800
2016-02-19,44.84407424926758,45.11552630121253,44.27014620841097,44.59588867074492,15658200
2016-02-22,45.425758361816406,45.666189428033285,45.30942008105863,45.37922245779222,14882800
2016-02-23,43.52557373046875,45.05346815336245,43.40148097765434,44.906108933959274,31772500
2016-02-24,43.54109191894531,43.59538232115008,42.13729300678629,42.81204726176342,25560100
2016-02-25,44.21584701538086,44.231358981820996,43.46353587396706,43.533338243645154,14473300
2016-02-26,44.62691116333008,45.06899189567817,44.31667772091494,44.70446804463118,20947500
2016-02-29,43.665191650390625,44.68120340531394,43.65743714538448,44.52608667774164,19554100
2016-03-01,45.91436767578125,45.91436767578125,43.95214693550639,44.021949301106766,23958100
2016-03-02,46.34870147705078,46.457285260623465,45.7282375068062,45.91437817718237,20943100
2016-03-03,46.503807067871094,46.503807067871094,45.83680735018102,46.20908860174213,15790600
2016-03-04,46.573612213134766,46.961402494607334,46.170309965370684,46.612390649561014,18459000
2016-03-07,46.488319396972656,46.5736337717649,46.00746005376944,46.17808880335392,12832400
2016-03-08,45.588623046875,46.147041980620976,45.511066176568036,45.92212291468385,14132900
2016-03-09,45.85232925415039,46.17807468022125,45.511074817957336,45.87559868654471,13238800
2016-03-10,45.4567756652832,46.278889139519094,44.836311828518866,46.21684423514514,21139200
2016-03-11,46.02294921875,46.15479649000939,45.48779971291283,46.06172765390835,21055000
2016-03-14,45.85232925415039,45.99969147776087,45.4490269430465,45.87559868654471,13436100
2016-03-15,45.91436767578125,45.922122179245775,45.31717031644585,45.40248464758018,10910500
2016-03-16,45.69721221923828,46.340945603399405,45.34820328032302,45.74374812510955,17423900
2016-03-17,45.56536102294922,45.86008248435819,44.975921058736525,45.58087299024498,19405700
2016-03-18,46.9071159362793,47.28715174505542,46.271140059229694,46.573616030191666,29570200
2016-03-21,46.8916015625,47.17081104709289,46.50381126914435,46.70546387850817,12684400
2016-03-22,46.72097396850586,46.98467147573925,46.24011189386525,46.52707882961675,12042700
2016-03-23,46.488319396972656,46.93040028579934,46.42627446169148,46.79855294919782,11658700
2016-03-24,46.13154983520508,46.154816314572585,45.65844503069081,45.991945041787545,12921200
2016-03-28,46.06949234008789,46.3409443873667,45.89886364830954,46.17031569558835,11159700
2016-03-29,45.78251647949219,46.0151929989743,45.3947262251618,46.0151929989743,15933400
2016-03-30,46.30992126464844,46.713223569552994,46.05398118108919,46.11602609644079,13307100
2016-03-31,45.92987060546875,46.4805319598699,45.84455629111842,46.108253736108374,14904700
2016-04-01,46.43400573730469,46.581367932256406,45.41799713137832,45.77476346691574,15417500
2016-04-04,46.25430679321289,46.54339537240211,46.06678802423276,46.441822581683304,12305000
2016-04-05,45.59798812866211,45.965210710189574,45.480788544618676,45.77769197182193,12886600
2016-04-06,45.9495849609375,46.00427730661777,45.27764702199785,45.45735086930578,12167900
2016-04-07,44.78541564941406,45.65268429858307,44.59008497997995,45.51985789350294,19226800
2016-04-08,45.11357879638672,45.769890053247714,45.074510272833535,45.09013708615283,13547700
2016-04-11,45.472991943359375,46.00429173706024,45.24640759417601,45.24640759417601,17627800
2016-04-12,46.31681442260742,46.402760407103735,45.47298735225531,45.58237206688337,17779200
2016-04-13,48.27794647216797,48.56703513317498,47.17628121645471,47.254412320345075,37516800
2016-04-14,48.90298843383789,49.153011462063965,48.13729253733184,48.199796804133555,24249900
2016-04-15,48.34043502807617,49.145199442708545,48.012280921912954,49.129572630913685,19290700
2016-04-18,48.6529655456543,48.89517665891843,48.07478542839877,48.160731403444416,13813100
2016-04-19,49.47336196899414,49.598373504119756,48.87174302479274,48.87174302479274,19255600
2016-04-20,50.19217300415039,50.246865359531625,49.3405340473541,49.598369011221365,14594400
2016-04-21,49.69213104248047,50.52033729988558,49.488988417096444,50.20780697413007,15395800
2016-04-22,49.98121643066406,50.30155565304635,49.72337849685577,49.72337849685577,12444700
2016-04-25,49.69213104248047,49.965595822644055,49.340538151643116,49.69213104248047,10687200
2016-04-26,49.9499626159668,50.059347321829705,49.48117016783725,49.856204722442826,12048000
2016-04-27,50.090606689453125,50.50470683212827,49.692130380398524,49.89527598358598,15284100
2016-04-28,49.69213104248047,50.33281552782018,49.49680033401079,49.72338467115803,12852500
2016-04-29,49.37960433959961,49.69994658643671,48.98894291757827,49.2936583498733,16376400
2016-05-02,49.840579986572266,50.00465705220245,49.3327189961819,49.76244592162231,10247300
2016-05-03,48.87955856323242,49.153020368496186,48.28575152821661,49.14520845142157,19120300
2016-05-04,48.106040954589844,48.64515257322874,47.87164472824727,48.24667928649733,17030200
2016-05-05,47.84820556640625,48.44200953313003,47.707567235772515,48.12947924716402,14033900
2016-05-06,48.129486083984375,48.191993342260645,47.34035132156223,47.42629731143704,11057900
2016-05-09,47.82477569580078,48.356075525151006,47.69976414657193,47.94978724502963,11197100
2016-05-10,48.4732666015625,48.64515558859675,47.934151968995764,48.09041712308047,11897200
2016-05-11,48.293556213378906,48.91079886909303,48.293556213378906,48.418567723708165,11254000
2016-05-12,48.262306213378906,48.8795518959348,47.949775923841564,48.652967585045715,11071700
2016-05-13,47.81694793701172,48.754535735876544,47.67630961815652,48.207609271496274,15122300
2016-05-16,48.176361083984375,48.43419902447432,47.66068818351428,47.82476524718436,10951300
2016-05-17,48.176361083984375,48.56702246253777,47.777887789284215,47.996657207510985,12180900
2016-05-18,50.03591537475586,50.13748519795983,48.199804912969654,48.207619810453096,24007100
2016-05-19,49.52804183959961,50.17654106362916,49.145195413794866,49.637426532686675,16076200
2016-05-20,49.621803283691406,50.153105937765,49.51241858275344,49.895268016545884,11862000
2016-05-23,49.582733154296875,49.90307531188936,49.34833696248688,49.57492123945723,9347500
2016-05-24,50.42657470703125,50.60627561456961,49.856209415266555,49.95777923426562,13839400
2016-05-25,51.192256927490234,51.72355656297356,50.723464534068164,50.73909432509283,18935200
2016-05-26,50.809425354003906,51.23915531751822,50.715670424524745,51.23134041972148,9428400
2016-05-27,51.12194061279297,51.14537933824793,50.8250401553323,50.950048678098334,10116000
2016-05-31,50.996925354003906,51.42665518420985,50.75471724662524,51.356339008913565,15139400
2016-06-01,51.325096130371094,51.50479703441729,50.20780429901406,50.59846569513862,14031000
2016-06-02,51.418853759765625,51.418853759765625,50.910998686859514,51.19226942275175,10637600
2016-06-03,50.50468826293945,50.676580174665816,49.653046579263574,50.199972950703774,20261700
2016-06-06,51.00474548339844,51.379783006520135,50.4734458029039,50.50469942658231,13193500
2016-06-07,50.832855224609375,51.36415492277736,50.81723139276005,51.13757061433607,9924100
2016-06-08,50.98131561279297,51.16102248990919,50.72347764341674,50.731292540948814,9428000
2016-06-09,50.59065628051758,50.70785590425956,50.215618676747354,50.621909910916806,10817800
2016-06-10,49.879638671875,50.059342525791415,49.67649609195061,49.94995783040833,16678400
2016-06-13,49.43429183959961,50.2703039815732,49.426476942841916,49.598368905393215,14314900
2016-06-14,48.5045166015625,49.59055472145246,48.1919863167625,48.9733090482528,19509300
2016-06-15,48.418582916259766,49.20771776397865,48.371702467485306,48.762363932407816,16982100
2016-06-16,48.61390686035156,48.67641113614574,47.58256097541248,48.01228793071876,16791200
2016-06-17,48.6607780456543,48.99674705368,48.38731628587042,48.67640485771475,15751500
2016-06-20,48.731109619140625,49.88746718149624,48.70767088533605,49.57493980223036,12213200
2016-06-21,49.184268951416016,49.22333449380119,48.55139643494075,49.012376988309434,11611600
2016-06-22,48.99674987792969,49.77807264293131,48.97331114874278,49.184268652954394,12643500
2016-06-23,50.043731689453125,50.121862783439596,49.637440463090876,49.7702668994801,16583600
2016-06-24,46.56685256958008,48.20763276224479,46.36370988808434,47.25441768785417,44108700
2016-06-27,45.011993408203125,45.90270065466323,44.574451699192444,45.87144703676767,37300700
2016-06-28,46.50433349609375,46.527772226372115,45.519865097263136,46.24649554099194,29088700
2016-06-29,47.81694793701172,47.82475985227725,46.87936013814689,47.160636775857284,21483000
2016-06-30,48.5513916015625,48.59045714005863,47.67631102110908,48.15291834008669,21343600
2016-07-01,48.23643493652344,48.826988759468556,48.157695628282255,48.55139817691233,14217800
2016-07-05,46.88997268676758,47.71674743366388,46.53563979418,47.59863847194273,23357700
2016-07-06,47.3939094543457,47.472651762530134,46.26791997885976,46.46477124375294,20429800
2016-07-07,47.70099639892578,48.14194127707853,47.37028473659952,47.653751017532976,13771400
2016-07-08,48.68525314331055,48.95296796278011,48.2915506388505,48.2915506388505,16998800
2016-07-11,49.031707763671875,49.56714338270967,48.92934427669688,49.149816706755416,13151400
2016-07-12,49.764007568359375,50.04747391142712,49.51991088322607,49.63014712692745,16588100
2016-07-13,49.73249816894531,49.9450978729318,49.3230472209393,49.6695073327891,18526900
2016-07-14,50.48841094970703,51.16557973280948,50.43329283979978,50.97659820676455,28985900
2016-07-15,50.535648345947266,51.02384156230448,50.086827778824095,50.98446891307043,17607100
2016-07-18,50.362430572509766,50.70889074643489,50.31518818785609,50.49628800064473,10824400
2016-07-19,50.283687591552734,50.47266312379648,49.96872436619725,50.08683632663354,9737400
2016-07-20,50.33880615234375,50.575030075313535,50.165576076489096,50.480539304640835,10411100
2016-07-21,50.14983367919922,50.5356635301569,50.10259129186193,50.39393036072039,9808700
2016-07-22,50.4254264831543,50.464793136165426,50.07896629507895,50.315190242843876,8195700
2016-07-25,50.29154968261719,50.527770549811315,50.1419438342602,50.37816470145433,8168300
2016-07-26,50.49628829956055,50.598654810148545,50.16557959017853,50.37817933351504,8067800
2016-07-27,50.65376281738281,50.9372290852488,50.44116011277176,50.456911576221614,11806800
2016-07-28,50.47266387939453,50.54353345968679,50.17345211491061,50.39392457373286,10013400
2016-07-29,50.37030792236328,50.622277327643545,50.197077829841014,50.23644748622001,13210400
2016-08-01,50.23644256591797,50.638017827591874,50.08683668484572,50.512036141002994,11422600
2016-08-02,50.11833190917969,50.40179820367413,49.905732188308846,50.07108652552666,13550000
2016-08-03,50.913604736328125,50.9214744601413,50.11832408933647,50.14981800314605,13122300
2016-08-04,50.83486557006836,51.03959255493559,50.606517396067126,50.77974745961451,9873000
2016-08-05,52.2049560546875,52.26007416666235,51.23644522150234,51.29156333347719,20752700
2016-08-08,52.0474739074707,52.354561404070324,51.84274690726298,52.02385271656672,11359200
2016-08-09,51.86637496948242,52.18920792958719,51.72464181427388,52.110468622787785,10097000
2016-08-10,51.40180587768555,52.02385665070132,51.30732110692452,51.90574467982565,11556100
2016-08-11,51.54353713989258,51.724642956211156,51.197076973417474,51.393928248473934,9604500
2016-08-12,51.43329620361328,51.45691739327237,51.071090611518834,51.157705645217895,7685400
2016-08-15,51.74826431274414,51.83487935463861,51.54353730395501,51.62227661274339,8371600
2016-08-16,51.74038314819336,51.937234403211946,51.37030182757066,51.46479259265206,10128900
2016-08-17,51.88211441040039,51.95298398349697,51.60652386485443,51.81125084472714,11868100
2016-08-18,51.92936706542969,51.96086399221504,51.598658345320324,51.669527932443486,9313600
2016-08-19,51.85849380493164,51.897866457919484,51.354555085289014,51.74825758547378,9084900
2016-08-22,51.811256408691406,51.87424424913517,51.504168909616155,51.771883751918075,9055600
2016-08-23,51.787620544433594,52.23644112239711,51.77975082033497,52.02384443069775,8949600
2016-08-24,51.92936706542969,52.14984555292712,51.787633898607886,51.96086399221504,10167200
2016-08-25,52.02384948730469,52.078967598467294,51.80337704265428,51.89786780782884,9978700
2016-08-26,52.1419563293457,52.661640468291324,51.85061433752486,52.22857135374047,14038600
2016-08-29,52.716758728027344,52.83487067140364,52.33093198659288,52.35455317378354,14583100
2016-08-30,53.149845123291016,53.22858443309993,52.716769908205606,52.716769908205606,13791200
2016-08-31,53.149845123291016,53.36244186051751,52.64590633160486,53.1183481978826,14952300
2016-09-01,52.9214973449707,53.32307563787512,52.48055240055758,53.260081786552014,12226500
2016-09-02,53.1419792175293,53.212848814660084,52.74040686101455,53.071115627823886,13720700
2016-09-06,53.10260009765625,53.18921513636524,52.527791750535094,53.14984247970698,16649400
2016-09-07,52.88212966918945,53.22070809678854,52.724645043932,52.88212966918945,10070400
2016-09-08,52.9530029296875,53.2915874266353,52.756151617681226,52.929381733434795,12253000
2016-09-09,52.480560302734375,53.094735427052335,52.47268456827703,52.779772130436015,19686900
2016-09-12,52.80337905883789,52.992360590199745,51.77975613070067,52.07896787755489,16453000
2016-09-13,52.38605499267578,52.64590009092481,51.826998149651935,52.055346326226214,18876100
2016-09-14,52.283695220947266,52.95298829531409,52.13408634279312,52.18132872224237,12648600
2016-09-15,52.47267150878906,52.70101969181858,52.039596332797956,52.19708094562368,12531300
2016-09-16,51.826995849609375,52.173455965232456,51.52778411811335,52.03959255219963,25161500
2016-09-19,52.118350982666016,52.47268091202924,51.85063009659786,52.086854054456545,13466900
2016-09-20,52.330936431884766,52.63802390629514,52.1577063678741,52.559284606496696,10092200
2016-09-21,52.63014602661133,52.858494191905926,52.21282234802657,52.63014602661133,14116800
2016-09-22,53.063228607177734,53.08684979872223,52.630153404114985,52.74826536926156,12781700
2016-09-23,52.9530029296875,53.46481754238887,52.897884802622755,53.06323918381699,13967400
2016-09-26,51.795501708984375,52.5986582005903,51.60652618460447,52.44117359075403,16408100
2016-09-27,52.25220489501953,52.291577554479964,51.26794848275262,51.50417242466644,13711400
2016-09-28,52.52779006958008,52.575032450119,51.960857473417924,52.42542957593782,11278000
2016-09-29,51.69313430786133,52.921484063261325,51.45691042839696,52.51990587114101,18727200
2016-09-30,52.43330383300781,52.803385199013064,52.031731548870624,52.031731548870624,21680100
2016-10-03,52.37031936645508,52.69315236123195,52.17346807460281,52.24433165610578,14901700
2016-10-04,52.822383880615234,53.28240009793294,52.425819427981345,52.51306409164827,17226900
2016-10-05,53.6869010925293,53.98828791811469,52.98101680413933,53.05239550581992,16280000
2016-10-06,53.82966995239258,53.90898164592205,53.179304383699964,53.71863237123245,17485000
2016-10-07,54.02002716064453,54.07554595937827,53.456906187460795,53.76622607341953,18497000
2016-10-10,54.44038009643555,54.773492861011675,54.115200317043055,54.20243894968418,13027500
2016-10-11,54.17864990234375,54.58314746018039,53.87726300595095,54.32934637608773,15657100
2016-10-12,54.03587341308594,54.40071200549397,53.97242769564945,54.13898404972092,11899800
2016-10-13,53.72654724121094,53.82965786563199,52.9968701428285,53.5044721287548,17890000
2016-10-14,53.552059173583984,54.749685473524806,53.37757590336337,54.56726922021908,24163800
2016-10-17,53.27446746826172,53.766209571186,52.93342179468865,53.472749695895054,14963400
2016-10-18,53.69483184814453,54.09932933974745,53.56793435242438,53.81380241050941,11870300
2016-10-19,54.21037292480469,54.32934350035289,53.78208248348804,53.78208248348804,12705800
2016-10-20,54.139007568359375,54.472120421210555,53.88520643507805,53.99624405269511,14122000
2016-10-21,54.3214111328125,54.35313702339249,53.69483840882122,53.78208309514247,12175700
2016-10-24,54.62278747558594,54.7655509142827,54.329327615183416,54.70209915239679,10197100
2016-10-25,54.56727981567383,54.67038441142786,54.23416102344101,54.63072553939477,9945100
2016-10-26,54.8289909362793,54.924168569232975,54.226217414183296,54.226217414183296,9801300
2016-10-27,54.90831756591797,55.33660185597607,54.80520693404662,55.114526727473816,14210700
2016-10-28,54.813140869140625,55.162119534899084,54.3055388377248,55.146253567677235,12766500
2016-10-31,54.93212127685547,55.185922338109634,54.90832837284643,55.066951766969794,14336300
2016-11-01,54.702117919921875,55.34455058892034,54.1945157528696,55.10661547685561,15564500
2016-11-02,54.47209548950195,54.60692595616885,53.940700555395786,54.448302589630565,12449800
2016-11-03,54.23416519165039,54.87660387161472,54.107267683361414,54.614869818706836,10369700
2016-11-04,53.742431640625,54.3769313151193,53.647253966458074,54.321412517962365,13571300
2016-11-07,55.423851013183594,55.495235768041525,54.72589968830625,54.789351459047985,16515100
2016-11-08,55.542816162109375,55.95524658067662,54.916243602008095,55.281082171606315,17531700
2016-11-09,58.09671401977539,58.81053151146615,56.565974418575706,56.67701202271698,50948400
2016-11-10,60.793331146240234,61.26920727407263,58.866027685089755,58.866027685089755,56192300
2016-11-11,60.82506561279297,60.848858514878614,60.09538232596656,60.51574578349137,27574300
2016-11-14,63.061683654785156,63.79929381033972,61.26921055775372,61.26921055775372,46130700
2016-11-15,62.942710876464844,62.982369742461906,61.689565744515484,62.15751494868866,28126300
2016-11-16,61.38819122314453,62.14166141914441,60.97576071816565,62.038556818446985,26054900
2016-11-17,61.87992477416992,62.22890348663042,61.546812031054536,61.80854606539991,19306700
2016-11-18,61.63406753540039,62.19718852417935,61.50717001382118,61.832349829382935,19770000
2016-11-21,61.903709411621094,61.998881001303964,61.300929788893555,61.86405054852461,11983500
2016-11-22,62.28440475463867,62.308197650868344,61.673698230737585,62.14164132616804,14410100
2016-11-23,62.54616165161133,62.847548532862874,61.776825452235315,62.554094636961196,13373700
2016-11-25,62.52235412597656,63.01409018296981,62.236827231099575,62.73649627158758,6185700
2016-11-28,62.117881774902344,62.554105276920374,61.87994058269326,62.00684416549701,13007200
2016-11-29,62.5937385559082,62.784093870652804,62.173381158595014,62.173381158595014,14144100
2016-11-30,63.58516311645508,63.870690097296325,63.21239144418482,63.38688082704284,25351900
2016-12-01,64.87002563476562,65.25865717441481,63.965859003119675,63.965859003119675,23823600
2016-12-02,64.71932220458984,64.90174452865696,64.16413435063562,64.87795162792946,16931500
2016-12-05,66.03591918945312,66.05971209018101,65.26658312675143,65.27451611069198,18529800
2016-12-06,66.376953125,66.47212471104888,65.37760911383779,66.30556838437063,16130000
2016-12-07,66.6783676147461,66.69422753531565,65.71074908043212,66.26594311789017,18996900
2016-12-08,67.51114654541016,67.81253340436892,66.57525402948151,66.80526217885574,20844900
2016-12-09,67.80460357666016,67.81253656179261,66.7338805253771,67.4318319396658,14567200
2016-12-12,67.20182800292969,68.04254287126344,66.85284927972948,67.70149713297992,14511300
2016-12-13,67.2256088256836,67.94735299494269,66.48006570595128,67.40009815592677,16669000
2016-12-14,67.20182800292969,68.3042769136636,66.43249184556261,66.52766346018483,22622600
2016-12-15,68.20909881591797,68.59773035905104,67.33665806453791,67.73322259253744,19438900
2016-12-16,67.36839294433594,68.43911610262147,67.32873406580505,68.43911610262147,23008500
2016-12-19,67.75701904296875,67.76495202825048,66.77354065635353,67.25734988992681,21685100
2016-12-20,68.62945556640625,68.63738855119398,67.85219248785295,68.04254176509741,14587300
2016-12-21,68.80393981933594,68.85152562234218,68.23288597888515,68.55013878481269,11400500
2016-12-22,68.91497039794922,69.13704552422669,68.37564249794963,68.55806480944518,13924200
2016-12-23,69.0418701171875,69.12118179346717,68.5263351447301,69.00221125350116,10759400
2016-12-27,69.10533142089844,69.1291303751362,68.80394456259172,69.04188569621424,6946400
2016-12-28,68.60565185546875,69.31153611301558,68.48668130677237,69.12911984929546,9455600
2016-12-29,68.12183380126953,68.74047331210947,67.44767551512582,68.66909462290148,14689000
2016-12-30,68.43910217285156,68.54220676451303,67.93943308097734,68.28840572642062,13617800
2017-01-03,69.18465423583984,69.60501169176051,68.19324285825532,69.27189287006003,20550700
2017-01-04,69.31224822998047,69.52757527585469,68.90551260491182,69.35212045388094,15266600
2017-01-05,68.67423248291016,69.47174998373636,67.99634382412302,69.23249229965823,14300800
2017-01-06,68.68219757080078,69.08095625275826,68.53864420191312,68.89752458184499,12893300
2017-01-09,68.73006439208984,69.20059683756124,68.20369987555284,68.3711839195973,12806600
2017-01-10,68.92945861816406,69.30429293007604,68.36322175203783,68.64235174455393,13989000
2017-01-11,69.44784545898438,69.44784545898438,68.5147511742386,68.92945771704424,14713100
2017-01-12,68.77790832519531,69.59935038656282,68.60245349954872,69.19262083755558,21337400
2017-01-13,69.144775390625,70.31712726844734,68.66626603436069,69.47176053622783,28296000
2017-01-17,66.6325912475586,67.96444404601475,66.41725810973885,67.73316323500413,30024600
2017-01-18,66.943603515625,67.17488426072364,66.21785985846296,66.69636901730627,21270100
2017-01-19,66.43321228027344,67.52580739562421,66.28965888236027,67.03932121850605,16555600
2017-01-20,66.72828674316406,66.85589246180687,66.42523228825074,66.53688424977541,18436800
2017-01-23,66.76018524169922,66.99146603315319,66.36142651531141,66.43320625004037,12179200
2017-01-24,67.56568145751953,67.78898537699403,66.6405582658961,66.92766504367059,15175300
2017-01-25,68.61044311523438,68.72209510054108,67.92457744287786,68.45891281321377,17551000
2017-01-26,69.18464660644531,69.34414768064131,68.54663014050938,68.54663014050938,15962800
2017-01-27,69.32819366455078,69.36807197173948,68.80182921562178,69.11286662562782,12535400
2017-01-30,68.61044311523438,68.9852773878684,68.04420630844271,68.73804886105738,13661900
2017-01-31,67.493896484375,68.70612635972388,67.0632363511254,68.26748934866178,15655100
2017-02-01,67.74911499023438,68.66626141065373,67.5337879240165,68.21965351949001,15430900
2017-02-02,67.46199035644531,67.71720175206003,67.11906373388081,67.26261101705224,11081400
2017-02-03,69.52754974365234,69.6312247892123,68.48280415865166,68.7380094192844,17885200
2017-02-06,69.20060729980469,69.74291957251096,69.0730076333558,69.21656106097149,11828400
2017-02-07,69.16071319580078,69.70302529701523,68.96931071436485,69.49566905945746,9392800
2017-02-08,68.55461120605469,68.83374114523146,68.08407874923904,68.73006604913046,13970900
2017-02-09,69.54351806640625,69.64719922733516,68.55459814829494,68.55459814829494,13749100
2017-02-10,69.38401794433594,69.76682899641435,69.29629053832996,69.76682899641435,10992500
2017-02-13,70.30115509033203,70.77168740269506,69.72694162912161,69.73491850624245,18739100
2017-02-14,71.42564392089844,71.53729585063002,70.2692463267183,70.42077655331424,17932100
2017-02-15,72.24713134765625,72.47044143270647,71.25821102360166,71.8404016687574,17381800
2017-02-16,72.19927978515625,72.60601553486612,71.59316460111883,72.09560466975381,17672700
2017-02-17,71.95999908447266,72.15140156052946,71.5293389499136,71.63301402349123,15776600
2017-02-21,72.58206939697266,72.69372136023475,72.14343233803186,72.18331064687216,14068300
2017-02-22,72.62193298339844,72.81334154157452,72.11152233074542,72.19127285436464,11839000
2017-02-23,72.67778778076172,72.84526577215259,72.19130148380748,72.71766610067365,11067000
2017-02-24,72.03974151611328,72.20721942442026,71.56123233743986,71.92011270030135,15062300
2017-02-27,72.11951446533203,72.35877217137954,71.7925293393722,72.0317870454197,12361000
2017-02-28,72.27104187011719,72.43054294473895,71.44959369054479,71.65694995521386,15183500
2017-03-01,74.64764404296875,74.95070461657143,73.85810334486287,74.00165675220723,24451400
2017-03-02,73.4832763671875,74.90285682191696,73.3955489382254,74.86298458984672,16862500
2017-03-03,74.00963592529297,74.25686443493491,73.48327138719235,73.48327138719235,12817500
2017-03-06,73.30779266357422,73.62680081749465,72.65382868609585,73.57097484690166,15059200
2017-03-07,72.90106964111328,73.4433756407478,72.74156250777226,73.08449523873672,11156800
2017-03-08,72.74156188964844,74.04948994905575,72.65383448820008,73.91391345029919,17378400
2017-03-09,73.02867889404297,73.48326363600812,72.69372299671618,73.05260344605549,13726200
2017-03-10,72.79741668701172,73.37163042035557,72.19927839554143,73.33175210042661,13729900
2017-03-13,72.86119842529297,73.19615431103446,72.5182656609646,72.8213201169342,10004300
2017-03-14,72.98081970214844,73.09247165249079,72.39065243939604,72.59003179137524,10237700
2017-03-15,73.15625,73.81021381204809,72.67773484787996,73.21207595647095,16601400
2017-03-16,73.08450317382812,74.01759718802685,73.02867719224125,73.39553451189437,14492000
2017-03-17,72.31889343261719,73.40351781370792,72.29496887906869,73.23603985429223,21734700
2017-03-20,71.80050659179688,72.70967614417856,71.60910407671028,71.99190910688348,14623600
2017-03-21,69.69503784179688,72.28696912189562,69.43185566690441,72.06366524668053,33089200
2017-03-22,69.80671691894531,70.2373771676817,68.59449280309875,69.2963061244229,21741000
2017-03-23,69.69503784179688,70.58028255038116,69.45578021288114,69.55148448136228,16090100
2017-03-24,69.61531829833984,70.25332878500404,69.20060570166,70.01407713422134,16093200
2017-03-27,69.5754165649414,69.70302227007404,67.97241096509336,68.21166253535468,16689300
2017-03-28,70.66004180908203,70.99499766335421,69.36806748986788,69.3999628320676,16264400
2017-03-29,70.39685821533203,70.835495219128,70.2453340468547,70.66004041760961,10207600
2017-03-30,71.00299835205078,71.34593119916296,70.27726042441813,70.34105721478684,11631000
2017-03-31,70.0539321899414,70.77169913544807,69.98215853767847,70.74777458469376,16987600
2017-04-03,69.79872131347656,70.31710884887818,69.06500675376275,70.17355547114504,19831800
2017-04-04,70.03135681152344,70.32011333312312,69.5581206963972,69.69447624283649,14280800
2017-04-05,69.13299560546875,71.0179292356159,69.08486544790993,70.92167504003515,17635500
2017-04-06,69.36559295654297,69.71049611313634,68.37900751620606,68.9645430590872,14379600
2017-04-07,69.1249771118164,69.63029790050071,68.7479891388693,68.92445211510304,13097100
2017-04-10,68.88433074951172,69.53403576887214,68.49932626055504,69.04475438619035,15081600
2017-04-11,68.76402282714844,68.81214685989269,68.01806972193151,68.61162189741003,14690500
2017-04-12,68.49932098388672,68.94047218181397,68.20254186854488,68.92443287914966,14730600
2017-04-13,67.69723510742188,69.77467098234638,67.69723510742188,68.57954380379729,30529800
2017-04-17,68.86829376220703,69.04475670872138,67.67316669654556,67.72931344138775,19071700
2017-04-18,68.30683135986328,68.68381317763199,67.9699447463869,68.46724889425266,14127000
2017-04-19,67.74535369873047,68.9164187644369,67.66514493633288,68.57953829064525,17588500
2017-04-20,68.61964416503906,68.80412370238825,67.81754432030236,68.16244749832059,15635800
2017-04-21,67.7934799194336,68.72391872796533,67.78546332661061,68.57954050317718,19820600
2017-04-24,70.1837158203125,70.6248730532825,69.31744677349926,69.42172363922,25468300
2017-04-25,70.79334259033203,71.49116562332841,70.79334259033203,71.02595230784313,18253800
2017-04-26,70.92969512939453,71.42699927552917,70.69708542166399,70.86552566804748,12832200
2017-04-27,70.27194213867188,70.88153951077993,69.79068363207455,70.88153951077993,13329000
2017-04-28,69.7826919555664,70.46447565306404,69.74258451237499,70.26395067618023,10755600
2017-05-01,69.83081817626953,70.37624637523747,69.42976820995595,70.07145060387242,15712300
2017-05-02,69.38163757324219,69.6864333156176,68.99662694960396,69.55007780872883,14414200
2017-05-03,69.7826919555664,69.8629007224126,68.99663135358574,69.02871608423155,11540500
2017-05-04,69.86289978027344,70.36822663170949,69.43778781413849,70.33614190149636,11540100
2017-05-05,69.7826919555664,70.0554029867508,69.31747254050717,69.98321693245022,9436000
2017-05-08,69.86289978027344,70.03936273667736,69.50195727456475,69.81477574472203,8162200
2017-05-09,69.5821533203125,70.45643911053365,69.38162838278998,69.99122590632835,10273900
2017-05-10,70.12759399414062,70.16770143666493,69.35757883005901,69.40570286545893,8334900
2017-05-11,69.91104125976562,70.16771302351056,69.26133607689755,69.85488838314441,10907400
2017-05-12,69.71853637695312,69.82281330220027,69.25331686925722,69.52603407428298,8738800
2017-05-15,70.0553970336914,70.17571323350498,69.67039253773133,69.86289478571136,8835600
2017-05-16,70.27194213867188,70.65694649613617,70.05537183300603,70.07141725096183,9795000
2017-05-17,67.59297943115234,70.27199721273485,67.35235304903524,70.27199721273485,24679700
2017-05-18,67.34430694580078,68.01807404472163,66.86304822916395,67.43253842446347,23350100
2017-05-19,68.00202941894531,68.45120341048032,67.49670867846842,67.5448327148367,13412900
2017-05-22,67.93785095214844,68.41109301867519,67.54482376165176,68.32286155067081,11636000
2017-05-23,68.78809356689453,69.03674259365391,67.7854686273332,67.97797090225862,11753000
2017-05-24,68.74797821044922,68.9565258873501,68.37099029742944,68.88433371784983,9833800
2017-05-25,68.45923614501953,69.04477185787754,68.24267183012209,68.97257967322001,12238500
2017-05-26,68.46725463867188,68.62767218652033,68.19453746388487,68.2667296440927,8113500
2017-05-30,67.29618072509766,68.29880556867916,67.19992653708073,68.28276014424148,12603200
2017-05-31,65.89250183105469,67.23200706977853,65.48342920693767,67.159821022924,28327900
2017-06-01,66.62240600585938,66.6384514284565,65.49144849418943,66.14114736005224,17123500
2017-06-02,66.28553771972656,66.56627147129416,65.7561549481329,66.00480396815895,14998500
2017-06-05,66.40583801269531,66.98335080291425,66.23739780213735,66.28552182814381,9080200
2017-06-06,66.54220581054688,66.7507534943844,65.87646143645479,66.0048003555968,12196800
2017-06-07,67.30422973632812,67.46464732616951,66.65452442253134,66.82296472772641,13711100
2017-06-08,68.13838958740234,68.76403270059124,67.28816558264856,67.30421100889133,17951000
2017-06-09,69.75061798095703,69.8228101659268,68.49132117671573,68.58757538349623,19120200
2017-06-12,69.76664733886719,70.37623881612105,69.69445517052574,69.75060191499745,16053400
2017-06-13,69.99922943115234,70.46444866805157,69.76662593223703,70.22382245966303,12557200
2017-06-14,69.85488891601562,70.03135190234966,68.83622456700222,69.59821715031273,16175700
2017-06-15,69.43778228759766,69.8468549158363,69.17308787405875,69.18111058585765,12509700
2017-06-16,69.1249771118164,69.75061412243618,68.99663817654196,69.66238263431931,16936600
2017-06-19,70.64092254638672,70.76926143978257,69.66235990261676,69.75861407266365,15972300
2017-06-20,70.19979095458984,70.52063218602562,70.07948084739674,70.38427665151511,11197800
2017-06-21,69.87895965576172,70.22386292745638,69.59020314366676,70.16771616785668,10005900
2017-06-22,69.79872131347656,70.07143842533023,69.50194830648776,69.72653526946387,12180600
2017-06-23,69.67040252685547,70.58479598528368,69.46987753826092,70.31208493817284,18812000
2017-06-26,69.97518920898438,70.32009238930749,69.47789121842746,69.79070967040236,10082400
2017-06-27,70.62490844726562,71.33877696780498,70.18375099320762,70.35219126124683,15415200
2017-06-28,72.04462432861328,72.24514933577592,71.06606131453357,71.06606131453357,17466200
2017-06-29,73.11141967773438,74.3145697345719,72.43765246374579,74.06591456153988,27697800
2017-06-30,73.31192016601562,73.79317880387289,73.11941793477985,73.76109407874434,16892700
2017-07-03,74.80396270751953,75.39271897585834,73.72323994646527,73.84421178300406,13208100
2017-07-05,75.55404663085938,75.64276344572755,74.69107901157673,75.10240186658388,17535400
2017-07-06,75.31208801269531,76.22345050672276,74.90883201447382,75.44113288566133,16596100
2017-07-07,75.691162109375,75.9492457446408,75.19112852722209,75.77987893586005,12817800
2017-07-10,75.1588363647461,75.55402542255608,75.078180262453,75.40885305290391,13987200
2017-07-11,74.86848449707031,75.27174035735418,74.4249005894796,75.27174035735418,13262300
2017-07-12,74.61041259765625,74.86849614225287,74.255545416387,74.69106255161824,13540100
2017-07-13,75.08624267578125,75.31206498121395,74.47329202303794,74.75557605802516,12820100
2017-07-14,74.40071105957031,74.69105579010728,73.05383787542168,73.23933213742242,22235200
2017-07-17,73.70709991455078,74.1910056785947,73.59418877471371,74.05390017353479,14374200
2017-07-18,73.44903564453125,73.86035842050912,72.84415174293913,72.94899607073076,14719400
2017-07-19,73.55388641357422,73.89262610455978,73.39258648696988,73.66679759283682,11651200
2017-07-20,73.55388641357422,73.97327606786195,73.31193652366771,73.51356450852202,11561700
2017-07-21,73.30386352539062,73.68292508959516,73.00545191771536,73.4409690668101,10971300
2017-07-24,73.61840057373047,73.82809537731302,73.31999512772151,73.36031702824313,10725100
2017-07-25,74.84428405761719,75.42496728062861,74.4168277117124,74.49748379978219,16447700
2017-07-26,74.14265441894531,75.15886134425311,73.94102640259369,75.08627205870319,11815500
2017-07-27,73.836181640625,74.24749836140293,73.52164242911306,74.06200403317729,12332400
2017-07-28,73.61840057373047,73.99746212717686,73.31999512772151,73.75550611125875,9351900
2017-07-31,74.03781127929688,74.48945607430473,73.79585519442905,73.803922038111,11520300
2017-08-01,75.0298080444336,75.11852485393317,74.42492406322636,74.59429083958062,12523700
2017-08-02,75.09432220458984,75.17497216255775,74.61041630358503,74.9007610748274,10165600
2017-08-03,74.60235595703125,75.1104562743441,74.39266112549986,74.76365588701053,11078800
2017-08-04,75.53792572021484,76.13474294721603,75.38468645324468,75.4088808315665,14324000
2017-08-07,75.8282470703125,75.96535877144177,75.5782303472373,75.72340273716428,7978300
2017-08-08,75.55404663085938,76.79607588581541,75.4895241921919,75.77180216986407,13745400
2017-08-09,75.43304443359375,75.55402242904343,74.86848865909052,74.9894666545402,11214400
2017-08-10,74.35233306884766,75.06206131652169,74.25554942694772,74.9249557720615,13252300
2017-08-11,73.73130798339844,74.7394477430266,73.58613561188412,74.30393062848363,10679500
2017-08-14,74.59429931640625,74.92497221724528,74.46526058541451,74.49752180646213,10994800
2017-08-15,74.78784942626953,75.45724961101347,74.72332699902758,75.25562164078036,8812700
2017-08-16,74.27167510986328,75.1911043020489,74.10230835564936,75.03786507781842,11085400
2017-08-17,73.11032104492188,74.16684989726294,72.98934300267547,74.00554994306695,13837500
2017-08-18,73.18287658691406,73.82808846683767,72.73929880351353,72.83607627826451,13040700
2017-08-21,73.09416961669922,73.34419248417777,72.71511420102033,73.27160321516872,11502100
2017-08-22,73.84422302246094,73.96520103060934,73.39257835545047,73.44903393882677,9211800
2017-08-23,73.93294525146484,74.47330675394817,73.26353888995398,73.2877394159198,8811300
2017-08-24,73.81198120117188,74.29589336089374,73.7232705353015,74.1426541001019,8623200
2017-08-25,74.1103744506836,74.58621964856503,74.03779133669333,74.1023076091745,11794600
2017-08-28,73.8764877319336,74.35233294565647,73.4974261599503,74.32813857352093,7292900
2017-08-29,73.47323608398438,73.64260285203392,72.83609091663739,72.94900209533708,10886100
2017-08-30,73.64260864257812,74.10232023577352,73.54583114076746,73.5942198916728,9165300
2017-08-31,73.30386352539062,74.07811418382663,73.23128041047346,74.04585297057547,13217400
2017-09-01,73.95714569091797,74.48944654827474,73.3522617093024,73.59421776322785,9815800
2017-09-05,72.19087982177734,73.48129759413433,71.79568457180763,73.40870832555318,16897300
2017-09-06,72.67477416992188,73.00544078723729,72.29571266350942,72.58605738530635,11845700
2017-09-07,71.40049743652344,72.6909152443303,71.03756954323939,72.6747877137566,14592300
2017-09-08,71.3117904663086,72.11830247652208,71.16661805834224,71.22307365292924,14242200
2017-09-11,72.41670989990234,72.78770466451779,71.73923665128434,72.09410388404605,13219000
2017-09-12,73.30386352539062,73.59420829145378,72.6667184083741,72.7231739932643,14003800
2017-09-13,73.51356506347656,73.79584301376397,72.84415867193943,73.0780478745198,12485400
2017-09-14,73.36837005615234,73.82001463742226,73.18286965844739,73.55386430066137,10562800
2017-09-15,73.89263916015625,73.9652222939931,73.19903827745388,73.45712189753857,18171800
2017-09-18,74.94110870361328,75.11854236397198,74.0781409353955,74.14266338519857,11318700
2017-09-19,75.76372528076172,76.10245878154316,74.61847377547659,74.77171299624791,12626100
2017-09-20,76.29601287841797,76.8525079736063,75.578217889098,75.8927569898923,15311600
2017-09-21,76.64281463623047,76.91703184526926,75.96534768424635,76.18310316075649,10851500
2017-09-22,76.48151397705078,76.60249197532738,76.15890803271208,76.37666350705265,8358300
2017-09-25,75.90888977050781,76.52183428349228,75.3685222098659,76.22342886756988,10463400
2017-09-26,75.5701675415039,75.83631796278495,75.2798227461424,75.63468997451712,9358100
2017-09-27,76.76382446289062,77.1993417496781,76.27991841752649,76.59445765467314,15090200
2017-09-28,76.92509460449219,77.32835051149388,76.54603922059593,77.09446134704928,10270400
2017-09-29,77.02993774414062,77.03799843121146,76.6347425626048,76.86057101770938,11438400
2017-10-02,78.10260772705078,78.13486894072591,76.98962354464702,77.23964025913256,13797200
2017-10-03,78.5139389038086,78.57846133805691,78.04616048530528,78.09455538759052,9633500
2017-10-04,77.71548461914062,78.5865189192479,77.65096219249624,78.47360774921887,12166600
2017-10-05,78.76197052001953,79.01345492004373,77.51268727376932,77.87773668883165,14236200
2017-10-06,78.6240463256836,79.20813021343226,78.25899699042321,79.13512282204621,10231900
2017-10-09,78.2103500366211,78.745756309629,77.99131541512514,78.65652089926651,7765100
2017-10-10,78.7944107055664,78.8349744974757,78.07241977157413,78.25089055330987,10631500
2017-10-11,78.55917358398438,78.69708679677989,77.99131749306359,78.5510657749478,14283600
2017-10-12,77.86961364746094,79.09456713815673,77.5694638665668,78.9323243478986,18251600
2017-10-13,77.7641372680664,78.45367824030025,77.03403251369235,77.45587356695923,13190600
2017-10-16,79.37039184570312,79.45962724915427,78.15355218682379,78.15355218682379,12434000
2017-10-17,79.19192504882812,79.64620986177582,78.9485546480825,79.55697446078017,10335700
2017-10-18,79.4920654296875,79.94635637789649,79.20002345911232,79.62186461179455,10158600
2017-10-19,79.58941650390625,79.66242390351529,78.7619621733424,78.84308975846238,9133900
2017-10-20,80.7251205444336,81.03338427099573,80.09236510144757,80.53853579601132,15326600
2017-10-23,80.58721923828125,81.11451758136808,80.50609784453688,80.72513241572886,9238600
2017-10-24,81.86898040771484,82.08801503804747,80.92796084570121,81.02530406881145,13000800
2017-10-25,81.95008850097656,82.29891610180405,81.27677529030922,82.13667329688413,14632700
2017-10-26,82.5341796875,83.08581393709062,82.19346605400288,82.21780185794313,13054400
2017-10-27,82.55848693847656,82.93165643372193,81.97440927841419,82.28267300365528,10400400
2017-10-30,82.2664566040039,82.68829152882635,81.82839368832381,82.03930805615249,8839500
2017-10-31,81.61749267578125,82.50172652514735,81.58504287546049,82.23402650354257,8690200
2017-11-01,81.86898040771484,82.50173611460058,81.71485157473454,82.0150014315475,8418200
2017-11-02,82.4124755859375,82.55849656527114,81.25242793627599,81.82839785776832,8731800
2017-11-03,82.2664566040039,82.36379979248942,81.71482250898065,82.01497225903111,7103500
2017-11-06,81.7553939819336,82.49361296210724,81.65805077692863,82.20967877639976,8121500
2017-11-07,80.10859680175781,81.73104939521113,79.70298365339448,81.57691441830012,18822600
2017-11-08,79.2081298828125,79.80032776352056,78.81063075665138,79.71920018787681,18524700
2017-11-09,79.20004272460938,79.67866958859852,78.53483722741295,78.78632165662779,13697800
2017-11-10,79.1026840209961,79.77599719538672,79.09457002443737,79.34604821526402,9314000
2017-11-13,79.38662719726562,79.54076221554084,78.38070805233906,78.4374936607825,9303100
2017-11-14,78.9079818725586,79.3217090310812,78.56726830161794,78.96476746771536,11043800
2017-11-15,79.65430450439453,80.10047521179513,77.83715331580504,78.19409483305742,15384100
2017-11-16,79.88145446777344,80.36007501227542,79.75165528943465,79.93012606506774,9808000
2017-11-17,79.6137466430664,79.83278120465127,79.15134791092267,79.35415448097106,9017900
2017-11-20,80.31951141357422,80.43308259155772,79.30547861788934,79.86522051247518,9483200
2017-11-21,80.25462341308594,80.75758598044193,80.23840160924615,80.7170221870936,13389400
2017-11-22,80.01937103271484,80.73324803154634,79.97880723733635,80.33574883133521,7342200
2017-11-24,79.759765625,80.23027834113692,79.71109402993935,80.1734927505111,3680000
2017-11-27,79.4433822631836,80.41685123057641,79.4433822631836,79.75164599205287,13076200
2017-11-28,82.22590637207031,82.50172037047103,79.47584943899902,79.67054203723283,16773000
2017-11-29,84.14850616455078,84.5460053154777,82.7126321588405,83.07768770448664,21105500
2017-11-30,84.78937530517578,86.52540538670164,84.39999012344663,84.96784609228742,23945900
2017-12-01,85.0084228515625,85.43837189200195,82.90734306804684,85.0976582587292,19683500
2017-12-04,86.76067352294922,87.93695568617362,86.61465250231333,87.39343540514949,23576600
2017-12-05,85.76283264160156,87.1338068647634,84.46487199292164,85.64926147166486,17193900
2017-12-06,85.12198638916016,85.79530578647774,84.79749459136657,85.62494898519853,15476200
2017-12-07,84.87049865722656,85.33289740568941,84.14850773750679,84.32697232654891,13371800
2017-12-08,85.93321228027344,85.94132627719097,84.64335909370155,84.97596488649143,13506900
2017-12-11,85.68172454833984,86.03865991384954,85.43024018519796,85.76284594099361,10591200
2017-12-12,86.67950439453125,87.10134541712021,85.61680022271553,86.72818216739228,15508800
2017-12-13,85.5925064086914,86.89046752021981,85.56817060490755,86.55786169739581,15020300
2017-12-14,84.90294647216797,86.35503608463083,84.88671848043724,86.08733611272818,13034200
2017-12-15,86.10356903076172,86.4118328326208,85.34101423927751,85.81964103047491,29350600
2017-12-18,86.76875305175781,87.31227311686582,86.3793679441921,86.95533779979137,12713100
2017-12-19,86.40372467041016,87.19872306795183,86.34693907058575,87.08515186830302,12149900
2017-12-20,86.10356903076172,87.39342221658787,86.0630052353638,87.28795882421974,13091500
2017-12-21,87.47454833984375,87.66924095209706,86.4442872971216,86.46862310000745,12323700
2017-12-22,87.16626739501953,87.9856077279803,86.64708303471083,87.77468714749058,14573400
2017-12-26,86.81744384765625,87.60433442093311,86.31448745669532,86.96346484258562,7403700
2017-12-27,86.97969055175781,87.0364761488965,86.53351358197823,86.53351358197823,9496500
2017-12-28,87.44209289550781,87.48265050131084,86.93102250039333,87.12571510007987,7440600
2017-12-29,86.75255584716797,87.83959628558156,86.75255584716797,87.68546128433893,8925700
2018-01-02,87.57189178466797,87.62867738794172,86.64709413754302,87.31229957124985,13578800
2018-01-03,87.66111755371094,88.00994513238737,87.19061097365449,87.49887475909367,11901000
2018-01-04,88.91690826416016,89.7242041968033,88.23192518388224,88.36240052161385,12953700
2018-01-05,88.34610748291016,89.3328103333049,87.88945614292494,89.09632839755317,14155000
2018-01-08,88.47657012939453,88.62335178491709,87.82420583342605,88.19116308293594,12466500
2018-01-09,88.92507934570312,89.39803697027283,88.46842180895618,88.65597858284632,13292300
2018-01-10,89.90361785888672,90.27056891260492,89.20232836925899,89.26756604769122,15834500
2018-01-11,90.38471984863281,90.4581137825656,89.74051807843657,90.24609446625675,13676800
2018-01-12,91.87701416015625,92.02379583102012,90.3847348766081,91.04525550619938,18884200
2018-01-16,91.55081939697266,92.4967469728613,90.57227920662498,90.93108017974231,22703300
2018-01-17,92.137939453125,92.39073385777183,90.76797955113307,91.2409433054722,14940300
2018-01-18,92.3581314086914,92.73323872893057,91.55082913332156,91.95040524911744,14572900
2018-01-19,92.15425872802734,93.23880547123348,91.98301450541585,92.91262955468214,18785500
2018-01-22,93.23064422607422,93.2795693633969,91.7383653236717,91.86884065174029,12475700
2018-01-23,93.1328125,93.48345726068561,92.43152297862878,92.69246748276171,12320800
2018-01-24,94.3233642578125,94.59246500484332,93.49976192985592,93.66284989819795,15904500
2018-01-25,94.34781646728516,94.73107999433724,93.84224008811562,94.62507344869994,13510000
2018-01-26,94.85340881347656,94.85340881347656,93.74439321668582,94.34782616095494,13883900
2018-01-29,94.75554656982422,95.69331787793642,94.60876491967268,94.60876491967268,11679900
2018-01-30,93.86670684814453,95.08172893085869,93.76070029777578,94.20919529217294,14279100
2018-01-31,94.3233642578125,95.13066649890494,93.90748807211818,94.30705794954117,13141400
2018-02-01,95.30192565917969,95.39977596694827,94.16844730386704,94.40492302857989,13800600
2018-02-02,93.18988800048828,95.34268157828508,93.03495007238537,94.99203683985718,16477300
2018-02-05,88.7212142944336,93.44267771992585,84.79073438791951,92.14611152631784,30097600
2018-02-06,91.42035675048828,91.72207633756379,86.93536915446414,87.1310759621148,33114800
2018-02-07,92.04009246826172,93.32850222179583,90.63751368251936,90.96369580826982,21878300
2018-02-08,87.97098541259766,92.2358033652702,87.93836657642842,92.2358033652702,27425800
2018-02-09,89.73237609863281,90.55598470272786,86.62550467898376,88.96584890939143,28188000
2018-02-12,91.11863708496094,91.92593933096343,89.75683325466021,90.65382952881129,18043300
2018-02-13,91.68128204345703,92.18686459724886,90.35209732838955,90.77612969310731,16358200
2018-02-14,93.80147552490234,93.99718233167715,91.76284480856035,91.84438879293259,15186900
2018-02-15,94.19290161132812,94.5843152508554,93.1409673453112,94.38045216569105,12130200
2018-02-16,93.51605987548828,94.64953795190391,93.36927822854346,93.41005332768628,13214300
2018-02-20,93.54053497314453,94.09504280014924,92.9371019977418,93.49160982474653,13461500
2018-02-21,93.93193817138672,95.77485561026576,93.50789955575684,93.77700026705199,14212500
2018-02-22,93.76070404052734,94.94310733461809,93.58130354704443,94.18473648033573,17070400
2018-02-23,95.66069793701172,95.7259356077491,94.02979349701748,94.02979349701748,12162500
2018-02-26,96.85126495361328,96.95727773214671,95.66886163134853,96.33753225482235,16511200
2018-02-27,95.70147705078125,97.307918986983,95.69332078624528,96.96543053335611,17563300
2018-02-28,94.18474578857422,96.62294655660463,94.05427042718017,96.0765949789343,17735600
2018-03-01,92.49677276611328,95.11437441556289,91.86072084287991,94.16845279730542,18690000
2018-03-02,92.40704345703125,92.60275024388856,90.61305109779161,91.64867265887676,18353700
2018-03-05,93.82594299316406,94.53538875917091,91.24096060311636,91.37143596204487,13933000
2018-03-06,93.9074935913086,94.44568889559417,93.222510396918,94.29890722689673,10674400
2018-03-07,93.55683898925781,93.85855233879752,92.2358041100675,92.75769305017572,13006500
2018-03-08,93.56500244140625,93.96457857891527,92.31736132073769,93.86672205559326,11173700
2018-03-09,96.25599670410156,96.28861554486146,94.3233723835802,95.04097443748235,15366600
2018-03-12,95.94611358642578,96.83495354213726,95.611775181605,96.22336436187113,12339300
2018-03-13,94.79632568359375,96.60663070497654,94.45383722587458,96.38645510972347,13312300
2018-03-14,93.73623657226562,95.07357780626039,93.4508295201461,95.0491152334226,12905100
2018-03-15,93.97270965576172,94.5924550688966,93.6383774893565,94.48644852274988,8748000
2018-03-16,94.13581848144531,95.08173994424384,94.05426827173909,94.05426827173909,19888900
2018-03-19,93.39376068115234,94.1439753823954,92.39075773134887,93.85856829185815,13214900
2018-03-20,93.48345184326172,94.14396622013807,93.32851391430263,93.67100861102311,9921200
2018-03-21,93.56500244140625,95.10620691063302,93.1328136841977,93.62208385799214,13633000
2018-03-22,89.65896606445312,92.63536781094913,89.32463390070559,92.30918568971279,22550400
2018-03-23,87.26153564453125,90.44995029145709,87.05767260859409,89.91990515373926,23081500
2018-03-26,89.95256042480469,90.64570000489877,88.59891255296603,89.03925763553774,20217500
2018-03-27,88.20747375488281,91.07786933347231,87.49803423592917,90.57228666801201,18039900
2018-03-28,88.06884765625,89.02292534605496,86.96798830482832,88.2971733028966,19189300
2018-03-29,89.67527770996094,90.33579198844592,87.88943543535318,88.47656200352047,13274600
2018-04-02,87.946533203125,90.29503991276773,86.5031853056634,89.66713812998947,18822500
2018-04-03,89.15340423583984,89.29202963803048,87.4654181709909,88.36241448471702,14050700
2018-04-04,90.50703430175781,90.68643477397916,87.2696882023262,87.33492586884418,15302600
2018-04-05,91.69544219970703,92.47405403360644,91.2938460976488,91.49054533598972,16627000
2018-04-06,89.4088134765625,91.42500459229038,88.36793991539669,90.60541694467848,18906000
2018-04-09,90.48245239257812,92.5969894362796,90.06446105767068,90.16281379910649,15974300
2018-04-10,92.2117919921875,92.50684399439619,91.31843835967885,91.90034473821365,13951400
2018-04-11,90.66278839111328,91.63809344579765,90.5808246234787,91.5151603002609,14503300
2018-04-12,92.91663360595703,93.7526100729856,91.3840027879558,91.43317603514684,16435500
2018-04-13,90.40049743652344,94.37549528327045,89.37601313308576,94.26894491382113,39152800
2018-04-16,90.32674407958984,91.35942615421533,89.9825188057003,90.92504574864658,16580500
2018-04-17,90.32674407958984,91.72823805438887,90.14643381623145,91.27746864894975,15501400
2018-04-18,89.59730529785156,91.03158342361947,89.24488242254462,90.58900542302774,16081400
2018-04-19,91.56430053710938,91.68723989126735,89.74481560384622,89.76940222408676,17911000
2018-04-20,91.35942077636719,92.4002941631787,90.87586089373825,92.03967991064624,15584400
2018-04-23,90.91685485839844,91.75283147877708,90.67097607142733,91.44139043451,11285800
2018-04-24,90.49066925048828,92.53144060861946,89.81860142060266,91.58891362497461,16453100
2018-04-25,90.14643096923828,90.58900898724319,89.00720479904211,90.37591447791714,13548200
2018-04-26,90.23658752441406,90.82669155774822,89.6136992388995,90.13004339454524,10299500
2018-04-27,89.66287231445312,90.28576055530405,89.441580191342,89.78581168807527,9384000
2018-04-30,89.15474700927734,90.40052378703979,89.13016037930112,89.94974806094987,13744900
2018-05-01,89.15474700927734,89.31047066973709,88.13846003486107,88.88428157362338,10503400
2018-05-02,88.44987487792969,89.73662690648513,88.29415751659704,88.60559849221826,12162100
2018-05-03,87.89254760742188,88.32692791205785,86.20419963002003,88.17940193567627,15379100
2018-05-04,88.86786651611328,89.12193662198706,86.85987978597879,87.22869163340563,11967900
2018-05-07,89.63829040527344,89.89236053862196,88.81050524916304,89.13834151174746,9356700
2018-05-08,90.96599578857422,91.25285010279796,89.5645022079767,89.76939903998723,12543200
2018-05-09,92.94941711425781,93.13791872895857,90.99879495181078,91.33482881282114,11368100
2018-05-10,93.67063903808594,93.79357839125079,92.40847376797362,92.76909420313578,9159700
2018-05-11,93.31822967529297,94.03127302404117,93.16250605531256,93.8345675294482,10253000
2018-05-14,93.35101318359375,94.00667940149877,93.21987618823908,93.52312580027967,8710700
2018-05-15,92.63797760009766,93.35921862904911,92.26096808630787,93.35921862904911,11536200
2018-05-16,92.89203643798828,93.17889704123344,92.31013011227117,92.52322459518145,7571100
2018-05-17,92.58063507080078,92.94945332434219,91.9577466058782,92.77733438758108,8617200
2018-05-18,91.08075714111328,92.44947302613203,90.84307601440891,92.40849114971677,11806300
2018-05-21,91.91673278808594,92.23637138994151,91.72822492529515,91.83477529455097,9441900
2018-05-22,92.62158966064453,93.67066071153475,92.03148563127961,92.08065888274112,11507600
2018-05-23,92.19538879394531,92.42487227522662,91.0725580101109,92.21178404429735,11453900
2018-05-24,91.16272735595703,91.91674641297716,90.25298466106825,91.90854878652175,14084800
2018-05-25,90.695556640625,91.03978189329035,90.318540884327,90.53163538724404,8283500
2018-05-29,86.81890106201172,89.49894934115461,86.02390021458757,89.48256034303365,30643800
2018-05-30,88.80229949951172,89.00719636326369,87.40900332718076,88.22039315681086,17490800
2018-05-31,87.70404815673828,88.67116152487327,87.22048834619302,88.47445604958934,19808200
2018-06-01,88.8432846069336,89.28586259910038,88.35153336662258,88.7941051058331,13594200
2018-06-04,88.88426971435547,89.54813989992623,88.73674370122384,89.32684775375033,9415400
2018-06-05,88.38430786132812,88.76951496441136,87.75322827430983,88.71214409286424,10415200
2018-06-06,90.4496841430664,90.76112516659667,88.90886177245166,89.05638778422008,15453600
2018-06-07,90.81028747558594,91.38399616106506,90.17920166860321,91.12172844013807,13444400
2018-06-08,91.06434631347656,91.08893293224955,90.20377713869274,90.66275028328974,10383200
2018-06-11,90.83489227294922,91.72004835305091,90.78571276652782,91.07257341962227,12642900
2018-06-12,90.31034851074219,91.40859275792215,89.76122013419582,91.0889541335664,15294100
2018-06-13,90.13004302978516,91.34302909076813,89.81040438851554,90.53163917469577,14979700
2018-06-14,88.54004669189453,90.44968728473805,88.33514979359691,90.38411877657312,20487300
2018-06-15,88.4334945678711,88.82689307541186,87.09756290974939,88.35153706654648,26028600
2018-06-18,88.66297149658203,88.8432817378964,87.44178793443848,87.90895253559111,9786800
2018-06-19,88.14663696289062,88.41709608207445,87.36802509639232,87.61390384432995,12707200
2018-06-20,88.138427734375,89.03997260320386,88.05647024683701,88.66296315816473,8876900
2018-06-21,88.11384582519531,88.68755452159515,87.31064739727974,87.7778119794784,11048700
2018-06-22,86.67139434814453,88.81871625114438,86.47469506215417,88.6466035942831,19478900
2018-06-25,85.88458251953125,86.63040395937594,85.2043233332751,86.59762595906014,16907600
2018-06-26,85.94194793701172,86.22880231871939,84.5076697755168,85.81900855829227,17086800
2018-06-27,84.61422729492188,86.81072244859122,84.60603592054551,85.79443551270168,16276800
2018-06-28,85.99931335449219,86.43369371249932,84.8355006494625,84.97482901845419,14491300
2018-06-29,85.40100860595703,87.61389844208065,85.36003298579818,87.43358820510511,18972400
2018-07-02,86.12224578857422,86.1304371604743,84.72894345201428,85.00760642050854,11130000
2018-07-03,84.9174575805664,86.69596087538166,84.84369145732545,86.39271751582466,8311700
2018-07-05,85.46956634521484,86.01343034484658,85.31299648327501,85.80742001574104,10723400
2018-07-06,85.74974060058594,86.11232080526992,84.21702319143195,84.97514600912906,12173700
2018-07-09,88.40316009521484,88.55148779820428,86.28537395566053,86.28537395566053,13900800
2018-07-10,87.85928344726562,89.32607591825948,87.78511646293455,89.01293620853987,14575900
2018-07-11,87.66975402832031,88.22186019438703,87.52142634178665,87.60382921498619,10186500
2018-07-12,88.0488052368164,88.63387376278547,87.3236512089116,88.51850849214006,12456800
2018-07-13,87.6450424194336,88.83166402846784,86.63971092143923,88.41964333499061,21289100
2018-07-16,91.12248229980469,91.27904586109891,88.15593507783404,88.21361771345524,24662600
2018-07-17,91.05656433105469,91.4109023441824,90.43853335143216,91.21313419104533,14821900
2018-07-18,91.90531921386719,92.39150681849627,90.80934284718585,90.9906329273209,14244900
2018-07-19,90.55390167236328,91.54274875819277,90.42205832815635,91.5180285240875,16775300
2018-07-20,91.69932556152344,92.07838384933598,90.46326346724639,90.64455358031694,13578100
2018-07-23,93.40507507324219,94.13847128783704,91.41089674337611,91.51801984331681,18140000
2018-07-24,94.06433868408203,94.5834825668976,93.46278562153957,93.56991504040941,14000400
2018-07-25,94.91305541992188,95.19322637994343,93.42977890529384,93.84179946080889,13329100
2018-07-26,94.64116668701172,95.25095564742537,94.41867824433979,95.11087009881942,11897800
2018-07-27,95.61351776123047,95.83601244857125,94.60818629857742,94.91308386432951,12802700
2018-07-30,96.19034576416016,96.91549986030931,95.63823330332835,95.81952339909971,13411600
2018-07-31,94.72351837158203,96.47872987227912,94.61639529590299,96.47872987227912,15843800
2018-08-01,95.30860900878906,96.15737044599534,94.99546932652505,95.38276969968182,13531600
2018-08-02,95.71240997314453,95.79481285584819,94.21265487496485,94.41042305084103,11058100
2018-08-03,96.48698425292969,96.51994665644239,95.53934187141613,95.58878233321735,11016100
2018-08-06,96.51172637939453,96.84958006790264,95.73712548891076,96.23979122163703,9857400
2018-08-07,96.86605072021484,97.47583948026437,96.68476064067521,97.02261428141527,10562100
2018-08-08,97.0638198852539,97.45935616576514,96.64355708614187,96.68476166354071,8997100
2018-08-09,96.31394958496094,97.00614757997675,96.16562189223873,96.83309965295693,9694200
2018-08-10,95.36631774902344,95.54760158314532,94.50107173012768,95.17678545329697,12630600
2018-08-13,93.85005950927734,95.48989987225025,93.79237687199495,95.2262069179685,10336300
2018-08-14,94.47635650634766,94.79773217911959,93.65231503012471,94.16321672174291,10597600
2018-08-15,93.69347381591797,94.21262375062345,93.09192731266654,93.7923610146559,10152100
2018-08-16,94.5752182006836,95.02020126166073,94.1879240667544,94.22912236001346,10118600
2018-08-17,94.5752182006836,94.82243310798297,94.1879240667544,94.46809509388653,8505100
2018-08-20,94.4516372680664,94.80597535807166,94.03137435040027,94.42691074249038,8618700
2018-08-21,95.0284423828125,95.91016632157691,94.66586219930468,95.06964696255154,10976700
2018-08-22,94.74003601074219,95.10261622037113,94.58346614077757,95.02020705495609,8314700
2018-08-23,94.54227447509766,94.88837036114006,94.29505953538904,94.73180048019546,9265400
2018-08-24,94.50105285644531,94.94603589555398,94.3115205985721,94.74826775159544,8845700
2018-08-27,96.17385864257812,96.64356192855502,94.90483429572528,94.94603887518872,13768000
2018-08-28,95.70414733886719,96.4375435259349,95.56406183952517,96.41282329510227,8302600
2018-08-29,95.39103698730469,95.89370275881916,95.06141916037005,95.877218409657,7221700
2018-08-30,94.92134857177734,95.62178263495542,94.74830059995251,95.25096016366953,8991800
2018-08-31,94.41867065429688,94.63291690425824,93.79239739325162,94.62468101637018,13065700
2018-09-04,94.88836669921875,94.9625274061071,93.63582027387426,94.22088890253954,10174200
2018-09-05,94.42688751220703,95.34157383842947,94.1467164939805,94.76474745564776,11462400
2018-09-06,94.02312469482422,94.51754828906982,93.52870110057863,94.35274251996698,9877600
2018-09-07,94.20441436767578,94.57523048987278,93.63582377916579,94.352742073942,10955600
2018-09-10,93.70173645019531,94.7400302594147,93.66053815692543,94.64114303908173,8276900
2018-09-11,94.2950439453125,94.41865139473042,93.2649923450565,93.5616477088851,9333800
2018-09-12,93.18260192871094,94.66587265916398,92.99306964268011,94.14672884654594,10800800
2018-09-13,93.545166015625,94.04783171376087,92.84473216497317,93.42156484963766,12470800
2018-09-14,93.5286865234375,94.34448564114123,93.30619814113143,93.78413731181412,10337900
2018-09-17,93.80885314941406,94.29504075750522,93.3638764056504,93.76765485895822,9561300
2018-09-18,94.18792724609375,94.48458263009219,93.5781321306878,94.21264748027087,7944200
2018-09-19,96.92375183105469,97.28632577231073,94.30329992488015,94.30329992488015,16052800
2018-09-20,97.75601196289062,98.25867763214386,97.3027930441274,97.64888886287805,15590000
2018-09-21,97.11325073242188,98.25043157189354,97.02260570066876,98.16802242525603,24788200
2018-09-24,96.18212127685547,97.61595167271109,95.94314849638995,97.03912515913052,12492500
2018-09-25,95.9101791381836,97.21216607391504,95.85249649100243,96.44580731168699,9308300
2018-09-26,94.78123474121094,96.30571629126806,94.48458563471547,96.20682906447847,14023600
2018-09-27,94.36919403076172,95.39100962990402,94.07254498722803,95.11083235693425,13283000
2018-09-28,92.98480987548828,94.1384688610791,92.72111693194772,93.65228755049382,15815100
2018-10-01,93.5286865234375,94.44337285935288,93.14962828403036,93.4215634189103,10146300
2018-10-02,93.9159927368164,94.03960019548155,92.96010176253822,93.41332701533157,13753100
2018-10-03,94.79769897460938,95.30860677421094,94.33623792137914,94.71529611323759,17142000
2018-10-04,95.65241241455078,96.93032346669504,94.77281384956613,95.05495318025466,16357400
2018-10-05,95.1130599975586,96.34117829328731,94.61516769992222,96.11713182412178,13777600
2018-10-08,95.69391632080078,96.07562906805764,94.05918572363879,94.80601776434261,14370900
2018-10-09,95.03005981445312,95.45326567309925,94.32472093735133,95.15453287063877,14069500
2018-10-10,92.49915313720703,95.38689561673861,92.49915313720703,95.1794425977105,23086400
2018-10-11,89.72755432128906,92.49912923130717,89.10519542505003,92.08422330048114,33705600
2018-10-12,88.7483901977539,91.96806478526864,87.628145272402,91.58635202786533,32075700
2018-10-15,88.2421875,90.32501697863643,88.22559404892229,88.95582618461707,18903200
2018-10-16,90.13416290283203,90.26692950301498,88.56581905671493,88.9226383954642,19302800
2018-10-17,91.13825225830078,91.94317090047005,89.81055434228279,89.93502107584459,18794500
2018-10-18,89.69435119628906,91.14652179404568,89.46200491360182,90.46607639576389,17582500
2018-10-19,89.54501342773438,90.63206509109898,89.01392793826024,89.32926054116328,15234500
2018-10-22,88.25879669189453,89.90182075512195,88.05134371101492,89.74416079470798,16199100
2018-10-23,87.33769226074219,88.09282404029048,86.05148143378129,86.4663873352575,21407500
2018-10-24,85.71127319335938,87.15514414829701,85.39594694578706,86.93109771756767,23168900
2018-10-25,87.01408386230469,87.87708907262162,86.06809872100713,86.44981146828835,17464700
2018-10-26,85.81915283203125,86.76513797591844,85.2465868750235,86.3004452963845,19174900
2018-10-29,87.00577545166016,88.48283960377799,86.05149051140445,86.68214932084614,18445200
2018-10-30,88.54090881347656,88.77326141524057,87.01405827336521,87.71939697572014,18019700
2018-10-31,90.46607208251953,91.67760278041625,89.44540719924083,89.68605336082518,20860000
2018-11-01,90.43290710449219,91.46187212715571,89.88522819069479,90.96398623431611,13065000
2018-11-02,89.93501281738281,91.95145601843979,89.19648072157239,91.1963304699992,19009200
2018-11-05,90.52417755126953,90.69014373061539,89.96820509512632,90.12587138276427,10276400
2018-11-06,90.94740295410156,91.00548954662415,89.42055176152857,90.17567746432219,10825000
2018-11-07,92.50743103027344,92.71488399996453,90.73992767668955,91.58633933836802,12679600
2018-11-08,93.25425720214844,93.71065627052472,92.10911908189827,92.1174189734039,11662500
2018-11-09,92.3497543334961,93.2376526904108,91.96804167202413,93.12977943748226,10432200
2018-11-12,90.40800476074219,92.88914692166432,90.11757185940283,92.45764118456377,13279700
2018-11-13,90.93907928466797,92.20869675665918,90.53247324331664,90.53247324331664,13746100
2018-11-14,89.06371307373047,91.8684750268912,87.94346827080616,91.4701688587664,18361400
2018-11-15,91.33739471435547,91.34569460594629,88.6322061733172,89.81883743231258,19100000
2018-11-16,91.2710189819336,91.90997775939441,90.07609402172227,90.8229197477432,13798600
2018-11-19,91.96805572509766,92.27508208071737,90.88929770712784,91.24611708252132,13987000
2018-11-20,89.99308776855469,91.68590461138595,89.60308153800146,91.09673898923259,18936200
2018-11-21,89.32095336914062,90.9556838426573,89.32095336914062,90.47439141605557,10619600
2018-11-23,88.49945831298828,89.11351747060095,88.00986590079708,88.57413836024116,6488400
2018-11-26,90.66524505615234,91.26271060474701,89.16328129344573,89.38733403964976,13948300
2018-11-27,91.04695129394531,91.30419092486505,90.14245314396814,90.25033272929184,9238200
2018-11-28,92.05933380126953,92.44104651385139,90.34162342917001,91.11334874596616,13977300
2018-11-29,91.32909393310547,91.94315928559845,90.98057446123362,91.5033536690414,11144300
2018-11-30,92.26679229736328,92.37466557119168,90.9307945578883,91.1548409976743,18652700
2018-12-03,93.13809204101562,93.67747107786833,92.72318606358475,93.25426520821925,16034500
2018-12-04,88.9807357788086,92.60700985046749,88.56582981502427,92.60700985046749,23555900
2018-12-06,87.28792572021484,87.42899223983714,85.37105570802191,87.13855930797855,27213900
2018-12-07,85.71127319335938,88.77328117608938,85.39594694578706,87.26302374872732,19248600
2018-12-10,84.10972595214844,85.87722283637318,82.38371586003613,85.36274356363938,23636400
2018-12-11,83.2882080078125,86.018289437522,83.15543508834348,85.5784838900018,16860700
2018-12-12,83.82759857177734,85.38764905550704,83.03097987689867,84.35868403265908,22621500
2018-12-13,83.91057586669922,84.61591466725348,83.53715673866796,84.26739521252718,17250900
2018-12-14,83.22183227539062,84.59102311183794,82.8650129220251,82.97288618477762,19879500
2018-12-17,82.1596908569336,83.44589570476107,81.68669825310687,82.79034344139363,25113500
2018-12-18,81.76966857910156,83.71972535406549,81.42114908692164,82.49990080047318,20837200
2018-12-19,80.73238372802734,83.46246507121216,80.15981161014597,81.66177514197145,28767900
2018-12-20,80.03536987304688,81.553927447449,79.40471727189916,80.16814284021284,31825200
2018-12-21,78.14339447021484,81.67839536060664,77.74508825581086,80.22622436154239,41313900
2018-12-24,76.45886993408203,78.18488025008742,76.45886993408203,77.08122887515452,17009300
2018-12-26,79.6287612915039,79.6287612915039,75.60417422976396,76.91527875087218,22542900
2018-12-27,80.52494049072266,80.61622029821373,77.62889898576196,78.68275722093823,20304700
2018-12-28,80.3506851196289,81.58710303676942,80.02705899588717,81.28007036485145,17963300
2018-12-31,81.00624084472656,81.99371271149181,80.30089565722824,80.98134116944534,13237200
2019-01-02,82.40862274169922,82.7986353712153,79.6121605215706,79.62045408277874,15670900
2019-01-03,81.2374496459961,82.72650906618159,80.88609983766885,82.5173713637426,16286400
2019-01-04,84.23231506347656,84.43308549932355,82.21622426152172,82.91056306419823,16935200
2019-01-07,84.29086303710938,84.88481335784124,83.41248211662663,84.01479973268607,15430700
2019-01-08,84.13191223144531,85.17760071318365,83.27863323859225,85.0186540215991,13578800
2019-01-09,83.98969268798828,84.90152989973244,83.5965128325113,84.33267516077379,14230300
2019-01-10,83.98135375976562,84.26578441650337,83.04441434902274,83.67182759439348,14376100
2019-01-11,83.57978057861328,83.79727915769935,82.77668631819895,83.56304599106814,15439900
2019-01-14,84.44143676757812,84.79278655921381,82.53410203312623,82.70977692894408,21258500
2019-01-15,85.06049346923828,85.7213694282688,82.48391523507857,82.72651575540952,26504900
2019-01-16,85.74645233154297,86.54117299532405,85.16086935637541,85.53731464292946,18533000
2019-01-17,86.09781646728516,86.58301751751121,85.26126557339616,85.42021228559565,14247600
2019-01-18,87.49484252929688,87.75417760966796,86.02251776000868,86.8088711488129,16428700
2019-01-22,86.11453247070312,86.65828532845562,85.43692205290506,86.23164905997677,17083700
2019-01-23,85.89704132080078,86.75032037744427,85.30309098465528,86.53282175229339,12146700
2019-01-24,85.94720458984375,86.23999601564566,85.27796795692143,85.43690822671424,11296800
2019-01-25,86.49098205566406,87.26060721855443,85.94722278839613,86.59137044392723,14369400
2019-01-28,86.90087127685547,87.2020299939031,85.82172027116385,86.07268799616168,12283100
2019-01-29,87.14350128173828,87.92986113003808,86.77542324450613,86.90090076721224,9743300
2019-01-30,87.3442611694336,88.03859339600385,86.81723014661635,87.11838890754755,12526300
2019-01-31,86.5830078125,86.83397560548667,85.9388665046525,86.50772130402966,17520600
2019-02-01,86.90087127685547,87.7123263543241,86.59971255980784,87.00125964332946,13000800
2019-02-04,87.21041107177734,87.21041107177734,86.17308998374409,86.82559851302912,9871500
2019-02-05,86.82560729980469,87.46138768756155,86.40733190461286,87.43628580265418,12763000
2019-02-06,86.78377532958984,87.51994409391959,86.55790942931877,86.75867982760148,8745000
2019-02-07,85.64606475830078,86.58300390985988,84.85971138164707,86.37386621925636,13177500
2019-02-08,84.79279327392578,85.61260951933002,83.70527463383695,85.39511089721336,12892600
2019-02-11,84.39125061035156,85.33655719096924,84.29922950281573,85.12741947063815,10978500
2019-02-12,85.83011627197266,86.09781228973318,85.23616593201575,85.2863569408532,12852300
2019-02-13,86.2400131225586,86.87579347496896,86.08107282123775,86.08107282123775,10754100
2019-02-14,85.67952728271484,86.24838205464579,84.78441822506808,85.7213573736531,11518500
2019-02-15,88.2979507446289,88.42342827471744,86.71687004174419,86.91764047226276,14716900
2019-02-19,87.9884033203125,88.14734999646566,86.84232655793903,87.76253743843068,12764900
2019-02-20,88.4150619506836,88.50708305536885,87.73745141778515,88.01351473184094,10030300
2019-02-21,88.23101806640625,88.66602169471622,87.80437535118058,88.21428347548488,8400100
2019-02-22,87.83784484863281,88.74968226971104,87.65380262872203,88.42342792800628,10647300
2019-02-25,88.75802612304688,89.73678888965044,88.41504366211002,88.4652346606922,11230700
2019-02-26,88.0804214477539,88.23100082473887,86.9510793115542,87.41954564778514,15465400
2019-02-27,87.97168731689453,88.15572313614483,87.42792800728235,87.9884155250532,9968800
2019-02-28,87.30244445800781,88.01351138156423,87.15186505447076,87.8462037698014,15156900
2019-03-01,87.36099243164062,88.5990903123841,87.16858295672337,87.92147988539335,13813300
2019-03-04,87.16023254394531,88.60746189780905,86.39060093394345,87.77091107237872,12466300
2019-03-05,87.09330749511719,87.46139190298709,86.38224056549458,87.11003570348566,10856600
2019-03-06,86.76704406738281,87.47811092231215,86.62483197287207,86.8841606607888,9070800
2019-03-07,86.13964080810547,86.55791622709607,85.46203667170114,86.37387402155998,12705700
2019-03-08,86.173095703125,86.35713789177947,85.31981035252255,85.31981035252255,10582400
2019-03-11,87.2940673828125,87.46138135820676,86.71685171923508,86.98454769749034,9763200
2019-03-12,87.03475952148438,87.66217271897284,86.79215898590358,87.49485870354965,10219100
2019-03-13,87.32752990722656,87.82109815514042,86.95944554487559,87.16022231472643,13022200
2019-03-14,88.12226867675781,88.56564601462381,87.38610618296235,87.41956898482262,10926500
2019-03-15,89.13448333740234,89.34362102108243,88.03023662286651,88.1808160104112,24811700
2019-03-18,89.66988372802734,90.17181293957711,89.09266162443821,89.13449171805743,12935500
2019-03-19,89.34362030029297,90.68210018857206,89.13448261830013,90.51478621355245,12889300
2019-03-20,87.43628692626953,89.21814421740544,87.34427220993082,89.0341020199758,14920700
2019-03-21,86.05599212646484,86.57464959218467,85.5624237838222,86.57464959218467,19751000
2019-03-22,83.45431518554688,85.59588333464701,83.25353838478634,85.17760790662736,31115200
2019-03-25,82.75996398925781,84.13190667611747,82.05725805709461,83.31208415232301,21032300
2019-03-26,83.58815002441406,83.98969719561946,82.66794546910576,83.50449622527253,15987100
2019-03-27,83.3037109375,84.03150588052662,82.88543563419748,83.55467229005674,12753200
2019-03-28,84.24903869628906,84.32433159462646,83.43758331825933,83.6550883349958,12454100
2019-03-29,84.68404388427734,85.3198179239341,84.14864547778141,84.9433726009169,14523400
2019-04-01,87.53666687011719,87.5701296648175,85.42856186300133,85.4536573634327,17499300
2019-04-02,87.95494079589844,88.20590856087014,87.27733676580036,87.50320264837458,10295400
2019-04-03,88.13059997558594,88.97551782591206,87.66213370564239,88.5154124662359,11499200
2019-04-04,88.98200225830078,89.12530897184446,88.04632511637784,88.13062545300804,11952100
2019-04-05,88.77127075195312,89.44563490688978,88.50152637622111,89.1843218516781,9933700
2019-04-08,89.0578842163086,89.0578842163086,88.43410150812038,88.60268934345329,8056300
2019-04-09,88.40038299560547,88.6785522818558,87.87775041411672,88.57740215275156,9092200
2019-04-10,88.79656219482422,89.11688807657916,88.06319805757158,88.61954304337657,10882300
2019-04-11,89.54679107666016,89.96826706389034,88.98200836604967,89.10845244846136,11183800
2019-04-12,93.74468994140625,94.28417869996392,91.78061026320016,92.2526677503481,25834100
2019-04-15,92.67413330078125,93.56766025059167,91.98291300482718,93.5002225555687,15163800
2019-04-16,93.65196990966797,93.89642677184398,92.60671118580898,92.64043003899329,11583200
2019-04-17,96.34940338134766,96.65286657555761,93.576090897781,94.15772332733965,17791900
2019-04-18,95.6413345336914,96.89733123114573,95.53175308734086,96.54329292950843,12501900
2019-04-22,95.75933074951172,96.03750640895161,94.96696036821491,95.11026064203098,7975900
2019-04-23,95.87735748291016,96.40842135226013,95.12713072676848,95.25357481143341,9193100
2019-04-24,95.71719360351562,96.22296347199449,95.09340454888597,95.47273677365473,9245700
2019-04-25,95.76776123046875,96.22295600614544,94.83208415233538,95.26199140123208,9311800
2019-04-26,96.49272155761719,96.5854467970042,95.75935096370547,96.05438289302154,7889300
2019-04-29,97.88359069824219,98.7602615691811,96.4758559396999,96.60230002871087,14242200
2019-04-30,97.8245849609375,98.38936127354502,97.15865209020973,98.14490441483126,11389100
2019-05-01,97.07434844970703,98.6253769315631,97.03219828024257,97.54639947788706,10412900
2019-05-02,97.28508758544922,97.5969756908093,96.58543592382512,97.08277448708199,8613300
2019-05-03,97.88359069824219,98.3556417705887,97.50425843120928,97.7824341407907,8185400
2019-05-06,97.01533508300781,97.33566093418777,95.86049504838117,96.24825216661907,9387000
2019-05-07,95.4305648803711,96.12178504388703,94.65505082983348,96.12178504388703,15017700
2019-05-08,94.92479705810547,95.81832385489291,94.798353009395,94.96694721807945,9575800
2019-05-09,94.84896087646484,95.03441135458242,93.21363828923845,93.68568937447324,12205900
2019-05-10,94.84052276611328,95.1186920133002,93.17990644690693,94.19987750315981,13189000
2019-05-13,92.26107788085938,93.10402973516129,91.86489591155578,92.79214166504543,13783700
2019-05-14,92.99445343017578,94.17458737742623,92.30323312883394,92.34538329635498,10503600
2019-05-15,92.64042663574219,93.48337864074217,91.55301777754659,92.05878769430389,10142000
2019-05-16,93.82898712158203,94.55392637199171,93.22206063926569,93.24735460204015,9672700
2019-05-17,93.37379455566406,94.19989038384252,92.5814240120141,92.72472431519175,9570100
2019-05-20,93.8626937866211,94.25045089303917,93.0366045172299,93.21362364638516,8518200
2019-05-21,94.18302917480469,94.3431856805339,93.75312185687184,93.93857232465515,7967900
2019-05-22,93.41593170166016,94.2335960946692,93.35692532439212,93.90484535971689,7918900
2019-05-23,91.57830810546875,92.54770422706642,90.61734330491834,92.42126013621218,14558000
2019-05-24,92.48026275634766,92.69100075545461,92.04193054793909,92.3200998190381,8537300
2019-05-28,91.4771499633789,92.5814214777668,91.40971868980878,92.05035759161267,11665500
2019-05-29,91.22425842285156,91.3759900267171,90.24643110211525,90.57518183862179,9966400
2019-05-30,90.2464370727539,92.03349758859943,89.80810487214974,91.58673406744136,10367800
2019-05-31,89.31918334960938,89.8502407361136,88.37507489794476,88.98200130035681,10952800
2019-06-03,89.74066162109375,90.07784367905467,88.76284072734121,89.18431669198915,11680700
2019-06-04,92.50554656982422,92.64042197081498,90.3054414330639,90.91236787509614,12858600
2019-06-05,92.83428955078125,93.04502752378139,91.57829303243999,92.60669536967464,8340500
2019-06-06,93.0365982055664,93.45807413149886,91.82274548089302,92.85114776916217,8726700
2019-06-07,92.01663970947266,92.74157248362633,91.84804545751926,92.47182811171402,10618900
2019-06-10,93.01130676269531,93.74467720888356,92.91015665371239,93.35692011828674,11380600
2019-06-11,93.29792022705078,94.0481469331277,93.03660718573786,93.41593298320583,9847700
2019-06-12,92.10935974121094,93.48337558035605,91.78904030503413,93.31478132614731,9670500
2019-06-13,92.33695983886719,92.85959237705094,91.92391517308424,92.26952213757642,8406900
2019-06-14,92.57298278808594,92.97760255336655,91.56986791072109,92.36224480082193,9077400
2019-06-17,92.06723022460938,93.03662643462953,91.93235480040538,92.471843634793,8128600
2019-06-18,93.32320404052734,93.91327422902269,91.86490085558032,91.89018838357634,11057300
2019-06-19,92.64884948730469,94.06500255228624,92.47182392296915,93.41593239750303,13126500
2019-06-20,92.88488006591797,93.64353169748918,91.9070526891707,93.46651255470836,13638000
2019-06-21,92.25267791748047,94.1324574589709,91.95763954379196,92.88489197901755,27089500
2019-06-24,91.59515380859375,92.53082447296602,91.49399726837481,92.11777985502714,13039600
2019-06-25,90.83650207519531,91.86490446215926,90.76063305701602,91.61201630984546,18660100
2019-06-26,91.44342803955078,92.14307325253098,91.1736836796612,91.29169643516208,10324600
2019-06-27,91.74688720703125,92.34538875136408,91.4097115717958,91.74688720703125,10906600
2019-06-28,94.24203491210938,94.7730923497703,93.48337683601285,93.6013895999375,21634700
2019-07-01,95.8267822265625,96.53485880930411,95.32101232014516,95.44745640455281,12724500
2019-07-02,95.92793273925781,96.26510836816017,95.43901907365137,95.68347590645459,10174900
2019-07-03,95.775146484375,96.66651500381454,95.29975339493795,96.21658199931724,6849400
2019-07-05,96.34390258789062,97.00605897017779,95.86001857954663,96.36088461021502,7929400
2019-07-08,95.81756591796875,96.3354074371507,95.50346330702035,95.89396557977767,6917200
2019-07-09,96.22505950927734,96.34390776495913,95.20635832436362,95.31671556842694,8947300
2019-07-10,95.94491577148438,96.63254523391869,95.70721925676408,96.24204289162903,9242300
2019-07-11,96.86174011230469,97.08246105608202,96.02980240203743,96.24203233500775,11595200
2019-07-12,97.88043975830078,97.92288185541524,96.71741748808164,96.88719883002554,10783400
2019-07-15,96.69197082519531,98.10966539996757,96.37786815356696,98.0841988411115,12946600
2019-07-16,97.72765350341797,98.05024070831955,95.86002598483195,96.33542549548268,16945000
2019-07-17,96.76835632324219,97.57483393707045,96.54764186099916,97.14188306972027,13120900
2019-07-18,97.34562683105469,97.68519602868119,96.39484084979298,96.7174280253291,9397200
2019-07-19,96.38636016845703,97.72765508061897,96.26751190806237,97.53240066611663,10402800
2019-07-22,97.00605773925781,97.15886355451924,95.73267810432705,95.85153282885817,9061100
2019-07-23,98.78031921386719,98.85671889535811,97.4729818021492,97.52391492314317,12752200
2019-07-24,99.17928314208984,99.22172523806402,98.06719400898362,98.11813359159264,10011000
2019-07-25,98.22850036621094,99.52734650605706,97.89742219239696,99.2302258983706,10138400
2019-07-26,98.66146850585938,98.90765604581334,98.07571172194324,98.27945067762269,12800400
2019-07-29,98.34735870361328,99.47642360545198,98.29642558756599,98.86520030590789,8500400
2019-07-30,98.12663269042969,98.54260803922587,97.42203420663516,97.78706996526097,7121100
2019-07-31,98.4747085571289,98.62751439844251,97.5069403877243,98.55959925191539,13648000
2019-08-01,95.87699890136719,99.15382966352301,95.58836281766627,97.90591659131033,15664500
2019-08-02,95.8685073852539,96.29296725918547,94.56966120730229,95.41858095516542,11025500
2019-08-05,93.01614379882812,94.21312384589328,91.91254544948058,94.0518270086094,15855300
2019-08-06,93.7462158203125,93.80563994854045,91.97197003165935,93.42362862089567,10203500
2019-08-07,91.70878601074219,91.92101591689563,89.93454710413602,91.68331945828261,17320900
2019-08-08,93.2623291015625,93.44909249255075,92.2945610543907,92.57470614087306,10903300
2019-08-09,93.16046142578125,93.76319373495684,91.92953024850979,92.82938320632908,9980800
2019-08-12,91.41167449951172,92.1162794122099,91.01268120011049,92.05685529166568,9393700
2019-08-13,92.82087707519531,93.66131224313492,90.85987463682292,91.64087920796983,12124700
2019-08-14,88.96680450439453,90.75802593892627,88.66967737004282,90.24018430277759,19491800
2019-08-15,89.30635070800781,90.30807622270942,88.5762792408485,88.98376355053365,13365600
2019-08-16,91.44563293457031,91.66635387443756,89.87513275376007,90.29959261218141,11830600
2019-08-19,92.26909637451172,93.16894930204624,92.03988439845477,93.06707659304936,8265400
2019-08-20,91.09757995605469,92.05686345717056,91.03815583023952,91.55599741666208,8374000
2019-08-21,91.35225677490234,92.04837072576238,91.21642650315216,91.86160734047782,8189300
2019-08-22,92.29457092285156,92.76147297350096,91.62392343656941,91.99745025848472,9343400
2019-08-23,90.0024642944336,92.345484494245,89.2299507306176,91.68332816047607,14762300
2019-08-26,90.72404479980469,90.82591101209712,89.9939733869087,90.51181488853825,8209500
2019-08-27,89.76477813720703,91.30981191927842,89.00074901931588,91.1315395378945,14331800
2019-08-28,90.66462707519531,91.01268078630228,89.17052658106375,89.2044841464694,10585500
2019-08-29,92.71903991699219,93.28781474098456,91.70033206961138,91.80220479737307,10002200
2019-08-30,93.2623291015625,93.85657036675781,92.93125089999025,93.24534707870318,10170300
2019-09-03,92.15872192382812,92.5237576593021,91.1060632937319,92.51527312543169,9868800
2019-09-04,93.27080535888672,93.56792594448416,92.15871620030346,92.91425417942679,6929200
2019-09-05,95.39311981201172,96.53916024130933,94.39987872832602,94.44232730882536,13224700
2019-09-06,95.59683990478516,95.9109424990274,95.04504085078888,95.6392884769167,7836600
2019-09-09,97.96534729003906,98.52563099627852,96.43728904257847,96.5306707397424,13985100
2019-09-10,99.21326446533203,99.55282722141817,98.24549636164886,98.72938041349045,14333100
2019-09-11,99.48490905761719,99.49339359198817,97.94835988303328,99.2302305381244,9919200
2019-09-12,100.09613037109375,100.5715233563499,98.40677541310596,98.9415989982628,12283500
2019-09-13,102.06563568115234,102.20995050019567,100.80923146242156,101.0214614233951,16257200
2019-09-16,101.15727233886719,101.76000453541867,100.49510954694753,100.9365514082273,11993900
2019-09-17,100.65641021728516,100.6903677830501,99.52734544338836,100.52907096485245,10735400
2019-09-18,101.66664123535156,101.9382953234344,99.96031055381084,100.44419460060665,10665600
2019-09-19,101.34403991699219,102.15900211983549,101.09785240622537,101.61569398460662,9382600
2019-09-20,100.93656158447266,102.15900164467995,100.91109502774349,101.64965107986492,21862800
2019-09-23,100.91958618164062,101.1233316023257,99.90088498519228,99.9857756721056,9135100
2019-09-24,99.603759765625,101.2421752070661,99.35757225116822,100.80922430393562,11696500
2019-09-25,100.17253875732422,100.4781504106556,99.4254916473721,99.55282443897332,9389400
2019-09-26,99.34907531738281,100.21497707202506,99.2811601843239,100.07065579508898,9899200
2019-09-27,99.93482208251953,100.71582660491521,99.56129536452902,100.13856098472212,10207800
2019-09-30,99.90939331054688,100.82622195553306,99.51039988849266,100.47816813584973,9755000
2019-10-01,98.09268951416016,101.02146035389033,97.97384125541278,100.51210974829522,11250300
2019-10-02,96.14016723632812,97.5408862000208,95.86851315971907,97.4644800502042,12548700
2019-10-03,96.00325012207031,96.61936970291674,94.57419244425218,96.07170277545453,12735200
2019-10-04,98.08264923095703,98.35647942699053,96.07170158815038,96.13160173951312,9453100
2019-10-07,97.86872863769531,98.8356901826832,97.61200994784774,97.71469872951226,6771600
2019-10-08,95.6866455078125,96.74773687201193,95.5497336520906,96.74773687201193,10806300
2019-10-09,96.37976837158203,96.83330558325574,95.90056712589187,96.41399796464951,7273700
2019-10-10,97.7318115234375,98.75012073671336,96.69639077731046,96.81619109315143,10994100
2019-10-11,99.38334655761719,100.96642767050574,99.15230496911815,99.28921681043644,15076500
2019-10-14,99.64859771728516,100.00800510186667,98.97258461954164,99.13516699040198,8779000
2019-10-15,102.65218353271484,104.04700496062982,100.8637316379397,101.7023336890599,23379000
2019-10-16,102.41259002685547,103.21696907440314,102.15587136485568,102.65219062945432,11087700
2019-10-17,102.9859390258789,104.02991885903069,102.58374943160294,103.32822845900493,10818500
2019-10-18,103.1656265258789,103.55925703941544,102.566624989764,102.68642529698698,10417400
2019-10-21,105.7242431640625,105.9124961415416,104.3893150883183,104.44066274456499,12714600
2019-10-22,106.78531646728516,107.05058762006709,105.3562654082077,105.63864809109991,12549100
2019-10-23,107.06771850585938,107.0933890684135,106.25478036275769,106.2804509253118,8828300
2019-10-24,106.99068450927734,107.52979235790876,106.16919398557259,107.21317356630978,8020500
2019-10-25,107.84642791748047,108.37697685158776,106.75110698260016,106.9650370567136,9055700
2019-10-28,108.25715637207031,108.85615785658712,108.16302663469959,108.3084974911356,9522200
2019-10-29,108.18869018554688,109.03585123837597,107.76938917354829,107.8720714050269,9797300
2019-10-30,107.58969116210938,108.04322177102033,106.8965534408929,107.86352133326088,8513700
2019-10-31,106.89654541015625,107.5896830792999,105.98948426047846,107.38430556989583,11589100
2019-11-01,109.36104583740234,109.52362823841267,107.83785837415218,107.99188827364367,11682600
2019-11-04,110.23389434814453,110.74731868929506,110.01139871544942,110.45637692358422,9159900
2019-11-05,110.47349548339844,111.50035722758324,110.25099984970046,110.72164862415136,13747600
2019-11-06,110.64460754394531,111.1066906360595,110.02848804962504,110.1226177795143,11231100
2019-11-07,111.24363708496094,112.34751050776552,111.17517789526879,111.61159054014402,13528900
2019-11-08,111.56880950927734,111.58591451292143,110.6018414559445,111.14094938759091,9293400
2019-11-11,111.17518615722656,111.32922260979493,110.68743234814873,110.90136243536413,8679000
2019-11-12,110.52484130859375,111.77418568230989,110.39647542433126,110.92703090955531,9099000
2019-11-13,109.94293212890625,110.2338869322989,109.03587076903185,109.64343788103041,8023300
2019-11-14,110.04561614990234,110.25098062858284,109.1813304446112,109.29257824206529,8483400
2019-11-15,110.84144592285156,110.84144592285156,109.87447783598982,110.58472722948723,10163600
2019-11-18,111.774169921875,111.79984048365668,110.3793548551386,110.86710858624463,8749300
2019-11-19,111.73993682861328,112.31326775236451,111.39764094015901,112.09078521780901,8824500
2019-11-20,110.92700958251953,111.77416419239857,110.33656057729867,111.50034052834535,11782800
2019-11-21,111.1837158203125,111.85974206910475,110.72163267204293,111.24362249990958,7705500
2019-11-22,111.9196548461914,112.28762137336254,111.32921879381034,111.37199436398218,8167900
2019-11-25,112.51864624023438,113.01496548976489,111.98809087294138,112.31326870541905,10068500
2019-11-26,112.67266082763672,112.80102667337387,111.55166961736056,112.80102667337387,10490700
2019-11-27,113.00641632080078,113.32302864112891,112.65556787774499,113.20322832609219,6607900
2019-11-29,112.74968719482422,113.30591315100433,112.48441602588233,112.84381693773138,5712000
2019-12-02,112.50153350830078,113.58830179678733,112.3988512646577,113.22033532830997,8615600
2019-12-03,111.05536651611328,111.2094029418919,110.0370573889096,111.04681401472438,10361300
2019-12-04,113.2459945678711,113.35724235886538,111.2350601731249,111.56879048885526,10318200
2019-12-05,113.86211395263672,114.07604397676455,113.10907608938597,113.53693613764163,9587400
2019-12-06,115.55647277832031,116.18971055141046,115.22274235700742,115.25697848379964,10170600
2019-12-09,115.01737976074219,115.9158887739371,115.01737976074219,115.20563928949757,8498200
2019-12-10,115.09437561035156,115.32542373786843,113.70811295976038,114.02472527940034,7532900
2019-12-11,114.82057189941406,115.53938705217647,114.67510097941394,114.91470167791516,9011900
2019-12-12,118.10650634765625,118.49157782844736,114.84621445583522,115.08581506864988,13717400
2019-12-13,117.0710678100586,118.7996261126534,116.56619607178305,118.04658822691846,10592100
2019-12-16,117.52462768554688,118.80820818816034,117.50752268006975,118.41458414608896,11372000
2019-12-17,118.24342346191406,118.66273110482884,117.4304917974719,117.85835194267888,11546800
2019-12-18,118.12361907958984,118.96223433656745,117.8497953858509,118.21774883058713,10381500
2019-12-19,117.5331802368164,118.27765266761108,117.31925017672555,117.88401561185186,9350400
2019-12-20,117.43904876708984,118.84242941842999,117.14809396611652,118.10650950021171,29992600
2019-12-23,117.40481567382812,118.01238279644406,117.13099198363494,117.74711160813808,9738400
2019-12-24,117.72997283935547,117.7727614557749,117.28499473164798,117.51604281451087,3324300
2019-12-26,118.97933959960938,119.03069378347377,117.90113676904704,117.99526652024927,6770900
2019-12-27,119.06494140625,119.60404946135111,118.66275175518373,119.20185981028483,7868200
2019-12-30,118.62847900390625,119.86927050986978,118.4915606572097,119.71523410552311,6963000
2019-12-31,119.28739929199219,119.35585847981825,118.33754927894493,118.52580878115286,7201600
2020-01-02,120.7335433959961,120.7421089534689,119.16757407698593,119.62110467646814,10803700
2020-01-03,119.14031982421875,119.90679961844317,118.05519511339732,118.41690335033779,10386800
2020-01-06,119.04559326171875,119.08004917659233,117.55569689992572,117.60736763115489,10259000
2020-01-07,117.02175903320312,118.72695902281657,116.97008829731823,118.22745334079195,10531300
2020-01-08,117.93461608886719,118.48579237753123,116.78059278777052,116.86670628035843,9695300
2020-01-09,118.36521911621094,119.04557219211625,118.02072573385222,118.89056002586398,9469000
2020-01-10,117.18537139892578,118.20159740404355,116.96144739428078,118.1671546331413,10190900
2020-01-13,118.15852355957031,118.15852355957031,116.91837366027457,117.28870240515708,12355200
2020-01-14,119.53646850585938,121.22444005982493,118.58052073868753,118.79582417146426,24906000
2020-01-15,117.74514770507812,119.36423379809014,117.25424954837924,118.71832347048377,16293400
2020-01-16,118.2015609741211,118.76134453104717,117.84846026106875,118.37380105770788,10783800
2020-01-17,119.019775390625,119.09728149886126,118.26191598606529,118.45137098139288,14697700
2020-01-21,117.8484878540039,118.90779024118501,117.71931104633748,118.14991792666437,8474200
2020-01-22,117.7107162475586,118.33079134215654,117.4523625757111,118.19300709753188,7549100
2020-01-23,117.59012603759766,117.76237930982812,116.02272376072175,116.87533015037579,9345700
2020-01-24,114.67062377929688,117.49540427691909,113.9558278173524,117.44373354628031,15166400
2020-01-27,113.7060546875,114.48976238367746,111.70804554484084,112.1903231606179,12860500
2020-01-28,115.77295684814453,116.2380196271008,114.09359268208868,114.4036301543666,13062800
2020-01-29,115.60072326660156,116.72891122809347,115.13567360242091,116.10022884136126,9326000
2020-01-30,117.03033447265625,117.23703050081448,114.27445313594039,114.27445313594039,9048900
2020-01-31,113.99026489257812,116.1174641380798,113.22378509722881,115.82465458504306,12785200
2020-02-03,114.86006927490234,115.60933414491113,114.24861489460332,114.24861489460332,10021100
2020-02-04,116.51360321044922,117.64180426876642,116.3327556807815,116.7375271971908,9157100
2020-02-05,118.49441528320312,118.6149847014598,117.13369576797442,117.6159865820821,10150700
2020-02-06,118.51161193847656,119.0972309178804,118.0810051097111,119.05418074786587,8992300
2020-02-07,118.1326904296875,118.56329731168289,117.38343866016083,117.75375427095888,6379800
2020-02-10,118.62358856201172,118.7183226016772,117.77098220502232,117.94322232957435,5960700
2020-02-11,118.84747314453125,119.55367458252695,118.65800510707271,119.07138394285668,6578600
2020-02-12,118.84747314453125,119.95843287228702,118.67523305804428,119.36420654506841,7958000
2020-02-13,118.74417877197266,119.14032981375568,117.46957271655222,118.63221675790805,7447500
2020-02-14,118.38245391845703,119.01113630864452,117.93461906602502,118.70970622427922,6627600
2020-02-18,116.81503295898438,118.59775173583515,116.30691999845281,118.27909371121584,8996400
2020-02-19,118.4083023071289,119.18338955065069,117.41789845031653,117.90879667467313,7071200
2020-02-20,118.4083023071289,119.15755418527203,117.58153119176873,118.13270755498182,7422800
2020-02-21,116.96143341064453,117.91738116712244,116.1949537241769,117.59873629532264,9772800
2020-02-24,113.8180160522461,114.71367259927469,112.64676478854444,113.19794108081115,13618400
2020-02-25,108.73684692382812,113.87828735065418,108.15982873358963,112.81899814679316,20797200
2020-02-26,109.06411743164062,111.05351924948259,108.80575065791622,109.31387022743023,24825600
2020-02-27,104.52552795410156,108.18568683810918,104.46524324706893,105.85179807935974,23005500
2020-02-28,99.99553680419922,102.04522332299192,97.02435176416081,101.20984486932674,45931400
2020-03-02,104.65470886230469,104.70638616359352,98.57454091074173,100.44337347226455,27355400
2020-03-03,100.72757720947266,105.88624664372647,100.10750214862293,104.18104679693035,32547700
2020-03-04,103.21648406982422,103.50930021099875,98.78123119353629,101.90744183959735,25795900
2020-03-05,98.15253448486328,100.27111957203773,96.95544786939325,99.61659526664201,25025600
2020-03-06,93.0799789428711,95.00909580500495,90.44466053393685,91.51257026041127,38159400
2020-03-09,80.47181701660156,85.4582455485619,80.09288085407411,83.16741375952182,40352000
2020-03-10,86.72421264648438,87.22371814455893,81.45358926988973,85.26015205755003,31102700
2020-03-11,82.64207458496094,86.16444240636558,81.42776655649229,84.14058474135153,38127000
2020-03-12,75.82987976074219,83.50329150874971,74.33997695557316,77.15614326639087,49725200
2020-03-13,89.48873138427734,89.55762349641645,79.23167161195715,82.66791292146367,38543300
2020-03-16,76.09684753417969,80.93687117829703,72.81562524672829,73.37540892822732,38589700
2020-03-17,80.74740600585938,83.91667298509819,75.35620589307244,78.2757200871723,35239800
2020-03-18,72.24723052978516,78.18960750586075,69.20714664096359,75.50261788462005,41525600
2020-03-19,73.46154022216797,75.88154891254955,66.23595692116102,70.2405958594756,32175100
2020-03-20,71.91134643554688,77.04417947649365,71.0329113222218,74.32274750711028,30150800
2020-03-23,68.06171417236328,72.12664367937042,67.25217123327019,71.20514533040777,32536600
2020-03-24,76.15713500976562,77.59536044886455,71.39462384629906,73.117051410405,34363200
2020-03-25,78.9991455078125,81.94449515457605,72.80701612501939,76.85471839486122,38111700
2020-03-26,84.50230407714844,84.88984767569848,80.55794312557721,81.02299938616135,29826300
2020-03-27,78.48241424560547,81.67751677796596,77.98291521601415,80.25651920977224,30041500
2020-03-30,80.52349090576172,81.03160389772502,76.90639554676699,78.0690328714053,21656900
2020-03-31,77.53507232666016,81.10049670143573,76.94083274068441,79.27472776916848,23379300
2020-04-01,72.65199279785156,74.54666042803855,71.69604500546882,73.2892891359269,28029600
2020-04-02,75.36483001708984,75.70931689023047,71.44630415487875,71.9199744267647,24018000
2020-04-03,73.13719940185547,76.12185861850757,72.0233852370842,74.83401451736206,21199400
2020-04-06,77.84479522705078,79.17614379502406,76.31330621189146,77.43581748105784,26820800
2020-04-07,78.87158203125,82.2304120933648,78.64533776873797,82.18690128329104,22563800
2020-04-08,82.05636596679688,82.54365507731006,78.79325501857564,80.14200356055068,22903300
2020-04-09,89.4179458618164,90.83630906861951,84.31008699755968,84.33619082363329,42055900
2020-04-13,85.4413070678711,89.72250743322469,84.6668625292171,89.72250743322469,26911900
2020-04-14,83.10057830810547,88.75663861179851,81.48207436702019,87.90387582954651,46151300
2020-04-15,79.00210571289062,80.08110605796635,78.42779490157812,79.31536494836702,30118600
2020-04-16,75.99134826660156,78.8106749686102,75.74770365071188,78.51482268897784,32449600
2020-04-17,82.82210540771484,83.27458719638491,79.15001689330923,80.05498710946546,30191900
2020-04-20,79.80265808105469,82.41314741300474,78.71495419274217,80.46398390401765,23679400
2020-04-21,77.48802185058594,79.51549670092416,76.86150339566949,77.11385147550068,23035000
2020-04-22,77.7403564453125,79.9418743329641,77.60113382249028,78.91508176423599,16662400
2020-04-23,77.78386688232422,79.42847435447857,77.67074808688879,78.0884225922016,16638800
2020-04-24,78.9324722290039,79.27183521327741,77.00070961771424,78.87156109436035,15809200
2020-04-27,82.3348159790039,83.21367572796059,79.65471265398003,80.00277914170532,22870200
2020-04-28,82.91783905029297,85.58923938751768,82.69159479509769,85.11064704745408,20238900
2020-04-29,85.15415954589844,86.53771565656344,84.64075987647723,86.21575956578394,20462600
2020-04-30,83.32681274414062,84.26658376125556,82.27391628546054,83.18758347415798,19127600
2020-05-01,81.1427001953125,81.56907820878375,79.915767171947,81.36024094650637,18547700
2020-05-04,80.17682647705078,80.63801185193921,79.01081112460213,80.0724045164125,15725900
2020-05-05,80.05499267578125,81.97805202926975,79.96797770715784,81.49076289392542,18064100
2020-05-06,78.54961395263672,80.71632468157752,78.25376170848278,80.19422819030659,20978000
2020-05-07,79.36756134033203,80.84684232869678,78.81936107548405,79.48068013309914,16771900
2020-05-08,80.66412353515625,81.86495296353755,80.15073044937793,80.75114516356858,20487800
2020-05-11,78.28858947753906,79.2805750617328,77.73168552286252,79.2805750617328,31907600
2020-05-12,75.73027801513672,79.00209245967487,75.61715922528688,78.44518872087896,27962900
2020-05-13,73.11981964111328,75.58238332642566,72.57161916255195,75.16470202931774,35451600
2020-05-14,76.15668487548828,76.67008464622951,71.70145327517288,71.97990525019259,35152500
2020-05-15,74.74699401855469,75.94781642384625,74.22489760924601,75.57364611339209,26099000
2020-05-18,78.70624542236328,79.31536354224316,76.46992664358012,77.17476323031515,30504400
2020-05-19,77.15734100341797,79.35885202838162,77.08772637967766,78.35817002708245,19597300
2020-05-20,79.47199249267578,80.3943631959486,78.636636766139,78.93248901480493,20552400
2020-05-21,78.46260833740234,79.84617117507996,78.02752676963746,78.54962332319174,14621400
2020-05-22,77.85348510742188,78.62792965064577,77.20086285377363,78.32337392670664,13557900
2020-05-26,83.37902069091797,84.84089483673438,80.58579818064352,80.82944276514343,41233900
2020-05-27,88.20842742919922,89.26132388318203,85.97210874091142,88.81753888561342,39402000
2020-05-28,86.89447784423828,89.58327833172577,86.49420366028303,89.57458148166056,24713900
2020-05-29,84.67559051513672,86.30279831294204,84.21440501790924,85.85031630778091,26526400
2020-06-01,85.79808807373047,86.58993975281108,84.7364879337323,85.05845069975709,15176800
2020-06-02,86.08521270751953,87.38175352062655,85.21504984042193,87.25993125033816,21195000
2020-06-03,90.73190307617188,91.29751041619409,87.93868033536785,88.39116886291264,25941100
2020-06-04,92.62015533447266,92.76808145673067,89.44405893702972,90.34032579859156,26784700
2020-06-05,96.78825378417969,100.73878879357474,95.3089723895135,100.00785490635148,42231000
2020-06-08,98.7199935913086,99.36391901667479,97.40605218939069,98.6851929120937,24881800
2020-06-09,96.18783569335938,97.13631034314255,94.8564871319774,96.28355417125907,17031100
2020-06-10,92.28950500488281,96.16173515001994,92.10677153322916,96.11822433537077,24913300
2020-06-11,84.58854675292969,88.39116155717907,84.00553912025849,87.04240621466677,36259200
2020-06-12,86.9031753540039,87.99957588030101,84.69296068602686,87.63410903820197,24856800
2020-06-15,88.10401153564453,88.26064115503837,83.42253657192234,83.90112228092427,22153600
2020-06-16,88.80884552001953,91.9588383908177,86.41589695033294,91.68908994920199,22193600
2020-06-17,86.56379699707031,89.22649300164557,86.32884932677531,89.21778951490477,15639800
2020-06-18,86.09391784667969,87.46877015756898,85.38908139641433,85.85897015031925,16591900
2020-06-19,85.11064910888672,87.53840490954165,84.17087802380858,87.47749375922346,40371200
2020-06-22,84.18826293945312,85.23245579325317,84.00552952197893,84.62334440167251,16216900
2020-06-23,85.2150650024414,86.99019836382173,85.14545036737151,86.12003534189904,15381400
2020-06-24,82.36963653564453,84.26658558917964,82.06507416065512,84.1882741022284,22919800
2020-06-25,85.24117279052734,85.45871355611327,82.02157211538271,82.09988360436134,25743600
2020-06-26,80.56839752197266,82.98745649494964,80.05500448419556,82.76121223210366,41896300
2020-06-29,80.92516326904297,82.22170434857065,80.21162983695463,81.27322981516788,18499700
2020-06-30,81.8475341796875,82.36963731960013,80.55099309689012,80.77723734826445,19137000
2020-07-01,81.15138244628906,83.28327859452862,80.95124208648956,82.56974538290254,18755700
2020-07-02,81.41499328613281,83.43586641875945,80.77358150052216,83.24256405313683,27845600
2020-07-06,83.47102355957031,83.64674934881837,82.13549013216121,82.97019768635326,18625300
2020-07-07,81.11626434326172,82.68024670883167,80.83509904949082,82.43422791472081,25757200
2020-07-08,81.97732543945312,82.01246523072284,80.65936205106004,81.08989488095276,18762200
2020-07-09,80.20246887207031,82.69781651480501,79.76314771768473,82.17062576673526,25600800
2020-07-10,84.58690643310547,85.08773236573488,80.72088498295344,80.83510608916366,28954200
2020-07-13,85.79942321777344,87.22281947479716,84.55175274197202,86.74835852479515,32079200
2020-07-14,86.29145812988281,87.82029383100536,84.91199000858362,86.43204411336971,42731700
2020-07-15,87.62700653076172,88.99768648316906,86.67807116209079,88.6462281943825,22508400
2020-07-16,87.8730239868164,88.9361804341991,86.59020695021803,86.79229093833129,16886900
2020-07-17,86.24754333496094,87.93453517584528,86.22996673256085,87.86424217326434,16137700
2020-07-20,85.49191284179688,86.44962989209598,85.45676633946803,85.60613394673322,14458100
2020-07-21,87.34584045410156,87.90817102969395,85.7906397188623,85.85214441608305,17798100
2020-07-22,86.71321105957031,87.97845141796218,85.69398277003728,87.55670686633448,14271200
2020-07-23,86.96800994873047,87.29310328012295,86.08057942889934,86.54625873327852,12870200
2020-07-24,86.35295867919922,87.68849864422081,86.05422353388363,87.51276617329253,12744200
2020-07-27,85.14044189453125,85.78184703225148,84.49903005330215,85.67641424441193,11959100
2020-07-28,85.50948333740234,86.01030926793807,84.7889967934122,84.7889967934122,11754300
2020-07-29,87.58305358886719,87.6094117819522,85.2282922563253,85.28979694135965,12743500
2020-07-30,85.2458724975586,85.8784960224176,84.39359510249386,85.70277024484953,14834800
2020-07-31,84.91199493408203,85.16680201630119,83.6906826216065,84.77141564594918,14535000
2020-08-03,84.43753814697266,85.72914362168702,84.21787753436163,85.2458875925388,12962800
2020-08-04,83.95426940917969,84.30572094528573,83.49737168662847,84.2705811544818,13366200
2020-08-05,85.41281127929688,86.51990237781489,84.10363621970127,84.23543389630004,15260900
2020-08-06,85.43916320800781,86.19479601468221,84.82411636699739,85.73790503328988,10482100
2020-08-07,87.31948852539062,87.41613973588407,84.84171696371612,85.16681709933141,14743700
2020-08-10,88.42658233642578,89.65668320039684,87.89060986500633,87.96090287517848,14989900
2020-08-11,91.22064971923828,93.27667633134382,90.94827273224712,91.25579621812572,31518600
2020-08-12,90.44743347167969,93.51389298317304,89.36670057720052,93.27666253016983,19240800
2020-08-13,89.94660949707031,90.81646344711707,89.30519770537386,89.62150945148329,13598600
2020-08-14,89.98177337646484,90.77254619101188,89.11191255484763,89.1822055572326,12134400
2020-08-17,87.60942840576172,89.6215202029751,87.45127251373376,89.18219902550955,14988000
2020-08-18,86.38813018798828,87.78517524648697,86.21240436968505,87.78517524648697,13246500
2020-08-19,86.5902099609375,88.38263453217137,86.40568916049251,86.91530335403421,13533000
2020-08-20,85.55341339111328,86.13331389260865,85.05258748838611,85.45676219027914,13672600
2020-08-21,85.50948333740234,86.60778640467453,85.17560161821518,85.46554853330748,12228300
2020-08-24,87.91693878173828,88.04873645603006,85.59732384683252,86.50232426492349,17898300
2020-08-25,88.30355834960938,89.60395200917758,87.68851137086656,88.98011002622647,13648900
2020-08-26,87.06464385986328,88.1014418225389,87.02950407438922,87.81149501958019,12052400
2020-08-27,89.92904663085938,90.19264202737274,86.98559598617064,86.98559598617064,22163900
2020-08-28,90.2980728149414,90.71982409928117,89.45457694977114,90.62317290294308,13756700
2020-08-31,88.03118133544922,89.77967777754785,87.88180703764455,89.72696138038697,14219400
2020-09-01,87.98723602294922,88.62864782697906,87.02073087058967,87.4688403034459,11595600
2020-09-02,89.31401062011719,89.56881774712602,87.47764432667773,87.82031436215266,14475700
2020-09-03,89.0328369140625,92.24866464522268,88.42657150672092,90.78133343101437,23281200
2020-09-04,90.95704650878906,92.44195411744141,89.0679709564548,91.42273255137579,26325500
2020-09-08,87.79395294189453,91.0009992596801,87.40735481811234,90.48260342627466,22108600
2020-09-09,88.628662109375,89.34914861580397,87.47763599649352,88.56715740895459,13434000
2020-09-10,87.7148666381836,89.99054708699222,87.54792244802839,89.09433484741542,15922800
2020-09-11,88.80437469482422,89.0591817596515,87.5039811749313,87.83786953053671,13784300
2020-09-14,90.03446960449219,90.90432352771104,89.06796450052587,89.19097387538478,19017400
2020-09-15,87.23159790039062,90.36835033504481,87.10858852675776,90.26291755964984,23683000
2020-09-16,87.60063171386719,88.85709042920148,86.77471253773389,87.36340125030439,19270600
2020-09-17,86.5989990234375,87.28433907213683,85.85215427045772,86.7220084319984,18290100
2020-09-18,86.41448974609375,87.41614167385916,85.6149285457068,86.01031499484722,20121600
2020-09-21,83.7433853149414,84.39358536463833,82.43421032364648,83.64673413737857,28378800
2020-09-22,82.8296127319336,84.05093178552313,82.30242865406234,83.43587810841562,19257000
2020-09-23,81.48529815673828,83.77855546558767,81.41501185607798,83.27772954201768,19952700
2020-09-24,81.41499328613281,82.85596602539991,80.29032558646563,81.11625143830469,18366500
2020-09-25,82.126708984375,82.34636959182075,80.72088243742421,80.87903834292554,13293100
2020-09-28,84.4902572631836,85.16680896853782,82.89990994458125,83.523745250521,20894100
2020-09-29,83.7785415649414,84.3760185942337,82.88232937275734,84.3760185942337,12848200
2020-09-30,84.58690643310547,85.40404418671241,83.69948237756682,83.77855698105623,16400600
2020-10-01,85.20195770263672,85.90486762612291,84.37603167144295,85.33375540813718,15778700
2020-10-02,86.01029205322266,86.62533896639121,83.55009099353124,83.69067697568897,15149600
2020-10-05,87.82821655273438,88.01444277341739,86.48915361462863,87.18972278712867,13871900
2020-10-06,86.9237060546875,89.44220920201344,86.4714451475265,88.74163983131362,19220400
2020-10-07,88.44010925292969,88.98991807730224,87.50010151725525,87.75727299814746,16358500
2020-10-08,90.25804901123047,90.38219984561819,88.59087583108602,89.13182165193813,15659000
2020-10-09,89.74369812011719,90.55068523872662,88.77709431330365,90.45313719657136,13689100
2020-10-12,90.84333038330078,91.33993368295681,89.43332206361666,89.65502093177918,16058000
2020-10-13,89.37124633789062,91.53502944860018,88.91011567064248,91.33993336278702,21697300
2020-10-14,88.87466430664062,90.39108411053279,88.76824638917456,89.59296664382266,15204100
2020-10-15,90.204833984375,90.25803954618652,87.82822191491651,87.88142747672804,17171200
2020-10-16,90.01860809326172,90.74578009219353,89.31803887533643,89.92992990133587,13275000
2020-10-19,88.50220489501953,90.33787154353607,88.28936907655849,90.09843293919579,11725700
2020-10-20,89.00768280029297,90.24919131130943,88.7859838853666,88.95447046002515,11257100
2020-10-21,88.12088012695312,89.55748465127814,88.08540749150254,88.99880586578658,10730500
2020-10-22,91.23351287841797,91.55275977963866,88.06765341273965,88.07652326158252,14837200
2020-10-23,92.05824279785156,92.62579140192004,91.27786515868566,91.78333834561268,15087600
2020-10-26,89.77918243408203,91.07390316624605,88.90125670614675,91.02956744676824,12410700
2020-10-27,88.08540344238281,89.49540511673312,87.93464982293274,89.1318224600763,10391700
2020-10-28,85.61124420166016,87.1720062821589,85.19444920581277,86.46256712764678,16389500
2020-10-29,86.16992950439453,86.88823856338813,84.45841367261173,85.23879815490464,14208800
2020-10-30,86.94144439697266,87.27842430079279,85.3363464713339,86.82616340070324,15194500
2020-11-02,88.90123748779297,89.45991614557619,86.78179705552547,88.13859291422179,15011600
2020-11-03,91.70353698730469,92.88297000292823,91.06504306761202,91.3576804760432,17482600
2020-11-04,88.90123748779297,90.51520482043415,87.73066784835774,89.5663340276019,18886500
2020-11-05,92.53710174560547,93.20219831794913,89.56633840894622,89.61954396970582,17837400
2020-11-06,91.30447387695312,93.20221591372746,90.79900065717142,93.14014049255124,12552800
2020-11-09,103.6664047241211,105.43999588530122,97.85789096497084,100.34979114711399,47792400
2020-11-10,103.32942962646484,104.1541498792522,101.7065986744822,104.06547166442095,20539300
2020-11-11,101.78639221191406,103.71960678278525,101.05922013107516,103.65753136487388,14443400
2020-11-12,100.53600311279297,101.05920918340847,99.37429646670809,99.79109141283902,22063000
2020-11-13,101.16563415527344,101.85733357569217,100.71336654741779,101.71544304549711,11847900
2020-11-16,104.0211181640625,105.18281814097543,102.62884945541812,104.45564607848053,19858600
2020-11-17,102.96583557128906,103.25847973713167,101.60903941329033,102.32734166971004,14553200
2020-11-18,102.20318603515625,105.18281959227555,102.15884355184927,104.05658546712355,12571200
2020-11-19,102.47807312011719,102.7086418159542,100.70448233982738,101.2542979173735,10202500
2020-11-20,101.60017395019531,102.55791484391938,101.17450907552451,101.47602310460668,12718900
2020-11-23,104.52660369873047,104.79263832920569,102.48697103651836,102.91263591727797,13209200
2020-11-24,109.359619140625,109.51924259884697,106.15828689263246,106.47753380907639,20121600
2020-11-25,108.21566772460938,108.52604483645472,106.83226873140522,107.63038613737439,11715600
2020-11-27,107.49736785888672,108.49944448986317,107.37321701135738,108.18906737103983,5983600
2020-11-30,104.53546142578125,107.05396441261938,104.4379133698927,106.41547050706285,14411800
2020-12-01,106.18489837646484,107.81660572375203,106.08735032368452,106.71697435890361,12668900
2020-12-02,108.22452545166016,108.46395726377254,105.76809808655666,106.14942042859704,10811300
2020-12-03,107.51510620117188,108.09152474552322,106.73472843950049,108.05605210648623,12904400
2020-12-04,108.4905776977539,109.33303763341272,107.91416593185161,108.61473531449734,13583700
2020-12-07,108.0826416015625,108.33981312866628,106.60169462390476,107.43528462446785,9724300
2020-12-08,108.18905639648438,108.48170054985256,107.08943181603452,107.3377334859058,9592100
2020-12-09,107.34661102294922,109.34190114035933,106.80566516097205,109.22661338129673,13073900
2020-12-10,106.65489196777344,107.10715956785016,106.02526797371627,106.40659030991571,13668400
2020-12-11,106.0252685546875,106.43319367564798,104.9699865030097,105.47545967090775,9981600
2020-12-14,104.90792846679688,107.67472657437983,104.73943512768138,107.60378129836133,12112400
2020-12-15,106.69922637939453,107.21356935503559,105.1916768474394,105.78582816462188,12590200
2020-12-16,107.0096206665039,107.37321010066279,106.2913184140703,106.68151063302847,11169400
2020-12-17,106.12281799316406,107.70131293236092,106.04300964410288,107.5328263846608,11618000
2020-12-18,105.599609375,106.30904171296054,104.88130042195984,105.65281493977605,28954800
2020-12-21,109.56359100341797,110.84944182227112,107.38206803452823,109.22660437022195,28323600
2020-12-22,107.89640808105469,109.53697842145965,107.84320251548124,109.42169744081292,11788200
2020-12-23,110.9115219116211,112.19737278464545,108.4994368734364,108.88075923999814,14973200
2020-12-24,110.42378234863281,111.33718747678313,109.58132925617683,110.92925555724908,4164900
2020-12-28,111.15094757080078,112.31265430625523,110.66321409272982,111.57661239862243,8072600
2020-12-29,110.85831451416016,111.98454189503451,110.7518966116258,111.91359662667827,8389200
2020-12-30,111.16869354248047,111.60322147873326,110.76076839089636,111.28397453128252,7398000
2020-12-31,112.68511199951172,112.91568074045456,110.68982198134995,110.92925380661555,8580200
2021-01-04,111.6209487915039,113.3856698910516,110.65433820629697,113.06642297903028,16819900
2021-01-05,112.22833251953125,112.80890224892768,110.54914580592688,111.63882906106879,13731200
2021-01-06,117.49810028076172,118.58778346166159,114.22011700960473,116.00648790697696,24909100
2021-01-07,121.35665130615234,123.4288403838814,120.50813101077513,121.19588506505838,21940400
2021-01-08,121.49061584472656,121.78536753143004,119.79356191784676,121.44595402027902,12035100
2021-01-11,123.3038101196289,123.43778200316649,119.78466993732926,120.20446667758608,15937900
2021-01-12,125.24192810058594,126.52811181661234,124.00040619142406,124.5452475258833,18033500
2021-01-13,125.35809326171875,125.75108187499893,123.3484338561407,123.78608429309764,14816800
2021-01-14,126.09053039550781,127.50175991656467,125.04550884987079,125.48317303724173,18565600
2021-01-15,123.83075714111328,126.51923016775062,122.37486605866242,122.75000087896927,27881000
2021-01-19,123.29483032226562,125.67069757905813,123.09834283192467,124.92042801234733,19843800
2021-01-20,121.4459457397461,123.41094322158142,120.97256041640449,123.09833772951352,16028800
2021-01-21,120.42774963378906,121.61568351606722,119.97223164855012,121.19588681974044,13411700
2021-01-22,119.49883270263672,120.04367435405238,118.07867636872433,118.51634052441163,12933200
2021-01-25,118.0072021484375,118.94504597953481,116.1672493986161,118.02506960462411,14212800
2021-01-26,117.5248794555664,118.94503544694051,117.31051088693698,118.56990067349497,11307800
2021-01-27,114.20223236083984,115.97966915612226,113.74670770740417,115.74743315167795,17603900
2021-01-28,116.21189880371094,118.05185135687495,115.21153942619442,116.0243246059894,13761800
2021-01-29,114.92574310302734,117.6499513269952,114.49701949644678,117.17656588811133,14808100
2021-02-01,115.77425384521484,116.17619667389015,114.75602684558238,115.57775270240185,11080700
2021-02-02,119.33805084228516,120.03473173110658,117.20334634881928,117.84643849678923,12253600
2021-02-03,120.70462799072266,121.25839652938016,119.24873681200762,119.37378176037794,10600800
2021-02-04,123.48242950439453,123.84863744871977,120.99938427266339,120.99938427266339,12419500
2021-02-05,123.24127197265625,124.58998577153352,122.70537084810438,124.50066210300237,10051300
2021-02-08,125.17051696777344,125.31342934960728,123.41987436249607,123.43774181744402,10136400
2021-02-09,124.67034912109375,125.02761648079313,123.74143217967354,124.53636363954938,8614800
2021-02-10,124.74180603027344,125.82254865829753,124.18802390204192,125.04548465063755,10323200
2021-02-11,124.39346313476562,125.53673502447933,123.45561929256468,124.74180357571159,9201000
2021-02-12,126.16197967529297,126.48352579696565,124.15231982205822,124.1969816556835,8324600
2021-02-16,129.1987762451172,129.797220203525,127.18911666117317,128.21628418140367,12130600
2021-02-17,129.60073852539062,129.8508284430795,127.83222801317574,128.57357085092428,10810100
2021-02-18,130.03836059570312,130.21699426510168,128.08228988793198,128.61820452500297,10587800
2021-02-19,132.20880126953125,132.94120341040292,130.27952491050868,130.27952491050868,11969800
2021-02-22,133.4503631591797,134.1470442234295,131.11021639801902,131.18167261343945,11488400
2021-02-23,134.52212524414062,136.04053173414349,133.6110758985893,135.32598349506154,16234400
2021-02-24,136.88906860351562,137.3356596041352,134.07555075116264,134.07555075116264,15061400
2021-02-25,135.03125,138.3538881741553,134.50427588397628,137.7911927743655,18127700
2021-02-26,131.4495849609375,134.7543554253962,130.86008160742531,134.2452488047265,19829200
2021-03-01,134.4239044189453,135.20990901864891,132.61967278275162,133.54858978765174,14845500
2021-03-02,133.9862518310547,135.56718808114692,133.83441249828218,134.0487811245436,14221700
2021-03-03,136.57647705078125,138.42535689545235,134.70972974817252,135.07592404819292,14324100
2021-03-04,134.4774627685547,137.88942411983138,132.7446877266078,136.30848836325754,20093900
2021-03-05,134.79010009765625,137.09451131375187,132.1641428135269,136.85334835550762,18465100
2021-03-08,136.57647705078125,138.8540941126931,134.6472004598293,136.1834747494158,17133300
2021-03-09,135.61183166503906,137.77333058066108,133.81654065916794,135.31707995442562,16238800
2021-03-10,138.559326171875,139.47930252928592,135.32599810739507,135.68327907995183,14342200
2021-03-11,137.8358612060547,139.4703723725414,136.97840043694342,137.64828697788528,11771500
2021-03-12,139.4703826904297,140.79230204180706,138.50575799352276,140.10454799280862,12849500
2021-03-15,138.77369689941406,140.15813186406453,137.51432051102915,139.64902516001044,12101100
2021-03-16,137.1123504638672,138.08592910631165,135.93335742653332,137.63039760851555,12805600
2021-03-17,138.5236053466797,140.12240890009343,136.70151990241627,138.74690086640632,13952400
2021-03-18,140.81015014648438,144.4186133994361,140.3278378176404,140.7655019453684,21898500
2021-03-19,138.56825256347656,139.2828008770234,135.04018644962878,138.89872553658083,54418800
2021-03-22,134.84368896484375,137.52323499136293,134.5221428965064,136.47821367648555,19944800
2021-03-23,133.49501037597656,135.87086454130545,133.04841930017278,134.2720744866342,17076300
2021-03-24,134.5310516357422,136.81759508885142,133.8522383071235,133.97728322631312,13079800
2021-03-25,136.2548828125,136.6300175233901,133.37883640013675,133.97726655528567,15608300
2021-03-26,138.5236053466797,138.84515144024112,136.25492886296303,137.8179975010494,16754400
2021-03-29,136.3710479736328,137.30889198340947,134.90622975139595,135.8708681361195,17570300
2021-03-30,137.978759765625,139.2202822744483,137.44285871101783,137.96090593735167,13184300
2021-03-31,135.96908569335938,137.98768564155938,135.87083513279322,136.9069294753317,16736700
2021-04-01,137.29100036621094,137.36244292715398,135.3617241277569,135.67432962572536,16561500
2021-04-05,138.0187530517578,139.20470390905916,137.10235143563946,138.71953720956438,13508000
2021-04-06,137.04840087890625,138.61169562687007,136.43746661296342,137.27301148417524,13071600
2021-04-07,139.1957244873047,139.4652600460213,137.14727617569505,137.551586368344,16903500
2021-04-08,139.36642456054688,139.7168166584517,136.84180281549575,138.36017314279914,12335500
2021-04-09,140.40859985351562,141.09141125250915,139.23164231288095,139.98633076058093,12122400
2021-04-12,140.11212158203125,141.28009971097828,139.7707227141701,139.77970220493222,12273400
2021-04-13,138.44100952148438,139.43828130238288,136.9495915952496,139.0339848958879,16113600
2021-04-14,135.853515625,138.20743092019464,135.6019390770913,136.08710577266586,19939600
2021-04-15,136.7160186767578,136.74297085997384,134.15546530720573,135.88945307012315,17694100
2021-04-16,137.73123168945312,138.8183393875877,137.1831812411653,138.24333676226476,13773400
2021-04-19,137.147216796875,138.25231073824048,136.76089317365606,137.83902123259173,11900200
2021-04-20,134.11053466796875,136.3386685426584,133.55349091743645,136.32968905168806,13716700
2021-04-21,135.25149536132812,135.31439290157735,131.88233679732477,132.780779081059,12236700
2021-04-22,132.4034881591797,135.03593223684078,132.3046589198993,134.9730346713229,15256100
2021-04-23,134.93707275390625,135.78161084407887,131.7925242023279,132.23275222569688,14041900
2021-04-26,135.26953125,136.97658061219545,135.1078181437555,135.4671897415084,10799100
2021-04-27,135.88943481445312,136.17694300899575,134.86521086239927,135.21560290628227,12821200
2021-04-28,136.76988220214844,137.36285747412603,136.02417336783898,136.9495679396481,8943700
2021-04-29,139.4293212890625,139.5101778398273,137.64141542587308,137.94688264597158,12976900
2021-04-30,138.18943786621094,138.80038589114045,137.4706811288828,138.44999386670034,11705100
2021-05-03,137.78517150878906,139.6898656249663,137.57853352861733,139.12385605239612,11801100
2021-05-04,139.6898651123047,139.83361923239548,136.68906982843336,137.3449291512699,12977700
2021-05-05,141.52267456054688,142.20548596444138,138.9261761348996,140.15703804361252,10506700
2021-05-06,144.37074279785156,144.4875447221395,141.19924153392924,142.01682758565266,13542400
2021-05-07,144.86489868164062,145.09848883673504,141.0734695793917,141.25315536862948,14257800
2021-05-10,144.84690856933594,147.10199442771832,144.75705883094972,145.0984713858429,14014300
2021-05-11,142.4390869140625,145.8980964840238,141.98986560415304,144.72113884552448,15451700
2021-05-12,141.4597930908203,144.45160877289936,141.08244882134372,143.40043251311164,14381700
2021-05-13,145.09849548339844,145.952013303236,141.66643780240958,142.11565915065538,15395000
2021-05-14,147.35357666015625,147.74889362651166,145.53873234610217,145.89810392870868,10584000
2021-05-17,147.946533203125,148.10825999103332,146.47308796809926,146.77855514519288,9886800
2021-05-18,145.86216735839844,148.6922561765903,145.7633381201267,147.95552663508326,11098100
2021-05-19,144.7480926513672,144.81097650670387,142.52893825878533,144.64926341371245,13278900
2021-05-20,144.4965362548828,145.4219311082106,143.3195785506978,144.4965362548828,10426000
2021-05-21,146.14068603515625,146.64381173015443,144.59536356672075,144.95473514624885,10249000
2021-05-24,146.93128967285156,147.55121723036257,145.65550288758993,146.76957659305504,9440300
2021-05-25,145.41293334960938,148.87192896894084,145.15237733093014,147.20981846380093,12609100
2021-05-26,145.39498901367188,147.1110179225659,144.9277949543129,146.9582843031722,13058300
2021-05-27,147.65904235839844,148.0184139039455,146.0598156751664,147.2996571037057,15707500
2021-05-28,147.5602264404297,148.1891335564522,146.67974276885124,147.95552969253887,10291300
2021-06-01,149.1864013671875,149.95906257690723,148.67428248799285,149.02467456512466,9445400
2021-06-02,149.19534301757812,150.4351979187231,148.71916964145728,150.27347115767924,10498600
2021-06-03,149.29420471191406,150.2645243618595,147.93756132561379,148.61139327342482,13354400
2021-06-04,149.5367431640625,149.7433810608022,148.26993619225016,149.3301052673228,8510800
2021-06-07,148.8360137939453,150.12977341301186,148.36881977391639,150.0399236636862,7267200
2021-06-08,148.24302673339844,148.92583816366582,146.58989566486952,147.78482594969682,10370700
2021-06-09,146.39219665527344,147.54220175046007,145.7992214223716,147.47032471836812,12377400
2021-06-10,144.11016845703125,148.45864048366755,144.02931192394246,147.6680067135256,12119400
2021-06-11,144.01133728027344,144.82892321700984,142.90625688229923,144.1371186775295,13683800
2021-06-14,141.567626953125,144.0473239422383,140.7500407820563,143.88559712275915,19917900
2021-06-15,139.42030334472656,140.9835982611355,138.4769496682651,140.7859398104696,24485500
2021-06-16,140.39962768554688,141.61251695921734,137.56054580473,139.01601841679295,25321200
2021-06-17,136.34764099121094,141.46877466399062,135.88944021075147,141.1453347868587,29722400
2021-06-18,132.89759826660156,134.49682464311798,132.57415845398347,134.1374531664948,43595700
2021-06-21,135.1527099609375,135.8445145821668,133.8859163492875,133.93982071031783,18664800
2021-06-22,134.95504760742188,135.63785894000372,133.5624590561139,135.30543961757024,14251200
2021-06-23,135.7726287841797,136.59919425473487,134.84723408838718,134.94606331362448,12733300
2021-06-24,137.0214385986328,137.56948898344,135.86245399293492,136.49136089948192,13733200
2021-06-25,138.4050750732422,138.80937147162177,136.26677745587912,137.09334294187485,15484900
2021-06-28,138.65663146972656,138.7913923599021,136.67106752989227,138.09060831270045,14125800
2021-06-29,138.48593139648438,140.43555004670503,138.00975795104154,139.25859252271817,14528700
2021-06-30,139.7437744140625,140.22894115921213,138.099636303133,138.13556797985063,12531000
2021-07-01,141.12734985351562,141.1812542101703,139.6359320100616,140.3906204215162,10479400
2021-07-02,140.9918212890625,141.25387879888638,140.16952381611307,140.91953003766784,11424000
2021-07-06,138.62432861328125,140.7659033091563,137.6664937499472,140.7659033091563,15083400
2021-07-07,138.78695678710938,139.410456632814,136.9435785281136,137.35923589982107,12271800
2021-07-08,136.3924102783203,137.82916282470237,135.5791439739955,136.99783404714518,17834600
2021-07-09,140.75685119628906,141.10021732261495,137.8743020106613,138.2990043928277,13694500
2021-07-12,142.77194213867188,143.82014451669295,139.10324760374343,139.47373506654927,19940400
2021-07-13,140.64845275878906,142.22075658148037,138.7056752011974,141.00990904523115,22671700
2021-07-14,140.16949462890625,142.12131664569867,138.20864137812495,140.91950069428879,14622800
2021-07-15,140.4767608642578,141.44362702282342,138.8863809576139,139.06710218660183,11539300
2021-07-16,137.26890563964844,141.2177202859913,136.46468446071452,140.92856908083036,14002700
2021-07-19,132.80503845214844,135.38036108277066,131.66648216487891,134.23275977068187,22172900
2021-07-20,135.28094482421875,136.55503843745947,132.22670507035068,132.39839506193204,15385200
2021-07-21,138.12733459472656,138.84118822893794,136.77190478271032,137.395404702341,12356700
2021-07-22,136.3833465576172,138.651441358785,135.5158791643634,138.14541641469606,9913300
2021-07-23,136.12130737304688,138.10926848579777,135.7688961475508,136.8803448144006,9666100
2021-07-26,137.0339813232422,137.3141151335752,135.69662744886944,135.71470371137605,8208000
2021-07-27,136.85324096679688,137.79301345193176,135.36227353953115,135.90443724574303,11218700
2021-07-28,137.0791473388672,138.0460273296446,136.33818612980343,137.6122798145303,9217300
2021-07-29,138.2538299560547,139.0399747730105,137.2688876792478,138.38033617703775,9063500
2021-07-30,137.1514129638672,138.8592538445886,136.6273118221453,137.8743115658334,9805200
2021-08-02,136.6002197265625,139.56409191933767,136.5098660087234,137.3773333983356,10203200
2021-08-03,138.1544189453125,138.54298259616996,135.10922488996408,137.30501419929843,10394800
2021-08-04,136.66348266601562,138.5881837337809,136.36528643565293,136.67251390154934,10155000
2021-08-05,138.38937377929688,138.87733621707352,137.35924770727846,137.6032289261668,9151500
2021-08-06,142.3201141357422,142.60927908118398,140.1604634314938,140.23275466785427,13328800
2021-08-09,142.16650390625,143.2689211584596,140.87432043043484,142.33819387328745,9516900
2021-08-10,143.91049194335938,144.5610993365849,141.24481615096997,141.63337985521463,8667000
2021-08-11,145.6273956298828,145.93462310621447,143.7478644640921,144.57919317024343,9156500
2021-08-12,146.19668579101562,146.72078708881935,145.07620572301636,146.27802207671567,8844200
2021-08-13,144.5611114501953,146.53101005257088,144.19063776068094,146.1966613050539,8980900
2021-08-16,143.61231994628906,143.70268746152558,141.66954246202675,143.62136497070088,8755800
2021-08-17,141.87738037109375,143.54908299398573,140.30509029427535,142.3834191857187,9347200
2021-08-18,140.58522033691406,142.78101061664913,140.3683465437438,141.244859165769,8065500
2021-08-19,139.4104766845703,140.56710905032966,138.26287555405372,138.39842681156725,9517700
2021-08-20,139.8080596923828,139.97070464171887,138.39841497889336,139.47372477109585,6974100
2021-08-23,141.59725952148438,141.9496707905638,140.27798196570924,140.35930446130885,7934600
2021-08-24,142.47377014160156,143.26896018950765,141.75087135151855,141.86834636899948,7670900
2021-08-25,145.41049194335938,146.18760549820493,142.5912026691027,143.23276498536686,11335000
2021-08-26,146.16053771972656,148.04006900927814,145.61836019437902,146.6213789645689,11027500
2021-08-27,147.33523559570312,147.4346343417226,145.71774816394472,146.16052690314902,8780200
2021-08-30,144.97674560546875,147.7327884239802,144.47072078399955,147.47977601324558,7937600
2021-08-31,144.53399658203125,145.81713515291378,143.99183292866763,144.97677528553487,12340800
2021-09-01,144.32620239257812,145.2659612227444,143.6484873226611,144.77801243918947,8729900
2021-09-02,144.994873046875,146.03403054437388,144.06413175035317,144.59727803589024,8813300
2021-09-03,144.11837768554688,145.38344033638268,143.81113636621637,144.9316302770629,7959700
2021-09-07,143.86534118652344,145.82619486270292,143.63943619450072,144.57016365858254,9285600
2021-09-08,143.22377014160156,144.19968139714405,142.80809887440594,143.5761813904241,7852700
2021-09-09,143.8472900390625,145.32922649391918,142.84427114785072,143.01596117786474,7904300
2021-09-10,142.193603515625,145.22976640802116,142.0670973029478,145.08518393977775,8311600
2021-09-13,144.4526824951172,144.62437248784184,142.83520888794274,143.25086633419053,10052800
2021-09-14,141.93154907226562,145.78999515981832,141.19960555295182,144.9857742000177,11685600
2021-09-15,142.91653442382812,143.3954518936822,141.38941450411954,141.61531949133925,11691500
2021-09-16,142.853271484375,145.3472713166329,142.06712655715245,144.04605641078462,10880900
2021-09-17,142.48277282714844,143.68458889485657,141.8683179410001,142.21169789981525,25581600
2021-09-20,138.2176971435547,139.66348061833293,135.9857550300453,139.05805697857556,15819900
2021-09-21,138.2357940673828,139.6544841916885,137.87435155563702,138.7327878621443,8999900
2021-09-22,140.8833770751953,142.09422439041674,140.15144718745915,140.24180090146592,11236200
2021-09-23,145.6454315185547,146.12436269361186,142.47373101100968,142.7719271970745,12336100
2021-09-24,147.32618713378906,147.82318085228866,145.32016357682443,145.88040352050805,10102400
2021-09-27,150.88645935058594,151.2659780849695,148.7448844250835,149.09729566330728,13220900
2021-09-28,150.07321166992188,152.98286918102644,149.69369292344916,151.53707166176625,13387900
2021-09-29,149.9557342529297,150.81417048391154,149.13343675468371,150.1906842742267,7777100
2021-09-30,147.9135284423828,150.89547656368518,147.10026234304,150.83221655887388,13161200
2021-10-01,151.0220184326172,152.07925220198425,147.83224086342554,148.19368335635284,11285000
2021-10-04,150.85934448242188,154.012983000319,149.75692706530694,150.87742074169392,14120000
2021-10-05,153.3229217529297,154.668334205207,151.51387722612205,152.00478014371504,12292900
2021-10-06,153.65016174316406,153.72288860371654,150.90478171003699,152.7138259543002,8692600
2021-10-07,154.6228485107422,155.91371902923046,154.12286003179923,155.63191112416166,10195400
2021-10-08,154.74102783203125,155.75917607758166,153.90468979158203,154.55921762693004,8190100
2021-10-11,151.48658752441406,155.71373412767747,151.32296248640782,155.2683011656178,12154700
2021-10-12,150.32296752929688,151.53202547151741,149.78662258483766,150.67750227391576,13032600
2021-10-13,146.3594512939453,150.36843089761376,145.99583087648955,149.15028724078414,22753500
2021-10-14,148.6048583984375,149.09574740083943,145.50494338307175,147.04126547044433,15176800
2021-10-15,151.4593048095703,151.96837893842783,149.21391337810758,150.3138880196409,14267400
2021-10-18,151.40478515625,153.2774569188819,150.82298408561454,151.3411439452714,12672900
2021-10-19,153.2411346435547,153.3138476562952,151.43208981666064,152.1775161027465,8053900
2021-10-20,155.30467224121094,155.3319430834388,152.2320417566057,152.9956530814497,8185600
2021-10-21,154.08653259277344,155.75012337026988,153.34109256156668,155.23194961132384,8415200
2021-10-22,156.15919494628906,156.4410028955807,154.26833795634565,154.56833109078798,8817900
2021-10-25,155.39556884765625,157.23188397875822,154.97739285634822,157.00461773529815,10159200
2021-10-26,155.81373596191406,156.8046273572956,155.03193950450384,155.45011550921535,8015100
2021-10-27,152.5684051513672,155.17741768216777,152.12295823608497,154.83198235905027,9847000
2021-10-28,154.86834716796875,155.0047013987189,152.68659624856213,152.99567508575183,7212900
2021-10-29,154.44107055664062,156.5773791077354,153.98653800289557,155.61375844196044,8140100
2021-11-01,154.3592071533203,156.65914000757414,153.64103818720247,156.39550344539936,7435500
2021-11-02,154.96832275390625,156.07738324300257,153.55926912878567,154.35925082485042,7173800
2021-11-03,155.02285766601562,155.568302229728,153.76834349221608,154.6592372043617,8402700
2021-11-04,152.98654174804688,154.7228592158086,151.35023585571264,154.54104899124158,9574200
2021-11-05,152.76840209960938,154.62288891280184,152.18660095515355,153.54109915875898,7975600
2021-11-08,153.6865234375,155.37738485666858,153.39562985667862,153.67743778133493,6413700
2021-11-09,152.52293395996094,153.15019106789103,151.45024385225526,152.13204264413895,7990300
2021-11-10,152.37745666503906,153.58651466694553,151.8956533696245,152.22291729398438,6999200
2021-11-11,152.368408203125,153.34110068690168,151.72296585236114,152.2865956698718,5815300
2021-11-12,151.6865997314453,152.48658144025885,150.6502660955879,152.40475504096125,8113400
2021-11-15,151.41387939453125,152.53202557293687,150.9048051627769,152.00478002664306,6492500
2021-11-16,150.32296752929688,151.87747456107445,150.104786966751,151.86837503478353,9706100
2021-11-17,149.51393127441406,150.50480885903846,148.53213934673073,150.18664441131708,9909600
2021-11-18,148.22308349609375,149.85940362881541,147.77763655486464,149.44122753386216,8122500
2021-11-19,146.2867431640625,147.368532770646,144.95041645842775,146.63219231473127,12193600
2021-11-22,149.40481567382812,150.88658196700422,148.16848690619858,149.23209113058718,14549900
2021-11-23,152.97747802734375,153.23201515248212,150.33209518619176,150.45027809116064,12354400
2021-11-24,151.77748107910156,154.03195813634014,151.30476344942542,153.14107842255893,9629800
2021-11-26,147.20489501953125,147.8594229569205,144.37771606630506,147.39580478094965,13619300
2021-11-29,146.56854248046875,149.79572592576662,145.28677140396104,148.45939929875942,12104400
2021-11-30,144.38677978515625,146.0230993800097,143.89587697108544,144.68677286681518,18922600
2021-12-01,143.53225708007812,148.4230307004278,143.4504445678461,146.35944948523212,12253400
2021-12-02,146.5503692626953,148.40485568987356,144.35951936568208,145.2958551709029,12969900
2021-12-03,143.89590454101562,147.11400267267487,142.89594128179277,146.81400953353835,12681800
2021-12-06,145.59584045410156,147.82304672678535,144.95949778636762,146.36853731091074,11186500
2021-12-07,147.78672790527344,148.5321541142817,146.5049427163116,147.1594707331758,9851600
2021-12-08,146.09584045410156,148.42304460604396,145.60493759225787,147.86851440802403,11705700
2021-12-09,145.86856079101562,146.29580853492627,144.22314166077882,145.13220656597437,11189600
2021-12-10,145.28680419921875,146.99583731074875,144.6595470035774,146.65040197366213,10405400
2021-12-13,143.55955505371094,145.25950230604596,142.97775396025926,144.99587953750176,12069000
2021-12-14,144.65953063964844,146.25948018703104,142.99593987846535,143.1322940919917,12563600
2021-12-15,143.57774353027344,145.31406119331743,143.04139845254755,145.31406119331743,14014200
2021-12-16,145.82315063476562,147.10493588332437,144.2686430546276,145.80496544699795,19542800
2021-12-17,142.50503540039062,144.8867953165767,141.06871092503278,144.83225363176587,28082000
2021-12-20,139.94149780273438,140.63238235464902,138.03245535203857,140.45965774886187,15148000
2021-12-21,141.89593505859375,142.88681245755674,140.98687017046709,141.27777759285772,11291300
2021-12-22,142.45050048828125,142.77776448393791,141.1232731906752,141.5868914048418,7273000
2021-12-23,142.9595489501953,144.65041031094265,142.91410679970917,143.2777272309801,8055200
2021-12-27,143.77774047851562,143.81409697940933,142.12323532758276,143.2686662386079,6188100
2021-12-28,144.21408081054688,145.58676405985435,143.7050065954721,143.8140899640647,6342300
2021-12-29,144.14137268066406,145.1140790811814,143.76865262787328,144.4050093506805,6398900
2021-12-30,144.06858825683594,145.6685512117048,143.96859057215664,144.6413035301109,6948200
2021-12-31,143.95046997070312,144.8049795475182,143.595935122176,144.0413681616495,5805900
2022-01-03,146.9958038330078,147.85032712977528,145.00494931633267,145.3231276063991,13120900
2022-01-04,152.5684051513672,153.2502040110175,149.2957650765523,149.36849195279632,20195800
2022-01-05,149.7791290283203,153.96760558416577,149.7334005291332,153.4737740743298,17539400
2022-01-06,151.370361328125,153.06220385707408,149.8614048540947,152.6415352311332,14047500
2022-01-07,152.87017822265625,153.20854396964614,150.94969305706596,151.507547208642,13913300
2022-01-10,153.0165252685547,154.8363996269892,151.3795370080042,154.61692514602476,12922500
2022-01-11,153.17196655273438,154.11391492814508,152.09283269424665,153.87613233922923,11854100
2022-01-12,154.04075622558594,155.09244185193165,152.8884595363478,154.05905041469163,12568000
2022-01-13,153.8487091064453,155.29364311504668,153.53777764942913,153.94930621952446,13623400
2022-01-14,144.39260864257812,147.26418191992383,143.48723479824957,147.01725924340226,40158400
2022-01-18,138.3385467529297,142.4630001694552,137.6709414372029,142.4630001694552,32324800
2022-01-19,136.1985626220703,139.2164615974387,135.85105679283174,138.61289296586594,22380000
2022-01-20,135.0371856689453,137.73500007869006,134.76282858648057,136.25349136951368,14860800
2022-01-21,132.6776885986328,134.89995085025384,131.93693451475914,134.89081073411833,20705400
2022-01-24,132.55877685546875,133.04346806897442,127.63870193949401,130.1170266041175,28471400
2022-01-25,134.0037384033203,134.2963895881903,128.7544228983218,131.3699335569968,18915900
2022-01-26,135.27496337890625,137.6984348220572,133.4825230355401,136.00657766277035,20709100
2022-01-27,132.88804626464844,137.52463961116757,131.8089262871814,136.64669990467686,17536800
2022-01-28,134.07693481445312,134.21410637026636,130.01648930982083,131.86381200292598,14117000
2022-01-31,135.89682006835938,136.07056605026355,132.30277189059896,133.18985180945276,13985700
2022-02-01,138.22879028320312,138.52144147139185,135.62243366598383,135.97909358010338,14584900
2022-02-02,137.1222381591797,138.0367522043076,135.4121013601911,137.634363791751,12441100
2022-02-03,135.98825073242188,138.68606467250603,135.61329658347492,137.17712191321206,12474900
2022-02-04,139.51828002929688,140.37792558479688,136.05227745283023,136.35406880450867,16654400
2022-02-07,139.98464965820312,140.48762114073494,137.95442767968925,140.1675496477033,12572300
2022-02-08,142.61846923828125,144.9321887646612,141.5667836187913,141.7496836455229,20411400
2022-02-09,143.21292114257812,143.9719556054804,142.49960122356796,143.20376707029692,9131100
2022-02-10,142.61846923828125,145.4351743039563,141.95087786124097,143.26778038071268,16455600
2022-02-11,140.7620086669922,144.66698778314648,139.89322306243866,142.3075397294559,16830000
2022-02-14,139.45425415039062,140.5425141610301,137.46976031304501,139.67372859417407,17026500
2022-02-15,141.4936065673828,142.60931475877337,140.6979838563199,141.301552488311,9500000
2022-02-16,141.7496795654297,142.75565061506424,140.59739687124778,140.59739687124778,9076500
2022-02-17,138.48487854003906,140.58826398988424,137.78985277195616,139.92067253143756,11367500
2022-02-18,139.1342010498047,140.96322959730017,138.21054665689644,139.12506093064417,11733300
2022-02-22,138.88726806640625,140.1401620182049,137.55208513945854,137.72584507138257,11333500
2022-02-23,135.97909545898438,140.1950057607412,135.32064423083838,140.03038597651624,11799000
2022-02-24,132.1929931640625,132.59538153141634,127.83075775161359,130.72062515863166,25655100
2022-02-25,135.32061767578125,137.29597097257974,132.52220748250383,132.8331388474515,18367700
2022-02-28,129.67807006835938,132.65938027274373,128.83671897916577,131.27846934717178,31315300
2022-03-01,124.78544616699219,128.47093687402202,122.16079516512241,128.06854843728007,36840400
2022-03-02,127.37353515625,128.06856091647003,124.9317839455957,125.55364689615375,19405600
2022-03-03,126.46813201904297,128.9281768553126,125.34328373207103,127.88563147740243,16640800
2022-03-04,122.91069030761719,123.84349860328908,121.08166209497777,123.40453573948142,21016000
2022-03-07,118.16438293457031,121.34688836288605,117.92660031777905,120.87133708368243,27560100
2022-03-08,117.33216094970703,120.52380620420793,116.39020557286221,118.55760648555768,19207800
2022-03-09,122.03276062011719,123.67888874895243,121.11824654347288,121.53891520427793,17536200
2022-03-10,120.58783721923828,122.04191137884122,119.17949155833037,120.58783721923828,15604200
2022-03-11,117.8717269897461,122.61805761079104,117.44190422743786,121.16398347670744,20061800
2022-03-14,119.04229736328125,121.55721110956664,118.18265188639602,118.3930001741463,15786900
2022-03-15,121.15484619140625,122.13338315525107,119.92026030351848,120.53298318791556,15096600
2022-03-16,126.5687255859375,126.65104244708003,122.93810407409815,123.34049244634869,20354900
2022-03-17,128.16912841796875,128.2057167915344,124.30073819876651,125.16038357067276,17050500
2022-03-18,128.1234130859375,128.80929856508197,126.62361072971662,128.20571599438463,23656500
2022-03-21,127.7119140625,128.72702547499043,126.87056259651216,128.35208522422124,12676100
2022-03-22,130.42800903320312,131.62602038683798,129.6049518457166,130.10793744001575,13548600
2022-03-23,127.8307876586914,129.48605604899,127.30036777348116,128.92820185543945,12093200
2022-03-24,128.66299438476562,128.68128857447812,127.21806039379798,128.30633443445183,10017600
2022-03-25,129.787841796875,130.9401245606014,128.76359045134046,129.0287934053171,8383500
2022-03-28,128.82760620117188,128.91906319959588,126.11149800964785,128.0319833415222,10818100
2022-03-29,129.111083984375,131.32422021557645,128.25145251833695,131.0955917082056,11316500
2022-03-30,128.52578735351562,129.97072110232304,127.94965304072036,129.76952691233873,8771000
2022-03-31,124.66654205322266,128.35203196886465,124.61165949732467,127.87648083170527,17353900
2022-04-01,123.74286651611328,125.66335117828933,122.36195562947647,125.65419710901182,15721300
2022-04-04,124.2916030883789,125.23355140718078,121.52976685672725,122.65461518759598,17416400
2022-04-05,122.8451919555664,124.74305308098731,122.54116361152121,123.51774589443035,12110300
2022-04-06,121.14082336425781,122.12659957829952,120.65253919189603,121.2237363615685,12914700
2022-04-07,120.77227783203125,121.5369525939624,118.59802611672505,120.64329739374247,12994200
2022-04-08,122.98336791992188,123.36108724401784,121.14078251488615,121.30660845359007,13126900
2022-04-11,122.53195190429688,124.28240273694712,122.13580271731922,122.53195190429688,10466400
2022-04-12,121.18684387207031,123.98758174425359,120.41296132494543,121.73962515305205,12989900
2022-04-13,117.28057098388672,119.07708905163332,116.09210248179824,116.94890502847106,30838000
2022-04-14,116.1934585571289,118.20187728213433,115.18003078343743,116.54354731509986,18835200
2022-04-18,118.34928894042969,119.06789625850188,115.65910840272193,115.77887394609836,11834400
2022-04-19,120.79991149902344,120.98418131146893,118.13737577981641,118.34006132725608,15015400
2022-04-20,121.22371673583984,123.00180521566485,121.00260138766009,122.08973427727702,13430200
2022-04-21,120.28398132324219,122.3568900474924,119.73121409812933,121.81333068923055,12174200
2022-04-22,116.82913970947266,120.24714224115158,116.71858907008892,120.02602690457137,14318800
2022-04-25,116.79228973388672,117.11474784963094,113.42036160895931,116.09211223929813,17149000
2022-04-26,113.33743286132812,116.46062180137488,113.19924456969835,114.82992967108362,17209500
2022-04-27,111.86336517333984,113.83493111638887,111.67910943299928,112.7017449583731,17215200
2022-04-28,113.63225555419922,113.91786111436242,111.60541411700423,113.14397147344175,13015600
2022-04-29,109.96551513671875,113.881009749162,109.54172126919369,113.3650880024196,14874800
2022-05-02,110.9697265625,111.20926468366375,108.91524733966624,110.44458989269557,18545000
2022-05-03,113.34666442871094,114.39693777301304,111.27375540249776,111.96472507790214,15720900
2022-05-04,117.0963134765625,117.37270412813052,113.0794763061696,113.13475865382695,17128500
2022-05-05,114.16661071777344,116.17502945472594,112.54514032803523,115.39193192132069,15055400
2022-05-06,113.98236083984375,114.50749752148793,111.6422759867026,114.05606596015696,14417900
2022-05-09,112.26873779296875,113.62303929285274,111.01577906034859,112.49906098604,14312300
2022-05-10,109.53250885009766,114.03763042612043,108.30718764496248,113.42036588960516,16382400
2022-05-11,108.8415298461914,113.21767060664844,108.65727409941884,109.91023285840956,14630300
2022-05-12,108.74940490722656,109.00736577123126,106.2895547740164,107.79125953456169,16318800
2022-05-13,109.71676635742188,110.78546947844896,108.67570792724085,110.01158682852471,10443200
2022-05-16,108.95209503173828,110.05764364649367,108.00316451544036,109.21005590658743,10269000
2022-05-17,112.56356048583984,113.29138267946169,111.3013867532693,111.51328720109606,11160200
2022-05-18,110.63805389404297,112.3700889335015,110.1221321523693,111.75282441701243,12664900
2022-05-19,108.9981460571289,110.23268203174884,108.37166668842015,108.88759542253129,12765800
2022-05-20,108.10448455810547,110.2510982859625,105.96708572555627,110.05762765793197,13150100
2022-05-23,114.79308319091797,116.60803115868501,110.96971660795931,110.97893150419087,24376700
2022-05-24,116.41456604003906,117.45562443864367,113.4203642530605,114.57198032497533,19324900
2022-05-25,117.22529602050781,117.79650009722764,115.3182201712302,116.34085576000724,12780400
2022-05-26,119.25215911865234,119.94312881621146,118.11897275084345,118.26636893571705,15990900
2022-05-27,120.93811798095703,120.93811798095703,118.97575968558495,119.91548234140146,11177800
2022-05-31,121.82254028320312,122.67012795330899,119.5008926007527,119.9338872738811,17015000
2022-06-01,119.68514251708984,122.41216113893384,118.54273446545646,122.41216113893384,10768000
2022-06-02,121.61066436767578,121.61987223598143,118.54275728418989,119.6759436296098,8374800
2022-06-03,119.91547393798828,121.39875590478928,119.75885584929657,120.88283418726067,8596000
2022-06-06,119.51932525634766,121.9699677703768,119.27058629231917,120.77228417603206,11323500
2022-06-07,119.83257293701172,120.06289615948666,118.49668700040598,118.69016469272303,6722200
2022-06-08,117.92548370361328,119.26135551213065,116.91206298381667,118.84677654504776,8422100
2022-06-09,115.44718170166016,118.01759611160513,115.41032915155968,117.34504937285568,13560100
2022-06-10,110.14056396484375,113.6875400616984,109.92866351482448,112.94128806720155,12945200
2022-06-13,106.86074829101562,108.66648130829225,106.00394571879143,107.6622755453241,16805600
2022-06-14,105.0826644897461,108.08608127082555,104.30878183818956,106.45539595281319,13357900
2022-06-15,106.3263931274414,107.745177689951,104.26269243325292,106.5198637496018,14083500
2022-06-16,104.50224304199219,105.2669177562725,103.06502851695934,104.89839922888025,16724900
2022-06-17,104.13372802734375,105.60779515773116,103.33220775930218,104.60358934134135,30919900
2022-06-21,106.71334838867188,107.81889695449067,105.9855262217604,106.75020094472,11680500
2022-06-22,106.11450958251953,107.05422518651353,105.38668739551821,105.83811891898253,9842700
2022-06-23,104.95367431640625,106.11450521501452,102.70572465919314,105.95788712561276,11851500
2022-06-24,108.0860824584961,108.54672890726721,103.94947931662553,104.3179978814238,14841100
2022-06-27,107.2200698852539,109.17321344952548,106.53831507737624,108.76784230645411,11280500
2022-06-28,106.70413970947266,109.90102708662306,106.50145415385174,108.40853010979271,11590900
2022-06-29,106.22505950927734,107.62542143113393,105.69992290996787,106.86996163863773,9338400
2022-06-30,103.74677276611328,105.10107417614434,102.19900073020717,104.26269443511346,15172600
2022-07-01,105.07345581054688,105.41432967775998,102.41091994877294,103.78364437233607,10573600
2022-07-05,104.67379760742188,104.75744401328257,101.58804935988616,102.95432362651961,12514200
2022-07-06,103.99529266357422,105.01767771916205,102.97290760798639,103.8465855911106,10656200
2022-07-07,106.62562561035156,106.79292551398822,105.39876201404343,105.49170482915663,10347400
2022-07-08,106.291015625,107.48999697107189,105.59393394177785,107.0345722568696,8807800
2022-07-11,104.89685821533203,106.17019671511625,104.30201571248968,105.538175669461,7939500
2022-07-12,104.99909210205078,107.0531586233271,104.33918895557498,104.63661019188918,11250900
2022-07-13,104.0138931274414,104.54367496463202,102.59184042553616,103.8651789529616,12979900
2022-07-14,100.37976837158203,100.5935432205976,98.57664804094627,100.3704719630817,26204800
2022-07-15,104.98049926757812,105.84488084344565,100.07304532371668,101.45791938135368,18863900
2022-07-18,103.90235137939453,107.66658828800055,103.43763024812849,106.67208535073446,13977900
2022-07-19,106.47689056396484,106.83008311968487,104.72024546562126,105.14778800420999,11862300
2022-07-20,106.45832824707031,106.64421388173241,105.47312161941288,106.04937134151481,11667500
2022-07-21,107.18327331542969,107.37845532485206,105.37086387716398,106.36536673912435,11595900
2022-07-22,106.66278839111328,108.04765527755512,105.64969271018086,107.10891667415706,7645500
2022-07-25,107.09033966064453,108.24284609184298,106.67208638380546,107.66658933070286,9394000
2022-07-26,105.41734313964844,107.42494189566592,105.05486121277004,106.4954996029353,10675100
2022-07-27,107.1089096069336,107.5736306742385,105.30579668772543,105.96569975236872,9337400
2022-07-28,106.70926666259766,107.79671952721525,105.51958167024252,107.11822353787545,10384800
2022-07-29,107.22045135498047,108.28001488181647,106.69066959156247,107.43421908717518,12944500
2022-08-01,106.15159606933594,106.98809549322809,105.0920324960997,106.42113516653905,14740400
2022-08-02,104.4971923828125,106.32819474868828,104.34847821919057,105.88205934890408,14942900
2022-08-03,105.59393310546875,106.04935781606406,103.827991437076,105.44521894384002,14394500
2022-08-04,104.43211364746094,105.32437720163068,103.18665756131456,104.88753828539457,18033900
2022-08-05,107.59223175048828,107.99189218270568,104.1440020172085,104.59013030507646,14174600
2022-08-08,106.28172302246094,108.46591095654533,106.12371953713286,108.04766476806941,10332500
2022-08-09,107.2390365600586,107.80599685917761,106.30030506047166,106.65349053734862,10233800
2022-08-10,110.03665924072266,110.94751569817353,109.20945626692351,109.63699881925152,12847300
2022-08-11,111.66319274902344,112.6483992772411,110.89175396998273,111.44012859172696,11684900
2022-08-12,113.51278686523438,113.62432249531994,111.01259187111775,112.15580194239598,9906700
2022-08-15,113.81950378417969,114.06116076890794,112.09074053012762,112.59264022560228,8456200
2022-08-16,114.90694427490234,115.47390462189358,113.27113099969384,113.66149504779484,9555000
2022-08-17,113.9403305053711,114.47011943474634,113.10383809096884,113.67079847295926,8149300
2022-08-18,113.0573501586914,113.82878889690872,112.04426155080805,113.61501406796269,9531800
2022-08-19,110.25972747802734,112.45321167401424,109.77642064601662,112.10932259255245,13464500
2022-08-22,108.43803405761719,108.89346590119365,107.35058824221808,108.51239114527239,8967600
2022-08-23,107.36917877197266,109.01429572730127,107.23905740829589,108.45663172710339,7607000
2022-08-24,107.6294174194336,108.19637776992938,106.3746646853674,107.15539987747708,9771300
2022-08-25,110.18539428710938,110.36198351304871,107.51789216904393,107.9640276205949,10758900
2022-08-26,106.57913208007812,111.52376414770295,106.514071411731,111.03116093149168,11276200
2022-08-29,106.31889343261719,106.75573240423849,105.4545118969422,105.95641153937426,8117300
2022-08-30,106.33749389648438,107.42493965443188,105.36157667304525,106.88586143403538,10745400
2022-08-31,105.7054672241211,106.91373786031247,105.34297823307412,106.40254889191353,10738300
2022-09-01,106.43043518066406,106.54196371357446,104.01388672282225,105.2965144888637,9979800
2022-09-02,105.68688201904297,109.16299420057634,105.20357514798027,107.69448077056936,10666600
2022-09-06,105.71475982666016,106.65349848730179,104.16259296665662,106.26313444306408,9751900
2022-09-07,107.72236633300781,107.9175483693265,104.80391801476854,105.1478071349615,10647900
2022-09-08,110.23184967041016,110.40844596743857,106.54196279534935,107.1461016773735,11435000
2022-09-09,110.76162719726562,111.57954088577361,110.29690608918841,110.73374506535401,9299700
2022-09-12,112.07215118408203,112.97371132510524,111.33789093614644,112.10932972599947,8614600
2022-09-13,108.17777252197266,110.52926005408779,107.61081223663096,109.73923563566964,12904600
2022-09-14,107.92683410644531,109.52546878266413,106.77432063773772,108.46590520965468,9345700
2022-09-15,109.55335998535156,110.95681266990745,107.59223628085704,107.92683605638759,10821400
2022-09-16,108.81909942626953,109.11652066015112,107.22975404292582,109.10722425222565,14844100
2022-09-19,109.82291412353516,110.35269599214554,107.35989041852523,107.8153151954858,8201300
2022-09-20,107.65727996826172,109.38604283871236,106.55124160193029,109.12580018571212,9619000
2022-09-21,104.5529556274414,108.37296380241929,104.48789495426267,108.31719953714654,12606300
2022-09-22,103.36327362060547,105.5846400705563,103.23315227056429,105.38016163732539,11684500
2022-09-23,101.43932342529297,102.55465125397947,99.59903179885208,102.28511925006066,18138600
2022-09-26,99.2551498413086,101.87617699612271,98.5766538027664,100.37977423879482,15753600
2022-09-27,98.38146209716797,100.53776786317695,97.26613421826328,100.1474038146685,12793600
2022-09-28,100.3704605102539,101.0582528391573,98.18627277331663,98.47439758421218,12762600
2022-09-29,98.6695785522461,99.71054918507687,97.03375844069409,99.40383158458326,12713900
2022-09-30,97.12672424316406,100.02658688818977,97.033781427655,98.57665202013577,15973400
2022-10-03,100.12882995605469,100.7143760982122,97.08954942556039,98.16770598188128,12248100
2022-10-04,104.81320190429688,105.01768033873128,102.10852857985728,102.80561028393,16013600
2022-10-05,103.51908874511719,104.04423085296787,102.05618878494765,102.9189242919951,10943500
2022-10-06,101.40914154052734,103.33154815054736,101.2215928171462,102.64698171660835,11521400
2022-10-07,99.38359069824219,101.00590794535898,98.71777625769788,100.82773164539428,11681100
2022-10-10,98.4552001953125,100.63079824326528,98.01445283634588,100.08690409717084,8931700
2022-10-11,95.61380004882812,98.03321728514743,95.51064610161507,97.87380015019103,12739700
2022-10-12,97.16110229492188,98.21139378020519,94.97612454257312,95.46376268573249,13181000
2022-10-13,102.56259155273438,103.05960213113241,95.42625284271328,95.63256074043144,22398700
2022-10-14,104.2693099975586,108.06722544778646,103.82856261106087,104.9913804797072,33387100
2022-10-17,108.64863586425781,109.72705892977085,107.20448777328322,108.22664765165612,22276300
2022-10-18,111.4431381225586,112.6622261747399,109.68015596134248,112.21210641867492,21539700
2022-10-19,109.25817108154297,111.43376904668462,108.4704507529526,110.64604871809425,17072000
2022-10-20,108.90182495117188,111.32124210801635,108.45170515496022,109.86772162103162,12207400
2022-10-21,114.62215423583984,114.77219178337562,109.08938105153297,109.2112870060636,20593300
2022-10-24,114.76280975341797,115.43799658924276,113.77816824661102,114.47210709253092,12624200
2022-10-25,115.0628890991211,115.59741080493464,113.36554962451619,114.26579633143771,11289100
2022-10-26,116.3851547241211,117.40730758698672,115.23170914919645,115.3442426933072,11667000
2022-10-27,116.84463500976562,118.3450462458355,116.4789099945525,117.40728832897618,10727600
2022-10-28,118.23251342773438,118.42006213906954,116.32886610503593,117.4916838552684,11859500
2022-10-31,118.04496002197266,119.49848760594882,117.77300937670181,117.87616331644334,13295200
2022-11-01,120.17367553710938,120.29558864947339,118.46696350926696,118.97335366067614,13386900
2022-11-02,119.06713104248047,122.24613000034914,118.75766919413293,119.70480675065467,16546100
2022-11-03,119.28279876708984,120.20179747750817,118.07309740504273,118.4481948311993,12474400
2022-11-04,122.54619598388672,122.68686825486797,120.46438660205456,121.43027609811567,14953200
2022-11-07,123.1932601928711,124.05599580995583,122.35865617022002,122.84629432215525,12011200
2022-11-08,123.26826477050781,123.84029762324798,122.03980429389757,123.0713436378713,9884100
2022-11-09,121.66471862792969,123.24951750531807,121.17708049924458,123.14637787001297,9494000
2022-11-10,126.67234802246094,126.83176515991964,124.2810623424785,124.37484386288997,16351600
2022-11-11,126.87864685058594,127.69449164545368,125.45325083471756,126.77549290912737,10704700
2022-11-14,125.57514953613281,127.28186127924941,125.57514953613281,126.40975339981559,11085600
2022-11-15,124.6655502319336,127.26314388643463,123.40895795192714,126.2972399865818,14038300
2022-11-16,124.83434295654297,125.24695877450382,123.81219014962744,124.72181657311793,7893400
2022-11-17,124.29042053222656,124.61864150701483,123.10885077927774,123.78403758354833,8820200
2022-11-18,125.50951385498047,126.28785462877595,124.0466138209745,126.19408742424093,9468500
2022-11-21,124.7686996459961,126.18470901667779,124.487369395721,125.41575492891353,7800500
2022-11-22,126.63481140136719,126.85050600535155,125.36884691295606,125.6595495515753,9185700
2022-11-23,127.98519134521484,128.00395050933253,126.46602815982415,126.54105050724526,7316200
2022-11-25,128.22900390625,128.60410129439026,127.59132117555379,127.9851777258155,3220500
2022-11-28,125.98777770996094,128.2008868933223,125.83773301402633,127.60072241863361,9906900
2022-11-29,128.06021118164062,128.13523352759069,126.0440375045366,126.27847696973704,7925300
2022-11-30,129.57940673828125,129.57940673828125,124.90000300059775,127.61949575330611,14761200
2022-12-01,127.76013946533203,130.02951183104156,127.00054355851354,129.57937774350845,8858500
2022-12-02,126.74735260009766,126.92552887845882,125.04062646953169,126.11905656680494,8931900
2022-12-05,123.1932601928711,126.19409715027147,122.47119685700574,125.88463530245015,10154500
2022-12-06,123.39954376220703,126.7004551791156,121.78659922377717,125.08751064068574,13966700
2022-12-07,123.31517028808594,124.79682956452699,122.2179952048902,123.13699398833565,11739400
2022-12-08,124.60926818847656,124.70303538842447,123.24950785326384,124.09349850709063,8907300
2022-12-09,123.93408966064453,125.43449374139443,123.78404495985447,123.97159368131692,7957800
2022-12-12,125.85649108886719,126.26909253554125,123.40894245518764,124.15913731026748,8841600
2022-12-13,125.73457336425781,128.55721932172617,124.79681552082722,128.36967061484987,10025400
2022-12-14,125.10630798339844,127.26315441363126,124.49675665036925,125.45327389159561,9966100
2022-12-15,122.00230407714844,123.85906064509565,121.01765545614404,122.98693838910337,12087800
2022-12-16,121.24270629882812,121.8147391604842,120.4362339743466,121.11142077200785,21133700
2022-12-19,121.96478271484375,123.15573918143785,121.05515646282961,121.5802985652194,9017200
2022-12-20,122.55558776855469,123.83093914244388,122.09608122556976,122.81815884767447,8549900
2022-12-21,123.93408966064453,124.70304371135568,123.56836464562515,123.95283451645561,8051700
2022-12-22,122.52745056152344,123.12761504473703,120.41749528801556,122.94006632667966,8648200
2022-12-23,123.10885620117188,123.25890089962896,121.57093381461196,122.45242853173472,5091900
2022-12-27,123.54022979736328,123.9903495788218,122.42429561685059,123.38081267286859,5411000
2022-12-28,124.2154312133789,125.1062984532712,122.85567066353897,123.6433982599236,8827700
2022-12-29,124.9281234741211,124.97501423652045,124.07476024922843,124.6561656376358,6585200
2022-12-30,125.75334167480469,125.96902198794828,124.19666010730701,124.54362595571848,9292500
2023-01-03,126.7098617553711,128.22903950996047,125.55642337298362,126.8224024502994,11054800
2023-01-04,127.89143371582031,129.11050760277828,127.13185206626778,127.52570868792277,11687600
2023-01-05,127.86309051513672,128.2031776119314,126.30435198201705,128.1559404900649,8381300
2023-01-06,130.309814453125,130.72547804224902,127.05065500530455,128.59993739174718,10029100
2023-01-09,129.77134704589844,131.19783032683947,129.3084607169011,130.9333197346278,8482300
2023-01-10,130.93328857421875,131.04664611111866,129.7146373935737,130.16808195591608,9048700
2023-01-11,131.9063720703125,132.01972965837274,130.46100516354747,131.21674163694806,8703700
2023-01-12,131.7740936279297,133.06830724706185,131.51902468479346,132.25587770741217,11001700
2023-01-13,135.099365234375,135.55282430751242,127.34351126077263,128.09926196792253,20200000
2023-01-17,133.01162719726562,133.7106847473434,131.5284650922961,133.36115597230452,14292900
2023-01-18,129.015625,132.94550326802252,128.86447195495165,131.235625888313,13392600
2023-01-19,127.29624938964844,128.38263090982247,126.20041179807308,127.83472652877776,13303400
2023-01-20,127.6080322265625,127.99535647751193,126.16266554838236,127.68360874489997,13092500
2023-01-23,129.67689514160156,130.32873000323738,127.36242011088879,127.64581403790693,10487100
2023-01-24,130.79161071777344,132.52982733064547,127.53245096495172,128.87390168236905,6945000
2023-01-25,131.42454528808594,131.42454528808594,129.6579893177505,130.41374004371755,8967000
2023-01-26,132.2369842529297,132.31256077240593,130.7065993740909,131.7079630313433,7487600
2023-01-27,132.5581817626953,133.44617339114546,132.01970449255612,132.8321340198694,7489900
2023-01-30,131.4340057373047,132.34089510686073,131.22617392037589,131.528465571979,6729300
2023-01-31,132.21807861328125,132.32199450817475,130.6026614135268,132.14250210656374,9188700
2023-02-01,131.86856079101562,133.08721237558325,130.4798728447395,130.56490544034128,8841800
2023-02-02,131.25450134277344,132.6904261974954,130.36649537228413,132.2558648704332,11822100
2023-02-03,133.2855987548828,134.4570133052093,130.48933932019835,130.53656203682752,11501200
2023-02-06,134.0696563720703,134.37196240749938,132.28420279270975,132.47313685748034,8406200
2023-02-07,135.70394897460938,136.35578371237082,133.370576653946,133.5595251223798,10447900
2023-02-08,134.74984741210938,136.07240044587533,134.40976028703426,134.7592890713695,6958000
2023-02-09,132.6526336669922,135.41111146548465,132.13305416056906,135.2032796629154,6443100
2023-02-10,133.2383575439453,133.4650871187676,130.92388232478373,132.04805970931176,6582900
2023-02-13,134.6837158203125,134.83485442969993,132.95494094549665,133.48396211521708,7134600
2023-02-14,135.27886962890625,135.855127972481,133.76738249549913,134.61759310711895,9249400
2023-02-15,135.84568786621094,135.93070604539548,133.48397567943658,133.77682568423705,6728300
2023-02-16,133.97520446777344,135.45835209938974,133.84293475839448,135.00490743418334,8165300
2023-02-17,134.37196350097656,134.9293240417462,132.3219993313062,133.18165149521968,7948800
2023-02-21,131.9063720703125,133.5217753591679,131.07504465187276,132.9077358708426,9996300
2023-02-22,130.89552307128906,131.7173942313659,129.83748071213304,131.23561017455293,11107500
2023-02-23,131.94410705566406,132.41644939398094,130.30980660121608,131.05610115326928,8068000
2023-02-24,133.13442993164062,133.5406519156778,131.24506021829757,131.41511098816684,9126900
2023-02-27,134.29638671875,135.38276840887394,133.8807231248693,134.2491495985826,10014700
2023-02-28,135.4205780029297,135.80788783333207,134.05077344885328,135.03325375778053,11019800
2023-03-01,134.66482543945312,135.52449209454767,133.95631181674267,134.23972014877617,7139200
2023-03-02,133.26669311523438,134.55145061915476,131.82131209383144,134.371972613575,11106800
2023-03-03,135.7134552001953,135.78903173254952,133.2761660870835,133.682373731894,9513100
2023-03-06,134.91989135742188,136.07239356298024,134.76873832842378,135.50559132635672,9261300
2023-03-07,130.95220947265625,134.43809888026402,130.18701704947344,134.1546905419286,11747600
2023-03-08,130.1775665283203,130.9238611675436,129.3178999126326,130.36650060276645,10002500
2023-03-09,123.1302261352539,129.7524764951062,122.07218366230359,129.1951014501257,25888100
2023-03-10,126.25713348388672,127.77807677796376,120.74962589133564,121.82657332829069,37599700
2023-03-13,123.98988342285156,126.47440912815787,122.25166680240561,123.95210237229686,42901100
2023-03-14,127.17346954345703,128.03313621412477,124.0276672718655,127.79696500227628,29648100
2023-03-15,121.16526794433594,123.74426784154706,119.71990855270974,123.73481176805605,34280600
2023-03-16,123.51753234863281,124.65115117748762,119.04917026336179,120.9290909173722,24558500
2023-03-17,118.85079193115234,121.37309860782233,118.51070482785155,121.27863877702804,38396000
2023-03-20,120.10721588134766,122.30833302992305,119.0397247321173,119.96551173050796,22875500
2023-03-21,123.32859802246094,124.44331911766595,122.98851093303907,123.3663790702876,17807800
2023-03-22,120.14500427246094,123.43251030472778,120.05053724091755,123.33803606581188,17250200
2023-03-23,119.82382202148438,122.36502655540578,119.04918073855227,120.82519285603568,16677600
2023-03-24,118.00056457519531,118.72796859360064,116.30012930085927,118.68073147755774,22311100
2023-03-27,121.38255310058594,122.22332198186082,119.30424225110335,119.77658464316217,18853900
2023-03-28,121.7509765625,122.18552348013156,120.67402930460075,121.59038188296263,10820500
2023-03-29,121.99659729003906,123.01685862718016,120.70237648973749,122.90350106130218,14595300
2023-03-30,121.62816619873047,122.92237974284488,120.58901437559454,122.76178505899277,12134700
2023-03-31,123.10188293457031,123.13022232745169,121.72265109851962,122.48784353581102,13105200
2023-04-03,122.96016693115234,124.16936222268438,122.25165338932912,122.7239957505446,11775400
2023-04-04,121.31642150878906,123.36638581567792,120.36229504048251,123.28136764236022,11579900
2023-04-05,121.497314453125,122.01144135363481,120.4023995064672,120.72611683842375,9614700
2023-04-06,121.36402130126953,121.94480208388138,120.78324051865766,120.91653375427974,8760200
2023-04-10,121.76390075683594,122.08761082441103,120.17389768952798,120.47856897945486,9477300
2023-04-11,122.36373138427734,122.76361110275107,121.43067144390191,122.15426850395204,10516300
2023-04-12,122.34468078613281,124.18222427125369,121.9257550410825,122.99210091730298,11821000
2023-04-13,122.81121826171875,122.85881157508621,120.75468155424892,122.30660710588681,12450200
2023-04-14,132.0846405029297,132.45595839209943,128.43810096166163,128.6761256221005,43931300
2023-04-17,133.13198852539062,133.35096720062955,131.06593569305787,133.2462357424064,16050500
2023-04-18,134.6267547607422,134.9885569274646,132.37028541704944,133.55089307359844,13760100
2023-04-19,134.4553680419922,134.72195449289325,133.6746402015877,134.4648837981415,9158100
2023-04-20,134.0650177001953,134.65531425442393,133.14148078465306,133.20813466806516,10586200
2023-04-21,133.8079376220703,134.3506408249081,132.13224923131867,133.04627032582928,11842500
2023-04-24,133.9888458251953,134.34113222273368,133.33189539851028,133.73178963656716,7567500
2023-04-25,131.07542419433594,133.25573831815785,131.0373466392077,132.91298221051164,10629300
2023-04-26,128.75228881835938,131.20870493459682,127.58121161536567,131.0278038772499,14416100
2023-04-27,130.485107421875,131.30391274493815,129.1616910363524,129.48540105229415,9041100
2023-04-28,131.61813354492188,131.6943031865971,129.17123283767924,130.0186001254897,9881800
2023-05-01,134.4363555908203,136.50240836544393,134.084083662944,135.44557805393939,20415800
2023-05-02,132.26556396484375,135.58839401723384,131.79903032135493,134.6267649283972,14113400
2023-05-03,129.46636962890625,132.027517307419,129.25690676485797,131.8085386869585,12930900
2023-05-04,127.69548797607422,129.2188518859417,125.49614204551082,128.49526201908586,17089200
2023-05-05,130.19000244140625,131.27539455314601,129.39975864975463,129.90436987981673,11259100
2023-05-08,130.50418090820312,131.3610639607097,129.9424316119556,130.90406063456444,7484900
2023-05-09,129.87579345703125,130.38992038771949,128.7332778671555,129.4187755987818,7343600
2023-05-10,129.94244384765625,131.44676173773652,128.40956415499454,131.34203028564627,8133400
2023-05-11,129.5330352783203,130.2566250839586,128.43811302077538,128.5333287050397,7057300
2023-05-12,127.67646026611328,130.42802533283452,126.75292322900394,130.26617027336567,9986400
2023-05-15,128.75228881835938,129.17121452424243,127.5431340638634,127.83828230358874,7639500
2023-05-16,127.88591003417969,129.4283053477265,127.54315390584996,128.97130201924483,6477200
2023-05-17,131.81805419921875,131.9513474281051,128.97128855488782,129.39019975433607,12711500
2023-05-18,132.8177947998047,133.03677347611375,131.16113750559967,131.6467172360418,10999600
2023-05-19,132.51309204101562,133.76035355976813,131.51340001361532,133.09387283767,13490700
2023-05-22,131.41819763183594,134.8552749183525,131.0659257209225,134.24593226083675,11402500
2023-05-23,130.04714965820312,132.3702726626066,129.9233867140445,130.95164045998388,9514900
2023-05-24,128.8570556640625,129.8186848063115,128.6095151915767,128.9141792709534,8578000
2023-05-25,129.17124938964844,129.74251451147748,128.13346512860537,128.3619740829121,8472500
2023-05-26,130.38038635253906,131.00877492363412,129.1331394943143,129.59014276062348,8579900
2023-05-30,130.87550354003906,131.1230439906272,129.50447898443704,130.24711486407577,7399900
2023-05-31,129.20933532714844,130.28519709874558,127.96207368813783,130.1804656489928,14219900
2023-06-01,130.98974609375,131.60860446218882,128.9617711332563,129.9805237561119,12248100
2023-06-02,133.7412872314453,134.70290155668974,132.6654111988986,132.8748740464364,12917200
2023-06-05,132.42739868164062,133.39854337933707,131.51339210676255,133.39854337933707,8511900
2023-06-06,132.66542053222656,133.38902479385393,131.58955895186165,132.03703194540455,9329500
2023-06-07,133.95077514648438,134.50299416352868,132.1798708945402,132.8653831551556,9281400
2023-06-08,133.9888458251953,134.14118510370525,132.7987224515987,133.9317222277224,7368100
2023-06-09,134.25540161132812,135.00756754712444,133.49373444862235,133.62702765488285,7249100
2023-06-12,134.2458953857422,134.55057389474746,133.0652879551532,134.31254925753868,7596600
2023-06-13,135.21707153320312,136.0263467718763,133.42712119469775,133.750831290167,7701600
2023-06-14,134.7124481201172,136.73089268264016,133.96028202364064,136.15011190389325,9068700
2023-06-15,136.2357940673828,136.5309423281616,133.32237448594083,133.85554741223444,9343100
2023-06-16,136.39764404296875,137.07364046024875,135.67405431664727,136.1977114669526,13812100
2023-06-20,135.70263671875,136.15012430351598,134.2840043193989,135.77880636380317,8428600
2023-06-21,135.502685546875,137.1212503308378,134.90285875418616,136.05488997407184,9926500
2023-06-22,132.89393615722656,135.76927825289977,132.2941093369306,135.49316149872072,10075200
2023-06-23,132.1988983154297,132.51307807340447,131.02780656058147,131.90373554178805,9907500
2023-06-26,132.52261352539062,133.30332686452985,131.0944655492329,132.21793498376485,8429700
2023-06-27,132.53213500976562,133.14147759147986,131.90374638640853,132.34171817695614,8154000
2023-06-28,131.95135498046875,132.54166605178588,131.35154268008554,132.49405821134323,7558600
2023-06-29,136.55953979492188,136.68331730223932,133.15103847898237,133.3605014015766,15423200
2023-06-30,138.47323608398438,139.0064090270256,136.77850157451488,137.67347666942254,14208500
2023-07-03,139.58718872070312,140.4155099273287,139.00640794202224,139.18730901654345,8021600
2023-07-05,138.6573028564453,139.41461991114738,138.38888557419816,138.94489698103723,8934900
2023-07-06,137.28646850585938,137.4590162166091,135.58967621192454,137.1043250594152,9709500
2023-07-07,138.36972045898438,139.807676576169,137.08514983826782,137.9575133933282,8977500
2023-07-10,139.14622497558594,139.95149157929694,138.52311646193712,138.52311646193712,9100100
2023-07-11,141.32232666015625,141.7057904046329,139.68306486391282,140.28699649153853,11265600
2023-07-12,142.02212524414062,143.67098274566342,140.91969808298515,141.35108198832225,11323200
2023-07-13,142.71234130859375,143.19165999600372,141.638672129642,142.5493747101918,11234900
2023-07-14,143.5751190185547,146.5660628491537,142.27137164640857,145.28149231961643,27011600
2023-07-17,147.03582763671875,147.39051883860503,144.13115711859902,144.13115711859902,17262400
2023-07-18,147.30421447753906,148.01359673445577,146.49896263731995,147.03579719746602,13491700
2023-07-19,147.8698272705078,148.7901256624564,145.9237944092179,146.43187108959526,12510000
2023-07-20,149.6912384033203,150.11304123988174,148.02321853028758,148.13825034838715,9935900
2023-07-21,148.54087829589844,149.68165926590254,148.29163781085074,149.35572602522922,10633100
2023-07-24,151.46469116210938,152.2220081817565,148.32994314168485,148.56002135623743,14381400
2023-07-25,150.33352661132812,151.19629443474395,149.50909784839132,150.79366847530682,9944700
2023-07-26,151.23460388183594,151.70434138968923,149.81582487958718,150.22804649416113,8728600
2023-07-27,149.5666046142578,152.2124384550297,149.11604388601708,151.24421998989814,10778400
2023-07-28,150.41976928710938,151.08123130751295,149.96920862473718,150.774460376688,9103800
2023-07-31,151.42637634277344,152.78763975121493,150.64986772974416,150.67862568271045,8892700
2023-08-01,150.67861938476562,151.4647090733785,149.69122403380274,150.91827873456526,6853900
2023-08-02,148.9722442626953,149.25025729673152,147.57264186752258,149.12562975542937,8299400
2023-08-03,149.88296508789062,150.42938080588306,147.96569026554548,148.58879873174925,6084000
2023-08-04,149.5666046142578,151.2729779404118,149.2598336385853,149.9308768633124,6206600
2023-08-07,150.27598571777344,151.177107167183,150.12261485878605,150.12261485878605,7251800
2023-08-08,149.43240356445312,149.52825852848886,146.27847830646468,147.93693155115295,8623400
2023-08-09,147.4288330078125,149.08728617082494,147.12207665930103,148.89556162454963,6277800
2023-08-10,147.20835876464844,149.01060178150414,146.75779801043453,147.99444846439056,5995100
2023-08-11,148.0615692138672,148.12868086479045,146.3168564492913,146.700305624815,5178000
2023-08-14,148.36830139160156,148.5120911378454,146.5948165071565,147.25627859516732,5044300
2023-08-15,144.59127807617188,146.9303556285748,144.01608979593834,146.52772968346954,10300300
2023-08-16,143.97775268554688,144.7159075753868,143.48883825243726,144.37079752810476,6978200
2023-08-17,142.48226928710938,145.0034754872159,142.26177217201584,144.63920325309263,9953900
2023-08-18,142.80821228027344,143.31628892363722,141.34149825280505,141.54280391198546,8516900
2023-08-21,143.297119140625,143.8914842948539,141.89751668235385,143.46008574863487,8327000
2023-08-22,140.3253173828125,143.4504693747407,139.81724083931957,143.08618255954093,9682000
2023-08-23,141.27438354492188,141.4852849350539,139.44339729807797,140.29658396628648,7858000
2023-08-24,141.14016723632812,143.23000418117988,140.91010364332595,141.3990034061001,6534000
2023-08-25,140.96763610839844,142.47268925752803,139.81727412526095,141.18811862015195,6695500
2023-08-28,141.45652770996094,142.46309987209142,141.04432066290826,141.4661234453359,5094100
2023-08-29,142.60690307617188,142.6931915644579,141.09225413625788,141.60034544675372,6337000
2023-08-30,142.03170776367188,142.98074934157512,141.10182840011902,142.4726727360435,6277300
2023-08-31,140.27740478515625,142.213856322435,139.92271364750312,142.12756784416808,10933900
2023-09-01,140.7471466064453,141.95502443460353,139.6734627982147,140.0473307898574,7902100
2023-09-05,139.1941375732422,142.07964530202372,139.01199413987985,141.07307317867307,7854700
2023-09-06,138.96408081054688,139.52007761769687,138.14923318783974,138.714825730467,8629200
2023-09-07,137.77536010742188,139.26125091461435,137.4590080289116,138.16840492869025,8373700
2023-09-08,137.8808135986328,138.15881199758368,136.74961390454877,137.43983397573507,7107900
2023-09-11,138.48477172851562,139.05036431038002,137.7466168001904,138.76277015137634,6854200
2023-09-12,140.28700256347656,141.22647780737236,138.09172921346024,138.52311314547734,8363200
2023-09-13,140.35411071777344,141.59074657583213,139.78851814035303,141.24563651326866,8325900
2023-09-14,143.07662963867188,143.69973808754753,141.41819105920393,141.72494741587258,10034900
2023-09-15,142.6548309326172,143.53677559629838,142.17551222663963,142.7602816330381,19824100
2023-09-18,142.95201110839844,142.97118795303822,141.63868248967944,142.03172735273944,6512400
2023-09-19,142.76986694335938,143.5271987125763,141.12102400370046,143.316297305527,7943400
2023-09-20,142.16590881347656,144.0352485479714,142.01252334099397,143.46006033998356,7332000
2023-09-21,141.05389404296875,142.6931702889326,140.56499427792775,141.47569680228784,8052400
2023-09-22,139.7022247314453,141.40859813964846,139.18456696966345,141.19769674064395,7071700
2023-09-25,140.3924560546875,140.45956769957448,137.756202984045,139.33796360301875,7044700
2023-09-26,138.93531799316406,139.80768157944357,138.26427470665925,138.61898050839125,7468400
2023-09-27,139.75013732910156,140.0473125365918,138.53266392416853,139.1845448614496,6717800
2023-09-28,141.4853057861328,142.71236062174705,139.9706567736236,140.22949299559383,8868100
2023-09-29,139.02159118652344,142.60688547756496,138.86820570144013,142.4535146201266,11915700
2023-10-02,137.8232879638672,139.59675818259282,136.73044203294273,138.83944115589324,9170600
2023-10-03,136.80714416503906,137.65073509555378,136.4620341301232,137.27686711003201,9431100
2023-10-04,137.42066955566406,137.5357013564678,136.059391650476,137.26728406949567,8128700
2023-10-05,138.00009155273438,138.19324553496597,136.00107750974107,137.1695795301104,8576200
2023-10-06,140.12466430664062,140.87791766646882,137.26615341981034,138.009754974977,10269400
2023-10-09,139.80596923828125,140.4143570769035,138.57951228581754,138.7340295642779,6964900
2023-10-10,140.65579223632812,141.7373985071657,140.29848390462598,140.43368284653323,11288800
2023-10-11,141.13865661621094,142.18162626344932,140.04741320748465,141.4863131652904,8698200
2023-10-12,140.81033325195312,141.92090985923807,140.15365677647915,141.28353699616136,10484400
2023-10-13,142.9252166748047,147.86000008320252,142.77069939050912,143.4080721365439,29427000
2023-10-16,142.78036499023438,144.39310045355313,141.6891069385049,144.32549361627682,12663500
2023-10-17,142.47134399414062,144.19030841149777,141.75671254259527,142.50998068642986,11482700
2023-10-18,140.9069061279297,142.42306484928366,140.38541389684323,141.56358258416412,9620300
2023-10-19,140.3081512451172,141.9788419625942,139.91222091570683,140.49163870136113,11143600
2023-10-20,138.04835510253906,140.1632640998169,137.24681337497483,139.61281660954828,13332000
2023-10-23,136.16525268554688,138.7533511245055,135.90450658635666,138.038734406431,10133400
2023-10-24,136.32940673828125,136.8702024875778,135.54718326265018,136.34872508235011,8881400
2023-10-25,135.5858154296875,136.33906881375177,134.72633324861008,135.7499992632734,8242600
2023-10-26,135.9334716796875,136.81227220440442,134.64907431331204,134.96776070366806,9109400
2023-10-27,131.03732299804688,134.3304009201974,130.55446751628565,134.1855354343211,17434700
2023-10-30,132.7080078125,133.30674393498398,131.37532187733925,131.76161513021674,9855500
2023-10-31,134.29177856445312,134.46561421894447,132.7563015050901,132.98807746588471,9672500
2023-11-01,134.17587280273438,135.71134957429695,133.72198750765685,134.4752408195773,9432000
2023-11-02,136.5708465576172,136.62878685937528,134.4559371299647,135.28644917151817,10186200
2023-11-03,138.0966796875,138.84028131947235,136.98611787795187,137.31445609731273,9533100
2023-11-06,139.13963317871094,139.24586197090443,137.8938578215708,138.260832691981,7625100
2023-11-07,139.07203674316406,139.31346449479238,137.92285302330095,138.58918123990745,6297900
2023-11-08,139.75767517089844,139.87355575733105,138.69538734333898,139.1685909639024,7618200
2023-11-09,139.34242248535156,140.65578992901166,138.7726565777731,140.4529988872671,7992500
2023-11-10,141.40904235839844,141.45733085131482,139.13963054712033,139.97014252431288,7983300
2023-11-13,140.78135681152344,141.23524218748528,140.18262067114028,140.7040981586383,6676300
2023-11-14,143.3501434326172,144.13236698620625,141.4959800778482,141.65048263906027,9927700
2023-11-15,144.60556030273438,145.01115712601774,143.3694514882767,143.3694514882767,8365300
2023-11-16,146.25692749023438,146.33418613823324,144.94355994541468,144.94355994541468,8126200
2023-11-17,147.5799560546875,147.61857800945185,146.3438324685308,146.98120523899132,7812400
2023-11-20,148.03384399414062,148.47807757166947,146.7108245386442,146.8653418469657,7019000
2023-11-21,147.7248077392578,148.36218051375133,147.3385292468508,147.94691713561284,7083500
2023-11-22,148.0724639892578,148.60360796697148,147.65720061192533,148.14972263470526,5174500
2023-11-24,148.2752685546875,149.14441734350603,148.02418898578327,148.32355705444095,3496900
2023-11-27,147.93727111816406,148.2656093231128,147.47373396202576,148.16903232844294,6259100
2023-11-28,148.2752685546875,148.59395497036283,147.48339315393952,147.96624868031162,6582700
2023-11-29,149.02850341796875,150.29358225656844,148.71946887709476,148.88363795109234,9126100
2023-11-30,150.72817993164062,150.77646843044934,149.08647412121113,149.59829979030536,9869800
2023-12-01,151.4621124267578,152.44714179043123,150.4770977986651,150.4770977986651,8913000
2023-12-04,152.5726776123047,152.63061791135257,150.5350269275032,150.67022587047478,9607500
2023-12-05,152.55337524414062,153.06520092010584,151.58766419732606,151.8677139172466,9135600
2023-12-06,150.95028686523438,153.7605094641416,150.65091880734857,153.39353456191736,9366000
2023-12-07,151.41380310058594,151.91597688649952,150.79574872391487,151.31724085348094,8130900
2023-12-08,153.08450317382812,153.33558271479566,151.59730006615214,151.86769795198785,7366200
2023-12-11,153.6446075439453,153.83774677363627,152.72717041565065,153.0844934629365,8093900
2023-12-12,155.0159454345703,155.1414778537601,153.43217986559515,153.77016989951417,10223000
2023-12-13,155.53741455078125,156.47415541919196,154.29165381841833,155.01593708354534,12379100
2023-12-14,158.36695861816406,159.18780416010924,156.1651386277048,156.28101923701917,13643000
2023-12-15,159.5644073486328,159.6126958405875,156.8217919383228,157.48813481479212,20305900
2023-12-18,160.53012084960938,161.39926951215648,159.95070314349041,160.23075282444438,8469600
2023-12-19,162.67401123046875,162.69332957598328,159.8734552896459,160.30802228245219,10345700
2023-12-20,160.83917236328125,163.6011064533363,160.7425953676283,162.22979858143216,10734700
2023-12-21,161.75660705566406,162.32637306039513,159.99900580442775,161.11923420177078,7601700
2023-12-22,161.66000366210938,162.46154550165585,161.4958345724065,161.75658064926606,6574900
2023-12-26,162.61605834960938,162.98303320809595,161.44754167344777,161.7179542829919,4683600
2023-12-27,163.5914306640625,163.65903750431366,161.83384438006993,162.08492392476035,6428600
2023-12-28,164.46058654785156,164.80824309791052,163.20515929843978,163.54316404329003,6320100
2023-12-29,164.26744079589844,164.83720672786006,163.81355546417856,164.17086380531043,6431800
