Price,Close,High,Low,Open,Volume
Ticker,SPY,SPY,SPY,SPY,SPY
Date,,,,,
2000-01-03,92.41493225097656,94.20207103537447,91.4220773707555,94.20207103537447,8164300
2000-01-04,88.8009262084961,91.54120523729136,88.73142637805563,91.20363463229484,8089800
2000-01-05,88.9598159790039,89.93281396627427,87.21239102227348,88.92010177544185,12177900
2000-01-06,87.53003692626953,89.91288729631316,87.53003692626953,88.72146211129134,6227200
2000-01-07,92.61345672607422,92.61345672607422,88.99946677664337,89.15832347771726,8066500
2000-01-10,92.93123626708984,93.34823540418576,92.15680929819743,92.93123626708984,5741700
2000-01-11,91.8192367553711,92.83194892546709,91.18380951138928,92.6532350130972,7503700
2000-01-12,90.90575408935547,91.87875145728435,90.78661155450703,91.87875145728435,6907700
2000-01-13,92.13689422607422,92.61346436862287,91.04475431606687,91.79932370843558,5158300
2000-01-14,93.3879165649414,93.70563008079066,92.75248953324288,93.1099172385733,7437300
2000-01-18,92.65321350097656,93.16949801684142,92.2560715656959,92.35535704951607,6488500
2000-01-19,93.40780639648438,93.40780639648438,92.13695188768867,92.33552290468799,6157900
2000-01-20,91.97810363769531,93.38795798965481,91.38239053123355,93.38795798965481,5800100
2000-01-21,91.77952575683594,92.4546672271372,91.54124053202374,92.4546672271372,6244800
2000-01-24,89.17821502685547,92.67306380100968,88.58250216762464,92.55392122916352,7896900
2000-01-25,90.19097900390625,90.19097900390625,88.32441096639697,89.28748064532464,9942500
2000-01-26,89.4760971069336,89.94273898043846,89.01938378392883,89.59523971293484,5158100
2000-01-27,89.11865234375,90.36964946889621,87.76836973248105,90.1313643022017,10922700
2000-01-28,86.33863067626953,88.99948083970563,86.12020267777851,88.6023390242674,11916200
2000-01-31,88.68177795410156,88.75127778008441,85.78264235596032,86.29892677754711,10768700
2000-02-01,89.55550384521484,90.03207415392552,88.02650743810142,88.80093418975626,8419900
2000-02-02,89.6349105834961,90.3894800567289,89.19805457267711,89.77391022330214,6205900
2000-02-03,90.98522186279297,91.02493605828087,88.95979789290975,89.51579662974044,7997500
2000-02-04,90.6079330444336,91.50150240384616,90.31007659129608,90.98521788507446,4925400
2000-02-07,90.46893310546875,90.72707536411035,89.87322020091123,90.58807568638025,5845800
2000-02-08,91.70011138916016,91.85896823002489,91.26325507678217,91.48168323297116,4936400
2000-02-09,89.7739028930664,91.79932605057421,89.76397434817666,91.79932605057421,8511500
2000-02-10,89.9526138305664,90.58804068323266,89.51575786935835,89.99232800885805,6690600
2000-02-11,88.12580108642578,90.19093928223207,87.70880202765721,90.13136798812226,9849800
2000-02-14,88.64208221435547,88.82079608978763,87.88751251808631,88.82079608978763,8528800
2000-02-15,89.64486694335938,89.7342238823881,87.55987169935611,88.48322673598612,11078300
2000-02-16,88.32437896728516,89.55551914173921,88.19530781996336,89.19809134915577,8845400
2000-02-17,87.86763000488281,89.23776932021319,87.82791582182976,89.23776932021319,7584200
2000-02-18,85.9812240600586,88.24493296140886,85.54436795628924,88.24493296140886,9409200
2000-02-22,85.76280975341797,86.63652210098694,84.84938320823223,85.90180944507667,16415400
2000-02-23,86.77548217773438,87.35133778028684,85.46491425468392,86.17976948543871,12119000
2000-02-24,85.028076171875,87.07335684578979,84.57136301168045,86.85492881265327,17375000
2000-02-25,84.72029876708984,86.87479364959992,84.59122764509615,85.9017959607244,10559900
2000-02-28,86.49752807617188,86.85495587813953,84.33310416425665,84.75010326655224,13397800
2000-02-29,87.33150482177734,87.33150482177734,86.25922167935444,86.45779263165497,8242500
2000-03-01,87.9669418334961,88.3243695881243,87.19251503180166,87.45065729903314,6868000
2000-03-02,88.02650451660156,88.4037893318092,87.2719348861863,88.12578999428779,7600200
2000-03-03,89.67464447021484,90.05192928973081,88.78107516083494,89.23778836340689,12770300
2000-03-06,88.8009262084961,89.81363802348565,88.16549918732618,89.47606741848912,11967100
2000-03-07,87.08332824707031,89.05911006455601,85.9216876810109,88.9598245460894,20062000
2000-03-08,86.9740982055664,87.58966830702133,85.80252930279737,86.71595590495629,11808500
2000-03-09,89.51579284667969,89.51579284667969,86.49751411715543,87.21236960572696,5500900
2000-03-10,89.03919219970703,90.2306176082669,88.66190748699641,89.07890637999236,7924600
2000-03-13,88.06620025634766,89.25762573895891,86.21949075830024,86.85491768235956,10540500
2000-03-14,86.81522369384766,89.01936134938678,86.51736725390992,88.50307685349473,8263900
2000-03-15,88.84062957763672,89.237771417501,86.45777853845112,86.97406293027467,10300800
2000-03-16,92.99079132080078,93.30850489353895,89.51579911897714,89.99236947808438,25601400
2000-03-17,93.6053237915039,94.28218066281634,92.64976114965103,92.88865181011424,10272900
2000-03-20,93.12760162353516,93.86418162782562,92.23176107777648,93.56556811257272,12502300
2000-03-21,95.03870391845703,95.3970400455061,92.05256952638152,92.70951909263813,13612600
2000-03-22,95.61598205566406,96.09376335263178,94.7201421238496,95.2775536369786,8260000
2000-03-23,97.24844360351562,97.76604023272574,95.01879658537976,95.01879658537976,11654500
2000-03-24,97.82575225830078,99.2192814927495,96.65120618926542,97.38778592747403,11462900
2000-03-27,96.79056549072266,97.9651116371547,96.71093524350692,97.70631333370358,8798600
2000-03-28,96.2331771850586,97.45749253402035,95.93456368531183,96.3526225849573,6334400
2000-03-29,96.33272552490234,97.13898206215354,95.33734708385148,96.55170878193353,6747500
2000-03-30,94.72016906738281,96.78060149665438,93.72479108222747,95.65582437342884,9491900
2000-03-31,95.79521942138672,97.02948866580194,94.56095017697152,95.31743777838729,9249100
2000-04-03,96.35260009765625,96.35260009765625,94.72018001335711,95.63592786552492,8508200
2000-04-04,95.63594818115234,97.4674442745466,90.07178341915565,96.67114162524474,19585500
2000-04-05,95.03870391845703,96.07389717437655,94.0433257877652,94.20258628867589,8387200
2000-04-06,95.86486053466797,96.63130163747861,94.91925138184962,95.71555382632822,6378500
2000-04-07,96.47209930419922,96.91006591267886,95.87487211081788,96.55172959665006,6023600
2000-04-10,96.09381103515625,97.53710941925586,95.75538244853978,96.67113038879609,9624200
2000-04-11,95.81507873535156,96.59147351421687,94.52108743724273,95.55628047572979,9006400
2000-04-12,93.18730926513672,96.29288932182574,93.10767900727289,95.79520021017686,10779200
2000-04-13,91.89331817626953,94.38176375080023,91.59470470732585,93.94379732968282,12225800
2000-04-14,86.63773345947266,90.97758315941866,85.04512806499706,90.858137754833,29604000
2000-04-17,89.66368103027344,89.66368103027344,85.8016130640494,86.1201341334287,23918200
2000-04-18,92.03262329101562,92.03262329101562,89.04649015373413,89.54417900994771,11069200
2000-04-19,91.17662048339844,92.4507042630791,90.79837686130573,92.05255308192889,6553700
2000-04-20,91.61459350585938,91.69422374793314,90.69884572201116,91.45533302171187,8537600
2000-04-24,90.61925506591797,91.29611241922227,89.50443118988734,90.14147340476198,12893100
2000-04-25,94.38178253173828,94.38178253173828,92.01278187337995,92.13222728472574,14102000
2000-04-26,93.31671905517578,94.76001764322916,93.00815177083334,94.26232847493489,7711100
2000-04-27,93.00813293457031,93.86415813067187,91.0970069153668,91.0970069153668,15595300
2000-04-28,92.4308090209961,94.19262823235904,92.41090145928578,93.64517028532536,8743400
2000-05-01,93.68501281738281,94.59080714020281,92.9086176835371,93.36649173683072,7328300
2000-05-02,91.81370544433594,93.72483201039323,91.81370544433592,92.68963845377885,9411900
2000-05-03,89.66368103027344,91.73406798123891,89.04654645835105,91.73406798123891,12630700
2000-05-04,90.34053039550781,90.6889127846487,89.66367318231978,90.4599757860704,5963600
2000-05-05,91.43544006347656,91.73405351894186,89.78311227656853,89.86274253135929,7862400
2000-05-08,90.7486572265625,91.33593053756033,90.36045961420801,90.93777914027368,5064100
2000-05-09,90.02203369140625,91.35584091328246,89.35513008046814,91.13685763804905,5620300
2000-05-10,87.99143981933594,89.80302828620461,87.7525490324961,89.50441480265484,10293900
2000-05-11,90.00209045410156,90.14144339220789,88.6284686356249,89.26551063839669,7091100
2000-05-12,90.97755432128906,91.39561310482233,90.22106699870503,90.34051236542882,5960800
2000-05-15,92.5502700805664,92.75929951395982,90.45997574663234,90.93775730867442,4441300
2000-05-16,93.44612121582031,94.10307093889702,92.57018825171804,93.36649094635646,8192200
2000-05-17,92.4706039428711,93.12755333579139,92.03263768092424,92.80903241801185,5907200
2000-05-18,91.33589172363281,93.20720249565144,91.33589172363281,92.76923614475346,4325600
2000-05-19,89.9025650024414,91.24632566180031,89.44469099999318,90.81831300733785,6518400
2000-05-22,89.22571563720703,90.1215561556529,87.27477406370274,89.98220318611688,10839400
2000-05-23,87.91181182861328,89.7034927762073,87.63310590343198,89.46460198319475,7979200
2000-05-24,89.34514617919922,89.62385207191508,86.95623852734897,87.91180158808908,11081500
2000-05-25,87.81226348876953,90.34052407890186,87.7326332339622,89.623851785636,8278900
2000-05-26,87.91181182861328,88.9868203971697,87.48379915779915,88.42940854680711,4814000
2000-05-30,90.77851867675781,91.05722465515136,88.84748439788818,89.1859130859375,5362700
2000-05-31,90.97755432128906,91.73404164387308,90.51968041551451,90.818293832324,6056500
2000-06-01,92.57015228271484,92.64978252123761,91.09699287004369,91.5349591819189,8961600
2000-06-02,94.18267822265625,94.97898072295348,93.95374125382078,94.87944291041633,8962200
2000-06-05,93.72480773925781,94.4215724526975,93.56554723332874,93.94379093491028,6998100
2000-06-06,93.30677795410156,94.1428958704814,92.94844170422449,93.40631580128965,4858900
2000-06-07,93.95372772216797,94.28220245623211,93.00811863925601,93.40626983206104,4919500
2000-06-08,93.5854721069336,94.12297641386556,93.04796780000162,93.96371587847831,5723100
2000-06-09,93.38640594482422,94.26233897862772,92.76927130737174,93.96372544437652,3085300
2000-06-12,92.2914810180664,93.62528801293493,92.29148101806642,93.62528801293493,3678900
2000-06-13,94.02342987060547,94.1229676960031,92.13221118805042,92.25165657852757,6558700
2000-06-14,94.18267822265625,94.83962778540146,93.7646194100002,94.44147653525285,6420500
2000-06-15,94.38178253173828,94.7600263343333,93.5456646523177,94.36187496318065,5881200
2000-06-16,93.60626220703125,94.70375622139636,93.1473101646604,94.70375622139636,5567900
2000-06-19,94.80352783203125,95.24252543512632,93.38676284022442,93.52644389575468,5106900
2000-06-20,94.46428680419922,95.06291980042354,93.86565380797488,94.62392226985904,6480000
2000-06-21,94.4244155883789,94.78359552933217,93.79585069171071,93.82578235345682,3115000
2000-06-22,92.98766326904297,94.30465592478478,92.58857458548485,94.22483818807316,7490500
2000-06-23,92.18949127197266,93.30693965102687,91.8702203065286,93.10739529762434,4863300
2000-06-26,93.37677764892578,93.38675486632603,92.50875973510416,92.82803069191212,5201300
2000-06-27,92.6883544921875,93.68607628435313,92.59855953089259,93.21714704203528,4159500
2000-06-28,92.94776916503906,93.85569606435406,92.7881336662584,92.98767803973422,5347700
2000-06-29,92.06974792480469,93.06746951046577,91.64072764297043,92.42892769564268,6345700
2000-06-30,92.7681655883789,92.96770993251396,91.88019325697799,91.91012490859825,7420200
2000-07-03,94.04525756835938,94.14502974910238,92.70831034640307,92.86794583559187,1436600
2000-07-05,92.34913635253906,93.64617478445675,92.18950085322612,93.46658484772968,2748200
2000-07-06,93.06747436523438,93.52642631857923,92.08970716028229,92.54865911362715,5963200
2000-07-07,94.56404876708984,95.00304625028798,93.38673733487666,93.6660993696391,3034800
2000-07-10,94.40442657470703,95.0828773258252,94.20488223614285,94.42438100856344,2816100
2000-07-11,94.60399627685547,95.22258389224938,93.9654542222553,94.16499861431785,5431600
2000-07-12,95.22252655029297,95.86106822037038,94.9431645696341,95.32229868624258,5883000
2000-07-13,95.6416015625,96.02073580612351,95.26246731887649,95.77130538268699,5356000
2000-07-14,96.57948303222656,96.57948303222655,95.57178388075394,96.06066762750798,5341900
2000-07-17,96.4198226928711,97.04838734825715,96.2202783578279,96.40984547611893,4208300
2000-07-18,95.63166046142578,96.18040760022373,95.3622755023795,96.18040760022373,4262100
2000-07-19,94.86338806152344,95.72142880335043,94.66384370295903,95.44206670136025,8506800
2000-07-20,96.18041229248047,96.18041229248047,95.02305463418921,95.1427812884952,4538900
2000-07-21,94.3046646118164,95.6216573888752,94.3046646118164,95.6216573888752,5656900
2000-07-24,93.7658920288086,95.05295311326446,93.58630211004731,94.58402388094333,5628500
2000-07-25,94.06520080566406,94.40442617980412,93.72597543152399,94.34456287848529,4757100
2000-07-26,93.1473617553711,93.9654941101205,92.99770339779498,93.8457674240596,12062500
2000-07-27,92.82804107666016,93.62621855797279,92.3890434619382,93.18722094325084,7652600
2000-07-28,90.73282623291016,93.16726757894381,90.3636691435526,93.04754095536839,6229500
2000-07-31,91.31148529052734,92.02984487760317,90.71285230129749,91.2715764245787,5265500
2000-08-01,91.8702163696289,92.40898610072794,91.39130994198531,91.7105808937477,3946600
2000-08-02,92.32916259765625,92.84797786187477,91.71057516724187,91.87021063315527,7439800
2000-08-03,92.96772003173828,93.10740108780658,91.07204855652577,91.23168404917524,4607100
2000-08-04,93.46658325195312,93.68608205976088,92.84799570267676,93.42667437780626,3686600
2000-08-07,94.58402252197266,94.78356687328483,93.46657415462445,93.68607294106785,4159800
2000-08-08,94.94319152832031,95.02300925974386,94.18492307979652,94.18492307979652,3658700
2000-08-09,94.14502716064453,95.28242998984265,94.1051182894446,95.23254390084274,5383800
2000-08-10,93.68608856201172,94.41442556574195,93.40672642359465,94.20490396192915,4193400
2000-08-11,94.12504577636719,94.50417994421773,92.94773441304183,93.62618502919543,5089400
2000-08-14,95.3223648071289,95.50195477641175,93.90559949389755,94.36455163762038,2966700
2000-08-15,95.24250030517578,95.66154336120107,94.86336611162909,95.36222689261157,5564600
2000-08-16,94.90331268310547,95.74139912816233,94.40445170390495,95.34231034480192,5191600
2000-08-17,95.90101623535156,96.0606517180571,94.72370455039822,94.94320333911834,5652200
2000-08-18,95.58177947998047,96.02077721454405,95.28246284277802,96.02077721454405,4626400
2000-08-21,96.10059356689453,96.24027466219526,95.40218809039095,95.80127693410728,2380600
2000-08-22,95.94091796875,96.61936871977694,95.84114579948134,96.14046230728734,3075300
2000-08-23,96.32006072998047,96.59942282863796,95.32233894906084,95.66156435457351,5483200
2000-08-24,96.61935424804688,96.73908083323653,96.10053904555839,96.51958209372216,4529000
2000-08-25,96.57948303222656,96.81893629594282,96.37993864579633,96.51961971629748,2822200
2000-08-28,96.90872955322266,97.6370665507914,96.579481321445,96.579481321445,5518700
2000-08-29,96.92864227294922,96.9785283472019,96.35994102646872,96.69916633138692,3561900
2000-08-30,96.00081634521484,96.73913066755385,96.00081634521484,96.61940402068807,3964800
2000-08-31,97.27787780761719,97.75678428297778,96.35997372984275,96.45974591220954,4863100
2000-09-01,97.37764739990234,98.07605265789344,97.0583764248207,97.85655386252482,3191200
2000-09-05,96.59944915771484,97.18810516890109,96.30013254185744,96.9785835378009,3470800
2000-09-06,95.50194549560547,97.02846008616415,95.48199105651321,96.53957632840353,4322200
2000-09-07,96.32006072998047,96.4697189971184,95.67154157238271,95.940926453231,4265500
2000-09-08,95.66156768798828,96.10056528689019,95.35227392512557,95.96088423269413,3518200
2000-09-11,95.52193450927734,96.53961127133564,94.94325556614614,95.62170674085168,3937500
2000-09-12,94.82344055175781,95.94088850438796,94.78353169630674,95.62161766077935,4769100
2000-09-13,95.07289123535156,95.36223049926438,94.28469117158907,94.50418992352293,7691600
2000-09-14,95.55181884765625,95.7413859937464,94.60398311720544,95.70147712088533,3397100
2000-09-15,93.4613265991211,94.90165526246372,93.4613265991211,94.86164613292642,4085700
2000-09-18,92.60113525390625,94.08147312575527,92.3110690492872,93.70138637487511,5109300
2000-09-19,93.44133758544922,93.6613878345265,92.6311525774829,92.901214246805,6588200
2000-09-20,92.75112915039062,93.4812954857706,91.6408762294704,93.26124535729993,6508100
2000-09-21,91.34085845947266,93.18127873504679,91.30084932304713,92.4811188476001,5972300
2000-09-22,93.00125122070312,93.02125579184116,91.17083296157335,91.30086267397054,7791300
2000-09-25,92.34109497070312,93.50136002882721,92.00101728125296,93.42134174895658,9726300
2000-09-26,91.16080474853516,92.82118368075557,91.16080474853516,92.4210923717868,5302400
2000-09-27,91.64092254638672,92.16104129473993,90.98077182732303,91.90098192056332,7186200
2000-09-28,92.82115936279297,93.67135317161166,91.47085154878683,91.66089487075806,7036400
2000-09-29,91.94099426269531,93.44133685836593,91.94099426269531,93.12126377128953,9333600
2000-10-02,92.08099365234375,92.76114872168542,91.63089103292647,92.36105750442562,5517800
2000-10-03,91.2208023071289,93.30127674571254,91.08077037376269,92.52109883124368,9347200
2000-10-04,91.9809799194336,92.34106205047966,90.74069702360826,91.46086128570039,6148900
2000-10-05,92.30106353759766,92.72115940545407,91.74093571378909,91.80094940919714,4566900
2000-10-06,90.30064392089844,92.59116756488223,89.46045184188254,92.10105551878962,10014900
2000-10-09,89.62047576904297,90.46066772937775,89.22038435935974,90.46066772937775,4508000
2000-10-10,88.14009857177734,90.4206185983735,88.14009857177734,89.68044981781158,6104700
2000-10-11,87.39998626708984,88.74029276283143,86.49978041174101,88.1001463768056,10346000
2000-10-12,85.21945190429688,88.08010486728148,84.99940167637497,87.88005920553431,12336900
2000-10-13,88.06009674072266,88.12011043682037,85.0594119358366,85.09942106656841,11778800
2000-10-16,88.4601821899414,88.49018903600313,87.49996311596647,87.96006808891279,5659000
2000-10-17,86.25968933105469,88.70024640396487,86.03963910316935,88.62022813927928,7831700
2000-10-18,85.9395751953125,87.13984859189507,83.31897827944053,84.89933825160759,10897300
2000-10-19,89.18037414550781,89.27039471160354,87.33995368310613,87.60001309627158,8767300
2000-10-20,89.5604019165039,90.38058875558737,88.58017862101391,88.58017862101391,7373500
2000-10-23,89.96050262451172,90.28057557136344,88.94027010642186,89.58041600012531,5290000
2000-10-24,89.36038970947266,90.8607320484497,88.98030298359848,90.24059054833918,5750700
2000-10-25,87.25989532470703,89.34036967449373,87.13986795837319,88.82025108704705,9137600
2000-10-26,87.49996948242188,88.12011101281855,85.79958141520517,87.78003339937521,9345800
2000-10-27,89.16036987304688,89.16036987304688,87.45998139667061,88.26016420908297,9762900
2000-10-30,89.96050262451172,90.32058468971991,88.44015612696604,88.62019715957014,10154100
2000-10-31,91.5108642578125,91.98097144112404,89.66044236605435,90.27058147630974,7752400
2000-11-01,91.2008285522461,91.70094276891777,90.40064580557141,91.06079657157802,6753600
2000-11-02,91.35083770751953,92.12101338949468,91.23081032851042,91.64090387345821,11395100
2000-11-03,91.40087890625,92.02102056659007,91.14081950030094,91.84097943939456,5187100
2000-11-06,92.04100799560547,92.3710833339944,91.56089841249428,91.64091667634615,4042500
2000-11-07,92.02100372314453,92.1810402513587,91.26083021412724,91.6309146856225,5231300
2000-11-08,89.98055267333984,92.22106443399214,89.98055267333983,92.22106443399214,6123300
2000-11-09,89.64048767089844,90.40066141146843,87.86008075219503,89.62048309877818,10635300
2000-11-10,87.4599380493164,89.28035304531086,87.39992436812977,88.98028463937771,8569500
2000-11-13,86.77979278564453,87.69000038632383,85.14942092948269,86.81980191094911,17285300
2000-11-14,89.06031799316406,89.38039101380437,87.70000765544279,88.00007611229307,7668900
2000-11-15,89.34040069580078,89.69048063583135,88.18013575169947,89.02032760777283,8837700
2000-11-16,87.94009399414062,89.54045967192297,87.90008485219606,88.71026997657337,6684100
2000-11-17,87.46994018554688,88.98028449292453,86.89981021521226,87.90003823334315,6551100
2000-11-20,86.21968841552734,87.29993509173117,85.97963359859317,86.8998437301742,5458500
2000-11-21,86.6597671508789,87.17988579028861,85.46949564915285,86.3396941420114,7684300
2000-11-22,84.58928680419922,86.33968590443983,84.57928452362643,85.99960836496452,5736900
2000-11-24,86.3197021484375,86.39972041230627,85.53952407571698,85.53952407571698,3411600
2000-11-27,87.07988739013672,87.4999833320602,86.6197823108872,87.35995135141904,5992000
2000-11-28,85.57955932617188,87.43998452891475,85.54955246806313,86.49976964150706,5336100
2000-11-29,85.41950988769531,86.99987084346297,85.30948475786339,86.01964695950582,6914100
2000-11-30,84.67932891845703,85.4595070020431,83.05895905254751,84.81936088217762,11201600
2000-12-01,84.63929748535156,85.81956658287832,83.8591196073254,85.25943887557749,7587200
2000-12-04,85.35952758789062,85.69960538704557,84.17925757905877,84.41931249610931,6996600
2000-12-05,88.16015625,88.50023400272295,86.03967143890402,86.33974004424779,8883400
2000-12-06,86.7498550415039,88.56026940360609,86.43978407340906,88.20018698904433,12888000
2000-12-07,85.55953216552734,86.97985640769531,85.55953216552734,86.33971027038017,6529100
2000-12-08,85.75959014892578,89.28039440976342,85.69957643993423,87.74004254564694,10276300
2000-12-11,88.74028778076172,89.34042498396795,87.52000880090904,87.9401048431534,6405600
2000-12-12,88.36019134521484,88.86030562722307,87.94009534832793,88.4602142016165,5022900
2000-12-13,87.14993286132812,89.24041099377591,87.0799168473227,89.1403881166253,6070500
2000-12-14,86.03965759277344,87.37996381428376,85.79960274712981,86.97987240487768,7678400
2000-12-15,84.0963363647461,85.48088592551142,83.83547920112365,85.48088592551142,9065300
2000-12-18,85.2199935913086,85.70157584847634,84.60798280615792,84.79860911628683,7235400
2000-12-19,83.48429107666016,86.66474057447307,83.48429107666016,85.05946637999337,9616600
2000-12-20,81.06633758544922,82.79200714791176,80.96600795972465,82.59134789646262,9994300
2000-12-21,81.62818908691406,82.74184800882256,80.60482683434951,80.90581573216262,14331500
2000-12-22,84.07624816894531,84.18661078587353,82.73183083545621,82.83216048720912,10182900
2000-12-26,84.9792251586914,84.9792251586914,83.65487359777674,84.01606038711711,4665300
2000-12-27,85.60127258300781,85.8721626861186,84.27692096779954,84.59797590481973,4854100
2000-12-28,85.8620834350586,85.96241304879435,85.13971021616116,85.28017167539122,8358700
2000-12-29,84.23675537109375,86.22328199847304,84.23675537109375,86.08282051976946,8774600
2001-01-02,82.71174621582031,84.8588002781912,81.90910918315831,84.75847064910845,8737500
2001-01-03,86.68476867675781,87.32687807436344,81.96927778809159,82.39066208027027,19431600
2001-01-04,85.75172424316406,86.98577854080173,85.40057058123465,86.64465784064173,9219000
2001-01-05,82.95255279541016,85.80191479273677,82.95255279541016,85.70158514494358,12911400
2001-01-08,83.59468841552734,83.59468841552734,81.98941355397137,83.39402905783284,6625300
2001-01-09,83.37389373779297,84.43738744852776,83.10300383034166,84.14643162200598,5702400
2001-01-10,84.83875274658203,84.83875274658203,82.71176414886735,82.83215972987006,8746100
2001-01-11,84.91899108886719,85.7115950935955,84.17655189456471,84.17655189456471,7245100
2001-01-12,84.75843048095703,85.86205587784448,84.296914405895,85.199880639712,7244000
2001-01-16,85.3002700805664,85.52099531483746,84.44746803906463,84.75848996008293,8542200
2001-01-17,85.6915283203125,86.71489044285927,85.16981429705338,86.58446193704448,7851400
2001-01-18,86.5443344116211,87.1362791983456,85.36044483817207,85.68149963775146,8107000
2001-01-19,86.0527114868164,87.44729314668203,85.96241483258049,87.44729314668203,7782500
2001-01-22,86.62456512451172,87.18641080982242,85.76173067921313,86.20318086052868,7050900
2001-01-23,87.30684661865234,87.7482970037616,86.14302287609159,86.34368214205035,8463100
2001-01-24,87.56774139404297,88.16971945128891,87.22662049493694,87.48747765307684,6199900
2001-01-25,87.34698486328125,88.12955605778342,87.10619372651135,87.48744635973036,10818300
2001-01-26,87.24664306640625,87.40717046855235,86.3336434667003,86.7851267852362,7136800
2001-01-29,87.71217346191406,87.90479849967133,86.92237161585034,87.00584899742165,6705900
2001-01-30,88.48271179199219,88.55976181474551,87.19206512397952,87.51954731631263,7069100
2001-01-31,87.98184967041016,89.06058896714862,87.71216484622553,88.22584462687408,9706900
2001-02-01,88.5661849975586,88.57902993477019,87.4874454193761,88.03324257598132,8239100
2001-02-02,86.55638885498047,88.60472034990394,86.5242814106637,88.22586818347227,8276600
2001-02-05,87.19204711914062,87.28836942550781,86.52425753160449,86.55636496706022,4352900
2001-02-06,86.93524932861328,87.7764116366835,86.82609183345639,86.87746179549818,7106700
2001-02-07,86.48574829101562,86.94164064501102,85.83721128917459,86.5050107962371,5748700
2001-02-08,85.47765350341797,86.94166306466676,85.46481836183752,86.55640306307487,5943300
2001-02-09,84.65571594238281,85.62530757875815,84.28329124866552,85.62530757875815,9913000
2001-02-12,85.6253433227539,85.7216558708975,84.5658563040859,84.5658563040859,5804400
2001-02-13,84.92539978027344,86.15183128884303,84.75845483583996,85.85003903704185,6587600
2001-02-14,84.79698181152344,85.17582407759859,83.8980324008682,85.17582407759859,8400100
2001-02-15,85.61891174316406,85.73449659306903,84.75206945905431,85.29785686805292,5929800
2001-02-16,83.73108673095703,84.30256387492308,83.02477205968356,84.11635640460788,6434900
2001-02-20,82.44046783447266,84.20626959179457,82.25426032383088,84.14205469967426,5760000
2001-02-21,80.66182708740234,82.729416329608,80.58477215520067,82.12583650687465,10910800
2001-02-22,80.7838134765625,81.25255567645263,78.9923269656878,81.13055327533579,21281600
2001-02-23,80.23804473876953,80.61046962040926,78.208980198877,80.31509968290823,20173000
2001-02-26,81.946044921875,81.946044921875,79.94266081495347,80.77740541756455,11503700
2001-02-27,81.1883316040039,82.08728103865002,80.59116953732784,81.41949142974347,11415000
2001-02-28,79.58950805664062,81.44520499386732,79.1528731950044,81.38741746312131,14825800
2001-03-01,80.0068588256836,80.0068588256836,78.1768473620817,79.65370146893667,14672000
2001-03-02,79.37114715576172,80.68105098283645,78.52998536882353,78.65840529545773,12564300
2001-03-05,80.09678649902344,80.1224714825542,79.4996241039347,79.71794401449141,5293200
2001-03-06,80.95716094970703,82.02948255968118,80.57831382528776,81.13052834636918,6917000
2001-03-07,81.53508758544922,81.57361259777815,80.75171300870763,81.48371763640532,6371700
2001-03-08,81.6249771118164,81.7020271313439,80.99570752519851,81.29107736417176,6055000
2001-03-09,79.21063995361328,80.97001887049784,79.05011255502035,80.97001887049784,10020300
2001-03-12,75.82032012939453,78.6584440364407,75.60842273706851,78.55570412540678,13972900
2001-03-13,77.06600189208984,77.33569168174888,75.46715015531429,76.66789702447886,12888000
2001-03-14,75.544189453125,76.59724872203932,74.32418032970267,75.1589247033356,19883400
2001-03-15,75.56344604492188,76.32113544976478,75.35797120118008,76.0578682036764,10370300
2001-03-16,74.04790496826172,75.58667937389353,73.91913425542825,75.41284013959346,58514600
2001-03-19,75.554443359375,75.77335099313926,73.9255328186405,74.53074255140896,10067800
2001-03-20,73.52638244628906,76.26913686538462,73.46843931725807,75.90858874137011,15083900
2001-03-21,72.27732849121094,74.20884444834142,72.04554618338734,73.51349752487067,19004600
2001-03-22,71.5433578491211,72.4962363708394,69.56033348151351,72.1228087473095,28624800
2001-03-23,73.7066650390625,73.82255621491402,71.78802333043188,72.91474118539382,12861700
2001-03-26,74.64664459228516,74.85910758495491,73.89334974011602,74.49211980040008,9943800
2001-03-27,76.17251586914062,76.39142346890432,74.22168639688778,74.44059399665146,12880700
2001-03-28,74.06718444824219,75.29691347575132,73.97704744777965,75.26472449678505,10953300
2001-03-29,74.35047149658203,75.00718459956416,72.20004837093882,73.84827334477465,12060300
2001-03-30,75.1295166015625,75.1295166015625,73.71950870596999,74.39554109999055,9183600
2001-04-02,73.52638244628906,75.57378984441395,73.26885087890714,74.87844773554306,10561000
2001-04-03,71.07330322265625,73.49413639073038,70.86083542365034,73.38468506836828,12836000
2001-04-04,71.36949920654297,72.17429735932784,70.37155244434858,71.18922520625485,14884300
2001-04-05,74.0736083984375,74.35689394852687,72.43181854654368,72.94689122104683,21522800
2001-04-06,72.94689178466797,73.65511303350902,72.14852864180988,73.39113693495987,14937800
2001-04-09,73.75814056396484,74.03499132887065,72.61210876434025,73.39759255835662,9034300
2001-04-10,75.10377502441406,75.81199651474351,74.15089171793714,74.33116574324659,17873600
2001-04-11,75.1552963256836,76.610368303505,74.77542892467739,76.47516276107555,12722300
2001-04-12,76.52023315429688,76.57818119510371,74.65953959139517,74.87844731696583,9233200
2001-04-16,75.71541595458984,76.54596831146294,75.27117067503337,76.15966614624485,7350000
2001-04-17,76.7841796875,77.04171606590184,75.34197793328886,75.52869168482775,10924700
2001-04-18,79.8359603881836,81.12363716863817,77.70485688840235,77.9430739490443,32481600
2001-04-19,80.89827728271484,81.0206032102735,79.56553229860488,79.9969027482032,13809900
2001-04-20,80.15789031982422,80.73734593106178,79.61706835740101,80.41542669282956,7626700
2001-04-23,78.70282745361328,79.76516210396373,78.49036445322207,79.61064221856141,8451800
2001-04-24,78.27789306640625,79.61063868508214,77.96884839721982,78.88309797074469,10044700
2001-04-25,79.30158233642578,79.6235015680379,77.87226016213235,78.17486502578336,8249000
2001-04-26,79.65568542480469,80.62144299802084,79.51404019479746,79.66212518401329,10590400
2001-04-27,80.98200225830078,81.02063099476672,79.96473629318415,80.42830077916629,7938700
2001-04-30,81.54857635498047,81.94131327070232,80.26733436687,81.41336596459912,10766900
2001-05-01,81.79969024658203,81.86407311955925,80.22228284209933,80.52488774840043,10578000
2001-05-02,81.6515884399414,82.21172963515096,81.12364113065438,82.03145566301842,9572900
2001-05-03,80.61500549316406,81.2202151611749,79.97760685240408,81.20733564239752,9926200
2001-05-04,81.98639678955078,81.99283655029618,79.47543042965266,79.61063593271655,12145300
2001-05-07,81.2781753540039,82.01215089157714,81.27174050535899,81.67735701440792,7185200
2001-05-08,81.23950958251953,81.83183958633288,80.8403281040735,81.67731978361982,6952600
2001-05-09,80.89827728271484,81.47773269147918,80.51841016004309,80.6407409996978,9507400
2001-05-10,81.13648986816406,82.08937258974362,80.97553031406653,81.9348527931968,6872400
2001-05-11,80.5763931274414,81.4391344010712,80.09351422924911,81.12365489630638,7734400
2001-05-14,80.7373275756836,80.76308169833878,80.13211797352824,80.41540841063869,7914000
2001-05-15,81.11077880859375,81.44557267724822,80.38323813816884,80.83392804885911,9782200
2001-05-16,83.0229721069336,83.18393173095797,80.23515515202581,80.37679549500503,14909000
2001-05-17,83.15174102783203,83.75051596073061,82.77187865838451,83.05516917939492,11824600
2001-05-18,83.53160858154297,83.53160858154297,82.475713859099,83.11310767177092,6683100
2001-05-21,84.7613296508789,84.88366053061424,83.15173349477261,83.5959836057292,11531500
2001-05-22,84.65187072753906,85.0446125475054,84.38790444791138,84.8772180989373,8342700
2001-05-23,83.21614074707031,84.37505221554407,83.21614074707031,84.37505221554407,12330800
2001-05-24,83.46075439453125,83.69897140015952,82.76540791476535,83.35773791807884,7902800
2001-05-25,82.47571563720703,83.50585134091003,82.34694499017073,83.47365745112647,7425000
2001-05-29,81.81903076171875,82.63670873731508,81.70313958848855,82.55300655481,9003900
2001-05-30,80.67298126220703,81.82544807237957,80.47982771086141,81.50352876153612,10041800
2001-05-31,81.09146118164062,81.61297373305158,80.64721593456234,80.75666730615423,9874200
2001-06-01,81.59368133544922,81.83189851281678,80.55710062629456,81.25244269526145,8848300
2001-06-04,81.98639678955078,82.04434481206285,81.17516377116749,81.6387283028712,5623500
2001-06-05,82.92640686035156,83.20325272008714,81.94132975678113,82.08297502312845,9115400
2001-06-06,82.23751068115234,82.94573219440164,81.99928861879894,82.94573219440164,12064900
2001-06-07,82.53366088867188,82.63667740897748,81.7674914832176,81.7996853738376,7355300
2001-06-08,81.76750183105469,82.32764317888278,81.21380024458516,82.21818688418166,8170600
2001-06-11,81.18803405761719,81.76104993099062,80.74378883180394,81.58077593650432,7012200
2001-06-12,81.0464096069336,81.60011125333932,79.86174881785107,80.38969632813335,9364400
2001-06-13,80.35102844238281,81.49705992511743,80.25445170698563,81.23308384250493,7629400
2001-06-14,78.54829406738281,80.02912452693487,78.38733444839227,79.95186214146422,12603000
2001-06-15,78.67483520507812,79.02995543487876,77.73861630988422,78.06790916605682,16821100
2001-06-18,78.29390716552734,79.05579758875967,78.06792376161707,78.54571794789433,11368300
2001-06-19,78.6361083984375,79.34634403846428,78.0550047198452,79.01705113291722,7732300
2001-06-20,79.0493392944336,79.32697745449096,78.19059743587611,78.24871026876049,8787200
2001-06-21,79.94678497314453,80.26316160009198,78.86851825656177,78.91371491755426,12259100
2001-06-22,79.32051849365234,79.79831267328157,78.87500976816197,79.73374669107254,12212000
2001-06-25,78.59088897705078,79.70144125786754,78.44884090493694,79.59813177776034,8406800
2001-06-26,78.48114776611328,79.02350790648215,77.84838934294778,78.0614615092649,8005800
2001-06-27,78.43595886230469,78.92666429716225,78.06792732312704,78.51343607514063,10105100
2001-06-28,78.86856842041016,80.02431797354427,78.7265202737802,78.77171696351975,10269300
2001-06-29,79.15911102294922,80.0695077425319,78.93958567063723,79.28824792966446,9824200
2001-07-02,80.14694213867188,80.26962090298784,79.17198487574679,79.28820556666015,8522200
2001-07-03,80.12760162353516,80.12760162353516,79.44965145476698,80.05012441914361,3303100
2001-07-05,78.56509399414062,79.8370641674225,78.55218276683836,79.46257453675764,5517900
2001-07-06,76.86697387695312,78.44240447474375,76.86697387695312,78.32618374058909,11665900
2001-07-09,77.28666687011719,77.8290320200279,76.96383199609653,77.15107681415681,8339300
2001-07-10,76.35690307617188,77.89359524865677,76.32461761948647,77.66761183006619,8630700
2001-07-11,76.43435668945312,76.76364952690415,75.60144241005791,76.25357001040317,15328600
2001-07-12,78.24870300292969,78.42948970877183,77.03484096187248,77.15751976629463,12002800
2001-07-13,78.92668914794922,78.97834392348315,77.8807070367752,78.0227502803877,10433800
2001-07-16,77.93880462646484,78.9525060630201,77.66762447998838,78.62321307025874,6915300
2001-07-17,78.66837310791016,78.73939715023887,77.37058090041445,77.60947547364056,7469800
2001-07-18,78.13250732421875,78.53927754277888,77.51911803151648,77.84195294575876,7709300
2001-07-19,78.81688690185547,79.4044485951139,77.97106131264013,78.88791095106403,10082900
2001-07-20,78.3455581665039,78.73296392307192,78.07437807776135,78.22288427458827,6705800
2001-07-23,76.80240631103516,78.6942186666713,76.80240631103516,78.64256883618746,8065200
2001-07-24,76.05989837646484,76.96383208389851,75.38194316982033,76.83470010457063,12269000
2001-07-25,76.89925384521484,77.14461146335259,75.84035601997284,76.13736346597307,12088500
2001-07-26,77.70632934570312,78.02916412065501,76.55058026024729,76.87341503519916,12898200
2001-07-27,78.00334930419922,78.35201150840162,77.42225055659706,78.0162654558744,8478800
2001-07-30,78.0291748046875,78.35200962384307,77.67405945925742,78.24870504326887,8547700
2001-07-31,78.35201263427734,79.21075446848208,77.99689727520305,78.12602923739941,11918100
2001-08-01,78.84271240234375,79.22365508807168,78.48113901574531,78.75231905569414,11940800
2001-08-02,79.16557312011719,79.57880139045264,78.70069008447243,79.56589016216009,11070100
2001-08-03,78.73296356201172,79.00414364951067,78.06146649339374,79.00414364951067,10816300
2001-08-06,77.674072265625,78.45533206566202,77.54493536103053,78.35202254198644,8550100
2001-08-07,77.97750854492188,78.25514664546984,77.42223726989366,77.65467377340416,8865100
2001-08-08,76.53121948242188,78.22933374040937,76.46665350545668,77.55783674262112,15183800
2001-08-09,76.75720977783203,76.81532261058233,76.0986288717639,76.64098903840016,14118500
2001-08-10,77.02191925048828,77.37703453831027,75.76286070438957,76.70554255833875,11173300
2001-08-13,77.04129791259766,77.38350201881251,76.71200503115377,77.22208461580034,7431600
2001-08-14,77.0090103149414,77.70633465877235,76.70554974363482,77.57074463514991,13178100
2001-08-15,76.34397888183594,77.22854808551286,76.24067429824797,76.98319538918145,8520600
2001-08-16,76.60868835449219,76.67325432028525,75.54333267767052,76.05987025614995,10734700
2001-08-17,75.38192749023438,76.10507923183361,74.90413335482022,75.96303112847767,11604600
2001-08-20,76.07925415039062,76.12445082772427,75.25279780710768,75.41421521559477,10417400
2001-08-21,74.78144836425781,76.53767035849616,74.76853714050657,76.05987626261502,14480800
2001-08-22,75.5562744140625,75.82100138461264,74.75564527754327,75.38194574341124,11752300
2001-08-23,75.28509521484375,75.87911022901979,75.21407114509776,75.51753672927255,8744100
2001-08-24,76.84762573242188,76.91864981218207,75.37549921752004,75.67896484448265,11687700
2001-08-27,76.38919830322266,76.96384407508087,76.35691776639591,76.8153427683238,7425100
2001-08-28,75.27215576171875,76.50538201511274,75.27215576171875,76.36979200355012,12046600
2001-08-29,74.60066223144531,75.6595599253824,74.36176271868996,75.62727447666188,16180000
2001-08-30,73.16732788085938,74.7298481771455,72.34087102748725,74.15520224234547,17692600
2001-08-31,73.70318603515625,74.10349803561294,73.04460028268213,73.21893383377686,15985400
2001-09-04,73.23184204101562,75.00743337291475,73.19956151789458,73.50948015540985,24473400
2001-09-05,73.41265106201172,73.72903279687226,72.28272896168833,73.41265106201172,21477100
2001-09-06,71.52082824707031,73.15437667447591,71.52082824707031,72.73469039749138,21653000
2001-09-07,70.19721984863281,71.83076361733225,70.13910700639747,71.03658761391273,33133900
2001-09-10,71.0559310913086,71.24962898742885,69.53860381166257,69.53860381166257,23408700
2001-09-17,67.34332275390625,68.69922755627972,64.56694226603983,65.21261168870022,32388700
2001-09-18,67.1819076538086,67.98899445923125,66.73639416087387,67.36269431005256,22029200
2001-09-19,65.82601928710938,67.4724788760431,63.637199553062935,67.21421002910292,42771800
2001-09-20,63.734039306640625,65.73561388300224,63.6371878910283,64.82522239880872,36210900
2001-09-21,63.046417236328125,64.15465445987078,60.79105883406466,61.10214036459324,49782100
2001-09-24,65.26289367675781,65.56102049073517,64.20002268330997,64.62776598154117,25549600
2001-09-25,65.9433822631836,66.10540531542729,64.74441266549049,65.29529005420882,25466200
2001-09-26,65.71012878417969,66.36470389852549,65.08796028774873,66.33229728061063,18587500
2001-09-27,66.28041076660156,66.29337538417582,64.80924312330578,65.6193586623471,20536800
2001-09-28,67.68675231933594,71.04387018102139,66.42945184364855,66.74053828154328,21687200
2001-10-01,67.57659912109375,67.60900572215117,66.64334933418833,67.33680807366012,20457400
2001-10-02,68.42557525634766,68.42557525634766,67.17475711999359,67.40158839973633,19833100
2001-10-03,69.57270050048828,69.9161885942169,67.62842379375148,67.79044685264621,32045800
2001-10-04,69.63105773925781,70.62263844403596,69.1838723451213,70.1819353591842,32674100
2001-10-05,69.49492645263672,69.7476820066021,68.386684476572,69.50788612059993,29796100
2001-10-08,69.04126739501953,69.54030120220489,68.61352907626933,68.8727620236081,12970300
2001-10-09,68.67184448242188,69.183837880693,68.43853090992995,69.09310537411845,15976300
2001-10-10,70.20138549804688,70.35044896159405,68.38672436265222,68.56819443183473,19987400
2001-10-11,71.29017639160156,71.48460612321823,70.60967727549671,70.60967727549671,23006300
2001-10-12,70.96611785888672,71.21887349953225,69.54031655552465,70.73928650760902,31360500
2001-10-15,70.8364486694336,70.93365850156884,70.0328111304233,70.40222332618407,16873000
2001-10-16,71.2836685180664,71.68548751184785,70.60965195328059,71.16053434711779,15877100
2001-10-17,69.76713562011719,72.03545862252521,69.76713562011719,71.98361005292061,28542300
2001-10-18,69.61807250976562,70.09766436378611,69.18385186275272,69.87731041432096,16510000
2001-10-19,69.57270050048828,69.93563551470741,68.70425927819717,69.34586920694593,21912500
2001-10-22,70.94669342041016,71.01150168757802,69.48200284855794,69.54033375019671,17540600
2001-10-23,70.58372497558594,71.47160813891283,70.24023195080893,71.26421882946227,22062500
2001-10-24,70.39579772949219,70.93371065951702,70.1365597825649,70.62911138727148,16065200
2001-10-25,71.6595458984375,71.67898787101464,69.17735187871182,69.63749669305606,27467900
2001-10-26,71.49755096435547,72.45024755142605,71.0762899296202,71.25775500438556,18623300
2001-10-29,69.63753509521484,71.64662574165699,69.63753509521484,71.39387006966903,18727500
2001-10-30,68.80146789550781,69.79952549705423,68.41260863360037,69.5726942239755,26178600
2001-10-31,68.56817626953125,69.9032449995705,68.56817626953125,69.28107690369146,28124200
2001-11-01,70.3244857788086,70.64853187775954,68.50334334040956,69.08662730743147,29806800
2001-11-02,70.8040771484375,70.88832735951384,69.90971163817994,70.27912401682451,17575900
2001-11-05,71.73086547851562,71.99658078560185,71.25775586114403,71.36793532462126,15929500
2001-11-06,72.84557342529297,72.89742199450238,71.19293612974296,71.5169822704742,23245800
2001-11-07,72.74838256835938,73.3122248190843,72.35304575082006,72.4372959951362,19716000
2001-11-08,72.9751968383789,73.93437568169402,72.52153417606566,73.1501845399513,22563500
2001-11-09,73.052978515625,73.20851931225278,72.22342100753986,72.74837428650406,15895800
2001-11-12,72.60577392578125,73.00759290053979,71.29014745032619,71.93823969987461,26068800
2001-11-13,74.23896789550781,74.23896789550781,73.35107974875406,73.5195851152328,15296200
2001-11-14,74.310302734375,74.78988989226096,73.69461177407064,74.6408264129502,17571300
2001-11-15,74.44637298583984,74.64728004007473,73.83716457035025,74.12232679795005,19470200
2001-11-16,74.11585235595703,74.59543938045991,73.4936842025215,74.58247970717191,18134900
2001-11-19,75.02964782714844,75.0814964009034,74.17416613840007,74.47877032852031,13625400
2001-11-20,74.40103149414062,75.0491240857462,74.29733430609778,74.77044407357364,16209700
2001-11-21,73.90845489501953,74.31675131043887,73.56496672806402,74.2065767935951,11470200
2001-11-23,74.97129821777344,75.01666446934652,73.88250323546872,73.90842751416056,6717100
2001-11-26,75.13336944580078,75.39908481987295,74.5760094577816,75.01671258913272,13726000
2001-11-27,74.80927276611328,75.76196896290233,73.94082676393637,74.93241184978139,19261400
2001-11-28,73.45480346679688,74.64081395900881,73.39647751368162,74.36213397905551,20195500
2001-11-29,74.44637298583984,74.47877463789736,73.23443846309314,73.66218180449283,16354700
2001-11-30,73.91492462158203,74.47228436369271,73.89547770025592,74.14175592487089,13680300
2001-12-03,73.4742202758789,73.93436518074255,73.24090666995488,73.6556853150306,15220400
2001-12-04,74.71857452392578,74.72505683249894,73.4612736665772,73.83068614240452,17239900
2001-12-05,76.0860366821289,76.47489107154846,74.89354428408357,74.92595087676513,25204000
2001-12-06,76.04717254638672,76.43603200698826,75.781457189166,76.04717254638672,17972900
2001-12-07,75.54164123535156,75.88512938291002,74.9842814298428,75.76199520114794,18857800
2001-12-10,74.12879180908203,75.43145865180209,74.10934983217678,75.0814882338526,13862700
2001-12-11,73.97972106933594,74.99722556297982,73.81769802929996,74.46579018944387,20833300
2001-12-12,74.0639877319336,74.3880338840296,73.3057209227214,74.23897542301448,16171500
2001-12-13,72.62521362304688,73.68808448338761,72.61225395406524,73.52606142608505,19026700
2001-12-14,73.31868743896484,73.5520010858226,72.58634484688777,72.80021651393277,16721900
2001-12-17,74.07696533203125,74.11584929484219,73.16963495820474,73.22796090242116,13925900
2001-12-18,74.51765441894531,74.6278289226457,74.10287080024342,74.2908181595539,13663700
2001-12-19,75.0426254272461,75.12687566576135,73.88253934765152,73.9408652948037,20143400
2001-12-20,74.30377960205078,75.04908670003317,74.23897136408527,74.85465704158503,14867900
2001-12-21,74.75444793701172,74.83248829638384,74.26670685444341,74.8064748432598,14037700
2001-12-24,74.61138916015625,74.8129872409214,74.53334879265391,74.67642031896185,5728800
2001-12-26,75.0210952758789,75.57386760748436,74.55936756540567,74.55936756540567,10304800
2001-12-27,75.476318359375,75.48932756899562,74.9495594856134,74.98207754810524,9407300
2001-12-28,75.4372787475586,75.92501977394367,75.38525184730352,75.62587253981448,10593800
2001-12-31,74.33174133300781,75.69091073831983,74.28621903143178,75.53483498456755,14619500
2002-01-02,75.1316146850586,75.27468615670023,74.01306131937766,74.85848094550138,18651900
2002-01-03,75.98356628417969,76.05510205044055,75.13815125987061,75.20968702613148,15743000
2002-01-04,76.49079895019531,76.72491503304967,75.79495530436655,76.19815136584829,20140700
2002-01-07,75.95106506347656,76.73144904821372,75.80148890292908,76.54285517689749,13106500
2002-01-08,75.77544403076172,76.12661816678963,75.41777025334024,75.95103357955483,12683700
2002-01-09,75.15766906738281,76.5948792453582,75.0080929124079,75.87952645907346,16610300
2002-01-10,75.48929595947266,75.66488052335102,74.98204615098224,75.23567105522746,12823400
2002-01-11,74.74797058105469,75.61939919351212,74.59188981577488,75.57387687736227,13708400
2002-01-14,74.27971649169922,74.68291261355829,74.11063152619376,74.55935491245255,12301100
2002-01-15,74.88455963134766,75.04063548113221,74.0716573447754,74.49436752610534,20219900
2002-01-16,73.36925506591797,74.39676399749783,73.28471507593666,74.33173285431542,17067000
2002-01-17,73.92205047607422,74.29273356651922,73.74646583809911,73.98058199643908,17283400
2002-01-18,73.58387756347656,74.0391006217147,73.27172106528525,73.48632834769433,17028000
2002-01-22,73.07662963867188,74.09112960343276,72.84901314162892,73.97407153353271,11689300
2002-01-23,73.63591003417969,73.84401272816939,72.84901660592278,73.24571314158435,12438900
2002-01-24,73.8635025024414,74.29921663019898,73.69441755675999,73.9025201969993,12142800
2002-01-25,73.8440170288086,74.25371783602296,73.51235163541035,73.56437855232771,12810700
2002-01-28,74.04562377929688,74.26023111547963,73.43431983801041,74.07163724079422,10589200
2002-01-29,71.71748352050781,74.22122132589483,71.56791229288584,74.03913202536651,27720800
2002-01-30,72.75147247314453,73.73995903095592,70.4948559352722,71.78899441076328,34711800
2002-01-31,73.60340881347656,73.68144920216362,72.58890856834844,72.933578268985,19909200
2002-02-01,73.25873565673828,73.68144572611986,72.94657907827728,73.54487381197033,15838500
2002-02-04,71.43779754638672,72.98556549667782,71.17116837946138,72.98556549667782,24243400
2002-02-05,70.99559783935547,71.85402203147449,70.57939247114983,71.14517396928531,33614000
2002-02-06,70.68994903564453,71.36628402901769,70.27374364919329,71.30775747227904,29486000
2002-02-07,70.2477798461914,71.44437489920804,70.23477558935521,70.70300822046768,23445400
2002-02-08,71.59390258789062,72.02311722559196,70.42983128964984,70.64443364694046,19277800
2002-02-11,72.47180938720703,72.60187166640208,71.41828706411866,71.56786315059509,18792400
2002-02-12,72.24422454833984,72.64742572865515,71.554885236357,72.1596845260499,13942500
2002-02-13,73.0115737915039,73.18716332969083,72.41327935658421,72.49782430517719,16781100
2002-02-14,72.87500762939453,73.46680242917866,72.5693558063463,73.16765520875389,20453800
2002-02-15,72.11412811279297,72.99206087003611,71.9970700810567,72.93353433494684,18366800
2002-02-19,70.72897338867188,71.7239645694374,70.63142416355454,71.63291994907713,15988100
2002-02-20,71.91902923583984,71.91902923583984,70.11764144171062,70.91753881323427,29242800
2002-02-21,70.42984008789062,71.945085834931,70.40382662524452,71.48986264252586,26288600
2002-02-22,71.30126953125,71.49636802242713,70.15020232567502,70.46235395768554,26572900
2002-02-25,72.47834777832031,72.71246397528697,71.34028486145039,71.36629832350897,17458700
2002-02-26,72.3287582397461,72.86202167287549,71.90604827117248,72.57587862432239,22346500
2002-02-27,72.6084213256836,73.39531001469734,71.95809960303808,72.81001947200419,28597900
2002-02-28,72.28323364257812,73.32374702040057,72.20519327865675,72.72545244834757,23755400
2002-03-01,73.96758270263672,74.0391184806949,72.51736820904375,72.65393515945652,26273600
2002-03-04,75.27471923828125,75.43079502068332,73.90904497875395,74.07162536587768,27184600
2002-03-05,75.03407287597656,75.69740340757244,74.76744371208416,75.00155978658177,22718900
2002-03-06,75.92503356933594,76.18516315631787,74.83249327325913,74.85200212400993,20143200
2002-03-07,75.762451171875,76.41277264116148,75.1576520069762,76.3217280323861,19330800
2002-03-08,76.08110046386719,76.67289532927141,75.74944011666565,76.33472541716654,19930100
2002-03-11,76.24372863769531,76.67294341960127,75.71696955223048,76.01611699345506,15621800
2002-03-12,76.1981430053711,76.25016989842102,75.39825061134819,75.50229943589045,17153600
2002-03-13,75.46334075927734,75.92506863266247,75.20321105216362,75.84702823205991,17175300
2002-03-14,75.3592758178711,75.71695473278723,75.19669539501116,75.4633296700506,11168100
2002-03-15,76.07731628417969,76.27296863164986,75.58817795184562,75.63383066383257,21220100
2002-03-18,76.0903549194336,76.67079865389192,75.7186099998842,76.37079441844611,17548900
2002-03-19,76.59904479980469,76.78817884576173,76.18817047803198,76.50122113445741,17912000
2002-03-20,75.15772247314453,76.03165208224766,75.12511624137986,75.97947614049818,17114500
2002-03-21,75.19035339355469,75.58818634609516,74.42729870455986,75.1968766319265,25846800
2002-03-22,75.02732849121094,75.61429571641368,74.80558310579018,75.32733285614248,15235400
2002-03-25,74.0947036743164,75.23602689175718,73.89252801090326,75.05993423748983,17499600
2002-03-26,74.52511596679688,75.01425431121888,74.00337138487693,74.03597762237487,19947600
2002-03-27,74.72077178955078,75.00773453807776,74.1925039804647,74.36859159156924,19020300
2002-03-28,74.68814086914062,75.50337121164063,74.67509937299992,74.9816267779033,17532900
2002-04-01,74.72077178955078,75.06642874985512,74.0229346312649,74.4990314662508,17711000
2002-04-02,74.30992889404297,74.96863188138887,74.19905370959926,74.33601688004299,15669500
2002-04-03,73.78813171386719,74.48596871971316,73.14899388274841,74.35553384929706,25658500
2002-04-04,73.48162078857422,73.95771762642227,73.19466301409459,73.43596807610433,23549000
2002-04-05,73.49466705322266,74.10771705094965,73.16205159145461,73.820759277293,19404900
2002-04-08,73.65120697021484,73.71642443496553,72.54249514213225,72.60118936767579,16470100
2002-04-09,73.13595581054688,73.81422816131307,72.99899768814772,73.81422816131307,15122700
2002-04-10,73.96418762207031,74.04896974826447,73.1032999910117,73.10982322403244,17199300
2002-04-11,72.12504577636719,73.7294232311393,72.06635158878231,73.62507137440566,25453700
2002-04-12,72.6663818359375,72.8163864314603,71.7663691901164,72.40550709089935,14950600
2002-04-15,72.11200714111328,72.95332536024415,71.87069719467758,72.79680254470858,17394900
2002-04-16,73.8272933959961,73.90555733786076,72.82945177214594,72.84901651366873,15040900
2002-04-17,73.67074584960938,74.13379615528905,73.43595907831097,73.95118532778403,12920100
2002-04-18,73.35116577148438,73.99682680669922,72.49028273260754,73.63160520710636,25204800
2002-04-19,73.61856842041016,73.85335518697126,73.40986962521937,73.82726721560094,10499200
2002-04-22,72.39248657226562,73.32511069740772,72.28813465370015,73.29249947891269,13922900
2002-04-23,72.07942199707031,72.70552343708691,71.85115843861239,72.4511669282082,16967000
2002-04-24,71.35549926757812,72.92073788370743,71.34897603020879,72.10550736456833,18902700
2002-04-25,71.39464569091797,71.57073333551934,70.90550726330221,71.22507630946129,25451500
2002-04-26,70.0380859375,71.7468109450847,69.972868489284,71.60332957354606,19769800
2002-04-29,69.6924057006836,70.605464597987,69.54240114170568,70.39024261258113,17724400
2002-04-30,70.3445816040039,70.85328443610834,69.54891615860153,69.7967443400506,19473500
2002-05-01,71.20550537109375,71.25115808800022,69.6533080205007,70.41636270698302,24575600
2002-05-02,70.93159484863281,71.6816080952929,70.29245178409661,71.15333521288059,15666800
2002-05-03,70.16199493408203,70.93157268110582,69.91416169175984,70.82722079470241,18185500
2002-05-06,68.78589630126953,70.42939896328986,68.68154439852661,70.20113539575546,23630400
2002-05-07,68.54457092285156,69.34023658805175,68.41413604937708,69.19675524176694,21910000
2002-05-08,71.09461212158203,71.32287563202293,69.64676217568362,69.81633148734171,27917400
2002-05-09,70.27288818359375,71.15333636753746,70.1620179996707,70.85985529814737,18085600
2002-05-10,68.94894409179688,70.46853512592669,68.87068016283916,70.41635917328823,18958900
2002-05-13,70.35112762451172,70.40329859092427,68.99458298235092,69.27502245187674,14677700
2002-05-14,71.8837661743164,71.98159483057344,71.08810040122502,71.49245652506042,34201200
2002-05-15,71.60334014892578,72.33378861383605,71.27724788391151,71.41420603812473,29535300
2002-05-16,71.97508239746094,72.05334632936919,71.30333315317702,71.5446382356249,28092000
2002-05-17,72.3272476196289,72.55551115394763,71.80549813338166,72.17072476406348,27823700
2002-05-20,71.54462432861328,72.19029044586127,71.40766620622576,72.15767923662864,13833800
2002-05-21,70.89244079589844,72.05333318308554,70.64461252039845,71.8120231688923,16877200
2002-05-22,71.04899597167969,71.16638940541138,70.43594082043933,70.57942223675293,15844200
2002-05-23,71.80551147460938,71.97508083551094,70.74897578352706,71.25767889045896,13879800
2002-05-24,70.88597106933594,71.87076658430644,70.8337950885258,71.72729010074166,11877000
2002-05-28,70.50112915039062,71.17287825297122,70.07720831624825,71.12070728514391,24236900
2002-05-29,69.9793930053711,70.44896162656889,69.86851786802858,70.18809182893871,14773300
2002-05-30,69.78373718261719,70.11635265025532,69.066335272156,69.49025616608343,18217900
2002-05-31,69.92724609375,70.80117122541945,69.68593595738517,70.04463954174174,19826300
2002-06-03,68.06851196289062,70.17506554183339,67.91198406835503,69.84244998566257,26056300
2002-06-04,68.23807525634766,68.60982029211692,67.5337196456827,67.92502942400185,25856200
2002-06-05,68.87715911865234,68.91628857008791,68.05540580811898,68.44671524978313,19695900
2002-06-06,67.47499084472656,68.87066492651688,67.27281529269584,68.83153545858103,22998500
2002-06-07,67.39674377441406,67.77501197822231,66.34020806996239,66.37933754767604,24011600
2002-06-10,67.65762329101562,68.1271969594417,67.18804962258955,67.33153101858343,18759900
2002-06-11,66.49671936035156,68.17935626942705,66.3467197380921,67.91195828295379,19990700
2002-06-12,66.9011001586914,67.05109983630405,65.72716584106554,66.33369774254327,31266000
2002-06-13,66.22933959960938,67.17500515763584,66.0923764725495,66.60760283735617,21043900
2002-06-14,66.13152313232422,66.23587008675558,64.24018669143184,65.42063929117904,39267500
2002-06-17,67.90543365478516,68.04891002651982,66.42497245181293,66.47062515549477,17647200
2002-06-18,68.45980072021484,68.49893019394317,67.58587099269431,67.6576116783778,21628500
2002-06-19,66.86194610595703,68.10762076553355,66.67933526022846,67.50108904177942,21540700
2002-06-20,66.00755310058594,67.20757444901511,65.84450707327224,66.69234840561143,25691000
2002-06-21,64.97550201416016,66.05537387945341,64.58282269765036,65.75431957035629,31190700
2002-06-24,65.31582641601562,65.89830180546515,63.646933113451844,64.53700887572742,37169700
2002-06-25,63.849822998046875,66.02920012818994,63.83673585011435,65.64306684932032,33355000
2002-06-26,63.95452880859375,64.23594987451206,62.298727766892895,62.305268843104336,37913600
2002-06-27,65.07367706298828,65.11294349907914,63.20190038043024,64.46502233763634,31616400
2002-06-28,64.76605987548828,65.77393975044879,64.71370131214782,64.94930985399247,28184200
2002-07-01,63.50294876098633,65.31582561963607,63.41132375656232,64.91005417633816,20270200
2002-07-02,62.15475082397461,63.6142098847533,62.02385438797504,63.391693433336755,34213900
2002-07-03,62.50815963745117,62.72413000469485,61.33666282584632,61.92568426648398,30565800
2002-07-05,64.99510955810547,65.13909308236323,63.260776179145395,63.33930901551403,19013500
2002-07-08,64.18357849121094,65.25035790367923,63.84979892311371,64.77914585794937,19118600
2002-07-09,62.567081451416016,64.36032070094991,62.180948088256685,63.96110018700124,28620400
2002-07-10,60.28952407836914,62.87466768475454,60.23716550068918,62.82885517758177,50522500
2002-07-11,60.78036117553711,61.09450258632341,59.1114680787264,60.0539022974607,59476500
2002-07-12,60.11278533935547,61.447898449474195,59.896810058339284,61.08139857370344,39018600
2002-07-15,60.433509826660156,60.47278126116044,57.521132255015715,59.97538470073498,77317200
2002-07-16,59.26853561401367,60.459665468675944,58.81695673601358,59.63504056457798,53282400
2002-07-17,59.38633346557617,61.06177236073377,58.73841254148389,60.51201749090782,48880600
2002-07-18,57.46223831176758,59.621977683027026,57.429512945292025,59.36018973079227,32656700
2002-07-19,55.4399299621582,57.29861987763715,55.17160093861746,56.78159005943114,77572600
2002-07-22,53.79719161987305,56.22526886448172,53.30634131314725,55.04068006221593,78134000
2002-07-23,52.32462692260742,54.47782363368985,52.19373553921929,54.02624486577044,74484100
2002-07-24,55.44644546508789,55.70823326573746,50.83899715049123,51.13350530548013,107022800
2002-07-25,54.975242614746094,56.186005887980826,53.40452039854427,55.151946554719224,87176600
2002-07-26,56.02236557006836,56.23834084515819,54.844328147479246,55.40062401313406,41206800
2002-07-29,58.751529693603516,59.12457586992189,57.134999591683474,57.265891059686986,53492900
2002-07-30,59.51726531982422,59.81831971637622,58.06434693280247,58.45702636338379,47532200
2002-07-31,59.66123580932617,59.91647763267617,58.411200988088574,59.222738965068324,44669900
2002-08-01,58.103599548339844,59.78558012009723,57.809091293798886,59.47797972484544,66571900
2002-08-02,56.80118942260742,58.18866120869782,56.0354642593706,57.92032735191973,51772900
2002-08-05,54.82469940185547,56.89281755664172,54.68072085348308,56.604850473522866,47191300
2002-08-06,56.67029571533203,57.527650889505075,55.70168734156813,55.7802251799221,64730000
2002-08-07,57.658546447753906,57.92033426794139,56.13363701386009,57.508021821547565,43289400
2002-08-08,59.52381134033203,59.621982454425186,57.462242910327184,57.86800952523315,48339800
2002-08-09,59.74629592895508,60.17170049823938,58.47662828951223,58.96747856333553,41879200
2002-08-12,59.30781936645508,59.73321905122222,58.607539663305424,58.89550183547555,25841700
2002-08-13,58.22795104980469,59.98846952044634,58.0185217330628,59.00022259151331,49690500
2002-08-14,60.35494613647461,60.62327500378238,57.606181804433994,58.260648789226494,57423600
2002-08-15,61.192684173583984,61.5133717085934,60.341874802772104,60.76073341798112,45551500
2002-08-16,61.00944900512695,61.57229134254981,60.210998015146174,60.74766105859706,36517300
2002-08-19,62.4361686706543,62.66523118024732,60.93089219072032,61.16650077006978,33669900
2002-08-20,61.7751579284668,62.436171191282526,61.271220387017536,62.05657902109619,30508300
2002-08-21,62.66523361206055,62.68486682890352,61.238494934272516,62.21364965191835,39628900
2002-08-22,63.27387237548828,63.58147267711448,62.22018006247337,62.49505501547191,38399800
2002-08-23,61.91259002685547,62.92701608427352,61.61808181312145,62.83539108474791,33716400
2002-08-26,62.34455871582031,62.593254501525706,61.192694826868575,62.115496150935165,33830100
2002-08-27,61.62462615966797,62.99246003804974,61.19267546553404,62.632501126271464,35335700
2002-08-28,60.276458740234375,61.186168210888034,60.08012147641325,61.04873062825593,38970600
2002-08-29,60.302608489990234,60.8981760494014,59.4321659000148,59.73322021823118,42965700
2002-08-30,60.066986083984375,61.12067845207589,59.81829039825118,60.00154037649536,30366700
2002-09-03,57.7763786315918,59.55653067711483,57.69129967102995,59.37982668419722,76586400
2002-09-04,58.600990295410156,59.065661381332795,57.632376698469706,57.992335634911,51099500
2002-09-05,58.103599548339844,58.52900424404575,57.26588229763885,57.913803453542165,67250900
2002-09-06,58.90205001831055,59.27509613536564,58.47009925477906,58.73843321270413,38622200
2002-09-09,59.334007263183594,59.7855863006172,58.116697697044124,58.3130348893055,33998400
2002-09-10,60.01464080810547,60.066999382963964,59.26854859253183,59.64814077047309,41416600
2002-09-11,59.6416015625,61.0814325776399,59.62196834296626,60.51859031612353,27711200
2002-09-12,58.54208755493164,59.45179654035715,58.24103324976528,59.3928968905845,43601700
2002-09-13,58.686038970947266,58.83656853762599,57.75669727826216,58.044664278942015,41131000
2002-09-16,58.830055236816406,58.830055236816406,57.89416695654745,58.450463068721106,28167600
2002-09-17,57.48186111450195,59.68087152555014,57.429502534908195,59.484529348668026,47609700
2002-09-18,56.905914306640625,57.92034034383607,56.46742253291114,56.94518572936014,54719400
2002-09-19,55.43335723876953,56.807742040824635,55.43335723876953,56.27762033399094,48510500
2002-09-20,55.451778411865234,56.010568309790926,55.25456110319431,55.82649681546924,46325600
2002-09-23,54.99816131591797,55.26111766161789,54.360481644896986,54.99158590260423,46893800
2002-09-24,54.11069107055664,54.991611285084296,53.80828712096449,54.19615643637108,69507000
2002-09-25,55.451778411865234,55.727885653347755,53.933183568139306,54.80752818173934,59294400
2002-09-26,56.358985900878906,56.51676072522031,55.517508468058544,55.8922268106014,53638000
2002-09-27,54.39992904663086,56.29324199213454,54.39992904663086,55.87908119593502,64648300
2002-09-30,53.7688102722168,54.432786462822264,53.18372398063185,53.90686383382528,73096400
2002-10-01,56.35240936279297,56.38527640044067,53.55845536861096,54.189559668957656,67198100
2002-10-02,54.66290283203125,56.22751565484156,54.301330218395144,55.675301134639945,56749100
2002-10-03,54.11069107055664,55.61614041774173,53.87402623773268,54.6563352693215,55547000
2002-10-04,53.11799240112305,54.511679038152614,52.315962535738535,54.43279414357094,68483700
2002-10-07,52.02013397216797,53.38095370153364,51.63884524323226,52.6315170398871,53188000
2002-10-08,52.83533477783203,53.453288478028675,51.40877040173466,52.4671867054974,79531000
2002-10-09,51.34300994873047,52.39485039917521,51.13264185864152,51.9938354437602,79956400
2002-10-10,53.00624084472656,53.29549888982043,50.665894888811756,51.23783556463692,76749000
2002-10-11,55.326904296875,55.70162289469495,53.78858241095781,53.97265400068345,82308300
2002-10-14,55.63583755493164,55.78046655852565,54.590572508981914,54.695754047141506,40631900
2002-10-15,58.31148910522461,58.32463993899909,57.09529779090763,57.187333565034955,82320300
2002-10-16,56.89803695678711,57.719787894836784,56.48387127404548,57.46340200341086,62977800
2002-10-17,58.02878952026367,58.70591682702189,57.752682278035316,58.42323416981512,68534100
2002-10-18,58.272056579589844,58.58103602356406,57.14790084755501,57.62123063274323,47448700
2002-10-21,59.27785110473633,59.49479465361939,57.568609388520215,57.930181969991985,45859100
2002-10-22,58.85052490234375,59.172654946569686,58.1931240186396,58.54155070008219,40966800
2002-10-23,59.29755783081055,59.34357569214551,57.640909807181195,58.35747436447856,54905800
2002-10-24,58.087947845458984,59.75774684601813,57.9170221955638,59.65913570124894,54987400
2002-10-25,59.29755783081055,59.42246560396432,57.811835441669935,57.98933147379887,43672100
2002-10-28,58.90971374511719,60.01414780822981,58.41008749820204,59.922112054268126,39416100
2002-10-29,58.22602081298828,58.83082867928041,57.19390118758241,58.56129681051726,59508200
2002-10-30,58.79137420654297,59.13979594931747,58.00249497820718,58.298323434940144,41688600
2002-10-31,58.19313430786133,59.36331230083515,57.97619578971545,58.9425760621191,41620600
2002-11-01,59.34359359741211,59.70516619954601,57.88416740520347,58.08138472089923,51878900
2002-11-04,59.908958435058594,61.09885779687782,59.757758995832646,60.34942096917202,49080600
2002-11-05,60.38227844238281,60.52690745911495,59.718302054463194,59.718302054463194,37270800
2002-11-06,61.16458511352539,61.184306339573865,59.68543297303498,60.7964421857639,65013100
2002-11-07,59.665706634521484,60.62551133935237,59.31070954935321,60.49402815100998,51572000
2002-11-08,58.935997009277344,60.19820564750157,58.850531674595594,59.51450804790396,37905400
2002-11-11,58.022216796875,58.87683513367135,57.71981292241735,58.84396809123987,33505100
2002-11-12,58.482391357421875,59.1200711190018,58.0945271815331,58.285174070139476,37724500
2002-11-13,58.54157257080078,58.995175939431576,57.48972675145541,58.06166753955651,63891500
2002-11-14,59.64597702026367,59.823473030095535,59.001722026934885,59.21209008312121,31896800
2002-11-15,60.086448669433594,60.18505981642036,59.13321426932317,59.16608632350919,39152100
2002-11-18,59.48162078857422,60.57947881374422,59.39615548294629,60.57947881374422,28934800
2002-11-19,59.40274429321289,59.889219543125506,59.00830476583588,59.17922538450446,32806600
2002-11-20,60.724159240722656,60.75702629602874,59.13324429980805,59.1529705516803,36688400
2002-11-21,61.85486602783203,61.920610149159344,60.763582828696016,60.87533981003681,55128200
2002-11-22,61.41440200805664,61.97319187124528,61.3157908520653,61.453849479796226,32513800
2002-11-25,61.4538459777832,61.96661794103125,60.98708686706105,61.420973922468754,33846400
2002-11-26,60.283687591552734,61.43413968311346,60.23109930777407,61.1843290345523,42284700
2002-11-27,61.97979736328125,62.223037664023046,60.76360589072065,60.82276960368331,37764000
2002-11-29,61.78255081176758,62.42022559577992,61.64449218219896,62.32161945404778,19385700
2002-12-02,61.881160736083984,63.1433745987001,61.282928372196594,62.76208077545594,49911900
2002-12-03,61.0528564453125,61.40127830847212,60.71100498349939,61.30266711696551,34407700
2002-12-04,60.776710510253906,61.23031873109781,60.10616380670146,60.32967770269535,64040800
2002-12-05,60.106170654296875,61.00681178530487,59.889227131302256,60.960793918206434,36724900
2002-12-06,60.50059127807617,60.59262698344017,59.152922726349225,59.244958431713215,49824100
2002-12-09,58.83740234375,60.125907983152224,58.82425652773187,59.86952193843086,36789600
2002-12-10,59.62624740600586,59.88920871523772,59.008294097216265,59.17921468498264,33319900
2002-12-11,59.67884063720703,60.23105988783854,59.271255372919526,59.44217596058922,39201000
2002-12-12,59.67230987548828,60.14563958289671,59.297591359718865,59.954992616547564,34465600
2002-12-13,58.73221206665039,59.48165393753062,58.68619419011649,59.1069355098767,36862200
2002-12-16,60.250797271728516,60.34283300226249,58.942570802934675,59.04775234544301,37098400
2002-12-17,59.72486114501953,60.30994745056357,59.652546656417904,60.06671236669449,32353900
2002-12-18,59.03462219238281,59.42906185866355,58.72564286553161,59.376468565673456,35612600
2002-12-19,58.61387252807617,59.62626560187594,58.24572457657764,58.738775301010705,39264200
2002-12-20,59.45023727416992,59.470055416068696,58.862275543483314,58.9283376965523,31176900
2002-12-23,59.47004318237305,59.76733037035677,59.00099543978699,59.18597144641607,22599300
2002-12-24,59.027408599853516,59.36433199096911,58.96134647459207,59.18595870852441,10937000
2002-12-26,59.053855895996094,59.85982722133749,58.69050651482779,59.25865007071701,17485600
2002-12-27,57.72597122192383,58.987779643740666,57.72597122192383,58.7697700671622,22205700
2002-12-30,58.20823669433594,58.44606441641391,57.620275114814795,57.996834834735274,29968000
2002-12-31,58.287540435791016,58.41966476724481,57.547631075077305,58.128985189782256,34036600
2003-01-02,60.16371536254883,60.31566283751703,58.49231833899241,58.69711250766286,44516300
2003-01-03,60.348690032958984,60.36850817267869,59.78715423328676,60.05801558337235,32222600
2003-01-06,61.41230392456055,61.76243781477551,60.229772929162024,60.276016932771206,40984500
2003-01-07,61.2603874206543,61.68319135831763,60.91024834207701,61.37269361404788,38640400
2003-01-08,60.37511444091797,61.04235368993577,60.150502142562225,60.9102243612984,38702200
2003-01-09,61.31321716308594,61.557652669484916,60.38833695556359,60.6591932905611,34804900
2003-01-10,61.47837829589844,61.861545853574796,60.645986065356624,60.74507677835966,37768900
2003-01-13,61.45853042602539,62.00685562710971,61.068760369492146,61.79545380792523,31649900
2003-01-14,61.65673828125,61.98705402683876,61.04895851901908,61.23393453011386,30733000
2003-01-15,61.042354583740234,61.815292266767045,60.71864654422124,61.79547412723589,33511800
2003-01-16,60.79132080078125,61.39249800759812,60.414760970652004,61.10842620309926,44812100
2003-01-17,59.892860412597656,60.97629578159501,59.55593690144029,60.11086499961113,35618300
2003-01-21,58.96136474609375,60.06461820451944,58.76317326867488,60.03158965176206,36826200
2003-01-22,58.247886657714844,59.324719385823315,58.135580495954784,58.64426460759799,42286500
2003-01-23,58.6046257019043,59.04724764212788,58.102544299738774,58.631051569409735,55919800
2003-01-24,57.065330505371094,58.58478452812204,56.92659853567561,58.525325089557185,68633900
2003-01-27,56.28581237792969,57.34282700905381,55.82337225697736,56.63595137261565,57884400
2003-01-28,56.7020263671875,57.07858627672624,56.23958110129508,56.56989698826662,46929100
2003-01-29,57.13141632080078,57.59385637076533,56.001731981195846,56.431143479144936,53712200
2003-01-30,55.77711868286133,57.39566386894224,55.75730054396361,57.33620945224908,49845900
2003-01-31,56.853973388671875,56.953069170713626,55.59216922068425,55.59216922068425,55317000
2003-02-03,56.966251373291016,57.349413778493066,56.761452199239436,56.90679192268962,39696000
2003-02-04,56.40473937988281,56.649174952173304,55.69126089035303,56.35849535704087,43633400
2003-02-05,56.05459213256836,57.17106118689562,55.81016165810803,56.64916160055978,55270600
2003-02-06,55.79033660888672,56.08101612578275,55.261834352971064,55.737489911448534,53638000
2003-02-07,55.109893798828125,56.14708533976687,54.812611557497945,56.094238635681776,43165000
2003-02-10,55.49969482421875,55.57896743718099,54.6012349156847,55.136345214068186,45455900
2003-02-11,55.1164665222168,56.07437983832341,54.720088772111176,55.73746152285274,46861000
2003-02-12,54.23784255981445,55.242005214530806,54.231234833867894,54.93811534382452,35873600
2003-02-13,54.40303039550781,54.60782969092239,53.511178429723266,54.27090604510302,57934100
2003-02-14,55.592159271240234,55.625187832529065,54.052886180978454,54.41623563669516,59580900
2003-02-18,56.569889068603516,56.68220028501804,55.75070719485952,55.84319522704579,39492700
2003-02-19,56.27260208129883,56.46418585758687,55.67803261009787,56.36509010568349,31432000
2003-02-20,55.71104431152344,56.43113008125078,55.52606833545467,56.292398099199204,29280100
2003-02-21,56.27260208129883,56.6425541788375,55.13631487860796,55.74409476462702,60955800
2003-02-24,55.36090850830078,56.15366410308095,55.22217149100796,56.107420110722394,30628600
2003-02-25,55.803550720214844,55.816761134201634,54.31712965586058,54.79938788977288,56770600
2003-02-26,54.990962982177734,55.84317819617663,54.88526456629459,55.50625473012632,37787200
2003-02-27,55.71767807006836,55.98853950052702,54.938137461946695,55.2948741631935,51126000
2003-02-28,56.087608337402344,56.30561791476588,55.59874249985617,55.80353662635165,43666800
2003-03-03,55.552490234375,56.668958877625336,55.308059849912446,56.32543277828077,42923100
2003-03-04,54.667259216308594,55.49965635702658,54.601197071220824,55.460015037799046,31440500
2003-03-05,55.12969970703125,55.1891591662323,54.409613751522535,54.57477163565411,43974700
2003-03-06,54.667259216308594,55.17594327772489,54.4822831939754,54.746536814545074,41217700
2003-03-07,55.043846130371094,55.486468264962234,53.795252323705895,53.9141662595893,63538000
2003-03-10,53.72255325317383,54.73992636562872,53.57721351707765,54.56816076476793,41014100
2003-03-11,53.194061279296875,54.17179839485188,53.1676404471806,53.8282721349227,48102700
2003-03-12,53.55077362060547,53.577199478445806,52.44091279239627,53.10154411775372,62459800
2003-03-13,55.40056610107422,55.43359969699602,53.861293271149684,54.29070481703761,72117800
2003-03-14,55.578941345214844,56.00174521659853,55.06364944197971,55.625185361140566,63951800
2003-03-17,57.3296012878418,57.441907434216425,54.97775473920413,55.136304889392925,88217500
2003-03-18,57.66653060913086,57.70616689063884,56.99929130917272,57.57404259213297,50792300
2003-03-19,58.1091423034668,58.24127161888522,57.26353484566094,57.65991271148018,49630800
2003-03-20,58.23466110229492,58.525335501849504,57.04552252160597,57.692943535585016,67321600
2003-03-21,59.47766876220703,59.61696012210088,58.323536736986654,58.90060527986678,71165300
2003-03-24,57.50104904174805,58.462824832302594,57.275526095079925,58.383227605148036,65398900
2003-03-25,58.051605224609375,58.54244741383386,57.33525011212766,57.53423567538411,61040100
2003-03-26,57.75973129272461,58.27046622915814,57.57400949765787,58.07811006697062,45740800
2003-03-27,57.806175231933594,58.144457186488054,57.03675040361999,57.30870385310549,53120200
2003-03-28,57.51433181762695,57.89240991623389,57.20921660300919,57.35514237098753,32583000
2003-03-31,56.2076301574707,57.43472518516295,55.98211223326951,56.61224060786972,61119500
2003-04-01,57.069915771484375,57.30206806374027,56.32039406776094,56.545911991512256,53574000
2003-04-02,58.449562072753906,58.88069981010433,58.03831731682895,58.06484972629569,50431200
2003-04-03,58.17097473144531,59.026625966016844,58.13781301477275,58.947033797570924,48755500
2003-04-04,58.51587677001953,58.76129264378141,58.1179008429275,58.65516809147482,36250100
2003-04-07,58.40313720703125,60.26036050247186,58.35007238302262,59.92207857509205,69776200
2003-04-08,58.49599075317383,58.80110586199422,58.177606909751944,58.568953611863435,39712700
2003-04-09,57.72657775878906,59.09959855644494,57.554119597866624,58.608761548247806,55647300
2003-04-10,58.04494857788086,58.1245407414818,56.851015518472856,57.7663608236594,41812400
2003-04-11,57.806175231933594,58.834279711854,57.61381902485519,58.47610477237346,47730100
2003-04-14,59.000118255615234,59.03328504671213,57.70669437150512,58.01844398986546,36711700
2003-04-15,59.550628662109375,59.550628662109375,58.648546991041634,58.92712969696383,49709800
2003-04-16,58.53581619262695,59.73637918864902,58.38989040206342,59.63688893193938,51788000
2003-04-17,59.40473937988281,59.51086908183168,58.496027844523624,58.568990749477784,37403100
2003-04-21,59.46443557739258,59.80271765946767,59.07308864704248,59.60372700870763,32052700
2003-04-22,60.585426330566406,60.73135219310133,58.96035390261554,59.09964539125036,59763600
2003-04-23,61.14252471923828,61.255283638879774,60.519025887392445,60.77108119075406,44227100
2003-04-24,60.59862518310547,61.07619834218252,60.33330619911392,60.7113841066268,49692400
2003-04-25,59.84912872314453,60.67161336244566,59.709832276471,60.55885439184406,43917200
2003-04-28,60.88385009765625,61.14916911604102,59.89554194122582,59.98840283857959,46432900
2003-04-29,61.096099853515625,61.55377500040503,60.62516103391506,61.11599789285186,52017100
2003-04-30,60.96345138549805,61.4012234935588,60.631803855542444,60.96345138549805,48709100
2003-05-01,60.95679473876953,61.50733065180927,60.02818098218615,60.97005840848253,50240400
2003-05-02,61.825740814208984,61.99819897152703,60.684872337481046,60.7313027959274,50201500
2003-05-05,61.70636749267578,62.20383902042782,61.35482175608441,61.99821907499711,35437800
2003-05-06,62.29008865356445,62.601833316833286,61.686487263111815,61.713019692855795,44401000
2003-05-07,61.94515609741211,62.44262764015428,61.66657324800662,61.96505414943503,41413100
2003-05-08,61.32162094116211,61.90532378195735,61.20886200529549,61.368051388903616,40570700
2003-05-09,62.17068099975586,62.21711147602955,61.42778831883449,61.573714118706754,33608100
2003-05-12,62.9334602355957,63.092654761287164,61.8721887003619,62.018114485308146,35662300
2003-05-13,62.82070541381836,63.132455054989734,62.522224514273354,62.70131204189192,39253600
2003-05-14,62.688053131103516,63.17225596592606,62.29007688124514,63.072760638325825,32195100
2003-05-15,63.085975646972656,63.23190132842062,62.51554165251513,62.94004996552469,43879200
2003-05-16,62.926822662353516,63.31153006423432,62.522212151968525,62.94008634081512,38905000
2003-05-19,61.454288482666016,62.62831851531497,61.24203426532961,62.44923107528164,41606000
2003-05-20,61.328269958496094,61.70634799771934,60.75120134682253,61.5670566212203,55404600
2003-05-21,61.454288482666016,61.606843512964836,60.96345155392677,61.09610854205963,49333800
2003-05-22,62.064544677734375,62.3829286671437,61.47421223077331,61.653299745693545,38421800
2003-05-23,62.19053649902344,62.33646219904729,61.77929180445975,62.03797643248789,26155900
2003-05-27,63.27833938598633,63.57018572348349,61.73286093444299,61.88542099992697,43719200
2003-05-28,63.45746994018555,63.98810828638191,63.298280460543566,63.57686331505261,37727100
2003-05-29,63.29163360595703,64.22024799837007,63.06611564265713,63.59674882364936,50844200
2003-05-30,64.30650329589844,64.39936427057859,63.38452286118585,63.610045985797335,52529500
2003-06-02,64.57176971435547,65.30139323023022,64.12072889463553,64.69116302135602,50305500
2003-06-03,64.83707427978516,64.8967683897056,64.24010787788919,64.43909836536729,38254500
2003-06-04,65.77235412597656,65.8983767721668,64.71771213186832,64.77741133104539,49360700
2003-06-05,66.09735870361328,66.09735870361328,65.18200821334452,65.38763313854957,46262400
2003-06-06,65.83869934082031,67.25815101694691,65.75246770463131,66.59485565200768,60356800
2003-06-09,65.16878509521484,65.73258527731417,64.85040101772897,65.51369654032658,37808500
2003-06-10,65.83206939697266,65.83870376801993,65.12897788223245,65.30806541616995,29965900
2003-06-11,66.52850341796875,66.58819755047911,65.47386153209035,65.77234737626284,37610200
2003-06-12,66.734130859375,66.92648707574251,66.07747002456232,66.82699178306403,36442000
2003-06-13,66.03766632080078,66.82698920221483,65.63305585726422,66.73412828211207,48628300
2003-06-16,67.43060302734375,67.45713038622468,66.19687335717673,66.30299797432511,36326300
2003-06-17,67.43060302734375,67.77551435875296,67.14538584422898,67.70255147047651,36801800
2003-06-18,67.37088012695312,67.74895811482142,66.99280213908483,67.18515831684797,35521000
2003-06-19,66.3427963256836,67.47703578720338,66.2234029644995,67.41733657634046,43551700
2003-06-20,66.19633483886719,66.90196588868942,66.18301817067008,66.82873945006777,41545000
2003-06-23,65.51732635498047,66.34278709557245,65.18448075665748,66.20298747491451,34237500
2003-06-24,65.58386993408203,65.96331357112614,65.25102446022514,65.38416569705922,36213600
2003-06-25,64.92487335205078,66.19634620570089,64.92487335205078,65.59056466923178,47743400
2003-06-26,65.77030944824219,65.89013409810569,64.545434685324,65.09130140607502,33477300
2003-06-27,65.01142883300781,66.02993592931094,64.95817229859156,65.73703006884423,54208800
2003-06-30,64.99142456054688,65.68374395976747,64.88491661849314,65.3841849764947,33349000
2003-07-01,65.59056091308594,65.80358191923202,64.19261024282602,64.73847688850167,51322800
2003-07-02,66.416015625,66.42933229451023,65.61718813431126,65.7503243564856,34662100
2003-07-03,65.7303466796875,66.46926430690617,65.17116851791161,65.95002599130834,30792800
2003-07-07,67.03511810302734,67.16825942268314,66.33614522041705,66.33614522041705,31391100
2003-07-08,67.33465576171875,67.42785210938679,66.68227624922245,66.90195553107712,30952500
2003-07-09,66.95523834228516,67.50110505542936,66.58910606202049,67.18157096730548,36528500
2003-07-10,66.10314178466797,66.59575187737474,65.65712479652021,66.46261058284514,49777700
2003-07-11,66.72886657714844,66.8686610822136,66.16303022460292,66.16303022460292,39976300
2003-07-14,67.0550765991211,67.83393408174679,66.86867879749971,67.3679471959245,42114900
2003-07-15,66.90861511230469,67.54101963739512,66.53582463585822,67.4877631294999,42573600
2003-07-16,66.51587677001953,67.14828658362056,66.0565532038789,67.10834165004438,39894200
2003-07-17,65.5705795288086,66.48923150499927,65.34424697131458,66.00327980034656,52253500
2003-07-18,66.24293518066406,66.43598624525264,65.54395736331993,65.9167428238656,35698100
2003-07-21,65.4241714477539,66.22965769660844,65.13792384867139,66.20302942241193,34786000
2003-07-22,66.01659393310547,66.1763634750685,65.1844799476257,65.69706500682084,49968300
2003-07-23,66.06318664550781,66.20298117404002,65.42412376700904,66.0432167241204,37275400
2003-07-24,65.56391143798828,66.79543888999879,65.4840317607935,66.56244803348109,40896200
2003-07-25,66.72223663330078,66.7621764833241,65.26437116159514,65.67710156751387,43241100
2003-07-28,66.4759292602539,67.22150529568364,66.34944629633443,66.81543322303598,34382800
2003-07-29,66.16968536376953,66.74218002097331,65.69038703877854,66.66229527386841,53472100
2003-07-30,66.00995635986328,66.40271181648214,65.85684511547947,66.30285709873809,28363300
2003-07-31,66.16304779052734,67.17490125604927,66.01659491429488,66.55580823849806,54937200
2003-08-01,65.57725524902344,66.25625818035026,65.39751574329271,66.0299255628486,49321000
2003-08-04,65.57725524902344,65.90344258317306,64.57205990472512,65.44411393388552,55214100
2003-08-05,64.18594360351562,65.74366363596157,64.13268708916414,65.51067273419977,61415600
2003-08-06,64.55873107910156,65.27767367364193,64.1859405750512,64.36568003280168,50096900
2003-08-07,65.23776245117188,65.2843606497698,64.41230647079884,64.68523732578021,43427400
2003-08-08,65.4241714477539,65.60391102887436,65.07801404084722,65.45079972195042,27357300
2003-08-11,65.6704330444336,65.93005218694886,65.13121975866923,65.41081390191833,34631400
2003-08-12,66.26957702636719,66.29620021144673,65.51734253790836,65.71039364207823,43285600
2003-08-13,65.93008422851562,66.46929269751116,65.59058015452963,66.44932276589249,36152000
2003-08-14,66.10981750488281,66.40272337355839,65.53732244092024,65.97002290723931,35525100
2003-08-15,66.31615447998047,66.42932075705606,65.98330890353193,66.14307335815751,12567000
2003-08-18,66.88864135742188,66.96852103586579,66.3960263058584,66.5225092351544,22873800
2003-08-19,67.14161682128906,67.19487333777894,66.56912196607514,67.02845053286376,37437700
2003-08-20,66.86865997314453,67.16156564298649,66.67561404946072,66.76215205245067,21295300
2003-08-21,67.08171844482422,67.58098698218285,66.83541588350683,67.26811629831542,46494200
2003-08-22,66.416015625,67.78068475698305,66.3893924436222,67.73408657133989,52040300
2003-08-25,66.52249145507812,67.12161427737372,66.08979135681916,66.37603864531492,23473000
2003-08-26,66.642333984375,66.82872667293114,65.79025022022132,66.23626202195491,45065800
2003-08-27,66.66234588623047,66.80879882770533,66.28290193732882,66.6024360895306,18919500
2003-08-28,67.07505798339844,67.23482247612311,66.3427985563535,66.83540870490057,27402400
2003-08-29,67.52769470214844,67.55432295083266,66.88863197018472,66.97516996929407,28706600
2003-09-02,68.43307495117188,68.48632640093217,67.26811505224799,67.66087052319342,49419100
2003-09-03,68.8058853149414,69.03221802483169,68.41978296166793,68.58620586440748,44912400
2003-09-04,68.83914947509766,68.93234586392984,68.4064490533355,68.6327816894073,28381000
2003-09-05,68.45301055908203,68.93230891837136,68.16676320999643,68.52623697946343,31637300
2003-09-08,69.01885223388672,69.15198842001061,68.51958391769217,68.5928103437063,32632800
2003-09-09,68.56619262695312,68.872409965149,68.35317164912902,68.81250019583318,35053200
2003-09-10,67.87383270263672,68.43301561021823,67.60090211825944,68.25327625181721,45904900
2003-09-11,68.0735855102539,68.40643111991646,67.79399133823345,67.96707247732785,38396300
2003-09-12,68.20006561279297,68.3265485738129,67.46780626341562,67.84059681199514,42524800
2003-09-15,67.96041870117188,68.31989259317587,67.86722233052136,68.24666614783312,21312800
2003-09-16,68.95230865478516,68.99224850905777,68.0136814488046,68.05362638189898,37892600
2003-09-17,68.81916809082031,69.09210397484235,68.5994938111105,68.88574128709425,31885800
2003-09-18,69.63130950927734,69.69787762403409,68.67937073967315,68.83248197455312,30243600
2003-09-19,69.27713012695312,69.8985997256578,69.0967057717306,69.67807710391672,34331600
2003-09-22,68.52870178222656,68.80268028073164,68.18121063983261,68.72917273516053,36677400
2003-09-23,68.78931427001953,69.02319958631382,68.40172997540756,68.55542385540772,32489200
2003-09-24,67.56640625,68.97640681934196,67.53967577732097,68.90958318680255,41694700
2003-09-25,67.01177978515625,68.08097350982275,66.95831882434346,67.76690183626278,52673100
2003-09-26,66.79126739501953,67.26572712214409,66.72444373290801,67.11871200650758,42914700
2003-09-29,67.4461441040039,67.48623727719887,66.6843432233914,67.0251504905027,36771600
2003-09-30,66.79126739501953,67.33255078425559,66.32349666192033,67.14544249101591,70764500
2003-10-01,68.21461486816406,68.28143850920263,66.9583079840442,66.98503846012302,65797600
2003-10-02,68.46186828613281,68.5353758266073,67.9139062287978,68.11438226614953,44591500
2003-10-03,69.09003448486328,69.68477371385369,68.88287961360008,69.2771427683679,48806900
2003-10-06,69.40410614013672,69.49097638008594,68.96306084889153,69.15017421683426,20226500
2003-10-07,69.67137908935547,69.70478835420137,68.76924736545962,69.00313261264506,42602900
2003-10-08,69.49767303466797,69.75828890068246,69.10340983676052,69.71819572077835,30920800
2003-10-09,69.68477630615234,70.31292993698683,69.38406728195034,70.08572337119452,40066500
2003-10-10,69.87860107421875,69.89864767207011,69.43756062652588,69.67812489906322,22682800
2003-10-13,70.09908294677734,70.35969876342644,69.83846713012825,69.97211443670595,23825600
2003-10-14,70.3463363647461,70.45325829685655,69.7382344454025,70.0322646603879,38484400
2003-10-15,70.15921020507812,70.76063317415907,69.92532491107916,70.74058659157588,39021700
2003-10-16,70.43988037109375,70.65371909075132,69.93201150003809,69.95205808339391,32772200
2003-10-17,69.67137908935547,70.58687349952648,69.48427089160711,70.47995671437714,32790300
2003-10-20,70.1926498413086,70.1926498413086,69.45757932486745,69.79838154809015,27657000
2003-10-21,70.07233428955078,70.352996619553,69.71148053741224,70.04560381550534,26729100
2003-10-22,69.19025421142578,69.6246155250795,68.95636891894054,69.5176936209051,33914500
2003-10-23,69.06330871582031,69.46425579331468,68.72250140570668,68.755915786464,45830500
2003-10-24,69.21698760986328,69.21698760986328,68.28144130210586,68.71580263409865,51723600
2003-10-27,69.25041961669922,69.61795742557857,69.00985034149072,69.32392717847509,32460200
2003-10-28,70.1926498413086,70.2661574027846,69.37738786735211,69.4843098107059,34956200
2003-10-29,70.28617858886719,70.45324024123677,69.41077716191197,70.01219503178888,30955400
2003-10-30,70.43319702148438,70.81409740314028,70.03225005631774,70.69381280375856,39123100
2003-10-31,70.36638641357422,70.66041152340034,70.31292544876284,70.43321007042933,25761600
2003-11-03,70.82749938964844,71.24181437257316,70.64039104197924,70.66712153426343,37589300
2003-11-04,70.67378234863281,71.01458454272405,70.55349772180108,70.82747625616767,31421600
2003-11-05,70.72721862792969,70.81409394999625,70.09907028251567,70.49333333451399,33558800
2003-11-06,71.1014404296875,71.1281709059254,70.23271779606527,70.56684110156351,28392300
2003-11-07,70.57351684570312,71.31527090612028,70.54678637255194,71.2618099598179,31723200
2003-11-10,70.28617858886719,70.72721869999805,70.17257788885195,70.66039505871362,25530800
2003-11-11,70.26618194580078,70.38646662492813,70.03229648591999,70.2260836538779,26558600
2003-11-12,71.05467224121094,71.14822637056425,70.27282483233648,70.31960189701313,28000000
2003-11-13,71.07475280761719,71.19503747405427,70.68716831595101,70.84086737241178,29714800
2003-11-14,70.47331237792969,71.46899875956686,70.359711636722,71.10146605007392,49158500
2003-11-17,70.1191177368164,70.25944891461052,69.52437865545784,70.10575504773381,44382100
2003-11-18,69.39076232910156,70.4666403495426,69.29720816196058,70.32630909883113,41155000
2003-11-19,69.97879028320312,70.17258242427515,69.44419092174117,69.51769846140012,29827000
2003-11-20,69.35063171386719,70.32627114343755,69.3305851314876,69.49764678240685,53578700
2003-11-21,69.63803100585938,69.71822249478255,69.24376765654232,69.65807760350995,30016000
2003-11-24,70.56014251708984,70.68711097820541,69.95204087881652,69.95872477106364,28906400
2003-11-25,70.82749938964844,71.11484580880331,70.46664539129209,70.65375883728139,37580000
2003-11-26,71.08142852783203,71.13488440807201,70.42654428627692,71.11483781569207,33053600
2003-11-28,71.13485717773438,71.27519346731239,70.96779550742657,71.02125646552129,10507500
2003-12-01,71.9033432006836,71.95680415975964,71.36874890487607,71.40215818056035,38699000
2003-12-02,71.7229232788086,72.01694837530178,71.54917770020944,71.75633255656206,35352000
2003-12-03,71.60932159423828,72.22410735846657,71.5491767377823,71.93676106239845,39078600
2003-12-04,71.9033432006836,71.98353463929767,71.46230303410033,71.6159969185469,36089500
2003-12-05,71.40214538574219,72.03698268979667,71.2484515288366,71.58257481571262,28824400
2003-12-08,71.88330841064453,71.93008548293211,71.28856916370873,71.32866234043566,32482900
2003-12-09,71.3286361694336,72.1238512048708,71.19498889716768,72.10380462386257,43596100
2003-12-10,71.32198333740234,71.48904503770719,70.80743044540509,71.34870872293085,36915400
2003-12-11,72.12389373779297,72.23749449604334,71.28190115069093,71.28858504774085,45304000
2003-12-12,72.26422119140625,72.30431437496121,71.76303600369168,72.15062043912093,34142200
2003-12-15,71.9033432006836,72.99258857400807,71.82315686038719,72.9524903055422,38693400
2003-12-16,72.2775650024414,72.50476643162452,71.84988242704684,71.95680434547491,32894200
2003-12-17,72.50479125976562,72.50479125976562,72.03702045225619,72.21076098172001,23198800
2003-12-18,73.32001495361328,73.32669884688549,72.43124578612934,72.53816768521767,29353100
2003-12-19,73.11589813232422,73.43145883841687,72.9010490527897,73.38446076234389,41465100
2003-12-22,73.62617492675781,73.62617492675781,73.03533604954974,73.04205152471984,27611300
2003-12-23,73.67317199707031,73.8208765919386,73.43817647100208,73.50532097696822,24741200
2003-12-24,73.5993423461914,73.77390377875207,73.47177388805153,73.5321978172283,8055800
2003-12-26,73.65303039550781,73.90816724111261,73.60603231169749,73.65974587102555,8308400
2003-12-29,74.63331604003906,74.70716581189501,73.706774683772,73.92162388824961,22483700
2003-12-30,74.64671325683594,74.7071371713012,74.42514865898242,74.58628421996356,19559500
2003-12-31,74.71385192871094,74.87498748814284,74.41843246774654,74.67356931945473,31501800
2004-01-02,74.68026733398438,75.32481454341614,74.34456534225495,75.02267967741615,38072300
2004-01-05,75.49266052246094,75.54636894454002,74.92196307652159,74.98910756833013,27959800
2004-01-06,75.56655883789062,75.68741182130324,75.19728441012751,75.30471156089804,20472800
2004-01-07,75.82166290283203,75.90894358910066,75.12340204546324,75.45910408521324,30170400
2004-01-08,76.12379455566406,76.14394098136447,75.71423764733707,76.03651386725593,36438400
2004-01-09,75.45911407470703,76.2043731114041,75.37854373043452,75.75453354796562,54084300
2004-01-12,76.0163803100586,76.03652161540467,75.438972318904,75.56654074930547,31564100
2004-01-13,75.57324981689453,76.02309449240056,75.03612956797873,75.92909319837294,54239700
2004-01-14,76.20438385009766,76.31181099093294,75.64711708243269,75.70754612975453,30112800
2004-01-15,76.39234924316406,76.58034155082085,75.58666646109035,76.25135501242147,38408700
2004-01-16,76.69448852539062,76.74819695751027,76.29164198885107,76.56692011399267,31922700
2004-01-20,76.67438507080078,76.9765201425292,76.41925322742937,76.89594976558641,29863000
2004-01-21,77.27861785888672,77.41290176444812,76.3520819613456,76.62735500353382,30725000
2004-01-22,77.07720947265625,77.46662004221983,76.92949971898376,77.3054844574898,29888500
2004-01-23,76.82879638671875,77.4599180854098,76.50652005991248,77.21149664344645,44245300
2004-01-26,77.79560089111328,77.83588350103959,76.79520501708127,76.80192049287137,30460600
2004-01-27,76.99668884277344,78.21864515445299,76.9765475219761,77.71509164487496,35322800
2004-01-28,76.11705780029297,77.39943651510578,75.82835393427675,77.1980184296278,52621300
2004-01-29,76.19097900390625,76.43939537129489,75.573283018788,76.24468746670874,60117100
2004-01-30,76.19097900390625,76.35211463713259,75.92912655660048,76.21783067410279,30984400
2004-02-02,76.51993560791016,76.99663196347406,75.94924307645519,76.33865360982925,38832400
2004-02-03,76.39234924316406,76.63405510226742,76.16407433312546,76.36549246744077,25093500
2004-02-04,75.76795959472656,76.35879854293789,75.72767698367845,75.99623967628294,39332600
2004-02-05,75.98951721191406,76.23122310078884,75.720954544008,75.98280173655453,37226800
2004-02-06,76.84220123291016,77.01005226672814,76.00294606382023,76.15065579316519,37216000
2004-02-09,76.86237335205078,77.12422064254018,76.73480488453743,76.9899366971554,24851300
2004-02-10,77.11076354980469,77.3054713628091,76.71463757060769,76.72806339939106,27908100
2004-02-11,77.92987060546875,78.14471970409033,76.6542018413502,77.1107568162219,42965700
2004-02-12,77.64790344238281,78.06417080389556,77.60090534923111,77.86275259999171,27814700
2004-02-13,77.29876708984375,78.01716941043414,77.04363532672835,77.76203764731873,44739900
2004-02-17,77.9970474243164,78.17161400148463,77.72848464153661,77.78219822257438,23984300
2004-02-18,77.65458679199219,78.28570305000854,77.44644807493896,78.01714043350509,28618000
2004-02-19,77.36592102050781,78.1447473577173,77.25177839459252,78.10446473822272,51146200
2004-02-20,77.13091278076172,77.58746784242058,76.75492806730414,77.5337593993606,46728800
2004-02-23,76.93621063232422,77.38605537334291,76.65422207639577,77.35919858862479,36357000
2004-02-24,76.80191802978516,77.20475948335033,75.88880800308705,76.72134769010933,43953000
2004-02-25,77.12419891357422,77.25176222273915,76.75492457081631,76.84892074489882,31213600
2004-02-26,77.17121124267578,77.40620172124987,76.76836456808219,76.94964659613096,29683000
2004-02-27,77.22490692138672,77.70831875302353,76.96305969965135,77.3390495255952,39312000
2004-03-01,77.99029541015625,78.1111432193271,77.37931527762562,77.50016820920277,33130800
2004-03-02,77.53374481201172,78.53413544919309,77.36589379331117,77.84259007173192,38556400
2004-03-03,77.67472076416016,77.79557367406544,77.15773687974107,77.37930140163496,31346200
2004-03-04,77.87617492675781,77.95002980158806,77.56061412019366,77.69489803916125,21060000
2004-03-05,78.13800048828125,78.52070058695466,77.39945706727718,77.49345322327372,55905600
2004-03-08,77.1845932006836,78.29912615468449,77.15102607848685,78.11112875628028,39281600
2004-03-09,76.87577819824219,77.35247454880005,76.70121167810312,77.27861967960303,39746100
2004-03-10,75.58672332763672,77.05709576725438,75.57329236846739,77.02352861415118,67671800
2004-03-11,74.60643005371094,76.04994486012954,74.59299910233186,75.46582653531681,89134800
2004-03-12,75.58672332763672,75.6740040725971,74.915318796652,75.01603050078172,54012200
2004-03-15,74.66016387939453,75.43227992921453,74.45874564188202,75.37856635024767,57677200
2004-03-16,75.05630493164062,75.23758188133691,74.41846762345922,75.04958945278979,59832600
2004-03-17,75.89552307128906,76.04323279869841,75.26440155323344,75.31811511272902,41607300
2004-03-18,75.91565704345703,76.04993580682019,75.15025682299287,75.6672356965881,60014300
2004-03-19,74.82752227783203,75.84489775930318,74.81404938671528,75.73709920928054,48636200
2004-03-22,73.87754821777344,74.49740419716875,73.50697934945865,74.47719228441782,62752100
2004-03-23,73.74955749511719,74.38289172385714,73.68218271640075,74.28182698559942,54080200
2004-03-24,73.81016540527344,74.20768002029027,73.33853188431951,73.83037731581818,51584300
2004-03-25,74.78709411621094,74.98922345375114,73.97184803142729,74.16723835361945,49873600
2004-03-26,74.80733489990234,75.31939231640872,74.65237346961572,74.76017205498495,37409500
2004-03-29,75.85842895507812,75.95949370740203,75.17793691285529,75.2116217367187,44113600
2004-03-30,76.11443328857422,76.18180805271695,75.6091148469562,75.66301671441639,39059900
2004-03-31,76.20206451416016,76.40419406511434,75.7169577041645,76.12795068816816,48517600
2004-04-01,76.66017150878906,76.7208123915679,76.16833113021445,76.1818040261849,45103800
2004-04-02,77.23961639404297,77.37436593734766,76.7410369153769,77.35415401988851,50987700
2004-04-05,77.6640853881836,77.73819918226611,77.10487013333255,77.11834303209037,30251800
2004-04-06,77.41477966308594,77.60343104269727,77.22612828347461,77.36761681818311,28420900
2004-04-07,77.23284912109375,77.46866844615684,76.88249735244948,77.448451395728,45890500
2004-04-08,77.05768585205078,77.75839462104612,76.63321512389497,77.75839462104612,46929700
2004-04-12,77.3608627319336,77.53604118189348,77.19242329860849,77.1991623152433,23085200
2004-04-13,76.2761459350586,77.68430289029843,76.14813026448248,77.65735195226314,56210300
2004-04-14,76.39743041992188,76.56586994464,75.83147608424484,75.87189992525995,62322300
2004-04-15,76.10769653320312,76.66017784018625,75.70344279596075,76.43783648557513,61602500
2004-04-16,76.69387817382812,76.84210576363122,76.1211848735246,76.39068397458566,47059200
2004-04-19,76.69387817382812,76.80167678617939,76.3165701796841,76.50522674693904,28277600
2004-04-20,75.4070053100586,77.02402577795488,75.31267958729823,76.86232527327516,53299400
2004-04-21,75.91227722167969,76.10092855123634,75.37327415728402,75.59561028691108,50177300
2004-04-22,76.97686767578125,77.25984486155782,75.75736708443456,75.78431802694186,62071500
2004-04-23,77.05095672607422,77.19244527350217,76.66691491437979,77.09138055666362,29395700
2004-04-26,76.94316101074219,77.44174562835092,76.53890724161624,77.14529046548795,35515200
2004-04-27,77.0105209350586,77.56300214222362,76.78144060311179,76.96335809324076,43485500
2004-04-28,76.01336669921875,76.81514025174721,75.79776437505541,76.73428745254913,50165800
2004-04-29,75.34635162353516,76.35024951429527,74.89493503766455,75.9459957785848,69687600
2004-04-30,74.76018524169922,75.71692034470159,74.7197614076011,75.57543178499269,48681400
2004-05-03,75.56195068359375,75.65627637982574,75.0229422990981,75.03642033591119,33758000
2004-05-04,75.50132751464844,76.30984028110511,75.231828399529,75.62934319258645,51185100
2004-05-05,75.9864273071289,76.10770395416334,75.56870063207249,75.73714013404444,34405000
2004-05-06,75.3328628540039,75.85839314959549,74.78712064556102,75.47435138432745,54997000
2004-05-07,74.08641052246094,75.61584367831324,74.08641052246094,74.93534682931045,60950000
2004-05-10,73.32508850097656,73.944944662179,73.00842140069365,73.73608131533959,75279400
2004-05-11,73.94488525390625,74.14701455903658,73.6619083390132,73.7494949630434,48300600
2004-05-12,74.41657257080078,74.47721346666495,72.80629128571132,73.82366735323187,90830500
2004-05-13,74.10662078857422,74.65910199242286,73.8640675634344,73.95165936940191,57393700
2004-05-14,74.14033508300781,74.61196365323654,73.62153851539031,74.07969418662647,54123100
2004-05-17,73.50701141357422,73.77651569532911,73.04212179642282,73.36552282223539,55020400
2004-05-18,73.87754821777344,74.07293860830629,73.66194591448966,73.76974449594935,30193100
2004-05-19,73.62154388427734,74.90842429746567,73.54069620369421,74.45026859281829,54804100
2004-05-20,73.85736846923828,74.02580800266901,73.466587517991,73.74282567982675,38082900
2004-05-21,73.98538208007812,74.48396682072422,73.75630677251114,74.09318585330976,47480400
2004-05-24,74.29528045654297,74.62542552454103,73.89776576781215,74.47045894768839,40961500
2004-05-25,75.35980224609375,75.44739404219058,73.843847329984,74.04597670827742,48668000
2004-05-26,75.62256622314453,75.65625616581099,75.13072595854082,75.23179064617668,35977000
2004-05-27,76.04704284667969,76.15484141901146,75.50129554679452,75.82470154451774,45306900
2004-05-28,76.04029846191406,76.053771354868,75.7034195940659,75.95271180680443,23367200
2004-06-01,75.93924713134766,76.0403118375523,75.37329300118485,75.77080766779476,41044700
2004-06-02,76.22223663330078,76.45805603304413,75.77082003101067,76.15486186495926,39774200
2004-06-03,75.5215072631836,76.26264493514655,75.50803436931332,76.0066136883361,38688300
2004-06-04,76.12117767333984,76.52543142705954,75.93926014292849,76.12117767333984,32739500
2004-06-07,77.28006744384766,77.35418126087477,76.4176577261147,76.42439674776281,31643800
2004-06-08,77.38783264160156,77.42825647059934,76.92293804666778,77.05769271060176,32846500
2004-06-09,76.66690826416016,77.28002524983178,76.6197454191085,77.15201475061417,36737600
2004-06-10,77.04421997070312,77.04421997070312,76.76124286753475,76.83535665270244,21711000
2004-06-14,76.28287506103516,76.70734071421597,76.04706080926803,76.68712879840238,34633000
2004-06-15,76.82186126708984,77.111577323585,76.4782484938517,76.74101362179334,37445000
2004-06-16,76.80838775634766,76.94313725766933,76.60625836400115,76.80838775634766,26633400
2004-06-17,76.69387817382812,76.85557866253794,76.35699915713596,76.70735107273484,28402400
2004-06-18,76.83856201171875,77.23753286029049,76.53426632177451,76.59512339611214,31799800
2004-06-21,76.54780578613281,77.18345177785626,76.50047077562975,76.91972741089211,25284000
2004-06-22,76.9332275390625,77.00761184279209,76.1893896608943,76.50044894961454,37334000
2004-06-23,77.59596252441406,77.65681962648199,76.69659196023174,76.8250749434379,35580000
2004-06-24,77.35247039794922,77.7176282356629,77.26456403593784,77.46742606191644,35272100
2004-06-25,76.98059844970703,77.72444183402712,76.87240633143419,77.36604738110752,32837900
2004-06-28,76.71685791015625,77.50127252906458,76.68981375561995,77.44041028353524,40824500
2004-06-29,77.03465270996094,77.20370698916598,76.69654415155087,76.77092844713125,28418100
2004-06-30,77.44715881347656,77.62297673848403,76.85208950615718,77.13609950561907,52230600
2004-07-01,76.37200164794922,77.3592785212891,76.12856294941282,77.2578448703773,57734700
2004-07-02,76.33139038085938,76.60864188999781,76.14205040346114,76.52073551738505,34615100
2004-07-06,75.6619644165039,76.04064450929842,75.4861464480796,75.98655103827728,38698200
2004-07-07,75.88513946533203,76.1218145921581,75.56731636968094,75.60788777452802,29839800
2004-07-08,75.35767364501953,75.95274313872716,75.19537774381135,75.60787079757188,45291100
2004-07-09,75.55378723144531,75.69579229427842,75.3171069675931,75.54702361155887,27412900
2004-07-12,75.58753967285156,75.76335754726531,75.0600912087369,75.41172179843782,35691300
2004-07-13,75.64167785644531,75.74986995638176,75.46585989002817,75.68224924903032,26752000
2004-07-14,75.41178131103516,76.0000924555847,75.14129840971323,75.23596845700203,54089400
2004-07-15,74.9249038696289,75.67550573546974,74.85727798979221,75.56054483522553,38403500
2004-07-16,74.864013671875,75.5131816348348,74.68143727818845,75.44556093936305,40871200
2004-07-19,74.54617309570312,75.03305024254396,74.377118817446,74.89104526790325,39592800
2004-07-20,75.492919921875,75.6687379132515,74.55297802660556,74.74231809772027,46679800
2004-07-21,74.09991455078125,75.7769310540322,74.01200297433829,75.6146402993276,56241100
2004-07-22,74.30277252197266,74.6476448705463,73.55217072991047,73.95114171338388,72477100
2004-07-23,73.68067169189453,74.18783490989419,73.49809520343231,74.12697780011713,49610500
2004-07-26,73.53860473632812,73.99843254012494,73.17344690750771,73.83614189146921,49679100
2004-07-27,74.2283706665039,74.4582872309891,73.68739992259674,73.74149854472603,51295100
2004-07-28,74.45152282714844,74.63410438512437,73.4304332715384,74.07960641197671,65862300
2004-07-29,74.76935577392578,74.97222305232003,74.38391207228004,74.7490700779122,52200500
2004-07-30,74.95193481445312,74.99251136702641,74.45153537850395,74.6003040333041,41581700
2004-08-02,75.10743713378906,75.30354072244089,74.4176979246752,74.51236791104127,38263100
2004-08-03,74.5259017944336,75.10068541963999,74.49209402773212,75.0127790352624,40948800
2004-08-04,74.51915740966797,74.89107905326826,74.14047730646,74.30953166098205,40763200
2004-08-05,73.30196380615234,74.64087130719842,73.21405224637003,74.58001422039136,50772000
2004-08-06,72.25383758544922,73.00443941011387,72.09831045226933,72.78128640080709,74729000
2004-08-09,72.3552474975586,72.67983405541456,72.26734111022158,72.36876957286877,37476300
2004-08-10,73.2884292602539,73.30872011296165,72.53106918461286,72.56487695420192,55870600
2004-08-11,73.13963317871094,73.25458883049285,72.42283965067823,72.81504674877378,52933200
2004-08-12,72.34173583984375,72.99766234897524,72.10505563524158,72.81508593078999,50015900
2004-08-13,72.48375701904297,72.59194913859865,72.07802238310113,72.42289475999961,41634700
2004-08-16,73.2343521118164,73.46426356910335,72.42288807397664,72.44993739115094,45731900
2004-08-17,73.6468276977539,73.89702479378062,73.38986182512733,73.53863045472619,40701600
2004-08-18,74.40420532226562,74.49887535269332,73.36282982843137,73.38311552650448,43165400
2004-08-19,74.18780517578125,74.39743090428219,73.82941080416518,74.25542587925294,39881600
2004-08-20,74.7084732055664,74.80990165104082,74.05254174281887,74.12016242617763,44870900
2004-08-23,74.51915740966797,74.90460113161306,74.41772892425831,74.7558376333024,33745100
2004-08-24,74.62059020996094,74.87755612777003,74.28248150474215,74.81669387808336,30453100
2004-08-25,75.12776947021484,75.2427252165901,74.31631046633827,74.6070842219013,38551400
2004-08-26,75.12776947021484,75.26977453793673,74.95871508114634,75.03309942506692,26629500
2004-08-27,75.36439514160156,75.4861144282443,75.0939124238418,75.19534086343813,24902900
2004-08-30,74.74232482910156,75.29005939260301,74.6882261870166,75.20891658860603,26726500
2004-08-31,75.13449096679688,75.16830388930585,74.45151017331119,74.83019530072667,44125300
2004-09-01,75.27651977539062,75.4929091341904,74.7084996432147,75.02631748338212,52778300
2004-09-02,76.12855529785156,76.20969808312162,75.22242130901138,75.22242130901138,42736600
2004-09-03,75.81745910644531,76.29080898780363,75.74307481664232,75.9594640708528,30480500
2004-09-07,76.31788635253906,76.5004627570196,75.95272838444933,76.10149701875945,37338800
2004-09-08,76.12855529785156,76.45313675719038,75.94597371273537,76.15560461265135,32963100
2004-09-09,76.06092834472656,76.33141115225531,75.75662744756345,76.12178542868187,34314800
2004-09-10,76.45314025878906,76.59514529864487,75.7904500727953,76.08798223096149,27900600
2004-09-13,76.70330047607422,76.91292611144135,76.41929055219747,76.62215257248371,44398100
2004-09-14,76.85887145996094,76.87915715631539,76.54104845939659,76.61543278544907,28048900
2004-09-15,76.27728271484375,76.65596259907105,76.19613481431227,76.61539122836855,38295000
2004-09-16,76.5072250366211,76.66275728589656,76.27731363062011,76.31112140019924,23911700
2004-09-17,76.83252716064453,76.9751233616509,76.52017283740102,76.69671755449077,33683000
2004-09-20,76.37074279785156,76.72383721816229,76.24172503821693,76.50654714860094,37149400
2004-09-21,76.70345306396484,77.04976082986366,76.41826087115545,76.56085696756014,40920800
2004-09-22,75.74604034423828,76.40469719489585,75.6917165275023,76.39111883101401,49042100
2004-09-23,75.33860778808594,75.84788185203587,75.33860778808594,75.77997967962995,44068700
2004-09-24,75.68492126464844,75.86826284252551,75.46083941640047,75.48800132351575,34981100
2004-09-27,75.20280456542969,75.5083669361177,75.08737035255677,75.44046476269855,39355100
2004-09-28,75.56270599365234,75.71888568657268,74.971951267043,75.31146738324783,41662900
2004-09-29,75.94295501708984,75.94974678932427,75.37257048390173,75.51516661719876,33325700
2004-09-30,75.88862609863281,76.03801398392321,75.54911006137411,75.74602998465659,43536700
2004-10-01,77.17201232910156,77.17201232910156,76.19420428097025,76.22815796398774,62824300
2004-10-04,77.30104064941406,77.70846420607066,77.2738839142023,77.47759051192487,33082400
2004-10-05,77.34173583984375,77.51828558759387,77.09728393699046,77.307782171991,36910600
2004-10-06,77.87139129638672,77.87139129638672,77.19235928479654,77.25346967915016,42297800
2004-10-07,77.03617858886719,77.68126209941546,76.97506819534951,77.66767855823173,39388800
2004-10-08,76.39794158935547,77.25351873723967,76.28929391181731,76.8325219382953,51872600
2004-10-11,76.71025848388672,76.74420698110772,76.48617664369176,76.58124072487679,20229100
2004-10-12,76.41149139404297,76.61520312297081,76.01086488925054,76.18740952834324,41754700
2004-10-13,75.7392349243164,76.77815312431574,75.58984704551327,76.73062108838776,54212600
2004-10-14,75.12811279296875,76.00406484303574,75.08737252385994,75.8343068142771,64082200
2004-10-15,75.54914093017578,75.8750735579797,75.08060694952623,75.38616943566811,63482200
2004-10-18,75.83430480957031,75.9836926998254,75.16885107496229,75.29786883120146,43535100
2004-10-19,75.19603729248047,76.2077991742876,75.09418140886562,76.06519782886356,55851900
2004-10-20,75.04662322998047,75.25033492629751,74.52377080765207,74.95155915319349,57118500
2004-10-21,75.53553009033203,75.5898539022069,74.83612784940549,75.22996771459258,53218300
2004-10-22,74.686767578125,75.542349799457,74.59849523663584,75.50160951578597,48752400
2004-10-25,74.59846496582031,74.77501475776342,74.2521571533252,74.52377102232914,43990900
2004-10-26,75.7392349243164,75.77997518922513,74.61203924287702,74.78179725413452,54337400
2004-10-27,76.64912414550781,76.79851200241907,75.45403165142295,75.6305762272248,73896000
2004-10-28,76.87998962402344,77.11085797455705,76.3842940764041,76.58121394158975,54413300
2004-10-29,76.86642456054688,77.16520031479247,76.66271805769122,76.81210593481403,48820200
2004-11-01,77.07693481445312,77.30101146930141,76.86643134148132,77.11088331095559,36720900
2004-11-02,77.10411834716797,77.79672900121487,76.88003644886255,77.18559890611158,56210000
2004-11-03,78.07514190673828,78.33317233480045,77.57265423754598,78.10909041588542,76960200
2004-11-04,79.14119720458984,79.22267774499538,77.87140525036183,77.93930742756778,55350300
2004-11-05,79.63687133789062,79.88132326990403,79.10043544156136,79.48069688058388,63287200
2004-11-08,79.52143859863281,79.6029243043305,79.2566165308692,79.43316630291262,33863800
2004-11-09,79.36527252197266,79.78627430245837,79.28379198295242,79.50108205467964,44658100
2004-11-10,79.4263916015625,79.82023149283557,79.28379547139897,79.4875020085165,45265400
2004-11-11,80.0307388305664,80.20728866046876,79.51467288656207,79.56899670816352,37863200
2004-11-12,80.66223907470703,80.80483522107164,79.90851288634781,80.10543285435745,55583700
2004-11-15,80.86038970947266,80.88762690825163,80.51986756922481,80.70374723873823,35297900
2004-11-16,80.28152465820312,80.64248261171319,80.17937213886346,80.6084283079618,40028700
2004-11-17,80.75826263427734,81.13964591318724,80.410928464723,80.61524390468614,54494000
2004-11-18,80.86721801757812,80.90808421857639,80.51988908281272,80.72419930397645,31854300
2004-11-19,79.96825408935547,80.85361413007297,79.77756243651363,80.83999032860835,54276500
2004-11-22,80.34962463378906,80.44497043890131,79.7026293037198,79.79797510883205,37560200
2004-11-23,80.47222137451172,80.54032478596385,79.93419559091258,80.3155788518103,41968800
2004-11-24,80.66289520263672,80.76504769929122,80.39728831942286,80.54711371316814,29724800
2004-11-26,80.60163879394531,81.03070027816644,80.56758967669452,80.71060843944868,15487700
2004-11-29,80.2338638305664,81.05112048003093,80.00912305822483,80.90128983449787,61460800
2004-11-30,80.28834533691406,80.52670990136494,80.11808419145518,80.3632606565926,53685200
2004-12-01,81.20093536376953,81.38481508653057,80.43135177854299,80.47221798045645,49898300
2004-12-02,81.2690200805664,81.63678463746005,81.05108610566155,81.11237760049926,60163500
2004-12-03,81.21456909179688,81.82069837416384,81.1055994610101,81.25543010536292,49067900
2004-12-06,81.18733215332031,81.48018156084021,80.93534376211909,81.18733215332031,33030500
2004-12-07,80.4313735961914,81.46656439285262,80.39051257915109,81.37802526132069,52047200
2004-12-08,80.90129089355469,80.92172140076609,80.37007692222568,80.50628376760713,43895100
2004-12-09,81.18733215332031,81.35759331592588,80.17938898043207,80.45861458520685,60922800
2004-12-10,81.2690200805664,81.42565736467773,80.94211652023122,80.98978941486804,47828600
2004-12-13,81.97737121582031,81.99780173015384,81.28270255272079,81.56193343783882,38541000
2004-12-14,82.26335144042969,82.37912773822075,81.84791395216176,81.84791395216176,41500700
2004-12-15,82.32463073730469,82.48127320800398,81.93643570534746,82.20204255900475,46699200
2004-12-16,82.27698516845703,82.56983451409351,81.75258318466749,82.21569365693082,51641800
2004-12-17,81.72821044921875,82.09086827646932,81.53661802882236,81.74189338474623,70761900
2004-12-20,81.74874114990234,82.30983550087124,81.54346056421771,81.94033357894018,47187400
2004-12-21,82.37826538085938,82.43985164832291,81.7419017930825,81.83769801313473,33094200
2004-12-22,82.57669830322266,82.85040401452365,82.31668074876295,82.37141771462137,31500700
2004-12-23,82.63824462890625,82.98721939471368,82.5629806799086,82.7066749433587,25646100
2004-12-27,82.46720123291016,83.04198366019239,82.37824910914686,82.93249930432856,29944100
2004-12-28,82.9188232421875,83.02146352919104,82.5219502500415,82.5493213412759,23422900
2004-12-29,83.04197692871094,83.06934801545816,82.76142720492766,82.85038454198138,22650600
2004-12-30,82.88461303710938,83.18568983821788,82.82303199352019,83.0693666088813,21076900
2004-12-31,82.70672607421875,83.247293525482,82.65882795679052,83.00095885856449,28648800
2005-01-03,82.31664276123047,83.3156637090234,82.04293717623929,83.1788083062779,55748000
2005-01-04,81.3108139038086,82.48090071009274,81.04395227538424,82.42615852464617,69167600
2005-01-05,80.74971008300781,81.5981929759015,80.74286600550421,81.24921811023897,65667300
2005-01-06,81.16027069091797,81.52977259001598,80.92078016941976,81.04394746911909,47814700
2005-01-07,81.04395294189453,81.58452028149523,80.83182827667008,81.40661078758181,55847700
2005-01-10,81.42715454101562,81.74191434387345,80.97553924528272,80.97553924528272,56563300
2005-01-11,80.86603546142578,81.24922028385441,80.73602408788679,81.1807951684924,63099700
2005-01-12,81.1329116821289,81.31766004893971,80.41443479013688,81.01658844300718,72720500
2005-01-13,80.48286437988281,81.24239529723017,80.40075109512814,81.18080902853853,55537500
2005-01-14,80.90706634521484,81.10550277735837,80.57862379721881,80.72231806452959,42032500
2005-01-18,81.74874114990234,81.85138144274467,80.70866050583668,80.77709084806632,57391700
2005-01-19,80.89342498779297,81.78296213123365,80.88658090854645,81.72138107952362,54378900
2005-01-20,80.40076446533203,80.87974565479648,80.25707010849271,80.66762615953414,72049300
2005-01-21,79.90807342529297,80.74287346076082,79.81912129153896,80.59917914292649,63160400
2005-01-24,79.75072479248047,80.29128708763808,79.62755744434868,80.12022161637194,58441900
2005-01-25,79.97647094726562,80.38018788991786,79.86699183738548,79.99700317458709,68245000
2005-01-26,80.21598815917969,80.46916160530593,80.08597678705975,80.27756919618284,57195100
2005-01-27,80.35283660888672,80.57180010310695,80.04492098968691,80.18861529334693,55878800
2005-01-28,80.35283660888672,80.43494987690737,79.79174232866603,80.3938906326463,60738900
2005-01-31,80.85238647460938,80.91396753814116,80.54446549543887,80.70868688536082,52532700
2005-02-01,81.36557006835938,81.48189331704178,80.81131448136712,80.91395479158813,49841200
2005-02-02,81.61190032958984,81.83086389070782,81.35872681172091,81.46820598202835,52468900
2005-02-03,81.39976501464844,81.53662047654133,81.1329033895849,81.46819013534385,48837100
2005-02-04,82.26875305175781,82.40560324793718,81.41342627438593,81.42710920580372,50024600
2005-02-07,82.15930938720703,82.4672250912788,82.08404017590007,82.28247671293633,45412000
2005-02-08,82.25509643554688,82.55617324717146,82.15930021739402,82.22772534171715,39263500
2005-02-09,81.63922882080078,82.44665750988068,81.59817480592396,82.39875941902426,55279400
2005-02-10,81.93351745605469,82.12510995046324,81.6050746714983,81.87878047229792,45858600
2005-02-11,82.63824462890625,82.82299812512784,81.74186389097936,81.9060851605652,53133000
2005-02-14,82.57669830322266,82.69986561228299,82.43984805782328,82.5835423816433,32432100
2005-02-15,82.88461303710938,83.08989362341102,82.57669737815908,82.65881065678018,43852700
2005-02-16,82.93936157226562,83.1104270004455,82.56985962093681,82.7477691279846,55523000
2005-02-17,82.26875305175781,83.021439571745,82.26190897579875,82.95301447365533,58124000
2005-02-18,82.37826538085938,82.43985164832291,82.0429786106766,82.27562508208844,47723300
2005-02-22,81.15343475341797,82.43300598306324,81.13975181674634,82.04297703164231,80697600
2005-02-23,81.73507690429688,81.81719020669286,81.1671435293617,81.37926303492169,68292600
2005-02-24,82.275634765625,82.33037696081277,81.41346868368127,81.59137298728696,68563600
2005-02-25,83.08988952636719,83.25411085500969,82.23456249312224,82.29614353367496,60899900
2005-02-28,82.54249572753906,83.00095508264218,82.13878378765322,82.8983147726787,69381300
2005-03-01,82.95301818847656,83.15144941567273,82.6450974025331,82.67246848709478,47294400
2005-03-02,82.9120101928711,83.43205067993857,82.55619631466944,82.63146553860697,64226500
2005-03-03,82.94617462158203,83.41147262098681,82.59035574059568,83.24725133310884,61230800
2005-03-04,83.97943115234375,84.047856270433,83.33622355720071,83.51413304063425,56168500
2005-03-07,84.02047729492188,84.33523698499802,83.75361570506382,83.93152517180299,43442400
2005-03-08,83.7057113647461,84.16416532129959,83.55517299799695,83.93835777117587,44362000
2005-03-09,82.77515411376953,83.67837951731283,82.76831003375308,83.45941594131759,73263600
2005-03-10,82.9598617553711,83.13777120487485,82.38508460843707,82.93249066925506,65149000
2005-03-11,82.37826538085938,83.28833469185791,82.22088811384606,83.00778488991752,57976500
2005-03-14,82.89142608642578,82.90511423798978,82.30296086117889,82.52876837748298,36336400
2005-03-15,82.20720672607422,83.11043203273357,82.16615269138607,83.08306093610717,62438500
2005-03-16,81.50923156738281,82.22086415216666,81.35869320245726,81.90609926886727,74874200
2005-03-17,81.67350769042969,81.93352535497955,81.41349002587981,81.6392925043422,62584200
2005-03-18,81.43096160888672,82.11103987288931,81.1630518309158,81.8225224567678,60232000
2005-03-21,81.12871551513672,81.59584127315188,80.8951552566329,81.547755029283,61244300
2005-03-22,80.30435943603516,81.69886541977786,80.30435943603516,81.31417555971264,92472400
2005-03-23,80.37307739257812,80.86768178432447,80.2013400477222,80.3387278272038,70817300
2005-03-24,80.4692153930664,81.05312106708224,80.41425820842817,80.68903889061374,51932500
2005-03-28,80.5860366821289,81.01881818117283,80.5860366821289,80.66160153939028,46765500
2005-03-29,80.05021667480469,80.99133928578728,79.85787167191967,80.46925624866489,71160300
2005-03-30,81.18365478515625,81.19739146279521,80.21505391990917,80.22192487923182,62002100
2005-03-31,81.03253936767578,81.37601402008592,80.97071644592545,81.19054001382764,64575400
2005-04-01,80.6684799194336,81.7401194613117,80.31126848581047,81.49281722226156,95255300
2005-04-04,80.80583190917969,80.96383253004923,80.1944475450003,80.62035793259986,71581200
2005-04-05,81.19056701660156,81.32108386404042,80.833350324326,80.90891519226857,46853900
2005-04-06,81.47218322753906,81.71261442635712,81.1836657889574,81.36913978775787,53268200
2005-04-07,81.9118423461914,81.9255842687126,81.27985017642024,81.34167834574993,46734600
2005-04-08,81.06000518798828,81.89121308684264,81.06000518798828,81.86373449006153,63772900
2005-04-11,81.121826171875,81.3485206591762,80.94322315855253,81.25921915251497,44945000
2005-04-12,81.5408706665039,81.78817280604262,80.42114531987508,80.98444347304512,86144800
2005-04-13,80.57914733886719,81.60957119107262,80.46236198578546,81.4446996011949,65949000
2005-04-14,79.52812194824219,80.71654659997014,79.52812194824219,80.64785271489507,96119800
2005-04-15,78.41527557373047,79.82351870838394,78.38092600710144,79.50752261122743,128677300
2005-04-18,78.65569305419922,78.9716890960638,78.28473981174766,78.39465421292165,100035200
2005-04-19,79.28083801269531,79.3632685919015,78.88240607650422,79.06788012072651,64930100
2005-04-20,78.17483520507812,79.43194848543513,78.0030978739958,79.2602111543528,107735900
2005-04-21,79.69300842285156,79.8303962186219,78.5732774473903,78.8549292420305,86952200
2005-04-22,79.3907241821289,80.02958719080306,78.4976880655713,79.50750429615367,88845800
2005-04-25,79.9128189086914,80.02959904000667,79.49377938714123,79.58995187657823,52284100
2005-04-26,79.13660430908203,80.21511514159972,79.1022599682692,79.65868755493446,72626000
2005-04-27,79.44569396972656,79.73421144104202,78.61448587893243,78.90300335024789,84131900
2005-04-28,78.44963073730469,79.46631830248943,78.44963073730469,79.18466649204322,72481500
2005-04-29,79.51438903808594,79.5968248486895,78.29162000634227,79.04726326001455,103993800
2005-05-02,79.96089935302734,79.96777031349087,79.35638061640947,79.73420482679563,56026400
2005-05-03,80.0982894897461,80.27002681937292,79.47316833522831,79.73420718949842,86000300
2005-05-04,80.71653747558594,80.88827478936379,79.87845854578897,80.13263165694266,81055700
2005-05-05,80.68905639648438,81.0600096117641,80.19445210944474,80.83331510670315,96906700
2005-05-06,80.43489074707031,81.05314616316379,80.41428310670173,81.01193088242663,67415400
2005-05-09,80.93639373779297,81.11500208378791,80.4074449036271,80.51735410354081,43750500
2005-05-10,80.0982894897461,80.71654492460411,79.95403076178046,80.62037243929369,74613500
2005-05-11,80.53793334960938,80.64784775177128,79.58307425510833,80.32498074667966,91647400
2005-05-12,79.65178680419922,80.77838348536692,79.65178680419922,80.59290943950752,95086800
2005-05-13,79.4937744140625,80.11202983677096,78.86178231129708,79.89220626880876,85267000
2005-05-16,80.23567962646484,80.26315298613538,79.45255785067461,79.48003121034515,49207000
2005-05-17,80.7715072631836,80.85393783240048,79.79604042672722,79.96777776727268,61071800
2005-05-18,81.60269165039062,81.80190753645614,81.06687214214847,81.12182409198923,77944900
2005-05-19,81.9461898803711,82.0286256904315,81.54088703216709,81.76071061798713,61768100
2005-05-20,81.82940673828125,82.01488075283827,81.56836263652488,81.98053118965743,46345500
2005-05-23,82.28279876708984,82.46140707960022,81.87750113444064,81.89123781647619,51047900
2005-05-24,82.09046936035156,82.31716396454449,81.88438240362908,82.04925406541068,50654100
2005-05-25,82.02862548828125,82.34462156455584,81.63019360214942,81.98740496284879,47608800
2005-05-26,82.46826171875,82.57817087630497,82.17287332387349,82.28965344159032,43256200
2005-05-27,82.60564422607422,82.60564422607422,82.29651917152692,82.47512219632877,24596100
2005-05-31,82.07672119140625,82.5507127399319,82.02176397850208,82.48888980617093,43377200
2005-06-01,82.77739715576172,83.06591462659557,82.05609823766945,82.10418448280842,69611000
2005-06-02,82.95603942871094,83.01099141636908,82.50265015371512,82.59195696055296,39704500
2005-06-03,82.53697967529297,83.04532081441938,82.2484621564111,82.81176051085079,60999400
2005-06-06,82.46137237548828,82.57128150854122,82.12476877669351,82.39954422982878,36046400
2005-06-07,82.52323150634766,83.2926167394877,82.44080093062388,82.70183982209605,66501300
2005-06-08,82.3720703125,82.83919067602925,82.20719875254237,82.72928154372995,46881200
2005-06-09,82.76362609863281,82.83231995729807,82.04919843830201,82.25528001429781,56653300
2005-06-10,82.5712890625,82.8804193370664,82.15912060408445,82.8185911857506,36465300
2005-06-13,82.8323745727539,83.1758493335555,82.30342050615447,82.39272729820858,49383200
2005-06-14,83.0246810913086,83.2582413046383,82.69494316783587,82.74302940240413,33857100
2005-06-15,83.18268585205078,83.28572929231727,82.59191429260419,83.23077733304795,53195600
2005-06-16,83.3956527709961,83.56051914876494,83.06591477445073,83.16208726489987,46564500
2005-06-17,83.70466613769531,84.07711666604847,83.60810547428835,83.82881631381304,51529400
2005-06-20,83.73226165771484,84.03573579498286,83.4149901320208,83.51155080235543,41019400
2005-06-21,83.78052520751953,83.90467536767093,83.4770458688915,83.8012160238513,39879800
2005-06-22,83.84947204589844,84.10467098506366,83.50461117456346,83.92534185856488,46310100
2005-06-23,82.67008972167969,83.87020467897041,82.6493989010274,83.67708333666639,62185600
2005-06-24,82.06311798095703,82.7735307306702,81.96655206905822,82.6838635115129,58572500
2005-06-27,82.18038177490234,82.35971097795795,81.9044919076233,82.05623159773485,48183800
2005-06-28,82.87007904052734,82.93215147947565,82.33209685433549,82.35278766731827,41174200
2005-06-29,82.64936828613281,83.0425095193853,82.60108796844075,83.02181870639728,42316500
2005-06-30,82.2010498046875,82.98733228803916,82.04241146478037,82.91836115588131,62288800
2005-07-01,82.44245910644531,82.62868696905934,82.22174830560834,82.38728009069592,49737500
2005-07-05,83.10457611083984,83.21493412189082,82.20794095076887,82.24932257383318,51549000
2005-07-06,82.40797424316406,83.2149475965457,82.35969392105133,83.03561843062964,52363600
2005-07-07,82.73213958740234,82.73213958740234,81.56651315766871,81.58720397266983,103268800
2005-07-08,83.67704010009766,83.67704010009766,82.57348638417362,82.74591681672922,64491200
2005-07-11,84.10470581054688,84.21505859874533,83.67017756495648,83.68397495233219,49688300
2005-07-12,84.32538604736328,84.58057973742808,83.89775665064775,84.13915822050348,51871100
2005-07-13,84.44263458251953,84.50470701456496,84.13915532676138,84.33227657600408,41182300
2005-07-14,84.77373504638672,85.1392868709114,84.4840478020165,84.82201537675485,63638800
2005-07-15,84.72544860839844,84.8633961667604,84.39438499265232,84.69096566542892,56075900
2005-07-18,84.38749694824219,84.58061829215805,84.18058347783031,84.4909563145291,56598400
2005-07-19,84.84961700439453,84.9116947345312,84.42889133196793,84.63580482071114,59165700
2005-07-20,85.13928985595703,85.33930987796971,84.35300715544459,84.55302191529573,69477000
2005-07-21,84.64268493652344,85.2565370973968,84.47025443600482,85.21515546116395,101110900
2005-07-22,85.2082748413086,85.22206696892458,84.58062516045233,84.75305569754526,52607100
2005-07-25,84.96680450439453,85.49098912495623,84.7322964270627,85.11854409640486,57301600
2005-07-26,85.07029724121094,85.20134608705901,84.80130611922003,84.99443267284475,42758800
2005-07-27,85.38066864013672,85.44963977286397,84.87027594336286,85.18064867171559,43181600
2005-07-28,85.91862487792969,85.96690518246453,85.27718353930473,85.49789425462953,47880700
2005-07-29,85.3461685180664,85.96002045924341,85.18063677021718,85.80828609330791,62358100
2005-08-01,85.28411865234375,85.55310978708431,85.14617110750193,85.40826881162099,40418200
2005-08-02,85.79448699951172,85.93932793375967,85.34616681512944,85.43583400930146,45147400
2005-08-03,86.02208709716797,86.03587921514963,85.60825514965477,85.69791707193237,36837200
2005-08-04,85.33238220214844,85.7393155395717,85.22892287939617,85.68414179464227,50855600
2005-08-05,84.75303649902344,85.51173490009958,84.60819551213469,85.14617782405325,53595500
2005-08-08,84.59441375732422,85.11860400900689,84.4081858498098,84.93927479566459,47616000
2005-08-09,85.10479736328125,85.24273965874781,84.74614423777142,84.87718783981627,47170000
2005-08-10,85.06344604492188,85.87041981155711,84.71168622530017,85.40140847278256,72863700
2005-08-11,85.40132141113281,85.54616230398771,84.84264864409847,85.0219724568763,58570200
2005-08-12,84.87718200683594,85.31171020580013,84.66336988490811,85.22894167691149,54776900
2005-08-15,85.40132141113281,85.4358095932135,84.71849855562887,84.98748953695339,36208500
2005-08-16,84.29092407226562,85.19445819855227,84.20815553878731,85.13928443839458,71942100
2005-08-17,84.28400421142578,84.7461218295864,84.16675276506618,84.27711078198807,62275100
2005-08-18,84.27713012695312,84.53232389088238,84.03572322506392,84.18056947106187,53388600
2005-08-19,84.47028350830078,84.71168523967827,84.28405555683595,84.58063633028918,39842100
2005-08-22,84.47028350830078,84.99447388369411,84.06334465069608,84.54615337561415,69912000
2005-08-23,84.3116226196289,84.56682167462903,83.55982810471546,84.49095182752525,55168600
2005-08-24,83.55979919433594,84.64956092827542,83.51841230704112,84.10468006130567,79104600
2005-08-25,83.8632583618164,83.91843736032969,83.60116601211675,83.69772662843552,35631100
2005-08-26,83.29083251953125,83.79432664678241,83.23565349507152,83.78743321534598,61956800
2005-08-29,83.9322509765625,83.99432341527779,83.02871180314706,83.0494078782121,56179200
2005-08-30,83.49083709716797,83.66326757009715,83.03561812279796,83.62877937064714,74160200
2005-08-31,84.54610443115234,84.60128344128448,83.2770135089134,83.58739149428663,102945200
2005-09-01,84.48401641845703,84.93923530325043,83.5528931002953,84.5047072291914,74578700
2005-09-02,84.33226776123047,84.75299840831516,84.17363472114472,84.73230759979606,47653400
2005-09-06,85.31855773925781,85.38753410730612,84.5943532341733,84.60125192340975,57251300
2005-09-07,85.46343994140625,85.61517433348621,85.15306194078019,85.270313396453,41749700
2005-09-08,85.18063354492188,85.52549440947621,85.04958473250028,85.29099154741567,39068700
2005-09-09,85.93937683105469,86.03593750882719,85.38760228123496,85.40829310330588,43093900
2005-09-12,85.76696014404297,85.98767105203551,85.71178110150404,85.83593131613505,33017600
2005-09-13,85.29100799560547,85.81519282206138,85.19444209372128,85.61517285058734,58427500
2005-09-14,84.9806137084961,85.47031550526009,84.84956489592572,85.34616538339321,57694600
2005-09-15,84.93927001953125,85.28413103848008,84.76683951005683,85.24274413793638,73156900
2005-09-16,85.54322052001953,85.70945687779096,85.1068480991601,85.40469110263643,75424100
2005-09-19,85.25928497314453,85.57791235696133,84.94759093472805,85.5224984393791,53355300
2005-09-20,84.53886413574219,85.61940832550448,84.41418555349591,85.33541616639309,84480300
2005-09-21,83.749267578125,84.41421851489724,83.65921867077773,84.35880461569282,94469100
2005-09-22,84.04708099365234,84.26873652611403,83.42369330455946,83.77694491916309,84597200
2005-09-23,84.11634826660156,84.42804210105706,83.74231249451981,83.97781356329799,59368100
2005-09-26,84.21334838867188,84.67049985273741,83.86701944015905,84.51811426986211,70415400
2005-09-27,84.19255065917969,84.49731647217847,83.82543761686705,84.17176648788868,66150800
2005-09-28,84.27568054199219,84.58737974966938,83.95013050232404,84.45577306523501,58620500
2005-09-29,84.96141052246094,85.09993997228594,83.86700990134027,84.19255992144474,66607700
2005-09-30,85.2246322631836,85.2246322631836,84.3241748411852,84.93371720114494,47824200
2005-10-03,84.91983795166016,85.43240320009404,84.81593823364484,85.16919516107322,50994800
2005-10-04,83.9639663696289,85.21767510258114,83.9224085991183,85.0514387359799,60776300
2005-10-05,82.8626480102539,84.02631328770106,82.82109023466776,83.98475551211492,106052100
2005-10-06,82.56482696533203,83.29904799863128,81.8513901099261,82.96656985162925,140941800
2005-10-07,82.84880065917969,83.15357178510227,82.51632258684961,82.91113732517675,75661400
2005-10-10,82.14923858642578,82.91808939708365,81.94144435502928,82.89731050240012,52677000
2005-10-11,82.03150939941406,82.6964606256103,81.95531657598467,82.41939629355456,75629800
2005-10-12,81.38729858398438,82.51632899381418,81.32496191314719,82.00376365687698,100510400
2005-10-13,81.33880615234375,81.78903478195112,80.95784224623912,81.3595850409386,99052900
2005-10-14,82.1977310180664,82.29470272406267,81.42888014583775,81.81677225438443,88651000
2005-10-17,82.50249481201172,82.61331734405233,82.04533799537113,82.28777252304722,68109300
2005-10-18,81.60894775390625,82.39857728089895,81.59509692209936,82.38472644909207,74996900
2005-10-19,82.966552734375,82.98040885011183,81.12408568336005,81.38729375220225,116563800
2005-10-20,81.50503540039062,82.98732254855294,81.24875541744169,82.76567228203967,131966700
2005-10-21,81.82366180419922,82.27389041896531,81.39421736190252,81.93448958579803,96579500
2005-10-24,83.09123992919922,83.18128355254306,82.01762336941535,82.03840226060545,71308400
2005-10-25,82.92498779296875,83.2851675026162,82.3847155862179,82.92498779296875,76594500
2005-10-26,82.68255615234375,83.4929644381451,82.5578775480236,82.77952781297506,80855800
2005-10-27,81.80288696289062,82.68256534802859,81.68513640253664,82.56480950311486,66623100
2005-10-28,82.98039245605469,83.08428688075607,81.80287122537126,82.03144952883177,72322000
2005-10-31,83.20897674560547,84.01939035995785,83.20897674560547,83.31980452637687,77698900
2005-11-01,83.45832061767578,83.74231279705513,83.27130537323856,83.52066255552725,66365100
2005-11-02,84.33110809326172,84.33110809326172,83.20900027614968,83.23670722917774,74012300
2005-11-03,84.6912612915039,84.9614026774705,84.33108158448059,84.60814574310737,84897600
2005-11-04,84.58043670654297,84.82286585763477,84.19255006479611,84.7813080844645,59156000
2005-11-07,84.66358184814453,84.93371802043772,84.40036845032812,84.76055353642616,46765400
2005-11-08,84.66358184814453,84.79518326249207,84.35881066522475,84.45578235350638,42152800
2005-11-09,84.77436065673828,85.16224720985427,84.40725298545951,84.55963849834306,57666800
2005-11-10,85.43241882324219,85.55709745074888,84.33109535073318,84.73976095588503,79048100
2005-11-11,85.72333526611328,85.77874387672973,84.80209907590584,85.43934301675434,34867000
2005-11-14,85.67485046386719,85.90342353625087,85.46012293860498,85.74411519139436,45092200
2005-11-15,85.36317443847656,85.95193270914,85.09996628859071,85.57790202203535,69592500
2005-11-16,85.53633117675781,85.57789424843064,85.18307941718479,85.453215602534,51133000
2005-11-17,86.3328857421875,86.33981380130649,85.29389882588913,85.66793474990382,55717500
2005-11-18,86.6722640991211,86.77616382062367,86.1181410587063,86.6237782670278,72437200
2005-11-21,87.10865783691406,87.21255757745833,86.56838552755626,86.68613610071161,50021200
2005-11-22,87.48270416259766,87.635084477729,86.87316176382843,86.97013345734882,66438800
2005-11-23,87.98831176757812,88.25152509059957,87.42033263280015,87.44803957651605,50854700
2005-11-25,88.05758666992188,88.11992862163332,87.8359363791163,87.95369222466908,15270000
2005-11-28,87.43419647216797,88.15455593419183,87.30258979902916,88.14070510338968,54498500
2005-11-29,87.33723449707031,87.95370490696622,87.33723449707031,87.72512652533116,51738900
2005-11-30,86.86624145507812,87.6350869656567,86.78312059346048,87.38573494992596,56007200
2005-12-01,87.75284576416016,87.98834695308068,87.26105920680145,87.28876087703576,65468200
2005-12-02,87.86363983154297,88.02295344886069,87.62121066132867,87.80822593990554,46699400
2005-12-05,87.6766357421875,87.78053548112739,87.39957153320121,87.75975130569121,59273400
2005-12-06,87.84285736083984,88.48010123500298,87.71125069470814,88.0021709716603,57935200
2005-12-07,87.33028411865234,87.87748433601469,87.05321998163156,87.80821433834033,66816500
2005-12-08,87.27488708496094,87.8428662974648,86.91470733648332,87.4272726539722,62608600
2005-12-09,87.50345611572266,87.81514999399378,87.15019917833855,87.38570556478106,50744500
2005-12-12,87.58657836914062,87.8705706091537,87.24717752033453,87.76667088025722,48389900
2005-12-13,88.18226623535156,88.45240236502805,87.47575757724991,87.56580119228879,88630900
2005-12-14,88.5285873413086,88.72253067017127,88.06450790659301,88.09914290870108,64375000
2005-12-15,88.27230834960938,88.66019501172666,88.09221584881516,88.54936723137347,55900300
2005-12-16,87.98820495605469,88.68453452657582,87.98820495605469,88.6288268859166,46238300
2005-12-19,87.53556060791016,88.34330519155095,87.52163635865519,88.24581950905241,48733000
2005-12-20,87.619140625,88.14834721007256,87.37542636706233,87.64002965959861,46603200
2005-12-21,87.75846099853516,88.26678418943231,87.59830808827121,87.89076538642124,51806900
2005-12-22,88.21802520751953,88.21802520751953,87.7932635989981,87.95341648003578,32247900
2005-12-23,88.26673126220703,88.3363631515501,88.02997646335345,88.28065551504659,27977300
2005-12-27,87.36846923828125,88.46867119914766,87.30579681642286,88.40599877728928,44499500
2005-12-28,87.56346893310547,87.73058659106327,87.3893864898985,87.5565041478563,30764300
2005-12-29,87.17350006103516,87.7096714892829,87.08297381741522,87.54255388097585,32788900
2005-12-30,86.69999694824219,87.08297502729057,86.59554644938424,86.9019331626814,44645600
2006-01-03,88.22494506835938,88.4338460423072,86.61642563170753,87.17349135385341,73256700
2006-01-04,88.64279174804688,88.77509080657492,88.22498958931584,88.33640491499749,51899600
2006-01-05,88.69844818115234,88.84467673597898,88.35028343749683,88.53829537411134,47307500
2006-01-06,89.43659973144531,89.5340854768255,88.68456228487698,89.14414249530473,62885900
2006-01-09,89.6663589477539,89.86828984178266,89.39479084880728,89.42263935568701,43527400
2006-01-10,89.75687408447266,89.81258172308023,89.31122360075777,89.40174984163828,44960800
2006-01-11,90.0423583984375,90.13288462589679,89.63848604726904,89.8404275354253,49598900
2006-01-12,89.68727111816406,90.02150641266213,89.4365919910034,89.8822425920503,40509200
2006-01-13,89.60369873046875,89.75689211112028,89.26946345684165,89.52711266529076,44856700
2006-01-17,89.35997772216797,89.42264483534677,88.99788335966873,89.26945147525657,52066600
2006-01-18,89.0048828125,89.75691502644494,88.54530786578782,88.83776513302058,75067600
2006-01-19,89.34608459472656,89.66640101241296,88.99791965709602,89.2207503172519,81530400
2006-01-20,87.71666717529297,89.3460763836214,87.71666717529297,89.32518733929537,114957800
2006-01-23,88.0300064086914,88.30853937338541,87.82807014210262,87.8837777975563,67017400
2006-01-24,88.12052917480469,88.53832594895414,88.03000291014659,88.17623151547019,53008800
2006-01-25,88.19711303710938,88.55920210533483,87.62611764334393,88.4617163826367,87747700
2006-01-26,88.68453216552734,88.90039262661868,88.26673549685228,88.60793548980341,71294000
2006-01-27,89.5062026977539,89.58976947540327,88.74720597879599,88.89343987082245,65771200
2006-01-30,89.43659973144531,89.69423835313238,89.37393260051861,89.43659973144531,33709600
2006-01-31,88.78202056884766,89.50619864979595,88.77505578559632,89.35301591885076,72937000
2006-02-01,89.4017562866211,89.42960479535967,88.93521673293868,89.00484862993152,63561000
2006-02-02,88.3642349243164,89.22768221527201,88.29460302082501,89.1998337039344,83626900
2006-02-03,87.92552947998047,89.40175003076698,87.8350085514813,88.14139525189825,86040400
2006-02-06,88.15531921386719,88.29458831022033,87.85589729742397,88.0439092493575,45511900
2006-02-07,87.37545776367188,88.1971270660923,87.31975010967658,88.00215027710881,71208100
2006-02-08,88.16927337646484,89.19984372668611,87.45901406835408,87.63309650292985,59422200
2006-02-09,88.02303314208984,88.8516618086676,87.99517931872798,88.37815743666306,62023300
2006-02-10,88.18318176269531,88.52438178553464,87.35454782322645,88.03695318147845,64508700
2006-02-13,88.02303314208984,88.28763649516719,87.70271682971517,88.15533216234172,52308700
2006-02-14,88.95610809326172,89.15107953496124,87.883759851341,88.05784225465462,90964400
2006-02-15,89.26945495605469,89.35302173536455,88.600979159883,88.90736589201003,85471300
2006-02-16,89.93792724609375,89.97274584862988,89.25551663685181,89.36693191490916,61017900
2006-02-17,89.69424438476562,89.9379640771801,89.534091497689,89.86136737029126,40342600
2006-02-21,89.471435546875,90.10508770109185,89.33216106228532,89.90315669867906,46456300
2006-02-22,90.01456451416016,90.27916263743613,89.58283277328266,89.66639958208343,42326700
2006-02-23,89.88223266601562,90.27217557072524,89.32516681993877,90.01453699978795,43423200
2006-02-24,90.11199951171875,90.16073704967827,89.65937897988144,89.90309854511264,36777400
2006-02-27,90.14684295654297,90.55070481144377,90.02149809197404,90.10505425158836,35858600
2006-02-28,89.29036712646484,90.46020671354471,89.22074052167348,89.96580788132327,74394800
2006-03-01,90.08417510986328,90.16774190380711,89.47837163580074,89.54800885989584,48641600
2006-03-02,90.07720947265625,90.11898755419458,89.55496220313137,89.75689313894925,60642300
2006-03-03,89.65939331054688,90.57159398968987,89.58279663138667,89.59672619809204,73402500
2006-03-06,89.24857330322266,89.95186245097143,89.02574801939232,89.92401393899473,57478400
2006-03-07,89.10929870605469,89.17196581927692,88.71239105126102,89.03270202595651,61780800
2006-03-08,89.29734802246094,89.43661187403309,88.55923473391738,88.92132393555023,66692400
2006-03-09,88.69844818115234,89.60367332711324,88.69844818115234,89.32514578224674,56313600
2006-03-10,89.54102325439453,89.71510565933355,88.7402484417338,88.92825510153563,60490800
2006-03-13,89.70814514160156,89.9379351884578,89.49924413308256,89.71510461266509,45479100
2006-03-14,90.64816284179688,90.68298143937983,89.55493112867299,89.62456832383889,69877300
2006-03-15,91.05203247070312,91.12166966378282,90.41838076431098,90.6272710932623,53398900
2006-03-16,91.24005126953125,91.54643794194696,91.10774696779312,91.22612170483652,65526400
2006-03-17,91.3162612915039,91.51200805805857,91.14848444439917,91.35820550328008,47286800
2006-03-20,91.1694564819336,91.51200798944807,91.0296388869849,91.33024618275465,45538500
2006-03-21,90.5962142944336,91.57495905120179,90.49834088549692,91.14151052528096,87102700
2006-03-22,91.14850616455078,91.23938175592139,90.49833872489272,90.54028294666396,51605700
2006-03-23,90.959716796875,91.15546354615515,90.64512456891745,91.06457731706159,46704200
2006-03-24,91.0296401977539,91.281316139245,90.7010629778239,90.87583764087607,43209200
2006-03-27,90.89679718017578,91.0785589643571,90.70105043801208,90.90378432546827,32523000
2006-03-28,90.3375473022461,91.25336501852335,90.2187017869751,90.83390147382487,82079900
2006-03-29,90.90379333496094,91.23237054202909,90.38645651231357,90.4703556011257,61505700
2006-03-30,90.7430191040039,91.56795050156563,90.56824441800521,90.95973800785825,70571700
2006-03-31,90.76398468017578,91.05061770475925,90.44239458742857,90.89681513875834,62925600
2006-04-03,90.69403839111328,91.49101019266769,90.5262615912465,90.93173996991743,61624700
2006-04-04,91.27432250976562,91.39316800600135,90.43540622213752,90.69406932174468,54809300
2006-04-05,91.58891296386719,91.77767259173669,91.14848805537052,91.30927776268203,50607200
2006-04-06,91.49103546142578,91.72873710588036,91.01565350731397,91.47706116917449,57906200
2006-04-07,90.56121063232422,91.86153420635927,90.42839088433772,91.62384328798844,80180900
2006-04-10,90.70103454589844,90.93872545296504,90.36545961750328,90.70103454589845,41496500
2006-04-11,89.93207550048828,90.92479458588981,89.65942737609915,90.7779898013582,72799400
2006-04-12,90.09981536865234,90.27458998836659,89.91105579249003,90.02291410928224,43033700
2006-04-13,89.98099517822266,90.35850376917321,89.70134930770445,89.89709608336759,51051800
2006-04-17,89.94599914550781,90.40040882057133,89.49857661390566,90.06484458871836,64167700
2006-04-18,91.37220001220703,91.53998754424576,90.13479229849602,90.13479229849602,92531800
2006-04-19,91.54700469970703,91.63090382692796,91.05065042258185,91.40718704420995,87269000
2006-04-20,91.67281341552734,92.18315246557638,91.30229196814113,91.58192717346681,86005500
2006-04-21,91.68680572509766,92.13422854197702,91.31628420490387,92.0643250606092,72342600
2006-04-24,91.51900482177734,91.63086316349647,91.14848339880646,91.50501986221279,52546400
2006-04-25,91.14149475097656,91.66581877969028,90.82690246722827,91.6098896032062,84359800
2006-04-26,91.16248321533203,91.67982019008201,91.09257973273442,91.23239736533124,67262400
2006-04-27,91.60289764404297,92.02236111193722,90.59619385501607,90.81291273538176,124478600
2006-04-28,91.91050720214844,92.10625398530968,91.3791960289107,91.43511453775709,55854400
2006-05-01,91.16248321533203,92.14122797831294,91.10656469621458,91.91052408419748,64990300
2006-05-02,91.84759521484375,91.90352439372992,91.40017245115449,91.58892142907018,49063500
2006-05-03,91.50502014160156,91.80563810246478,91.19741503463402,91.68678194690118,60821300
2006-05-04,91.83360290527344,92.01536472155986,91.56095484714416,91.63785612853442,42921400
2006-05-05,92.64454650878906,92.84029325716405,92.17615174179193,92.3159693238601,62588200
2006-05-08,92.53269958496094,92.81933259734953,92.53269958496094,92.63756011759138,30016700
2006-05-09,92.7144775390625,92.81934875735024,92.49775862229579,92.5746599154131,29864000
2006-05-10,92.66554260253906,92.80536022080405,92.20413486160415,92.56766920301351,64378200
2006-05-11,91.54700469970703,92.66556727849044,91.24639727375846,92.63759734694902,80626900
2006-05-12,90.35155487060547,91.38621836102199,90.31659778856765,91.13454230471487,91726500
2006-05-15,90.53329467773438,90.70108223014284,89.91109717189617,90.03692983565169,84029300
2006-05-16,90.40043640136719,90.88281613223734,90.19070469219784,90.71502863142229,62137600
2006-05-17,88.68065643310547,90.25363361839814,88.62472726496104,89.95301567304658,144789500
2006-05-18,88.23321533203125,89.30982759236655,88.16330655329736,89.03018714373306,87906300
2006-05-19,88.85545349121094,89.12810158754876,87.94662828131838,88.6946637593709,124309400
2006-05-22,88.17733764648438,88.90440110385413,87.73690728304449,88.28220354264654,110852800
2006-05-23,87.50617218017578,89.22595412950832,87.50617218017578,88.91136188688253,92006500
2006-05-24,88.2052993774414,88.7086513957176,87.21957278640124,87.86274243922044,168405000
2006-05-25,89.29589080810547,89.29589080810547,88.38706024747691,88.7296171611967,78977900
2006-05-26,89.75029754638672,89.75029754638672,89.14207973674272,89.49162376483125,62989700
2006-05-30,88.15631103515625,89.48459912008455,88.12135931384361,89.46362702055742,72419900
2006-05-31,89.14205932617188,89.14205932617188,88.22623658106298,88.51986203134683,86926200
2006-06-01,89.99497985839844,90.14179529079081,88.97429631484816,89.0511976046917,73721700
2006-06-02,90.1837387084961,90.48434605050556,89.70835667906704,90.35851339591565,91702600
2006-06-05,88.86943817138672,90.08586854608453,88.62474933325007,90.0788813986009,86105100
2006-06-06,88.65267944335938,89.05116537665272,87.91862921555493,88.93231991125081,130498600
2006-06-07,87.98857116699219,89.23995859890917,87.93963446669153,88.72262700520226,108599400
2006-06-08,87.91167449951172,88.4359986018945,86.59737066967111,87.79282898305976,204957200
2006-06-09,87.63201904296875,88.75756835180778,87.590074828679,88.33811020781117,94972200
2006-06-12,86.68122863769531,88.0374815458209,86.56238316302623,88.00252448447176,95815900
2006-06-13,85.67450714111328,87.27543771035224,85.67450714111328,86.5064305722088,185688800
2006-06-14,86.33866119384766,86.42954207497304,85.52770440707451,85.87725364267713,163566400
2006-06-15,88.17032623291016,88.33810842037396,86.5903617443357,86.65327806449727,134057000
2006-06-16,87.52783203125,88.16682103185609,87.39441444943408,87.97723241946919,94253500
2006-06-19,86.83966827392578,88.11063336187107,86.75540906534377,88.0544569846336,95804400
2006-06-20,87.13459777832031,87.64017452598205,86.87479137435936,87.07842675090505,65494700
2006-06-21,87.78060913085938,88.26511568121937,87.04330886770028,87.07139705801129,75008200
2006-06-22,87.39440155029297,87.81571368240468,87.0994835935422,87.73847249983552,74566100
2006-06-23,87.3803482055664,87.98423081015653,87.09244831760599,87.3031070335416,54107000
2006-06-26,87.76658630371094,87.8157393108477,87.24696803436846,87.45060345172824,37899600
2006-06-27,87.00820922851562,87.97722775980056,86.90989787635418,87.78061577002752,69780200
2006-06-28,87.59803009033203,87.61207150549063,86.8256236820324,87.20480617860291,62368100
2006-06-29,89.36752319335938,89.42369955605972,87.89292849474893,87.91399329144335,110634800
2006-06-30,89.37460327148438,89.64143848493755,89.14990303542056,89.55717388743504,54227800
2006-07-03,89.73971557617188,89.88716919903686,89.39563926523864,89.47990383557882,23914000
2006-07-05,89.22711944580078,89.49394922782038,88.84091351117726,89.38160181965019,69653400
2006-07-06,89.48692321777344,89.77481777832175,89.23413487533996,89.31839408463496,50100300
2006-07-07,88.90406799316406,89.5711447870403,88.67936793401157,89.31133852452547,81626500
2006-07-10,89.0726318359375,89.4799025508224,88.76367246367518,89.13583160210383,60964100
2006-07-11,89.46585845947266,89.46585845947266,88.43364028690706,88.90410539661644,73640800
2006-07-12,88.51091003417969,89.45886394608993,88.27918641916635,89.28331672694819,82561300
2006-07-13,87.07138061523438,88.25105759915108,87.07138061523438,88.08955187468054,102405700
2006-07-14,86.73431396484375,87.25393726895759,86.24980758299795,87.16264934287865,103242500
2006-07-17,86.60794830322266,87.14161319441227,86.47453609838107,86.73434247857614,81159000
2006-07-18,87.05033111572266,87.10650749560972,85.94087172068807,86.8677605597269,122771000
2006-07-19,88.25812530517578,88.65837276728527,86.87481230325886,87.19781855713002,133565300
2006-07-20,87.65423583984375,88.68645431131954,87.5348650205335,88.56006010343933,112259800
2006-07-21,87.03628540039062,87.90700322740393,86.94500279992006,87.87891503711887,101560000
2006-07-24,88.62323760986328,88.70047879755944,87.38036593404506,87.38036593404506,92884000
2006-07-25,88.9392318725586,89.38863225522466,88.27917271670992,88.4617432963165,95480700
2006-07-26,89.05857849121094,89.49393198022027,88.60215484478535,88.8900493755231,84525800
2006-07-27,88.97432708740234,89.66247435167966,88.6162093602134,89.444792217719,87257100
2006-07-28,89.86614227294922,89.97848971678354,89.07968873700328,89.20608295961465,82137000
2006-07-31,89.77482604980469,89.85206723695795,89.49394949263598,89.64141383703748,49593100
2006-08-01,89.33242797851562,89.44477536046976,88.89706914991889,89.41668717566286,65225600
2006-08-02,89.93632507324219,90.20316019333475,89.56416593971767,89.58523074240406,64770900
2006-08-03,90.17507934570312,90.26636731323231,89.28330197698966,89.41671419854949,63693800
2006-08-04,90.02058410644531,90.88427315853008,89.51501277114595,90.63851355615729,96294200
2006-08-07,89.80992126464844,89.93631542448102,89.45882697147724,89.80992126464844,45377300
2006-08-08,89.46585845947266,90.20315868481215,89.14284696610207,89.94334159844391,90901300
2006-08-09,89.16390228271484,90.30144963485927,88.90409059687136,90.00652102218105,78910600
2006-08-10,89.43778991699219,89.5290725329164,88.67240133465306,88.88306011881714,69322300
2006-08-11,89.18498229980469,89.3183945009016,88.74962340641265,89.29732969847969,47482200
2006-08-14,89.25520324707031,89.99250350153238,89.1217856839854,89.62033900225735,57839000
2006-08-15,90.32255554199219,90.49107400930951,89.80995532237355,90.05572034933765,68143000
2006-08-16,91.07386779785156,91.2072853586616,90.61042070700056,90.80704339078025,71737600
2006-08-17,91.30563354492188,91.54437523011367,90.92645620459099,90.98965064222052,70992800
2006-08-18,91.7690658569336,91.7690658569336,90.99665380803327,91.41797141917016,58288400
2006-08-21,91.37582397460938,91.48114799957014,91.14410040514585,91.4109248398964,42133600
2006-08-22,91.36878967285156,91.64967157991342,91.05982493235814,91.27751242828701,60839900
2006-08-23,91.1159896850586,91.5934835088488,90.71574775108162,91.41090761392263,66592100
2006-08-24,91.03877258300781,91.35476611099983,90.86322538503475,91.27752491530967,57983000
2006-08-25,91.1511459350586,91.46011078755619,90.96858066519778,91.03177509923964,41756000
2006-08-28,91.58646392822266,91.86032779801059,91.03173958821758,91.03875761774461,52681500
2006-08-29,91.69181060791016,91.86735779990387,91.15112225649538,91.62861619028448,61817800
2006-08-30,91.74796295166016,92.01478732767254,91.67072177884269,91.89541655414509,50052200
2006-08-31,91.7339859008789,91.97975637787776,91.69185626814897,91.88145032998935,37510300
2006-09-01,92.28163146972656,92.39398422567169,91.87436076533689,92.08501950409686,48794500
2006-09-05,92.45718383789062,92.58358337408178,92.12715429531536,92.3448310756205,52348300
2006-09-06,91.6426773071289,92.09910655983478,91.51628843732166,92.06399496892614,53795600
2006-09-07,91.22134399414062,91.68479114525661,90.8281200045453,91.32666802187148,86269400
2006-09-08,91.48116302490234,91.60756259016561,91.16518018357156,91.34072739703883,45096300
2006-09-11,91.57244110107422,91.76905310173001,90.91939996603502,91.18623513030377,68496600
2006-09-12,92.47125244140625,92.57657648430501,91.54435800569047,91.67777560306335,69875600
2006-09-13,92.84341430664062,93.00491474850662,92.35188423494934,92.436143471653,62898400
2006-09-14,92.85041809082031,92.85744683583508,92.51337048117173,92.66083483732754,57805400
2006-09-15,93.06834411621094,93.37160801649121,92.87085668420087,93.31518457329854,76703100
2006-09-18,93.19529724121094,93.37161648154634,92.8497076559515,92.94844600007244,64154100
2006-09-19,92.96253967285156,93.18823342995876,92.44064169246484,93.18117377400499,92089100
2006-09-20,93.45626068115234,93.63963960684268,93.13888815195436,93.27289251713606,75204100
2006-09-21,93.00484466552734,93.62549166986028,92.68747226982782,93.52675335205,88932500
2006-09-22,92.72274780273438,92.87084991385592,92.39126682418723,92.86380101959747,65966800
2006-09-25,93.43511962890625,93.69607950857298,92.42657840729518,92.9061617335135,92299100
2006-09-26,94.21088409423828,94.22499264468277,93.37865180474718,93.44918379529875,73962700
2006-09-27,94.32372283935547,94.48593348962899,93.99224188335965,94.14740363985429,82432200
2006-09-28,94.28849792480469,94.50008320871923,93.99933172884396,94.32376393240288,58597500
2006-09-29,94.21088409423828,94.4647841938848,94.14035210368671,94.3660458641151,47966600
2006-10-02,93.8582534790039,94.38721116716668,93.76656403598741,94.18267483454092,51687400
2006-10-03,94.05573272705078,94.41542009063573,93.55498136676083,93.72425170580362,73108100
2006-10-04,95.15596771240234,95.2123911615284,93.85826066752071,93.96404790858672,80890500
2006-10-05,95.33931732177734,95.5015387421145,95.03605344854522,95.15594921900934,60505900
2006-10-06,95.21945190429688,95.28293501850763,94.78923246764604,95.17713700260562,64983600
2006-10-09,95.27584075927734,95.42395362308069,94.95846835017869,95.10658121398204,41176800
2006-10-10,95.40283203125,95.5297767379259,95.09955729584536,95.28293622105366,56403700
2006-10-11,95.28995513916016,95.51563813391951,94.71868261549388,95.09952737738118,104071800
2006-10-12,96.11512756347656,96.19270844688354,95.49448049622067,95.52974649080032,59158600
2006-10-13,96.36196899414062,96.41839242741341,95.94584751896248,96.03048804970642,53944000
2006-10-16,96.51005554199219,96.65816837568057,96.2138406362832,96.28437260692867,42273000
2006-10-17,96.20683288574219,96.41135846940887,95.68492406011299,96.2491477815579,90500600
2006-10-18,96.33378601074219,96.8839012278738,95.98820715686429,96.65115851882992,86848600
2006-10-19,96.48894500732422,96.53831956311105,96.07988305440068,96.19272995762228,64063200
2006-10-20,96.51005554199219,96.5876364050351,96.15036831970293,96.51005554199219,48094500
2006-10-23,96.95442199707031,97.18716467913747,96.1927216089429,96.31261739758258,66219900
2006-10-24,97.24359893798828,97.27885417964119,96.77811352209845,96.82042842142057,53234900
2006-10-25,97.57508087158203,97.61739577128289,96.98263999074997,97.14486145516774,78105400
2006-10-26,97.87834167480469,98.03350347649268,97.31411791972768,97.79371187812869,66843700
2006-10-27,97.26470184326172,97.85713162489336,97.06722524938449,97.75839332795475,80238000
2006-10-30,97.1942367553711,97.46929439765735,96.90507055762347,97.08844949359741,49717800
2006-10-31,97.1800765991211,97.51155752556808,96.79923189728251,97.37756398569432,71274100
2006-11-01,96.52417755126953,97.54682669825733,96.4254392355949,97.48335437282421,83005600
2006-11-02,96.46778869628906,96.62999939553822,96.17157364309243,96.27736089006511,60693100
2006-11-03,96.29852294921875,96.89801274188954,95.64966935948874,96.81338294026023,71346400
2006-11-06,97.38465118408203,97.52570443425708,96.58768471616695,96.59474437376325,63303300
2006-11-07,97.7584457397461,98.0193947869164,97.32822633778606,97.469279585941,63318900
2006-11-08,97.97002410888672,98.06876245182455,96.52420420312576,97.32821949895458,87517800
2006-11-09,97.45516204833984,98.13223264340739,97.25768536679348,98.04054319780657,95916300
2006-11-10,97.49752044677734,97.56804170720004,97.13077330288216,97.42698842467901,48991500
2006-11-13,97.7372817993164,98.0617031723588,97.37759442615923,97.45516456007053,59398200
2006-11-14,98.47078704833984,98.55542761981717,97.41287137910825,98.01236122967603,96704000
2006-11-15,98.75286865234375,99.05613253562623,98.40727911778555,98.43549621863603,76509600
2006-11-16,99.00680541992188,99.21837994630548,98.37910921440934,99.04912032519859,76728800
2006-11-17,99.0350112915039,99.04206018845774,98.54836835982108,98.68942163062088,56353800
2006-11-20,99.0914306640625,99.26070103904372,98.6964772174473,98.95037739908197,69174200
2006-11-21,99.19013977050781,99.21129721593098,98.94328855834263,99.08435254339194,51367900
2006-11-22,99.38764190673828,99.55691227517558,99.09142683322844,99.26774609805625,45505300
2006-11-24,98.98563385009766,99.33121270168813,98.87983584031983,98.90805294759656,30998000
2006-11-27,97.62439727783203,98.98558687360051,97.59619094561471,98.936212340135,84545100
2006-11-28,98.04755401611328,98.14629230770386,97.40574973994117,97.49743913987052,106652900
2006-11-29,99.07028198242188,99.11259688949445,98.08994717576446,98.36500483341149,90034900
2006-11-30,99.11257934570312,99.47932641154016,98.56951302382353,99.0491069963294,83994300
2006-12-01,98.89395141601562,99.20427504805488,98.01235508030138,99.11258558540491,126080000
2006-12-04,99.64855194091797,99.83193079197757,98.90096027276023,98.91506882168859,87813200
2006-12-05,100.07878112792969,100.12110677890968,99.62740437251306,99.83898958073007,73374400
2006-12-06,99.9941635131836,100.19869985195363,99.79668683127102,100.05763585486862,53253200
2006-12-07,99.5569076538086,100.36092303363458,99.52164165014528,100.1704952231914,62857400
2006-12-08,99.74024963378906,100.07877950444218,99.2888728856947,99.53572408488857,79625500
2006-12-11,100.02941131591797,100.21277941243079,99.68382180460178,99.74024524083728,39779400
2006-12-12,99.95182037353516,100.05760757978267,99.36643938840457,99.93066293228566,77451600
2006-12-13,100.05764770507812,100.38912876647679,99.83901355004353,100.31154786356065,55520200
2006-12-14,100.93924713134766,101.02388769459743,100.03649337562345,100.05060192977736,64755200
2006-12-15,100.94847106933594,101.33853688770664,100.8775568979451,101.16123522677765,70857400
2006-12-18,100.67183685302734,101.33140437027936,100.52999775068567,101.09026599250569,48954600
2006-12-19,100.86331939697266,101.10444693830382,100.13283778423879,100.38815248142154,65023600
2006-12-20,100.80659484863281,101.17538519785626,100.7143945559193,100.90588330938944,41469600
2006-12-21,100.4378433227539,101.01229898358437,100.22508998291653,100.8988341428827,48698400
2006-12-22,99.8207778930664,100.45905917794087,99.76404009549093,100.45197101135457,62069100
2006-12-26,100.40943145751953,100.43070678125638,99.84206424073466,99.8633395644715,32696900
2006-12-27,101.0689926147461,101.13282941041466,100.5867374931706,100.61510098553326,39727100
2006-12-28,100.85624694824219,101.20375115854566,100.70022067444563,100.9980860639761,37288800
2006-12-29,100.4378433227539,101.09031214873634,100.30309232643371,100.74989598336177,45461200
2007-01-03,100.2605209350586,101.31724253158191,99.693164383916,100.88462612727453,94807600
2007-01-04,100.47330474853516,100.7428067383017,99.72154743143344,100.1612520912549,69620600
2007-01-05,99.67189025878906,100.28180836432743,99.55842542784977,100.23216952984784,76645300
2007-01-08,100.13286590576172,100.28889219906043,99.46621007469122,99.87046296777396,71655000
2007-01-09,100.04779052734375,100.42366919820094,99.57261253352388,100.21799320297114,75680100
2007-01-10,100.38105010986328,100.40233625373791,99.50164126602569,99.70021815473926,72428000
2007-01-11,100.82079315185547,101.14702206399225,100.35271429013036,100.40945210563933,54476800
2007-01-12,101.58673858642578,101.58673858642578,100.78533181297283,100.81369531023464,55370600
2007-01-16,101.38815307617188,101.72856912271727,101.22502781039238,101.46616621409176,44871300
2007-01-17,101.43073272705078,101.74278536794222,101.22505674935682,101.31016890154892,50241400
2007-01-18,101.0903091430664,101.60093878676336,100.9271946468293,101.53711278670986,68177300
2007-01-19,101.2889175415039,101.48749457422691,101.03360266776907,101.09032968714422,56973000
2007-01-22,100.97685241699219,101.48748210170693,100.65770074781898,101.46620676664676,60253600
2007-01-23,101.27466583251953,101.47324273868757,100.74984925385843,100.8916883551742,54064400
2007-01-24,102.09025573730469,102.11153106287018,101.35268586722992,101.3952365183609,55834700
2007-01-25,100.89168548583984,102.06897055437564,100.7143839088301,102.02641990735401,73583800
2007-01-26,100.79954528808594,101.16832495692604,100.40947946370243,101.11159794759274,67255600
2007-01-29,100.74279022216797,101.27469512215657,100.5229379283006,100.84207870396719,66114600
2007-01-30,101.26757049560547,101.31722013475297,100.74985288739802,100.95552879010889,70407600
2007-01-31,101.94844055175781,102.21794250100851,100.99100739009678,101.15413268655539,91868600
2007-02-01,102.55835723876953,102.59381972976988,102.0619148296632,102.23211747185228,69312400
2007-02-02,102.70020294189453,102.79949143005861,102.3952493074026,102.64346511699598,49607000
2007-02-05,102.72852325439453,102.79234921573554,102.3668211635397,102.62213583053162,45705300
2007-02-06,102.7569808959961,102.85626942293484,102.35982678824105,102.8137187430522,57081300
2007-02-07,102.98387908935547,103.09025573411472,102.52998736899568,102.9200422808677,55669700
2007-02-08,102.84913635253906,102.92005051417406,102.31723144292755,102.67892288567546,70641000
2007-02-09,102.08322143554688,103.06901838623484,101.69315555830282,102.87752953347209,79084400
2007-02-12,101.73565673828125,102.15408592047314,101.55126696857742,102.08317177287826,65657000
2007-02-13,102.59381103515625,102.76401366292102,101.95551871614244,101.96261770672062,64081800
2007-02-14,103.26754760742188,103.47321270841786,102.67890497818344,102.6930921366894,66039400
2007-02-15,103.40231323242188,103.5086898822339,103.13989946016433,103.3101129214963,38715200
2007-02-16,103.35267639160156,103.37395172420096,102.99807308609941,103.14701123592931,39841800
2007-02-20,103.57254791259766,103.68602358858968,102.83497766192168,103.23213170625768,56911800
2007-02-21,103.52997589111328,103.59381270921787,103.08318309418424,103.2675729134221,63971600
2007-02-22,103.4519271850586,103.84199284329281,102.95548490259236,103.57958995576713,79067400
2007-02-23,103.0477066040039,103.39521086312436,102.85621781896602,103.35975919543382,71966200
2007-02-26,102.95552062988281,103.50870091111231,102.65765515703876,103.42359958219512,69192800
2007-02-27,98.93431854248047,102.26758732546311,98.57971525021351,102.04064684566177,274466500
2007-02-28,99.94847106933594,100.6931400900941,99.14707504921988,99.56550430468955,177536300
2007-03-01,99.65061950683594,100.1754363078833,97.90597726027937,98.82084904981986,212828600
2007-03-02,98.34566497802734,99.75698982204091,98.33857680874858,99.32437342012145,162574000
2007-03-05,97.40951538085938,98.99104281783126,97.39532822105322,97.82084562054804,143750400
2007-03-06,99.07616424560547,99.37402973220742,97.67193814544359,98.42369544329152,143333300
2007-03-07,98.97686767578125,99.61516008497316,98.86339202681822,98.99814300725762,115144900
2007-03-08,99.81371307373047,100.11157846445361,99.33854608222228,99.67186313579772,117891600
2007-03-09,99.84208679199219,100.29597850361436,99.34564442328545,100.2179653584153,107765100
2007-03-12,99.99100494384766,100.23922066781294,99.40236238792964,99.58675213901498,80366900
2007-03-13,98.04780578613281,99.83500932672214,97.89886764873656,99.41656923671987,190605200
2007-03-14,98.77830505371094,98.83504288643663,96.98401302759662,98.17547504993107,231853800
2007-03-15,98.91301727294922,99.28180763025726,98.43785028450947,98.55841407366903,132435900
2007-03-16,98.63606262207031,99.41928843501418,98.34413201319528,99.19143697504666,121531600
2007-03-19,99.8250961303711,99.91766210902063,99.07747374905534,99.15579630070845,96161200
2007-03-20,100.37336730957031,100.4303301605624,99.65423168683185,99.73967053104353,82147400
2007-03-21,102.02528381347656,102.28161130433492,100.2666053949748,100.46597001402496,152368700
2007-03-22,101.94692993164062,102.30293962275191,101.66924280715597,102.1605379192181,118942200
2007-03-23,102.09646606445312,102.39551292257002,101.92557748929161,102.01814349224006,74416800
2007-03-26,101.96119689941406,102.28160352247035,101.17085476811198,102.1748049363036,113787500
2007-03-27,101.71910095214844,101.9327089640295,101.38445093526421,101.90422210134948,99864600
2007-03-28,100.97858428955078,101.44139249766059,100.57984434763243,101.20642482038018,152907900
2007-03-29,101.08541107177734,101.54110312525367,100.53003672112044,101.4912565443856,139432700
2007-03-30,101.10679626464844,101.70489019843829,100.08148616983254,101.27768490197052,128194100
2007-04-02,101.22069549560547,101.4343035201375,100.7365165823625,101.22069549560547,79416400
2007-04-03,102.31008911132812,102.51656999685831,101.7547147410818,101.79743417501521,82417800
2007-04-04,102.42398834228516,102.49518375890015,101.9326932500633,102.31006263823743,63995200
2007-04-05,102.70172119140625,102.84412295260469,102.25314532230105,102.2958647642048,46822800
2007-04-09,102.8440933227539,103.1004207648852,102.63760159363308,102.99361132634017,50967400
2007-04-10,102.9651107788086,103.13599932100387,102.72302682577947,102.76574624519023,56620000
2007-04-11,102.5450210571289,103.14311465247383,102.20324397588713,103.11463866131308,106365700
2007-04-12,103.00072479248047,103.18584591765836,102.06085400799267,102.3456682750587,115534400
2007-04-13,103.47066497802734,103.47066497802734,102.78712156995697,103.17160726761576,84287000
2007-04-16,104.45330047607422,104.56722624937521,103.82673045203816,103.83384673865959,83064600
2007-04-17,104.73092651367188,104.95165078001776,104.41763625257964,104.64548766593886,108424100
2007-04-18,104.85912322998047,105.16528642458674,104.36071171285619,104.38207143040749,88345300
2007-04-19,104.83060455322266,104.95164653746924,104.2111512030922,104.3464366162363,102947700
2007-04-20,105.82032012939453,105.82032012939453,104.69532816962895,105.53551671419858,124114100
2007-04-23,105.42162322998047,105.89867507177439,105.3575440716553,105.64234757391647,77270800
2007-04-24,105.46427917480469,105.6636436792729,104.89467251321021,105.54260172045653,114471000
2007-04-25,106.43266296386719,106.56083211277367,105.39312066449696,105.89864838329147,108418800
2007-04-26,106.5537109375,106.6605203783346,106.16210891477168,106.43979607765353,88741600
2007-04-27,106.46822357177734,106.61775237500156,105.97692861560509,106.15493340467908,108191100
2007-04-30,105.5853500366211,106.61778683861996,105.5283980465121,106.54658055415327,100874100
2007-05-01,105.85591125488281,106.42552888516136,105.14389193317278,105.6779064244553,134342700
2007-05-02,106.475341796875,106.76727226378051,105.91285143352933,106.01964996310436,87129800
2007-05-03,107.0521240234375,107.0877163027545,106.61066459563301,106.78155316748192,86569700
2007-05-04,107.45797729492188,107.60037901625775,106.95956583796891,107.33693528855865,96409000
2007-05-07,107.47936248779297,107.65736739779744,107.37968017277275,107.42952676256161,63461400
2007-05-08,107.3369140625,107.45795604492697,106.89546555428956,107.21587208007304,80584000
2007-05-09,107.62886047363281,108.81081534401149,107.06635903545848,107.25860732511148,102070100
2007-05-10,106.50386047363281,107.5291701221408,106.28313620351999,107.32267841719079,153617800
2007-05-11,107.41525268554688,107.4650883965617,106.6035509620613,106.624910676004,113408900
2007-05-14,107.1802978515625,107.72855592595697,106.65339949367834,107.41526559773156,108027500
2007-05-15,107.2087631225586,107.9848616382593,106.93819228185232,107.30131825394216,180673300
2007-05-16,107.94215393066406,107.96351364519062,107.07348932473512,107.3725361926616,114166500
2007-05-17,107.7285385131836,108.19847392956339,107.59325308744815,107.78550136952242,101132800
2007-05-18,108.66840362548828,108.6684036254883,108.09166961651823,108.23407133182926,99182000
2007-05-21,108.61139678955078,109.10269174331913,108.58292080384032,108.6398836398113,174664600
2007-05-22,108.5260009765625,109.05289926969046,108.49752497956705,108.72536554919375,82148800
2007-05-23,108.54022216796875,109.2949608760811,108.4832593210949,108.90334809416844,133786600
2007-05-24,107.55765533447266,109.08850365584352,107.32981476225298,108.60432478497567,187593000
2007-05-25,108.0062255859375,108.2411932939935,107.64308873505372,107.87094016027915,83309200
2007-05-29,108.39784240722656,108.58296354859444,107.83534097092276,108.18423440438403,82020000
2007-05-30,109.28077697753906,109.3234964198273,107.75705530342985,107.84250505256438,129013600
2007-05-31,109.1668472290039,109.57269274006578,109.02443462134767,109.41604756328917,114866700
2007-06-01,109.70795440673828,109.93579497337568,109.30209811913605,109.56555269452063,107771700
2007-06-04,109.72222900390625,109.92870991558958,109.28076944671454,109.32348888605885,78008800
2007-06-05,109.28785705566406,109.5797767404187,108.83928137572998,109.46586189823431,126917900
2007-06-06,108.113037109375,108.90337918045434,108.04895796255768,108.83930003363702,164096800
2007-06-07,106.16207885742188,108.58294006049071,106.13359200210937,107.91364019982232,232414600
2007-06-08,107.54341888427734,107.65022832640628,106.15498305304294,106.50387651404243,175886000
2007-06-11,107.7285385131836,108.19134678217483,107.30132252291943,107.46508394454732,102015600
2007-06-12,106.5537109375,107.89942732139744,106.48251550816533,107.27997384986602,233898000
2007-06-13,108.14862060546875,108.27678974036931,106.60353989159113,107.15891412553596,193208200
2007-06-14,108.83930206298828,109.02442322320839,108.24832456958065,108.26968428558469,146396500
2007-06-15,109.45856475830078,109.88046421128358,109.35844192737515,109.50861526238272,154030800
2007-06-18,109.32987213134766,109.68741635454016,109.16540484386657,109.68026939817446,88537500
2007-06-19,109.60157012939453,109.68023026688816,108.95083725661802,109.08670575877792,110851700
2007-06-20,108.07843017578125,109.82324713063907,107.94971953716714,109.82324713063907,177119700
2007-06-21,108.67909240722656,108.772057357021,107.44199298083635,108.03551744610263,205262000
2007-06-22,107.65656280517578,108.52897154231718,107.15600309813972,108.3501994389912,204964700
2007-06-25,107.14166259765625,108.15708649705645,106.5624429215754,107.4348513682141,232014400
2007-06-26,106.04042053222656,107.59217147197826,106.0332735785825,107.41339942846011,198445700
2007-06-27,107.5492935180664,107.67086815093509,105.8759892415502,105.92605066818828,213638000
2007-06-28,107.53495788574219,108.2714977963531,107.02724050580328,107.53495788574219,157705000
2007-06-29,107.57073211669922,108.44314075117381,106.65541992829668,107.90682450431068,199701800
2007-07-02,108.54327392578125,108.63623891840896,107.81389154348169,107.8853938435626,103357000
2007-07-03,108.93653106689453,109.05094779478742,108.68625674993106,108.82211433900166,54048400
2007-07-05,108.8221435546875,109.09388062854192,108.42885367796052,108.97946386993135,89279000
2007-07-06,109.3941650390625,109.53003351215384,108.64332041660552,108.96511876292818,81109000
2007-07-09,109.48004913330078,109.66596820742245,109.13679881146739,109.52295269568393,72348100
2007-07-10,107.92111206054688,109.12961288929345,107.81385319288663,108.90077942311127,180362600
2007-07-11,108.68621826171875,108.72912179164054,107.63503813313115,107.79950530162334,175607600
2007-07-12,110.40245056152344,110.65988271220407,108.93651778435265,108.95796955429451,133882500
2007-07-13,110.73140716552734,111.16761138440806,110.40246180728143,110.5311833514227,111794300
2007-07-16,110.7171401977539,111.21769990414141,110.53836809465956,110.83155696246627,98378700
2007-07-17,110.6598892211914,111.1819005061117,110.60982781413021,110.78859984841324,126201300
2007-07-18,110.45972442626953,110.69570494695577,109.62307216822826,110.28809925357459,237887400
2007-07-19,110.8886947631836,111.21762911313293,110.65986137941336,110.981648777886,145212700
2007-07-20,109.76602172851562,110.83150690987233,109.28691401795851,110.75999373637734,245502500
2007-07-23,110.1021499633789,110.63846620561993,109.62304209634274,110.25231240083254,121183900
2007-07-24,108.1928482055664,110.32380801323129,107.80669446232785,109.49430307204786,256732400
2007-07-25,108.41453552246094,108.97230351286476,107.44201501663711,108.70772433857562,265214500
2007-07-26,105.84737396240234,107.83531857741276,104.68177653359794,107.3991142749029,467592500
2007-07-27,103.76643371582031,106.45516102010238,103.7235301760178,105.98321117089633,422987600
2007-07-30,105.38972473144531,105.69720748511435,103.89518178422026,104.35283789270645,283017500
2007-07-31,104.20265197753906,106.87708573772002,103.71638633415168,106.06903259093004,316976700
2007-08-01,104.71039581298828,105.12514842064883,102.93697952374411,103.81653525631913,467670000
2007-08-02,105.54706573486328,105.6614716008781,103.8737503717062,104.94638310920934,294758400
2007-08-03,102.8296890258789,105.53272164579752,102.40063172595706,105.31819299583661,359398200
2007-08-06,104.55302429199219,104.99637537311948,101.92149470229167,103.12284825080505,324980000
2007-08-07,105.66860961914062,106.54816524348027,103.85227908112594,104.35999661584474,232568700
2007-08-08,107.14166259765625,107.68512568270182,105.36108911334358,106.12623869825605,274930600
2007-08-09,103.96670532226562,106.51241836082455,103.89519211545439,105.42548090331753,357622100
2007-08-10,103.48046112060547,104.76046472822095,102.34346211861622,103.25162756428061,411018400
2007-08-13,103.8522720336914,105.03932124505221,103.70210959921447,104.76043724107049,181917200
2007-08-14,102.26477813720703,104.4457997258129,102.05740732253132,104.18836749057776,264134500
2007-08-15,100.85602569580078,103.30163671797229,100.55568998865563,102.05737943576038,323834000
2007-08-16,101.61408233642578,102.21475407023651,97.96712654571742,99.96221870136905,546743700
2007-08-17,103.48046112060547,104.26705191985695,101.1063620749655,104.04537623178258,388218100
2007-08-20,103.43035888671875,104.02388341399252,102.46498543279799,103.80935476741233,187320400
2007-08-21,103.63777160644531,104.38146976068786,103.07285648951701,103.40180200223672,157066400
2007-08-22,104.86766052246094,104.974930279196,103.92374994918445,104.41000459664065,173156700
2007-08-23,104.77476501464844,105.5828075608791,104.12403189234605,105.3611318824074,203915300
2007-08-24,106.06903839111328,106.06903839111328,104.60310533836201,104.74612080198594,128901900
2007-08-27,105.08222198486328,106.06904731625117,104.92490168822516,105.72580799239591,113024300
2007-08-28,102.77251434326172,104.58168727413604,102.58659527176148,104.51733193146873,219790700
2007-08-29,104.78907775878906,104.9321042066911,102.9441587883761,103.23733681924884,207654200
2007-08-30,104.51014709472656,105.2538450115841,103.90947556206704,104.00958748417696,191817300
2007-08-31,105.53987121582031,106.19060413599108,104.99640807897896,105.58277476459982,185477500
2007-09-04,106.6053466796875,107.24892167409251,105.4039928690506,105.43974946015747,120062000
2007-09-05,105.68289947509766,106.09050506060471,105.11798449548374,105.97608830908884,166261800
2007-09-06,105.92603302001953,106.26927234769656,105.20378685612604,105.79731145252721,127878400
2007-09-07,104.45295715332031,105.03932390749098,103.87372644293957,104.74613507471467,235447600
2007-09-10,104.2527084350586,104.91774616405253,103.20868572778535,104.77473070007571,192305900
2007-09-11,105.46832275390625,105.61848510887863,104.49580273237356,104.57446284115106,162081900
2007-09-12,105.74006652832031,106.14767195453781,105.10363859987541,105.32531414969431,149554600
2007-09-13,106.48381042480469,106.86995333862603,105.97609288763152,106.22637817846297,154079000
2007-09-14,106.47663879394531,106.6125073107543,105.6471446952997,105.80446498724893,121911000
2007-09-17,105.90458679199219,106.2978766471883,105.56849440158739,106.054749231988,109870800
2007-09-18,109.0223388671875,109.05093759079485,105.92600601835882,106.42656551682772,263759500
2007-09-19,109.66594696044922,110.40248706901828,109.20114390950519,109.7017035593023,193779900
2007-09-20,108.89364624023438,109.71599342664126,108.7720825377192,109.65163809790646,175186800
2007-09-21,109.18749237060547,110.01374063532894,109.02224491028944,109.71917193558562,141457500
2007-09-24,108.98632049560547,109.79820705594337,108.74922058958262,109.51080824721406,139450200
2007-09-25,108.77079772949219,108.96479059708153,108.10979677071488,108.35407758877794,142289900
2007-09-26,109.34554290771484,109.76226288988687,108.77075634736923,109.38864998119095,135547000
2007-09-27,109.99221801757812,109.99940984166375,109.34558971236798,109.86289674179469,102713300
2007-09-28,109.62581634521484,110.06409012997278,109.1947234226781,109.81980925667123,133372100
2007-10-01,110.86157989501953,111.18489403399158,109.56831237598524,109.64016483493282,148162300
2007-10-02,110.71065521240234,111.11300252957219,110.50948155381744,111.08426813397811,112978800
2007-10-03,110.48794555664062,110.94059184188677,109.93471242613354,110.5094990975434,119055900
2007-10-04,110.66041564941406,110.83284402463184,110.35146320523727,110.72507629012073,76864400
2007-10-05,111.97520446777344,112.15482461548359,111.09865726989634,111.38604512097508,134579700
2007-10-08,111.37889099121094,111.71657782699778,111.19927080039439,111.64472536541258,71280400
2007-10-09,112.42781829833984,112.44219097709006,111.38602383335297,111.79556295417179,94054300
2007-10-10,112.24102020263672,112.39908678351364,111.6590527744726,112.11168801685471,101711100
2007-10-11,111.70220947265625,113.17509728708397,111.03401663607723,112.7511852883309,233529100
2007-10-12,112.3200912475586,112.33446393150815,111.55850344541614,111.69501653507292,124546700
2007-10-15,111.37166595458984,112.34161908100435,110.60289746798854,112.27695846274821,161151900
2007-10-16,110.48794555664062,111.01962514624492,110.26521832521598,110.94059184188677,166525700
2007-10-17,110.82564544677734,111.42916658985455,109.54675070700391,111.35013327613169,216687300
2007-10-18,110.42330932617188,110.78254970476537,109.98503562576195,110.25086999771432,148367500
2007-10-19,107.5350112915039,112.42786338823387,107.5278304308197,109.99221411246823,297169900
2007-10-22,108.16004180908203,108.31810838468013,106.8093060218914,106.95299991885106,261989800
2007-10-23,109.03662109375,109.17313417335194,107.95171924309727,108.82108566610995,180085100
2007-10-24,108.83548736572266,109.02229942249444,106.93869816370552,108.64150540958885,326694200
2007-10-25,109.09410858154297,109.41742270902525,107.68589252664155,108.95759549228153,237374500
2007-10-26,110.37295532226562,110.37295532226562,109.13716815964992,109.97060805316113,176484000
2007-10-29,110.73938751220703,110.96211468200795,110.32266756481074,110.59568266175661,106841000
2007-10-30,109.9706039428711,110.46635715346717,109.83409091813995,110.25081084932012,132981600
2007-10-31,111.11300659179688,111.55847196335698,109.81255862156429,110.63162596521667,220954400
2007-11-01,108.51213836669922,110.22212592708163,108.19600510715166,110.1359007888398,333040800
2007-11-02,108.63424682617188,109.20903340514317,107.20447768155499,108.87134670111537,331228200
2007-11-05,107.80801391601562,108.60552780347813,107.03205356904047,107.51343424516378,226841000
2007-11-06,109.25936126708984,109.28809567024226,107.7002485582322,108.38999482848533,177800500
2007-11-07,106.27044677734375,108.58395472052132,106.01179337490335,108.08820145224874,306639700
2007-11-08,105.73165130615234,106.6225606009428,104.23002886438908,106.32799176552092,374509900
2007-11-09,104.28026580810547,106.00461472994425,104.10064567194964,104.67543230027692,277745100
2007-11-12,103.24568176269531,105.33646338000207,103.24568176269531,104.33059471350376,243087800
2007-11-13,106.39260864257812,106.55785611102053,104.33775368652655,104.445521391349,191117400
2007-11-14,106.09803009033203,107.34099847275587,105.4585827876019,107.21167722559753,230558800
2007-11-15,104.56766510009766,105.96871108616598,103.83482275773387,105.30771022825166,263111100
2007-11-16,104.74726867675781,105.23584112414773,103.87073254108711,105.12088161145098,308770600
2007-11-19,103.28875732421875,104.43833056057161,102.8792291218502,104.38085080243968,267746000
2007-11-20,103.92101287841797,104.5604600467236,102.10325819897133,103.47555850321275,414767500
2007-11-21,101.79432678222656,103.39654642370911,101.78714592291347,102.80020620640283,259012400
2007-11-23,103.55461120605469,103.70548599097467,102.5271782589289,102.79302353283708,77688400
2007-11-26,101.26988983154297,104.09352572503767,101.06153517546348,103.77020052024437,214232000
2007-11-27,102.43378448486328,102.9079733492468,101.26983845701008,101.83744427081704,293897900
2007-11-28,105.71007537841797,105.9543562002356,103.56181400701378,103.59774023684487,258596900
2007-11-29,105.74604034423828,106.13402626772812,104.97009042356112,105.34369269258308,199409900
2007-11-30,106.809326171875,107.6786815385301,105.85374568026414,107.0823413386612,222908000
2007-12-03,106.1052474975586,106.65848082607734,105.82504040238767,106.471679750346,146430400
2007-12-04,105.15680694580078,106.00460867774346,105.12088072799216,105.37235328951004,136533900
2007-12-05,106.9170913696289,107.1972983520981,106.21298348398847,106.28482496276779,171130000
2007-12-06,108.44744110107422,108.64143389265453,106.74464593926284,106.78775301224921,154457400
2007-12-07,108.4259033203125,108.84980421713243,108.16724988166685,108.79232445708415,148980100
2007-12-10,109.26649475097656,109.3886350969201,108.38994783242622,108.69170826884088,123914300
2007-12-11,106.27044677734375,109.84847637515122,106.21296702534124,109.3096160336622,250346400
2007-12-12,107.31948852539062,109.04384926328933,105.76038628795975,108.53372300050115,322435600
2007-12-13,107.09673309326172,107.33383304361465,105.83221098785833,106.56506438320872,237551300
2007-12-14,105.73877716064453,107.12545026964011,105.68848922491331,106.28481841090932,159152900
2007-12-17,104.23001098632812,105.52326760702361,104.07912520023548,105.33646655280343,177269400
2007-12-18,104.81197357177734,105.24305543670671,103.4324918703405,104.97004021119525,245569300
2007-12-19,104.81197357177734,105.53763517045337,104.13659992392736,104.85508066195568,198917200
2007-12-20,105.47300720214844,105.51611430567786,104.30906059110724,105.50174161678491,214813800
2007-12-21,106.9933853149414,107.20284566989447,106.24219358261352,106.44443496716437,146084400
2007-12-24,107.78791809082031,107.96849156997463,107.24619765335737,107.49178596121843,45601400
2007-12-26,108.01904296875,108.1129336708319,107.26063225360015,107.36897191805197,67093100
2007-12-27,106.66110229492188,107.6434221027403,106.40830612945463,107.63620313389603,122981700
2007-12-28,106.39390563964844,107.3401089916485,106.10498143435699,107.28954312272319,116398100
2007-12-31,105.60655975341797,106.61776645811936,105.4982090927758,106.24940066311953,108126800
2008-01-02,104.68204498291016,106.16997960867845,103.92364523869055,105.83771958006442,204935600
2008-01-03,104.63150787353516,105.08655661424082,104.06090047059595,104.66762477731574,125133300
2008-01-04,102.06734466552734,103.60583413031652,101.77843152702383,103.53360033502575,232330900
2008-01-07,101.9806900024414,102.73187090111547,101.19339220007504,102.4285087484972,234991000
2008-01-08,100.3338394165039,103.21578476885578,99.99436043183485,102.6235095543525,326365700
2008-01-09,101.38837432861328,101.69173639352472,99.45985125939367,100.46383917231313,301824900
2008-01-10,102.05287170410156,103.14354224133622,100.66606912700273,100.88997840988934,335701200
2008-01-11,101.22945404052734,102.49346797050131,100.39882072364661,101.68450258214256,267076600
2008-01-14,102.04570007324219,102.46463193483002,101.41007779754585,101.95902831613171,170365500
2008-01-15,99.79930114746094,102.19732108776917,99.60427879777919,100.96941320290098,239940100
2008-01-16,98.9398193359375,100.48552790357374,98.43421578976316,99.21429455585958,378802600
2008-01-17,96.37566375732422,99.58988022830118,96.01451682991822,99.53931436822614,397892600
2008-01-18,95.38614654541016,97.52414169461544,94.69275045795533,97.32190025066343,348561500
2008-01-22,94.41824340820312,95.65335959489073,91.00901589916312,91.88299070802617,435923700
2008-01-23,96.68624877929688,96.92460705652304,91.61574320314197,91.79631665364707,511913000
2008-01-24,97.50248718261719,97.84196630057116,96.28902733046961,97.1341101279294,259949300
2008-01-25,96.09395599365234,98.78088963495041,95.77615600043336,98.6003161968058,269603900
2008-01-28,97.68304443359375,97.8852858716924,95.38614378471352,96.25289437961234,217934600
2008-01-29,98.1669692993164,98.5570031666793,97.4230074435214,98.30420690751112,168968300
2008-01-30,97.44465637207031,100.06657529539245,97.22074706398811,97.92859188145114,334939200
2008-01-31,99.22151947021484,100.06660209543507,96.20955492761001,96.35401151783606,343680800
2008-02-01,100.8177719116211,100.83943984434143,99.32984841773707,99.6332104971507,206843600
2008-02-04,99.54654693603516,100.61553878284307,99.41652830771359,100.55053497934722,124694300
2008-02-05,96.88127136230469,98.4125306984573,96.54901136340597,98.18862138284958,286882500
2008-02-06,96.1011734008789,97.69021724420887,95.63890590061335,97.20628181590949,250792900
2008-02-07,96.73680114746094,97.35797424221104,95.14775702780416,95.1983228828939,297368100
2008-02-08,96.1156234741211,96.94625678191616,95.41499773603586,96.13006141209328,221643500
2008-02-11,96.60679626464844,96.95349420452334,95.37166901068397,96.13730970067887,188576300
2008-02-12,97.50248718261719,98.4559096894948,96.77296306809187,97.44470233048315,256654400
2008-02-13,98.49919891357422,98.99758338347554,97.61078065319658,98.23917271281388,181967800
2008-02-14,97.6324691772461,98.9542683914581,97.3579939570717,98.91815149069872,215207200
2008-02-15,97.61078643798828,97.66857126617384,96.72236812495956,97.14851883383287,154110300
2008-02-19,97.88528442382812,98.87482366141215,97.22799424906385,98.75203500590645,145190000
2008-02-20,98.1741943359375,98.62924306041546,96.61403672743988,96.78017227463957,220085700
2008-02-21,97.35798645019531,98.9614797325625,96.83794500041529,98.70868348940039,201051200
2008-02-22,97.95746612548828,98.12360160855079,95.96393952068124,97.4879796383252,205491000
2008-02-25,99.19265747070312,99.4237858688412,97.35080517412024,97.89974476336552,190107000
2008-02-26,99.93656921386719,100.36271990479977,98.59310232376711,98.77367577124653,212420700
2008-02-27,99.83543395996094,100.49994282718606,99.2503778388892,99.35871748304064,168395800
2008-02-28,98.8603286743164,99.64763713161787,98.62920043664484,99.12758482019872,170831100
2008-02-29,96.65735626220703,98.00081207545392,95.90616457979512,97.94303827341743,252715200
2008-03-03,96.42623901367188,96.65014836706973,95.51615263560389,96.16621275974806,189483500
2008-03-04,96.05786895751953,96.35400107793117,94.61328116911679,95.50891854427518,282513100
2008-03-05,96.66458129882812,97.34353923931383,95.58835956110835,96.36843819349647,270681400
2008-03-06,94.66383361816406,96.22399103532815,94.29546770911,96.05063653742218,247911700
2008-03-07,93.68877410888672,95.15503027441453,92.87257823556988,93.73210999218965,326434600
2008-03-10,92.45362091064453,93.84764287319922,92.15747776104581,93.78263906611573,235683600
2008-03-11,95.77618408203125,95.86285583092787,93.13980449933605,94.4182679022175,341440600
2008-03-12,94.88050079345703,96.62123125411891,94.73604425784335,95.87726962544764,229161100
2008-03-13,95.08997344970703,95.80504827252895,92.88698619789317,93.61649896121996,351504200
2008-03-14,93.61651611328125,95.92785447032806,92.29471690722073,95.89896756269712,484687800
2008-03-17,92.6703109741211,93.36370695665042,91.05959312809733,91.42074008355273,405311100
2008-03-18,96.52012634277344,96.56346220840335,93.88374729655382,94.34601489882127,334416600
2008-03-19,94.12933349609375,97.25685595763258,93.92708109206337,96.88849008656794,345971600
2008-03-20,95.87285614013672,96.4753292249459,93.82589859349177,94.3993417682856,245320700
2008-03-24,97.78917694091797,98.58037233718522,96.71489277553245,96.76569790030045,208977300
2008-03-25,97.88352966308594,98.39163621811817,97.09958908851095,97.89078437248203,192947200
2008-03-26,96.68583679199219,98.05773001054473,96.62051118060684,97.60043965495525,196934300
2008-03-27,96.38095092773438,97.58589695099468,96.07608706809432,97.41168428439057,225153200
2008-03-28,95.45911407470703,96.8019773630575,95.1324749460491,96.53340913574417,180896100
2008-03-31,95.79303741455078,96.34469446959949,95.15426845278296,95.29944019612273,166692100
2008-04-01,99.16105651855469,99.32800344217398,96.91085610083151,96.98344749852279,254547300
2008-04-02,99.22639465332031,99.93048921139213,98.7037675364857,99.48045350140984,210910800
2008-04-03,99.47318267822266,99.76353721503584,98.50778568651141,98.68925311855975,175884800
2008-04-04,99.36428833007812,100.14097411248018,98.80536564116483,99.5312352355334,204446800
2008-04-07,99.41513061523438,100.5837814119819,99.25543837648175,100.07566370182685,154245500
2008-04-08,99.31352996826172,99.38611031633005,98.68201559227943,98.85622836425665,148937300
2008-04-09,98.59486389160156,99.29895825249884,97.91254473148334,99.16104126363784,195610600
2008-04-10,98.7328109741211,99.20462190266197,97.91982928564207,98.29728467401112,192967800
2008-04-11,96.81649780273438,98.0795039096179,96.54791849968069,97.62221356011163,222973300
2008-04-14,96.48985290527344,96.93263386072348,96.214029953737,96.67858611389012,160522000
2008-04-15,96.71490478515625,97.04154400917734,96.05436054989227,96.96169788100373,172389200
2008-04-16,99.33529663085938,99.3788470511314,97.64401849629218,97.65852791911934,189268900
2008-04-17,99.48043823242188,99.62560994795088,98.47147985704115,98.73279337535013,179665700
2008-04-18,100.51842498779297,101.30236553076601,100.35873278037856,100.85232989672087,218530600
2008-04-21,100.56924438476562,100.88136302454761,100.06113783402049,100.33696077534378,118587400
2008-04-22,100.12646484375,100.39503307948836,99.37155417848048,100.30793226268506,162166000
2008-04-23,99.96678161621094,100.7362017695251,99.53125534125529,100.23534987609408,193309000
2008-04-24,100.40229034423828,101.43302386720977,99.47316704831937,100.22807764952385,229381300
2008-04-25,101.3314208984375,101.5419182512317,100.10469925644459,101.18623808862816,190788100
2008-04-28,101.3531723022461,101.80320789446421,101.17170490849482,101.53463969599736,105610200
2008-04-29,100.9539566040039,101.42576746649053,100.61279696772256,101.17897443306344,125514100
2008-04-30,100.3587417602539,102.05001950764435,100.3587417602539,101.10638667282275,208395900
2008-05-01,102.43474578857422,102.43474578857422,100.3660234403563,100.44586956385278,187279500
2008-05-02,102.71781921386719,103.34206761077911,102.02824520092669,103.32029240543626,181585500
2008-05-05,102.22425079345703,102.7904283820158,101.91938679007113,102.38394304416794,118504500
2008-05-06,103.10980224609375,103.21867828039409,101.39674915910898,101.63628751046332,179339800
2008-05-07,101.2733154296875,103.10249858941962,100.990226768594,102.99362259511041,199267300
2008-05-08,101.01206970214844,101.85408154239133,100.88140734547082,101.43307562226988,178321200
2008-05-09,100.82331848144531,101.17899869790203,100.49667926170487,100.60556638554836,152588200
2008-05-12,101.95565795898438,102.02823827990618,100.69989546463486,101.07735079146138,147865900
2008-05-13,101.9701919555664,102.2678012479874,101.42578957592082,102.20247562064468,159132200
2008-05-14,102.18067932128906,103.21866766114152,101.95566148962271,102.39844244337962,181910800
2008-05-15,103.45822143554688,103.53081284571343,102.2242449939745,102.37667144907245,166927000
2008-05-16,103.55256652832031,103.7049929517337,102.79040118357787,103.69773824258272,204236800
2008-05-19,103.83566284179688,104.74299996716054,103.29126056657867,103.6614501264057,165664400
2008-05-20,102.99366760253906,103.32030680409504,102.34764391025479,103.26950167651249,178552100
2008-05-21,101.25159454345703,103.16062481500698,100.89591431143964,102.93560692213914,252724800
2008-05-22,101.26608276367188,101.74515944708627,100.89589318606612,101.20801185575257,170820400
2008-05-23,99.90869903564453,101.37495884240819,99.82159822118656,100.93217790909355,181376400
2008-05-27,100.64913940429688,100.89593255232457,99.82890273926056,100.0248907454696,168322900
2008-05-28,101.11363220214844,101.62173868037219,100.16999955636688,101.01926561480312,181288100
2008-05-29,101.62174224853516,102.29679564847278,100.95394355715169,100.99023925170435,173927200
2008-05-30,101.87582397460938,102.15891273443975,101.57821471851008,101.96292480043614,117362000
2008-06-02,100.82331848144531,101.52015841600061,100.17004004196443,101.49838320641092,181069900
2008-06-03,100.23529815673828,101.3458774013565,99.61105005854412,101.11360496354969,271965700
2008-06-04,100.18451690673828,101.01200773843284,99.77803173690799,99.95223333775516,246637700
2008-06-05,102.18794250488281,102.26778862040757,100.40230912262855,100.591031270281,237867100
2008-06-06,98.92878723144531,101.47659724237398,98.87798210641867,101.29512979776169,384276300
2008-06-09,99.1683120727539,99.8070809350236,98.29001596302541,99.34252478316174,228263900
2008-06-10,98.67475128173828,99.51676298387787,98.24649071933622,98.47876331681549,260234900
2008-06-11,97.2230224609375,98.90703497829682,97.21575667289471,98.69653756708806,283890100
2008-06-12,97.59319305419922,98.62392684805597,96.91813945206749,97.7020801704714,252791800
2008-06-13,98.82716369628906,99.09574303991917,97.57141210889365,98.11581443056083,244726900
2008-06-16,98.88522338867188,99.39332994940874,98.3263117098075,98.39163732278246,185832500
2008-06-17,98.40618133544922,99.53127074742986,98.26099850406271,99.4949861154782,191707700
2008-06-18,97.447998046875,98.36985558029993,97.0560333191849,97.76738245693666,265893000
2008-06-19,97.57139587402344,98.16661429643693,96.9035971330004,97.3754079695834,304204900
2008-06-20,95.9876480102539,97.08918942386238,95.72502746466165,96.90681435418138,289275700
2008-06-23,95.89282989501953,96.46183934346318,95.79800240780777,96.35970972787825,165096400
2008-06-24,95.70317077636719,96.61504638612556,94.9736702885605,95.60104115332601,267300600
2008-06-25,96.15546417236328,97.31536735675009,95.73965465380539,96.08981179542701,287853900
2008-06-26,93.5438461303711,95.87095450966528,93.43442550773423,95.25088576256597,297775000
2008-06-27,93.03318786621094,94.00342476259051,92.67573421804613,93.58031318235251,303423400
2008-06-30,93.36145782470703,94.0398933770681,92.86539736098446,93.29579989866123,258842600
2008-07-01,93.65325164794922,93.71890400313926,91.86597258173104,92.2963750852539,388622000
2008-07-02,92.04833984375,94.22225299219755,91.88055234087298,93.95233033606164,288064600
2008-07-03,92.14318084716797,92.72678331174889,91.18024067656134,92.72678331174889,239352500
2008-07-07,91.20214080810547,92.8945815737712,90.39969145264824,92.49335967886587,372427300
2008-07-08,92.82164001464844,92.93106620036471,90.60395787567671,91.18026392584525,375973700
2008-07-09,91.03437042236328,93.18639472688194,90.74256910167077,93.01131616072534,336729400
2008-07-10,91.40641021728516,91.7638638856846,90.15166853073565,90.77174281100112,436475700
2008-07-11,90.34133911132812,91.84411392368658,89.35651455095277,90.4361777381983,481124600
2008-07-14,89.52427673339844,91.55228665485123,89.29083686256169,91.37720814313505,322720800
2008-07-15,88.26224517822266,90.08599604062044,87.55462895310896,88.85314424227879,502502500
2008-07-16,90.4288558959961,90.87385152117645,88.34248460714426,88.59780859725294,371642900
2008-07-17,91.33345794677734,92.1067322408695,90.52371196804259,91.28968969894746,375490600
2008-07-18,91.90245819091797,92.22343456603808,91.2969715537985,92.04105947526567,267030100
2008-07-21,91.95352172851562,92.50064699330494,91.32615097963887,92.2890912230422,222863000
2008-07-22,92.9967269897461,93.23016692913052,91.07813709620959,91.29698947435313,296904200
2008-07-23,93.50006866455078,94.21497596832626,93.04778196051022,93.29580943490065,311698400
2008-07-24,91.5595932006836,93.67514539151722,91.30426918374505,93.62407502248337,248634500
2008-07-25,91.5377197265625,92.27451118033008,91.31157080041743,91.83681201957829,219131000
2008-07-28,90.19540405273438,91.96079319647757,90.03491311864049,91.55957142688766,205201300
2008-07-29,92.12132263183594,92.19427156900927,90.19544174909456,90.44347481426048,261505600
2008-07-30,93.76268768310547,93.81375805530335,92.12131174526513,92.72679842697917,354710000
2008-07-31,92.52254486083984,93.79187967102007,92.37664142916272,92.93835990123769,277402100
2008-08-01,92.03376007080078,92.85079684080415,91.52310652390311,92.73407968750891,248690900
2008-08-04,91.18024444580078,92.0191709361986,91.0124624871087,91.94622201652179,188239600
2008-08-05,93.63867950439453,93.78457737015691,91.16567338988861,91.9316455336113,251577600
2008-08-06,94.05448913574219,94.3244118757125,92.99672125872502,93.39065217571869,209555400
2008-08-07,92.65385437011719,93.69704024364286,92.3109882656816,93.34687757627442,246312500
2008-08-08,94.37545776367188,94.78397618319373,92.19425325137333,92.3401566623783,260811700
2008-08-11,95.3530044555664,95.93659588444861,94.27333582328976,94.44841993073021,249425800
2008-08-12,94.3608627319336,95.34568140048987,93.90856500314122,95.03929262818633,213200800
2008-08-13,93.79187774658203,94.57972843323908,93.13532066597658,93.95235760401704,256393200
2008-08-14,94.49949645996094,95.0393308748597,93.19369537170066,93.25934774976679,239555300
2008-08-15,94.95906829833984,95.19980477260043,94.32440649520294,94.78398419034313,181000800
2008-08-18,93.66053771972656,95.18519058809379,93.12800564791844,95.14871334891997,172275100
2008-08-19,92.63926696777344,93.14992065733345,92.30369740553824,92.95295240550482,194673700
2008-08-20,93.06965637207031,93.33956794066854,92.1650719270796,92.93104952399274,225498200
2008-08-21,93.23016357421875,93.69704343618682,92.35475965879337,92.46418584392742,180609800
2008-08-22,94.57968139648438,94.57968139648438,93.23011292045072,93.86477443123944,167715300
2008-08-25,92.66112518310547,94.57970895865849,92.46416255199709,93.95964038560518,171936900
2008-08-26,92.93106842041016,93.28123110993793,92.34017479533209,92.66115123128151,159117200
2008-08-27,93.83562469482422,93.98152252474704,92.86538798546565,93.0477630556919,171032800
2008-08-28,94.9736557006836,95.08307630453007,94.185793959112,94.30980768723545,167537100
2008-08-29,93.95236206054688,94.9371921625227,93.74810281634794,94.63809429376927,189195800
2008-09-02,93.36875915527344,95.35300679543118,93.02589306018042,94.85694071115678,252364900
2008-09-03,93.28848266601562,93.74077478925348,92.59545970900669,93.28848266601562,251947000
2008-09-04,90.47992706298828,92.81433151058494,90.42886226137205,92.62465986216209,340042500
2008-09-05,90.7644271850586,91.1510614586449,88.99903777157414,89.94009383883957,289503400
2008-09-08,92.63926696777344,93.55114815872723,90.76445090476882,93.40523915364277,364075300
2008-09-09,89.8890151977539,92.90914556918807,89.58262645065649,92.71947395951808,377326800
2008-09-10,90.25379180908203,91.11460251735227,89.40027766330843,90.3778055432926,298916600
2008-09-11,91.5595932006836,91.72737516939486,88.70724407613064,89.08658738613602,375369400
2008-09-12,91.98269653320312,92.07023857890535,90.33402974815597,90.66959924154555,297851200
2008-09-15,87.605712890625,91.66173947920772,87.45981501602262,88.72914433513425,483607000
2008-09-16,89.0719985961914,89.23248957626119,85.35154763301,85.49744548817539,581744300
2008-09-17,85.06706237792969,88.88964382724264,84.62206658254551,87.27744822660806,624095600
2008-09-18,87.59112548828125,88.84586724846714,83.01715976687045,86.11753691579486,776114700
2008-09-19,91.06968688964844,93.91652968035407,90.49004513628414,92.96268768664342,501087800
2008-09-22,89.00792694091797,91.5319356140974,88.31089239582705,91.31181649572042,249966500
2008-09-23,86.98281860351562,89.5288313857876,86.78471036185333,88.67037726620919,327470400
2008-09-24,87.26166534423828,88.0467486289318,86.42522168009235,87.56982762095278,311818400
2008-09-25,88.62640380859375,89.44817560206141,86.90215583990066,87.60652926378906,328253000
2008-09-26,88.67040252685547,89.14732348399635,86.95349379858136,87.18828487931614,285917400
2008-09-29,81.7220687866211,87.5625034136991,81.42124525623862,87.41576104734605,459562300
2008-09-30,85.10453033447266,85.69884977892332,81.09840337293541,83.28490040507478,328154400
2008-10-01,85.15589141845703,85.61814050102137,83.60773540736231,84.5762495642586,332783000
2008-10-02,82.0669174194336,84.45885599566078,81.48727557070474,84.34145762727212,365337800
2008-10-03,80.95899963378906,84.70832491267753,80.47474532579326,82.80798487705984,461798000
2008-10-06,76.83549499511719,78.96329341117993,73.84190297243018,78.61844260884921,610637500
2008-10-07,73.3943099975586,78.75049007855571,73.11549727581584,78.39096178199802,540012100
2008-10-08,71.5453109741211,74.97179506730137,71.03170166130046,71.5526441715772,725414800
2008-10-09,66.54867553710938,73.82721213481933,66.21850241793774,73.12283870882077,534485200
2008-10-10,64.9344711303711,68.92592515840094,61.324556112711676,63.657794960293685,871026300
2008-10-13,74.36280059814453,74.36280059814453,65.99836001550418,68.8745574887577,455584000
2008-10-14,73.26224517822266,77.42979231221705,71.25184559533916,76.82080083926412,546268300
2008-10-15,66.04973602294922,71.75810514884942,65.82228370483749,71.50863644052471,484627500
2008-10-16,68.80118560791016,69.53490841980062,63.49637281274414,66.98155616922385,708811200
2008-10-17,68.39030456542969,72.33773139019534,67.24569873771301,67.49516181386215,476649000
2008-10-20,72.4991683959961,72.71194873937523,69.0359949137162,69.96048746822434,321294200
2008-10-21,70.33470916748047,72.37445884808585,69.86512674883163,71.1491423993573,356502000
2008-10-22,66.504638671875,70.33467284428536,64.22276016069353,68.38296737643812,516168000
2008-10-23,67.2750473022461,67.83267261618921,62.960753528708025,66.24783423245793,634666400
2008-10-24,63.86322021484375,65.97633943449631,61.632702684058486,61.676724251803456,545812600
2008-10-27,61.596065521240234,65.67557065891056,61.41263470599192,63.07818964325064,397288600
2008-10-28,68.79386138916016,69.14604525003222,62.02159648844285,64.08335606763849,639939500
2008-10-29,68.2949447631836,71.29586943532591,67.57589369084913,68.80120987541206,531270100
2008-10-30,70.65750885009766,70.83360075711646,68.1628501762447,70.27596985405266,414582100
2008-10-31,71.04640197753906,72.32307847585328,69.3221539853691,69.76238668156064,411394000
2008-11-03,71.25183868408203,71.67739935386928,70.40071734450754,71.00970875838976,205419400
2008-11-04,73.67314147949219,74.00331464575109,70.95836256522885,72.68261078498912,346793400
2008-11-05,70.5768051147461,73.89323004561483,69.70367310246279,72.78530693732189,387844100
2008-11-06,66.66609191894531,70.02654559500706,66.0791111064243,69.30749437956203,477721900
2008-11-07,68.86726379394531,68.96998459977543,66.40195325829443,67.24573610435385,380391000
2008-11-10,67.9647445678711,70.09254192074776,66.71007918480385,69.85775083615964,301773000
2008-11-11,65.8663101196289,67.60523561509734,65.04454395632538,66.59269990765745,418498200
2008-11-12,62.968101501464844,65.26465225249467,62.45449769064721,64.73637644616583,454330600
2008-11-13,66.8935317993164,67.30442053028972,60.231324895484306,63.19556680773378,753141900
2008-11-14,63.55508804321289,67.54653734209516,63.48171126519097,65.60217587748315,540352300
2008-11-17,62.7113037109375,64.9785050218485,62.483851379488215,63.37898870881141,415254900
2008-11-18,63.892601013183594,63.99532178668853,60.832977406938866,62.4765153808801,523811800
2008-11-19,59.79838943481445,63.73848164961366,59.37282900087195,63.0341086543945,558327600
2008-11-20,55.35939407348633,60.53948188224809,55.065909373180006,58.79321768697156,814180400
2008-11-21,58.34564971923828,59.35819102837373,54.54496440598399,56.8341821507009,718536500
2008-11-24,62.38846206665039,63.8265583889811,58.96197720486875,60.10658322516297,523305300
2008-11-25,62.8506965637207,64.20808259885303,61.500643725992006,64.0540014854677,454112400
2008-11-26,65.27932739257812,65.44074732644349,61.808815608057536,61.85284278865994,370134200
2008-11-28,66.10112762451172,66.13047722746268,64.9198382934559,65.0298923071915,118308100
2008-12-01,60.2459831237793,64.23743718348078,60.06255241291598,64.20808759799932,369927100
2008-12-02,62.564571380615234,62.72599137144881,60.19464870897957,61.24387305153437,469508400
2008-12-03,64.06867980957031,64.44288003497736,61.00171803572497,61.19248754642323,519863500
2008-12-04,62.5865592956543,64.6042970671127,61.441947880572464,63.14418461294294,444173800
2008-12-05,64.5162582397461,64.87578091239664,60.3413729261958,61.37592495699207,471905300
2008-12-08,66.76880645751953,67.78134238636979,64.62633620918304,66.28454649294113,412859300
2008-12-09,65.66819763183594,67.5978867872397,65.28666419803956,66.30653855142018,370790000
2008-12-10,66.11577606201172,67.03292975769176,65.30134313241889,66.26985721114254,396187400
2008-12-11,64.52359008789062,66.76878024776359,64.10536828168172,65.69754554410325,365061000
2008-12-12,65.29400634765625,65.3527055294756,62.51319558491304,62.77000310590718,415060400
2008-12-15,64.38417053222656,65.41138348934982,63.312936001952124,65.3159959503752,256694200
2008-12-16,67.41446685791016,67.51718762952218,64.69969401182844,67.41446685791016,377699500
2008-12-17,66.76146697998047,67.81803009351049,66.07910423546954,66.65140738934387,281819800
2008-12-18,65.51411437988281,67.26037275915803,64.72169235317529,67.06227005141172,374673300
2008-12-19,65.23230743408203,67.02972803260688,65.15833500286286,65.90541254040392,301451300
2008-12-22,64.39647674560547,65.5873608459081,63.23518049389916,65.5207924190452,243759500
2008-12-23,63.73074722290039,65.0399766083473,63.46446232360558,64.74410387098607,221625200
2008-12-24,64.10059356689453,64.25592550082436,63.612402651711896,63.945255989661014,62061600
2008-12-26,64.4704360961914,64.57399072359627,63.982245158450866,64.52960613806279,74767700
2008-12-29,64.28553009033203,64.59619403912887,63.31654637864883,64.52961996821232,127795900
2008-12-30,65.80924224853516,65.86841792357133,64.26331018720725,64.7293115739884,168256300
2008-12-31,66.7486343383789,67.28860251536523,65.73527767517771,65.89060959486615,193987200
2009-01-02,68.76056671142578,69.11561515345673,66.46016431742046,66.89657790984802,227566300
2009-01-05,68.67919921875,69.27834309153718,67.96910800220904,68.51646892350665,240349700
2009-01-06,69.13780212402344,69.8626844371519,68.55345499379756,69.26354620889015,328260900
2009-01-07,67.06671905517578,68.2428120465072,66.71906889017023,68.05049385331806,280899200
2009-01-08,67.34039306640625,67.37737363933691,66.3270305605942,66.68947742112293,263834400
2009-01-09,65.89800262451172,67.54748935824705,63.13900297980923,67.42914364697587,330953600
2009-01-12,64.31509399414062,65.76486996258087,63.91567225552331,65.71308700921186,277858500
2009-01-13,64.43345642089844,65.00300692942365,63.760345631155026,64.15238035274767,356432300
2009-01-14,62.40673065185547,63.427485826571214,61.511719575697406,63.2721538854169,435491600
2009-01-15,62.42892074584961,63.057646888215,60.44658041852899,62.221811488910795,532647300
2009-01-16,62.9171142578125,63.6050161757527,61.4303630507359,63.508859906281074,399237200
2009-01-20,59.5959587097168,62.91711706033691,59.21132797139289,62.303187553587506,419855200
2009-01-21,62.170047760009766,62.31058299032557,59.521994497233145,60.609323977068,364360700
2009-01-22,61.20845031738281,62.16263710828836,60.03975589348572,60.96435484087821,427940300
2009-01-23,61.474700927734375,62.12561619152706,59.59591623887027,59.84001157903039,386800600
2009-01-26,61.896358489990234,63.13901982810236,61.252835525203785,61.82978442445143,317978800
2009-01-27,62.52509307861328,62.98369629639224,61.61529065981196,62.229220216927025,273789700
2009-01-28,64.64056396484375,65.0547825054005,63.66418765974257,63.90828314684396,330007000
2009-01-29,62.53988265991211,64.7145358110351,62.48070696569392,63.69378048064287,294392500
2009-01-30,61.26762008666992,63.16859511316465,60.80901702146948,62.85793125124028,383383600
2009-02-02,61.08270263671875,61.52650897680824,60.14330700094727,60.335625150864104,288233300
2009-02-03,61.94075012207031,62.39935337237742,60.81643993988321,61.46735576711723,278385800
2009-02-04,61.637451171875,63.146396978408475,61.4229435890376,62.354940690223565,322989300
2009-02-05,62.554710388183594,63.08728066136262,57.49530407959908,61.17150735330519,417679400
2009-02-06,64.33728790283203,64.60356717582523,62.63602378685935,62.769166245007675,366101700
2009-02-09,64.42603302001953,64.89942707894748,63.84908436340749,64.32247842233544,240075200
2009-02-10,61.474700927734375,64.37424025276675,60.98651024741413,63.81208282663159,536212800
2009-02-11,61.837181091308594,62.17004012321221,60.94956829284138,61.726228080674055,324442500
2009-02-12,61.88155746459961,61.99990318847191,59.95099452314398,60.77943152016147,469302200
2009-02-13,61.21584701538086,62.31056897891239,61.201050272376825,61.80019421135273,293998400
2009-02-17,58.59739303588867,61.36379194272704,58.56040681483721,59.292693359860166,478910100
2009-02-18,58.456817626953125,59.12992807788891,57.90205849880672,59.0189751235993,362964800
2009-02-19,57.828121185302734,59.28529014003952,57.70976980225802,59.055985746216535,316867500
2009-02-20,57.26594543457031,57.94644874364762,56.04547398555599,56.75557077441371,477176600
2009-02-23,55.21705627441406,57.89469150566791,55.17267168266349,57.89469150566791,379641400
2009-02-24,57.3103141784668,57.657958463608026,55.25400243611582,55.6904158494695,426260900
2009-02-25,56.85914611816406,58.00564557248544,55.94193978274116,57.05885703309843,461985800
2009-02-26,55.934539794921875,58.93023699002241,55.867965736379674,57.561831680410755,363353900
2009-02-27,54.684452056884766,55.98628828089966,54.5956885723038,54.74362771327208,470510900
2009-03-02,52.22134780883789,54.67708240566232,52.051224761501466,53.641530448212556,426452600
2009-03-03,51.829315185546875,53.03499010729539,51.51125294144952,52.968421695958256,443761000
2009-03-04,53.05717849731445,53.90041212721446,51.829308617419635,52.687338987944166,462753100
2009-03-05,50.889923095703125,53.05718303155821,50.42392166235833,51.85150251626019,485549400
2009-03-06,50.97865676879883,52.110364323915995,49.63244170456848,51.33370504261052,490470000
2009-03-09,50.379547119140625,51.77754025454912,50.09847107506252,50.26119574691572,379905300
2009-03-10,53.38265609741211,53.530595349965445,51.31155735141457,51.41511200654918,406227900
2009-03-11,53.730289459228516,54.55133371301755,53.131151193118995,53.99657438712245,356648300
2009-03-12,55.84577560424805,56.030695391017076,53.23470911799794,53.715501692258236,409702700
2009-03-13,56.28219223022461,56.940511963998624,55.276233627649894,56.22302217828839,337474700
2009-03-16,56.112056732177734,57.67278007781953,56.075070520017945,56.925702609960254,360644900
2009-03-17,57.828121185302734,57.96126366957575,55.80879444771269,56.2673975920541,356814300
2009-03-18,59.12253189086914,59.84002129267374,57.00704988601712,57.55441066586008,473273200
2009-03-19,58.39025115966797,59.913987809206,58.20533144420746,59.862210514609124,428520400
2009-03-20,57.14689636230469,58.78584089489887,57.01280095221693,58.67409377254329,371078200
2009-03-23,61.25171661376953,61.30386452676839,58.33886776051484,58.65920656427819,419933300
2009-03-24,60.04484176635742,61.35599625493152,59.977796903199895,60.521624183348955,330271000
2009-03-25,60.67808532714844,61.60930214115437,58.89759923346479,60.514195942188344,441775100
2009-03-26,61.914703369140625,62.05625005079972,60.581201084199456,61.27402616668414,422025200
2009-03-27,60.797271728515625,61.482645803369024,60.573777464078745,61.12506180070431,322332300
2009-03-30,58.69644546508789,59.501017972285354,58.07811627805493,59.4488700699871,324108500
2009-03-31,59.24028015136719,60.40244247877304,58.89014744017704,59.27007976834639,364238300
2009-04-01,60.387550354003906,60.65574126986672,58.35377587302376,58.502768300193424,377018300
2009-04-02,62.15311813354492,63.03218679106546,60.43967739447604,61.892378634215696,476230700
2009-04-03,62.77145004272461,62.786347007469935,61.58693957429609,62.19781743536578,284646300
2009-04-06,62.27979278564453,62.78637506882044,61.30387917334735,62.08609805521615,264866600
2009-04-07,60.82707595825195,61.57204931797654,60.72278014258617,61.274058837347575,258947800
2009-04-08,61.482643127441406,61.788084896631624,60.745121180811495,61.13250478078726,230402800
2009-04-09,63.92616271972656,63.93361404482161,62.82360532088083,63.076893537155,269653500
2009-04-13,63.941070556640625,64.47000100737948,63.00985377357303,63.263142010393246,224847500
2009-04-14,62.83850860595703,63.88892388584675,62.637368277731504,63.345090773139304,276598800
2009-04-15,63.50897979736328,63.635623906186005,62.287223925165385,62.45856461740889,250726100
2009-04-16,64.440185546875,64.92441929176967,63.15137933511179,64.0155510255324,335202900
2009-04-17,64.87228393554688,65.29691853899523,64.17200713264417,64.68604058870645,262649000
2009-04-20,62.15311813354492,64.84992332986603,62.0860675858918,63.72501213710873,293690100
2009-04-21,63.36745071411133,63.41959863721373,61.64656356803454,61.69871149113695,114090900
2009-04-22,62.98004913330078,64.32099778379144,62.629910741391235,62.79380579153577,340395200
2009-04-23,63.59836196899414,63.63560721751183,62.302104552782254,63.10667694552875,324903700
2009-04-24,64.55941009521484,65.0436383521872,63.836784847650804,64.09007312460884,287703000
2009-04-27,63.94853210449219,64.82015554985051,63.72504343118559,63.82933928213485,289581600
2009-04-28,63.74738311767578,64.50725359817352,63.1439563924659,63.30040014775377,247926300
2009-04-29,65.10321807861328,65.82584310949797,64.29119988675838,64.45508924310225,311505700
2009-04-30,65.12557983398438,66.31753625749346,64.75309309640676,65.9674034984756,301419800
2009-05-01,65.47573852539062,65.71412988381613,64.60412065399407,65.14050263137605,236110300
2009-05-04,67.70317077636719,67.74787303882997,65.84073754511451,65.96738732444801,287120000
2009-05-05,67.47224426269531,67.74043515590725,66.92841115043325,67.47224426269531,243036300
2009-05-06,68.64183044433594,68.68652701771717,67.50202235355864,68.29914345312602,291941000
2009-05-07,67.68830871582031,69.39429911741036,67.25622261927126,69.29000325737412,317728000
2009-05-08,69.26761627197266,69.44640826308353,68.12035676859601,68.55988826417999,299081700
2009-05-11,67.97135925292969,68.61948804099977,67.82236687308816,68.31404627352119,247923600
2009-05-12,67.77019500732422,68.41087224474168,66.9358231976498,68.26187423389288,282431300
2009-05-13,66.06425476074219,67.05507094812015,65.93015929415196,66.85392490638623,269619100
2009-05-14,66.63041687011719,67.13699896502882,65.93014011676112,66.09403515977598,260098700
2009-05-15,66.08659362792969,67.04761005408174,65.66941031748712,66.57827882983386,271502700
2009-05-18,67.96391296386719,68.0458547934115,65.98228136545697,66.71235766058045,241447400
2009-05-19,67.8819580078125,68.51518407220874,67.65101245778052,67.92665457969869,206102200
2009-05-20,67.42753601074219,69.13352557600533,67.35303981633629,68.50029371431687,285722200
2009-05-21,66.45909118652344,66.89862854628831,65.7513685718156,66.64533457815153,258988400
2009-05-22,66.31751251220703,67.04758875727855,66.06422434951956,66.64530254269152,166811900
2009-05-26,68.01608276367188,68.20977178123991,65.79605923479738,65.82585885681479,236318500
2009-05-27,66.80177307128906,68.35131933139037,66.69747723490694,68.12037936278664,246015800
2009-05-28,67.73295593261719,68.04584328459548,66.37710505701729,67.39026897325611,289095000
2009-05-29,68.93240356445312,69.80402127779362,67.55420359585796,68.10548244655656,258641500
2009-06-01,70.60110473632812,70.8990951407135,69.60284341788548,69.78163538703902,276246800
2009-06-02,70.66072845458984,71.04811781972109,70.19884856715146,70.32549268572674,230874500
2009-06-03,69.76673126220703,70.12431516380443,69.10370566445546,70.05727031364002,235310500
2009-06-04,70.42232513427734,70.52662094157382,69.50601115821604,70.02749019469847,210102300
2009-06-05,70.4372329711914,71.27159949101846,69.8785029550805,71.13750405980402,284257900
2009-06-08,70.1467056274414,70.846976833952,69.3123332834434,69.90830865741631,238565100
2009-06-09,70.50428009033203,70.87676677960204,70.04239454950671,70.54153103273735,225125500
2009-06-10,70.32549285888672,71.13751116860598,69.42407569152562,71.13006552657465,296100400
2009-06-11,70.63837432861328,71.59939065268577,70.44467966204085,70.45958231222873,275414200
2009-06-12,70.83209991455078,70.87679651723379,70.02752696406755,70.32551757725003,184361800
2009-06-15,69.20805358886719,70.0424204437266,68.83556676189126,69.99772384327282,224190500
2009-06-16,68.26937103271484,69.49857844350731,68.22467444153223,69.4538818523247,227319000
2009-06-17,68.20231628417969,68.78339462031917,67.66593453275989,68.23956154354745,223445200
2009-06-18,68.70143127441406,69.03666695001733,67.97880634144808,68.30659637710967,211725100
2009-06-19,68.95464324951172,69.44909990454492,68.56506579689224,69.35920181224763,215655600
2009-06-22,66.88695526123047,68.31789535131838,66.86448072005489,68.28043397215643,251913600
2009-06-23,66.93936920166016,67.33643450182419,66.56477843308254,67.02927304380734,188309800
2009-06-24,67.5162353515625,68.23544886853055,67.12665779082921,67.54620329591128,211577700
2009-06-25,68.98462677001953,69.05205035447432,67.10417979872707,67.17909679783261,279411000
2009-06-26,68.80484008789062,69.10451389146694,68.37780677543016,68.75239760094995,167579000
2009-06-29,69.4491195678711,69.53902340142248,68.62502109895351,69.00710524679566,168481300
2009-06-30,68.88722229003906,69.71881403908945,68.3777787475199,69.4640951257299,228888200
2009-07-01,69.17193603515625,69.84620059429221,69.08203218867085,69.17942373551202,173041100
2009-07-02,67.28400421142578,69.1944197635661,67.24654855726381,68.27292379098249,212309900
2009-07-06,67.27651977539062,67.37391133990182,66.42245308412991,66.63222304818653,174499600
2009-07-07,65.97293853759766,67.29149992731736,65.92798946474676,67.2090894832222,197088900
2009-07-08,65.927978515625,66.52732606117868,65.17879694158381,66.36999290072444,248050500
2009-07-09,66.05532836914062,66.60223335331025,65.86054530370023,66.38497004265662,163777600
2009-07-10,65.89800262451172,66.29506789636957,65.44100146216181,65.70321383831312,173520300
2009-07-13,67.50126647949219,67.5537089671041,65.62081891088927,66.16023062107038,217413500
2009-07-14,67.88337707519531,67.94331300310184,67.22409901563769,67.71106271141525,181487400
2009-07-15,69.86868286132812,70.05597827538803,67.93579281643743,68.78236603029927,220877900
2009-07-16,69.75630950927734,70.80516504694782,69.53904612737537,69.67389906387305,231174500
2009-07-17,70.52044677734375,70.66279307977359,70.07843247203118,70.4680043052592,138561700
2009-07-20,71.2696304321289,71.38950220964978,70.56540374449715,70.93250106050313,164179400
2009-07-21,71.59928131103516,71.84651259711123,70.73772137567416,71.82403806488644,217718300
2009-07-22,71.58430480957031,72.01882579746535,71.08984220554215,71.14228468938133,196068100
2009-07-23,73.16506958007812,73.4797244449367,71.56930929323568,71.62924518629484,258795500
2009-07-24,73.46473693847656,73.52467283098478,72.43836192932935,72.82044038351637,154003100
2009-07-27,73.6820297241211,73.7194911008682,72.92535449709767,73.32991335959127,159259400
2009-07-28,73.33737182617188,73.69698143782514,72.71554984966772,73.16506329318452,186685200
2009-07-29,73.15757751464844,73.4872135009547,72.65562726156729,73.0002500793156,194399300
2009-07-30,73.92176818847656,74.79082183598359,73.86932569014795,74.04164002225835,225575400
2009-07-31,74.0266342163086,74.52109683025029,73.70448589032293,73.90676812904532,207358000
2009-08-03,75.24781799316406,75.3152416081485,74.40123894411569,74.805797781432,175776900
2009-08-04,75.44257354736328,75.54745849840819,74.75332795026789,74.91065537683524,176714600
2009-08-05,75.22530364990234,75.56243297804141,74.60348174477453,75.49500368293347,184726400
2009-08-06,74.8357162475586,75.68228902094948,74.48360013780326,75.56991640362284,193203800
2009-08-07,75.81717681884766,76.43899892836042,75.21034154241829,75.62239371518027,220640900
2009-08-10,75.65987396240234,75.83218830406615,75.12046211208566,75.47257849858705,130898700
2009-08-11,74.71588897705078,75.37516677584085,74.5136067293272,75.32272428861667,157301000
2009-08-12,75.51753234863281,76.08690643610477,74.55108708158177,74.58854274439226,219052400
2009-08-13,76.0943832397461,76.1243511929333,75.11295706502648,75.86213874729859,176449500
2009-08-14,75.50997161865234,76.1168065437939,74.69336116239387,76.0568706777605,199616100
2009-08-17,73.65205383300781,74.1315296815489,73.50221977376484,74.05661265192741,237667500
2009-08-18,74.23638916015625,74.49860724744345,73.68199647247106,73.81684936577838,173461500
2009-08-19,74.8881607055664,75.14288531516813,73.57709345431532,73.6520104397983,192812800
2009-08-20,75.65987396240234,75.83218830406615,74.82079394262435,74.98560914950649,174131300
2009-08-21,77.14325714111328,77.26312326665429,76.13186277193175,76.28169685780902,224605000
2009-08-24,77.1357192993164,77.87740731413464,76.85852011269917,77.4578675426497,191279000
2009-08-25,77.2856216430664,78.10972074020611,77.1208006804774,77.44294918486355,215310600
2009-08-26,77.2930679321289,77.6451842152028,76.78362419155859,77.04583662071929,194620700
2009-08-27,77.46537780761719,77.70511568858497,76.37157336846403,77.24811445989607,196230100
2009-08-28,77.45038604736328,78.17709306038157,76.91846783642656,78.08719493311438,147024400
2009-08-31,76.7611312866211,76.85103511901859,76.25918108295375,76.69370769917364,176051600
2009-09-01,75.06797790527344,77.34549016584462,74.91065048897157,76.37904542358969,321276800
2009-09-02,74.7833023071289,75.24779692715141,74.59600691909104,74.75333435914665,171805000
2009-09-03,75.40515899658203,75.49505716601236,74.61102229985374,75.21786352252981,143572300
2009-09-04,76.46148681640625,76.4839613541545,75.33022650052199,75.55497759380752,142687900
2009-09-08,77.1207504272461,77.20316085484052,76.70869828927397,77.16569949109702,132909100
2009-09-09,77.71259307861328,77.97480543875287,77.01585411264196,77.25559194416968,154612500
2009-09-10,78.50677490234375,78.5592174086591,77.33055950429569,77.76508639422542,162902400
2009-09-11,78.49176788330078,78.88883900423815,78.12467043347131,78.6565887795761,152360100
2009-09-14,78.87381744384766,79.00867032544802,77.27806310807706,77.82496233315597,149593800
2009-09-15,79.20346069335938,79.4956409901035,78.48424721554302,79.0011785089669,196795900
2009-09-16,80.40217590332031,80.41715702163818,79.21097980186447,79.48817335926357,206406300
2009-09-17,80.28229522705078,80.95655402913079,79.84027515362794,80.28978292694842,229170900
2009-09-18,80.3334732055664,80.66468501153325,80.06248277214375,80.65715590420868,153799100
2009-09-21,80.13023376464844,80.54424855442858,79.53556632918477,79.70869560998256,151892000
2009-09-22,80.596923828125,80.822751073662,80.24313049019557,80.60445293444968,143126700
2009-09-23,79.92699432373047,81.31958065933983,79.78396998758312,80.78512885456118,225947400
2009-09-24,79.0462875366211,80.27326809996237,78.70002318886272,80.10013879759684,228636800
2009-09-25,78.6247329711914,79.30973820840181,78.35374251944077,78.87314184246726,204059000
2009-09-28,80.03239440917969,80.20552946777997,78.91079831207358,78.9258507878951,118285800
2009-09-29,79.7915267944336,80.5593295253342,79.62592081993792,80.17543103139823,133733900
2009-09-30,79.4828872680664,80.13778197994996,78.75272443121952,80.0625081119586,254383000
2009-10-01,77.51069641113281,79.58828876948296,77.4956381895997,77.53327800040366,281840600
2009-10-02,77.14936065673828,77.60853870405757,76.77298558470791,76.79556717014528,224748800
2009-10-05,78.30109405517578,78.52692147231302,77.23218986585637,77.45801728299361,149875000
2009-10-06,79.42269134521484,79.87434040836425,78.8204887656627,78.8656519490688,202491100
2009-10-07,79.64096069335938,79.72376366153101,79.0914506084955,79.24199832715631,159200300
2009-10-08,80.25069427490234,80.67223252283512,79.6786025505451,80.20553110348895,183305800
2009-10-09,80.73997497558594,80.73997497558594,80.06249875676991,80.27326785972883,135008300
2009-10-12,81.05614471435547,81.36476932120782,80.75504347479645,81.11636611087296,118031000
2009-10-13,80.89051055908203,81.07869805035378,80.36358788073174,80.837818291247,157692700
2009-10-14,82.2831039428711,82.3659069056146,80.86040684559009,81.8389841818168,191421600
2009-10-15,82.58422088623047,82.58422088623047,81.84652893193254,81.88416299480926,173873600
2009-10-16,81.9669418334961,82.2529847478352,81.47012985143066,81.8991970944525,192069400
2009-10-19,82.64441680908203,82.90034903267144,81.84650370844882,82.10243593203823,159530400
2009-10-20,82.20781707763672,82.79496108923605,81.80886054375645,82.76485040363788,180921100
2009-10-21,81.47013092041016,83.03584647678957,81.40990954511922,82.07985655190824,225379300
2009-10-22,82.29815673828125,82.56161808282498,80.92062289577562,81.44002222003795,238444000
2009-10-23,81.35724639892578,82.62186701756815,81.01850534893335,82.56917473108423,240033200
2009-10-26,80.47650146484375,82.28309678530105,80.25067417827336,81.44754386522764,242028200
2009-10-27,80.10763549804688,80.8378037517372,79.91192467730393,80.56681335360419,253266300
2009-10-28,78.59463500976562,80.15282737427826,78.54946610177579,79.904418480929,248821400
2009-10-29,80.28077697753906,80.43885376539495,78.9935753538332,79.18176282647485,198110600
2009-10-30,77.95478820800781,80.2582071146186,77.86446188349188,80.01732734419822,325608100
2009-11-02,78.52686309814453,79.347363410317,77.59345490436505,78.38383879074163,254222900
2009-11-03,78.77532196044922,78.88823565680256,77.93976864767535,78.09031641412702,228362600
2009-11-04,78.97853088378906,80.03991117084212,78.77529090489959,79.42265638288367,247996700
2009-11-05,80.43134307861328,80.45392466161772,79.3699684762146,79.53557440895003,180015300
2009-11-06,80.64210510253906,80.8453508178024,79.82913947056588,79.98721628075585,170954100
2009-11-09,82.47880554199219,82.52396869780154,81.19913302116922,81.25934864790638,159495700
2009-11-10,82.49385833740234,82.74979628838919,82.0271570774675,82.28308928542842,171899800
2009-11-11,82.91541290283203,83.41975401996937,82.51645632530467,83.03584991537487,169466200
2009-11-12,82.07234954833984,83.2315854912822,81.86158042108268,82.80251812707213,157144500
2009-11-13,82.51647186279297,82.87025960208508,81.86157717787994,82.2831154156937,150963000
2009-11-16,83.71332550048828,84.07464802176433,83.04337847041697,83.08854163194148,210922200
2009-11-17,83.81119537353516,83.84883517664265,83.17888803112827,83.49504170233172,147134100
2009-11-18,83.75848388671875,83.87892663461955,83.23156122221853,83.75096052224468,156486800
2009-11-19,82.66704559326172,83.78864203908563,82.1476459990011,83.18644518752232,208734600
2009-11-20,82.37342071533203,82.62182955742733,82.05726713977032,82.23792550537331,134196000
2009-11-23,83.41979217529297,84.11232110749303,83.2541861821518,83.34451829014588,148010200
2009-11-24,83.54774475097656,83.70582160695592,82.81005275640622,83.55527386117416,138420100
2009-11-25,83.84129333496094,83.93162540288417,83.41975517070604,83.68321652336535,109564800
2009-11-27,82.47880554199219,83.04336796171278,81.51528659788653,81.59808954555429,126001800
2009-11-30,82.75732421875,82.95303505392833,81.38731965737237,82.41105996071235,160874800
2009-12-01,83.78108215332031,84.05207262846957,83.35201485817183,83.49503346120328,159613700
2009-12-02,83.74346160888672,84.31555338163358,83.49505265904591,83.76604319650346,132315100
2009-12-03,83.08857727050781,84.44353012767957,83.02083249916379,83.96929949918402,167324900
2009-12-04,83.56278991699219,84.59405387485027,82.83262140365976,84.18756813310766,274907800
2009-12-07,83.43482971191406,83.9542291895542,83.17136828957061,83.48752773941104,127973800
2009-12-08,82.5089111328125,83.3820979683634,82.25297319863384,82.83259379652266,169863700
2009-12-09,82.81756591796875,82.93800869417468,82.06481579576459,82.48635976945774,155063400
2009-12-10,83.28425598144531,83.64557849293614,83.14123164978884,83.32941914174674,138014600
2009-12-11,83.6380615234375,83.82624904270668,83.26168648489913,83.6380615234375,124854000
2009-12-14,84.2101821899414,84.30803766617052,83.65314280609454,84.2101821899414,107141500
2009-12-15,83.81873321533203,84.24780059753228,83.55527179521403,83.90153619637316,120408800
2009-12-16,83.94672393798828,84.4059021515878,83.75853633382553,84.15749887879569,155358200
2009-12-17,82.9380111694336,83.50257377793591,82.86273730357219,83.3444969367186,183390100
2009-12-18,83.40723419189453,83.4753494449561,82.70340737130927,83.39966454734392,174591200
2009-12-21,84.25483703613281,84.53485031009382,83.82345977386582,83.82345977386582,118039600
2009-12-22,84.55758666992188,84.7392177408658,84.33054350078123,84.43649543999416,91707500
2009-12-23,84.72405242919922,84.84514362193669,84.38349355403035,84.76189487041614,111783100
2009-12-24,85.12517547607422,85.21598811033813,84.76190761717831,84.90570198669184,39677500
2009-12-28,85.30677032470703,85.511104439053,85.00404819972344,85.44299499225244,87508500
2009-12-29,85.18568420410156,85.54138228895197,85.17812033663915,85.52624878008253,80572500
2009-12-30,85.15543365478516,85.2538216969414,84.89055387579938,84.93596596215848,73138400
2009-12-31,84.33808898925781,85.36734105304508,84.30024654725767,85.3446321234774,90637900
2010-01-04,85.7684555053711,85.81386182189397,84.39107475602617,85.04192557127179,118944600
2010-01-05,85.99546813964844,86.03331057516952,85.40516309876742,85.71545490299437,111579900
2010-01-06,86.05601501464844,86.26791879926948,85.8441112300274,85.91222068625055,116074400
2010-01-07,86.41928100585938,86.52523289600742,85.65490884926707,85.89708542302617,131091100
2010-01-08,86.70687866210938,86.74472110387465,86.01819125875966,86.19225263340967,126402800
2010-01-11,86.82793426513672,87.13065057938934,86.45709696447317,87.09281392707955,106375700
2010-01-12,86.01819610595703,86.43443411910074,85.68520107628504,86.25280309107343,163333500
2010-01-13,86.74472045898438,86.98689707222228,85.79871716134474,86.23765830325064,161822000
2010-01-14,86.9793472290039,87.13827512631201,86.59337617900013,86.6463521447695,115718800
2010-01-15,86.0030288696289,86.91118948857854,85.67003394817333,86.82794653215905,212283100
2010-01-19,87.07772064208984,87.1306966024607,85.96521970035523,85.98792863246842,139172700
2010-01-20,86.19225311279297,86.6160607479807,85.5035657056129,86.4874056835767,216490200
2010-01-21,84.53486633300781,86.47984920331626,84.42891440808415,86.2149693910071,344859600
2010-01-22,82.65040588378906,84.56511541356973,82.5595874990686,84.15644134324553,345942400
2010-01-25,83.0742416381836,83.5586007470118,82.80179793951685,83.40723672114449,186937500
2010-01-26,82.72608947753906,83.60398325568588,82.52175531825071,82.74879263146605,211168800
2010-01-27,83.11962890625,83.30882955161215,81.98442503407705,82.62013643100008,271863600
2010-01-28,82.16607666015625,83.43750554706948,81.66658983348334,83.39209922844837,316104000
2010-01-29,81.27301788330078,83.09691463199856,81.14436284741899,82.52174313036654,310677600
2010-02-01,82.53690338134766,82.5444730253064,81.3562929774311,81.84821590371185,187865000
2010-02-02,83.53590393066406,83.69483185041894,82.40069955474516,82.68828835863802,216327900
2010-02-03,83.11962890625,83.6115517389807,82.87745231114425,83.15746557095514,172730700
2010-02-04,80.5541000366211,82.5142167156091,80.53896074567768,82.47638003614601,356715700
2010-02-05,80.72059631347656,80.88708809358027,79.14644496928808,80.64491140785495,493585800
2010-02-08,80.13783264160156,81.22763031199604,80.07728704348052,80.78111374328596,224166900
2010-02-09,81.14437103271484,81.84819764122592,80.42540513966422,81.07625580017749,337820500
2010-02-10,80.98546600341797,81.43197686605261,80.3043423558892,81.01573880708001,240511500
2010-02-11,81.83305358886719,81.92387196897722,80.41026694414624,80.87948658046403,223591600
2010-02-12,81.76495361328125,81.81035992162776,80.6070465588802,80.97030857354355,304622100
2010-02-16,83.05152893066406,83.13477769183449,81.59846909305651,82.38554461524724,159317500
2010-02-17,83.44507598876953,83.55859756035386,83.05153531047011,83.45263985931403,168845100
2010-02-18,83.9369888305664,84.11105021525752,83.27856841391136,83.30884121428075,193708600
2010-02-19,84.11107635498047,84.43650184265303,83.52077099919025,83.71754137576968,222684900
2010-02-22,84.1261978149414,84.44405358930794,83.8764515176762,84.42135043027417,132346900
2010-02-23,83.10450744628906,84.15646279822082,82.88503395772065,83.89915263683169,207497000
2010-02-24,83.868896484375,84.00512123625657,83.14236639898922,83.35427028548327,176350700
2010-02-25,83.75533294677734,83.81587853372231,82.44606782927602,82.67310511940218,259634700
2010-02-26,83.80834197998047,84.0959307445386,83.33155828592754,83.83104514056195,173589300
2010-03-01,84.67864990234375,84.76189865758386,84.13375105857077,84.15645421473695,147709700
2010-03-02,84.91326141357422,85.32193556821697,84.7619031817568,85.04192226196011,160992400
2010-03-03,84.98894500732422,85.49600142752091,84.7770354024865,85.13273359317402,150785000
2010-03-04,85.2462387084961,85.36732988790233,84.784588691414,85.1024443764375,135770400
2010-03-05,86.46470642089844,86.53281589078613,85.59438218178505,85.79872213934061,176118800
2010-03-08,86.47984313964844,86.66904381716701,86.32848490721217,86.47227926978914,114631200
2010-03-09,86.6236572265625,87.02476183040254,86.17714629744178,86.22255262272246,154556700
2010-03-10,87.00959014892578,87.24419709190242,86.58578256833695,86.66146166859278,186088800
2010-03-11,87.3728256225586,87.39553454229402,86.54034422450754,86.80522388198602,160791100
2010-03-12,87.38043975830078,87.76641075513828,87.13826312329314,87.75127146760543,162074800
2010-03-15,87.40315246582031,87.46369807467438,86.72959844567315,87.22909105779867,146816800
2010-03-16,88.09940338134766,88.18264636471339,87.40314052256122,87.64531715093807,168673000
2010-03-17,88.62157440185547,88.90916305628811,88.10694845459948,88.36426431519999,177468100
2010-03-18,88.5761947631836,88.7502561626867,88.22049654600757,88.6291707248515,196509100
2010-03-19,88.12782287597656,89.13091590070135,87.7858557871268,88.12782287597656,226641100
2010-03-22,88.5989761352539,88.75856426815203,87.57308638185992,87.62628049358484,184477800
2010-03-23,89.22209930419922,89.2980900503879,88.43937780506103,88.72815075738927,182941600
2010-03-24,88.7889404296875,89.2372956911261,87.83144658583576,88.88773361829927,196072600
2010-03-25,88.64458465576172,89.7996594036423,88.53819642099867,89.38930229910311,223396300
2010-03-26,88.59137725830078,89.22970657119188,88.2418151396619,88.81175451091026,205808500
2010-03-29,89.1537094116211,89.3132917283828,88.674962461336,89.0397203860134,134513500
2010-03-30,89.21449279785156,89.54125820356344,88.84213410688005,89.2600860831112,145772500
2010-03-31,88.9105224609375,89.30567778754406,88.61415451655212,88.87252419207914,161078700
2010-04-01,89.51847076416016,89.86043203420768,88.98652392464761,89.51847076416016,161215200
2010-04-05,90.24800109863281,90.30879022518594,89.60966598917865,89.86044070352575,105847600
2010-04-06,90.46080017089844,90.62038253876176,89.89086065807604,89.98964808645108,110384200
2010-04-07,89.94402313232422,90.70394221536331,89.52606531756372,90.27838938413262,184576300
2010-04-08,90.25559997558594,90.40758729277611,89.36649591148591,89.63246646941455,158704000
2010-04-09,90.8483657836914,90.88635827471965,90.2784262387441,90.44560363517309,133006500
2010-04-12,90.99275970458984,91.22833869307361,90.8559739620826,90.96236222872983,110279000
2010-04-13,91.06111907958984,91.22070141577916,90.43038475246776,90.90153674340053,125043600
2010-04-14,92.09461975097656,92.09461975097656,91.25110888312999,91.39548960443031,161609000
2010-04-15,92.17061614990234,92.38339263447826,91.91224056311421,91.94263803201424,144615300
2010-04-16,90.70396423339844,92.17060865159502,90.24041301640153,91.84384313465824,366786700
2010-04-19,91.0459213256836,91.13711372069913,90.02763233776646,90.43798941875093,217947800
2010-04-20,91.85902404785156,91.93502060043681,91.09150988670265,91.61585015365849,157708000
2010-04-21,91.69186401367188,92.1250177756427,91.18271368477096,91.91223550505215,192910100
2010-04-22,91.96540069580078,92.07938971261692,90.52155914187051,91.04589934286916,115360300
2010-04-23,92.56574249267578,92.60374076626277,91.66903773461486,91.9046165949536,177335500
2010-04-26,92.2162094116211,92.80135054165781,92.12502280268764,92.5961690761088,143457300
2010-04-27,90.03524017333984,92.20860401228899,89.86045618536338,91.68426364380774,355853300
2010-04-28,90.7191162109375,90.94709420006643,89.87560576796994,90.46834738016098,300674100
2010-04-29,91.84385681152344,92.0338366566908,91.24351980506763,91.26631645885175,193775000
2010-04-30,90.28601837158203,91.9578444619421,90.263221718149,91.85905123343272,270000900
2010-05-03,91.45626068115234,91.70703537054867,90.58235257423101,90.7191382413815,182747900
2010-05-04,89.30571746826172,90.45319728452009,88.84976702798056,90.43800144885796,360353400
2010-05-05,88.77378845214844,89.51851205185817,88.12785808985262,88.57620777504583,328973200
2010-05-06,85.82526397705078,88.91053363067302,79.79150454034757,88.34819512679859,647356600
2010-05-07,84.54862213134766,86.45601538171255,83.14277259936118,85.59730866812005,637558800
2010-05-10,88.27220916748047,88.64456791884638,87.32231025235721,88.00623283306766,396159600
2010-05-11,88.02144622802734,89.18412172791429,87.32232192450003,87.44390598707173,317849800
2010-05-12,89.25249481201172,89.3816854635962,88.21900438567117,88.37099168232275,235607100
2010-05-13,88.14302062988281,89.42728584930612,88.06702987438884,89.00932799750474,234452500
2010-05-14,86.54719543457031,87.6414809152143,85.77208041759634,87.48189858224093,345601400
2010-05-17,86.59276580810547,87.02591939657836,84.93614219298219,86.78274555388694,325739800
2010-05-18,85.4149169921875,87.5578888478947,85.13374480840503,87.29951331187667,360556800
2010-05-19,84.92858123779297,85.69609554419914,83.86469307520412,84.93617625631053,394742700
2010-05-20,81.72172546386719,83.50753473025804,81.66853134266319,83.11997424850065,530418300
2010-05-21,82.9147720336914,83.11994763615208,80.06507545787777,80.48303327475278,500909400
2010-05-24,81.85091400146484,83.12757876490556,81.77492322460908,82.46644683103862,269823000
2010-05-25,81.93447875976562,81.97247703461046,79.32035514849953,79.87509865353132,396505200
2010-05-26,81.4405517578125,83.18836850485138,81.19737780844159,82.43605000487953,349719300
2010-05-27,84.16865539550781,84.19905286038313,82.6640127716596,82.97558243833886,300870500
2010-05-28,83.11238861083984,84.13827866284224,82.71722726781408,84.07748371811135,297933500
2010-06-01,81.7140884399414,83.5530910126799,81.59250441580193,82.33722178267601,277909400
2010-06-02,83.84187316894531,83.84946818535624,81.6989016034054,82.13205524544892,240243700
2010-06-03,84.13066101074219,84.39663159356273,83.27195432971476,84.08506771017977,226618300
2010-06-04,81.1745834350586,83.08198259637396,80.90101200962195,82.53483974550068,398475600
2010-06-07,80.16386413574219,81.77489471291476,80.10307501408714,81.46332509939616,264609100
2010-06-08,81.02259826660156,81.18218062468894,79.52555631032699,80.22468067844049,357774300
2010-06-09,80.58941650390625,82.2840327162308,80.24744945730343,81.49371621897458,268023300
2010-06-10,82.9451675415039,83.04395493329457,80.58181877307875,81.96487124676001,317890600
2010-06-11,83.34793853759766,83.40113264997572,82.16246643447315,82.21566054685121,214128200
2010-06-14,83.21878051757812,84.44225129478933,83.13518891433573,83.98629498702158,207196100
2010-06-15,85.1109848022461,85.18697559341724,83.65953576065658,83.80392232228976,238268700
2010-06-16,85.08055114746094,85.43011327638462,84.50301094424113,84.67019409236185,216374000
2010-06-17,85.21733093261719,85.3617174228566,84.38902186228611,85.32371914719691,263185800
2010-06-18,85.30973052978516,85.61513973498879,85.03485758485613,85.38608283108607,174006600
2010-06-21,85.06537628173828,86.43209782757428,84.59198282334053,86.37101949851134,213140700
2010-06-22,83.66049194335938,85.43952908817896,83.53832942767815,85.06539873818964,239355400
2010-06-23,83.40089416503906,84.01171840290905,82.82824316530063,83.71394034906965,254639900
2010-06-24,82.0189208984375,83.0955079474074,81.80513204978485,82.98861352308107,268523600
2010-06-25,82.36245727539062,82.78239769740468,81.52256478075226,82.26319407585784,238726500
2010-06-28,82.10285949707031,82.70605241910526,81.8050815238931,82.48462672681606,169218600
2010-06-29,79.56795501708984,82.08762200380272,79.06402511493195,80.9499510403936,373649500
2010-06-30,78.81202697753906,80.07949113725358,78.55242223499646,79.34649876320682,284101700
2010-07-01,78.4608383178711,79.01821546423633,77.21627285554126,78.75861642627078,382924800
2010-07-02,78.03323364257812,78.96474678486884,77.59038800264716,78.72805292341377,233385200
2010-07-06,78.5447998046875,79.69010160853085,77.78889641993041,79.13271883419235,256935300
2010-07-07,81.01866912841797,81.11792654432308,78.65934382834298,78.74333311307329,253769400
2010-07-08,81.82038879394531,81.91200923819812,80.8659703309251,81.69822043453088,210842100
2010-07-09,82.43119812011719,82.43883509751835,81.64475838169827,81.79746297787996,144999900
2010-07-12,82.48464965820312,82.6449912402359,81.81274124416478,82.15632951633397,131283600
2010-07-13,83.72923278808594,84.05754717478425,83.17184979549447,83.33982839121542,213025900
2010-07-14,83.7215805053711,84.049900657365,83.11838739704241,83.46197567980717,184426800
2010-07-15,83.74446105957031,84.03460206160405,82.59152237662381,83.69101387958236,232337900
2010-07-16,81.43861389160156,83.38562388126059,81.27826647834388,83.29399762015726,282693400
2010-07-19,81.91960144042969,82.1792003243288,81.10261991565187,81.73635482677709,186709000
2010-07-20,82.8282470703125,82.88932541926404,80.79724196600587,80.83542103124464,258162400
2010-07-21,81.75166320800781,83.27873266613838,81.41570606312062,83.25582755631565,264527000
2010-07-22,83.57653045654297,83.94302977607106,82.71373810631452,82.7213692611835,274781300
2010-07-23,84.30186462402344,84.42402714048875,83.1718307638567,83.40852464440692,222020800
2010-07-26,85.1799545288086,85.26394383674099,84.21026773537425,84.44696169846965,184445700
2010-07-27,85.17231750488281,85.73733168042406,84.83636029630266,85.64570539845435,204855600
2010-07-28,84.62252807617188,85.25626309459014,84.34001822059479,84.99665834143443,163056200
2010-07-29,84.21023559570312,85.37844265523891,83.53832721399355,85.14937993460929,220149100
2010-07-30,84.1949691772461,84.64545768139307,83.21001453617205,83.35508216860288,220070600
2010-08-02,86.09613800048828,86.23357442139061,85.16462512829517,85.50821326789853,188263200
2010-08-03,85.68388366699219,86.1038243484619,85.40137366922227,85.88240436340644,146657300
2010-08-04,86.2564926147461,86.36338697775214,85.63803153945312,85.92053557369515,158171700
2010-08-05,86.16490173339844,86.21071778299006,85.57698249563187,85.7067820146402,140473800
2010-08-06,85.81366729736328,85.95110378090864,84.69127031929413,85.3173685609324,239728300
2010-08-09,86.27176666259766,86.41684009033669,85.76019991520016,86.21831947742636,120800400
2010-08-10,85.80602264404297,86.2641480984219,85.0348568348065,85.53878667919334,242916300
2010-08-11,83.45437622070312,84.51568938421087,83.3169396903412,84.48514728576271,273406900
2010-08-12,82.94275665283203,83.24053466340219,82.15631699284901,82.1944960507401,239542600
2010-08-13,82.69843292236328,83.19473159099034,82.5991755187606,82.68316479308089,158698500
2010-08-16,82.66026306152344,82.92749902467791,81.83564423924068,82.13342228751382,147895300
2010-08-17,83.67574310302734,84.2865730334722,83.13363430677786,83.37033396311087,172270300
2010-08-18,83.82847595214844,84.27895863190334,83.15656750892998,83.63759227591856,182922100
2010-08-19,82.37012481689453,83.59941620182487,82.02653651750981,83.39326438725557,265847600
2010-08-20,82.10285949707031,82.41591142160853,81.50730355071586,82.12576459880616,209714200
2010-08-23,81.78980255126953,82.8969250405887,81.75162350323583,82.4922527627728,163490300
2010-08-24,80.57582092285156,81.23246127132872,80.14824332860888,80.89650411853357,280677800
2010-08-25,80.88886260986328,81.19427180933356,79.62902927347365,80.13295911284526,272234800
2010-08-26,80.34677124023438,81.37754207663696,80.07952939442289,81.2706476684357,224439500
2010-08-27,81.59131622314453,81.6753055038171,79.6443004625457,80.8506866528359,272649000
2010-08-30,80.40782928466797,81.62948934172313,80.40019813265886,81.37752151805749,167238600
2010-08-31,80.40782928466797,80.91940190931524,79.78173112681529,80.11005124772016,273933100
2010-09-01,82.8129653930664,82.92749675279694,81.43860655222083,81.49205374338749,256828100
2010-09-02,83.58413696289062,83.59940509237106,82.83587046159695,83.01148598981004,156112200
2010-09-03,84.6683578491211,84.7447101499404,83.95063340574391,84.40112188359996,212197300
2010-09-07,83.71394348144531,84.37822076310815,83.645228155053,84.27132637184849,141973700
2010-09-08,84.30186462402344,84.63781591328342,83.84373916768382,83.8819182308145,149924400
2010-09-09,84.69126892089844,85.2715569335426,84.46221200231005,85.24865182421452,147017900
2010-09-10,85.11883544921875,85.21809284506854,84.65307890084304,84.8439625411509,127819000
2010-09-13,86.06562042236328,86.24123011692303,85.61513198245785,85.95872604515996,178503500
2010-09-14,86.01217651367188,86.50083820675172,85.5769620112318,85.8976451550704,209823600
2010-09-15,86.34051513671875,86.4397725619462,85.50062803584025,85.76022706734658,168608400
2010-09-16,86.31761169433594,86.37105889746245,85.78313383776269,86.07328079071361,199962900
2010-09-17,86.34981536865234,86.85644880671853,86.11185437249587,86.77200990037417,195836900
2010-09-20,87.67013549804688,87.86204105841993,86.3728520358473,86.64919651130393,214555200
2010-09-21,87.49357604980469,88.15372571698826,87.13279269890133,87.73921490583578,268389100
2010-09-22,87.06373596191406,87.84671413235348,86.8180970147456,87.35543623801657,191322400
2010-09-23,86.35749816894531,87.25561474434411,86.11185929730225,86.34982030706792,202354300
2010-09-24,88.13838195800781,88.19979314039398,87.24026537745777,87.31702642719414,209671800
2010-09-27,87.71617889404297,88.26886776893983,87.63174584706518,88.16907899960816,128761800
2010-09-28,88.02326965332031,88.30729208337979,86.87951378134215,87.83136403053564,209207500
2010-09-29,87.86974334716797,88.2074991013935,87.52430972857518,87.80065428085159,179665800
2010-09-30,87.60871887207031,88.88297452492404,87.19420218462969,88.3149357413169,287106700
2010-10-01,87.97715759277344,88.3686464512749,87.4551744002685,88.26885184345608,174638700
2010-10-04,87.31705474853516,88.1614382824968,86.8795101809781,87.79298278165643,166153200
2010-10-05,89.07488250732422,89.28981579042734,88.02323796472083,88.12303260079923,229634100
2010-10-06,89.06720733642578,89.29749635041861,88.70642394753371,89.05952947422792,148626600
2010-10-07,88.95975494384766,89.45103278634649,88.42242163376889,89.42800505255651,164860000
2010-10-08,89.45870971679688,89.7043486354845,88.74482069428386,89.08257640366449,177760100
2010-10-11,89.54313659667969,89.78877548231814,89.23608652550838,89.5968699198977,103098300
2010-10-12,89.8194808959961,90.08046964925089,88.77551416999096,89.25143621568922,182210000
2010-10-13,90.51799011230469,91.00159574865674,90.10347350535639,90.31841259734144,194347200
2010-10-14,90.16490173339844,90.58709628048973,89.59686295262405,90.43356832859628,217764300
2010-10-15,90.34915161132812,90.84810732867665,89.62759055791828,90.79437399643874,243705000
2010-10-18,90.79434967041016,91.09372184931134,90.04975522568431,90.37983299427951,141204800
2010-10-19,89.60457611083984,90.46430955413402,89.05955898754392,89.95768175454921,280604700
2010-10-20,90.47966766357422,90.9172122614726,89.71204515101601,89.76577849263528,200051800
2010-10-21,90.67923736572266,91.41615421051885,89.97302612152144,90.88649870561518,221585500
2010-10-22,90.8481216430664,90.98629392723397,90.5794549395447,90.8174160403075,108212400
2010-10-25,91.11678314208984,91.9304669274865,91.04769993219946,91.45453889665052,151145700
2010-10-26,91.13212585449219,91.22423678785654,90.47964803168855,90.6561978916327,158982900
2010-10-27,90.87113189697266,90.97092655086183,90.01139861112,90.49499858441212,190024000
2010-10-28,90.886474609375,91.43148569832756,90.4489301657656,91.3931022436366,168576000
2010-10-29,90.95555114746094,91.1321068270358,90.63315123501208,90.7943511912365,144305500
2010-11-01,90.98627471923828,91.92277490794906,90.46429129552213,91.40079148423291,174074800
2010-11-02,91.70783996582031,91.92277327945564,91.42381759766302,91.66945650703104,158345900
2010-11-03,92.07630157470703,92.13003490671831,90.92486801175616,91.86904611023321,226702800
2010-11-04,93.84949493408203,93.8955503935366,92.0916393348211,93.09722257619805,215039400
2010-11-05,94.20264434814453,94.35616652218762,93.78812745043355,93.91094401836891,180654100
2010-11-08,94.02601623535156,94.17954414776878,93.60382765330903,93.9108717651614,156107100
2010-11-09,93.35057067871094,94.3791819953926,92.97443730164768,94.27939318088454,186621600
2010-11-10,93.7266845703125,93.7727458921589,92.62131240638972,93.3275235387697,221387400
2010-11-11,93.37360382080078,93.51177611007601,92.6366868968312,92.92070934047895,158017600
2010-11-12,92.26818084716797,93.1509474982354,91.84599217508688,92.7441086924241,239068800
2010-11-15,92.13770294189453,92.92068096081691,92.09932534111964,92.55989754587164,163940800
2010-11-16,90.70223236083984,91.72316532782344,90.2646821309286,91.56964324667324,299566200
2010-11-17,90.748291015625,91.12442422725793,90.4719465746112,90.740613154349,172308900
2010-11-18,92.08396911621094,92.41404693485018,91.61571905124613,91.6233969139568,197723700
2010-11-19,92.33726501464844,92.3756426065442,91.53893731141763,92.03789285799839,156852900
2010-11-22,92.2605209350586,92.2988985340095,91.17049287927661,91.87670980659125,181361000
2010-11-23,90.92485809326172,91.36240256519396,90.57175254192107,91.17049699230274,222309000
2010-11-24,92.26818084716797,92.29121443131112,91.48520882457731,91.50055869084713,140046100
2010-11-26,91.19353485107422,91.9688291851864,91.19353485107422,91.46987935749819,76007800
2010-11-29,91.46989440917969,91.71553336014463,90.37986607380904,90.96326077853627,223642300
2010-11-30,90.95555114746094,91.4775344680178,90.43356782690408,90.56406804941268,233930700
2010-12-01,92.88996887207031,93.06651870757698,92.26051886973431,92.26819087545692,221037200
2010-12-02,94.0798110961914,94.1489001661063,92.98211069427914,93.03584403465969,191213600
2010-12-03,94.33309173583984,94.44055837537324,93.73434735658441,93.7573750855569,151288900
2010-12-06,94.23332977294922,94.44826311317696,94.03374630424018,94.13353511034755,103050500
2010-12-07,94.28705596923828,95.19285058911345,94.23332263824966,95.13911725812483,206581000
2010-12-08,94.63246154785156,94.70922259466217,93.96463399845764,94.40217840741977,138019200
2010-12-09,95.00093078613281,95.20050835337871,94.53268074764529,95.16213075498203,123705100
2010-12-10,95.55361938476562,95.64573030576943,94.97790270252003,95.29262477677129,117571700
2010-12-13,95.61502838134766,96.10630616719133,95.58432278767079,95.9911675115195,133812700
2010-12-14,95.6994857788086,96.1293583167974,95.40779136729365,95.76089697802047,147249600
2010-12-15,95.26192474365234,95.89905264807784,95.10072476599528,95.52291936687803,160823100
2010-12-16,95.81459045410156,95.88367948859728,94.99323503993513,95.32331277776792,185035200
2010-12-17,95.9172592163086,96.04072165047363,95.5468601392263,95.74749321794978,141075300
2010-12-20,96.14871978759766,96.3802198655441,95.67029492786926,96.17958685714329,119085500
2010-12-21,96.75836181640625,96.82009597505402,96.35710155978255,96.44969691046079,94965500
2010-12-22,97.05931091308594,97.09017799318337,96.77380072494833,96.82781664329546,78878100
2010-12-23,96.92040252685547,97.0593014300763,96.6811900385891,96.9512696039371,70053700
2010-12-27,96.95897674560547,97.05157207895748,96.48826417675842,96.55771067677243,58126000
2010-12-28,97.09790802001953,97.1905033842568,96.84325899377849,97.1519239449227,55309100
2010-12-29,97.1673355102539,97.38339916754445,97.15190491500164,97.21363907059697,58033100
2010-12-30,97.01301574707031,97.32939302349251,96.86639858463673,97.07474990886274,76616900
2010-12-31,97.03612518310547,97.12872638819216,96.71202979623905,96.86635925075888,91218900
2011-01-03,98.0393295288086,98.46373866818062,96.99758462468174,97.77696227033485,138725200
2011-01-04,97.98528289794922,98.28622949989025,97.37567145401191,98.25536242696141,137409700
2011-01-05,98.49456024169922,98.55629437838004,97.58400233117649,97.67660353619775,133975300
2011-01-06,98.30169677734375,98.64122881897686,98.00846830602976,98.53319696705621,122519000
2011-01-07,98.10873413085938,98.59487722772482,97.34479329655895,98.43282952876967,156034600
2011-01-10,97.98528289794922,98.12418178248295,97.38338380677499,97.67661805595294,122401700
2011-01-11,98.33251953125,98.57173196876124,97.96212057215322,98.34023777070603,110287000
2011-01-12,99.2199478149414,99.32797963899826,98.35568733519376,98.9344376602024,107929200
2011-01-13,99.05792999267578,99.30486669381585,98.8110050661257,99.25856900599959,129048400
2011-01-14,99.77552795410156,99.79867678605578,98.84953935218137,98.918985848044,117677900
2011-01-18,99.9453125,100.03790784504454,99.56719521675797,99.68293939806364,114401300
2011-01-19,98.96530151367188,99.9607367925237,98.70294018741153,99.86042909400417,151958400
2011-01-20,98.8341064453125,99.08103125327784,98.10102671227556,98.74150522685638,175745700
2011-01-21,99.05792999267578,99.67525997093597,98.9498981295745,99.45148388829402,151462900
2011-01-24,99.62118530273438,99.73692944719218,98.97298277002362,98.99613159891517,113715500
2011-01-25,99.67521667480469,99.76009965712704,98.85725981310833,99.35883357936821,167552200
2011-01-26,100.06104278564453,100.35427703701173,99.72151086818452,99.92214978736605,141281500
2011-01-27,100.30801391601562,100.4777799332114,99.90674771404487,100.08422608671735,123302700
2011-01-28,98.55634307861328,100.58581114196686,98.39429530522095,100.4237574812803,295637300
2011-01-31,99.29708099365234,99.37425160855648,98.57944372829108,98.82638027631819,149249200
2011-02-01,100.88675689697266,101.06423526684155,99.83729961388079,99.89903378048481,167194300
2011-02-02,100.69379425048828,100.96386785478663,100.57032597588076,100.62433598690734,118323600
2011-02-03,100.9176025390625,101.0719320444924,99.98390137773043,100.51633640527558,145886700
2011-02-04,101.20311737060547,101.24170269238542,100.4931921932852,100.95619250547048,134634800
2011-02-07,101.83586120605469,102.16766899604818,101.41915866212744,101.42688278953112,112439100
2011-02-08,102.29888153076172,102.35289156028502,101.65067875437474,101.92847658008722,99072800
2011-02-09,102.06737518310547,102.34517299195116,101.55807723779068,102.02107751072886,146436700
2011-02-10,102.10596466064453,102.2217088463006,101.3188688744237,101.55036902032236,162708500
2011-02-11,102.71558380126953,102.84676448708049,101.68156302516793,101.70471186533528,137710300
2011-02-14,102.96247863769531,103.04736161839799,102.53807550876658,102.65381967582266,101690700
2011-02-15,102.63842010498047,102.80047377171947,102.10598497046976,102.64614423528496,119575400
2011-02-16,103.28661346435547,103.41007001735514,102.77731544399805,102.98566677497841,130183500
2011-02-17,103.59526824951172,103.7341612813963,102.89305541164015,102.98566254081717,109810500
2011-02-18,103.8113021850586,103.93477047219655,103.44862145070577,103.68783389792063,130002400
2011-02-22,101.72783660888672,103.83446298722781,101.45003881809343,102.72327182405462,233116400
2011-02-23,101.1028060913086,101.9130507217117,100.47776393415343,101.66611409071444,227584000
2011-02-24,101.03334045410156,101.42689420929732,100.08420286875645,100.99476691107795,260431400
2011-02-25,102.11368560791016,102.1754197703173,101.39603627269123,101.45777043509838,141686900
2011-02-28,102.7464370727539,102.87762952303531,102.15226785483074,102.49179985055093,141585500
2011-03-01,101.03334045410156,103.16312753044818,101.00247926476551,103.07053218785424,258565500
2011-03-02,101.24945068359375,101.72016346123607,100.58582302617326,100.8944821239824,200277400
2011-03-03,102.99339294433594,103.10913715785641,102.1599992832204,102.16771163925864,176480100
2011-03-04,102.22171020507812,103.11683783467191,101.55037037017614,102.91619887741903,277202300
2011-03-07,101.41915893554688,102.75413777569243,100.88672399955803,102.52263767006258,216790400
2011-03-08,102.30659484863281,102.63069035258529,101.14139350528556,101.58123319829718,174615000
2011-03-09,102.15995788574219,102.47634097394521,101.55035231724442,102.10594786618182,153806000
2011-03-10,100.2694320678711,101.2262822620717,100.16911257025113,101.08738921114153,301291800
2011-03-11,100.96391296386719,101.32659382345263,99.92217983971608,99.94532867972468,225621800
2011-03-14,100.35429382324219,100.68610166879849,99.590346881172,100.30799614940517,234974100
2011-03-15,99.20452117919922,99.7987021577778,97.61490484976929,97.68435136328723,359585400
2011-03-16,97.36798858642578,99.21226006834706,96.67349391145669,98.88815274120427,468670300
2011-03-17,98.65662384033203,99.07332049917008,98.07787946205012,98.77237389344687,254303700
2011-03-18,99.01545715332031,99.88347204148182,98.82170430521113,99.85246496337255,230435400
2011-03-21,100.54998016357422,100.75922472053179,100.13146739818886,100.2477262000115,153992600
2011-03-22,100.20121765136719,100.66622921678248,100.10822006857826,100.53447869925306,129538600
2011-03-23,100.48799896240234,100.75150004742628,99.44948633855205,99.92223202452803,148603100
2011-03-24,101.4489974975586,101.5962515701447,100.49573669310206,101.0614917594843,159129800
2011-03-25,101.7590103149414,102.20076071187499,101.44125276801047,101.71251151797333,155642800
2011-03-28,101.51101684570312,102.23952964748304,101.48002158478718,101.97602853961244,109762400
2011-03-29,102.19300842285156,102.22400367696737,101.09249360283214,101.42574284395513,129798800
2011-03-30,102.89830017089844,103.20055424163085,102.58054255594558,102.7277966616915,135835000
2011-03-31,102.75877380371094,103.04553610539399,102.65027266477976,102.76653148732281,132537100
2011-04-01,103.19276428222656,103.67327939686056,102.94476678095938,103.39427481685023,153850100
2011-04-04,103.27803802490234,103.59579560820697,102.98354166848122,103.40978857330565,100768900
2011-04-05,103.26251983642578,103.71977370938494,103.03001405883694,103.07651284920769,120791500
2011-04-06,103.58804321289062,103.85154429306921,103.16953036720712,103.75854669435616,120411600
2011-04-07,103.32451629638672,103.83601478714556,102.81300597989346,103.40201033402441,170731500
2011-04-08,102.96805572509766,103.84382273705418,102.54179692167898,103.78182038148962,147945400
2011-04-11,102.65802764892578,103.42528145914316,102.41001829461199,103.07652865215918,121385400
2011-04-12,101.89079284667969,102.28604457077248,101.51879052837232,102.08454577871859,161187400
2011-04-13,101.88301849365234,102.44101590219137,101.49551273794594,102.36352184649239,162059000
2011-04-14,101.96049499511719,102.11549490556644,100.96073552084462,101.29398473702376,161220400
2011-04-15,102.33250427246094,102.58825946409551,101.84425511182761,102.14650909726194,170006700
2011-04-18,101.1855239868164,102.32479211303824,100.3717593501237,101.20877339137279,210759300
2011-04-19,101.76676177978516,101.79776886329685,101.09250553512344,101.34050307452993,124258800
2011-04-20,103.1540298461914,103.37877796580963,102.9137663604622,102.98352637927978,156133800
2011-04-21,103.6810302734375,103.72752906806787,103.15402816664496,103.6887761306305,135935400
2011-04-25,103.57254791259766,103.74305140763036,103.23154092253223,103.60354317272254,65757100
2011-04-26,104.46380615234375,104.67306259112692,103.78180400026325,103.89030514894003,146600000
2011-04-27,105.14579772949219,105.30079764804604,104.23903578892956,104.66529443425449,143031000
2011-04-28,105.48680877685547,105.62630516129622,104.94430312780334,104.95979484225037,124791100
2011-04-29,105.73481750488281,105.84333047193788,105.38606468105753,105.52557290603013,115094100
2011-05-02,105.57205963134766,106.31606399365043,105.36280323069045,106.23082408769184,126278700
2011-05-03,105.19231414794922,105.54882466352028,104.6575542874615,105.37057531860363,138375000
2011-05-04,104.49478912353516,105.19229465752932,104.02977755038202,105.14579586536111,182678500
2011-05-05,103.54928588867188,104.58779844946936,103.09203194670332,103.91354223586362,226900000
2011-05-06,104.00652313232422,105.11479553700734,103.6035139100999,104.58003580142285,222787200
2011-05-09,104.40957641601562,104.71183050380314,103.8360635048911,103.99882116404129,114104500
2011-05-10,105.30081176757812,105.48681879022544,104.62655552730477,104.75830606702846,114806900
2011-05-11,104.19252014160156,105.16128425802417,103.71201692409079,105.14578072095594,193564200
2011-05-12,104.68852996826172,104.9055321906496,103.37875895230576,103.91351865238096,171550700
2011-05-13,103.88256072998047,104.89007828248516,103.5105584335482,104.7428241706762,157444900
2011-05-16,103.2237777709961,104.32429262000599,103.0532743045276,103.51052822563115,141675400
2011-05-17,103.20826721191406,103.3477754139629,102.3945028728798,102.83626504934303,192686200
2011-05-18,104.13056945800781,104.23907061982415,103.03780015459644,103.26256016347722,135217900
2011-05-19,104.3785171508789,104.64977583862375,103.80501635216612,104.47152654921848,119489500
2011-05-20,103.54928588867188,104.37854203548463,103.35553301572891,104.10729510880658,182594900
2011-05-23,102.3480224609375,102.85953291741696,101.98376608972374,102.28602011841839,168700000
2011-05-24,102.26277923583984,102.86728734357969,102.0690263339812,102.64253918074867,147199600
2011-05-25,102.60376739501953,103.0300260659862,101.82101007250726,101.85200532778826,151050100
2011-05-26,103.07654571533203,103.26255276185877,102.13103059053077,102.32478349601072,164850000
2011-05-27,103.4717788696289,103.7507834766235,103.04553201443828,103.36327773500528,120921900
2011-05-31,104.54905700683594,104.56456054958261,103.72754662733537,104.44831354332807,164731200
2011-06-01,102.20075988769531,104.56454726231705,102.11550815202907,104.2467897179486,233094300
2011-06-02,102.09225463867188,102.48751804525462,101.49550433879818,102.27051578607578,200466800
2011-06-03,101.07699584960938,101.85200732997049,100.8134947844634,100.8677394387056,234690200
2011-06-06,100.00749969482422,101.03052076536359,99.8757491313286,100.82126430534609,179951200
2011-06-07,99.94547271728516,100.80573582167698,99.86022099249911,100.51897356972293,161660500
2011-06-08,99.52696228027344,100.1237243677487,99.3409552875481,99.79046331733274,198696400
2011-06-09,100.28649139404297,100.69724657585024,99.55799045937168,99.7982421514773,160964400
2011-06-10,98.89143371582031,99.92219417827107,98.62793273059928,99.86020368529338,238629400
2011-06-13,98.96896362304688,99.38747644462642,98.46521089138128,99.11621769635313,207599800
2011-06-14,100.22447967529297,100.57323243927922,99.83697397625593,99.87571508557129,160570400
2011-06-15,98.44193267822266,100.20896340820313,98.17843167452224,99.38745332270541,300958000
2011-06-16,98.65894317626953,99.17819934039785,97.89942948273918,98.47293620262917,308032800
2011-06-17,98.95339965820312,99.6465792188802,98.61849221208622,99.6387890153377,233284900
2011-06-20,99.45963287353516,99.66992673770913,98.58732037676376,98.61847524338891,159479000
2011-06-21,100.8226089477539,101.01732237248282,99.49856003647022,99.97366126818332,193157300
2011-06-22,100.21511840820312,101.10301127712889,100.15280867721602,100.51108665930039,176703000
2011-06-23,99.92692565917969,100.1917330478988,98.28354398251389,99.03903297366702,334286500
2011-06-24,98.76644134521484,99.98145128398829,98.61846317458378,99.90357304023088,226129300
2011-06-27,99.64654541015625,100.02817612149333,98.63403321179473,98.82874663900408,168904700
2011-06-28,100.94721984863281,100.96280024891456,99.90355883265867,100.04374678210448,165556300
2011-06-29,101.81173706054688,101.97528965089056,100.96278954284517,101.40672988671149,244295500
2011-06-30,102.78531646728516,102.94886907746915,101.80396515309077,102.13886651590032,223322700
2011-07-01,104.3040771484375,104.44427698230449,102.63733084850169,102.87877357333356,202385700
2011-07-05,104.21841430664062,104.42870813853143,103.89129717056859,104.19504964580437,165936000
2011-07-06,104.34304809570312,104.47545182009527,103.67323332948231,103.96920158657433,143331600
2011-07-07,105.42564392089844,105.69045134326281,105.05179744906845,105.26987554799969,170464200
2011-07-08,104.67796325683594,105.42566825746194,103.89132506727167,104.2340226973766,194100500
2011-07-11,102.78531646728516,103.7277227223622,102.54387373886647,103.39282135955267,195918600
2011-07-12,102.34136962890625,103.41619151902651,102.3102207105736,102.5672438531834,214675700
2011-07-13,102.68409729003906,103.75891949561829,102.43487021713767,102.87881076876762,204062600
2011-07-14,101.97534942626953,103.41623409288597,101.78063592453049,102.94113267326797,226111800
2011-07-15,102.56726837158203,102.70745636413666,101.85072423500216,102.54390370615626,220012800
2011-07-18,101.72611236572266,102.24794307317583,100.96283884124749,102.09217466390692,196872100
2011-07-19,103.37726593017578,103.50188539570817,102.27129491340007,102.2946595776416,166554900
2011-07-20,103.31493377685547,103.70436060885923,103.13580076175559,103.64206277397875,137145400
2011-07-21,104.74805450439453,105.00507769105522,103.33053484784762,103.89909480868518,245246300
2011-07-22,104.81813049316406,104.92716953383487,104.17946476611785,104.77140117350002,126019400
2011-07-25,104.2340087890625,104.74805516562886,103.71217815262075,103.82121721270758,136653800
2011-07-26,103.84457397460938,104.33525564984467,103.61091546809898,104.16390687069475,131278200
2011-07-27,101.71832275390625,103.29939519933086,101.58590713440715,103.26823438849559,249020100
2011-07-28,101.42236328125,102.62958929206833,101.2587987210774,101.71833158805363,207939900
2011-07-29,100.72915649414062,101.67935901593275,99.6699149231772,100.40203934662671,307038400
2011-08-01,100.30079650878906,101.99870405891737,99.32722920932935,101.90523351680005,325790900
2011-08-02,97.73834991455078,100.08270123371976,97.73834991455078,99.54529027501314,346653800
2011-08-03,98.2679672241211,98.37700626377415,96.21179398754633,97.8707561263201,370830800
2011-08-04,93.66497039794922,97.06077383092278,93.50919605476754,96.90499948774111,520721800
2011-08-05,93.52477264404297,95.07469015681106,91.01686227189374,94.83324736246068,655619200
2011-08-08,87.43412780761719,93.55591904987507,87.24719862033308,91.05579910623278,702263900
2011-08-09,91.499755859375,91.62436938945295,85.8842141909012,88.84386129309205,717828700
2011-08-10,87.45750427246094,90.56512963867893,87.19269085916456,89.77070128315702,662607400
2011-08-11,91.38292694091797,92.62130175481258,87.48086734793998,88.21299189483125,487979700
2011-08-12,91.99821472167969,92.84716252736375,91.3439744274667,92.21629283902301,313731600
2011-08-15,93.9453125,94.03877111818903,92.68356767482157,92.83155174319516,258810600
2011-08-16,93.14314270019531,93.99988681432134,92.14621057704957,93.04968402751551,294095200
2011-08-17,93.20542907714844,94.39707439254784,92.46552037373314,93.65716568913255,238201100
2011-08-18,89.18656158447266,93.23659947995478,88.31424307893303,90.73647917873578,512956300
2011-08-19,87.73008728027344,90.25357180545645,87.62104822896312,87.97932024643741,428281300
2011-08-22,87.80018615722656,89.7473205389942,87.55095319404761,89.70058527314764,275090600
2011-08-23,90.68974304199219,90.79099190201839,87.68336674385641,88.1273131950224,331136600
2011-08-24,91.9670181274414,92.09163159130345,90.28469179895121,90.49498556110267,246869700
2011-08-25,90.56507873535156,92.9951036524917,90.24575190895145,92.47327326411816,312365400
2011-08-26,91.88138580322266,92.30196757774377,88.67250593586697,90.10560005003332,314495900
2011-08-29,94.52168273925781,94.5762022589739,91.95146322765517,93.11974374344146,190977200
2011-08-30,94.77095031738281,95.35509078878133,92.88612515579446,94.10892563823465,241315700
2011-08-31,95.19152069091797,96.1962428936283,94.47497655853311,95.37844395541326,301828400
2011-09-01,94.19456481933594,96.11054413585804,94.0699453797986,95.24601608615903,254585900
2011-09-02,91.78791809082031,94.14005986751658,91.4608009246889,92.23186451405091,255517200
2011-09-06,91.11808776855469,91.2504974064481,89.08527924618062,89.09306944657007,285130500
2011-09-07,93.68830871582031,93.72724783402714,92.18512089441597,92.49666355098026,209803200
2011-09-08,92.7147445678711,94.19456777683959,92.50445074259456,93.1275360754809,250568200
2011-09-09,90.28471374511719,92.73031373245568,89.78624788414257,91.65549783388826,380195100
2011-09-12,90.86883544921875,90.93893535340464,88.82824310398945,89.15536014437544,305793500
2011-09-13,91.7022476196289,92.0449452038582,90.51839242111976,91.16484252148572,272514700
2011-09-14,92.97178649902344,94.08554774562899,90.90782260175231,92.16956203962738,319389500
2011-09-15,94.57621765136719,94.60737251658716,92.99514538009744,93.96871263503526,326777200
2011-09-16,95.13597106933594,95.48827211987714,94.19651354707659,94.95591126448343,284528300
2011-09-19,94.18869018554688,94.67407999351826,92.9439085754999,93.57804215247283,241517000
2011-09-20,94.07908630371094,95.50393369466599,93.95382807953364,94.58796165182181,218932200
2011-09-21,91.30767059326172,94.4157180274666,91.15892683849766,94.12605504987202,316251300
2011-09-22,88.356201171875,89.41309233008953,87.13490525330931,88.66152515151641,513911300
2011-09-23,88.8885498046875,89.37393948739151,87.69856412222742,87.76902670866512,307242500
2011-09-26,91.00233459472656,91.12759876423148,88.45013985676948,89.72623722574802,260673700
2011-09-27,92.02007293701172,93.60149404454666,91.47205122705219,92.79512547165504,311753900
2011-09-28,90.14119720458984,92.76385548747649,90.00810845565334,92.20800897168884,286696800
2011-09-29,90.85360717773438,92.09055822267926,89.19389247124032,91.63649045898008,298108900
2011-09-30,88.583251953125,90.3838800683941,88.52061985183062,89.60099672099209,288392300
2011-10-03,86.06233978271484,89.20952722982217,85.96839166006833,88.06651861578123,365136800
2011-10-04,87.9491195678711,88.13701588711027,84.1051651238975,84.82541642886844,459177500
2011-10-05,89.57749938964844,89.81236675213562,87.35411384258374,88.16831313350079,284108000
2011-10-06,91.19806671142578,91.33116140129313,88.86507800729949,89.53052756493584,257800800
2011-10-07,90.58740234375,91.79304302863822,90.07852713663969,91.73041094744102,312657900
2011-10-10,93.61719512939453,93.65633571426902,92.12188502071785,92.1297155268632,230666300
2011-10-11,93.71111297607422,93.9772963595571,92.96737635440878,93.06132448497766,209088000
2011-10-12,94.53313446044922,95.6213414931745,94.20432499147987,94.41570080069614,281544900
2011-10-13,94.34527587890625,94.62711436781274,93.25706848065522,93.97731974211577,212538800
2011-10-14,95.95801544189453,95.98150098757598,94.90895458194888,95.44131551812424,211397600
2011-10-17,94.12606811523438,95.94235725442746,93.89120072027389,95.50393851536295,202311600
2011-10-18,95.9658432006836,96.68609445461655,93.3196936350425,94.05560590093218,318857900
2011-10-19,94.83062744140625,96.35725306514857,94.50181797398754,95.80923131319337,226601300
2011-10-20,95.24557495117188,95.59003950471553,93.80506672742362,95.0655091833565,262075600
2011-10-21,97.05406188964844,97.17149560129515,96.07545758080376,96.36512063354871,278999400
2011-10-24,98.2440185546875,98.48671642670303,97.1244952547715,97.21061289114391,203215600
2011-10-25,96.33377838134766,97.82125165571117,96.12239657638884,97.77428057590907,268596800
2011-10-26,97.31237030029297,97.68032033467183,95.67614153922973,97.35151087096786,289053800
2011-10-27,100.70230102539062,101.32077368875296,99.12087312679682,99.91941161001107,393220200
2011-10-28,100.67879486083984,100.87451568137347,100.05248584596205,100.20906011321878,225906500
2011-10-31,98.2518539428711,100.69444601104941,98.11093471025116,99.55144308513565,228146700
2011-11-01,95.51176452636719,96.69392000562912,95.13597790670075,95.53525007017278,416565800
2011-11-02,97.06970977783203,97.39069483448583,96.13025209973661,96.94445154145156,244717600
2011-11-03,98.83903503417969,99.03475589563351,96.76439270818385,98.07180662919298,291174800
2011-11-04,98.2362060546875,98.4084353756019,97.08536656668667,98.04048521585541,249401600
2011-11-07,98.84683990478516,98.94861257609244,97.23409636308618,98.16572933332066,196617200
2011-11-08,100.11511993408203,100.22472909739255,98.41626451019444,99.36355264019065,224426300
2011-11-09,96.4198989868164,98.48671018287251,96.1850316347044,97.77428359494434,337982000
2011-11-10,97.32804870605469,97.81343848779015,96.31029805732481,97.69600480171741,231866500
2011-11-11,99.15995788574219,99.41830472131036,98.47884756506278,98.51016359999409,189924400
2011-11-14,98.22052764892578,99.77846357771593,97.79776999516326,98.79203502519499,159258300
2011-11-15,98.7059097290039,99.23044000995306,97.64118815914993,97.99348319013383,184709400
2011-11-16,97.14015197753906,98.90946376527874,96.99923275814233,97.71165338686892,235782500
2011-11-17,95.59786224365234,97.20277509568288,94.90892721960394,96.96007725678362,331219600
2011-11-18,95.49607849121094,96.09889582061429,95.096806457338,95.90317505519552,215580400
2011-11-21,93.67981719970703,94.22000260736027,92.88910340564298,94.10256891946158,229611600
2011-11-22,93.31183624267578,94.02425673975493,92.78730003950669,93.47624097277097,216494900
2011-11-23,91.25289154052734,93.31187880330334,91.25289154052734,92.43504720327208,224329100
2011-11-25,91.08062744140625,92.14534905745097,90.9710242726597,91.11194348575165,99557000
2011-11-28,93.71895599365234,94.08691208802134,93.02219035777608,93.58586727060302,210686000
2011-11-29,93.9851303100586,94.7288669589965,93.64065979159903,93.9851303100586,199241500
2011-11-30,97.85258483886719,98.03265063118842,93.9459987307334,96.67825985473301,324439500
2011-12-01,97.83695220947266,98.36148272235768,97.4141944016031,97.74300403897038,176954800
2011-12-02,97.75079345703125,99.03472138289649,97.68816136969035,98.73722792741417,221109700
2011-12-05,98.81552124023438,99.56708841663172,98.20487328271935,99.30090501522069,225263900
2011-12-06,98.84683990478516,99.51228946655615,98.45539828339926,98.80769335347652,178842100
2011-12-07,99.21478271484375,99.62970982234938,97.8369067194336,98.51801122687706,237802500
2011-12-08,97.03836822509766,98.7842003527393,96.80350685375541,98.56499401698333,240862800
2011-12-09,98.68243408203125,98.93295647811398,97.3906755507289,97.47679318434406,209111400
2011-12-12,97.24189758300781,97.83689034074811,96.41987400940937,97.82122933577101,215826100
2011-12-13,96.33377838134766,98.3066413810567,95.86404369162791,97.75079503600803,245159800
2011-12-14,95.30821990966797,96.31814017497251,95.09684402759311,95.95018403494767,238618800
2011-12-15,95.6526870727539,96.45122545441045,95.50393732626925,96.318136719622,199109200
2011-12-16,95.79447937011719,96.86595362240378,95.56600863483791,96.29870785131615,220481400
2011-12-19,94.77027893066406,96.36961012260555,94.56543667623235,96.16476786817383,183903000
2011-12-20,97.6380615234375,97.80350898151154,94.83332288232296,96.25932669534697,225418100
2011-12-21,97.8271255493164,97.97681865525361,96.70838236495872,97.63804363342071,194230900
2011-12-22,98.69377899169922,98.79620314365874,97.87442184086527,98.189556432352,119465400
2011-12-23,99.5761947631836,99.6077094318638,98.80410641834806,99.00894274855675,92187200
2011-12-27,99.65495300292969,99.91494444509932,99.31617791456507,99.40284172862162,86075700
2011-12-28,98.3471450805664,99.68648533573655,98.26836142040487,99.67073100802743,119107100
2011-12-29,99.36345672607422,99.46587486897943,98.37076591564296,98.67014618700159,123507200
2011-12-30,98.87498474121094,99.52890042551938,98.87498474121094,99.28466330813262,95599000
2012-01-03,100.45067596435547,101.14398643753546,100.39552681406221,100.6555182415047,193697900
2012-01-04,100.60824584960938,100.69490966099805,99.828277557918,100.21432161995419,127186500
2012-01-05,100.8760986328125,101.02579174453378,99.6076683043118,100.06462179528813,173895000
2012-01-06,100.61614227294922,101.01794673513962,100.2852473091725,101.00218639735537,148050000
2012-01-09,100.8603744506836,100.98642108189844,100.3797863556835,100.84461411367619,99530200
2012-01-10,101.73484802246094,102.1445204555044,101.59302908670725,101.93968423898266,115282000
2012-01-11,101.79000854492188,101.92394132726162,101.2542774155629,101.41971884367165,111540700
2012-01-12,102.03425598144531,102.18394912147954,101.27004196667046,102.08153699009891,118983700
2012-01-13,101.5063705444336,101.67182397442839,100.6239843087569,101.34880329115002,179836200
2012-01-17,101.90030670166016,102.67240677051238,101.55365149060198,102.48331883131367,132209200
2012-01-18,103.02694702148438,103.08209016273506,101.69548119363161,101.87668297433176,163395200
2012-01-19,103.570556640625,103.65722044606446,103.05057380798829,103.38146869559003,126328900
2012-01-20,103.95659637451172,103.95659637451172,103.14511346551546,103.39723072970719,138230200
2012-01-23,103.68871307373047,104.19293549431299,103.19236480820317,103.60992343673507,129295800
2012-01-24,103.570556640625,103.60206528732452,102.89300653126546,103.05057380798829,103083300
2012-01-25,104.43716430664062,104.6813953458514,103.0111608674212,103.41295915564436,198613200
2012-01-26,103.90145111083984,105.09897202641288,103.49176657571614,104.9020099258974,184880500
2012-01-27,103.85418701171875,104.03538878665864,103.32631797850634,103.39723347445076,135259100
2012-01-30,103.49966430664062,103.55481947772199,102.4675845883151,102.82211404567356,147311800
2012-01-31,103.46025848388672,104.13779657254477,102.95602396311537,104.01174996396458,157212000
2012-02-01,104.36629486083984,104.89415192894592,104.09842924806024,104.22447587538248,166234500
2012-02-02,104.53172302246094,104.79960062278155,104.16144532343138,104.57111784794452,113090400
2012-02-03,105.99713897705078,106.06016830385242,105.39050424711289,105.5717060481583,160598500
2012-02-06,105.92621612548828,105.97348510654336,105.43775395910212,105.55592641173985,107694500
2012-02-07,106.194091796875,106.37530560363415,105.2880708495346,105.7056295840425,135528100
2012-02-08,106.50923919677734,106.5328736897283,105.81592867924532,106.24924775270283,139361400
2012-02-09,106.64317321777344,106.82437500634244,106.01289201476914,106.68256804701385,148602900
2012-02-10,105.85533905029297,105.94200287770893,105.44565440963429,105.69777173361369,167907500
2012-02-13,106.64317321777344,106.76923186269711,106.15471099571178,106.61166456734955,115841900
2012-02-14,106.50923919677734,106.57226851851789,105.76865969334338,106.35954606034531,165329500
2012-02-15,106.01290130615234,107.0134723528051,105.80017882690159,106.85590504364772,195195100
2012-02-16,107.18677520751953,107.2813131668247,105.83167502328779,106.02076296351048,186567800
2012-02-17,107.4704360961914,107.6437637590894,107.11590661176052,107.55709992764041,129869400
2012-02-21,107.51766204833984,107.97461552017214,107.18676719389815,107.72249828539097,134042300
2012-02-22,107.17098236083984,107.58066676289509,106.98189447798157,107.35218406840693,124455300
2012-02-23,107.64373016357422,107.72250779018563,106.75345762941659,107.11587318098904,137704300
2012-02-24,107.88008880615234,108.09281126616222,107.64374387460138,107.88008880615234,105539100
2012-02-27,108.06124114990234,108.35274108075083,106.98976732374777,107.16309485603801,145728900
2012-02-28,108.3764419555664,108.50250060566117,107.88009353432739,108.09281600366047,129355900
2012-02-29,107.95098876953125,108.87276993474737,107.57281289025364,108.53398887892939,185934700
2012-03-01,108.51038360595703,108.71523193445823,107.88010232573465,108.17948863870377,145023500
2012-03-02,108.17945861816406,108.58126898387866,107.93522754498737,108.439450024917,120638300
2012-03-05,107.73826599121094,108.09279535797474,107.36797629079187,108.01401773292292,140765000
2012-03-06,106.16258239746094,106.69831359206054,105.85532197194323,106.63529629284838,202129900
2012-03-07,106.90316772460938,107.0764953609369,106.30439515489087,106.40681930952469,143692200
2012-03-08,107.96675109863281,108.1873597343252,107.33648192790204,107.55707854198059,116968900
2012-03-09,108.38431549072266,108.667929387928,108.03766025420973,108.17159304620552,122836800
2012-03-12,108.39219665527344,108.53400361304445,108.00614656754031,108.3685621623116,104003500
2012-03-13,110.34603118896484,110.40118634044532,108.79396907322003,108.9751828381321,184090500
2012-03-14,110.22789001464844,110.65332292862539,109.88910889766903,110.37758315785229,145163600
2012-03-15,110.86602020263672,110.91328917993535,110.10968050102359,110.39330638642704,165118500
2012-03-16,111.01956939697266,111.161997828371,110.7821766036764,111.06704554077211,152893500
2012-03-19,111.45475006103516,111.7950036934848,110.86918297753942,110.94831790681816,125291100
2012-03-20,111.13035583496094,111.26487560623526,110.49731238391149,110.82174881279052,121729700
2012-03-21,110.94835662841797,111.29651904558813,110.71887249799535,111.19365809078069,122388400
2012-03-22,110.14910125732422,110.42606144828716,109.78510954415096,110.13327185587892,135216700
2012-03-23,110.50519561767578,110.63180669360642,109.63477163782038,110.2440768757269,120521000
2012-03-26,112.05613708496094,112.05613708496094,111.25692740749983,111.29648279876696,120164000
2012-03-27,111.70796203613281,112.23022360011178,111.63674784312528,112.15900940710425,119868500
2012-03-28,111.154052734375,111.82666341589888,110.49727145369624,111.65257622948788,148562100
2012-03-29,110.96414184570312,111.16988784437046,110.06205913992635,110.49727712830455,164963700
2012-03-30,111.42308807373047,111.61300465399226,110.8217036810101,111.51013166373029,135486800
2012-04-02,112.2381591796875,112.53094883386983,111.06703678585244,111.28860015565101,151741100
2012-04-03,111.7791976928711,112.26981262337472,111.1224162801094,112.07989599792518,155806700
2012-04-04,110.67139434814453,111.0512155709107,110.25991431347346,110.9562632837939,146896000
2012-04-05,110.61595916748047,110.94039546853655,110.19657061218155,110.29153494071917,137439400
2012-04-09,109.37361145019531,110.6555150454323,109.07291324418426,109.22326234718979,127555900
2012-04-10,107.53779602050781,109.46857230172937,107.42701436868171,109.15996540919276,235360300
2012-04-11,108.40823364257812,108.83553085665483,108.2104083987048,108.63770561278152,154133000
2012-04-12,109.8246841430664,109.91172775479494,108.4319984297074,108.51113337647794,154321500
2012-04-13,108.51904296875,109.84843522520963,108.41616995192875,109.5714749834437,169246700
2012-04-16,108.44783020019531,109.23121064854747,108.07591767599459,109.07295282585093,147825300
2012-04-17,110.05414581298828,110.2757091296298,108.9621465564728,109.07292821479356,147877600
2012-04-18,109.68225860595703,110.05417113180133,109.50026271276661,109.56356825698457,123884200
2012-04-19,108.97796630859375,110.10952085594731,108.46362552785016,109.69805306107008,198666700
2012-04-20,109.15996551513672,109.85631422688773,109.09665998913258,109.46066374508274,143199600
2012-04-23,108.2420654296875,108.33702976630768,107.56946678106358,108.0442401669812,171844900
2012-04-24,108.6535415649414,108.93050175278272,108.24998238985116,108.33702598537596,137484200
2012-04-25,110.1412124633789,110.18868860198404,109.61895079012692,109.7139030673372,150252200
2012-04-26,110.90874481201172,111.03535586271244,109.84048369245276,109.90378921780312,136291600
2012-04-27,111.09075927734375,111.40727488287078,110.62389453318767,111.24110841597282,130725000
2012-04-30,110.67931365966797,110.94836528954261,110.3786273634436,110.86923032646769,115092200
2012-05-01,111.3676986694336,112.09569408549537,110.4893541428482,110.61595311681545,138832200
2012-05-02,111.03536224365234,111.14614390080824,110.3548428998961,110.71883459871046,121081000
2012-05-03,110.18869018554688,111.13824919418931,109.98295622386867,111.05120558072971,143759700
2012-05-04,108.40823364257812,110.22822830107158,108.34492811562329,109.6110145061304,193927300
2012-05-07,108.48738861083984,108.85138036520233,107.98095637594216,108.0205117725882,127765900
2012-05-08,108.05216979980469,108.22625701126061,106.76234511700765,107.83851511769117,213377700
2012-05-09,107.41123962402344,108.09966787083577,106.42211302835086,106.90480729001105,220752500
2012-05-10,107.63275146484375,108.28953265872113,107.38745011849183,108.15500088076026,150600000
2012-05-11,107.308349609375,108.30538471325303,106.91269903373012,106.96017517091992,153032400
2012-05-14,106.12140655517578,107.30835837911363,105.96314872684373,106.27966438350782,163910000
2012-05-15,105.51209259033203,106.67530624839821,105.34592611020678,106.05018365171715,207629300
2012-05-16,105.10850524902344,106.46954383098884,105.08476718678054,105.98684977489305,207265500
2012-05-17,103.54965209960938,105.25886520294183,103.49425523247301,105.13225414174046,247992900
2012-05-18,102.66340637207031,104.13522686249631,102.51305723512039,103.95321892076943,319615900
2012-05-21,104.42799377441406,104.46756123921188,102.82956237608391,102.99574089851669,177861100
2012-05-22,104.61000061035156,105.4250397587495,103.92948119695852,104.69704421233077,197531200
2012-05-23,104.66539764404297,104.81574678172167,102.86123214049104,103.85826715846564,204958400
2012-05-24,104.87113189697266,105.11643330159399,103.99278720908238,104.9502668352424,167357600
2012-05-25,104.53087615966797,105.12435196207116,104.27765402164714,104.83156235569757,135465600
2012-05-29,105.79695892333984,105.97895480287912,103.79496802551664,105.36966162479175,152883500
2012-05-30,104.26179504394531,105.78901195421103,104.04815250917643,104.89483813512862,162370400
2012-05-31,104.03237915039062,104.80785101580848,103.13820484964505,104.22229580233547,196186000
2012-06-01,101.41316223144531,104.05610527754541,101.41316223144531,102.4022887074676,253240900
2012-06-04,101.36567687988281,101.87210910660731,100.6060225026477,101.59514888877344,202545800
2012-06-05,102.13325500488281,102.28359209536703,101.11246966204149,101.16786050635892,164149400
2012-06-06,104.42799377441406,104.47546990245343,102.81373297530578,102.84539177686204,184202800
2012-06-07,104.49134063720703,105.66246319785765,104.27768590221882,105.614987051038,184772700
2012-06-08,105.3221664428711,105.34590450659238,103.88990151068273,104.22225855137044,143915400
2012-06-11,103.9848861694336,106.23217851923448,103.88201315699925,106.1688729788362,169756100
2012-06-12,105.17976379394531,105.25097801070768,103.78707789974031,104.28558949137606,181931800
2012-06-13,104.50713348388672,105.5279065063054,104.15103835871466,104.87112519836649,172223900
2012-06-14,105.61495971679688,106.03434833756141,104.43591672062496,104.72078560211564,230615500
2012-06-15,106.69512939453125,106.79057366628678,105.86791738664192,106.09062877864523,169444500
2012-06-18,106.90191650390625,107.16440035652245,106.01107104304575,106.24969383059313,131360900
2012-06-19,107.93594360351562,108.37341670382038,106.8780585198185,107.44279872873182,137382600
2012-06-20,107.76091766357422,108.25407450726455,106.79848930753467,107.94386862121426,206451800
2012-06-21,105.34291076660156,107.99954720345794,105.25541617080779,107.88819154852553,205272200
2012-06-22,106.15425872802734,106.35310904532804,105.48611243788322,105.89177485276718,130029200
2012-06-25,104.45207977294922,105.07249166888197,104.07824027964901,105.03271918594109,146375700
2012-06-26,104.97703552246094,105.29520324985758,104.14186192622425,104.75432418171219,141634000
2012-06-27,105.92357635498047,106.13037629772565,104.9690973422856,105.32702545493878,108088000
2012-06-28,105.621337890625,105.78042786704796,104.42028624454316,105.22363722328994,169242100
2012-06-29,108.25410461425781,108.38932135738743,107.25985314695883,107.53823627568731,212250900
2012-07-02,108.58021545410156,108.69157113868998,107.79277601910465,108.55635438860828,129524500
2012-07-03,109.29606628417969,109.3755991107701,108.44498129534624,108.55633696205874,80450000
2012-07-05,108.80292510986328,109.6062880916836,108.4052245087591,108.89041972758056,126177500
2012-07-06,107.76889038085938,107.99160169925504,107.25983420497548,107.75297896187209,151192100
2012-07-09,107.63368225097656,107.83253252518821,107.14052531786851,107.68140437489015,103780500
2012-07-10,106.69512939453125,108.35751519086325,106.32923945803404,108.18252593473773,167884800
2012-07-11,106.71102905273438,107.06100752639655,106.09061708100936,106.75080154053404,141733400
2012-07-12,106.19400024414062,106.76669002732547,105.47019444157642,106.09060635055033,143583200
2012-07-13,107.97569274902344,108.08704841076731,106.45647382770167,106.47238524705276,129642600
2012-07-16,107.72119140625,108.03935920592359,107.2996296914355,107.7291531867797,97525200
2012-07-17,108.46090698242188,108.68361834514245,107.02123276738565,108.15070100314257,138860300
2012-07-18,109.26428985595703,109.47905163900398,108.14278307085085,108.20640450440452,113349700
2012-07-19,109.55060577392578,109.90853389274945,109.13700588130521,109.48697222040123,129847300
2012-07-20,108.54838562011719,109.09721430348078,108.4290803136717,108.93017473759991,142904500
2012-07-23,107.45072174072266,108.47679586139147,106.45647045774864,106.9575769881616,145210900
2012-07-24,106.52806854248047,107.57800386989707,105.81221237332053,107.53028174353418,173301200
2012-07-25,106.55194091796875,107.0291743147629,105.98720077437552,106.7507912008475,129122300
2012-07-26,108.30978393554688,108.54045708868138,107.58596590404969,108.08707256229536,156526500
2012-07-27,110.30621337890625,110.6164314442621,108.28590002299067,108.88245081909284,236768900
2012-07-30,110.30621337890625,110.83118099232183,109.98010816771506,110.17895843308246,106782000
2012-07-31,109.53472900390625,110.45738537752307,109.53472900390625,110.15514110722697,120575900
2012-08-01,109.43925476074219,110.34601169766688,109.28812658177809,110.32215063118412,138293800
2012-08-02,108.68360137939453,109.42333068334658,107.84047818972871,108.61201819616413,199556600
2012-08-03,110.83917236328125,111.06983339247411,108.71544028171186,110.21079856031194,157825000
2012-08-06,111.05393981933594,111.49141301763463,111.00621767713284,111.13348481424923,86326200
2012-08-07,111.61067962646484,112.08791296778631,111.38000652849797,111.49931182961416,109545100
2012-08-08,111.7459487915039,111.87320379346586,111.20506951993175,111.23689237306903,89754700
2012-08-09,111.84135437011719,112.06406571755058,111.47546450684337,111.58682018056007,90291700
2012-08-10,112.02429962158203,112.06407210807565,111.20503737462062,111.38797624826066,99792700
2012-08-13,111.96865844726562,112.02433023408284,111.38800668687553,111.83344166572418,79426900
2012-08-14,111.98453521728516,112.45383117280596,111.65046815297426,112.3822358372067,102379400
2012-08-15,112.11177825927734,112.30267888512482,111.7936226863887,111.86520586976008,71085900
2012-08-16,112.93901062011719,113.07422735555734,111.99248133517807,112.27086444807554,112014200
2012-08-17,113.09012603759766,113.18558242558578,112.83560398896459,113.12989852118788,90813700
2012-08-20,113.09807586669922,113.12193692696064,112.62083038775737,112.93103630801257,78255700
2012-08-21,112.75606536865234,113.81395038003754,112.50949294811494,113.37647730963634,105581100
2012-08-22,112.8038101196289,112.9867490072171,112.20725918731716,112.4697309170977,133243500
2012-08-23,111.8811264038086,112.53334902242048,111.70613718340728,112.52539938035065,111466400
2012-08-24,112.55721282958984,112.81174702432743,111.5311506820927,111.60273387304073,99481200
2012-08-27,112.5810775756836,113.01060100913806,112.42199976719849,112.85947284317663,68785900
2012-08-28,112.4697265625,112.81970503780335,112.12770986690948,112.29473732484833,75689600
2012-08-29,112.55721282958984,112.85946915162612,112.24700686528992,112.5651746087119,65421300
2012-08-30,111.7459487915039,112.10387699969272,111.50732594042391,112.07205414655546,96589900
2012-08-31,112.27881622314453,112.8037838340973,111.64249294958273,112.38221010758774,151970400
2012-09-04,112.17539978027344,112.51742851449048,111.45954374955807,112.18334942084375,120226200
2012-09-05,112.0799560546875,112.5253786657636,111.85724474914944,112.22312240673801,100660300
2012-09-06,114.35482788085938,114.3627775231701,112.74811414342285,112.75606378573357,158272500
2012-09-07,114.80027770996094,114.84799984881703,114.44234953167886,114.54574345357995,107272100
2012-09-10,114.14801788330078,114.88774728480868,114.10825753416724,114.68889699170616,86458500
2012-09-11,114.46619415283203,114.83207192272802,114.18779886702714,114.21962171293264,88760000
2012-09-12,114.84798431396484,114.97525142494062,114.45823333792393,114.84798431396484,87640900
2012-09-13,116.59786987304688,116.95579801906763,114.5298338422268,114.8320780733602,225470200
2012-09-14,117.11491394042969,117.80690931856583,116.73311250564987,116.8285689327763,169777000
2012-09-17,116.71720123291016,117.075129421516,116.42289447337325,116.87627907930589,119427800
2012-09-18,116.62165832519531,116.77278641509139,116.32736392077835,116.51826447699224,98326600
2012-09-19,116.68534851074219,117.05918802934538,116.45468751304551,116.75693170276614,128318300
2012-09-20,116.69329071044922,116.75691211255663,115.83425613972031,116.15241169768366,154009800
2012-09-21,116.64449310302734,117.28421308367311,116.59651623976656,117.26022465204272,108737500
2012-09-24,116.4686279296875,116.73251301096352,115.9808425736894,116.06880426744807,95682000
2012-09-25,115.2291259765625,116.94036989616669,115.19713326686318,116.71646973484604,133165200
2012-09-26,114.58143615722656,115.23715268504303,114.30955905129417,115.20517216737636,146502200
2012-09-27,115.66098022460938,115.92486528694873,114.75737490826393,115.06124477428784,111830300
2012-09-28,115.12520599365234,115.5969949035589,114.71739032262855,115.22115975115261,150696100
2012-10-01,115.42906188964844,116.50058605783836,115.15717260681603,115.56500043024153,135911200
2012-10-02,115.54900360107422,116.06876932484964,115.01324151916297,115.88485391204935,113422200
2012-10-03,116.02079772949219,116.29267482193701,115.2531433271013,115.86087074579798,121283100
2012-10-04,116.85247039794922,117.02038950742995,116.30071177778359,116.46063880641054,124311600
2012-10-05,116.86043548583984,117.6760790055814,116.50858878314163,117.47616721556172,124842100
2012-10-08,116.46063995361328,116.84446726642892,116.19675486303683,116.42865942823293,78415400
2012-10-09,115.30913543701172,116.46862155370091,115.26915063264674,116.37266778454432,148872900
2012-10-10,114.57344818115234,115.40508809003528,114.42151326308829,115.29312577007417,124247500
2012-10-11,114.63741302490234,115.541018186172,114.61342458713828,115.3730869201766,123601500
2012-10-12,114.2615966796875,115.1092208244061,114.01370798094702,114.71740147542234,124181900
2012-10-15,115.21312713623047,115.33306929090628,114.16559164658361,114.53342238868507,107689100
2012-10-16,116.38059997558594,116.46056954316374,115.67691902780143,115.75687639373633,108815500
2012-10-17,116.90841674804688,117.0043827079759,116.28469291592334,116.46061627387078,128834100
2012-10-18,116.60457611083984,117.16432678515699,116.21274453799306,116.60457611083984,148108500
2012-10-19,114.66139221191406,116.39662487951763,114.3895151380914,116.3886328014567,185645200
2012-10-22,114.6773910522461,114.8852949011443,113.77378594431683,114.46947500170171,125578600
2012-10-23,113.08612823486328,113.59790205741386,112.6143392206597,113.43797502567627,192056300
2012-10-24,112.76626586914062,113.6298864189214,112.59034248668623,113.4939356402207,120179400
2012-10-25,113.09407806396484,113.77378294697516,112.40639330457695,113.56587910355412,134457400
2012-10-26,113.03013610839844,113.42195542563732,112.26246943101663,112.99015130824299,146023500
2012-10-31,113.03013610839844,113.5738903452393,112.49436174928161,113.42995970665716,103438500
2012-11-01,114.21360778808594,114.35753842319664,113.16607193817708,113.27001777409673,100995600
2012-11-02,113.19806671142578,114.92530776014914,113.07812450039602,114.89331503610845,137702200
2012-11-05,113.42996215820312,113.68584292176212,112.69427598405666,113.03013855130308,98378500
2012-11-06,114.31755065917969,114.76535106675583,113.65384212593435,113.77378430594725,107068100
2012-11-07,111.7266845703125,113.29398592408299,111.19891459946012,113.27800176858715,264304500
2012-11-08,110.38328552246094,112.27845753598274,110.2953238492456,111.71070269947523,181517300
2012-11-09,110.47928619384766,111.50283387564681,109.99150079848627,110.04746977085846,201055300
2012-11-12,110.56721496582031,110.99901905855974,110.31932630131737,110.82309570923884,97677500
2012-11-13,110.18338012695312,111.35087038444863,109.83953769458557,109.98346833093078,123018300
2012-11-14,108.696044921875,110.69516304845976,108.44815622644228,110.51925187883712,191505000
2012-11-15,108.51211547851562,109.14384355798104,108.09629554534257,108.73601570369024,178128400
2012-11-16,109.04793548583984,109.26384374673637,107.71252550483833,108.67210015087882,239483900
2012-11-19,111.25492095947266,111.27090511859056,109.07987955791529,110.27134609955311,151495800
2012-11-20,111.30289459228516,111.48681002995987,110.41528572121454,111.07899435468606,119807400
2012-11-21,111.51079559326172,111.60676155093441,111.17494524552605,111.39884547734982,81710800
2012-11-23,113.03013610839844,113.070108706906,111.98258803157637,112.05456555251534,65409200
2012-11-26,112.79022216796875,113.03811080851338,112.1025251966291,112.47035601755145,100124400
2012-11-27,112.21449279785156,113.06211687575731,112.1425274784025,112.67828963704767,128646200
2012-11-28,113.11808776855469,113.18204880116053,111.15095047063751,111.75867789356757,177086500
2012-11-29,113.6458740234375,113.95773599239308,113.04613852916523,113.54192816821887,151085900
2012-11-30,113.66983032226562,113.88573845560872,113.27801105253332,113.6618382438627,136568300
2012-12-03,113.11011505126953,114.28559763017745,113.02215335483254,114.18964385284626,124656300
2012-12-04,112.9501724243164,113.44594980759827,112.64630256919602,113.1021073518766,127512200
2012-12-05,113.15007019042969,113.67784023066726,112.2464650186575,113.04611215781249,147300500
2012-12-06,113.5339126586914,113.58188954122484,112.87820826132004,113.04612735018706,103220600
2012-12-07,113.87776184082031,114.10166208297004,113.28601851419712,113.97371560127074,108726400
2012-12-10,113.92572784423828,114.19760494065636,113.6698349052705,113.71782398256214,98840700
2012-12-11,114.70140838623047,115.237170602392,114.34156954870697,114.39753851373767,152570400
2012-12-12,114.7573471069336,115.5889868961616,114.59742013258852,115.14917856547814,145880100
2012-12-13,114.05366516113281,115.01323920196415,113.76579172871881,114.68538097583928,135715000
2012-12-14,113.62987518310547,114.01370243339393,113.45395181804652,113.8057985481644,137701700
2012-12-17,114.96526336669922,115.0292365968842,113.89372701315804,113.92571972907356,143238200
2012-12-18,116.24472045898438,116.34867850925919,114.98127630032167,115.14920759679259,177762800
2012-12-19,115.3810806274414,116.41263227244397,115.34110803170168,116.37264747505719,150895400
2012-12-20,116.04479217529297,116.06078853498464,115.13319489922577,115.45306108482228,168487000
2012-12-21,114.9914779663086,116.03839497247994,114.30696428825921,114.49218419076776,245883800
2012-12-24,114.6371078491211,114.80621787406677,114.50825392370469,114.74179091135858,53874600
2012-12-26,114.1539077758789,114.92701901312066,113.83178526180347,114.87064081465503,106947700
2012-12-27,114.00090789794922,114.4196770431438,112.68018578297026,114.1861277496326,167920600
2012-12-28,112.76875305175781,113.88814531969899,112.63989913747457,113.25999784780024,148806700
2012-12-31,114.68545532226562,114.80624822916481,112.37418196867834,112.47082858238763,243935200
2013-01-02,117.62482452392578,117.69730024369247,116.55374938624786,116.85977436506606,192059000
2013-01-03,117.3591079711914,117.87451152346814,117.04503412352574,117.56849872842851,144761800
2013-01-04,117.87446594238281,118.06774680781771,117.31074544509589,117.55234345484321,116817700
2013-01-07,117.55236053466797,117.66510465050656,117.11748159629983,117.45572623200262,110002500
2013-01-08,117.2141342163086,117.5040494274041,116.75509667866254,117.34298815194829,121265100
2013-01-09,117.5120620727539,117.83419681284443,117.28657389878248,117.4717936942196,90745600
2013-01-10,118.44624328613281,118.45429204717087,117.55233928351744,118.16437690339873,130735400
2013-01-11,118.43820190429688,118.50261657298418,118.06774997432433,118.41403104330719,113917300
2013-01-14,118.3576431274414,118.43817988060299,117.92276432146213,118.2932161825488,89567200
2013-01-15,118.43820190429688,118.55094600677799,117.73756642842051,117.81004214683288,93172600
2013-01-16,118.4220962524414,118.60731607984049,118.06775412128769,118.19660803955922,104849500
2013-01-17,119.18714904785156,119.52538137462122,118.50262334412656,118.94555101782001,133833500
2013-01-18,119.45293426513672,119.58178821710997,118.72814000142903,119.16301901729148,169906000
2013-01-22,120.09716033935547,120.09716033935547,119.17103662588057,119.45290303610902,111797300
2013-01-23,120.29042053222656,120.39511586954976,119.87971252056538,120.09715195647313,104596100
2013-01-24,120.32268524169922,120.91056452688488,120.0005503477559,120.11329448858864,146426400
2013-01-25,120.9991683959961,120.9991683959961,120.29048381027411,120.70120432617735,147211600
2013-01-28,120.8541488647461,121.06352724350023,120.40316019882347,121.03130762327056,113357700
2013-01-29,121.32933044433594,121.48234297877282,120.53206042772821,120.61259722107059,105694400
2013-01-30,120.8541488647461,121.55477200243294,120.74139248212693,121.31317400344912,137447700
2013-01-31,120.55618286132812,121.103805857844,120.47565838031908,120.70919534988677,108975800
2013-02-01,121.79635620117188,121.9413076112275,121.11183066297598,121.32120901800631,131173000
2013-02-04,120.42733764648438,121.82054766745865,120.33875210924433,121.0554974575781,159073600
2013-02-05,121.64338684082031,121.98966796853969,121.03133679080446,121.07966623279596,113912400
2013-02-06,121.73194885253906,121.81247333058276,121.12795997037756,121.21654549795532,138762800
2013-02-07,121.57089233398438,121.88496607338965,120.68503702377167,121.77222196919764,162490000
2013-02-08,122.24732208251953,122.31979778135474,121.78023598750003,121.78023598750003,103133700
2013-02-11,122.22321319580078,122.32789626282987,121.917188180976,122.19905461970275,73775000
2013-02-12,122.42452239990234,122.65001059793278,122.0943388641488,122.23124153522548,65392700
2013-02-13,122.52926635742188,122.89971846015402,122.18298512695146,122.67423015003577,82322600
2013-02-14,122.64192962646484,122.78689332347085,122.02184332670075,122.15874597553892,80834300
2013-02-15,122.49698638916016,122.88353579332343,122.04601003627232,122.75468189587434,215226500
2013-02-19,123.4150619506836,123.43922052298616,122.53726772186278,122.70637772798077,95105400
2013-02-20,121.8769302368164,123.3667747608803,121.81250326563755,123.32650636786998,160574800
2013-02-21,121.13602447509766,121.94134308930907,120.7494749809685,121.57090340815647,183257000
2013-02-22,122.31983947753906,122.31983947753906,121.1923983729526,121.72389930043683,106356600
2013-02-25,119.99246978759766,123.10100003335415,119.99246978759766,122.91578019853532,245824800
2013-02-26,120.81394958496094,120.95890109434768,119.77508128158915,120.57235144779133,186596200
2013-02-27,122.33598327636719,122.6742157017082,120.60454046336714,120.7092358408024,150781900
2013-02-28,122.0943374633789,123.10903434287438,121.93327622208861,122.3278744200221,126866000
2013-03-01,122.49698638916016,122.68220618662822,121.12794752126953,121.67555815315218,170634800
2013-03-04,123.14929962158203,123.14929962158203,122.02185867277909,122.2151272421826,99010200
2013-03-05,124.25263977050781,124.58282344767078,123.72918743408101,123.7452972517498,121431900
2013-03-06,124.42169952392578,124.75993179562231,124.14789420229302,124.69550484555856,94469900
2013-03-07,124.64724731445312,124.80830862254388,124.43786884275414,124.58282033357878,86101400
2013-03-08,125.17872619628906,125.34783622231787,124.55057866609425,125.19483600911596,123477800
2013-03-11,125.65386962890625,125.66191839176463,124.92908774964968,125.08210026127192,83746800
2013-03-12,125.37194061279297,125.71018509503774,124.99345233634085,125.5652214186212,105755800
2013-03-13,125.54918670654297,125.72635781247683,125.00962462508573,125.4364425744204,92550900
2013-03-14,126.21759796142578,126.27397616944896,125.55724300916837,125.87936557785176,126329900
2013-03-15,126.05094909667969,126.22081126637592,125.63031743841215,126.0671305604547,138601100
2013-03-18,125.35525512695312,125.89721673720773,124.73239856592285,124.84564409130685,126704300
2013-03-19,125.06409454345703,125.79209998498162,124.2390126583125,125.6222378086183,167567300
2013-03-20,125.93769073486328,126.1480003711997,125.58985718467862,125.8001791638542,113759300
2013-03-21,124.86185455322266,125.89724598090416,124.6515449123259,125.18540974580834,128605000
2013-03-22,125.8648910522461,125.8648910522461,125.16113940127401,125.25821582996889,111163600
2013-03-25,125.33906555175781,126.40681958723752,124.85373290704175,126.19649766597506,151322300
2013-03-26,126.3421630859375,126.37451367304266,125.7193062843018,125.856817879471,86856600
2013-03-27,126.3421630859375,126.38261057694993,125.37956957691176,125.58987925019855,99950600
2013-03-28,126.73046112060547,126.87606965331804,125.98627401686385,126.26129727073362,102932800
2013-04-01,126.22888946533203,126.92454419049201,125.92150341335665,126.66569017980989,99194100
2013-04-02,126.85176086425781,127.16723151214912,126.48774582659553,126.68188635715941,101504300
2013-04-03,125.56554412841797,127.02156660376154,125.23390450742865,126.92450255301681,154167400
2013-04-04,126.0751953125,126.32595241883297,125.45233865484691,125.72736178160962,131885000
2013-04-05,125.50900268554688,125.66269575312793,124.38463150089412,124.53022766417601,159666000
2013-04-08,126.35832214355469,126.366406703187,125.1773222667638,125.59795388158729,86571200
2013-04-09,126.79517364501953,127.25625292829385,126.17231670445116,126.59294848769095,101922200
2013-04-10,128.34825134277344,128.51002898742584,127.10254990182237,127.1349004936156,135711100
2013-04-11,128.768798828125,129.18943030323874,128.24300639852407,128.37243336668755,110142500
2013-04-12,128.45338439941406,128.64751259359446,127.74154810651152,128.35630795948344,116359900
2013-04-15,125.47665405273438,127.91145269859142,125.46048492797733,127.80629167345403,217259000
2013-04-16,127.3290023803711,127.39371588713566,126.11565189992427,126.42302562850671,147507800
2013-04-17,125.46854400634766,126.44731894045522,124.79715517999699,126.4230405725642,226834800
2013-04-18,124.68389129638672,125.71119812965833,124.20664308339782,125.67883520578576,167583200
2013-04-19,125.767822265625,125.82445121437456,124.66771730200271,124.97510338300945,149687600
2013-04-22,126.32598114013672,126.62527035537515,125.17734398823539,126.01051045998665,106553500
2013-04-23,127.62828826904297,127.74961837683365,126.32595829312054,126.95689953931013,166141300
2013-04-24,127.70915222167969,128.04888878382687,127.43411680608205,127.66870474795921,96781200
2013-04-25,128.22694396972656,128.83361950205875,127.88720715276197,128.08133542368728,131060600
2013-04-26,128.0004119873047,128.29161664378248,127.58786485730369,128.0732100657138,95918800
2013-04-29,128.85784912109375,129.1409568838029,128.14601274794293,128.34823786823878,88572800
2013-04-30,129.1652069091797,129.19756983640914,128.2996899198157,128.83356713353945,116010700
2013-05-01,128.0327606201172,128.9468220667718,127.88716446552151,128.8821085504489,138874200
2013-05-02,129.22183227539062,129.33507783187142,128.23497285055512,128.35630296719887,96407600
2013-05-03,130.53224182128906,130.94478888748583,129.2460932636109,130.34619820206981,144202300
2013-05-06,130.86390686035156,131.04995049797088,130.57270222011056,130.6293311731655,66882100
2013-05-07,131.5272216796875,131.56765682901275,130.77493782247643,131.14703747043362,90359200
2013-05-08,132.12574768066406,132.16619515677488,131.3087629717076,131.381561023005,97419200
2013-05-09,131.753662109375,132.41695382279752,131.42201008124528,132.06913267829825,106738600
2013-05-10,132.18240356445312,132.29564911494924,131.45438587454447,131.8426669129648,103203000
2013-05-13,132.28758239746094,132.50598898855299,131.70518539261894,132.0125591896218,81843200
2013-05-14,133.6546173095703,133.7516937562754,132.39273458797584,132.39273458797584,119000900
2013-05-15,134.3745574951172,134.64149616188797,133.39579472646736,133.43624222316166,120718500
2013-05-16,133.74359130859375,134.56867318575942,133.54136620536573,134.09950946512956,109913600
2013-05-17,135.037841796875,135.11872443539096,134.05906683095452,134.23702591566735,129801000
2013-05-20,135.0297088623047,135.55550141514377,134.77086720814407,134.90837876548534,85071200
2013-05-21,135.22384643554688,135.7334575168426,134.68188477674494,135.15104837902967,95804200
2013-05-22,134.2208709716797,136.76083071121042,133.60611095755416,135.36142378283643,244031800
2013-05-23,133.83253479003906,134.204634310576,132.61109993904836,132.78905896936985,211064400
2013-05-24,133.7192840576172,133.77591299362575,132.64344535898726,133.03981088253627,151573900
2013-05-28,134.52012634277344,135.71729536623616,134.12376074061186,135.11870468308507,143679800
2013-05-29,133.6465301513672,134.11569388232707,132.93469382262242,133.80830776894345,160363400
2013-05-30,134.1399383544922,134.75469813964003,133.6465086773212,133.75166966612719,107793800
2013-05-31,132.21475219726562,134.52820756001734,131.95591051830692,133.76783929953515,176850100
2013-06-03,132.94281005859375,133.03178961262606,131.575766157026,132.52217831745534,168390700
2013-06-04,132.30372619628906,133.5494395241723,131.63233749099797,133.01556238365092,157631500
2013-06-05,130.45135498046875,132.19048569024588,130.33810943205776,131.9235471098116,211737800
2013-06-06,131.6323699951172,131.64046689923387,129.62630028600034,130.39475326374526,200225500
2013-06-07,133.3068084716797,133.42813861282227,131.96403064310402,132.53835544447782,188337800
2013-06-10,133.3068084716797,133.79214137909236,132.9589748290003,133.71934329440683,105667100
2013-06-11,131.93167114257812,133.0964774474044,131.64046648066116,132.09344876745607,159505400
2013-06-12,130.8396759033203,132.97517305649845,130.7183457468845,132.83766143158988,177361500
2013-06-13,132.8295440673828,133.0641197595131,130.47564087105732,130.76684551743617,163587800
2013-06-14,131.996337890625,133.20160371586218,131.77794370828062,132.6839080455745,141197500
2013-06-17,133.01556396484375,133.64650519556426,132.02870463621142,132.89422151718904,136295600
2013-06-18,134.067138671875,134.26936374462215,133.08027932944177,133.08836388892965,114695600
2013-06-19,132.21475219726562,134.18847091353703,132.1581355942718,133.953895256267,206149500
2013-06-20,128.9387664794922,132.2309982488865,128.59902966706406,130.9286676298228,321255900
2013-06-21,129.35260009765625,129.91368409838603,128.0515066159666,129.81610643011078,271956800
2013-06-24,127.71810913085938,128.83216228637673,126.63657773111824,128.00272722852998,222329000
2013-06-25,128.94602966308594,130.19019475652834,128.01086470250476,128.87283399253425,162262200
2013-06-26,130.2227783203125,130.5155239170133,129.4990478740459,130.0032160207482,134848000
2013-06-27,130.9871063232422,131.5888643137501,130.88138889579045,131.0033734062691,129483700
2013-06-28,130.45045471191406,131.24736837437757,129.99507547622062,130.62122812937588,160402900
2013-07-01,131.21478271484375,132.12554074277855,130.98709320786003,131.13345971600063,131954800
2013-07-02,131.09278869628906,131.97915215793472,130.51542528063496,131.01959304631498,154863700
2013-07-03,131.1497039794922,131.5481667514614,130.28773493757276,130.4991573263743,75216400
2013-07-05,132.5646514892578,132.61344032030146,131.16598042799023,132.11739985778047,122416900
2013-07-08,133.32093811035156,133.67873950926008,132.61347505860488,133.2477548446156,108092500
2013-07-09,134.28053283691406,134.4431664951325,133.58119693923737,134.1585482871357,119298000
2013-07-10,134.32928466796875,134.7846637487239,133.87390558721359,134.1503839707936,121410100
2013-07-11,136.158935546875,136.29717473339562,134.3211398019739,135.89058451134125,135592200
2013-07-12,136.2158660888672,136.55740042242775,135.9068659250649,136.1182883958928,104212700
2013-07-15,136.73629760742188,136.9314653964906,136.35410177558927,136.58993107173274,69450600
2013-07-16,136.22402954101562,136.907098327004,135.85810072053275,136.82577529660676,88702100
2013-07-17,136.5736846923828,137.00466943478412,136.3947839606519,136.7444580847266,92873900
2013-07-18,137.32179260253906,137.64707226054733,136.77696313454422,136.8664134894777,103620100
2013-07-19,137.56576538085938,137.61455423324614,136.86642954429533,137.03720293580062,103831700
2013-07-22,137.8341064453125,138.0292742488065,137.43564349956876,137.7609231720588,79428600
2013-07-23,137.5413818359375,138.10247849907842,137.46819855156764,138.07808407095513,80829700
2013-07-24,137.03720092773438,138.1268599755769,136.76071008800818,138.06993137652543,112914000
2013-07-25,137.37059020996094,137.4925747425499,136.56554937236854,136.79323894342002,111088600
2013-07-26,137.51695251464844,137.55761402058747,136.22399851957414,136.793222378272,107814600
2013-07-29,137.09410095214844,137.47629678937693,136.7037777766502,137.16728422102622,79695000
2013-07-30,137.09410095214844,137.65519749651153,136.76883370725827,137.50883095875596,85209600
2013-07-31,137.19174194335938,138.11876758414124,137.0128411698616,137.37877005814175,142388700
2013-08-01,138.7774200439453,138.89939218463303,138.1593947760538,138.2325904686191,110438400
2013-08-02,139.01321411132812,139.02948119679402,138.2813565713204,138.46838462565114,91116700
2013-08-05,138.80990600585938,139.02134087271503,138.52530028161829,138.70420098058102,54072700
2013-08-06,138.02113342285156,138.84245373233588,137.71213324659027,138.5415684866161,87495000
2013-08-07,137.5739288330078,137.77722404341822,137.061633340319,137.5820685826434,84854700
2013-08-08,138.07803344726562,138.3870335595891,137.37055806661476,138.22439996234283,102181300
2013-08-09,137.67958068847656,138.32200019573287,137.1998071985478,137.8991428853495,91757700
2013-08-12,137.51695251464844,137.67958613025502,136.92333423401706,136.9883901618896,68593300
2013-08-13,137.92356872558594,138.159385651392,136.94775444007337,137.76093507935914,80806000
2013-08-14,137.21609497070312,138.07806439664702,137.18356079907267,137.85850216666952,79829200
2013-08-15,135.29702758789062,136.15085751470363,135.06119820364066,136.13460283232084,152931800
2013-08-16,134.84974670410156,135.5002936962071,134.58139560455234,135.03677477658067,130868200
2013-08-19,133.98773193359375,135.15871364203514,133.97959218874635,134.6951948790489,96437600
2013-08-20,134.64645385742188,135.15062189109173,134.060962795285,134.2073293567432,89294400
2013-08-21,133.81695556640625,135.01233166601605,133.51608280941173,134.27233457422955,159530500
2013-08-22,135.0367889404297,135.23195678097784,134.08536898304465,134.0934963233434,101471400
2013-08-23,135.49217224121094,135.66294565785333,134.80097605040476,135.43525604109914,90888900
2013-08-26,134.9879913330078,136.04512868652327,134.89854096290682,135.63039860325858,89702100
2013-08-27,132.81678771972656,134.98797841366704,132.7192100191925,133.65436273771348,158619400
2013-08-28,133.2883758544922,133.76002188174306,132.5890403531403,132.75980125464318,108113000
2013-08-29,133.49984741210938,134.20731050944272,132.87369492367222,132.99567944924195,119200500
2013-08-30,133.07699584960938,133.79259872468037,132.6866726487301,133.77633163893307,134928900
2013-09-03,133.6787567138672,134.64644360141682,133.11766012137866,134.3618254316136,142375100
2013-09-04,134.78469848632812,135.01238808538736,133.4673497477493,133.7112940266324,97389400
2013-09-05,134.95545959472656,135.3132486405433,134.7684191204196,134.86600923123453,63090500
2013-09-06,135.02044677734375,135.7848382176141,133.7518875395105,135.40264249747892,159756500
2013-09-09,136.3134002685547,136.39471084329298,135.3538411847403,135.3538411847403,87559300
2013-09-10,137.32179260253906,137.3461870258709,136.8257519812079,137.1347645542782,105847200
2013-09-11,137.75279235839844,137.75279235839844,136.89896263209948,137.13477955281553,94545900
2013-09-12,137.3868408203125,137.88288141379257,137.19981278255264,137.70398071397028,83209000
2013-09-13,137.69586181640625,137.8015792568222,137.216088277542,137.5332281906396,72727800
2013-09-16,138.49278259277344,139.24904698440253,138.2732203618939,139.18399104902522,106299200
2013-09-17,139.11083984375,139.14336161486037,138.61479907927875,138.61479907927875,82523300
2013-09-18,140.72088623046875,141.1030820532967,138.71232942816852,139.06199108284326,203460600
2013-09-19,140.48509216308594,141.16817337592389,140.34685293414864,141.10311743145587,146616900
2013-09-20,139.50286865234375,140.81847140580032,139.38846895502718,140.81847140580032,132867100
2013-09-23,138.8573455810547,139.4456905621123,138.41609307957864,139.31495693081513,104616500
2013-09-24,138.53045654296875,139.3476007507223,138.26897688017579,138.8327959098756,106333100
2013-09-25,138.1300506591797,138.89816820537135,138.00748401611975,138.62034216868147,117306500
2013-09-26,138.66119384765625,139.05341955137928,138.13822208648213,138.3588544998521,77146900
2013-09-27,138.02386474609375,138.2118044684416,137.6643192121176,137.96665865267295,99141800
2013-09-30,137.28843688964844,137.72152245801996,136.58569215195664,136.8553513212769,143937000
2013-10-01,138.37521362304688,138.50595970432514,137.25572991510413,137.39464295072506,127160000
2013-10-02,138.24449157714844,138.37523768115838,137.14135405473058,137.5662726584456,113350000
2013-10-03,136.96975708007812,138.048393804866,136.33238536766183,137.92581464870256,176698000
2013-10-04,138.00750732421875,138.14642036602473,136.89619052113787,137.07596327374165,96878000
2013-10-07,136.81443786621094,137.6479283832183,136.66735790542558,136.80627091348845,96295000
2013-10-08,135.22105407714844,136.96974262358256,135.12300073747517,136.78996985509207,178015000
2013-10-09,135.3190460205078,135.8093249198859,134.44469599024436,135.4824723203005,168973000
2013-10-10,138.23626708984375,138.30980706700527,136.65100552722697,136.70003217866795,195955000
2013-10-11,139.126953125,139.17599224575824,137.90941636837644,138.0238160462195,105040000
2013-10-14,139.68264770507812,139.7970474075696,138.1627588184729,138.26899156672656,112106000
2013-10-15,138.6693878173828,139.8542445808814,138.4814481160746,139.331272717817,155485000
2013-10-16,140.60598754882812,140.67952752340977,139.43746503308216,139.5028380555867,161676000
2013-10-17,141.54566955566406,141.62738893438487,140.0094350098245,140.03394832971543,129389000
2013-10-18,142.5017852783203,142.5998385983716,141.7826943482594,142.0686998232514,138316000
2013-10-21,142.50999450683594,142.7960000666697,142.19130865350124,142.5508542251887,104104000
2013-10-22,143.33529663085938,143.76020272494407,142.5344861725378,142.92672444672397,126663000
2013-10-23,142.6488800048828,142.91035968540558,142.1504215056096,142.8449866481169,105484000
2013-10-24,143.12281799316406,143.3025907351921,142.59984614416402,142.93487829691014,70350000
2013-10-25,143.7765655517578,143.8174252685725,143.13919386908108,143.41701999360478,93625000
2013-10-28,144.00535583496094,144.2014749820037,143.5722702952964,143.72752972812597,84979000
2013-10-29,144.77340698242188,144.8306130497336,144.1278686818704,144.33215469033496,87401000
2013-10-30,144.0543670654297,145.05128413594198,143.53957462114624,144.94506385273294,140002000
2013-10-31,143.6457977294922,144.5446614889874,143.4333446902629,143.9399701899967,133795000
2013-11-01,143.98899841308594,144.3158511361532,143.180021090841,143.83373900560773,142805000
2013-11-04,144.49563598632812,144.5528296067745,143.80105830579913,144.38123627680216,85677000
2013-11-05,144.03810119628906,144.43032716498078,143.46610239431394,143.93186839426556,85825000
2013-11-06,144.77340698242188,145.0430660098305,144.2586022511301,144.65900731642688,87348000
2013-11-07,142.9430389404297,145.15750536384692,142.8041259129285,145.0431056665735,157000000
2013-11-08,144.8715057373047,144.8878521143273,142.87768414267595,142.8940180510662,136713000
2013-11-11,144.89602661132812,145.0676199240191,144.56099447123174,144.73258778392272,62614000
2013-11-12,144.6018829345703,144.92873571711738,144.11975824765693,144.58553655485264,83990000
2013-11-13,145.76223754882812,145.8030847982608,143.89096969157563,143.89096969157563,103844000
2013-11-14,146.48944091796875,146.61200755774922,145.65595036156955,145.89291668802198,103435000
2013-11-15,147.1267852783203,147.18397887680473,146.53844057849787,146.7263802144158,102818000
2013-11-18,146.61207580566406,147.49459342878737,146.28522296834572,147.3720267319521,104796000
2013-11-19,146.29331970214844,146.9797178122169,146.04000700452536,146.5384654467816,93891000
2013-11-20,145.83575439453125,147.02877817334317,145.4353491708843,146.58752570675202,124909000
2013-11-21,147.01246643066406,147.12686615915086,146.15446223269544,146.24434862426617,92841000
2013-11-22,147.74783325195312,147.76417962633394,146.89800881360642,147.06960210439865,81296000
2013-11-25,147.60073852539062,148.04199084049554,147.38827308558197,148.00931056363297,79486000
2013-11-26,147.64161682128906,148.0828816978747,147.42099685162793,147.67430957366,86994000
2013-11-27,148.0011444091797,148.09921018581588,147.61708566131605,147.79685837174713,58800000
2013-11-29,147.90316772460938,148.51602615440748,147.7397413037239,148.1646599729355,55870900
2013-12-02,147.51902770996094,148.25445243411764,147.29022835272863,147.97662642442555,99726000
2013-12-03,146.8817138671875,147.40468581280928,146.4077685932436,147.03697330659057,116563000
2013-12-04,146.86526489257812,147.47812279770162,145.7376148258166,146.35047273094008,123033000
2013-12-05,146.2197723388672,146.8734901353489,146.0808593332672,146.60383107672658,106934000
2013-12-06,147.8540802001953,147.99299322421425,147.20852927069566,147.63344776504454,127728000
2013-12-09,148.22991943359375,148.45055180900854,148.0338128497834,148.28712549962387,70124000
2013-12-10,147.69879150390625,148.19724988822477,147.60890515694294,147.8867311498735,80976000
2013-12-11,146.04002380371094,147.78054507532744,145.86025106820915,147.75603174490735,130591000
2013-12-12,145.5579071044922,146.15441890701365,145.25555525776358,145.97464617716363,115565000
2013-12-13,145.54156494140625,145.99099677904067,145.26373888491656,145.86025070470487,107808000
2013-12-16,146.4486541748047,146.93076648963356,146.18716192149193,146.22802164465165,96195000
2013-12-17,145.98284912109375,146.60388687500534,145.65599633276582,146.57937353931248,89886000
2013-12-18,148.47506713867188,148.4995804619795,144.89598478085097,146.20340774222674,234906000
2013-12-19,148.3035125732422,148.47510588117024,147.66614106367481,148.0501873852481,136531200
2013-12-20,149.16616821289062,149.51945438144926,148.3528114613174,148.45139711936875,197087000
2013-12-23,149.96310424804688,150.05347861449525,149.58518419659003,149.89737629641854,85598000
2013-12-24,150.29171752929688,150.35744547482852,149.96309033796243,149.97130163003246,45368800
2013-12-26,151.05577087402344,151.13793392747993,150.61212297979517,150.62854556142898,63365000
2013-12-27,151.047607421875,151.31871800423747,150.8915050926612,151.2530025842456,61814000
2013-12-30,151.02294921875,151.18726282855752,150.8257653651861,151.06401821895824,56857000
2013-12-31,151.7376708984375,151.7376708984375,151.11326183367183,151.22829511303038,86119900
2014-01-02,150.28355407714844,151.22837949156883,149.9220565298104,151.15442769410222,119636900
2014-01-03,150.25889587402344,150.84222369536337,150.04528940204108,150.53823030730655,81390600
2014-01-06,149.82345581054688,150.8093501357608,149.59341421920786,150.7518460060893,108028200
2014-01-07,150.74359130859375,150.99827926568696,150.30815463298458,150.42317540510166,86144200
2014-01-08,150.77650451660156,151.031192546273,150.25890462641283,150.7189878459906,96582300
2014-01-09,150.87510681152344,151.27768594115247,150.18498190615557,151.2612508139783,90683400
2014-01-10,151.28585815429688,151.35158610968486,150.3574680218896,151.12975582729118,102026400
2014-01-13,149.2730255126953,151.31875379046386,148.98546720283983,150.89975207321302,149892000
2014-01-14,150.89971923828125,150.9818823193128,149.48659949155558,149.7659339089412,105016100
2014-01-15,151.7130126953125,151.94305416350107,150.93251396136415,151.25292975893535,98525800
2014-01-16,151.5159454345703,151.71312936021448,151.03121572073232,151.4009246120269,72290600
2014-01-17,150.87510681152344,151.54058529429452,150.6122074583814,151.25303951855568,107848700
2014-01-21,151.31869506835938,151.80343710568766,150.39031759986307,151.7459204515055,88621200
2014-01-22,151.41729736328125,151.63912762120637,151.09688145131128,151.5733996730684,61270900
2014-01-23,150.17672729492188,150.67789201222183,149.37980556707737,150.65324559467643,132496900
2014-01-24,146.97254943847656,149.24833115499555,146.923256609494,149.19903832601298,208677100
2014-01-27,146.2495574951172,147.4901522192942,145.51835126555906,147.11221962885602,180843100
2014-01-28,147.1204071044922,147.3093670848566,146.33989570148756,146.35633081953026,110463200
2014-01-29,145.70730590820312,146.69319999565175,145.32116207236785,145.8962659120193,216597300
2014-01-30,147.25189208984375,147.7284103572894,146.4549578797067,146.9232648539694,118938100
2014-01-31,146.3892364501953,147.301191487169,145.35404932835735,145.4279885792759,194677900
2014-02-03,143.0946502685547,146.54528528466545,142.815315953951,146.21665815411072,254837100
2014-02-04,144.09701538085938,144.46672412935044,143.04539325628167,143.7355179249749,165012400
2014-02-05,143.91629028320312,144.2367062560159,142.7167894768072,143.59587431039034,164230500
2014-02-06,145.81405639648438,145.81405639648438,143.95728958102075,144.25305896666552,132877600
2014-02-07,147.62161254882812,147.77771488593817,146.01953270856328,146.4960510137263,170787200
2014-02-10,147.8927001953125,147.94200555545868,147.2354458292448,147.63801224801276,92218800
2014-02-11,149.5111846923828,149.88911715952995,147.91731684904562,148.01591501317844,117814100
2014-02-12,149.58522033691406,150.20961722375253,149.28945075128996,149.73309886156213,94717700
2014-02-13,150.35745239257812,150.51355470335736,148.5664128056516,148.57462409809943,100542200
2014-02-14,151.18724060058594,151.46657494982267,150.07810195888544,150.21776913350382,96498400
2014-02-18,151.36805725097656,151.5734524593161,150.88331503168553,151.31875187045904,80460900
2014-02-19,150.36569213867188,151.9513367553357,150.24244752096195,150.97365378860175,126524300
2014-02-20,151.2530059814453,151.59806835761907,150.02063497954214,150.57109252269976,104998100
2014-02-21,151.08047485351562,151.90205555586468,151.00653559902258,151.54055804101884,118116400
2014-02-24,151.91847229003906,152.93722421438085,151.33514454600055,151.40087249859116,114063900
2014-02-25,151.86099243164062,152.47717803313526,151.35982764097184,152.0417412109853,117085000
2014-02-26,151.86920166015625,152.4853872024025,151.4419761740273,152.08280813505726,98677200
2014-02-27,152.6660919189453,152.70716091418475,151.47479018524135,151.6473276032757,93880800
2014-02-28,153.05226135253906,153.75882124798497,152.03350931933318,152.64147100719438,150842000
2014-03-03,151.9759521484375,152.36209597305134,150.96541167839342,151.7048290884114,167748500
2014-03-04,154.11215209960938,154.44077945653538,153.4302384244743,153.4630961456349,167545900
2014-03-05,154.25177001953125,154.51468185005032,154.00529331250115,154.2435587259498,88376900
2014-03-06,154.6050567626953,154.95834299779042,154.27642948308198,154.6297157181771,82516500
2014-03-07,154.6707305908203,155.24584693334248,153.98881731478286,155.24584693334248,114513500
2014-03-10,154.588623046875,154.64612717532097,153.7013144121948,154.43252071258038,74939200
2014-03-11,153.8245086669922,155.04045679490312,153.4712350805381,154.81862655670918,99009100
2014-03-12,153.8656463623047,153.92316303392593,152.73186088248252,153.07693583955444,104824400
2014-03-13,152.14028930664062,154.44894132036274,151.71307642131114,154.3256967087167,155014300
2014-03-14,151.7130126953125,152.6496136833145,151.53226403654722,151.86911494936612,153919600
2014-03-17,153.08511352539062,153.44661099242333,152.41141142113423,152.4771393729879,98359500
2014-03-18,154.17784118652344,154.3832363668733,153.233015835118,153.39734200845942,101804600
2014-03-19,153.3562469482422,154.4078691760368,152.378563970138,154.1942501840522,176267300
2014-03-20,154.25177001953125,154.36679081130183,152.74827589660626,153.01939902070677,117241000
2014-03-21,153.6534881591797,155.9805771446918,153.51320452831376,154.89955836028287,163128000
2014-03-24,153.01806640625,154.37141742978488,152.3496510198216,154.18161083014994,121411000
2014-03-25,153.74424743652344,154.26413165024567,152.88603806928194,153.79375782037238,103852000
2014-03-26,152.63848876953125,154.59422467638802,152.59722591499371,154.34666014081816,119843000
2014-03-27,152.31661987304688,152.94377229072475,151.75547289583858,152.45690346943593,142383000
2014-03-28,153.06759643554688,153.8350326281656,152.66324061659358,152.75401385792372,101642000
2014-03-31,154.32186889648438,154.56118584190386,153.09231922341672,154.04130169781882,99745000
2014-04-01,155.3451385498047,155.43591177719182,154.3136303257024,154.82525437552815,89193000
2014-04-02,155.86502075195312,156.0713223941633,155.25436335801598,155.54319069377138,78774000
2014-04-03,155.6587371826172,156.14560609276475,155.18011580612054,156.10434324120126,77435000
2014-04-04,153.8184814453125,156.54166532303395,153.57092957687087,156.5086626044589,169381000
2014-04-07,152.1186065673828,153.70300198820368,151.80503657028595,153.44718991491854,140803000
2014-04-08,152.74574279785156,152.99329469821006,151.49967280499908,152.05255970188833,112660000
2014-04-09,154.3878936767578,154.4374040561386,152.71272535222587,153.15834394995872,100254000
2014-04-10,151.1448516845703,154.45392578848748,150.9550450907764,154.3796602126485,172959000
2014-04-11,149.7832489013672,151.3593965658611,149.61821009587626,150.30313310073467,167251000
2014-04-14,150.96331787109375,151.31815071317266,149.7255078033959,150.95505774531648,132382000
2014-04-15,152.00303649902344,152.11031737456412,149.78322897427938,151.2768633331423,157093000
2014-04-16,153.59571838378906,153.60396591732524,152.37440347110697,153.0510789707001,105197000
2014-04-17,153.81024169921875,154.23935261232435,153.12531878134033,153.38939090991366,105255000
2014-04-21,154.34666442871094,154.396187410525,153.66175390931286,153.85154793547176,68329000
2014-04-22,155.0480194091797,155.4688701114594,154.4208671209815,154.50338020035917,85790000
2014-04-23,154.6850128173828,155.07286102240957,154.56123683350472,154.99034789704302,73869000
2014-04-24,154.9985809326172,155.460694684742,154.25588732385484,155.4441870245503,88170000
2014-04-25,153.72772216796875,154.58594402855198,153.3811369290745,154.49517080467592,100380000
2014-04-28,154.214599609375,154.88301488077568,152.63020459044128,154.35488320779777,135121000
2014-04-29,154.9325408935547,155.1718452699202,154.3796539763311,154.7097315833843,84098000
2014-04-30,155.3946990966797,155.5514904120254,154.46221133172293,154.67677317026218,101508000
2014-05-01,155.41119384765625,155.8320447709957,154.91606474471655,155.32042059850585,93019000
2014-05-02,155.1883544921875,156.07957915019966,154.95729764659032,155.39465614658883,98122000
2014-05-05,155.48545837402344,155.5927392836477,154.00008366700186,154.42919471384278,75883000
2014-05-06,154.13211059570312,155.24614470755586,154.09910786713692,155.1388638043189,85454000
2014-05-07,155.03981018066406,155.1140757479458,153.49666537444526,154.65196209598926,106500000
2014-05-08,154.874755859375,156.0052973703752,154.37963949523802,154.89952363965165,93618000
2014-05-09,155.10586547851562,155.17187093752162,154.1733778264461,154.8995637920688,83679000
2014-05-12,156.61598205566406,156.69026023211742,155.1388675275125,155.79903543957772,86940000
2014-05-13,156.75625610351562,157.13584409987882,156.5994648300228,156.8222615528932,66454000
2014-05-14,156.01356506347656,156.69024055105496,155.7907557454137,156.6159623839313,72367000
2014-05-15,154.64370727539062,155.73298599949035,153.884518736618,155.6999706851311,154956000
2014-05-16,155.18011474609375,155.24613278981346,154.08258837860532,154.73449609889923,97458000
2014-05-19,155.74952697753906,155.87330295373403,154.74277373230078,154.883057369207,63839000
2014-05-20,154.7675018310547,155.69172920257998,154.3714061849229,155.67522154475887,111644000
2014-05-21,156.0713348388672,156.14560041398786,155.18835769580804,155.21311288751494,89093000
2014-05-22,156.45089721679688,156.7727272479329,155.84849999782983,156.11255953000847,61549000
2014-05-23,157.07809448242188,157.18536278706793,156.45092935531656,156.59121297804947,61092800
2014-05-27,158.04359436035156,158.09310474883043,157.5732204864919,157.66399372925488,72010000
2014-05-28,157.9280548095703,158.29114775507054,157.66398263405944,158.04358323844272,66723000
2014-05-29,158.74496459960938,158.76971978637647,157.88675541116282,158.29111111444473,64377000
2014-05-30,159.00079345703125,159.09982680625635,158.46441423131085,158.59645030250914,76316000
2014-06-02,159.18235778808594,159.25663595626168,158.41492164738833,159.2236206389271,64656000
2014-06-03,159.09986877441406,159.18238189693912,158.6460025297299,158.79453370526866,65047000
2014-06-04,159.4217071533203,159.51248040694907,158.66251839190562,158.82755723714243,55529000
2014-06-05,160.46145629882812,160.62649513695575,159.0173444298128,159.6032467855706,92103000
2014-06-06,161.22885131835938,161.27010157037532,160.73372237764792,160.80798794125903,78696000
2014-06-09,161.39393615722656,161.78178433340923,161.05559837091306,161.2041421321762,65119000
2014-06-10,161.41049194335938,161.44349468256027,160.84934464366916,161.19593006774573,57129000
2014-06-11,160.84925842285156,161.01429721370823,160.4861655279753,160.8327507662701,68772000
2014-06-12,159.7104949951172,160.75026346854656,159.35566216740406,160.65949023025755,106350000
2014-06-13,160.19735717773438,160.3541484423767,159.5124342063065,160.02405825585254,82017000
2014-06-16,160.3293914794922,160.6677292216401,159.80951986207276,159.99931386234798,87424000
2014-06-17,160.7750244140625,160.8905528495044,159.93331004632586,160.10660899531624,84834000
2014-06-18,161.95506286621094,162.0458361071334,160.42017789621167,160.775023325874,105267000
2014-06-19,162.1365966796875,162.2356300385546,161.5754622099414,162.09533382946404,85929000
2014-06-20,162.46578979492188,162.59845857623645,162.26678662294998,162.54041123991456,100587000
2014-06-23,162.41600036621094,162.55695616558512,162.1175020110691,162.50720854839284,70611000
2014-06-24,161.43763732910156,162.93012959625963,161.25522090467155,162.12584244817978,96237000
2014-06-25,162.16729736328125,162.33312702006467,161.06451180028355,161.09767267084348,82782000
2014-06-26,162.0512237548828,162.20876636520654,160.96502489674643,162.19217960306918,84312000
2014-06-27,162.36627197265625,162.41601959573848,161.59514585891262,161.66976729353598,71445100
2014-06-30,162.28335571289062,162.65647554921716,162.12581313373298,162.26676895403455,70201200
2014-07-01,163.36956787109375,163.8670694620122,162.62332813670704,162.68136281951928,90470000
2014-07-02,163.53538513183594,163.74267533702073,163.3115208196692,163.3861422570581,52475000
2014-07-03,164.33966064453125,164.4142820767004,163.87533264171552,163.99970169533074,52938800
2014-07-07,163.76759338378906,164.1573000869571,163.5271422477035,164.02464393532028,61696000
2014-07-08,162.7145538330078,163.5271280436742,162.31654745668794,163.4690807026304,108143000
2014-07-09,163.44419860839844,163.5934541549578,162.7725802788606,163.12082635151015,72992000
2014-07-10,162.7974395751953,163.22860676325575,161.73611469073165,161.86878346428728,99040000
2014-07-11,163.0213165283203,163.13739854216905,162.33311149907763,162.69794430031382,64243000
2014-07-14,163.8422088623047,164.0577861546948,163.70954007376062,163.85049591709168,58658000
2014-07-15,163.53538513183594,164.25676364923228,162.81401926642965,163.94167848871456,111307000
2014-07-16,164.14073181152344,164.38947001218224,163.6929777463497,164.26510091185284,79986400
2014-07-17,162.2750701904297,164.25676405076106,162.04289352022428,163.6348934336865,145398000
2014-07-18,163.9333953857422,164.09922502348823,162.71452793772372,162.80573613628258,124330000
2014-07-21,163.62661743164062,163.75928621897964,162.87207793714094,163.4193271959204,67592000
2014-07-22,164.33966064453125,164.63815902519698,164.0660360745886,164.18211807529252,67678000
2014-07-23,164.7045135498047,164.87864289815332,164.25677225003653,164.58843153490253,65612000
2014-07-24,164.71279907226562,165.05275805988634,164.54696943137446,164.86205460546108,56888000
2014-07-25,163.941650390625,164.38939159020984,163.61827823203933,164.2484357930815,76837000
2014-07-28,164.00804138183594,164.24849249477185,163.02962486425247,163.97486785812544,69259000
2014-07-29,163.30319213867188,164.54693314909892,163.27831833062237,164.3147691726449,80466000
2014-07-30,163.32809448242188,164.0992206226468,162.6481891902998,163.88363071256737,104222000
2014-07-31,160.1027069091797,162.33315219702254,160.00321163007686,162.1921963342956,183479000
2014-08-01,159.61341857910156,160.65815640054038,158.8423052791796,159.66316619174336,189261000
2014-08-04,160.76597595214844,161.10593489325143,159.24032322152513,159.92022845174228,91340000
2014-08-05,159.20716857910156,160.5255439322465,158.62675852060494,160.11096351160745,152690000
2014-08-06,159.25692749023438,159.93683279521133,158.4360537096986,158.46092752256422,94818000
2014-08-07,158.3945770263672,160.1358196617893,157.99658340900947,159.97827709500484,135733000
2014-08-08,160.22702026367188,160.33480255269282,158.32823515137196,158.75111521103102,117014000
2014-08-11,160.69142150878906,161.40450055109903,160.61680004729007,160.8323773756185,74544000
2014-08-12,160.4674530029297,160.98152853621582,159.9782512759647,160.53378737044838,73632000
2014-08-13,161.55368041992188,161.7360968003853,160.8240275500574,161.0976394687633,69047000
2014-08-14,162.3166046142578,162.3166046142578,161.6698598399862,161.81911544666258,57371000
2014-08-15,162.28335571289062,163.05446919783284,161.11423592734275,162.9052263240982,139951000
2014-08-18,163.64317321777344,163.71779465202988,163.0876370094372,163.1788452019694,75424000
2014-08-19,164.49720764160156,164.62157669856447,163.70950742619425,164.0411666794217,59135000
2014-08-20,164.9366912841797,165.13569446282887,164.24019913689526,164.2733600073409,72763000
2014-08-21,165.4176025390625,165.6331798222411,164.9449747445664,165.0776435274416,67791000
2014-08-22,165.16055297851562,165.575133406635,164.7874331236063,165.2849220461552,76107000
2014-08-25,165.99803161621094,166.3214039039233,165.12741002560284,165.9482839799464,63855000
2014-08-26,166.10577392578125,166.51206724643194,166.0643133580432,166.10577392578125,47298000
2014-08-27,166.0394744873047,166.3048120550718,165.782436626025,166.18871738018,47874000
2014-08-28,165.94827270507812,166.05606767765607,165.3264019900368,165.49223165031606,58330000
2014-08-29,166.42088317871094,166.43745728661722,165.68293051317713,166.2052932560217,65907000
2014-09-02,166.33798217773438,166.66135444894368,165.7161114521786,166.63648063208083,72426000
2014-09-03,166.24673461914062,167.00127395738073,166.01457061537278,166.97640014640484,57462000
2014-09-04,166.00628662109375,167.1422328498872,165.5502456581509,166.5286493132014,85236000
2014-09-05,166.75254821777344,166.81888260765942,165.34297722567214,165.97313495160216,102177000
2014-09-08,166.32139587402344,166.83548427858722,165.83219393838337,166.59502051226087,64146000
2014-09-09,165.2683868408203,166.2882513915015,164.92842777326206,166.17216935038326,88591000
2014-09-10,165.89019775390625,165.99798004833212,164.8122862457245,165.35952272662624,67251000
2014-09-11,166.0809326171875,166.10580643230028,165.10251616544898,165.22689789300435,66774400
2014-09-12,165.11083984375,165.93170116563346,164.63821198400464,165.91512705447954,117409300
2014-09-15,164.9864501953125,165.2683745473375,164.48896119266587,165.13570575250134,76401000
2014-09-16,166.23011779785156,166.52861612756703,164.58838331040988,164.6795914848226,116201000
2014-09-17,166.45404052734375,167.225154044378,165.62487967789247,166.4706272868901,151266000
2014-09-18,167.34124755859375,167.36612137174703,166.74425073893448,166.95982800359295,94990000
2014-09-19,167.1904296875,168.19007098521283,166.84888165818342,167.87352574613314,121649000
2014-09-22,165.8992156982422,166.92385975641938,165.54934188976523,166.89886967803733,125553000
2014-09-23,164.94961547851562,165.99091149926284,164.89963530330104,165.29948941615072,111393000
2014-09-24,166.24082946777344,166.34912832434796,164.54143991002485,164.97460991405615,107276000
2014-09-25,163.5584259033203,165.81596099843537,163.50011994294076,165.80762249614432,150300000
2014-09-26,164.8579864501953,165.26617908002842,163.62509547939212,163.8583447789729,103547000
2014-09-29,164.55807495117188,164.84964289980627,163.31685832163782,163.44180875040564,95112000
2014-09-30,164.12489318847656,165.1911791410591,163.78334509289573,164.68302624872436,131302000
2014-10-01,161.90066528320312,163.91661229237224,161.53412715223973,163.85829363011464,177798000
2014-10-02,161.92572021484375,162.49217921783162,160.23465628791837,161.75910266230883,157285000
2014-10-03,163.70838928222656,164.05826319961258,162.50881430197035,163.0086287363222,121569000
2014-10-06,163.51678466796875,164.60807353188966,162.92533566981797,164.39147583301818,104778000
2014-10-07,160.9926300048828,163.04190539530066,160.95931413765695,162.67536730017486,147913000
2014-10-08,163.808349609375,164.04159888760742,160.24295325795663,161.08431581792843,186461000
2014-10-09,160.5595245361328,163.77504723533295,160.4262355915435,163.55012373023018,210705000
2014-10-10,158.72682189941406,161.31756678437395,158.6851802294693,160.51785859667436,221909000
2014-10-13,156.11936950683594,159.23491780171278,156.02773498574382,158.66013330881984,230939000
2014-10-14,156.36099243164062,158.1270389513136,155.81118513652171,156.9607798970191,215847000
2014-10-15,155.30300903320312,156.35264329646833,151.54601849974895,154.24506169097822,380715000
2014-10-16,155.1697540283203,156.2610301022037,152.35408583563924,152.4957005532828,270391000
2014-10-17,157.00244140625,158.0687274573192,156.29435506573,156.96078702543133,214625000
2014-10-20,158.52691650390625,158.65186694806155,156.66924787103972,156.71922804870186,130011000
2014-10-21,161.66741943359375,161.77570554827352,159.50984497419384,159.67644975234944,154949000
2014-10-22,160.517822265625,162.3671645089137,160.451177813212,161.95064621467984,151822000
2014-10-23,162.38385009765625,163.44181034570124,161.8257169918254,162.12561073492742,154944000
2014-10-24,163.6333770751953,163.68336994971705,162.01729671063404,162.65039996547875,117927000
2014-10-27,163.40850830078125,163.65008338958393,162.46717261141688,163.0502958526072,82954000
2014-10-28,165.28277587890625,165.2911016679436,163.88326794181026,163.95825088765935,106736000
2014-10-29,165.0328826904297,165.874245087336,163.94160676924403,165.3994208312221,142557000
2014-10-30,166.0908660888672,166.56569041173066,164.44144422342987,164.59139744352947,113330000
2014-10-31,167.99020385742188,168.12349279587062,167.24880161510845,168.09016420569202,146903000
2014-11-03,168.08181762695312,168.64827647860676,167.6986151540871,168.20676804683814,93600000
2014-11-04,167.4986572265625,167.94016556012912,166.65728221604135,167.63193340775229,93343000
2014-11-05,168.55665588378906,168.7649150749209,167.815253671805,168.72326069446808,91709000
2014-11-06,169.23135375976562,169.3229882798911,167.9734732663413,168.59825061870737,107089000
2014-11-07,169.38970947265625,169.6063071880712,168.78159613326855,169.24809473395686,89540000
2014-11-10,169.9228057861328,169.97278594943364,169.21473228748746,169.42299144199433,66319000
2014-11-11,170.08938598632812,170.19768479858203,169.6478776594704,169.98942567417262,54499400
2014-11-12,169.9061737060547,170.1394229689822,169.36469221551252,169.39802080229157,90120300
2014-11-13,170.09774780273438,170.63089072585845,169.2813754822603,170.07275772126997,85357900
2014-11-14,170.1394500732422,170.3477092848281,169.70626735402607,170.0228254231994,80417500
2014-11-17,170.24777221679688,170.42271558441774,169.64798454371996,169.81460211712505,80441000
2014-11-18,171.230712890625,171.53893243205752,170.30604155519492,170.30604155519492,76068100
2014-11-19,170.955810546875,171.23071421208468,170.18941822771436,171.03078080707783,82373000
2014-11-20,171.25570678710938,171.36400563861986,170.08944764098965,170.15609211029357,72840300
2014-11-21,172.17198181152344,173.13830722516565,171.5888587898871,172.97170246343077,142327300
2014-11-24,172.65521240234375,172.76351126005986,172.36365713245712,172.58024213675577,65880800
2014-11-25,172.5302276611328,173.09668650336496,172.27198832357809,172.88842733293296,79108300
2014-11-26,172.9717559814453,173.0717163271886,172.46360303869625,172.68018802485082,62167800
2014-11-28,172.605224609375,173.1633577471258,172.36364952720612,172.84681240267687,57890100
2014-12-01,171.40567016601562,172.0554379394572,171.08912478352775,171.93881328040703,103968400
2014-12-02,172.5135498046875,172.72180895874536,171.42227387120516,171.4472639528017,74507200
2014-12-03,173.18003845214844,173.3966234674132,172.52194490233322,172.68854973800873,68952000
2014-12-04,172.9884033203125,173.49655621325397,172.18868249935517,172.88843027323583,91316600
2014-12-05,173.27162170410156,173.66314994311185,172.89675775706397,173.16332287297476,91025500
2014-12-08,172.11367797851562,173.37155856285878,171.54720652830642,172.87174427151632,108588200
2014-12-09,171.99710083007812,172.10539967642532,169.86452875855701,170.2477185498695,125180100
2014-12-10,169.23974609375,171.58890307611287,169.04813849272983,171.53059711446502,159856400
2014-12-11,170.09774780273438,171.76382102638834,169.6978937881738,169.83950848684879,159012800
2014-12-12,167.34873962402344,169.78954372790358,167.31542374942498,168.80655382697938,202330200
2014-12-15,166.1991424560547,168.7149167737139,165.59102924241105,168.25674406022998,189965800
2014-12-16,164.86634826660156,168.60667609236387,164.8246938762577,165.4244815060305,259543800
2014-12-17,168.09849548339844,168.55666827980994,165.18286659313114,165.30782974367966,253910100
2014-12-18,172.25535583496094,177.41185588070167,169.87286997688653,170.55596628336895,257633900
2014-12-19,172.98829650878906,173.66677847149788,172.2260459758219,172.91289968304082,245084600
2014-12-22,173.78404235839844,173.78404235839844,172.93803605808995,173.1809444555664,148318900
2014-12-23,174.01856994628906,174.4206309334692,173.72539275444183,174.37037490773272,122167900
2014-12-24,174.0353240966797,174.51276911665238,173.99343981531305,174.24473272222465,42963400
2014-12-26,174.59654235839844,174.93997558100503,174.437389753713,174.4876457801845,57326700
2014-12-29,174.83103942871094,175.04044801246695,174.34520998064275,174.41222226119893,79643900
2014-12-30,173.8929443359375,174.53791376154996,173.81754750977746,174.40390194220973,73540800
2014-12-31,172.1674346923828,174.38717436873677,172.04179459692324,174.21964998102683,130333800
2015-01-02,172.07516479492188,173.2897444491856,171.02812218350962,172.87092740462072,121465900
2015-01-05,168.9676055908203,171.1873315516057,168.65768496493718,171.01980723440633,169632600
2015-01-06,167.37615966796875,169.80529500808777,166.5720247909149,169.27758109560588,209151400
2015-01-07,169.46182250976562,169.80525569969785,168.26401138852668,168.71632836502508,125346700
2015-01-08,172.46896362304688,172.68675680487553,170.86909120819726,170.88583469811482,147217800
2015-01-09,171.08685302734375,172.90451842660912,170.4669988728841,172.8877621572214,158567300
2015-01-12,169.74658203125,171.37997910518158,169.1351125845227,171.22082654669308,144396100
2015-01-13,169.26914978027344,172.1171014375442,167.95405772509082,170.97791821837876,214553300
2015-01-14,168.24720764160156,168.4482444529169,166.32903092777553,167.23366462548523,192991100
2015-01-15,166.7060089111328,169.21052769294099,166.58874060142895,168.89223529876602,176613900
2015-01-16,168.8922119140625,169.0513644797574,166.31229667650388,166.49657724927846,211879600
2015-01-20,169.2523956298828,169.80523737137653,167.66926721108607,169.53718824291195,130991100
2015-01-21,170.10684204101562,170.59267165973307,168.31430444568096,168.78337779305227,122942700
2015-01-22,172.6365203857422,172.77053222675792,169.47863392207003,170.8691106206016,174356000
2015-01-23,171.6898651123047,172.6363957497194,171.5558405867574,172.37671843849068,117516800
2015-01-26,172.09201049804688,172.18415080699114,170.75180292765285,171.4721691299567,92009700
2015-01-27,169.82200622558594,170.9779330292382,168.98437180897193,170.01465856264684,134044600
2015-01-28,167.64418029785156,171.12035860872845,167.45152792784617,171.01984655155852,168514300
2015-01-29,169.1937713623047,169.45343597255868,166.42119085534728,167.845179512446,173585400
2015-01-30,167.066162109375,169.34452847602682,166.7981257739788,168.0043212364751,197729700
2015-02-02,169.13516235351562,169.22730266284364,165.7343682149723,167.56878987622807,163107000
2015-02-03,171.5810089111328,171.58939343425138,169.66283196591232,170.03976484897566,124212900
2015-02-04,170.9276580810547,172.03334152356166,170.46695664667678,170.81038978696628,134306700
2015-02-05,172.65316772460938,172.80394853605594,171.5223691545398,171.59775316962092,97953200
2015-02-06,172.17578125,173.59138565935757,171.64806740286255,173.02178752920642,125672000
2015-02-09,171.4051971435547,172.25120361097018,170.9947515287715,171.52246549330823,87219000
2015-02-10,173.23121643066406,173.490881121925,171.44705057210433,172.4522223568812,96164200
2015-02-11,173.33168029785156,173.76725376471452,172.41029012640627,173.0636439360574,91087800
2015-02-12,174.99859619140625,175.0572367407494,173.3652114914698,174.1358336888427,97545900
2015-02-13,175.7189483642578,175.76920438466902,174.86455767340624,175.12423508100915,93670400
2015-02-17,175.99530029296875,176.17120907676403,175.1492944578896,175.40057446148006,76968200
2015-02-18,176.0120849609375,176.08746897418118,175.35034676126344,175.61839585006408,80652900
2015-02-19,175.88648986816406,176.25505109555255,175.26664851418187,175.4090448463477,91462500
2015-02-20,176.94190979003906,177.0172938247218,174.83943909333334,175.46766494493144,140896400
2015-02-23,176.91680908203125,176.91680908203125,176.30532662291196,176.6906441617914,74411100
2015-02-24,177.4193115234375,177.62034834818525,176.5397929894323,176.84134183591166,72472300
2015-02-25,177.26861572265625,177.77957334346658,176.9251824667548,177.2937437383281,73061700
2015-02-26,177.05917358398438,177.33559448538486,176.44769123484664,177.17644189537057,72697900
2015-02-27,176.4561004638672,177.22672272962188,176.4058444349924,176.95867353390418,108076000
2015-03-02,177.57015991210938,177.62878768666891,176.50636041257485,176.5566164425657,87491400
2015-03-03,176.84136962890625,177.6203762636112,175.97023548065798,177.13454678007955,110325800
2015-03-04,176.0958709716797,176.313664089072,175.1158402872729,176.23826728158977,114497200
2015-03-05,176.28851318359375,176.57330576642445,175.77755577026363,176.42252495232995,76873000
2015-03-06,173.80909729003906,175.85292679233453,173.47404872102953,175.41735342759526,188128000
2015-03-09,174.52952575683594,174.88970245852138,173.8510438536326,174.01019645439155,89818900
2015-03-10,171.69830322265625,173.23117577527398,171.65641894457195,173.14742000039254,157121300
2015-03-11,171.2962646484375,172.13389919439564,171.21249608132615,171.95799031597733,110145700
2015-03-12,173.47412109375,173.54112061047692,171.88260777377263,171.93286380196233,93993500
2015-03-13,172.4102783203125,174.16930277150303,171.3632353917637,173.1976566475869,162410900
2015-03-16,174.71380615234375,174.80594645891622,172.43543928190434,173.14743372189972,136099200
2015-03-17,174.19442749023438,174.57973209487395,173.3735367074578,173.9682626597727,94510400
2015-03-18,176.28851318359375,176.96699489380757,173.07198788951843,173.7169698528693,228808500
2015-03-19,175.48440551757812,176.29691190214334,175.09071632995224,175.86972296252839,117917300
2015-03-20,177.03341674804688,177.54665514160894,176.2593546007362,176.44445781404332,177715100
2015-03-23,176.68838500976562,177.622309844065,176.68838500976562,177.0417602391847,71784500
2015-03-24,175.69561767578125,177.02497648718406,175.62830625623647,176.56223134011702,77805300
2015-03-25,173.12100219726562,176.1415427401764,173.0789437940414,175.90595919342294,159521700
2015-03-26,172.708740234375,173.63424337223194,171.74115301592468,172.44791650608494,153067200
2015-03-27,173.1042022705078,173.28088353008002,172.3974387171937,172.59096388118087,118939000
2015-03-30,175.21603393554688,175.51892891350693,174.13066775355566,174.14748598019608,96180400
2015-03-31,173.68478393554688,175.08988945149324,173.62589444665147,174.38312571633284,126768700
2015-04-01,173.0704803466797,173.67627013261068,172.06924409386767,173.65102996139169,137303600
2015-04-02,173.69314575195312,174.14748178878767,172.81811013075531,173.0032133260725,86900900
2015-04-06,174.86264038085938,175.38428779585954,172.65824611660494,172.7928561074072,114368200
2015-04-07,174.39990234375,175.64513155965136,174.36625305179206,174.88790052635727,81236300
2015-04-08,174.98883056640625,175.43475742714278,174.23159966584876,174.62704617832665,89351900
2015-04-09,175.76287841796875,175.99846191648777,174.3241372547517,174.82054442389264,85548900
2015-04-10,176.72210693359375,176.76417818165226,175.81343473491026,176.0153561842433,72722900
2015-04-13,175.92279052734375,177.218512969372,175.87231016904107,176.5790608619612,74436600
2015-04-14,176.2593231201172,176.44442630036414,175.08981457492408,175.72084464258236,75099900
2015-04-15,177.0502166748047,177.56345501531496,176.64636099585348,176.73050347987441,99529300
2015-04-16,176.999755859375,177.51299425654355,176.511757642531,176.71369192346913,68934900
2015-04-17,174.96359252929688,176.0405494330983,174.17269949468104,175.79655680075504,191113200
2015-04-20,176.56224060058594,176.89878487762067,175.81341867159364,175.8975483216817,92189500
2015-04-21,176.35183715820312,177.4119628243256,176.04894227669143,177.25209985375875,72559800
2015-04-22,177.21849060058594,177.40359378322597,175.76290531543117,176.69683034117324,78264600
2015-04-23,177.6644287109375,178.32069900415436,176.69684149725785,176.81463327198034,102585900
2015-04-24,178.07669067382812,178.34593634796752,177.62235464664332,178.0851126251077,61327400
2015-04-27,177.33627319335938,178.7750145023174,177.14274806984972,178.648813629019,79358100
2015-04-28,177.8999481201172,177.9504284570351,176.12465018793438,177.31098945884855,86863500
2015-04-29,177.16802978515625,177.7738069134672,176.3518964367038,176.99974480904308,125684900
2015-04-30,175.39273071289062,176.98292616199248,174.68596719458,176.58747957807932,161304900
2015-05-01,177.2942352294922,177.33630647460032,176.0826552650904,176.1836159826767,103399700
2015-05-04,177.79904174804688,178.38800058918994,177.61393856392476,177.7233083812043,70927200
2015-05-05,175.76287841796875,177.91680486467348,175.61984649660633,177.5550076673021,113326200
2015-05-06,175.03929138183594,176.62948636622608,173.96233461136734,176.3181823611439,135060200
2015-05-07,175.7376708984375,176.1667795805922,174.60182442774956,174.93836867721114,88244900
2015-05-08,178.0514373779297,178.25337161865582,177.3446867928973,177.42882926945137,155877300
2015-05-11,177.20164489746094,178.27860177748005,177.12592437582023,178.00936897664462,75708100
2015-05-12,176.67161560058594,177.2185161147013,175.52734705149823,176.3603114933001,119727600
2015-05-13,176.70523071289062,177.7148761432317,176.469647207089,177.08384614447627,94667900
2015-05-14,178.54788208007812,178.64043368171994,177.45409392567706,177.7317487306025,95934000
2015-05-15,178.7413787841797,178.88441073088876,178.25338063981582,178.7413787841797,76510100
2015-05-18,179.2967071533203,179.54910894555377,178.50581396874503,178.57312539278774,74549700
2015-05-19,179.23776245117188,179.69211124641637,178.95169859540363,179.41445650228658,72114600
2015-05-20,179.11158752441406,179.86881850836832,178.79186149911146,179.33874911659618,76857500
2015-05-21,179.6332244873047,179.8435678415053,178.80026018286813,178.9685451369002,64764600
2015-05-22,179.20411682128906,179.66686189927168,179.13680541179335,179.24617521867756,57433500
2015-05-26,177.27737426757812,179.1368151457113,176.85668756412477,178.7077064916517,124308600
2015-05-27,178.9601287841797,179.1957123211864,177.32786225039047,177.74013985932214,93214000
2015-05-28,178.75820922851562,178.86757904718468,178.0598677228809,178.64882657150656,74974600
2015-05-29,177.64759826660156,178.73296442045205,177.3783654255848,178.6909060166005,124919600
2015-06-01,178.0094451904297,178.65729371518023,177.21012988087062,178.3207493604616,93338800
2015-06-02,177.8326873779297,178.53102886032383,176.91559342713748,177.54662349502306,91531000
2015-06-03,178.30386352539062,178.93489362542599,177.80745626123112,178.37117494332855,87820900
2015-06-04,176.79779052734375,178.25336286419886,176.47806453814806,177.58868355008755,151882800
2015-06-05,176.4949188232422,177.17642928917775,175.83022658333283,176.646359887521,121704700
2015-06-08,175.40956115722656,176.53701151666712,175.33384061588606,176.3855575956441,89063300
2015-06-09,175.38429260253906,175.93119304653914,174.74485340409987,175.38429260253906,105034700
2015-06-10,177.48773193359375,177.8747693808545,176.09947083557088,176.1583603028673,134551300
2015-06-11,178.0598602294922,178.44688481158454,177.6980629844864,177.93364651402248,73876400
2015-06-12,176.69680786132812,177.9336276796442,176.41915312269208,177.2268771658459,135382400
2015-06-15,175.9395751953125,176.22563904248307,174.8289562521731,175.5441287084375,124384200
2015-06-16,176.8987274169922,176.98286987809016,175.61142735988318,175.788108554517,85308200
2015-06-17,177.18484497070312,177.79905687862262,176.14995914474508,177.18484497070312,126708600
2015-06-18,179.02748107910156,179.4986482607006,177.2185328986747,177.7906608082327,165867900
2015-06-19,178.2327117919922,178.85836136893383,177.85225461580427,178.7822725138541,130478700
2015-06-22,179.1458282470703,179.73765199252546,178.93446170220847,179.1627411828805,70696000
2015-06-23,179.2725830078125,179.61077710686567,178.87522590520192,179.35713475777223,68476800
2015-06-24,177.9706268310547,179.38255377135832,177.94526387829634,179.00209657919336,92307300
2015-06-25,177.42950439453125,178.6047016788958,177.35341554680983,178.47788693269342,97107400
2015-06-26,177.395751953125,178.0383017210891,176.83774107787613,177.7931092603923,104174800
2015-06-29,173.67564392089844,177.40415250106332,173.5995550684352,175.89922388199795,202621300
2015-06-30,174.03915405273438,175.28198991050456,173.5572323156954,175.2312511217752,182925100
2015-07-01,175.43421936035156,175.88231537051007,174.63947914586998,175.62867295513246,135979900
2015-07-02,175.27354431152344,176.0851973011715,174.85081133584535,175.91610669105756,104373700
2015-07-06,174.77476501464844,175.5610423483133,173.76865822364863,173.9715747456217,117975400
2015-07-07,175.87388610839844,176.00070088065803,172.5681101030651,174.97769398232234,173820200
2015-07-08,172.9231719970703,174.80855769622184,172.68644253263818,174.5211023323812,164020100
2015-07-09,173.23602294921875,175.30742550444552,173.12612111339018,175.0453201401388,144113100
2015-07-10,175.41729736328125,175.84003040014142,173.2782692288318,175.2566567451482,129456900
2015-07-13,177.35342407226562,177.46332589066137,176.65168567437436,176.6939615587367,106069400
2015-07-14,178.12281799316406,178.43564926878062,177.25198881395377,177.31117764205098,81709600
2015-07-15,178.06361389160156,178.63007462431804,177.58169202748812,178.1650656942407,97914100
2015-07-16,179.49240112304688,179.49240112304688,178.88366468377316,179.12884410199882,106683300
2015-07-17,179.64463806152344,179.7038268824657,179.06972729071447,179.4839974341535,89030000
2015-07-20,179.73760986328125,180.23643169604523,179.4163415629316,179.87288751647432,70446800
2015-07-21,179.02748107910156,179.8644973232368,178.72311270857887,179.60239194520477,77965000
2015-07-22,178.70611572265625,179.0443098090628,178.30029571975365,178.33410867800168,88667900
2015-07-23,177.70008850097656,178.94292490842872,177.33654420939897,178.8414730876705,90509100
2015-07-24,175.85693359375,177.86068394923439,175.5187523433079,177.80150803576151,117755000
2015-07-27,174.83396911621094,175.47653175562957,174.38587301282257,174.9607968006818,132361100
2015-07-28,176.98143005371094,177.12515775056892,174.8424017344188,175.6794049632264,123544800
2015-07-29,178.19891357421875,178.4271801583533,176.96452725288114,177.10825495797005,105791300
2015-07-30,178.24119567871094,178.4102863434881,177.05753522368914,177.68318487423454,91304400
2015-07-31,177.9706268310547,178.77381710357847,177.68317143260026,178.74845415082012,103266900
2015-08-03,177.37030029296875,177.99594975548595,176.40646960253176,177.9367738459541,113965700
2015-08-04,177.02371215820312,177.75926360348197,176.53334022775388,177.29425462626372,81820800
2015-08-05,177.6070556640625,178.65542528800233,177.31958740837422,177.9283239839209,85786800
2015-08-06,176.15286254882812,177.9029706222478,175.56102597347228,177.79305590383225,116030800
2015-08-07,175.81466674804688,176.1443979994498,174.90156184397986,175.9922202991662,117858000
2015-08-10,178.02980041503906,178.11433928340026,176.93914193663323,176.93914193663323,80270700
2015-08-11,176.4234161376953,177.09979162315165,175.65403886172885,176.6770585573401,126081400
2015-08-12,176.634765625,176.82076918807053,173.6249085510052,175.10447413856465,172123700
2015-08-13,176.41500854492188,177.1674730669874,175.8654476867349,176.47418447995562,89383300
2015-08-14,177.05747985839844,177.13356869863682,176.07673624825904,176.22046391341598,72786500
2015-08-17,178.04664611816406,178.04664611816406,175.99217034277933,176.45717912963127,79072600
2015-08-18,177.5309600830078,178.12278374623838,177.29423061771558,177.76768954830004,71692700
2015-08-19,176.12753295898438,177.55636006507896,175.3074296757517,176.77853267392047,172946000
2015-08-20,172.44972229003906,176.10212915144035,172.39053347037176,174.59720051816444,194327900
2015-08-21,167.25851440429688,172.42431137966912,166.99642204904518,170.5558261329237,346588500
2015-08-24,160.21580505371094,166.9626200395307,154.2129913663177,158.51642305863834,507244300
2015-08-25,158.33042907714844,165.24633509870256,158.03451080254519,165.22942216566545,369833100
2015-08-26,164.4093475341797,164.68834000136118,159.26044905368667,162.3971340383367,339257000
2015-08-27,168.47604370117188,168.60285846364087,165.04345318858753,166.57374485939872,274143900
2015-08-28,168.4844512939453,168.95791015566536,167.3346171008596,167.82498889358004,160414400
2015-08-31,167.1232452392578,168.3576311468453,166.565234641275,167.49525230457968,163298800
2015-09-01,162.135009765625,164.67140763004704,161.25571794818484,163.27638106414292,256000400
2015-09-02,165.21250915527344,165.25478503415124,162.68456124750995,164.54458381105036,160269300
2015-09-03,165.3308563232422,167.44452103486435,164.8320345474879,165.93112987690296,152087800
2015-09-04,162.82830810546875,163.90205363173544,161.99975496511865,163.04813754122688,207081000
2015-09-08,166.9203338623047,167.07252443947644,165.00958548767687,165.6605978718269,116025700
2015-09-09,164.6883544921875,168.64514299426727,164.3163602029509,168.51832822529914,149347700
2015-09-10,165.58456420898438,166.7428488011637,164.23181309779818,164.49390556165272,158611100
2015-09-11,166.33697509765625,166.40461392152713,164.4684896779842,165.18714089342419,119691200
2015-09-14,165.71983337402344,166.56529961563513,165.22946140579373,166.514573705265,79452000
2015-09-15,167.7912139892578,168.23931000650356,165.6775486623291,166.22709648701482,113806200
2015-09-16,169.24542236328125,169.4398888831814,167.74895643682652,168.09560068451904,99581600
2015-09-17,168.86492919921875,171.53660499196897,168.48447205992937,169.11012157619254,276046600
2015-09-18,166.10540771484375,168.85045640052962,165.6889839290777,166.3263799778437,223657500
2015-09-21,166.96380615234375,168.00062531498517,165.9014792127219,166.94680529030953,105726200
2015-09-22,164.79669189453125,165.2641184416398,163.64937336688854,164.77119707994905,153890900
2015-09-23,164.533203125,165.44254825048182,163.9467965740212,164.96662785196517,92790600
2015-09-24,163.9382781982422,164.40570461691456,161.94960540009873,163.30088207310462,159378800
2015-09-25,163.89581298828125,165.72301022152897,163.01194967176554,165.41705953009796,155054800
2015-09-28,159.78245544433594,163.0969230646322,159.4680108400387,162.9864369202651,178515900
2015-09-29,159.87594604492188,161.2527305345265,158.86460875460847,160.00343305447555,159045600
2015-09-30,162.85899353027344,163.0289632681533,160.9977944260185,161.78815954269675,163452000
2015-10-01,163.28390502929688,163.58985570840596,161.32072690828767,163.24140935789262,131079000
2015-10-02,165.72305297851562,165.74854779539103,160.7258613851399,161.2782793424522,211003300
2015-10-05,168.67196655273438,168.90143272562457,166.85326396164476,166.96375007597223,126320800
2015-10-06,168.09413146972656,169.10546891664006,167.42274646640487,168.53606316246604,110274500
2015-10-07,169.4708709716797,169.82781121635406,167.83063166749662,169.037433342688,124307300
2015-10-08,171.00062561035156,171.28957538692606,168.77397982511127,169.07993046144202,153055200
2015-10-09,171.10264587402344,171.5870602664897,170.46524964276924,171.14514154967895,107069200
2015-10-12,171.26409912109375,171.46805758882246,170.74568306918692,171.17910778096825,56395600
2015-10-13,170.18479919433594,171.80803809419376,170.0148294541308,170.52473867474617,88038700
2015-10-14,169.36891174316406,170.71169462084586,169.07146796531063,170.12528804481013,99106200
2015-10-15,171.9695281982422,171.97802214720838,169.66639717802667,170.04033841831503,134142200
2015-10-16,172.75135803222656,172.76834592608677,171.60403977162616,172.37741688157584,114580100
2015-10-19,172.83631896972656,172.83631896972656,171.78249907095395,172.09694365779976,76523900
2015-10-20,172.6154022216797,173.2357976022646,172.13948176710167,172.39444285858553,78448500
2015-10-21,171.54458618164062,173.19330695635827,171.3746034704741,173.0403380777406,102038000
2015-10-22,174.44259643554688,174.65506184661572,171.54457808414088,172.50491292402762,174911700
2015-10-23,176.35479736328125,176.72873858754838,175.32647196440715,176.13383798887818,144442300
2015-10-26,175.9213104248047,176.2357549942076,175.54736933261964,176.17627143928138,69033000
2015-10-27,175.58139038085938,175.921329792349,174.8929916756283,175.24143800151245,77905800
2015-10-28,177.57859802246094,177.60409283580253,175.24998528485906,175.92137031595516,135906700
2015-10-29,177.47657775878906,177.85051889187142,176.94966778100428,177.06864787172526,90525500
2015-10-30,176.711669921875,177.9949689007674,176.55020715321908,177.67201742774458,131076900
2015-11-02,178.80233764648438,178.997802135538,176.91564431984662,177.0431313092904,86270800
2015-11-03,179.32078552246094,179.8816972529688,178.21596292330074,178.4454291708463,95246100
2015-11-04,178.77687072753906,179.74571234629414,178.23295987083196,179.61823830482285,96224500
2015-11-05,178.5984344482422,179.3038212287365,177.69758310404916,178.83639469131728,78408700
2015-11-06,178.50489807128906,178.74287121414176,177.16212835575175,178.24995000369142,110471500
2015-11-09,176.83920288085938,178.03751084641274,175.8788551253346,177.884529015475,131008700
2015-11-10,177.24713134765625,177.28113307329784,176.08282511767771,176.35477408351662,75874600
2015-11-11,176.55026245117188,177.57009382958077,176.48227196356336,177.51910420583926,67846000
2015-11-12,174.08563232421875,175.97232595425154,174.06864443051234,175.49640557331674,121315200
2015-11-13,172.13092041015625,173.94112932251997,172.04594205177813,173.669180420712,153577100
2015-11-16,174.7484588623047,174.80795537191858,171.8249342081206,171.9439272273484,117645200
2015-11-17,174.6210479736328,175.95532381996983,174.11963278790748,175.06297959610046,121123700
2015-11-18,177.39157104492188,177.53604593056951,175.06295904725778,175.10544174408764,121342500
2015-11-19,177.2386474609375,177.66357828056675,176.9411907000532,177.27263622064964,88220500
2015-11-20,177.88453674316406,178.57292259264173,177.5021016009942,178.00351685334712,94011500
2015-11-23,177.68057250976562,178.45393671704028,177.21314603205522,177.94402753324084,64931200
2015-11-24,177.9185028076172,178.3264326796401,176.2697694913762,176.66069850310657,98874400
2015-11-25,177.89303588867188,178.2499762036301,177.62956790033377,178.04600475171446,51980100
2015-11-27,178.09693908691406,178.3009104755118,177.50203874665587,177.98645296377512,37317800
2015-11-30,177.35757446289062,178.3774055310457,177.24708833315648,178.25842545589185,112822700
2015-12-01,179.04885864257812,179.16785173099424,177.71458250262359,177.99503842276042,97858400
2015-12-02,177.22157287597656,179.3207312891595,176.96661189668657,178.99777985086857,108441300
2015-12-03,174.74000549316406,177.74850918670214,174.0091241599076,177.4765602780646,166224200
2015-12-04,178.14797973632812,178.44543647561406,174.74003947878145,174.74003947878145,192913900
2015-12-07,177.06866455078125,178.2414647075442,176.09131595764384,177.8165339195345,102027100
2015-12-08,175.8788299560547,177.017641222201,174.88449358476066,175.48790093889139,103372400
2015-12-09,174.5105438232422,177.34907790178485,173.5247014470762,175.23293122960746,162401500
2015-12-10,174.9609832763672,176.2867651447008,174.34058801087414,174.57854819401825,116128900
2015-12-11,171.57009887695312,173.49078181543578,171.25564120280828,172.81939672064834,211173300
2015-12-14,172.4369354248047,172.56442246176445,169.92984597892263,171.73156161864165,182385200
2015-12-15,174.24708557128906,175.16493745927306,172.41138179532106,173.96662974708372,154069600
2015-12-16,176.7967071533203,177.1026578472434,174.05165782342036,175.38593378868288,197017000
2015-12-17,174.1026611328125,177.17915620902252,174.08566026851932,177.11116571970973,173092500
2015-12-18,171.0009765625,173.48878202257535,170.8385397944982,173.35200483718353,251393500
2015-12-21,172.41159057617188,172.59112938659612,171.06081638428043,172.1893162325826,99094300
2015-12-22,173.97613525390625,174.27536232616632,172.30904467497706,173.30929902233456,111026200
2015-12-23,176.13047790527344,176.1732264792963,174.89939202560217,174.9934336704391,110987200
2015-12-24,175.83981323242188,176.3955186609164,175.61753888804483,175.87401731311655,48539600
2015-12-28,175.43798828125,175.48072380851542,174.35223716103386,175.1387613201956,65899900
2015-12-29,177.3102264404297,177.6436443870315,176.51515789277573,176.54934891895218,92640700
2015-12-30,176.0535430908203,177.1478519075346,175.90820836044477,177.06235475082684,63317700
2015-12-31,174.29241943359375,176.0193603289964,174.29241943359375,175.36962626059398,114877900
2016-01-04,171.85586547851562,171.8644099745151,169.7784049878213,171.40275933493416,222353500
2016-01-05,172.1465606689453,172.60821137767752,171.0266184087493,172.1807517030968,110845800
2016-01-06,169.97511291503906,171.03520481895765,168.93211000986696,169.56474213445392,152112600
2016-01-07,165.8971710205078,168.795348292651,165.50390221720534,166.9914671970372,213436100
2016-01-08,164.0761260986328,167.43596605066094,163.78545663979034,166.87171612817767,209817200
2016-01-11,164.23858642578125,165.34998438992451,162.28082650155002,165.00800876132237,187941300
2016-01-12,165.56373596191406,166.32461389833665,163.40933487702836,165.70052623128035,172330500
2016-01-13,161.43446350097656,166.58962744954377,161.0497523045982,166.23910729604995,221168900
2016-01-14,164.0846710205078,165.22171536601525,160.43417464523262,162.04997175831488,240795600
2016-01-15,160.56240844726562,161.37457925824566,158.60464878521762,159.67329802204253,324846400
2016-01-19,160.7761688232422,162.52875651342805,159.1860179351032,162.40052379867376,195244400
2016-01-20,158.7157440185547,160.29734975414158,154.75747699924733,158.18569828977783,286547800
2016-01-21,159.60494995117188,161.46866850793387,157.8523620771734,159.19459217588238,195772900
2016-01-22,162.87928771972656,163.08446007726434,161.47722008138706,162.24664251222973,168319600
2016-01-25,160.41708374023438,162.56292684565085,160.22045592098186,162.36629902639834,130371700
2016-01-26,162.60569763183594,162.88782265191693,160.74197925346937,161.08394185930484,141036800
2016-01-27,160.83599853515625,163.7683659548094,159.92122847209345,162.0756291150243,185681700
2016-01-28,161.6737823486328,162.60564121450017,160.00669239478006,162.40046894019994,143798800
2016-01-29,165.61495971679688,165.7517499288958,162.3320728966184,162.45176107094682,210529300
2016-02-01,165.5551300048828,166.3502117986662,164.00772803965637,164.59762448939114,136061600
2016-02-02,162.5714569091797,164.11885875202725,162.0413980735666,164.1103142552555,182564900
2016-02-03,163.54608154296875,163.95643919662305,159.95542272216574,163.64012319745564,205054900
2016-02-04,163.80255126953125,164.78570329556385,162.4004840693885,163.04167357637516,139531800
2016-02-05,160.68215942382812,163.86246183887133,160.0409696311991,163.28112268850674,180788300
2016-02-08,158.51910400390625,159.11754478772997,156.27922005086708,158.81833091833346,191526700
2016-02-09,158.52772521972656,159.8186620835523,156.62125828395642,156.75804854218273,184513100
2016-02-10,158.3909149169922,161.01551059258904,158.262669184808,159.36552247443404,148214100
2016-02-11,156.33058166503906,157.3906865505643,154.81737048413657,155.8860198685238,219058900
2016-02-12,159.5536346435547,159.57072364157668,157.27100108409914,158.12592060651858,127632400
2016-02-16,162.2466583251953,162.2723048723871,160.4085862029069,161.38319413131308,120250700
2016-02-17,164.89683532714844,165.2730018985263,163.29812739879262,163.42637311814394,136009500
2016-02-18,164.22145080566406,165.2302623974789,163.90513482828925,165.17041178282219,102343000
2016-02-19,164.14456176757812,164.29844103261712,162.81943379013438,163.43497694036583,114793000
2016-02-22,166.5211944580078,166.6665291860387,165.6748195823797,165.7432146976356,103640300
2016-02-23,164.41810607910156,166.12794488751967,164.29840483927885,165.85436441655605,111455300
2016-02-24,165.17047119140625,165.45259623690472,161.85339187183772,162.9733345086406,150812200
2016-02-25,167.1709442138672,167.1795017572258,164.85411979987632,165.62354209008706,110728300
2016-02-26,166.78623962402344,168.1455584778382,166.6238028342526,168.05152985748256,129833700
2016-02-29,165.4782257080078,167.76085933692667,165.281597864478,166.80335361709055,125918100
2016-03-01,169.36810302734375,169.45360019554028,166.23909451987416,166.7178473536875,141799700
2016-03-02,170.12896728515625,170.18026036396623,168.6328582763672,169.05177349504083,102415000
2016-03-03,170.79580688476562,170.81290892639635,169.36809296693647,169.94943193202522,95172200
2016-03-04,171.35150146484375,172.1380388493215,170.15461943635282,170.99243685629648,129293600
2016-03-07,171.48829650878906,171.89866725435832,170.34270752873945,170.41964715164514,100219000
2016-03-08,169.61598205566406,170.9154630301281,169.45355834826003,170.40251928273162,123974900
2016-03-09,170.453857421875,170.8043645095103,169.6416734449435,170.43675537892997,94801200
2016-03-10,170.59060668945312,171.89864533725535,168.74399074997967,170.9496843073028,156838700
2016-03-11,173.34344482421875,173.386193401247,170.5735144452531,172.06106578357637,137964500
2016-03-14,173.1211700439453,173.5828207575808,172.49708256503843,172.83050059295132,73612000
2016-03-15,172.83909606933594,173.14686765088175,171.88159028009912,172.14661327211732,93169100
2016-03-16,173.83932495117188,174.24969569640277,172.30902481281944,172.35177339607716,129303200
2016-03-17,174.94216918945312,175.45511302645488,173.35201850918043,173.75383168960127,134278500
2016-03-18,175.62960815429688,175.97333439769304,175.13119592275143,175.44914335350867,138372400
2016-03-21,175.8787841796875,176.1108065747068,175.13117248856463,175.3631948835839,72926700
2016-03-22,175.78424072265625,176.35998926009884,174.93351387601263,175.09677528118462,97471900
2016-03-23,174.62420654296875,175.58665057726404,174.45233029771612,175.39759719733937,81052500
2016-03-24,174.54684448242188,174.58122497393586,173.36097977150158,173.58440051708004,84360900
2016-03-28,174.6499786376953,175.18275826299362,174.1945354523953,174.96792607700996,62408200
2016-03-29,176.26553344726562,176.37725039619886,173.9281578741503,174.23751679154256,92922900
2016-03-30,177.03887939453125,177.7693008270393,176.66936128323948,177.27949035021786,86365300
2016-03-31,176.60923767089844,177.37403968756732,176.44596312032047,176.9443753386002,94584100
2016-04-01,177.81231689453125,178.00137028288916,175.28588807949137,175.603848657539,114423500
2016-04-04,177.23655700683594,177.94121288496888,176.92719812829498,177.73496926183614,63497000
2016-04-05,175.46633911132812,177.2451428008705,175.20853786452477,175.8788132388238,99662200
2016-04-06,177.3826904296875,177.4428497535411,175.2859255738066,175.46639043304745,91839800
2016-04-07,175.2600860595703,176.64360579356563,174.52106285174085,176.2826893123906,113859000
2016-04-08,175.73277282714844,176.89287217142413,175.19139138484388,176.45460600867494,95040600
2016-04-11,175.32020568847656,177.08183175047884,175.22567902820387,176.37717608075297,83757500
2016-04-12,176.9529571533203,177.23653718629618,175.04524646771173,175.49210104503564,115350600
2016-04-13,178.7403564453125,178.8262945539139,177.74353207971973,177.88102780855618,96336400
2016-04-14,178.7489471435547,179.25596101064806,178.39663236364075,178.80051787671937,65212900
2016-04-15,178.55130004882812,178.8864376869506,178.22475097649348,178.7489419604608,75761600
2016-04-18,179.8059539794922,179.84032136038064,177.8810528418327,178.55132822384562,82531000
2016-04-19,180.37313842773438,180.63093973100712,179.54818999204434,180.235655763332,88316100
2016-04-20,180.54498291015625,181.24962569520466,179.93485370360074,180.41607572506143,81100300
2016-04-21,179.57398986816406,180.6739299862768,179.29899828247562,180.5622130155508,85695000
2016-04-22,179.57398986816406,179.848968341532,178.66310318713198,179.21307324618837,99251700
2016-04-25,179.26455688476562,179.30752594133062,178.34506890107204,178.96378660112572,66166500
2016-04-26,179.53097534179688,180.04657787826676,179.04975330099415,179.63409060416396,75864200
2016-04-27,179.90048217773438,180.29576606669337,178.78335216089494,179.14426866867697,77329400
2016-04-28,178.2677459716797,180.25279327960195,177.84668327746348,179.13567639817313,97216200
2016-04-29,177.3052978515625,177.99276345576592,176.18816788377143,177.64043553066824,142424100
2016-05-02,178.71458435058594,178.89503602818934,177.37403372484377,177.81228662562413,62188000
2016-05-03,177.15921020507812,177.70918005562044,176.40299674346414,177.4685690655279,106422100
2016-05-04,176.17100524902344,176.89285145834552,175.66400436748364,176.15382811265513,92243800
2016-05-05,176.13662719726562,177.00454457474711,175.7069627923569,176.64362804810182,67619200
2016-05-06,176.7811737060547,176.8241427811382,175.20001139661946,175.35468433213515,89315000
2016-05-09,176.9272003173828,177.36545327060645,176.471757117273,176.65222192878653,74374900
2016-05-10,179.1271514892578,179.14434174301653,177.57176788829804,177.64051579101118,77472200
2016-05-11,177.451416015625,179.2044411840833,177.451416015625,178.66307289905612,81727000
2016-05-12,177.5029296875,178.30211217670401,176.48032646237667,178.13023595119603,89586300
2016-05-13,175.9561309814453,177.76072640498978,175.62959500835498,177.2021680232004,96474600
2016-05-16,177.6919708251953,178.17319275396622,176.0678402594364,176.12799955668984,77486800
2016-05-17,176.0335235595703,177.70921222689708,175.50073074592746,177.41704355922326,114924900
2016-05-18,176.0850372314453,177.27950353325423,174.98509760585068,175.6811517160129,120062100
2016-05-19,175.4749298095703,175.76709844041505,174.25468454635146,175.35462430790975,115430500
2016-05-20,176.58343505859375,177.10762601817453,176.04205385592294,176.0936114728795,104990400
2016-05-23,176.34280395507812,176.88417198357686,176.1537506396303,176.6005920104051,58682600
2016-05-24,178.62867736816406,178.94663794749601,177.14204218308763,177.1678209986663,93537800
2016-05-25,179.84033203125,180.2614078679366,178.62867526405725,179.31614093346346,76621400
2016-05-26,179.8918914794922,180.2098520582916,179.57394401300994,179.97782960615518,55280700
2016-05-27,180.66529846191406,180.67388702980463,180.00361158945233,180.05516922143062,64211200
2016-05-31,180.321533203125,181.051967850918,179.75437310806095,180.94025092277388,109879400
2016-06-01,180.6911163330078,180.87156808393513,179.50523809191887,179.7028800946603,69936200
2016-06-02,181.24102783203125,181.25820496597623,179.80595040866655,180.28717240544563,63044700
2016-06-03,180.69969177246094,181.05201979128742,179.47944622873146,180.6739129527731,101757100
2016-06-06,181.61915588378906,181.9800724237168,180.89730969161607,181.06058426946095,64887000
2016-06-07,181.90269470214844,182.46985479665423,181.7480218285462,181.77380064081325,60974800
2016-06-08,182.4956512451172,182.62455843122532,181.9113139608406,182.04020803463197,66170900
2016-06-09,182.2464599609375,182.36676547272472,181.48165782622215,181.7566362335998,73786900
2016-06-10,180.51922607421875,181.19809012736474,179.96924299722582,180.8543638165624,113829200
2016-06-13,179.1271514892578,180.7770618174079,179.04122644510767,179.9091441312578,117751200
2016-06-14,178.77476501464844,179.3763056888364,177.8123209156556,178.7403976306776,125059300
2016-06-15,178.52557373046875,179.90909374331795,178.33652032903709,178.77477333472794,109124500
2016-06-16,179.0583038330078,179.2301800501991,176.66937127197002,178.5255242741951,149533100
2016-06-17,178.3915252685547,178.97890144565386,177.7263972723031,178.95298856610586,117055700
2016-06-20,179.54034423828125,181.06062333539822,179.45395920232323,180.37822900115134,82789600
2016-06-21,180.0499725341797,180.46459168860147,179.47986295903394,179.92904139828562,72461700
2016-06-22,179.75628662109375,180.96559799419887,179.60942942960452,180.23136475877442,95560500
2016-06-23,182.09719848632812,182.14902424156966,180.76695577326802,181.2334007509493,102731400
2016-06-24,175.5582275390625,182.13172774874164,175.10904910017956,175.8951080730984,333444400
2016-06-27,172.41400146484375,174.14159661707464,171.59338322313008,174.13295020579028,230775800
2016-06-28,175.52366638183594,175.549579254908,173.72696582597595,174.03793348334605,159382400
2016-06-29,178.51243591308594,178.7456518022095,176.8366662655687,176.94031777184586,137328600
2016-06-30,180.9483184814453,181.00014422882907,178.42603105822624,178.98750740939656,165021900
2016-07-01,181.328369140625,181.8207400409697,180.78417249929748,180.9482961327457,106055300
2016-07-05,180.02406311035156,180.6028059275418,179.41940741929506,180.49050802045073,109803700
2016-07-06,181.103759765625,181.22469087021034,178.85788133132374,179.52300899679403,96021500
2016-07-07,180.9915313720703,181.95898058015496,180.214118712789,181.2852194273093,85593800
2016-07-08,183.68658447265625,183.93709319879576,182.07128691368277,182.3045159944488,133971000
2016-07-11,184.3344268798828,184.91318294706036,183.94572054471695,184.15303674104206,73633900
2016-07-12,185.67330932617188,185.97564378742683,184.36033315745996,185.3105158809699,101275600
2016-07-13,185.64736938476562,186.10518103557467,185.1550116310957,186.09654780498565,87324100
2016-07-14,186.68394470214844,187.15903604779047,186.2866051625251,186.92580699074688,91230900
2016-07-15,186.43344116210938,187.4527160229982,185.98426271096068,187.25404626173278,107155400
2016-07-18,186.93446350097656,187.09858717292846,186.2952484577183,186.55439040393148,58725900
2016-07-19,186.7444305419922,186.7789766512481,186.2607059293666,186.51120146786656,54345700
2016-07-20,187.52183532714844,187.76369762328756,186.7444226867737,186.7444226867737,58159500
2016-07-21,186.81356811523438,187.63417345159033,186.36438953450428,187.40959075148,67777300
2016-07-22,187.6514129638672,187.7032387158457,186.66668413475563,186.93445930698235,62787500
2016-07-25,187.14175415039062,187.4959143474682,186.55437807958435,187.4440885977507,55873100
2016-07-26,187.22811889648438,187.5909122856959,186.37295457730426,187.03808238111102,70080500
2016-07-27,187.02947998046875,187.6773282495314,186.2520541492895,187.6082228525039,84083900
2016-07-28,187.2454071044922,187.53909512150375,186.3643298729523,186.83077477170565,65035700
2016-07-29,187.54774475097656,187.91053818850736,186.69259349840627,186.9776483094318,79519400
2016-08-01,187.39224243164062,188.0055313104878,186.9344307850067,187.60819181893984,73311400
2016-08-02,186.1916046142578,187.29726466179838,185.34508652359557,187.14177421546842,92295500
2016-08-03,186.7357940673828,186.79626623743292,185.82881696069404,186.131138269421,53993600
2016-08-04,186.93446350097656,187.25406443235224,185.06865730484986,186.84807845873652,46585500
2016-08-05,188.46337890625,188.50657142804968,186.934466442497,186.934466442497,71892200
2016-08-08,188.35105895996094,188.75704486407898,188.08328382756494,188.65338019503514,39906500
2016-08-09,188.46337890625,188.9643831620106,188.13514473768814,188.42019956495744,51251700
2016-08-10,187.9969482421875,188.65342980976087,187.64278798919702,188.57569117291166,57941100
2016-08-11,188.8693389892578,189.11984767304293,188.26468330849164,188.53245845422342,72504300
2016-08-12,188.70523071289062,188.92118011428386,188.2992447838309,188.55837352109842,61313500
2016-08-15,189.2494354248047,189.60359564605292,189.06804528841397,189.07667852045407,49813500
2016-08-16,188.27330017089844,188.89522221600203,188.27330017089844,188.8261300180486,53213600
2016-08-17,188.62742614746094,188.76563688901297,187.46130761443283,188.30782534056092,75134300
2016-08-18,189.05076599121094,189.08531209994177,188.48930275591306,188.60158749466848,52989300
2016-08-19,188.77430725097656,188.9557105325097,188.08327976828974,188.57563750872933,75443000
2016-08-22,188.76568603515625,188.998915074685,188.16103035906804,188.5324569956275,61368800
2016-08-23,189.1457977294922,189.68999453941476,189.08532555927508,189.3876600493449,53399200
2016-08-24,188.1782989501953,189.09392223171477,187.7550334115382,188.9989039753021,71728900
2016-08-25,188.04873657226562,188.47200214504778,187.63411741108456,187.7895946538379,69224800
2016-08-26,187.69456481933594,189.27531592574374,186.79622116207105,188.23876149643667,122506300
2016-08-29,188.6188507080078,188.88662586399244,187.7895991851306,187.8241584713578,70502200
2016-08-30,188.30787658691406,188.8175140070161,187.74641341975155,188.532459217678,58114500
2016-08-31,187.77236938476562,188.0919703519868,186.98631022594276,187.9710391875916,85269500
2016-09-01,187.78097534179688,188.07466338688172,186.60620998095104,187.7636956978194,97844200
2016-09-02,188.62742614746094,189.0593248294347,188.0486834952763,188.6447057852804,79293900
2016-09-06,189.19761657714844,189.27535520986757,188.18697481027735,188.9125617433375,56702100
2016-09-07,189.18031311035156,189.361716411028,188.56702417767156,189.03346909575907,76554900
2016-09-08,188.7484588623047,189.11989878262455,188.4374911166567,188.84347715071127,74102900
2016-09-09,184.23077392578125,187.4700153275809,184.2048610490074,187.41818957403322,221589100
2016-09-12,186.87396240234375,187.27994831310227,183.39285926324789,183.46196465023922,168110900
2016-09-13,184.18753051757812,185.84602007543648,183.55696205611451,185.57824496908222,182828800
2016-09-14,184.11846923828125,185.45735827124508,183.55700602147698,184.2394003856163,134185500
2016-09-15,185.9583282470703,186.3470344932887,183.7729215853604,183.95432486319783,134427900
2016-09-16,185.239501953125,185.5173198221608,184.54498377470577,185.3350001897204,155236400
2016-09-19,185.2742462158203,186.55044397332244,184.94434078958318,185.8993232091718,80250500
2016-09-20,185.2828826904297,186.29862927155892,185.24816208595718,186.1423666808081,69665300
2016-09-21,187.36654663085938,187.54885305484567,185.30031884509503,185.99485041777186,110284400
2016-09-22,188.54718017578125,188.85104179327703,188.13915673518105,188.39091757049832,76678700
2016-09-23,187.5141143798828,188.28677720271813,187.4186161322476,188.14786825214205,73630900
2016-09-26,185.9948272705078,186.8542982279427,185.7951406920187,186.67199182664464,89827300
2016-09-27,187.1494903564453,187.24497535803292,185.4565656529365,185.82988180578621,78494800
2016-09-28,188.07839965820312,188.23467552764157,186.40285527657616,187.37519136344423,87411000
2016-09-29,186.37681579589844,188.27809069593522,185.82119323010986,187.87005392528408,128070600
2016-09-30,187.78321838378906,188.49510348283232,186.96714496148013,187.21890581127855,117202900
2016-10-03,187.33177185058594,187.55748893239394,186.68932796793777,187.3665057075318,83512100
2016-10-04,186.37681579589844,187.67038058446127,185.77779577343,187.44466347079577,119948100
2016-10-05,187.20155334472656,187.635633827743,186.9411024054997,187.01055687243255,72816000
2016-10-06,187.33177185058594,187.55748893239394,186.42889027626893,186.9758226758585,62927400
2016-10-07,186.68936157226562,187.7832530625167,185.95143256790072,187.60962348778892,89788300
2016-10-10,187.66172790527344,188.1305291238899,187.5141420911333,187.66172790527344,51855000
2016-10-11,185.29159545898438,187.29705849207258,184.55366655887818,187.2276040225769,130367400
2016-10-12,185.53472900390625,186.06430784616106,184.92700558876052,185.4305406557477,73866100
2016-10-13,184.927001953125,185.43053701021276,183.36432247943836,184.18907292323695,101357000
2016-10-14,185.0224609375,186.38548001347698,184.94432962981705,185.91666567320928,93346200
2016-10-17,184.38003540039062,185.2568732318398,184.1977157636691,184.9964222852742,58275700
2016-10-18,185.53472900390625,186.05561775634644,185.15273597053059,185.99485336308473,76869700
2016-10-19,186.02951049804688,186.3420489416917,185.43916746398642,185.80379344039144,66519200
2016-10-20,185.68228149414062,186.2465808531322,185.01379380568596,185.67359140588533,73639800
2016-10-21,185.7690887451172,185.8559101447339,184.70993125580435,185.68228059258612,89089100
2016-10-24,186.55918884277344,186.93250510549973,186.20323951594136,186.65468711955546,60146600
2016-10-25,185.93406677246094,186.63727516501226,185.769114038981,186.37682417778538,66542300
2016-10-26,185.56072998046875,186.1510730798254,184.8575084691738,185.10060572741577,75705500
2016-10-27,185.06590270996094,186.32473367331468,184.98777138915884,186.29001305754284,77220200
2016-10-28,184.51895141601562,185.7256947958441,183.7983893719694,185.0398533665246,140623200
2016-10-31,184.52761840820312,185.0832409038931,184.3626657029524,184.85751057161937,61272500
2016-11-01,183.19064331054688,184.90961158593655,181.96654639860515,184.85751079967318,122781800
2016-11-02,182.08811950683594,183.26881916918595,181.645348854025,182.87813606444982,103330800
2016-11-03,181.254638671875,182.52215946375054,180.97683406158455,182.30511923033302,88939300
2016-11-04,181.05499267578125,182.21832532307042,180.90740688444635,181.3675311889277,109122100
2016-11-07,185.0485076904297,185.08324154801664,181.0549751284739,181.0549751284739,109794900
2016-11-08,185.88197326660156,186.4549627707179,184.38005827589095,184.64918609680063,106772100
2016-11-09,187.8526611328125,188.47773804507713,184.34528365320713,184.3713274206278,258429000
2016-11-10,188.3214874267578,189.52823071825003,186.84561633780189,188.65139285440281,172113300
2016-11-11,187.88742065429688,188.13050469862523,186.9324514078889,187.59224906433917,100552700
2016-11-14,188.03501892089844,188.6253753870568,187.2797229650029,188.41701194363247,94580000
2016-11-15,189.502197265625,189.502197265625,188.21732259144122,188.42567277006813,91652600
2016-11-16,189.14620971679688,189.3806168673357,188.75553996395482,188.87708195921866,65617700
2016-11-17,190.11856079101562,190.17932516570167,189.18962226682044,189.30248742320262,69797200
2016-11-18,189.69317626953125,190.36166394085492,189.51085663295737,190.18803439231363,86265800
2016-11-21,191.12564086914062,191.15168463964875,190.1272610074336,190.27484678934158,72402600
2016-11-22,191.4989776611328,191.6812840743671,190.76103542485683,191.43820002532993,67429000
2016-11-23,191.60316467285156,191.65525222272996,190.7784142232381,190.97808758013466,56620200
2016-11-25,192.3149871826172,192.34970778645288,191.8722166894452,191.95036123047026,37872300
2016-11-28,191.4121551513672,192.28031624924705,191.30798005868948,192.00251158641078,76572500
2016-11-29,191.7854766845703,192.24560101956948,191.1430326851906,191.44689437679568,69886700
2016-11-30,191.32533264160156,192.57548664832856,191.26455501070612,192.41053393256792,113291800
2016-12-01,190.62217712402344,191.62923413319422,190.25753773182345,191.62923413319422,79040500
2016-12-02,190.71759033203125,191.21244843004226,190.35296432422118,190.70891349151842,74840300
2016-12-05,191.86363220214844,192.21089139598635,191.36009709812106,191.55977047222342,67837800
2016-12-06,192.47129821777344,192.50603207743478,191.56841657286984,192.05458463143995,59877400
2016-12-07,194.98898315429688,195.0497475411897,192.19350342714532,192.31504544801768,110738100
2016-12-08,195.46646118164062,195.94395242339314,194.6937983530181,194.9629394144326,99714400
2016-12-09,196.6470947265625,196.66446165145305,195.65739196111716,195.6921258108983,88005800
2016-12-12,196.42141723632812,197.0378173467595,195.99601359689888,196.55163608151824,102016100
2016-12-13,197.7323455810547,198.23588055322605,197.07254798670203,197.08991491597294,110477500
2016-12-14,196.1002197265625,198.14039021994182,195.65744911854148,197.42850505645325,142501800
2016-12-15,196.9075927734375,197.77575376674895,196.1088862492412,196.34329342661923,124972600
2016-12-16,196.52249145507812,197.43070811202915,196.19938283249897,197.369572250911,156420200
2016-12-19,196.95037841796875,197.37828941795942,196.55740599867673,196.7058616537353,90341100
2016-12-20,197.71014404296875,197.85861303675313,197.25604905372228,197.4918245317353,89838800
2016-12-21,197.15997314453125,197.7537957744574,197.15997314453125,197.57914284360643,67909000
2016-12-22,196.8194122314453,197.1337928641425,196.41769846321225,197.0115344694917,56219100
2016-12-23,197.10757446289062,197.1163024454425,196.67093548234075,196.86304437463164,36697800
2016-12-27,197.59657287597656,197.99827320460795,197.36078413733355,197.37825342449722,42672500
2016-12-28,195.96359252929688,197.87607362438936,195.8500754419171,197.85861765720222,64095000
2016-12-29,195.91993713378906,196.39150142081206,195.47455679725917,196.03345421992174,48696100
2016-12-30,195.2038116455078,196.3390756022015,194.50518664714528,196.25174248046986,108998300
2017-01-03,196.6971893310547,197.21242027825969,195.50953042934688,196.5225230284642,91366500
2017-01-04,197.8673553466797,198.0158110260475,197.02027451574787,197.0290024997696,78744400
2017-01-05,197.71014404296875,197.8673410201429,196.90672984064943,197.59662695823988,78379000
2017-01-06,198.41751098632812,198.88907526878833,197.27350555124787,197.82367498508935,71559900
2017-01-09,197.7625274658203,198.29522754036918,197.72758888625037,198.15549987241712,46939700
2017-01-10,197.7625274658203,198.62706409530054,197.36954173405965,197.77998343044143,63771900
2017-01-11,198.32147216796875,198.32147216796875,197.00281364019108,197.6752415432554,74650000
2017-01-12,197.82363891601562,198.0157611174017,196.45259956084763,197.7974416453869,72113200
2017-01-13,198.27777099609375,198.58341029857638,197.9633903855748,197.99831564222592,62717900
2017-01-17,197.5791473388672,198.04198361247654,197.18617490422065,197.6315418867981,61240800
2017-01-18,198.01580810546875,198.05947467526616,197.2735163944115,197.83241384238613,54793300
2017-01-19,197.28225708007812,198.2341270028891,196.84561803381624,198.09439931004542,66608800
2017-01-20,198.007080078125,198.50484166324077,197.33465221385794,197.97214149222825,129168600
2017-01-23,197.49180603027344,198.06817268397424,196.7233304838366,198.00705015564102,75061600
2017-01-24,198.75811767578125,199.1772874681348,197.5966561056724,197.71017320714617,95555300
2017-01-25,200.47842407226562,200.47842407226562,199.552738258155,199.71866319960088,84437700
2017-01-26,200.2688446044922,200.60069450732777,199.98938924943803,200.3299671351823,59970700
2017-01-27,199.9545135498047,200.49594177795493,199.77111926195198,200.3474860807256,59711100
2017-01-30,198.71446228027344,199.282087795075,197.7189256392025,199.2558905144022,79737300
2017-01-31,198.6969451904297,198.75808104740614,197.6402862570125,198.21663961834687,75880800
2017-02-01,198.77554321289062,199.6226239777556,198.18172054173374,198.6969513873255,79117700
2017-02-02,198.90652465820312,199.1947079839909,198.0769132613279,198.77552496911912,69657600
2017-02-03,200.27755737304688,200.46095160151495,199.50908185535573,199.82346244332695,80563200
2017-02-06,199.9195098876953,200.2688290543897,199.5789320283956,199.86711534398208,57790100
2017-02-07,199.9282684326172,200.55702966171427,199.7361462056617,200.31251288652817,57931200
2017-02-08,200.1902618408203,200.3212482162007,199.3781063379658,199.92827576489415,51566200
2017-02-09,201.3779296875,201.68356901904872,200.19027097094562,200.19027097094562,65955200
2017-02-10,202.172607421875,202.39966825518172,201.39539044861905,201.7272403895035,66015900
2017-02-13,203.2728729248047,203.53485892427926,202.6441118561303,202.67030912356162,55182100
2017-02-14,204.08505249023438,204.09379379776396,202.7402103219025,203.08951616882499,71109000
2017-02-15,205.1504669189453,205.3425891456683,203.81435264002198,203.8667471881892,86785800
2017-02-16,204.975830078125,205.36007456174207,204.216082419715,205.17668030359178,84722400
2017-02-17,205.29891967773438,205.29891967773438,204.2859140102751,204.30338330113875,77204100
2017-02-21,206.52149963378906,206.6961525523639,205.6656776799944,205.67441898727944,88946100
2017-02-22,206.33811950683594,206.56516698398082,205.94514708190022,206.11107202969106,62115200
2017-02-23,206.47784423828125,206.87954464020922,205.70935536479922,206.86208867502228,74615900
2017-02-24,206.7398681640625,206.78352141019064,205.5784066584863,205.62207322978117,82381600
2017-02-27,207.06298828125,207.23764125094152,206.3993016663552,206.6525464736328,56515400
2017-02-28,206.50405883789062,206.92322856534014,206.1110863855839,206.67871178056413,96961900
2017-03-01,209.39462280273438,209.86620044119388,208.1632974775156,208.18076677064985,149158200
2017-03-02,208.07595825195312,209.21122234678083,208.0235637026044,209.20248103844594,70246000
2017-03-03,208.20693969726562,208.37286464971936,207.6043757436872,207.9886201967033,81974300
2017-03-06,207.58692932128906,207.94496319154612,206.97562403147873,207.40353506931288,55391500
2017-03-07,206.96690368652344,207.63933153503245,206.7573121515533,207.28128432639568,65103700
2017-03-08,206.58262634277344,207.5257681123747,206.4428986750183,207.26378206662483,78168800
2017-03-09,206.8446502685547,207.1765002089547,205.8665830654804,206.70492257521087,90683900
2017-03-10,207.56944274902344,207.85762607804278,206.6088316522923,207.81395951452512,81991700
2017-03-13,207.6742401123047,207.71790667756142,207.17647857883935,207.50831515942795,57256800
2017-03-14,206.87960815429688,207.1765328807692,206.2595880707014,207.12412499362583,59880800
2017-03-15,208.66978454589844,209.0976955816412,207.22013980456455,207.4559286059057,96081800
2017-03-16,208.25933837890625,208.88809961901862,207.92750179257732,208.80950779529584,78344000
2017-03-17,207.89358520507812,208.7180398253873,207.89358520507812,208.52508179156453,89002100
2017-03-20,207.6655731201172,208.1830454579807,207.27089105535916,207.89360837498856,52537000
2017-03-21,204.99925231933594,208.4023161729764,204.86769609123587,208.27952589903765,131809300
2017-03-22,205.48162841796875,205.7710654761015,204.40282729811744,205.03432390074622,97569200
2017-03-23,205.26234436035156,206.41131317369104,204.88520764647296,205.4816136265044,100410300
2017-03-24,205.11329650878906,206.14824129179615,204.32393229744932,205.5693804489445,112504900
2017-03-27,204.90274047851562,205.16586627571573,203.13982038860271,203.4204780913179,87454500
2017-03-28,206.39381408691406,206.8235733517039,204.48177882279907,204.5958031419324,93483900
2017-03-29,206.5867462158203,206.82356079381987,205.87631586495687,206.1043644893769,61950400
2017-03-30,207.24452209472656,207.44625944413852,206.34991317481212,206.5253259012777,56737900
2017-03-31,206.76220703125,207.43754691479484,206.70957115153888,206.90252922773382,73733100
2017-04-03,206.40255737304688,207.01650867184574,205.15710948601645,206.81478468434068,85546500
2017-04-04,206.53408813476562,206.62180118798568,205.72717890104613,206.11309492220175,56466200
2017-04-05,205.92018127441406,208.20935327204728,205.70967793121548,207.21825176629906,108800600
2017-04-06,206.4990997314453,207.0253381276328,205.61324301568422,206.06056104305307,69135800
2017-04-07,206.28854370117188,206.9902081001724,205.7973826368121,206.24468716689648,74412300
2017-04-10,206.41134643554688,207.21825585904153,205.87632880459395,206.42889172694393,67615300
2017-04-11,206.165771484375,206.27101646934167,204.6571975785494,206.02543591566183,88045300
2017-04-12,205.26234436035156,206.0780329896698,205.0343091414808,205.88507496480457,81864400
2017-04-13,203.92919921875,205.6658215766089,203.92919921875,204.92030066087943,92880400
2017-04-17,205.73602294921875,205.73602294921875,204.25376021224056,204.45548423833822,68405400
2017-04-18,205.12203979492188,205.66583675763445,204.42915469782056,204.99048356861655,83225800
2017-04-19,204.74490356445312,206.06928531758723,204.51685492740742,205.6921485457593,68699900
2017-04-20,206.41134643554688,206.8586643757868,205.0431081355718,205.36762241916853,92572200
2017-04-21,205.75352478027344,206.3850213970021,205.35007678705716,206.3323989094639,110389800
2017-04-24,208.01634216308594,208.22684545259338,205.7271707493306,208.02510811480744,119209900
2017-04-25,209.22677612304688,209.57760166217784,208.57773415420453,208.6654472305555,76698300
2017-04-26,209.09519958496094,210.08630110573637,209.05135643137365,209.19167861249778,84702500
2017-04-27,209.2706298828125,209.57759887969246,208.72683290630195,209.41973140412043,57410300
2017-04-28,208.81455993652344,209.5600675928851,208.682990314951,209.53375634519804,63532800
2017-05-01,209.3407745361328,209.77054717151773,208.91978123773953,209.3407745361328,66882500
2017-05-02,209.41970825195312,209.60388695309217,209.00748093379556,209.4810966912879,57375700
2017-05-03,209.16537475585938,209.5162136789032,208.48125558484455,209.41973464795822,73137700
2017-05-04,209.4109344482422,209.55127000347906,208.551402592903,209.47233627233402,61462700
2017-05-05,210.2354278564453,210.25297314986761,209.34080525583454,209.78812324770874,62001300
2017-05-08,210.2003173828125,210.42835262865916,209.7705447523838,210.279251116013,48385700
2017-05-09,210.00738525390625,210.66519321136724,209.65654631337813,210.46346918502428,51363200
2017-05-10,210.38455200195312,210.38455200195312,209.75305520226175,209.96355859653855,54293800
2017-05-11,209.95474243164062,210.12138923936527,208.8583959420162,209.9284311865405,62358300
2017-05-12,209.60386657714844,209.99854856721348,209.33197483695105,209.70034558655396,53912700
2017-05-15,210.76162719726562,210.88441745442003,210.01610631824184,210.0336516073023,61918900
2017-05-16,210.56866455078125,211.086136810078,210.17398254594704,211.0598255686313,51241800
2017-05-17,206.83238220214844,210.56872680672456,206.77098036519635,210.56872680672456,172174100
2017-05-18,207.6655731201172,208.5251050318558,206.49027949680894,206.7534053343596,107047700
2017-05-19,209.01626586914062,209.69161906196462,208.10411146763252,208.1567339584512,115011400
2017-05-22,210.07749938964844,210.24414617094672,209.4635481294446,209.53370251649613,61010600
2017-05-23,210.54238891601562,210.70903572878373,210.06875972360774,210.45467584093677,48341700
2017-05-24,211.03355407714844,211.13879906275898,210.43713459803698,210.7792075675442,46927700
2017-05-25,212.0421600341797,212.32283113690914,211.3405090436256,211.5509989875379,64071700
2017-05-26,211.9983673095703,212.16500076042396,211.77031863857633,211.84925238631826,46629900
2017-05-30,211.81414794921875,212.0684944536213,211.5159449073299,211.6738123825171,35201900
2017-05-31,211.76153564453125,212.14745177995766,211.05987116040478,212.11236119502604,91796000
2017-06-01,213.4454803466797,213.46302563569063,211.93690668696118,212.2263437315375,68962000
2017-06-02,214.15594482421875,214.31382568424598,213.19993385912716,213.49813690423414,88666100
2017-06-05,213.99803161621094,214.2699233570665,213.79629426133513,213.98048632814923,44698800
2017-06-06,213.31394958496094,213.9892893864051,213.23500246656056,213.42796051929773,50375400
2017-06-07,213.70867919921875,213.93671450177095,212.98070336247204,213.65605669733276,54144300
2017-06-08,213.8138427734375,214.29623782890684,213.27882523612308,213.80507682084124,65950700
2017-06-09,213.48936462402344,214.89268011519403,212.20882602248346,214.08577069656533,132256400
2017-06-12,213.4454803466797,213.49810283057823,212.58594854902333,213.2437563640238,86108100
2017-06-13,214.48919677734375,214.54181925941606,213.63843096215126,213.9892564313892,60067000
2017-06-14,214.21731567382812,214.7698651461726,213.38408172250763,214.76109919310298,78602300
2017-06-15,213.80508422851562,213.92787448478632,212.56840232977444,212.84906003704995,66464900
2017-06-16,213.85179138183594,214.01925083849542,212.9616284444967,213.96637173605524,84553100
2017-06-19,215.63217163085938,215.6938594459482,214.59216644135384,214.68911596369418,65123800
2017-06-20,214.17788696289062,215.27957975230422,214.1602695611068,215.27077105141228,56906400
2017-06-21,214.12506103515625,214.6891273454766,213.64913554923663,214.57456041183764,55977600
2017-06-22,214.02813720703125,214.63627400257377,213.8518689854661,214.13390889869294,44148100
2017-06-23,214.28367614746094,214.6185816379325,213.70197907944274,214.08977712478818,66986800
2017-06-26,214.4246826171875,215.38536902894722,214.21316619128766,214.96230928034868,56700500
2017-06-27,212.69728088378906,214.50406027965383,212.67965002842,214.20438953198877,82247700
2017-06-28,214.60096740722656,214.8036751345086,213.49045236124752,213.72842179230014,70042600
2017-06-29,212.71487426757812,214.80367973937533,211.48979227908103,214.7508006309855,106949700
2017-06-30,213.11146545410156,213.9135010684651,212.91756643857633,213.53451173870255,86820700
2017-07-03,213.47286987304688,214.50405297840064,213.47286987304688,214.06337574798954,39153800
2017-07-05,213.96641540527344,214.17793185820335,213.02335972462384,213.8430263249306,54427600
2017-07-06,212.00979614257812,213.31419684308418,211.8247058078007,213.19080776936605,65400800
2017-07-07,213.38475036621094,213.53457902571142,212.0186481257731,212.59153665158414,57972300
2017-07-10,213.6138916015625,213.99288103991563,213.07626480417974,213.38474426682993,36663300
2017-07-11,213.45523071289062,213.77251884437726,212.2742190089576,213.6138680544333,50354600
2017-07-12,215.05929565429688,215.22675515243756,214.4335415225521,214.4335415225521,59610400
2017-07-13,215.42062377929688,215.5352041457138,214.83892669373375,215.06808742656762,39471600
2017-07-14,216.42538452148438,216.78674305344992,215.32369152041932,215.4206410424491,60262700
2017-07-17,216.39889526367188,216.73381416256106,216.22262711366622,216.34601616350997,33531900
2017-07-18,216.51348876953125,216.5663678729064,215.6409432186455,215.98467083898257,42742500
2017-07-19,217.68569946289062,217.6945081643076,216.82196258165857,216.83078473147464,51034300
2017-07-20,217.78265380859375,218.0646801925906,217.22739629381329,217.9412911280171,47135200
2017-07-21,217.58872985839844,217.61516940860668,216.97177115781187,217.20093185748044,82340800
2017-07-24,217.5358428955078,217.67684934205602,217.05990411216578,217.5093898978578,46622300
2017-07-25,218.06468200683594,218.39960094849306,217.8355347274071,218.29382928626478,54915600
2017-07-26,218.073486328125,218.39077441163752,217.80909079886393,218.35552615720246,47575400
2017-07-27,217.87078857421875,218.5758747307722,216.53112622160722,218.54062647472446,70766600
2017-07-28,217.6151885986328,217.74738636133165,216.92773333580078,217.3860278787561,50088400
2017-07-31,217.49185180664062,218.1176059649999,217.28032188708693,218.0206564329214,65838700
2017-08-01,217.9765625,218.13519982645997,217.4477445150001,218.09995157004664,55050400
2017-08-02,218.082275390625,218.2232952837682,217.13921998467657,218.1087149395397,47211200
2017-08-03,217.65928649902344,217.99419202296846,217.37724663843736,217.96775246708862,40856000
2017-08-04,218.05589294433594,218.3907984677568,217.66809486083744,218.15284246521057,60191800
2017-08-07,218.46133422851562,218.46133422851562,218.0206569813054,218.1264286655494,31995000
2017-08-08,217.92369079589844,219.3779336696047,217.54471484749098,218.14402940266592,61719400
2017-08-09,217.9148712158203,217.96775032706083,216.8660573482144,217.2274158728922,62632600
2017-08-10,214.83892822265625,217.20096483763143,214.78604911421053,217.0687536181172,120479500
2017-08-11,215.1562042236328,215.7555321319177,214.83010744095375,215.06807686397858,74869900
2017-08-14,217.2891082763672,217.50944687679072,216.41657602566661,216.45182428443798,73291900
2017-08-15,217.2626495361328,217.69451799625372,216.95418359181764,217.6768871442244,55242700
2017-08-16,217.64163208007812,218.19688959023495,217.20976363346736,217.79146069664122,56715500
2017-08-17,214.24844360351562,217.34200623730254,214.24844360351562,217.02471810687314,128490400
2017-08-18,213.91357421875,215.21797522055783,213.46407477977579,214.08102029087385,136748000
2017-08-21,214.0809326171875,214.34534157034574,213.13789060394728,213.85178536359595,65469700
2017-08-22,216.3196258544922,216.4782631910887,214.65386657822438,214.67149743175762,63140100
2017-08-23,215.54396057128906,215.9758289297804,215.19142430406112,215.34125289005283,50203800
2017-08-24,215.04164123535156,216.09044155929024,214.8301113612029,215.9318042399783,50741700
2017-08-25,215.54396057128906,216.46938508325815,215.39413198529735,215.8436177432725,64445900
2017-08-28,215.55282592773438,216.10806998749916,215.12976618418116,216.081630434577,40565600
2017-08-29,215.79965209960938,216.06404768769613,214.10743964544065,214.22202003254642,51135700
2017-08-30,216.82192993164062,217.09516101521197,215.59684819920312,215.78193848828087,62030800
2017-08-31,218.1263885498047,218.37316668698514,216.85723615950536,217.44774194835855,103803900
2017-09-01,218.4348602294922,218.86672870509148,218.2850316028721,218.50537019173697,62007000
2017-09-05,216.8660430908203,218.1528263228124,215.88773925198518,217.9236655913016,91398800
2017-09-06,217.6063995361328,217.94131851709338,217.0158936922926,217.55352042301297,57916900
2017-09-07,217.57997131347656,217.932521166642,217.16573364125827,217.91489031188328,58034700
2017-09-08,217.32432556152344,217.7914422230686,217.07754745536366,217.28906386155882,63832800
2017-09-11,219.6422882080078,219.72160685915387,218.59347454819485,218.61109194951757,71364800
2017-09-12,220.3826446533203,220.41789290790442,219.82738714272557,220.01247746239025,56896000
2017-09-13,220.48841857910156,220.523680284598,219.97723143660548,220.0918118068685,59228000
2017-09-14,220.41790771484375,220.62062889961828,219.9860526872811,220.1623208688414,95446300
2017-09-15,220.71463012695312,220.80319484501436,220.16548292349447,220.2717659912243,95432400
2017-09-18,221.18406677246094,221.53835267777927,220.79434416752616,221.08663612122723,46235200
2017-09-19,221.40550231933594,221.49408055462717,221.07778717601252,221.4320730868951,47108100
2017-09-20,221.4852294921875,221.6003785027688,220.4754997117252,221.49409542539658,59574100
2017-09-21,220.8917694091797,221.41434583702585,220.71462646085868,221.32578112043566,48211400
2017-09-22,220.93609619140625,221.1043867513015,220.5640918819687,220.59066265298975,51214000
2017-09-25,220.4843292236328,221.03348993500168,219.731468311891,220.67919052199906,57064400
2017-09-26,220.61720275878906,221.16634997041783,220.37805233769802,220.91834713193123,54082000
2017-09-27,221.4763641357422,221.86608675019596,220.43119771378514,221.3257919465471,81001400
2017-09-28,221.74208068847656,221.8217929901809,221.10435524455968,221.19291996362864,44778800
2017-09-29,222.52151489257812,222.6012407103216,221.5472218809985,221.7332172537372,85578000
2017-10-02,223.48695373535156,223.48695373535156,222.5746412234837,222.7517976817976,59023000
2017-10-03,223.96524047851562,223.99181124416882,223.40722736951793,223.48695318161776,66810200
2017-10-04,224.23098754882812,224.4789904003291,223.69954514410213,223.8146941519925,55953600
2017-10-05,225.55955505371094,225.5772598874695,224.2663858869019,224.56753024248064,63522800
2017-10-06,225.30270385742188,225.5949958189021,224.84213487127846,225.10784254976838,80646000
2017-10-09,224.93067932128906,225.5949754879291,224.66495815160502,225.5329815402489,35803100
2017-10-10,225.52415466308594,225.90502489245563,224.9572890433261,225.50644982647708,43057400
2017-10-11,225.87844848632812,225.87844848632812,225.2584413419271,225.42671837636715,47674300
2017-10-12,225.54188537597656,225.9138896922876,225.3027349172255,225.55960372869896,47065100
2017-10-13,225.81643676757812,226.09987632262656,225.54186314558865,225.9847273139954,54800400
2017-10-16,226.11756896972656,226.312430274533,225.70128910779403,226.04672259992523,38221700
2017-10-17,226.27700805664062,226.32129717431158,225.8429963276913,226.06442840090483,31561000
2017-10-18,226.49839782714844,226.7021115122181,226.30353655790313,226.65782240281894,40888300
2017-10-19,226.56045532226562,226.595892025781,225.28501781370355,225.71016364989092,61903800
2017-10-20,227.72959899902344,227.7561967981179,226.5427397901412,227.36647416870304,89176400
2017-10-23,226.84385681152344,228.0838980277231,226.76414450995895,228.05732726053495,63915300
2017-10-24,227.24246215820312,227.481599080585,226.87931029291542,227.27789886050252,66935900
2017-10-25,226.11756896972656,227.0210156088163,224.97498542348984,226.9058666063922,103715300
2017-10-26,226.40985107421875,227.01213979730792,226.28584965975094,226.73757971720838,69798000
2017-10-27,228.2610321044922,228.4204837411437,226.4187291380137,227.16273766468478,85562500
2017-10-30,227.41075134277344,228.16362583798835,227.10960695074422,227.1627484887327,54285700
2017-10-31,227.76499938964844,228.02186813405802,227.46385504770726,227.79157015422328,60304800
2017-11-01,228.06617736816406,228.89876415467614,227.694186609253,228.5533441642587,54202700
2017-11-02,228.15476989746094,228.2964896817317,226.9147555729479,227.9953452765132,56449500
2017-11-03,228.91650390625,228.96077951183685,227.89789467491,228.31418808250652,59589700
2017-11-06,229.27078247070312,229.40363631347665,228.71276930077096,228.78361567348904,49652600
2017-11-07,229.11135864257812,229.71364741873256,228.59762107505315,229.37706632903345,57502200
2017-11-08,229.5010223388672,229.5984664972118,228.65073083011626,228.93417034312648,50469600
2017-11-09,228.66847229003906,228.86333358462628,227.0652793030419,228.2787497008646,95085500
2017-11-10,228.59756469726562,228.77472113140036,227.9598393767681,228.27871555215526,59984700
2017-11-13,228.81015014648438,229.0404481242825,227.87128043277076,227.90671712865026,50228600
2017-11-14,228.2787628173828,228.3850458877589,227.2070121204317,227.99532327619167,61315200
2017-11-15,227.1361846923828,227.82705173772487,226.41874687723083,227.2956093112422,80811500
2017-11-16,229.06704711914062,229.43906489602563,228.0484649868761,228.09274058947273,67777000
2017-11-17,228.3938751220703,229.04046647986414,228.31416282266252,228.71275134998277,75756800
2017-11-20,228.7836456298828,228.97850696822647,228.39392295319553,228.64195286589373,48075500
2017-11-21,230.2804412841797,230.46646364796015,228.74814896247287,229.5630036818169,69176800
2017-11-22,230.07676696777344,230.42218691165866,229.90847644655665,230.2893330870874,45033400
2017-11-24,230.60821533203125,230.71452543721128,230.43108588396495,230.5728056605881,27856500
2017-11-27,230.49307250976562,230.95364146942666,230.28934528111574,230.6524971076928,52274900
2017-11-28,232.83140563964844,232.8579764087773,230.86508763326046,230.96253180692227,98971700
2017-11-29,232.68963623046875,233.5045180270877,232.2379332516218,232.9642097963312,77512100
2017-11-30,234.72686767578125,235.64800565478035,233.5399949860732,233.61970729020103,127894400
2017-12-01,234.23968505859375,234.9925594759674,230.96250675690996,234.505419751345,164390900
2017-12-04,233.95628356933594,236.31229703483473,233.90311500405937,235.87829882228743,94040600
2017-12-05,233.1148681640625,234.85088832217983,232.98201430532922,233.1148681640625,77994500
2017-12-06,233.15908813476562,233.59311334343843,232.6896532590715,233.21222966557778,75898600
2017-12-07,233.894287109375,234.21313633434642,232.8934097694087,233.894287109375,77218600
2017-12-08,235.1697540283203,235.17859293164693,233.85886627715325,234.85974368503855,76563900
2017-12-11,235.87828063964844,235.94028810245604,235.14313810870783,235.87828063964844,83077500
2017-12-12,236.2946319580078,236.77293288371573,235.91377521637318,236.67548869964241,85195800
2017-12-13,236.26803588867188,236.9854736852738,236.1794576481676,236.54260951303638,102905400
2017-12-14,235.30258178710938,236.6843157630886,235.24944025190112,236.56916676004326,100666700
2017-12-15,237.2620391845703,237.73387358678244,236.26495721525006,236.3183703801461,144610300
2017-12-18,238.76658630371094,239.12268314509427,238.57072896568297,238.67755530125322,83653600
2017-12-19,237.84962463378906,239.0603593312445,237.7783889642637,239.01585741412683,82382900
2017-12-20,237.72500610351562,238.88232778059586,237.4223223905631,238.82891460586606,76751500
2017-12-21,238.21458435058594,238.9357163902031,237.96531386633447,238.35702850850754,67032300
2017-12-22,238.15231323242188,238.26805082145802,237.60924312274037,238.23243298595887,78720900
2017-12-26,237.8675079345703,238.09007193936193,237.60044199620341,237.74285905102732,45244400
2017-12-27,237.98316955566406,238.34817766715898,237.70719245134214,238.03658272627806,57751000
2017-12-28,238.4727783203125,238.51730740419808,238.09888615897432,238.49060082124535,45116100
2017-12-29,237.5736541748047,239.07818867832077,237.3778239768679,239.06039334263144,96007400
2018-01-02,239.2740020751953,239.3096199084802,238.0543561775417,238.44607083833583,86655700
2018-01-03,240.7874298095703,240.9387852135431,239.44313517870106,239.44313517870106,90070400
2018-01-04,241.8023681640625,242.29202516195116,240.84981509282161,241.43738718921722,80636400
2018-01-05,243.41371154785156,243.5383332111421,242.10503465684633,242.60357564690105,83524000
2018-01-08,243.85885620117188,244.019095708652,243.02201365973374,243.31578609011393,57319200
2018-01-09,244.4107666015625,245.04284043566747,244.001229486785,244.28611778355804,57254000
2018-01-10,244.036865234375,244.30395822037724,242.96857479570195,243.64515058966128,69574300
2018-01-11,245.8173828125,245.8173828125,244.42858618846464,244.59773693343206,62361500
2018-01-12,247.41973876953125,247.58886226368838,245.78164528250937,246.08435596072607,90816100
2018-01-16,246.5741424560547,249.35173611997845,245.87083278844256,248.6929555420722,106555100
2018-01-17,248.9243621826172,249.31607683096257,246.57410146099048,247.51777024970102,113258800
2018-01-18,248.5059814453125,249.23597044869223,248.0074132737757,248.8086651137279,100728000
2018-01-19,249.63661193847656,249.63661193847656,248.50599694460436,249.09354181682545,140920100
2018-01-22,251.6663818359375,251.6663818359375,249.3695069536698,249.42294728975625,91322400
2018-01-23,252.20057678222656,252.4943492462935,251.38152948043933,251.71091978417996,97084700
2018-01-24,252.10263061523438,253.4558368173879,250.90969110490752,252.85044222610563,134816100
2018-01-25,252.20948791503906,253.0730372326948,251.40826303138368,252.97512212365496,84587300
2018-01-26,255.12939453125,255.1739236047486,252.79692960263463,253.05511128991776,107743100
2018-01-29,253.43798828125,254.9959357693171,253.2777487743335,254.55080791558365,90118300
2018-01-30,250.83843994140625,253.49138438323425,250.35769428457616,251.58625142511627,131796400
2018-01-31,250.96302795410156,252.2093802598345,249.8769151230109,251.70195525680072,108364800
2018-02-01,250.67816162109375,251.99574969881226,249.87693700926218,250.22414973650802,90102500
2018-02-02,245.22093200683594,249.47635296782582,245.18531417333008,249.34279288429047,173174800
2018-02-05,234.96519470214844,245.57705524707862,234.41324048145745,243.44044687053784,294681800
2018-02-06,239.59449768066406,240.10194990093936,230.30913814947783,231.41304641664922,355026800
2018-02-07,238.2947540283203,242.47002824628976,238.21460710747124,239.03365430165348,167376100
2018-02-08,229.35655212402344,238.73985365491706,229.3209342932395,238.59740950022584,246449500
2018-02-09,232.80186462402344,234.68029110269694,225.1634691182985,232.17867476912303,283565300
2018-02-12,236.22048950195312,237.70722876033426,232.94435441778106,234.87619444311682,143736000
2018-02-13,236.80801391601562,237.35996809774045,234.41322393263727,235.00079594918395,81223600
2018-02-14,240.00401306152344,240.36902113160346,235.29455315144682,235.3034644016877,120735700
2018-02-15,243.06655883789062,243.07547009048602,239.2740601418653,241.76679287625566,111200300
2018-02-16,243.13772583007812,245.10521052593958,242.38991428800867,242.4344433749279,160420100
2018-02-20,241.61538696289062,243.63628475136105,240.81416228177935,242.17625239020273,86369700
2018-02-21,240.41354370117188,244.5710498224253,240.31562861389318,242.06052219893047,98883700
2018-02-22,240.72511291503906,243.08428486161674,240.04853712203365,241.34830271305367,110511300
2018-02-23,244.56214904785156,244.56214904785156,241.48187176540156,241.9626174767271,92766400
2018-02-26,247.40203857421875,247.49998082286467,245.05177779651797,245.64823386497073,86491400
2018-02-27,244.31283569335938,248.31010177763787,244.25051128146683,247.58896975285006,99099200
2018-02-28,241.83792114257812,245.87968905401726,241.5174421769249,245.4256500175645,121907800
2018-03-01,238.3214569091797,243.19115657585277,236.80801138258872,241.62429788182422,176855100
2018-03-02,239.5499725341797,240.11974917720585,235.7575020317637,236.6299351597847,139083200
2018-03-05,242.31866455078125,242.94185431401868,238.2412788463978,238.34813233575227,97307400
2018-03-06,242.9329833984375,243.3870225061355,241.41953781840968,243.30687558370198,79213200
2018-03-07,242.84390258789062,243.19999936649717,240.54705527270215,240.74291257620217,87063500
2018-03-08,244.0190887451172,244.14371041345154,242.52346571442015,243.52943181719252,66901200
2018-03-09,248.26559448242188,248.26559448242188,245.12299305233222,245.44349922130084,113625300
2018-03-12,247.9539794921875,249.19144781484923,247.56226485540572,248.5593739471333,71924800
2018-03-13,246.35147094726562,249.63651548770133,245.73719255883043,249.12906339839606,91968900
2018-03-14,245.0874481201172,247.50894535086553,244.52660970238176,247.3219992116204,105895100
2018-03-15,244.8203125,246.25361110687257,244.3128602409363,245.60374184695158,83433000
2018-03-16,245.08583068847656,246.14948030149392,245.0322035884306,245.35396618870635,100343700
2018-03-19,241.76962280273438,245.26446603048706,240.09818197147246,244.32596493315046,109208400
2018-03-20,242.18081665039062,242.82436887686526,241.49255700649593,242.17186971145605,59757300
2018-03-21,241.71600341796875,244.2544517525054,241.50149510940992,242.1361003737311,78709600
2018-03-22,235.6738739013672,240.32172828965346,235.39676420360612,239.4636674802756,148785900
2018-03-23,230.6505584716797,236.45147682759045,230.4539167091529,236.12076733544524,183534800
2018-03-26,236.96095275878906,237.24698212254958,231.86618769345463,234.29738273089603,141956100
2018-03-27,232.92979431152344,238.44465546466338,231.3566603779407,237.9083846029933,129941400
2018-03-28,232.24156188964844,234.75322468104997,231.12428533434476,233.0638894363462,146452300
2018-03-29,235.2090606689453,237.09503772419222,232.25051446096177,233.39460459023704,111601600
2018-04-02,230.13214111328125,235.19117228310557,227.62943907277287,234.67274072162198,186286300
2018-04-03,233.081787109375,233.56445828323513,229.56907569782592,231.38353197440136,119956900
2018-04-04,235.57553100585938,236.29057710872982,229.3545426236533,229.48861035828398,123715300
2018-04-05,237.43463134765625,238.32845237707414,236.25478104228384,237.3541634510259,82652600
2018-04-06,232.1432647705078,236.9609473029195,230.60589107226892,235.4504144293478,179521200
2018-04-09,233.28736877441406,236.71963943253624,232.3399203401166,233.61807830448322,105442900
2018-04-10,236.99667358398438,237.79218750431676,235.05709695460718,236.21010660391627,103529000
2018-04-11,235.7543182373047,237.4347066700474,235.4236087158682,235.49510241891053,91140200
2018-04-12,237.69383239746094,238.6502274961401,236.91621242503646,237.0949875512912,68890500
2018-04-13,236.99667358398438,239.13291923563548,235.97773165235574,239.01671812122675,85079200
2018-04-16,238.94515991210938,239.72280710796747,237.818963981863,238.65021097918245,63405300
2018-04-17,241.50157165527344,242.1093635736693,240.21446684145835,240.7328711772053,64682000
2018-04-18,241.68031311035156,242.49366635040468,241.21550865631355,241.94844854363757,57303900
2018-04-19,240.33963012695312,241.2245045134939,239.293847170554,241.01891578811296,77655900
2018-04-20,238.30165100097656,240.49152379639426,237.40782982362364,240.26806850205602,99953100
2018-04-23,238.26596069335938,239.4458114064395,237.17549756956035,238.88269959895752,65558000
2018-04-24,235.05715942382812,239.52626638260853,233.53765214693715,239.3028110346695,112885500
2018-04-25,235.6381072998047,236.08501793769764,233.15328524421025,234.9945548901484,103840900
2018-04-26,238.03353881835938,238.87373298935213,236.2280296834921,236.67494031583888,67731900
2018-04-27,238.25692749023438,238.95410679059268,237.30947939685652,238.65021091887266,57053600
2018-04-30,236.4246368408203,239.44575663756152,236.35311587484955,238.88264495888114,82182300
2018-05-01,236.8447723388672,236.95202652798983,234.27948235513384,235.85261653496124,74203400
2018-05-02,235.2537384033203,237.47039740553092,234.8604549137816,236.648097219955,86368900
2018-05-03,234.73533630371094,235.39675531123916,231.5443878403875,234.41357374132218,136311500
2018-05-04,237.77432250976562,238.46258233956678,233.4214173243,233.7521268271737,91222100
2018-05-07,238.5787353515625,239.56191672054447,237.85471517963686,238.55192181017674,55304900
2018-05-08,238.5787353515625,238.94517799141667,236.99665457803698,238.2033184949068,67499200
2018-05-09,240.8848114013672,241.21552087826194,238.73069905396898,239.2580502843225,59666100
2018-05-10,243.13726806640625,243.46800487099796,241.5284005852988,241.63565478040434,72063900
2018-05-11,243.87913513183594,244.1472705977064,242.74396467937757,243.26239628307383,59871500
2018-05-14,243.99530029296875,244.9784817077398,243.44110828309462,244.31706280458343,54790600
2018-05-15,242.3148956298828,242.77072582347085,241.35850054595102,242.7528592220227,87036100
2018-05-16,243.3338623046875,243.79866676234266,242.3238400360223,242.35068085681644,53942600
2018-05-17,243.12835693359375,244.2188200842039,242.34178977220105,243.06578289183224,56536400
2018-05-18,242.5204620361328,243.1461477040711,242.16293905899153,242.7796777873935,64368000
2018-05-21,244.34393310546875,244.88917830203349,243.62888695094637,244.02217051911236,58025900
2018-05-22,243.66458129882812,245.13046114222462,243.33387182317983,244.87124535972,52966400
2018-05-23,244.3349609375,244.3618017608542,242.21660896423901,242.3775175180668,64694200
2018-05-24,243.83441162109375,244.20982852581258,242.02890262303782,243.93274613693416,76043800
2018-05-25,243.2534637451172,243.88806923675972,242.74397905253608,243.2534637451172,56374800
2018-05-29,240.45578002929688,242.37751751602005,239.32958381606886,241.60881706587887,115908600
2018-05-30,243.66458129882812,244.11149189343564,241.7071379895245,241.77863168266822,69678400
2018-05-31,242.17190551757812,243.55731739463533,241.56411367972447,243.25342147570848,93519900
2018-06-01,244.54942321777344,244.85331907476348,243.41425312671362,243.48577407968264,71258400
2018-06-04,245.71142578125,245.9706415493243,245.13939443617093,245.38071632401198,45385200
2018-06-05,245.89028930664062,246.27462598821745,245.06796156075728,245.84558186724357,51135000
2018-06-06,247.9459686279297,248.05322279597692,245.88124406125428,246.50692974453696,62732200
2018-06-07,247.9192352294922,248.73261596979498,246.99860028647066,248.4376669123184,72969400
2018-06-08,248.65211486816406,248.7057419564862,247.28456956143432,247.45439776687363,72139700
2018-06-11,248.98287963867188,249.70687276908015,248.7594242952801,248.875625438206,58892500
2018-06-12,249.30465698242188,249.67109972316786,248.65215759271032,249.4029642354849,72329000
2018-06-13,248.50914001464844,249.80519183697757,248.3035512916427,249.54597601705936,79070600
2018-06-14,249.13487243652344,249.67114350593081,248.53600003932917,249.38514136133588,77097600
2018-06-15,248.81695556640625,249.1581371648469,247.21881076298143,248.3411042316714,120041600
2018-06-18,248.30517578125,248.4308857978798,246.85967498845994,247.34448602469521,52917600
2018-06-19,247.35345458984375,247.5779132600705,245.58471917246763,246.00670256848346,97531500
2018-06-20,247.77552795410156,248.4489042092872,247.43434626751417,248.04486749627586,53785500
2018-06-21,246.22219848632812,247.78444961750552,245.71941320725162,247.76647538627532,71061400
2018-06-22,246.67117309570312,247.61391626248277,246.44671435119594,247.49719333137918,54898500
2018-06-25,243.31320190429688,245.66552441697775,241.60732146683475,245.50392074810816,137854200
2018-06-26,243.85189819335938,244.7138117917007,243.1246543135496,243.88781925154754,68547400
2018-06-27,241.83181762695312,245.89002120616536,241.67917364953217,244.44452027763933,105110700
2018-06-28,243.2145538330078,243.98667883678343,241.05972775788618,241.77801224951065,76650500
2018-06-29,243.5646514892578,245.70150294322943,243.44792856786069,244.31882952011603,97592500
2018-07-02,244.08534240722656,244.24697348631142,241.73301974209812,241.9754526608543,63554800
2018-07-03,243.22348022460938,245.09099224718912,242.7925369884356,244.99221615573396,42187100
2018-07-05,245.2075958251953,245.2704508234838,243.2772569043494,244.36365650423502,56925900
2018-07-06,247.28163146972656,247.6587066790417,244.84847983932377,245.23456956279853,66493700
2018-07-09,249.50823974609375,249.5621076322491,248.25127673623774,248.29615750812098,50550400
2018-07-10,250.40614318847656,250.50491927339556,249.6699120090663,249.9662128640772,51966800
2018-07-11,248.5745391845703,249.63400511332827,248.26927862873995,248.8349189585633,77054700
2018-07-12,250.82815551757812,250.8820234247287,249.23899745713766,249.84951867134367,60124700
2018-07-13,251.02565002441406,251.3309105946877,250.19067016457026,250.64857471985377,48216000
2018-07-16,250.80108642578125,251.21408262465218,250.35216917491536,251.0704532161415,48201000
2018-07-17,251.8157958984375,252.21084550979606,249.96625789969116,250.0201258103536,52315500
2018-07-18,252.345458984375,252.45319478166238,251.44762414065352,251.89654156251427,44593500
2018-07-19,251.3937530517578,252.05814205976202,250.90891457037233,251.67207965779983,61412100
2018-07-20,251.10641479492188,251.8246990304503,250.94481111683123,251.1872166339672,82337700
2018-07-23,251.5733184814453,251.77980294678719,250.54977367155797,250.89994239064887,47047600
2018-07-24,252.8391876220703,253.69214144882102,251.9593272531458,253.000818673275,68026900
2018-07-25,254.9940185546875,255.3172258652027,252.54292018432818,252.58780095532038,78882900
2018-07-26,254.39247131347656,255.08379414330614,254.16801264667922,254.26678870793464,57919500
2018-07-27,252.66871643066406,254.82351476884924,251.7349604375431,254.72473867931606,76768700
2018-07-30,251.34881591796875,252.91103940805223,250.8190693738886,252.74943575040328,63742500
2018-07-31,252.58779907226562,253.20730714587273,251.73487263160595,252.12093493842258,68570500
2018-08-01,252.16578674316406,253.3060541040555,251.51038508821105,252.7942818586035,53853300
2018-08-02,253.5396270751953,253.71019050953666,250.63961029541662,250.84612219977498,63426400
2018-08-03,254.6259307861328,254.6797986770815,253.4856631616566,253.66524106464624,53935400
2018-08-06,255.55972290039062,255.87394317569013,254.26683853430387,254.66188805726065,39400900
2018-08-07,256.4036865234375,256.78977636604634,256.0984259360764,256.23312309499096,43196600
2018-08-08,256.29595947265625,256.6999961637091,255.82909515834393,256.2331318493968,42114600
2018-08-09,255.9458465576172,256.75389262985937,255.81117677886874,256.3588430123629,35717000
2018-08-10,254.2308807373047,255.038926499426,253.51259652673164,254.49126047612123,77076000
2018-08-13,253.27919006347656,255.12872746824326,252.98288925023923,254.5092192948295,65732900
2018-08-14,254.89532470703125,255.13775766784457,253.62041448250096,254.01546403369971,43842000
2018-08-15,252.99185180664062,253.67421492265154,251.53736402755595,253.53055808771558,102925400
2018-08-16,255.03883361816406,255.9187211807715,254.4103385877686,254.4462596351506,69967900
2018-08-17,255.93678283691406,256.38570023154836,254.41943985107073,254.83243618220615,65618500
2018-08-20,256.48443603515625,256.75377546975,255.9367426518302,256.3946470903786,39807500
2018-08-21,257.0860595703125,257.95696057889774,256.5204191606465,257.0052577117529,67272000
2018-08-22,256.9334716796875,257.4631910781556,256.4037248814678,256.67309183984673,44993300
2018-08-23,256.5922546386719,257.62475933756605,256.269019813078,256.7538583515949,49204900
2018-08-24,258.1364440917969,258.28010092103995,257.1218865725878,257.17575445858665,57487400
2018-08-27,260.1746520996094,260.2823879267866,259.1870280175636,259.3486317583295,57072400
2018-08-28,260.30023193359375,260.7491492554027,259.83334038307953,260.6413860823879,46943500
2018-08-29,261.70086669921875,261.9342850880388,260.2733128224828,260.51571832616764,61485500
2018-08-30,260.64141845703125,261.59312110549945,260.0398845149436,261.21604585219666,61229500
2018-08-31,260.6504211425781,261.099338546964,259.73463950153865,260.2284376864656,66140800
2018-09-04,260.20147705078125,260.5606054575074,259.1869194369675,260.22841099629215,57594400
2018-09-05,259.50115966796875,260.0488530773949,258.47764236799816,259.84234123453905,72452400
2018-09-06,258.7200927734375,259.91420106393946,257.67860106305295,259.60894050395956,65909900
2018-09-07,258.2172546386719,259.20487824822544,257.4181686364796,257.6606015313979,73524800
2018-09-10,258.66619873046875,259.51016559324125,258.4686739881232,259.240798726547,50210900
2018-09-11,259.51910400390625,259.96802134513405,257.6606070350255,258.0107483133184,50530500
2018-09-12,259.58197021484375,260.1924912493347,258.7829115608244,259.52810232354994,59810800
2018-09-13,261.11724853515625,261.3058135462071,260.3720578049106,260.6593714791157,51034200
2018-09-14,261.16217041015625,261.512311706674,260.3720714645122,261.32377408547217,55079900
2018-09-17,259.77960205078125,261.14430152576193,259.50127536443483,261.1084078499287,68244000
2018-09-18,261.1892395019531,261.79077373790284,259.96816939057936,259.9951033504017,61930400
2018-09-19,261.4674377441406,261.88942117384585,261.11726903875575,261.2429790559941,49080600
2018-09-20,263.58636474609375,263.9095995663744,261.4854343133855,262.7424251258967,100360600
2018-09-21,263.3454895019531,264.45483521968595,263.18315428192614,264.33758394174174,105479700
2018-09-24,262.470703125,262.9036246625077,261.88447413222383,262.75931748333846,53409600
2018-09-25,262.2271728515625,263.038876566296,261.9836699942756,262.93065307416845,44370000
2018-09-26,261.4424743652344,263.5709426948373,261.0185807539969,262.37142919108175,79739700
2018-09-27,262.17303466796875,263.27335259993765,261.64091753614906,261.9205040372107,59249500
2018-09-28,262.2001647949219,262.7052261994744,261.5057122446077,261.5417683993741,70091400
2018-10-01,263.11102294921875,264.19328530805143,262.4345986535327,263.45372147239533,62078900
2018-10-02,262.95770263671875,263.6792109161054,262.57892042336255,262.95770263671875,47258200
2018-10-03,263.1020202636719,264.44584118509243,262.7412661096276,264.0219474850515,64694600
2018-10-04,261.0456848144531,262.6690922291497,259.440305473688,262.6149804835783,111545900
2018-10-05,259.5846252441406,261.79426169236467,258.1415810700031,261.2711722851762,105951700
2018-10-08,259.5846252441406,259.94537940673047,257.4922125678301,258.89014526928247,87742200
2018-10-09,259.2057800292969,260.5225449283453,258.63757922714063,259.19677975501355,74339000
2018-10-10,250.99850463867188,258.76387008194024,250.61972243584464,258.69170274174166,214731000
2018-10-11,245.46986389160156,251.53962656990572,243.8374013734048,249.89816377783984,274840500
2018-10-12,248.87904357910156,249.90719414127938,245.6502297001274,249.61857985149229,183186500
2018-10-15,247.4811553955078,249.86218269138615,247.3909599633097,248.51833405633207,102263700
2018-10-16,252.89251708984375,253.2713268447059,248.9873058663737,249.46531131668914,118255800
2018-10-17,252.9376678466797,253.56898083779825,250.33116567730593,252.92864004613529,110626000
2018-10-18,249.2849578857422,252.5949403856532,247.99524850864086,251.9906557517751,134557500
2018-10-19,249.14962768554688,251.90040894550572,248.44614748479756,249.94330330152587,139901600
2018-10-22,248.0312957763672,250.1507367746045,247.49015077784318,249.82606628975688,82415800
2018-10-23,246.7685546875,247.90495615455868,242.25906000713542,244.36952773846474,146352700
2018-10-24,239.2918701171875,246.9039005417524,238.73269709231258,246.5160630199217,177806700
2018-10-25,243.5848846435547,245.14517991713308,240.11259530111516,241.1497737095234,138061500
2018-10-26,239.3008575439453,244.4146371550296,236.5591043095819,239.83300219262102,201574600
2018-10-29,237.9750518798828,243.7381995790272,234.35845568277566,242.4304350472625,160749100
2018-10-30,241.50146484375,241.81713497173794,237.3076403541126,237.80370127631392,157116000
2018-10-31,244.08102416992188,246.425967971955,243.62104669630688,244.09905224826187,128296300
2018-11-01,246.67849731445312,246.87691627022332,243.85554797617948,244.9558662720354,99495000
2018-11-02,245.2173614501953,248.22970116517118,243.14297698952024,247.79677968518712,122634100
2018-11-05,246.57025146484375,247.12942460124552,244.73036927105312,245.71343615985322,65622500
2018-11-06,248.13052368164062,248.29285894513697,246.4439764442717,246.50711599911412,60085900
2018-11-07,253.44261169433594,253.52377929024095,249.8981281971998,250.33104956579604,102752100
2018-11-08,252.98269653320312,253.6320649835442,251.82826679079412,252.6309426742043,65584900
2018-11-09,250.5115509033203,251.84634421228523,249.08653463850777,251.65695307159348,98812600
2018-11-12,245.8306121826172,250.24088389318933,245.30749535963136,249.9973810765548,99673600
2018-11-13,245.3706512451172,248.31985120486593,244.64011522275948,246.29960615773098,98176600
2018-11-14,243.69309997558594,247.67045000463207,242.11477686052066,247.26461200359208,125335900
2018-11-15,246.23651123046875,246.70551643264935,240.81611572040785,242.41246740592857,135101400
2018-11-16,246.87680053710938,247.79672752418313,244.60399765033677,245.12711443567392,126668000
2018-11-19,242.7010040283203,246.56113029147525,241.77204924491858,246.26348823560411,103061700
2018-11-20,238.2096405029297,240.80711491026133,237.3347970744018,239.32798683572648,136021300
2018-11-21,239.02130126953125,240.94235085033864,239.01230099425868,239.77889324774952,75563700
2018-11-23,237.4249725341797,238.84096093239847,237.2626372783251,237.3618329823095,42807900
2018-11-26,241.25796508789062,241.48343982161762,239.30986008563679,239.70669781889802,79981400
2018-11-27,242.0697021484375,242.0697021484375,239.59850753216418,240.21179228712944,75502400
2018-11-28,247.64344787597656,247.64344787597656,242.00657838469812,243.15200788054304,127629600
2018-11-29,247.10226440429688,248.51822472412653,245.70430462969358,246.8587340921217,82346400
2018-11-30,248.60850524902344,249.17670614031175,246.62434355303023,246.94901404874992,98204200
2018-12-03,251.90040588378906,252.8925003917044,250.2860263230381,252.78427690425474,103176300
2018-12-04,243.73822021484375,251.49455761172698,243.4225500400603,251.06163615570037,177986000
2018-12-06,243.36842346191406,243.48567473600914,236.6943763500838,239.83299478644156,204185400
2018-12-07,237.7135467529297,244.61306919948262,236.86575941714142,243.02571801353426,161018900
2018-12-10,238.16448974609375,239.1475564118969,233.24912889330318,237.53314939891473,151445900
2018-12-11,238.2186279296875,241.59172195775344,236.7304998304689,241.40233084208725,121504400
2018-12-12,239.41806030273438,242.61078992889998,239.33689270932786,241.23088579345216,97976700
2018-12-13,239.33694458007812,241.24896614697863,238.20957077659676,240.3741229745261,96662700
2018-12-14,234.91763305664062,238.12839128688933,234.35846008181136,237.16335275354302,116961100
2018-12-17,230.3089599609375,235.08000025314294,228.65848291899889,233.95262635251999,165492300
2018-12-18,230.05642700195312,232.64488680991963,228.43300584895235,231.96846247632664,134515100
2018-12-19,226.61119079589844,233.9526498227788,224.88857376196788,230.13762001367357,214992800
2018-12-20,222.92236328125,226.93581088267953,220.64957405902464,225.34847367455401,252053400
2018-12-21,218.35484313964844,226.52841727343954,217.70168254305403,223.8341332730511,255345600
2018-12-24,212.58523559570312,218.48181344398333,212.52174118607726,216.84891219447073,147311600
2018-12-26,223.32606506347656,223.32606506347656,212.05906773758457,214.06391020186163,218485400
2018-12-27,225.04066467285156,225.24022844769814,216.77638228483937,220.05125192984704,186267300
2018-12-28,224.75035095214844,228.06150093886112,223.57103251775314,226.41046620451016,153100200
2018-12-31,226.71888732910156,226.96382598417097,224.4963337674227,226.39230706975982,144299400
2019-01-02,226.95472717285156,227.88912065690985,223.11741981658312,223.14463368248033,126925200
2019-01-03,221.5389862060547,225.4942300065546,221.04910887795336,225.18578308646187,144140700
2019-01-04,228.95960998535156,229.61277056651494,224.224202693044,224.60521072501368,142628800
2019-01-07,230.764892578125,232.18913600674784,228.32461381206406,229.2317798162649,103139100
2019-01-08,232.93296813964844,233.42284545620169,230.42012867134727,232.978343043397,102512600
2019-01-09,234.02159118652344,234.8743293576913,232.40683697219623,233.6496498408433,95006600
2019-01-10,234.84710693359375,235.10111227206158,231.78088183633582,232.4703367626794,96823900
2019-01-11,234.93780517578125,234.96501904197547,233.1688208196485,233.75847304352516,73858100
2019-01-14,233.5044708251953,234.320914506344,232.6063855443821,233.0145935427049,70908200
2019-01-15,236.18064880371094,236.49816240722788,233.8764396543242,233.88552017241238,85208300
2019-01-16,236.7521514892578,237.65023681409102,236.407424039664,236.6160544653096,77636700
2019-01-17,238.54832458496094,239.41922373533995,235.82682703016224,235.87220193344507,96118400
2019-01-18,241.723388671875,242.19513260079614,238.58460278987434,240.380801020645,127900300
2019-01-22,238.4575958251953,240.45337171696184,236.82470841157104,240.23566077767967,115531200
2019-01-23,238.95660400390625,240.20849753764116,236.46189745565502,239.50090915133575,86030300
2019-01-24,239.08355712890625,239.67323709981474,237.75002217497703,238.77512405116485,59204100
2019-01-25,241.10655212402344,241.94115693434642,239.18336484291694,240.95232173962998,96883400
2019-01-28,239.2740936279297,239.33757420255807,237.48697564537989,238.93844666465247,85613700
2019-01-29,238.95660400390625,239.99075886796348,238.1129462518709,239.4192675318978,66136300
2019-01-30,242.7393798828125,243.59211783469837,239.7185303569398,240.48962671996418,92473700
2019-01-31,244.87120056152344,245.36107773077646,242.4581367749396,242.6758753415502,104012100
2019-02-01,244.9892120361328,246.02339441395705,244.19090164297134,245.07085364209178,85782500
2019-02-04,246.7128143310547,246.77632258419658,244.35417760789457,245.03455198854627,60744800
2019-02-05,247.7470245361328,248.0554576345695,246.6402809784447,247.14829169169425,79552800
2019-02-06,247.42044067382812,247.96474579905473,246.67658561001076,247.4658155835604,58347800
2019-02-07,245.06179809570312,246.34087759273785,243.38353572200194,245.78751970808503,95482000
2019-02-08,245.3611297607422,245.46090470803657,242.96619881164602,243.80080351089237,75788900
2019-02-11,245.4972381591797,246.2864680842967,244.9620135856464,246.023409898929,68021400
2019-02-12,248.65414428710938,249.03513840901638,247.057523665207,247.1301124304766,72270200
2019-02-13,249.46156311035156,250.31430134333556,249.07148838459528,249.49785750108728,65277200
2019-02-14,248.9081573486328,250.05119511895776,247.53832812765629,248.36385233016838,83234400
2019-02-15,251.62062072753906,251.65691511800978,250.49574378352173,250.7043742385846,97088700
2019-02-19,252.0560760498047,252.7182895049218,250.8041825531326,250.81326307208238,59120800
2019-02-20,252.56405639648438,253.02671985510204,251.511740651779,252.01975133067046,76610800
2019-02-21,251.66598510742188,252.28285129707368,250.6953109156271,251.91999046107304,64214700
2019-02-22,253.22628784179688,253.4258377510295,251.64780044241874,252.29188044218253,78114600
2019-02-25,253.571044921875,255.19487990683103,253.4894032993256,254.6687357777868,69030700
2019-02-26,253.38955688476562,254.2785616471207,253.00853506911125,253.21719316869616,56844100
2019-02-27,253.28076171875,253.63454206761705,251.72043507014715,252.66386779013237,56921600
2019-02-28,252.8090057373047,253.5075412519087,252.48243927684697,253.06301110138568,69268300
2019-03-01,254.38751220703125,254.80480083227403,252.93604101132684,254.40564556134254,78880500
2019-03-04,253.46214294433594,255.70284378954244,251.1398004915518,255.45791896680942,106494600
2019-03-05,253.11749267578125,253.78881446145175,252.56413460526363,253.5892367983358,59114600
2019-03-06,251.5843048095703,253.24443389632526,251.2577383768024,253.23535337835747,75039800
2019-03-07,249.47967529296875,251.27584585727348,248.6269372269744,251.13069600726348,94885100
2019-03-08,248.98068237304688,249.15304606533977,247.13008433658516,247.60180051920298,85795800
2019-03-11,252.5912628173828,252.75454602696055,249.67926817522712,249.7064820434901,65098900
2019-03-12,253.54380798339844,254.0699797490889,252.9632361588012,253.15373326075405,79667500
2019-03-13,255.22207641601562,256.1655367976905,254.27861603434073,254.4419269528389,80639200
2019-03-14,255.058837890625,255.67570422794137,254.61433533645788,255.2493350303375,67518400
2019-03-15,256.31890869140625,257.1389487019919,255.42596016948642,255.61732415690125,81309000
2019-03-18,257.24822998046875,257.54892886568575,256.30973468964584,256.5375250787431,62199800
2019-03-19,257.31207275390625,259.0979419988998,256.41003151906637,258.323476756213,90268100
2019-03-20,256.5375061035156,258.31428212962953,255.41679526817657,257.0933290711514,84609200
2019-03-21,259.43499755859375,259.84500350809054,255.66277598458657,255.7083507388236,79550400
2019-03-22,254.44186401367188,258.58763796275844,254.3780760313305,258.0591764961509,122659300
2019-03-25,254.25059509277344,255.2984255958575,252.97497414091234,254.0956853527665,85575200
2019-03-26,256.145751953125,257.11158105255026,254.72434204052,256.0272964926669,68125900
2019-03-27,254.80641174316406,256.72897775092827,253.23921221229816,256.1367002894311,72224700
2019-03-28,255.772216796875,256.2277976892242,254.27792592932417,255.44421190148003,56238500
2019-03-29,257.38494873046875,257.71295357205776,256.1639954760323,257.3029475200715,82186800
2019-04-01,260.437255859375,260.73795469890655,259.13430170524424,259.40766681449475,77617900
2019-04-02,260.56488037109375,260.8017912819802,259.76305372481187,260.62866835578546,40070400
2019-04-03,260.97491455078125,262.19586774324245,260.36442405132817,261.79495441957516,68243200
2019-04-04,261.66741943359375,261.9225436062094,260.6013757791264,261.30296030220705,48997500
2019-04-05,262.9339294433594,262.98859691897246,262.0501015123514,262.3416799199194,58621700
2019-04-08,263.1343688964844,263.2437038405529,261.84050717663445,262.5056651616451,53566300
2019-04-09,261.7858581542969,262.48744263247835,261.2300628806299,262.15943777715637,66142300
2019-04-10,262.6787414550781,262.7698631611057,261.78579322631316,262.20491970631116,52601500
2019-04-11,262.6058349609375,263.17987112618346,262.03179879569154,263.1707506135793,55093100
2019-04-12,264.3826599121094,264.66511779077246,262.65145838939964,264.2368707156307,69727800
2019-04-15,264.2095642089844,264.5558101105001,263.39861693370295,264.4555678622698,49596700
2019-04-16,264.3826599121094,265.1571528530823,263.781289904052,265.1024853802086,52153200
2019-04-17,263.73577880859375,265.5398612716412,263.31662438430305,265.5125275314875,58268300
2019-04-18,264.2550048828125,264.5283699718469,263.0158387931235,264.32791336246345,68708500
2019-04-22,264.4830017089844,264.63791149435633,263.3896239185321,263.48074568601794,40160100
2019-04-23,266.8609924316406,267.09790332668234,264.61954286140394,264.8564259500026,52246600
2019-04-24,266.2687683105469,267.11614193751393,266.1229791156204,266.77901658956654,50392900
2019-04-25,266.104736328125,266.7698943118712,264.90202413921253,266.1685243141922,57770900
2019-04-26,267.3439636230469,267.4168443258151,265.36673045565345,266.15034399426867,50916400
2019-04-29,267.7630615234375,268.2915508360349,267.34393496294183,267.4350566864703,57197700
2019-04-30,267.8997497558594,268.19132816985035,265.9863324543578,267.4168351730079,81111700
2019-05-01,265.88604736328125,268.7471079524347,265.87692684979874,268.53753078744177,71671900
2019-05-02,265.31207275390625,266.69705641558045,263.79954090607526,265.76765363073065,65030200
2019-05-03,267.908935546875,268.19139351473467,265.4214535198202,266.80643742050484,56543700
2019-05-06,266.80645751953125,267.25291799143474,263.2346903249325,263.55360257905943,107198100
2019-05-07,262.3507995605469,264.97494988515353,260.41914107339204,264.373579785227,144729900
2019-05-08,261.986328125,263.7175298309546,261.3849580532886,261.986328125,91568300
2019-05-09,261.1935729980469,261.80403566432665,258.1320557337639,259.890618656399,103471100
2019-05-10,262.50567626953125,263.27104871684276,257.22092202888496,260.24598537286386,112429300
2019-05-13,255.90882873535156,258.30518814655903,255.06145513710214,257.33026638610016,127290500
2019-05-14,258.22320556640625,259.7721914910918,256.8109161341228,256.93846430553225,77003200
2019-05-15,259.7357482910156,260.3826653030283,256.3644389262858,256.57401612463264,73956400
2019-05-16,262.1412048339844,263.5170399489043,260.3735490960863,260.4464297896372,76749600
2019-05-17,260.4464111328125,262.96122588007694,259.79037371206715,259.80861473898227,100353000
2019-05-20,258.7244567871094,260.5558734687369,257.96817676787396,258.8246712583692,62877600
2019-05-21,261.0569763183594,261.43964870289653,260.1822409693716,260.4373651612135,46847100
2019-05-22,260.2551574707031,261.22098678420105,259.77224281395416,260.0911550151549,49482500
2019-05-23,257.0751037597656,258.05002537423576,255.64457361578712,258.00447842450524,98733800
2019-05-24,257.658203125,258.9520644652038,257.02949957463557,258.5329102273359,55268100
2019-05-28,255.261962890625,258.90660995044175,255.24374966564804,257.9407807041064,70029400
2019-05-29,253.5489044189453,254.54206713215206,252.12749468202165,254.13206113483332,104972900
2019-05-30,254.2415313720703,255.1618138887769,253.12991262145457,254.3144120971213,62523800
2019-05-31,250.81546020507812,252.5011148378192,250.78812646752868,251.662861682005,86862800
2019-06-03,250.17767333984375,251.98175570032274,248.8291440205443,250.85192409626939,96428000
2019-06-04,255.608154296875,255.74482297118078,252.0455092189342,252.50109000424973,77231900
2019-06-05,257.822265625,257.8495993593719,255.41681358094215,257.24822939674647,71169700
2019-06-06,259.498779296875,260.1821504092858,257.4669069854297,258.1229443656017,69430400
2019-06-07,262.095703125,263.1891084781516,260.3553806379012,260.5285036155911,74272200
2019-06-10,263.29840087890625,264.98405560643573,263.2072791464684,263.6628600022089,60799100
2019-06-11,263.234619140625,265.5125234734557,262.5785815805118,265.13894382609755,58641300
2019-06-12,262.7699279785156,263.56263418425476,262.25055915184254,262.9977183965532,47096300
2019-06-13,263.8541259765625,264.2186128093409,262.97941875206516,263.690123585677,48945200
2019-06-14,263.5626220703125,264.1730847909843,262.7881291232927,263.5626220703125,52324700
2019-06-17,263.6628723144531,264.43736536666813,263.48974935667155,263.79954101626754,39205700
2019-06-18,266.4236145019531,267.4896856816371,265.13887346241273,265.5033603040961,85434800
2019-06-19,267.0250244140625,267.56260643768195,265.5762807626584,266.56032308582957,78674400
2019-06-20,269.5763244628906,269.9863584071253,267.0888704743203,269.7403547244558,116570000
2019-06-21,269.1844177246094,270.57610941710277,268.96468428413374,269.3034493187632,83309500
2019-06-24,268.85479736328125,269.71542925437603,268.6991342268477,269.39499399165487,47582700
2019-06-25,266.2178955078125,268.9372085084846,266.10802879129045,268.9097418293541,82028700
2019-06-26,265.952392578125,267.6370809326556,265.84252585047807,267.12435090917626,51584900
2019-06-27,266.89544677734375,267.4081767896769,266.33694827671627,266.7214818151211,40355200
2019-06-28,268.2688293457031,268.772394469847,267.3624009455684,267.8842678761885,59350900
2019-07-01,270.70428466796875,271.85794102342214,269.48653008350425,271.63817965848216,78705600
2019-07-02,271.4092712402344,271.46420459399906,269.80698322483136,270.65847814986955,61504500
2019-07-03,273.5792236328125,273.5975533785977,271.94946893401107,272.0959671918645,40898900
2019-07-05,273.2679748535156,273.4328028870358,271.0247879813287,272.3340797247915,51677300
2019-07-08,271.7664489746094,273.084905750969,271.2170873275105,271.94041396188555,45841800
2019-07-09,272.10516357421875,272.4072970561192,270.53950692099306,270.59444028133856,41101300
2019-07-10,273.4053649902344,274.3667549420925,272.6454346702214,273.1856314888709,58448500
2019-07-11,274.0462341308594,274.29343426803155,273.0299389585721,274.05539900539225,50826100
2019-07-12,275.2731018066406,275.3463649131299,274.2293400435186,274.5406383918774,40326000
2019-07-15,275.3647766113281,275.71270665178326,274.85204642803615,275.71270665178326,33900000
2019-07-16,274.4765319824219,275.48369010398403,274.1652336433367,275.27309360621143,36650100
2019-07-17,272.6087341308594,274.61388564854866,272.6087341308594,274.44908556422365,36036300
2019-07-18,273.60675048828125,273.9913119924396,271.6565601095316,272.10519191297317,51392600
2019-07-19,272.08685302734375,274.7420678116067,271.9128880779418,274.71460113231626,58678600
2019-07-22,272.7552490234375,273.3046106130079,271.9678521670165,272.48971913250176,43638100
2019-07-23,274.7054138183594,274.7054138183594,273.048192439275,273.89055043818337,44564500
2019-07-24,275.9964294433594,275.9964294433594,273.8447797336746,273.9363446463249,47213200
2019-07-25,274.6779479980469,275.59354115804035,273.8630566736435,275.5386078037756,55394100
2019-07-26,276.51837158203125,276.719803247631,275.245683344448,275.37387983241746,45084100
2019-07-29,276.0146789550781,276.5182719083992,275.4561805945953,276.39924033867453,38126500
2019-07-30,275.3371887207031,275.7492168381247,274.21099902365467,274.5955604626939,45849000
2019-07-31,272.32489013671875,275.7766945274753,270.28313509817644,275.5843998294343,104245200
2019-08-01,269.9534912109375,275.474516996745,269.1477647377705,272.48053734192746,142646600
2019-08-02,267.92095947265625,269.29434969176293,266.3461375704128,269.0471495113341,116749700
2019-08-05,259.86376953125,263.88321070871535,257.9410174770764,263.7733439527679,178745400
2019-08-06,263.50775146484375,263.7275128662847,260.2848729745192,261.7772945859322,120711700
2019-08-07,263.66339111328125,264.4416509694117,258.233929809862,260.39471648254647,140572300
2019-08-08,268.8365173339844,268.8365173339844,264.6156453651659,265.1741439015935,87713900
2019-08-09,267.00531005859375,268.4885667138318,265.20159016435855,267.8842717910145,93730000
2019-08-12,263.7549743652344,266.9961545996095,262.7935846143409,265.4854312101376,65527600
2019-08-13,267.8568420410156,269.32179709149176,263.1049099878718,263.4528399558004,94299800
2019-08-14,259.93695068359375,264.36841921631157,259.80878214219905,263.75498730923084,135622100
2019-08-15,260.62359619140625,261.53005245070966,258.55437458039813,260.8341926843124,99556600
2019-08-16,264.4690856933594,264.9085525205662,260.6785166585885,262.2991344089697,83018300
2019-08-19,267.65533447265625,268.3420293383055,266.84047109509567,267.5271659607449,53571800
2019-08-20,265.60443115234375,267.68281768173006,265.4762626325167,267.14262104039227,51596400
2019-08-21,267.7652282714844,268.14059687483007,267.0968352120358,267.7926949483557,49524700
2019-08-22,267.68280029296875,269.12028824646546,265.88824554015366,268.47938980558854,51666400
2019-08-23,260.8067626953125,268.0491092068766,259.54323944350233,266.3644208516933,149161500
2019-08-26,263.69091796875,263.69091796875,261.4751694886945,263.0225246801662,72423800
2019-08-27,262.6563720703125,265.47641644059405,261.8872766807003,265.1010196536934,66668900
2019-08-28,264.5057373046875,264.67053737738956,261.1729645899348,261.98785596332965,59696700
2019-08-29,267.88427734375,268.4153371089108,266.08055741212706,267.0968805121057,57899400
2019-08-30,267.7652282714844,269.4041198942802,266.82216844332294,269.3858180902612,62901200
2019-09-03,266.19952392578125,266.9686187622557,264.8536009765301,266.0438887490633,69101400
2019-09-04,269.2210388183594,269.23934062379163,267.6370524853047,268.3970105069036,46887300
2019-09-05,272.6819763183594,273.60670645946817,269.1844035525895,271.7389164303834,83258100
2019-09-06,272.8926086425781,273.54270009115186,272.315808256912,273.00250332439884,49584300
2019-09-09,273.0299377441406,273.98213467384363,272.0777128727471,273.8905976956845,51260300
2019-09-10,272.9657897949219,273.02988802131244,270.98810524143533,272.26076518799647,57947100
2019-09-11,274.9068603515625,274.98926038717497,272.6178773344804,273.2771055610675,68821100
2019-09-12,275.859130859375,276.9303594416793,275.0534042330688,275.8224993013542,72908700
2019-09-13,275.676025390625,276.6648819527937,275.30062872736596,276.3077870993177,62104800
2019-09-16,274.8244934082031,275.72178491795165,274.17442997674857,274.5314968407313,58191200
2019-09-17,275.5203552246094,275.6118922036143,274.4490987416824,274.62306370849694,41475500
2019-09-18,275.6851501464844,275.7950168725824,273.06653876049097,275.1266236998992,73375800
2019-09-19,275.66680908203125,277.085995413716,275.32804404323804,276.07883722967597,76560500
2019-09-20,274.3643493652344,276.56273617184394,273.564109170602,276.27756568856665,89565000
2019-09-23,274.2999267578125,275.02659351016626,273.4352924121563,273.69284127656107,43476800
2019-09-24,272.1475830078125,275.7992754895881,271.1725744624167,275.40375898113456,94869400
2019-09-25,273.7572326660156,274.2079361563609,270.73101248766125,272.23032581765153,71854000
2019-09-26,273.1869812011719,273.9780142047765,271.7612691268964,273.76647322836897,56179700
2019-09-27,271.7152404785156,274.0608019300763,270.1423537180793,273.9503997808286,84746600
2019-09-30,272.9754333496094,273.6928930411987,272.19360748278564,272.2395873323425,51662400
2019-10-01,269.7283935546875,274.52986194407197,269.5076454216138,273.8675894741321,88242400
2019-10-02,264.9638366699219,268.13723276337674,263.65770557546404,268.1280255637425,122539500
2019-10-03,267.1346435546875,267.16223708421035,261.98363616814265,264.7338942032712,85278800
2019-10-04,270.7495422363281,271.0070912077887,267.7417070984602,267.79692222945346,65091200
2019-10-07,269.5811767578125,271.58640824665804,269.29603444012935,269.93992048886093,59610500
2019-10-08,265.3961181640625,268.4499325329382,265.35931744122405,267.7048793021385,95708100
2019-10-09,267.9163513183594,268.8637661747476,266.8033753579156,267.4380543275147,62359400
2019-10-10,269.7283935546875,270.62062135348543,267.66800279074954,267.83356389055484,55296300
2019-10-11,272.52471923828125,274.7874723211282,272.39595882206197,272.51551204043517,98720400
2019-10-14,272.22119140625,272.8834640267243,271.8716547356211,272.2027770104957,40394800
2019-10-15,274.9162292480469,275.67048954598283,273.15936697536677,273.2789482507373,46754500
2019-10-16,274.4747009277344,275.17377417635663,274.0332046197384,274.4471074084846,48928200
2019-10-17,275.2841796875,276.1672004750438,274.58510635905196,275.6521026764162,45736600
2019-10-18,274.0791931152344,275.394531025538,273.21455872381404,274.7414656688601,64304000
2019-10-21,275.9371643066406,276.1395261019038,274.97136323467146,275.41288753453205,39048600
2019-10-22,275.035888671875,276.77433704493814,274.94390089001246,276.47998737127,48594700
2019-10-23,275.83612060546875,275.89130765875285,274.56676223847677,274.7783313232184,34352200
2019-10-24,276.2867736816406,276.93065994645536,275.449732765671,276.78348514104846,35453100
2019-10-25,277.418212890625,277.9701114900688,275.6521429865506,275.7073300394221,45205400
2019-10-28,278.9819030761719,279.487821840362,278.62318721934525,278.6507807467935,42147000
2019-10-29,278.8990173339844,279.8372530549179,278.57707425465856,278.7058627146766,44284900
2019-10-30,279.75445556640625,280.13155758626954,277.77681737201806,279.1013622513742,49643900
2019-10-31,279.00946044921875,279.7453345370317,277.5377684150453,279.7453345370317,69053800
2019-11-01,281.5940856933594,281.64006552671447,280.3063135108205,280.47190266647476,71141500
2019-11-04,282.7255554199219,283.30504750841453,282.34842520247867,283.167079885137,60606900
2019-11-05,282.4128112792969,283.23146593826937,282.1184616443365,282.9279091051145,42933200
2019-11-06,282.4772033691406,282.753138605606,281.520581098184,282.4128091237234,46487100
2019-11-07,283.4706115722656,284.82275043574816,282.99231444974123,283.82935546720444,54272300
2019-11-08,284.169677734375,284.22486478284947,282.4128151693336,283.121067671907,49032100
2019-11-11,283.62701416015625,283.80178252102047,282.6335910488511,282.7715867542813,35797300
2019-11-12,284.2248229980469,285.1354372347298,283.44296916529936,283.9948676396342,46484600
2019-11-13,284.3168029785156,284.72152664390916,282.9922579046318,283.22221325675434,53917700
2019-11-14,284.7307434082031,284.8135520481488,283.3878118340884,284.03169813343504,51219900
2019-11-15,286.7911376953125,286.8371175395137,285.3838119999358,286.08285721369793,62023600
2019-11-18,287.0026550292969,287.2418175691836,286.0920408516063,286.55195153863724,49228000
2019-11-19,286.919921875,287.6189952174086,286.2668564513276,287.6097880195163,67804700
2019-11-20,285.8528747558594,286.84629754709204,284.2799880855814,286.3219926334259,79406200
2019-11-21,285.39306640625,286.0737535467483,284.58364689632094,285.96337943497304,54664700
2019-11-22,286.0276184082031,286.2851672447102,285.00663025763816,286.14719966635244,44850200
2019-11-25,288.2444152832031,288.2444152832031,286.96587818872905,286.96587818872905,48647200
2019-11-26,288.8975830078125,289.0815585734447,287.9593749928407,288.281318197332,37569000
2019-11-27,290.185302734375,290.185302734375,289.16428625215957,289.3850344339467,44444600
2019-11-29,289.1091003417969,289.8633607268308,288.87914496129076,289.61499095062015,36592700
2019-12-02,286.6531982421875,289.43104918793944,286.22088099549416,289.3666549431557,75767800
2019-12-03,284.7307434082031,284.8135520481488,282.50479102501396,283.90290964527554,73941700
2019-12-04,286.487548828125,287.09463428552823,285.4389670894975,285.7885036926133,49080000
2019-12-05,287.0026550292969,287.2142240507905,285.6781100049903,287.1958377287687,40709000
2019-12-06,289.6241149902344,290.02883858937696,288.92504185158504,288.93424904679375,48927000
2019-12-09,288.7136535644531,289.9094106036354,288.6400521053063,289.22875149555307,34838500
2019-12-10,288.3916320800781,289.3298398991125,287.7293594811349,288.6583881733158,52649800
2019-12-11,289.2103271484375,289.46787608013176,288.3088918521434,288.8515832414018,53429100
2019-12-12,291.70306396484375,292.49409716306906,288.9803995576234,289.2195341146029,96389600
2019-12-13,291.87774658203125,293.11951114232113,290.6819618655318,291.46381570502706,81503900
2019-12-16,293.8829650878906,294.48084344027825,291.81336674220125,293.6254161943671,82749700
2019-12-17,293.9473571777344,294.57282904732483,293.86457661299954,294.2693003099637,61097700
2019-12-18,293.96575927734375,294.57284485536877,293.9105722312256,294.342889472968,48133000
2019-12-19,295.17071533203125,295.24431677203495,293.9013571638511,294.15890606241487,85310500
2019-12-20,296.4648132324219,297.61099057988463,295.22619585819115,296.2152223392749,147142100
2019-12-23,296.917724609375,297.31518568404806,296.7698262123196,297.25972731124415,52990000
2019-12-24,296.927001953125,297.19504137455726,296.6219526684093,297.1488354629275,20270000
2019-12-26,298.507568359375,298.51682082352926,297.30593278607256,297.3151570414947,30911200
2019-12-27,298.43365478515625,299.302540298455,297.8975477408006,299.247081921754,42528800
2019-12-30,296.7882995605469,298.65549211950713,296.2983984671903,298.5168461890731,49729100
2019-12-31,297.50927734375,297.7588682194941,295.9286573685499,296.2799125205352,57077300
2020-01-02,300.2915954589844,300.31010039040234,298.12863413834935,299.06223049537607,59151200
2020-01-03,298.01776123046875,299.1547145392084,296.8068728113903,296.8623311963297,77709700
2020-01-06,299.1546630859375,299.2378506490387,296.1227881174342,296.2429573337146,55653900
2020-01-07,298.3135070800781,299.06222335747646,297.8605594022021,298.58154649187225,40496400
2020-01-08,299.9033508300781,301.1327156461502,298.25802002933847,298.50758269489893,68296000
2020-01-09,301.9369201660156,302.0108834726726,300.8924070771922,301.4840006955028,48473300
2020-01-10,301.0679931640625,302.68559471716,300.5965970362407,302.52847207746356,53029300
2020-01-13,303.1385803222656,303.14780457892977,301.2621634138756,301.69660615664253,47086800
2020-01-14,302.6763916015625,303.75785806141926,302.11252720941695,302.69486832260185,62832800
2020-01-15,303.3603515625,304.12754439738717,302.50071871879106,302.5839062641116,72056600
2020-01-16,305.8839111328125,305.8839111328125,304.52512440335147,304.756210389935,54050300
2020-01-17,306.8359680175781,307.048549060383,305.8191840887167,306.60488204323406,95846000
2020-01-21,306.2351379394531,307.0485651251006,305.7914708990916,305.8654060029057,77742400
2020-01-22,306.2720947265625,307.7603030269026,306.11497206543896,307.1039985684286,48914900
2020-01-23,306.6233215332031,307.0392875200072,304.4880896462409,305.6157901924544,51963000
2020-01-24,303.8965148925781,307.37205676659016,302.5931866898236,307.2888692058274,87578400
2020-01-27,299.0252380371094,300.522670573542,298.2487925815049,298.5907952955376,84062500
2020-01-28,302.1588134765625,303.0461757880911,299.1177139210117,300.4672482169026,63834000
2020-01-29,301.90911865234375,303.7670584168849,301.705761920858,303.5359725042297,53888900
2020-01-30,302.8889465332031,303.1015557461462,299.06217816135177,299.82011858095734,75491800
2020-01-31,297.38916015625,302.4175930100521,296.4648162964884,302.26044214204876,113845600
2020-02-03,299.5982360839844,301.4839048821524,298.7663325052632,298.8865016838381,69083000
2020-02-04,304.1646423339844,305.04278044043446,302.92602472665646,303.24955077686127,62573200
2020-02-05,307.6770324707031,307.8896416782483,305.6527457063871,307.1316730691546,65951100
2020-02-06,308.7123107910156,308.9064150643585,307.6215638156708,308.6475999636579,50359700
2020-02-07,307.0669860839844,308.72154098409214,306.5123742264637,307.6400746602211,64139400
2020-02-10,309.3594055175781,309.424116359804,306.1334543767989,306.1704360307475,42070000
2020-02-11,309.8955078125,311.52233369965023,309.3593726178411,310.72741158108295,54864500
2020-02-12,311.8921813964844,312.10476247413993,310.9770616061149,311.34679358393225,43992700
2020-02-13,311.559326171875,312.5391283658209,310.17281043983064,310.4501023027456,54501900
2020-02-14,312.0584716796875,312.17864088676066,310.76439600492625,311.9752841229601,64582200
2020-02-18,311.2543029785156,312.12318842131,309.8492823261326,311.05094621086727,57226200
2020-02-19,312.74249267578125,313.42649809328753,311.94757051043456,312.23411484526747,48814700
2020-02-20,311.4576110839844,313.01975414395577,308.4349892276144,312.18782227345343,74163400
2020-02-21,308.25018310546875,310.40389176527685,307.41825111166315,310.08961825574926,113788200
2020-02-24,298.0270080566406,308.324185657443,296.9362606864152,298.6925368720576,161088400
2020-02-25,288.99609375,300.0512380943985,288.10873156875266,299.431943523171,218913200
2020-02-26,287.9331359863281,294.04303586144556,287.1936721212229,290.41037096404267,194773800
2020-02-27,275.0015869140625,287.9886085683371,275.0015869140625,282.3501046404397,284353500
2020-02-28,273.8460998535156,275.35278474241954,263.93713331079226,266.85806306798787,384975800
2020-03-02,285.7054443359375,285.7701551771477,272.18228895982,275.64857848375703,238703600
2020-03-03,277.5249938964844,290.0960761428033,275.0570115658615,286.0844271408045,300139100
2020-03-04,289.1902160644531,289.4120777801317,280.3812199156426,282.9601472687874,176613400
2020-03-05,279.5770263671875,285.13234180123146,277.3124009134336,281.9063908677441,186366800
2020-03-06,274.9552917480469,276.1754323026294,268.272304300244,270.9713723296417,228667200
2020-03-09,253.4827880859375,262.68924362399014,252.76180111383817,254.47181442612197,309417300
2020-03-10,266.5992431640625,266.69165497428696,252.80802167232554,263.1052248338327,276444100
2020-03-11,253.60296630859375,260.6095085206112,250.3862677494358,259.46333116815134,255316300
2020-03-12,229.33895874023438,246.4855403937464,228.94148354083978,236.63203132913333,392220700
2020-03-13,248.94427490234375,250.94086086263928,229.71792135686488,243.18560296766634,329566100
2020-03-16,221.70384216308594,237.46389097002017,219.4022212717218,222.93320687266757,297240000
2020-03-17,233.67410278320312,236.78915081117006,219.13417954726967,226.50118625756502,262070500
2020-03-18,221.842529296875,229.5792829927057,210.76889365869576,218.37623977661133,327597100
2020-03-19,222.31393432617188,228.66418616779154,214.65113001420656,221.14926615253347,289322000
2020-03-20,212.7335205078125,227.30316138354542,212.45458386221685,225.49938715430844,347158800
2020-03-23,207.29428100585938,213.55169138759885,202.93361405221626,212.16632938460128,326025200
2020-03-24,226.07582092285156,226.9591225678549,217.38239337235527,217.9588519724159,235494500
2020-03-25,229.46023559570312,238.34893794609076,222.9145953267507,227.67506097689792,299430300
2020-03-26,242.8583526611328,244.34597676886384,231.56152620490514,231.99852358956915,257632800
2020-03-27,235.62464904785156,242.49571694001102,233.42107682873987,235.48518783928947,224341200
2020-03-30,243.27670288085938,244.00192946486425,235.72690091029418,237.7445199132106,171369500
2020-03-31,239.65060424804688,244.83876003365094,238.22804311533196,242.26328169849316,194881100
2020-04-01,228.8651580810547,239.56692639242033,226.77315475604576,230.56665582120527,189554600
2020-04-02,234.1463165283203,234.93662039969558,227.41470946981565,227.97258270974416,177660400
2020-04-03,230.7619171142578,235.53168926429757,228.00047157342487,233.151442438216,135561200
2020-04-06,246.2612762451172,248.2510171182353,230.7432751448362,239.73423724585547,188061200
2020-04-07,246.51239013671875,255.71719952387195,246.28925218478682,254.95477368862134,201427200
2020-04-08,254.78744506835938,256.6191116013682,246.62398316037292,249.14367736200134,153774500
2020-04-09,258.6646423339844,261.45398055451784,256.1263343384373,258.0881552670636,189999200
2020-04-13,256.30303955078125,258.02313742939754,252.35147638013711,257.67912352859844,114839100
2020-04-14,263.8620300292969,264.8940712546655,256.1634598867207,261.2493529164219,134143400
2020-04-15,258.2554931640625,264.0015221103493,256.11698386757354,258.07883283686436,121775000
2020-04-16,259.5013732910156,260.3660611134384,256.39591425298136,259.5478508998996,131798300
2020-04-17,266.5119323730469,267.12556169580233,262.56964913917665,265.3404014622022,146684800
2020-04-20,261.8165588378906,266.651422716813,261.59342087796335,262.7649235421949,100109300
2020-04-21,253.8668975830078,258.51579315944565,252.91850472566617,257.2977847883875,126385700
2020-04-22,259.5013732910156,261.2679480477334,257.4651546287888,258.8040389101053,92951600
2020-04-23,259.4827880859375,264.0015301260084,259.175973409421,260.7937802711861,104709700
2020-04-24,263.099609375,263.7783583749429,258.9434954053234,261.01691314174025,85063200
2020-04-27,266.8930969238281,268.0274286356941,264.63374037158457,265.09862995227377,77896600
2020-04-28,265.6658020019531,270.9376337985651,265.3589589981502,270.58431318793504,105270000
2020-04-29,272.6206359863281,274.17338021757104,270.01726476734274,271.0586132549369,118745600
2020-04-30,270.0823059082031,272.7228757605103,268.3250093812683,271.22591630705324,122901700
2020-05-01,262.9322204589844,270.2495769024132,261.75138292835146,265.2752534052553,125180000
2020-05-04,263.6575012207031,263.9643158796331,259.5292791983489,261.0262101283875,80873200
2020-05-05,266.0935363769531,268.93865872478136,263.7876735306755,266.51194840588573,79569900
2020-05-06,264.2897033691406,268.204065349261,263.85270606675624,267.8135740256188,73632600
2020-05-07,267.47894287109375,269.43148537280416,266.9675755282105,267.5440342418947,75250400
2020-05-08,271.9046325683594,272.37882904206623,269.50578633331116,270.6494249685885,76452400
2020-05-11,271.96038818359375,273.3550568409455,269.5243714686897,269.95206191205443,79514200
2020-05-12,266.53985595703125,273.5782639980896,266.4003663563014,273.159880319741,95870800
2020-05-13,261.8258056640625,267.0232675358827,259.37117516935297,265.97261259115965,144721100
2020-05-14,264.95916748046875,265.0893218076404,253.82040296579268,259.3619071707117,121977900
2020-05-15,266.17718505859375,266.2236626681943,261.58407359554036,262.541745025106,111146300
2020-05-18,274.2847900390625,275.9119032003112,272.1463098055478,272.47170973811615,119703800
2020-05-19,271.4676513671875,275.4099063452101,271.44906599686874,273.68053054339833,95189300
2020-05-20,276.07928466796875,276.9532792391165,274.8147987882002,275.0472435491522,85861700
2020-05-21,274.1732177734375,276.76730895530864,273.0667785672653,275.9490989499442,78293900
2020-05-22,274.6939697265625,274.8706300449226,272.629858763005,273.8850663607078,63958200
2020-05-26,278.078369140625,280.96999739968646,274.7125727527704,280.7282457117374,88951400
2020-05-27,282.2159423828125,282.25314150399953,276.02360812480117,280.90495001347256,104817400
2020-05-28,281.6952209472656,285.29346211044543,281.01647187884606,283.25724327979765,90405200
2020-05-29,282.9504089355469,283.5454528602994,278.44097420466636,281.22100489331035,119090800
2020-06-01,284.09405517578125,284.70771292178176,281.77891378716174,282.2995879277781,55758300
2020-06-02,286.44635009765625,286.49285608025383,283.6756263705714,285.02378912295734,74267200
2020-06-03,290.2584228515625,291.22540102788236,288.1757268175862,288.45464918834904,92567600
2020-06-04,289.4960021972656,291.02085351601016,287.3761070190981,289.26355742608666,75794400
2020-06-05,296.9156188964844,298.7100855350727,294.8887075106819,294.95379884980656,150524700
2020-06-08,300.5046691894531,300.6999148898166,297.1853504102166,297.7339167705026,73641200
2020-06-09,298.2639465332031,300.5790881970677,296.9343404048201,297.8083353250372,77479200
2020-06-10,296.5995788574219,299.7515441146227,295.87435218203393,298.8496571128931,95000800
2020-06-11,279.50091552734375,290.2305755874608,278.94307069937685,289.58902566068906,209243600
2020-06-12,282.8481140136719,287.376134042086,277.6320664777444,286.59512294243626,194678900
2020-06-15,285.4888000488281,286.63243911247946,275.902775139119,277.09289183051527,135782700
2020-06-16,290.98370361328125,293.47553354638995,286.0651918531277,293.326765462726,137627500
2020-06-17,289.77496337890625,292.3132705864134,289.0311230595931,292.01573445868814,83398900
2020-06-18,289.88653564453125,290.3700105766524,287.77594723699747,288.2408368014011,80828700
2020-06-19,288.2299499511719,293.5903602008235,286.2594673841226,293.39425527691634,135549600
2020-06-22,290.0788879394531,290.4804454668933,286.46481319355235,287.6228036445778,74649400
2020-06-23,291.41436767578125,293.7023625036601,291.0034622495543,292.7591438889833,68471200
2020-06-24,283.9806823730469,289.9761436378309,282.1222891622239,289.3504378510621,132813500
2020-06-25,287.0252380371094,287.2960685885523,281.35663461260157,283.401814243523,89468000
2020-06-26,280.2078857421875,286.1286509246389,279.6195711541666,285.91385040872973,127961000
2020-06-29,284.3262939453125,284.4663688645096,279.16198959476344,281.4779994235635,79773300
2020-06-30,287.96844482421875,289.68679252552647,283.7286910488391,283.887433157445,113394800
2020-07-01,289.9855041503906,291.26493088120566,288.63140880676883,289.0983441320461,72396500
2020-07-02,291.5825500488281,294.8230835305679,290.91016179470836,293.45961136282335,69344200
2020-07-06,296.0837097167969,296.672052848873,294.6922514199316,295.4486844470371,61713800
2020-07-07,293.02996826171875,296.52263581204556,292.6470778271388,294.5241671894889,82910000
2020-07-08,295.2712097167969,295.3832696327714,292.0213581556568,293.80502598403405,54638600
2020-07-09,293.59027099609375,296.1304004034764,290.1349380560867,295.8875849051437,83354200
2020-07-10,296.5880126953125,296.85884319688637,292.0774294422769,293.5249177275487,57550400
2020-07-13,294.01983642578125,301.36939399134485,293.35679623421123,298.960020218058,102997500
2020-07-14,297.8301086425781,298.61455674881154,291.36770972054484,292.5817304445896,93657000
2020-07-15,300.56634521484375,301.67765383012204,298.15694241049283,301.089310622095,87196500
2020-07-16,299.5764465332031,300.03403414297895,297.98885464293335,298.6425756564509,54622500
2020-07-17,300.4449157714844,301.2387116536397,298.5958413224082,300.5943385198469,62774900
2020-07-20,302.873046875,303.629480098336,299.417712805838,300.174146029174,56308800
2020-07-21,303.5174255371094,305.31044191339305,302.51817671832094,304.86220206906285,57292200
2020-07-22,305.2450256347656,305.5625668171237,303.04110401260516,303.15316395956546,57792900
2020-07-23,301.6028137207031,305.59045906174066,300.2207035973544,304.8807083500969,75738000
2020-07-24,299.6604309082031,300.6970136920774,298.13821712693476,299.7258086962326,73766600
2020-07-27,301.845703125,302.02314084638215,299.5577084015818,300.3608520614389,48293000
2020-07-28,299.9312438964844,302.23790550117377,299.63239845389603,301.1079015150372,57495000
2020-07-29,303.62005615234375,304.18973213420867,300.7810810693745,300.81844387953134,48454200
2020-07-30,302.53680419921875,302.9570574976411,298.50250363196176,300.61303245433163,61861700
2020-07-31,304.927490234375,305.0302308444196,300.08069839308894,304.34849488523076,84986800
2020-08-03,307.0473327636719,307.82243284767884,306.0574321747136,306.6084124270983,53077900
2020-08-04,308.2333679199219,308.2333679199219,306.17884093375534,306.17884093375534,41917900
2020-08-05,310.1477966308594,310.4093077965834,309.2793036857555,309.5501341792031,42697700
2020-08-06,312.2209167480469,312.34232447491456,309.23254819965143,309.55940857980295,43679400
2020-08-07,312.4451599121094,312.73465757970314,310.3252549597276,311.24045860212163,57308300
2020-08-10,313.3789978027344,313.5657548431488,310.94158045473444,312.90271462565426,44282100
2020-08-11,310.7922058105469,315.21877299541023,310.0544683626334,314.5743998324138,69601100
2020-08-12,315.12542724609375,315.90987545302767,313.22967028779993,313.25768527735187,53774400
2020-08-13,314.5556945800781,315.88180367926964,313.6218237635836,314.3502418604703,41816100
2020-08-14,314.5649719238281,315.1066328357319,313.4256486430128,314.16341440258617,47260400
2020-08-17,315.5642395019531,315.96579704761257,314.5743388780401,315.59225448189517,35481000
2020-08-18,316.2460632324219,316.67563587740307,314.35027789810545,315.96588485566804,38733900
2020-08-19,314.92926025390625,317.15184881912415,314.35958424598005,316.6288834508993,68054200
2020-08-20,315.9098815917969,316.395484253293,313.05223860405044,313.18296572467267,42207800
2020-08-21,317.03045654296875,317.25457640601667,315.228064312712,315.57362043420943,55106600
2020-08-24,320.2430114746094,320.3177086044847,317.00247841376273,319.4958976784694,48588700
2020-08-25,321.3636474609375,321.4476924214543,319.63598060726247,320.8126670534533,38463400
2020-08-26,324.58544921875,324.8562512047831,321.4102945075383,321.96127480599944,50790200
2020-08-27,325.29522705078125,326.76141115404727,323.6142708874481,325.4633454666963,58034100
2020-08-28,327.3963623046875,327.52711787637884,325.12706344865074,326.3317645757139,48588900
2020-08-31,326.2103271484375,328.06872046644946,325.97685950549254,327.18156052293955,66099200
2020-09-01,329.2828674316406,329.3855795453986,326.14504655570556,327.0509024202444,54908700
2020-09-02,334.0455627441406,335.0261155850886,330.05791659214856,331.2159356465646,69540000
2020-09-03,322.54974365234375,332.81297762697847,319.93488754769334,332.3366942598117,148011100
2020-09-04,319.9161682128906,324.8283098771837,312.7253507221623,323.24074641133944,139156300
2020-09-08,311.17510986328125,319.9815339755741,310.8669450107516,314.44365796343124,114465300
2020-09-09,317.3199768066406,319.81339595911373,314.3502459123081,315.22808677108594,91462300
2020-09-10,311.81011962890625,319.87874812105133,310.83888606521725,319.2157078657849,90569500
2020-09-11,311.9688415527344,314.6864086904257,309.11119951092945,313.6124630929256,84680200
2020-09-14,316.07794189453125,317.87098659100815,312.11833833497127,315.17208596704944,65605700
2020-09-15,317.67486572265625,319.4025040289579,316.0872738471888,318.56202594761277,52920900
2020-09-16,316.41412353515625,320.3737267604865,316.13394518463355,318.9262383642859,82096000
2020-09-17,313.63116455078125,315.3681790501936,310.9696270836264,311.5019402769524,91523300
2020-09-18,310.02044677734375,314.5584714401941,307.5076612275402,314.4459629250625,105877900
2020-09-21,306.57000732421875,306.72002819366134,301.65694545758333,305.3792542283093,99450800
2020-09-22,309.6922607421875,310.2548319002989,305.5292742311441,308.0702153827949,63612100
2020-09-23,302.51019287109375,310.53612392384275,302.0038759802569,310.2548240451303,93112200
2020-09-24,303.3165283203125,306.4106267464723,299.8473633825088,301.1787808263067,76681300
2020-09-25,308.2202453613281,309.0171901941493,301.5726003704774,302.4539265874717,71069400
2020-09-28,313.339599609375,314.06154834358307,311.42686895915875,312.4301176024469,64584600
2020-09-29,311.63311767578125,313.8833736897171,310.92991088307895,313.133297889591,51304000
2020-09-30,313.9959411621094,317.1838065411138,312.11133761916705,312.3082275283585,104081100
2020-10-01,316.0117492675781,317.60566741909435,314.108404118656,316.62118940238014,88698700
2020-10-02,313.0114440917969,315.98367777167397,310.5267854964455,311.00497533286523,89431100
2020-10-05,318.56207275390625,318.7495774032879,315.046038675466,315.09290768442173,45713100
2020-10-06,314.03338623046875,320.8216950795828,313.51771270827516,318.7026895108574,90128900
2020-10-07,319.4996337890625,320.3153489944085,316.9962053117604,317.02433243561524,56999600
2020-10-08,322.33123779296875,322.3968772936673,320.53101582851974,321.45926824445695,45242500
2020-10-09,325.2096862792969,325.6784907777207,323.37198065727125,324.00016266156786,59528600
2020-10-12,330.44158935546875,331.93238448607866,327.28185106478344,327.7787827749867,80388500
2020-10-13,328.2851257324219,330.4791279067141,327.3100041171043,330.3009798631398,73255500
2020-10-14,326.2222595214844,329.9726951423131,325.4815690881289,328.8663235014214,57727900
2020-10-15,325.8191833496094,326.306729812301,321.7218358954401,322.26563661869,60357700
2020-10-16,325.62225341796875,328.86637270354765,325.4441054102422,327.1880445003351,89501900
2020-10-19,320.6716003417969,327.5348751291602,319.7621186456631,326.8973080014819,68425600
2020-10-20,321.9562683105469,325.23790068011795,321.262446623035,322.03126446045485,60051900
2020-10-21,321.3467712402344,324.1033442326765,321.03734421932603,321.9093137990524,63575000
2020-10-22,323.10943603515625,323.70013430577444,319.3965122658435,321.56238684907237,55399300
2020-10-23,324.2064514160156,324.4033413018358,321.7217931926183,324.3470870487443,49143900
2020-10-26,318.2151184082031,321.5811311382189,314.68031431922407,320.78415780016087,91473000
2020-10-27,317.11810302734375,318.89955432543974,316.9024426660506,318.562028834951,65994100
2020-10-28,306.2793884277344,317.1462743349563,305.782456755137,311.3799841606688,127094300
2020-10-29,309.3922424316406,312.5988493363691,304.80732047506086,306.5137758012454,90597700
2020-10-30,306.1669006347656,309.12036374209686,302.4727182852456,307.79833140359307,120287300
2020-11-02,309.5985412597656,311.6237517685038,306.82319767723226,309.5985412597656,86068300
2020-11-03,315.0647888183594,317.1462821919219,309.6829216708354,312.87078692950575,93294200
2020-11-04,322.106201171875,326.23167501458374,318.40263420749625,319.59338732663514,126959700
2020-11-05,328.3882141113281,330.2165633690293,327.094308927547,327.45060497682704,82039700
2020-11-06,328.3132019042969,329.5789798966436,325.95979393552557,328.0975415130335,74973000
2020-11-09,332.4387512207031,341.6460814167779,331.9699465705596,341.26165817003243,172304200
2020-11-10,331.95111083984375,333.0199702609409,328.6413520900718,331.4354087023405,85552000
2020-11-11,334.4169616699219,335.2514186687487,332.9073965398904,334.16378896733227,58649000
2020-11-12,331.1728515625,334.4638681566387,329.34453126518764,333.3949802115646,67546200
2020-11-13,335.7577819824219,336.5078577221652,332.57927380077643,333.1043325413079,62892200
2020-11-16,339.94891357421875,340.14580345912816,337.15482835818597,338.4581186470764,74541100
2020-11-17,338.12060546875,339.33951452602435,335.9828577615732,337.511165246893,66111000
2020-11-18,334.05133056640625,338.94565064979196,334.01381819492605,338.3924647780704,70591300
2020-11-19,335.457763671875,335.832801567942,332.0542382532911,333.413782816786,59940900
2020-11-20,333.1606140136719,335.40151339696433,333.08561787899174,335.1952382596468,70417300
2020-11-23,335.15765380859375,336.43281673238886,332.7292503040596,334.9888910816882,63230600
2020-11-24,340.558349609375,341.1115354979063,336.8735530256435,337.73613730101016,62415900
2020-11-25,340.0333557128906,340.5021603126249,338.92698372477264,340.4740331811833,45330900
2020-11-27,340.98028564453125,341.4584467885662,339.95826663055004,341.1396631546907,28514100
2020-11-30,339.4707946777344,340.46465816996965,336.76111888884776,340.1927434821505,83872700
2020-12-01,343.18365478515625,344.74008924452716,342.16166435248135,342.76174788004687,74231400
2020-12-02,343.9056396484375,344.0650171671395,341.4772355847529,342.0585486314227,45927000
2020-12-03,343.8119201660156,345.21833396736116,342.69616292786316,343.8025349176668,62882000
2020-12-04,346.7746887207031,346.7746887207031,344.3087725127256,344.40253913390853,50749900
2020-12-07,346.0621337890625,346.5590654596277,344.77761392063326,345.9964942858509,48944300
2020-12-08,347.07476806640625,347.6466958745424,344.73074535065103,344.7776143595427,42458900
2020-12-09,343.9618835449219,347.89982436194026,343.1180411279578,347.74044684803806,74098300
2020-12-10,343.84942626953125,344.9089006118141,341.692907978694,342.57426290053473,57735400
2020-12-11,343.4461975097656,343.8587477975953,340.5958864838353,342.1335505091979,57698600
2020-12-14,341.9085693359375,346.7278656748361,341.73042130144194,345.64026419857913,69216200
2020-12-15,346.53082275390625,346.53082275390625,343.08981458282324,344.4774572532887,63865300
2020-12-16,347.07476806640625,348.0029919055066,345.8558590860784,346.7465991634888,58420500
2020-12-17,349.0155944824219,349.2218696243866,347.8998373890977,348.73432320408733,64119500
2020-12-18,347.62200927734375,349.4769737830207,345.5881373775512,349.30749164191985,136542300
2020-12-21,346.379150390625,356.3601791909231,340.88960035500423,343.6579241421849,96386700
2020-12-22,345.7952575683594,346.82160430191885,344.65592275191625,346.70861621903515,47949000
2020-12-23,346.1060485839844,348.0363289673998,345.77648080899115,346.7745806517511,46201400
2020-12-24,347.45257568359375,347.48082271105733,345.99309803875605,346.5862856154913,26457900
2020-12-28,350.4374694824219,350.8329278561514,349.401697277722,350.03255711908645,39000400
2020-12-29,349.7688903808594,352.160577213229,349.1756741156765,351.98166980831576,53680500
2020-12-30,350.2679443359375,351.31314175218836,349.87248597829733,350.59751212432394,49455300
2020-12-31,352.047607421875,352.78205885136373,349.55235761242795,350.07022934693424,78520700
2021-01-04,347.2547912597656,353.5258889790341,343.5166152971477,353.3940503814856,110210800
2021-01-05,349.646484375,350.7481758528555,346.55801836523364,346.6051158986123,66426200
2021-01-06,351.7368469238281,354.96657676543765,347.5655399860843,348.1210839785024,107997700
2021-01-07,356.9627990722656,357.7160722909524,353.9590739807371,354.1379813988932,68766800
2021-01-08,358.9966735839844,359.2132245496136,355.07958960312703,358.3657849891876,71677200
2021-01-11,356.5767517089844,358.3563719731017,355.6633928080306,355.7858061765397,51034700
2021-01-12,356.6520690917969,357.6784161110617,354.38279534376744,356.7650859416658,52547700
2021-01-13,357.61248779296875,358.6199841964932,355.7857701758999,356.5767156283117,45303600
2021-01-14,356.360107421875,358.87420744144924,356.02114314176737,358.3657322857605,49989100
2021-01-15,353.7613220214844,355.5315168450217,351.8781103604395,354.7217496238266,107160000
2021-01-19,356.5390319824219,357.0851794407068,354.7499867017022,356.2471364819874,51233300
2021-01-20,361.4729919433594,362.3204312464913,358.4598424927539,358.8553007576382,61836100
2021-01-21,361.8025817871094,362.47114255475856,360.8704012961552,362.0379832230494,47840100
2021-01-22,360.5220947265625,361.6991021770982,359.5428164817675,359.9288783738072,52860500
2021-01-25,361.9438171386719,362.3016031552872,356.3600736788206,361.26585990712374,70402000
2021-01-26,361.37884521484375,363.31855058052645,361.1434437992461,362.9042417902327,42665300
2021-01-27,352.546630859375,358.11152458300415,350.2867826875505,358.017358255943,123351100
2021-01-28,355.5785827636719,359.6274759807228,353.94019795959974,354.3827250744922,94198100
2021-01-29,348.4600524902344,354.6746562888395,346.76514487123615,353.695378246898,126765100
2021-02-01,354.2603454589844,355.30551405961796,348.7519460154218,351.89690580581953,75817600
2021-02-02,359.2697448730469,360.84223948007656,354.34516406106064,357.4806992845546,64450700
2021-02-03,359.5521240234375,361.29410022703365,358.2621288776656,360.1076679099475,52427100
2021-02-04,363.6387023925781,363.6857711826962,359.6651252458616,360.59730568019086,47142600
2021-02-05,365.07000732421875,365.7856369876739,363.59170793309886,365.531413745119,48669800
2021-02-08,367.7064514160156,367.75352020684556,365.67257965401774,366.5388408068623,38365200
2021-02-09,367.4616394042969,368.06428086991536,366.4447178504741,366.85899793867844,35551100
2021-02-10,367.3015441894531,369.3730882539895,364.87221409152033,369.2224278915209,59154400
2021-02-11,367.894775390625,368.817559372557,365.4371981704727,368.3938252898625,42913300
2021-02-12,369.71209716796875,369.9568951239326,367.009664515237,367.08500906747753,50593300
2021-02-16,369.3918762207031,371.1527028821901,368.66685023222493,370.9549450108134,50972400
2021-02-17,369.4767150878906,369.73093831008623,366.59537489203046,367.6217505052759,52290600
2021-02-18,367.90411376953125,368.6573866991972,365.0981189458129,366.84009492312583,59712800
2021-02-19,367.25445556640625,369.46723462141614,366.80247450340704,369.1753391647472,83241000
2021-02-22,364.4296875,366.868443046135,364.1566137751426,364.45793452425914,67414200
2021-02-23,364.8722229003906,366.2375627125511,357.9985125180262,362.19806605694515,107284100
2021-02-24,368.8928527832031,369.32601209247883,362.7724157657389,363.77051550359107,72433900
2021-02-25,360.0041809082031,368.9965347394319,358.5447032176664,367.61237287931255,146670500
2021-02-26,358.149169921875,363.06435336962386,356.14357369660837,361.9061966211011,152701600
2021-03-01,366.8307800292969,368.092557106135,358.34693119329995,363.0737820303415,105348800
2021-03-02,363.9682922363281,367.292159362356,363.4598170887539,367.05675792641773,79595300
2021-03-03,359.1473083496094,364.2413706030317,359.04371676582616,363.26212122933833,119940200
2021-03-04,354.7029113769531,361.5766221262885,350.16436458811205,358.95895918844116,183433000
2021-03-05,361.2282409667969,362.2922601282463,350.88000232519676,358.24333790977084,152039600
2021-03-08,359.4297180175781,365.04167977288404,359.1472478103826,362.19804099019245,123149200
2021-03-09,364.5616455078125,367.1416370202635,362.8102432235261,363.3187185622592,113633600
2021-03-10,366.8307800292969,368.54450950569117,365.5031411200717,366.93437161121443,109899400
2021-03-11,370.5500793457031,372.5462787747761,368.8645971450888,369.3260034650149,86245000
2021-03-12,371.0491943359375,371.1904294645744,368.35621543149523,369.1754079131189,64653600
2021-03-15,373.261962890625,373.52561136821595,369.1377248418227,371.3034067123533,73427200
2021-03-16,372.7911682128906,374.59903531754907,372.00961928081665,373.8834344257395,73722500
2021-03-17,374.0622863769531,374.87205347897265,370.3335071472776,371.49169249315753,97959300
2021-03-18,368.6198425292969,373.55384764027,367.93245996244,371.4446598802561,115349100
2021-03-19,367.9377746582031,369.91217277855816,365.73663139341363,368.3156447927361,113624500
2021-03-22,370.8757629394531,372.2739142138957,368.40068029076474,368.45735937205956,73778600
2021-03-23,367.9566345214844,371.6975976242941,367.1630986408666,370.2333401355902,90686600
2021-03-24,366.0860900878906,371.026826894719,366.038867141465,369.3736201548953,97588600
2021-03-25,368.1455993652344,368.9485625721345,362.66638163266924,364.6313524159487,116128600
2021-03-26,374.0782775878906,374.4844872829987,368.70299031657015,369.30757679748655,114409100
2021-03-29,373.8892822265625,374.8056323738316,371.0835527100491,372.5856058490414,108107600
2021-03-30,372.8973693847656,373.57754711050563,371.28192926760727,372.6045178890649,76262200
2021-03-31,374.4089050292969,375.98654971944507,373.44533178808524,373.47367132960187,112734200
2021-04-01,378.4521484375,378.50885634600075,376.1565592548445,376.3643921538695,99682900
2021-04-05,383.8841552734375,384.4320915334169,381.0689979591962,381.1445604624797,91684800
2021-04-06,383.65740966796875,384.7154576111067,382.9772318717166,383.3173351846648,62021000
2021-04-07,384.1013488769531,384.4508794233749,383.02441770229257,383.4873063902955,55836300
2021-04-08,385.9246520996094,385.98133117909094,384.42259883406024,385.3672885982781,57863100
2021-04-09,388.7303161621094,388.90038220145885,385.6789871902929,385.8018014516302,61104600
2021-04-12,388.8721008300781,389.14604009903877,387.5117452896472,388.1257878585371,56704900
2021-04-13,390.0246276855469,390.6575825539483,388.38087661395605,388.7682029021352,56551000
2021-04-14,388.69256591796875,391.0637173224638,388.1446297793396,389.9962134110063,61659900
2021-04-15,392.86810302734375,393.14207111410866,390.8086863894439,390.8559093428397,60229800
2021-04-16,394.18121337890625,394.7952558867157,392.7358393646789,394.1717572569023,82037300
2021-04-19,392.2445983886719,393.6899724622035,390.90315517252697,393.2365398616549,78498500
2021-04-20,389.3727722167969,392.1312500378734,387.8801463236465,391.0165230941458,81851800
2021-04-21,393.0569763183594,393.2648091663746,388.60746791261965,388.74919440462173,66793000
2021-04-22,389.4672546386719,393.72781487497207,388.3903232548482,392.8870559418587,97582800
2021-04-23,393.6900634765625,395.11655446473185,389.9585556335607,390.0341181412404,73209200
2021-04-26,394.5118713378906,395.08814707487494,393.75613107227923,394.3512902255287,52182400
2021-04-27,394.42694091796875,395.0126729088826,393.27441801592784,394.81426726033857,51303100
2021-04-28,394.3135070800781,395.8344726121784,393.8411621916665,394.7008333481329,51238900
2021-04-29,396.8263854980469,397.44988421054643,393.4066131173795,397.07201406560114,78544300
2021-04-30,394.21905517578125,395.39049017106777,393.31216100978986,394.5308189647958,85527000
2021-05-03,395.0693054199219,396.6185817770865,394.5686209543591,396.2312554803838,68128300
2021-05-04,392.6319580078125,393.5577643620585,388.90045071017227,393.0570799366174,101591200
2021-05-05,392.7547607421875,394.5307820721771,392.1879411303291,394.294609636373,60162200
2021-05-06,395.8910827636719,396.02332431798754,390.7991919149166,392.83026881552615,74321400
2021-05-07,398.77239990234375,399.4336942048827,395.976126544328,396.66576038385347,67733800
2021-05-10,394.8235778808594,399.3580764766717,394.7007636188261,399.1313601957728,81852400
2021-05-11,391.2998962402344,392.30126497408736,387.3794399147185,390.2513045552081,116888000
2021-05-12,382.9867248535156,389.7695912222044,381.654708673094,388.48482683321856,134811000
2021-05-13,387.58734130859375,389.5428561708107,384.50764324517843,384.55489503434507,106394000
2021-05-14,393.53887939453125,394.39855060528276,390.32693971643874,390.3552792583472,82201600
2021-05-17,392.5374450683594,393.3593493060485,390.49691190201196,392.41465962697885,65129200
2021-05-18,389.15557861328125,393.047696577574,388.99496863743553,392.80206796615676,59810200
2021-05-19,388.1352233886719,388.31471675056866,382.9110901363064,384.41317223420964,106467100
2021-05-20,392.3106994628906,393.58603620028754,388.900383814448,389.02316924665575,78022200
2021-05-21,391.9896240234375,395.0693222805862,391.52673520428846,393.8128685862567,76578700
2021-05-24,395.98565673828125,397.0720442988334,394.01122958354364,394.2568581698002,51376700
2021-05-25,395.10699462890625,397.4403792449848,394.52129165177274,397.08139256102805,57451400
2021-05-26,395.8910827636719,396.4011943969969,394.6535416778737,395.70213330934763,43088600
2021-05-27,396.0989074707031,397.44980666940745,395.81548329505625,396.9302389251792,56707700
2021-05-28,396.8074645996094,397.9505310497316,396.5712921776214,397.6860190902907,58520200
2021-06-01,396.4579772949219,399.339269625766,396.0139719399427,399.19757192303746,54216600
2021-06-02,397.0814514160156,397.9316953007315,396.09899478020424,397.1192470803606,49097100
2021-06-03,395.6076965332031,396.76021912400967,393.2554283982984,394.73859815107204,58138800
2021-06-04,399.2258605957031,399.52816820943485,395.67381820845765,397.47817893901515,55938800
2021-06-07,398.83856201171875,399.39592549649035,397.8938722755683,399.21643214025033,51555000
2021-06-08,398.923583984375,399.8021385272715,397.07200015824367,399.7076637869331,47134300
2021-06-09,398.3283996582031,399.8493650414886,398.1016833594341,399.7737737221381,48436300
2021-06-10,400.1800537109375,401.1436558093702,398.233994925382,399.5660110740742,51020100
2021-06-11,400.8412780761719,400.95463622566893,399.4336996705148,400.73737604901333,45570800
2021-06-14,401.7387390136719,401.84264103933157,399.69820586323766,400.95463044155997,42358500
2021-06-15,401.0019226074219,401.9277001279542,400.11391192021966,401.8899332946241,51508500
2021-06-16,398.7629699707031,401.3703228632724,396.69412597552775,401.1436065524899,80386100
2021-06-17,398.63079833984375,399.62271120319275,396.12737587024793,398.3474029016434,90949700
2021-06-18,393.2530517578125,396.011067236908,393.0445389152595,395.309719004667,118676300
2021-06-21,398.88287353515625,399.07244119817864,394.2103227736953,395.03488715231026,72822000
2021-06-22,401.01531982421875,401.85885819780464,398.14354659358435,398.87335595589127,57700300
2021-06-23,400.5319519042969,401.9062159552063,400.44665515001634,401.09113879833075,49445400
2021-06-24,402.90142822265625,403.3279120211782,402.446483246939,402.7024024500127,45110300
2021-06-25,404.3325500488281,404.78749501687327,403.3279052195268,403.65963411764557,58129500
2021-06-28,405.1476745605469,405.3182680848234,403.65019430751784,404.8633520200861,53159600
2021-06-29,405.36572265625,406.180799985126,404.82548084117747,405.53631620081035,35970500
2021-06-30,405.70684814453125,406.38925114312417,404.8727968213665,404.90122907447613,64827900
2021-07-01,407.95306396484375,408.11419934095505,406.40817746172803,406.4745290238891,53441000
2021-07-02,411.0713195800781,411.43148076283416,408.03841070588646,409.1283813138995,57697700
2021-07-06,410.3224792480469,411.3460980719495,407.554977233109,411.12809821109175,68710400
2021-07-07,411.7726745605469,412.0570260418818,408.97673966651337,411.01446179157983,63549500
2021-07-08,408.41748046875,409.18518016186755,405.19500446055105,406.38921683827084,97595200
2021-07-09,412.77734375,413.0806404449938,408.2185219604954,409.943489373812,76238600
2021-07-12,414.25579833984375,414.5117175306595,412.2559958022083,412.69196663891324,52889600
2021-07-13,412.8436584472656,414.97616433425986,412.57828109384263,413.459709918716,52911300
2021-07-14,413.4596862792969,415.0519792327584,412.1991511535988,414.5591149446077,64130400
2021-07-15,412.0474853515625,412.78675282847234,410.12349249986374,412.1043498556356,55126400
2021-07-16,408.8155822753906,413.2891067891497,408.4175307164836,413.24172934012415,75874700
2021-07-19,402.7782287597656,408.8819367135208,399.934887623195,403.93452197892947,147987000
2021-07-20,408.55023193359375,409.8392283654541,402.64554941183593,403.4511685662533,99608200
2021-07-21,411.85791015625,412.0001003377801,408.50278878173174,409.7633238308091,64724400
2021-07-22,412.7204895019531,412.9669216882614,411.04292842522887,412.03808638322425,47878500
2021-07-23,416.96649169921875,417.30767874352284,413.98098936571364,414.6728505135396,63766600
2021-07-26,417.9901123046875,417.9995993645985,416.32203842624426,416.36941587787317,43719200
2021-07-27,416.0850830078125,416.966511838799,413.2227676860816,416.9380795837337,67397100
2021-07-28,415.9144592285156,417.3076975702015,414.47384343652595,416.7200783514158,52472400
2021-07-29,417.6393737792969,418.7293153143706,416.84324181653113,416.85272887497933,47435300
2021-07-30,415.6111755371094,417.08022352770877,414.9097984013731,415.0425015354718,68951200
2021-08-02,414.73919677734375,417.90477965174387,414.3790356192093,417.34559272031,58783300
2021-08-03,418.1133117675781,418.23652784567116,413.3270323847896,415.5448350185782,58053900
2021-08-04,416.0566711425781,418.08490625921314,415.8197260307678,416.8148839307856,46732200
2021-08-05,418.69146728515625,418.7767640479432,416.90963555415453,417.2318774104478,38969700
2021-08-06,419.3833312988281,419.8098440396247,418.7293605223864,419.0137119909047,46930000
2021-08-09,419.0421447753906,419.67714143369057,418.2649579206708,419.35489957479837,41222600
2021-08-10,419.56341552734375,420.2837378784225,418.8052027859697,419.49706395838393,43339300
2021-08-11,420.60595703125,420.7007408497949,419.50652836884217,420.6438763434601,44034300
2021-08-12,421.8665466308594,422.0087368390185,419.54450185843734,420.4543630012492,38909400
2021-08-13,422.63421630859375,422.65316150251556,421.82859724553487,422.321432603143,39470300
2021-08-16,423.62939453125,423.76206874302704,419.7434892166579,421.31680810691563,73740000
2021-08-17,420.8524169921875,421.7243587629291,417.82899520171395,421.041955717845,92673900
2021-08-18,416.24615478515625,421.41156910853516,415.9997515697818,419.82876324459136,89351900
2021-08-19,416.89068603515625,418.1038727524995,413.34599648280425,413.4881577625044,92812200
2021-08-20,420.2078857421875,420.53961465236085,416.7484932194333,417.24135751704904,72008700
2021-08-23,423.9042663574219,424.82361449239914,420.28373832697827,421.9139217542382,54973000
2021-08-24,424.5772399902344,425.11748182748136,424.0559722746939,424.5772399902344,38744700
2021-08-25,425.46807861328125,425.9893462340209,424.38759513529044,424.7667304128764,40529700
2021-08-26,422.9564208984375,425.42062639341117,422.86163708925596,425.18368133243615,57829600
2021-08-27,426.7381286621094,427.11723504048143,423.714706846955,423.77157135751264,77235100
2021-08-30,428.6147155761719,429.41084759462143,427.1740709412968,427.42050308651716,48357400
2021-08-31,427.979736328125,428.8611652020728,427.3731718825137,428.51997812465964,59300200
2021-09-01,428.2071838378906,429.4487738789621,427.9702387319768,428.9275062155369,48721400
2021-09-02,429.52459716796875,430.33967441969605,428.3114394259816,429.64781324647686,42501000
2021-09-03,429.42034912109375,429.94164571758415,427.97024620454016,428.3778137760402,47170500
2021-09-07,427.8848876953125,429.16439688975737,427.20248471987253,429.0696130746208,51671500
2021-09-08,427.3636169433594,428.08393922432873,425.4206499812604,427.34467175005574,56181900
2021-09-09,425.5344543457031,428.9369825103565,425.28802218606927,427.16463779043585,57970400
2021-09-10,422.1792907714844,427.91335044644063,422.0560746954207,427.4868666338682,89948200
2021-09-13,423.259765625,425.47759725244043,420.9187468395576,425.21221989280974,83738600
2021-09-14,420.9755859375,424.92781356629735,420.0751830885629,424.7193007446466,78197100
2021-09-15,424.4919128417969,424.9942353236554,420.28376532722336,421.402139317178,78792200
2021-09-16,423.81890869140625,424.9467405830493,420.8333777536637,423.96106994464213,77786700
2021-09-17,419.69049072265625,423.4652342286047,419.3291757295664,423.0373841183324,118425000
2021-09-20,412.6925048828125,415.08855261540714,407.7672521297652,413.491187460344,166445500
2021-09-21,412.3026428222656,416.3721370641529,411.7701878012054,415.0600053991751,92526100
2021-09-22,416.3245849609375,418.38786996044666,412.416742264805,414.6036090609433,102350100
2021-09-23,421.3829345703125,423.00885200549953,417.9790235804786,418.2167277534638,76396000
2021-09-24,422.0771179199219,422.79974802246437,419.50990077840464,419.7285991032867,62094800
2021-09-27,420.8695373535156,422.2101634274847,420.1659132318829,421.0311599506328,61371100
2021-09-28,412.3882141113281,418.39738252936206,411.64657825709514,418.0645908860193,130436300
2021-09-29,413.0823974609375,415.5450096524664,412.5119015401932,413.78599265376636,82329200
2021-09-30,408.0335693359375,415.28827774791995,407.69126017088945,414.5751650887505,140506000
2021-10-01,412.8826904296875,414.5846606777998,406.2174841914787,409.7830472992792,129240100
2021-10-04,407.5580749511719,412.6163976275502,405.3901850684954,411.7036217409543,128570000
2021-10-05,411.7987365722656,414.07117349594563,408.27121458573873,409.07938560276403,90682500
2021-10-06,413.5101318359375,413.71931264774196,406.5121356166973,408.1570297572953,113032200
2021-10-07,417.08526611328125,419.9567221633221,416.64789854648825,416.8285560447204,72437500
2021-10-08,416.3245849609375,418.25477071152955,415.68755402334733,417.86493238382053,74557400
2021-10-11,413.310546875,418.6066032837989,413.24398273665867,415.6590654734887,65233300
2021-10-12,412.29315185546875,414.65118782637245,411.4944692725718,414.24234359047716,71181200
2021-10-13,413.7764587402344,414.60366473492576,410.3155005875471,413.32957367203454,72974000
2021-10-14,420.73638916015625,420.88852331393775,417.00917493406746,417.484583283401,70236800
2021-10-15,423.94061279296875,424.3114452124353,422.24816032581515,422.8757027934053,66260200
2021-10-18,425.1956787109375,425.53795875979364,421.46846486254674,422.1340480908158,62213200
2021-10-19,428.47607421875,428.5426093386264,426.22261414691326,426.8406682478149,46996800
2021-10-20,430.1590576171875,430.463325975319,428.82791982114685,428.9420132012892,49571600
2021-10-21,431.2809753417969,431.5091620813401,429.1131142662613,429.55048185592744,41305400
2021-10-22,430.83404541015625,432.3078286604849,428.865847936789,430.84356286218724,58845100
2021-10-25,433.14453125,433.4773228946149,430.1399760461206,431.9370045004448,45214500
2021-10-26,433.5343933105469,435.9399585057707,433.1540724172885,434.71342580125923,56075100
2021-10-27,431.6138000488281,434.67543144406727,431.53771845207405,434.0003596101678,72438000
2021-10-28,435.7783203125,435.8543728817801,433.04948100484063,433.0589694406112,51437900
2021-10-29,436.66253662109375,436.95728745458723,433.15402094073994,433.4487717742335,70162400
2021-11-01,437.4137878417969,438.0413304391154,435.6642883356182,437.6609804892541,48433600
2021-11-02,439.1822204589844,439.4960062139577,437.45172713041956,437.5848553941349,48908400
2021-11-03,441.863525390625,442.2723695959826,438.16483460506646,438.6117196019942,52509800
2021-11-04,443.9457702636719,444.0313402733791,442.12018967339395,442.4719871632855,52847100
2021-11-05,445.4861755371094,447.50190242626013,443.95537448102544,446.1992881073254,66390600
2021-11-08,445.8664245605469,447.10250355963007,445.17234700806745,446.5985719185803,50405200
2021-11-09,444.3927001953125,446.4749910254794,442.96647518925965,446.23728685780395,51149100
2021-11-10,440.817626953125,444.39270697482345,439.31534935781144,442.6812195314769,69429700
2021-11-11,440.9602966308594,442.4055567366506,440.9412907408559,442.32947514338474,34848500
2021-11-12,444.2882080078125,444.84918650387624,441.2836230840082,442.24395745041403,53466700
2021-11-15,444.4402160644531,445.7523476732449,443.29925350387595,445.5907250933915,46980500
2021-11-16,446.19927978515625,447.34975991899205,444.0979829087663,444.174035480856,48857500
2021-11-17,445.1153869628906,446.1137329879032,444.487844398136,445.93307547608174,47858300
2021-11-18,446.62713623046875,446.89336374419054,443.40385370902254,446.1612163189886,50625600
2021-11-19,445.82855224609375,447.7777152935233,445.4577197253841,446.51311256131925,57315600
2021-11-22,444.57342529296875,450.24980284096404,444.3642444329381,447.7301440837491,72762000
2021-11-23,445.1629333496094,446.02818014572006,441.6068876955981,444.2406398651069,73206500
2021-11-24,446.3514404296875,446.4750512562137,442.31046903406605,443.1376750065096,61858800
2021-11-26,436.3963623046875,441.08388189023253,435.2553706048447,439.6006100904115,112669600
2021-11-29,441.7494812011719,443.6130739628271,439.0206416888775,441.24554946911013,86268800
2021-11-30,433.15411376953125,441.20753349918743,432.90689210783074,439.2773764904249,148559600
2021-12-01,428.3429260253906,441.81601151585636,428.14326264179795,438.935038057527,131939200
2021-12-02,434.9035949707031,436.4914717810718,428.1623073956631,428.5616632157224,127637800
2021-12-03,431.1193542480469,437.6609492763742,426.8406787668963,436.58655069618374,137331600
2021-12-06,436.2252197265625,438.1268532041968,431.2524377365643,433.6960437193141,98977500
2021-12-07,445.24847412109375,445.81896998414595,436.09210401981215,441.5688178785133,95484700
2021-12-08,446.42742919921875,446.8838316434768,443.86973005422743,445.64778158813294,72238800
2021-12-09,443.41339111328125,446.5320688500467,443.2137277231615,445.1248496332703,61272600
2021-12-10,447.58746337890625,447.73959753946315,443.56552713506284,446.1517498312818,77159800
2021-12-13,443.62255859375,447.41630797487454,443.3372961712615,447.0645104354329,87724700
2021-12-14,440.5704040527344,442.8333523996285,437.61337809828905,440.31369399445657,97264100
2021-12-15,447.4543762207031,447.7015688487448,438.07930781222103,440.6275187996596,116899300
2021-12-16,443.50848388671875,449.6127111619842,441.93961303859857,449.3274777441211,116568600
2021-12-17,438.78826904296875,443.4350099706387,437.0612468320394,440.391246158323,135511600
2021-12-20,434.1224670410156,434.5231967712665,430.45850677159706,433.64538842595744,107134800
2021-12-21,441.8320007324219,441.97511847900057,435.3914400692942,437.58598983300806,69806300
2021-12-22,446.249755859375,446.36425005739017,441.3739977244185,441.5743916895101,58890200
2021-12-23,449.0263671875,450.54347358398275,447.15622729931926,447.26117061044425,56439700
2021-12-27,455.381103515625,455.42879973122785,450.371777897434,450.41947411303687,56808600
2021-12-28,455.0089416503906,456.8600089574174,454.2360766438922,455.81998109828453,47274600
2021-12-29,455.5909729003906,456.6214498247785,454.10249005484945,455.11389431865143,54503000
2021-12-30,454.33154296875,457.04134620357837,453.8640152102002,456.0203909052305,55329000
2021-12-31,453.1864929199219,454.99938576565216,452.90980829890117,453.8353419422545,65237400
2022-01-03,455.8103942871094,455.9439902621818,452.127361743287,454.4650292399712,72668200
2022-01-04,455.65777587890625,457.97640008982404,453.7780849614112,457.2512312733586,71178700
2022-01-05,446.9081115722656,456.0680256464751,446.81269003761014,455.2856098282898,104538900
2022-01-06,446.4883117675781,449.23628909651006,444.0933679351915,446.4406155561511,86858900
2022-01-07,444.72308349609375,447.6905272471142,443.349094929474,446.4978308607126,85111600
2022-01-10,444.1697082519531,444.389145762566,435.66816447394604,441.4885289655664,119362000
2022-01-11,448.21539306640625,448.31081462041647,440.86837018617075,443.90261253970317,74303100
2022-01-12,449.4271545410156,451.50723955540445,447.44252019754674,449.9710311827004,67605400
2022-01-13,443.2346496582031,451.20186822247496,442.1946217886936,450.5434974150273,91173100
2022-01-14,443.4158935546875,443.7689270266009,438.8168492936388,440.04772011937735,95890900
2022-01-18,435.563232421875,438.8741592341394,434.4373338587246,438.6642434750293,109709100
2022-01-19,431.0404968261719,438.540158123314,430.76378309670434,437.12802416306374,109357600
2022-01-20,426.2696838378906,437.7100181331932,424.1228303658475,432.94878352869137,122379700
2022-01-21,417.90179443359375,427.51968650800586,417.87317088141214,425.13429343097664,202271200
2022-01-24,419.676513671875,420.19176673065266,401.471206486934,412.2245480151217,251783900
2022-01-25,414.5527038574219,419.5620294475353,407.56826576046444,413.2073386332775,167997300
2022-01-26,413.51263427734375,423.6839530877649,409.1998252822503,420.51614433103884,186391100
2022-01-27,411.4707336425781,421.34626629506744,409.76281325301744,418.16893569276084,149878300
2022-01-28,421.6898193359375,421.73751555226005,408.2075723811442,412.8447627607558,164457400
2022-01-31,429.28485107421875,429.63788456422157,419.64785794069275,421.012295690161,152251400
2022-02-01,432.1855163574219,432.83433626642204,426.45102225461,430.0195608726778,123155400
2022-02-02,436.3838195800781,437.1185101722649,432.2809259765389,434.61862286219315,117361000
2022-02-03,426.12664794921875,432.2046251763638,425.2774339913567,430.27723794947974,118024400
2022-02-04,428.1303405761719,432.02328907897765,423.4835706254172,425.8880653676078,118454400
2022-02-07,426.75634765625,430.3153352851843,425.4109825444908,428.9032013012466,84472900
2022-02-08,430.2676696777344,431.2027542589715,424.8098890806237,426.2506758361312,81012000
2022-02-09,436.5650939941406,436.88950394832347,434.15107743982577,434.3514422988808,92589900
2022-02-10,428.7218933105469,436.72725657680354,426.6990848318808,430.6492802514605,140103700
2022-02-11,420.2680969238281,430.9069445070273,418.81778837705025,428.8078160144726,153214600
2022-02-14,418.8940734863281,421.3558153101049,415.3827820623974,419.75283824073216,123006300
2022-02-15,425.6495361328125,425.8212774417239,422.86338427445924,423.388188209778,88482700
2022-02-16,426.12664794921875,427.519709427688,421.6802715210342,423.57903519420205,84863600
2022-02-17,417.02392578125,426.09796968559357,416.41328034085393,422.9015373777113,102259100
2022-02-18,414.32366943359375,418.5505786166429,412.02414720949537,417.28153330164554,132642900
2022-02-22,409.8773498535156,415.53549553677675,406.3374053785213,412.0910017320878,124391800
2022-02-23,402.6066589355469,413.3981749869801,402.03415876801796,412.82567481945114,132578000
2022-02-24,408.66546630859375,409.10439953139513,391.8150778757188,392.17763310705095,213942900
2022-02-25,417.6822814941406,417.76815214116806,408.24565355040596,409.9154285192575,121804500
2022-02-28,416.6136779785156,418.11171182520815,410.9555325661179,412.22454887589333,145615000
2022-03-01,410.26849365234375,417.1288857534226,407.5300382268976,415.09652640551,137785900
2022-03-02,417.81591796875,419.5620128646921,411.78563736539417,412.54895149200513,117726500
2022-03-03,415.73583984375,420.8882830783172,413.9133960344633,420.2776375908429,105501700
2022-03-04,412.3581237792969,413.5030949310613,408.2647812992154,411.95736494911114,113978200
2022-03-07,400.20208740234375,412.4820840661441,400.1352894199032,411.7664662734419,137896600
2022-03-08,397.16790771484375,407.62546176838356,396.0897054925874,400.38341260301814,164772700
2022-03-09,407.81634521484375,409.82008122178485,403.4367670228745,405.6504187851822,116990800
2022-03-10,405.9748229980469,406.8812548826684,401.1658624732267,403.15049667156745,93972700
2022-03-11,400.8128662109375,409.1140172955971,400.297613112895,408.4938208708891,95636300
2022-03-14,397.883544921875,405.08741999905317,396.7290228847727,401.59523033702686,95729200
2022-03-15,406.6331481933594,407.27241715036865,399.2384305942693,400.52651939732397,106219100
2022-03-16,415.6499328613281,415.7071799608205,405.32594551391367,410.1826310298501,144954800
2022-03-17,420.85009765625,420.85009765625,413.33133471750034,413.71299175062893,102676900
2022-03-18,425.4595947265625,425.78501249787223,418.4726201817354,419.2191737062759,106345500
2022-03-21,425.335205078125,427.31642423368135,421.78426355250934,425.2873314813455,88349800
2022-03-22,430.3122253417969,431.2597662219111,426.74215185005954,426.74215185005954,74650400
2022-03-23,424.7704162597656,429.2593174406841,424.6842788488617,427.74707865644325,79426100
2022-03-24,431.1736145019531,431.1831950629387,425.6893275182375,426.81872377149887,64736900
2022-03-25,433.279296875,433.55687026463494,429.20195028908876,431.81490227441645,77101300
2022-03-28,436.3612060546875,436.3612060546875,430.76204021438434,432.6762829489136,68529800
2022-03-29,441.7593994140625,442.2571212684321,437.57678329561713,440.29500474453084,86581500
2022-03-30,439.0316162109375,441.42441981093384,436.8972248844906,440.6012801838404,79666900
2022-03-31,432.2743225097656,439.0890221947589,431.81489372316054,438.25633125137165,121699900
2022-04-01,433.4994201660156,434.0162446710411,429.88150258570784,433.87268230853397,89048800
2022-04-04,437.2130432128906,437.3183417554345,432.8677330935869,433.70042403695504,59601000
2022-04-05,431.69049072265625,438.19890496383664,430.5323819351552,435.7008319748018,74214500
2022-04-06,427.3738708496094,429.6805371113204,424.45466203209503,427.72803033123233,106898000
2022-04-07,429.52734375,431.36502961975174,424.5120371525295,426.48370482446757,78097200
2022-04-08,428.3788146972656,431.30760372619034,426.8187022048659,428.7616573999894,79272700
2022-04-11,421.05682373046875,425.9189871816048,420.54955059948986,425.06713518690975,89770500
2022-04-12,419.49676513671875,426.63688291796194,417.92707195096625,424.08135581497214,84363600
2022-04-13,424.3014831542969,425.06716858645797,419.06602795684586,419.2478833585638,74070400
2022-04-14,419.0181884765625,425.6606133703745,418.912889933217,424.53118791252734,97869500
2022-04-18,419.1904602050781,420.8941351265984,416.931638515193,418.08019587737556,66002500
2022-04-19,425.957275390625,426.6846677230804,418.9128473700947,419.0851221954901,77821000
2022-04-20,425.64141845703125,428.3788006493394,424.46417791498675,427.7566776266864,65224400
2022-04-21,419.2765808105469,430.7141927512222,418.35775248306726,429.3072231830381,85417300
2022-04-22,407.77197265625,419.2956922423888,407.19769402624064,418.1758766624438,132471800
2022-04-25,410.1361083984375,410.3083832436051,400.8807314293421,405.5036442378666,119647700
2022-04-26,398.2582092285156,407.7719980148025,398.22949675568077,407.5709814959325,103996300
2022-04-27,399.3780517578125,404.78581124755243,397.2149771709448,399.34933928304525,122030000
2022-04-28,409.4660949707031,411.21764345200137,399.69389386588324,404.18279547184125,105449100
2022-04-29,394.333984375,407.60925242796685,393.5778503526472,405.42701698376715,145491100
2022-05-02,396.7076721191406,398.0859292153435,387.6532830159417,394.4010061346487,158312500
2022-05-03,398.5262145996094,400.96686249453666,395.63568926772007,397.21496295046654,100028200
2022-05-04,410.6625061035156,411.2367847860989,395.9706867518103,399.1961812007349,144247900
2022-05-05,396.06640625,406.7765971082307,391.88379038376684,406.3458807923875,172929100
2022-05-06,393.7023620605469,397.013994337255,388.3329243601076,393.4726622429116,151770800
2022-05-09,381.0970153808594,388.98368584620744,379.4986098970395,387.7298592321977,155586100
2022-05-10,381.97760009765625,388.66786975846736,377.8907019773014,387.14605014162754,132497200
2022-05-11,375.9094543457031,386.71536383438524,375.1533202119029,381.0013475356769,142361000
2022-05-12,375.5169677734375,378.8285992967604,368.63526328171594,372.67431634077207,125090800
2022-05-13,384.4948425292969,385.8922317130781,378.6468150914844,379.6996545624276,104174400
2022-05-16,382.9346923828125,386.64832803939817,380.5514694750562,382.8294230505305,78622400
2022-05-17,390.811767578125,391.0510478978301,385.31787157555976,389.0985123105099,83029700
2022-05-18,375.0576171875,386.48565024085985,373.80379035849415,386.19852547430514,117674500
2022-05-19,372.760498046875,377.23984846720896,370.51125688018453,371.95651956348877,98510700
2022-05-20,372.92315673828125,380.0058481356005,364.2229280942241,376.38793098451714,131432200
2022-05-23,379.9006652832031,380.6759313342398,373.64108271462095,375.9860127818078,76414900
2022-05-24,377.00054931640625,378.20650237684345,370.3676760433841,375.72756154107805,91448800
2022-05-25,380.3312683105469,382.3220968773957,375.08626252851224,375.48823709843765,91472900
2022-05-26,387.93084716796875,389.5866775979574,381.36500880962234,381.5755766723433,82168300
2022-05-27,397.4542541503906,397.56910404848304,390.2184184802871,390.4194058019488,84768700
2022-05-31,395.22412109375,398.6027583682408,392.4484749570084,395.8175316708917,95937000
2022-06-01,392.02740478515625,398.39225713112336,389.48145800496314,397.36815929075135,86585800
2022-06-02,399.49285888671875,399.5407032663677,389.586647950477,391.86460123500865,79609600
2022-06-03,392.9366455078125,396.2865705593361,391.95081158958243,394.71687737200284,71874300
2022-06-06,394.1330261230469,398.7463290328403,392.94617573503086,396.99480973775064,57508900
2022-06-07,397.91363525390625,398.3730640339569,390.1322337203945,390.60124306118365,59272400
2022-06-08,393.5874328613281,397.99019680290365,392.78345445253996,396.18122347636165,64350000
2022-06-09,384.2268371582031,394.08517640788494,384.2268371582031,391.78809077008833,86289800
2022-06-10,373.0859680175781,378.8095653943306,373.0381236237535,377.9481618422655,132893900
2022-06-13,358.9205322265625,365.4385267550747,357.293414130191,363.5625769518316,170004900
2022-06-14,357.83905029296875,361.734542240985,354.6996925924991,360.6912831951465,104011800
2022-06-15,362.9404602050781,367.4389134287406,356.16402408132404,361.17933105894053,125666800
2022-06-16,350.92852783203125,355.0345864932004,348.46871901757845,354.6230313337775,134473300
2022-06-17,351.6850280761719,355.06866722021977,348.1380212112785,351.3486120189523,111113900
2022-06-21,360.5382385253906,361.94166385185497,357.40453506864367,357.4814519643187,76811900
2022-06-22,359.8846130371094,364.04683820617265,355.8377045480305,356.2606594938497,90059400
2022-06-23,363.4123840332031,364.15254047647903,358.44270772012106,362.0474171549332,79292100
2022-06-24,374.9667053222656,374.9763272689603,366.5941742729428,366.6230107778234,98050300
2022-06-27,373.5344543457031,376.19712282537705,372.42901584581267,375.89913582110756,66009600
2022-06-28,365.902099609375,377.9274218549358,365.7867535801466,375.1109487455208,86548900
2022-06-29,365.6040344238281,367.45925111275926,363.75843968034417,366.4595661830386,65676000
2022-06-30,362.6337890625,365.91167520884255,358.12549653489356,361.66291121412695,112508300
2022-07-01,366.4692077636719,366.9114066205378,359.31746117280204,361.9705369731838,74839700
2022-07-05,367.1612854003906,367.18052929239843,358.4523095292125,361.31686259425834,81438000
2022-07-06,368.4013366699219,370.9198225231262,364.89275837820134,367.3054908243702,70426200
2022-07-07,373.9189147949219,374.72636621264735,368.42052999642806,370.1988592387146,64525900
2022-07-08,373.61138916015625,375.5050646876894,370.71799916075025,372.2656072677405,72397800
2022-07-11,369.3433837890625,371.88108423973273,368.6416563857254,370.90061373257436,58366900
2022-07-12,366.0750427246094,371.19855269673496,364.3063355278125,368.7857911900567,62219200
2022-07-13,364.1526184082031,367.12292543313544,360.14419708656845,360.56715209758505,84224600
2022-07-14,363.2681579589844,364.3639742414504,356.66433575998457,359.1347407016341,89704800
2022-07-15,370.2085266113281,370.3238726372709,365.79636510778874,367.72846971273947,79060400
2022-07-18,367.1517028808594,374.0150547552047,365.911674555524,373.3325712797977,63203600
2022-07-19,377.0718688964844,377.64862834568623,370.4584524626098,371.1216920937071,78506000
2022-07-20,379.4749450683594,380.9072361713655,375.8798577308148,377.26406844226284,71843800
2022-07-21,383.3392333984375,383.38728445745437,376.45663790669556,378.8886140640054,64903900
2022-07-22,379.7825927734375,384.675381819805,377.53325747129935,383.464219324932,72197300
2022-07-25,380.2439880371094,381.1091124451077,377.97540895048166,380.41700705166886,53631500
2022-07-26,375.7452697753906,378.79243403931105,374.8416870342112,378.5809566033925,52946400
2022-07-27,385.5020751953125,387.2707825349673,378.78287649163906,379.0808634744764,82342100
2022-07-28,390.3371887207031,391.0388867502387,382.7240291170594,386.31914611595874,73966600
2022-07-29,396.0278015136719,397.0275158449995,391.01004463526397,391.7886595530168,87003700
2022-08-01,394.8550720214844,397.39280165613854,392.5769002520845,393.2978421707656,69997500
2022-08-02,392.2500915527344,396.99869818290057,391.0581435895228,393.26902048939,63435400
2022-08-03,398.3924865722656,399.5748124570477,394.1148864366176,394.4032514487109,67820600
2022-08-04,398.12335205078125,399.007691013396,396.4603688539502,398.31558562147103,45656600
2022-08-05,397.45050048828125,398.1041474965762,393.7304446397982,393.788117650224,56814900
2022-08-08,396.98907470703125,401.43969432924933,395.8740143148502,399.1615224827634,53886100
2022-08-09,395.4125671386719,396.75831935059244,394.32634342416515,396.2488549655369,44931800
2022-08-10,403.71783447265625,403.8620463181089,400.57453840835655,402.5547231096879,68665700
2022-08-11,403.71783447265625,408.48568460313226,402.9680560841444,406.60160201850204,59489700
2022-08-12,410.5523681640625,410.6580922237723,404.71753827383014,405.6787940975179,61694500
2022-08-15,412.24420166015625,412.7729100197016,408.25499544090906,408.31266844955724,54048300
2022-08-16,413.0516357421875,415.00298387465915,410.34088730145373,411.1579606118422,59289000
2022-08-17,410.1197509765625,412.8593356716911,408.0915154689418,409.4084311242514,63563400
2022-08-18,411.311767578125,412.00384360787325,409.01435208364535,410.3216459201027,49023200
2022-08-19,405.78460693359375,408.78372084919124,404.90023853876687,408.51457035254026,68016900
2022-08-22,397.3351135253906,401.0647909363674,396.42190872907395,400.89174258771743,77695600
2022-08-23,396.3738708496094,399.32493346298486,395.81632600746724,396.9025498533495,49105200
2022-08-24,397.6427001953125,399.02688156067626,395.4510381419546,396.14311415703696,49177800
2022-08-25,403.2564697265625,403.30452078721123,398.04644987039785,399.1518882821356,50942300
2022-08-26,389.6065979003906,403.6889899352568,389.5489248974377,403.14109640720415,103087000
2022-08-29,387.03045654296875,390.1160796790773,385.6558676860806,386.61712355834385,65370800
2022-08-30,382.7817077636719,388.44351915530365,380.65734041611535,388.2032051777682,85652400
2022-08-31,379.8690490722656,385.69425670582086,379.73448851844125,384.4350139908733,76029700
2022-09-01,381.06103515625,381.4070731615499,374.92821849060084,377.6678033733537,78740100
2022-09-02,377.04296875,386.0018799211823,375.2069666364603,384.7714736603263,99632100
2022-09-06,375.6203308105469,378.85013626077574,373.3709957287376,377.89850239333316,76637400
2022-09-07,382.3683776855469,383.14699263189715,375.082070738466,375.30314082495886,70964200
2022-09-08,384.8676452636719,385.3290293251323,378.8501738903728,380.0709876684587,80821700
2022-09-09,390.8466491699219,391.72139554652983,386.8670357204222,387.13618619513227,76706900
2022-09-12,395.04730224609375,395.77786605050534,392.63454077061806,392.9421496709176,69256300
2022-09-13,377.86968994140625,387.48224868153255,376.73541505051963,386.26143494700773,122947100
2022-09-14,379.31158447265625,380.84959978158463,375.96640337587723,379.1866165118705,85023700
2022-09-15,375.0051574707031,380.61888856300754,373.7170780490116,377.7351207825989,87633800
2022-09-16,372.1442565917969,372.8102500746001,368.8142891777807,370.7736826530603,103084800
2022-09-19,375.03021240234375,375.03021240234375,368.88186419270846,368.95909705113775,73278500
2022-09-20,370.72540283203125,372.6847668414529,367.93597706904285,371.6616524004172,77274900
2022-09-21,364.2585144042969,375.7637347282181,364.248852934161,372.67506876630944,106746600
2022-09-22,361.19879150390625,365.136812492756,360.44593325063937,363.47665974764175,89472600
2022-09-23,355.1470642089844,357.7241441398762,350.6492069868189,357.6855277061192,122346900
2022-09-26,351.6336975097656,357.3283989536155,350.3982367576907,353.6606331303109,92581200
2022-09-27,350.73602294921875,357.5117480709037,348.3133501798601,355.2145566019714,108294100
2022-09-28,357.63720703125,359.3456083197045,349.9831427404017,351.70120549927145,110802200
2022-09-29,350.16656494140625,354.3362261872467,347.1840864336314,354.04667660618315,112952300
2022-09-30,344.75177001953125,353.17801673419126,344.61665669325873,349.21101053353664,153711200
2022-10-03,353.8536071777344,355.726106261923,346.7110997775249,348.5160274774265,89756500
2022-10-04,364.818359375,364.84731433282997,353.81503356403977,359.4421630441656,103602800
2022-10-05,363.968994140625,366.25652429867245,358.042653294007,360.39775484250714,88065700
2022-10-06,360.21435546875,365.54227406391703,359.71243024325867,362.5501340210394,82333500
2022-10-07,350.16656494140625,360.3012126585015,348.3809306429675,356.13152195695596,107789500
2022-10-10,347.4929504394531,351.53716008098354,345.22474318780775,351.2958589303228,76042800
2022-10-11,345.2922668457031,350.3982071710006,343.33290278428467,345.77486912147816,92482800
2022-10-12,344.1532897949219,347.299865667946,343.9023272168667,345.7072842468534,76991800
2022-10-13,353.2359313964844,354.72235473968067,335.99736178900645,337.05909274843236,147254500
2022-10-14,345.1860656738281,357.3766023609494,344.5393657439829,355.72608157438833,123737000
2022-10-17,354.0563659667969,355.1760068612795,344.8483056394827,351.34414333960547,93168200
2022-10-18,358.21636962890625,362.3860603574706,354.7319658837695,362.0771878318647,97162900
2022-10-19,355.6778259277344,358.9112666000358,352.8304611292075,356.1507666639306,79746900
2022-10-20,352.6954345703125,359.70282975273767,351.92325317715216,355.2242660395325,88283100
2022-10-21,361.26641845703125,361.7586527465479,350.8904695677972,352.41547979286736,131038400
2022-10-24,365.68707275390625,366.8356686178602,360.12748466994145,362.8107818136751,85436900
2022-10-25,371.52655029296875,371.84505483562714,365.4940218238639,365.6098416575578,78846300
2022-10-26,368.7273864746094,374.09392075957874,368.0807160004219,368.3413105929853,104087300
2022-10-27,366.75848388671875,371.6038007627387,366.13107728190266,369.74096280490863,81971800
2022-10-28,375.4838562011719,375.96645846687187,366.4688494125805,366.6522406300029,100302000
2022-10-31,372.7716369628906,374.88543726090984,371.8547103237635,372.99364461103545,96631300
2022-11-01,371.1404113769531,376.8061863460737,369.95322873313677,376.56488522910905,85407600
2022-11-02,361.826171875,375.10739396081226,361.72001352880926,370.54196650488905,126990400
2022-11-03,358.1005859375,361.1795911215684,355.95783044036943,358.5445718280526,87100100
2022-11-04,363.2547912597656,365.6870964764327,357.12573558227916,363.8821684176196,103505200
2022-11-07,366.7295227050781,367.3279448819453,362.46330514322733,364.56744423469866,68286900
2022-11-08,368.7080993652344,371.7195325319543,364.5770255034541,367.8490532672433,84641100
2022-11-09,361.1119689941406,367.8780620529582,360.6100437959627,366.7101433846629,78495500
2022-11-10,380.9565734863281,381.2944009586985,372.22148438253384,374.54760134940835,141455800
2022-11-11,384.6437072753906,385.4544756314829,379.9141810146239,381.8252967897964,93839900
2022-11-14,381.3716125488281,386.25554515730494,381.09169498505867,382.858035785753,71903500
2022-11-15,384.6242980957031,388.3113860321753,380.7634804338142,387.19174537554335,93194500
2022-11-16,381.6901550292969,383.93906869355703,381.0531164850205,382.97386413356963,68508500
2022-11-17,380.5222473144531,381.2075637799826,376.5649320685598,376.87377515035627,74496300
2022-11-18,382.2499694824219,383.9680324603837,379.3640172076814,383.9004610702652,92922500
2022-11-21,380.86004638671875,382.0472585453057,378.9972087404378,380.90832428593535,51243200
2022-11-22,385.9853210449219,386.1494187905772,381.4005991070716,382.82911254649855,60429000
2022-11-23,388.4176330566406,388.90986735370535,385.41583154987455,385.6474712190815,68261600
2022-11-25,388.3306884765625,388.8905235456464,387.568198178851,387.8480862576911,30545400
2022-11-28,382.1341247558594,386.86362100910424,381.3619434670269,385.2034680577448,67881600
2022-11-29,381.4777526855469,383.47570344424014,379.61488577269193,382.2691979218813,52310000
2022-11-30,393.49456787109375,393.49456787109375,379.78868149193926,381.7287225286576,144566700
2022-12-01,393.2050476074219,395.73387890114543,390.6665548420454,394.54666666038776,76398200
2022-12-02,392.75140380859375,393.66833049697027,388.1473885118186,388.25354687813,85342700
2022-12-05,385.6860656738281,390.8402542099499,384.3154917681712,389.8943726441116,77289800
2022-12-06,380.1264953613281,386.07215893019634,378.0127244938786,385.5220147224602,77972200
2022-12-07,379.4798889160156,381.87360721094956,378.33129294982285,379.2675427006932,65927900
2022-12-08,382.45263671875,383.5336610884183,379.58597806260593,381.39093529149324,60737900
2022-12-09,379.5956115722656,383.78459542401623,379.4701302786535,381.19785452203797,81447700
2022-12-12,385.068359375,385.068359375,379.7211180263533,380.39674352454324,75405800
2022-12-13,387.9832763671875,396.2068085763035,385.1841890472731,395.9462139503626,123782500
2022-12-14,385.5027160644531,391.3904700876154,382.5202373486553,387.63581000894794,108111300
2022-12-15,376.0726013183594,381.49704542335803,374.39315506034654,380.58008944587914,117705900
2022-12-16,371.6326904296875,374.8421859114013,369.47041927629004,373.4847002922571,119858000
2022-12-19,368.4813537597656,372.1659912311167,366.7941952533003,371.82661244427356,79878100
2022-12-20,368.9855651855469,370.62425360727593,366.3772400452072,367.71534345144414,74427200
2022-12-21,374.50286865234375,375.64703308674467,371.0703457581713,371.6133400521571,78167400
2022-12-22,369.1601257324219,374.4834223249137,363.3907749039536,371.4193664689594,100120900
2022-12-23,371.2836608886719,371.42910050232797,366.5518281845985,368.12263519402285,59857300
2022-12-27,369.8194274902344,371.51629169701135,368.12256328345734,371.16723669242253,51638200
2022-12-28,365.2233581542969,371.7490237119467,364.9906548184755,369.751544912614,70911500
2022-12-29,371.7975158691406,372.6798888580042,367.5698842736494,368.10320223797714,66970900
2022-12-30,370.81817626953125,370.9636158642574,366.93962925835154,369.08254778752337,84022200
2023-01-03,369.2571105957031,374.69675909515433,366.35787630587384,372.69930956075285,74850700
2023-01-04,372.1077880859375,374.16341314778646,368.4619446383028,371.54538223107625,85934100
2023-01-05,367.8608093261719,370.24610753892307,367.2596392522316,370.1297558589303,76970500
2023-01-06,376.2966613769531,377.43114952851016,367.88992633219317,370.9927465441918,104189600
2023-01-09,376.0832824707031,381.74598693229115,375.89907871834697,378.51708009701446,73978100
2023-01-10,378.7207336425781,378.78861532136347,374.5416013431654,375.4918560732584,65358100
2023-01-11,383.5107421875,383.58832970359543,379.49646116309526,380.32065837354753,68881100
2023-01-12,384.906982421875,386.3905254134234,380.5048530375986,384.62580907978474,90157700
2023-01-13,386.4002380371094,386.9820259950069,381.39690894473443,381.6684060462913,63903900
2023-01-17,385.6924133300781,388.0777411267566,385.00397949817483,386.38087675294776,62677300
2023-01-18,379.60308837890625,387.971058411242,379.39947294334144,386.89477580371937,99632300
2023-01-19,376.839599609375,379.2054857975619,375.5014963058115,377.5377095858825,86958900
2023-01-20,383.85980224609375,384.01494767738205,376.58752660363507,378.2553030012775,91806400
2023-01-23,388.4656066894531,390.4242624270123,383.70468631853214,384.674323145417,84178800
2023-01-24,388.0487060546875,388.96984337133813,385.56643791422186,386.7687782222995,59524900
2023-01-25,388.1940612792969,388.5334400446893,381.61021975815345,383.9276656898367,84800300
2023-01-26,392.46044921875,392.62530047562916,387.8837628706581,390.88964251974176,72287400
2023-01-27,393.36224365234375,395.766953530763,391.1902667240724,391.4035880003109,68346200
2023-01-30,388.4267883300781,392.8289475307978,388.1262033000586,390.56967729630395,74202000
2023-01-31,394.1379699707031,394.1864399734376,388.601322637591,388.9504072665645,86811800
2023-02-01,398.3267822265625,401.10966467538105,390.13336909060706,392.906516111432,101459200
2023-02-02,404.1252136230469,405.6087567041384,400.3436361213397,402.2634979963016,101654500
2023-02-03,399.8297119140625,404.30942887636985,398.60796016399155,399.09277852945274,94736800
2023-02-06,397.38623046875,398.8019214799618,395.7087777693734,397.3474663028563,60295300
2023-02-07,402.58349609375,403.8440120683523,395.1948685823552,396.4553845569575,90990700
2023-02-08,398.1813049316406,401.94350006214603,397.4831653240111,400.58601460035635,76227500
2023-02-09,394.7294616699219,401.98235595983147,393.4883276857042,401.8272105129332,78694900
2023-02-10,395.6506042480469,396.0384530460212,392.71260595671595,393.5367735557989,70769700
2023-02-13,400.2951354980469,400.4308988497679,395.84450626622424,396.30994256945445,64913500
2023-02-14,400.1109313964844,402.44772997458745,396.10632679762597,398.7534162442866,88389300
2023-02-15,401.4103088378906,401.4878667726313,397.03723679374013,397.89052203074226,61555700
2023-02-16,395.88330078125,400.37272377802026,395.7475670202348,396.37782500494444,76431500
2023-02-17,394.8943176269531,395.13672684229334,391.7817619964872,393.73074155693257,89257800
2023-02-21,386.9723815917969,391.88844770957473,386.71059028511684,390.8218412159292,82655900
2023-02-22,386.4390869140625,388.95044285942777,384.96521993169256,387.38931210957054,83742300
2023-02-23,388.49468994140625,389.98793892233294,384.21858803532103,389.3673571569208,96242400
2023-02-24,384.3446350097656,385.1882142813148,381.68783967804217,383.41379197815615,108194400
2023-02-27,385.6536560058594,389.1055606545403,384.70340128692055,387.7286633753405,80444700
2023-02-28,384.228271484375,387.156563842999,384.12159605361234,385.16882032398394,96438600
2023-03-01,382.75439453125,384.64519799706466,381.4357027779782,383.40406416241154,99706800
2023-03-02,385.73126220703125,386.5845474343479,380.41764121299525,380.75702005444674,85127800
2023-03-03,391.91748046875,392.1695954929354,386.9141512863153,387.5734971746838,90120000
2023-03-06,392.18902587890625,395.07855440341785,391.7430012043068,392.751402243317,72795900
2023-03-07,386.1772155761719,392.3829144136942,385.5566634469987,392.14050522757117,108310600
2023-03-08,386.8075256347656,387.5735174019799,384.5482553177289,386.2936193139277,74746600
2023-03-09,379.6709899902344,389.2898002423228,378.67226525159236,387.60261205758303,111945300
2023-03-10,374.1924743652344,381.22233991265165,372.65075567885407,379.11821541153955,189253000
2023-03-13,373.6592102050781,378.53651154881794,369.0922293194743,370.21701151974185,157790000
2023-03-14,379.8358154296875,381.5035918263972,375.2978929421976,378.64315157224377,149752400
2023-03-15,377.460205078125,377.6638205167476,372.0593211039184,374.1731517764956,172996900
2023-03-16,384.08282470703125,384.4319093478442,374.56101366986553,375.07491999833877,143254200
2023-03-17,379.5918884277344,383.88431043853336,378.1902800281305,382.7357792983841,140553400
2023-03-20,383.24188232421875,383.66044000734365,379.6697504771367,380.3802678130495,93055800
2023-03-21,388.27398681640625,388.7606554675455,385.0327569656362,386.6485004518863,91524200
2023-03-22,381.6552734375,391.7585193374494,381.61636133240864,388.0987912977617,111746600
2023-03-23,382.68707275390625,388.64389279785183,379.9422541991001,384.5558638990384,119351300
2023-03-24,385.19830322265625,385.2859000303675,379.01760435587744,381.39255015572286,107682400
2023-03-27,385.9185791015625,388.28381182133614,385.0133823479188,387.5051239924733,74010400
2023-03-28,385.05230712890625,385.91856202680395,383.19322900612326,385.2177578637857,62871700
2023-03-29,390.64898681640625,390.89232117598993,388.0501627863361,389.2668345842544,77497900
2023-03-30,392.9363708496094,393.56903430028075,391.04809367419375,393.3159570384506,69840000
2023-03-31,398.4745788574219,398.7763110496776,393.76360009906665,393.870682650069,112062600
2023-04-03,399.99298095703125,400.40176599461336,397.54989479433317,397.9489666574283,67391100
2023-04-04,397.7737731933594,400.937119463949,396.38187825933784,400.64510044740217,66601500
2023-04-05,396.7323303222656,397.80300740342744,395.05818880551254,397.0340625400612,65200200
2023-04-06,398.2799072265625,398.5621833713296,394.8634836691037,395.92441780176136,63743300
2023-04-10,398.688720703125,398.7666043298066,395.14578799051924,395.76870848447066,63681000
2023-04-11,398.79583740234375,400.21690181997883,398.01717929227317,399.321447963788,59297900
2023-04-12,397.17034912109375,401.1805245130802,396.57662751274574,400.8885054450559,86420400
2023-04-13,402.4458312988281,402.8059613979246,397.1119314502093,398.2702053766501,85814800
2023-04-14,401.4627380371094,404.0226201667192,399.12673420421424,401.80341206988373,78161500
2023-04-17,402.9033203125,402.9227763687658,400.12930254363295,401.3751733344069,66436400
2023-04-18,403.1660461425781,404.6357950124813,401.7741808930647,404.49951352874814,63560000
2023-04-19,403.0979309082031,404.01284065902394,401.1707123262414,401.22911018897685,55227300
2023-04-20,400.898193359375,402.66967446923786,399.33110477637365,400.2460442637138,75840400
2023-04-21,401.20965576171875,401.6768386654951,399.23378218743716,401.19991288325747,73457400
2023-04-24,401.62823486328125,402.0565057155857,399.65236103720025,401.00528464032885,64332100
2023-04-25,395.25286865234375,400.1974396579536,395.1944707801746,399.63288728844816,97766700
2023-04-26,393.57867431640625,396.96589896825884,393.0141517263801,395.8757658951748,80447000
2023-04-27,401.4140625,401.68659577148844,395.8952266224853,396.14830384025987,92968400
2023-04-28,404.8402099609375,404.8499528400004,400.4601917441596,400.518589610738,89335600
2023-05-01,404.43145751953125,406.4851853023075,404.19783633047234,404.3925157040378,62122300
2023-05-02,399.8859558105469,403.7598495686788,396.9464873945353,403.71116487366527,103998500
2023-05-03,397.1411437988281,402.83517393886245,396.89780943133866,400.3920873840193,91531800
2023-05-04,394.32818603515625,396.41111262734955,392.97523278984136,396.08018147546466,94901900
2023-05-05,401.62823486328125,402.6891691143394,397.74462796123623,398.00741837809966,87844000
2023-05-08,401.7352294921875,402.2218981443625,400.3141653449277,401.959107765591,50046800
2023-05-09,399.9735412597656,401.102616238175,399.73994978281917,400.1682206264883,49220100
2023-05-10,401.84234619140625,403.4872887518615,397.9684526974755,402.8448825119293,96142900
2023-05-11,401.1415710449219,401.4335604005622,399.03915857260574,400.96637743153764,70157100
2023-05-12,400.615966796875,402.61132643811567,398.16316705924265,402.3971910059802,70439400
2023-05-15,401.9981384277344,402.4069235517319,399.2922613117223,401.22919347024816,54289400
2023-05-16,399.3116760253906,401.81316032040905,399.30193314595533,400.8787350116399,57705500
2023-05-17,404.1589050292969,404.77208264872,399.6912898643818,401.355688524903,87287000
2023-05-18,408.0522155761719,408.4804863735137,403.6137997708998,403.83764834412545,97177200
2023-05-19,407.4585266113281,409.50254123746595,406.22239871882635,408.9672175109571,103679700
2023-05-22,407.62396240234375,409.1813081232912,406.222354223881,407.47796773873284,60745400
2023-05-23,403.04925537109375,407.55581200584857,402.65018349740916,405.9595245111102,86383500
2023-05-24,400.1293029785156,401.81318752027346,398.95157293924603,401.4238584672152,89213700
2023-05-25,403.5943603515625,405.06410937954433,401.41409400851745,403.681957155999,90961600
2023-05-26,408.8211669921875,409.55117004743295,404.1783582542306,404.25621217707396,93830000
2023-05-30,408.9768981933594,411.3129019931037,407.5752899727328,410.77757830912685,72216000
2023-05-31,406.7090148925781,408.0424823004521,405.12247027016514,407.127542821317,110811800
2023-06-01,410.5732116699219,411.6438888093061,405.6773254680984,406.94265227579683,88865000
2023-06-02,416.5105285644531,417.30864261013363,412.64637812757286,413.18170178424987,91366700
2023-06-05,415.71240234375,418.1652018562358,415.00185536054477,416.8609333270958,65460200
2023-06-06,416.6175842285156,417.1529078888088,414.63196771982524,415.2938596919878,64022200
2023-06-07,415.17706298828125,418.1652159848775,414.7487921488518,417.01668496272606,85373300
2023-06-08,417.6882629394531,418.1457326834029,414.46651867815314,415.24517667879593,61952800
2023-06-09,418.4377136230469,420.47198508506995,417.43517735795615,418.49611148673,85742800
2023-06-12,422.2337646484375,422.3116482769107,418.7005747338686,419.43057780532433,76104300
2023-06-13,425.0174865722656,425.6696059560719,423.0416129596479,423.7132181007548,95899700
2023-06-14,425.5235900878906,427.35346894904524,422.0293127748973,425.3581393824717,100612100
2023-06-15,430.7991638183594,432.06449062916386,424.599008978394,424.6963189608391,110303100
2023-06-16,429.3317565917969,433.3861055747919,428.8530591628444,432.8097068830916,114121300
2023-06-20,427.104248046875,428.26682434594113,425.0038053417022,427.36804440257424,76160400
2023-06-21,424.9159240722656,426.9186657205313,424.3199672614879,426.1078078795827,76982300
2023-06-22,426.44976806640625,426.5572185867041,423.60683122872587,423.94877074517865,70637200
2023-06-23,423.22576904296875,425.0331379202763,422.50283341774065,422.9522234160524,92074500
2023-06-26,421.4965515136719,424.5934754368762,421.2523132944939,422.6493487527752,72823600
2023-06-27,426.11761474609375,426.74284917973586,421.92647791383797,422.38564702892654,72813700
2023-06-28,426.3325500488281,427.35833881179315,424.3981723027974,425.02340674295726,75636000
2023-06-29,428.01287841796875,428.1789735516277,425.5021317852596,425.91243536260924,67882300
2023-06-30,433.06365966796875,434.0601408453245,430.943658857801,431.2660699953986,104921500
2023-07-03,433.56195068359375,433.84524556804314,432.42868170308367,432.71200640177057,32793400
2023-07-05,432.91717529296875,433.6596690923143,431.7155124041709,431.72529147444817,58418400
2023-07-06,429.52716064453125,429.95702235075805,426.9870768752562,429.29270146449466,80658300
2023-07-07,428.44268798828125,432.43845163821334,428.1984497600781,428.5208609172789,86076100
2023-07-10,429.52716064453125,429.7030050295587,427.50486077399677,428.08125946774646,62443500
2023-07-11,432.2625732421875,432.76082876342167,429.3121862073736,430.2989181802533,64463800
2023-07-12,435.7405700683594,437.16694292685935,434.65616653988315,436.10206772542455,91924500
2023-07-13,439.198974609375,440.0000831998298,437.137618154442,437.5772291022,72425200
2023-07-14,438.9254455566406,440.95749469184375,438.15364433353807,440.0978010901068,69761800
2023-07-17,440.4494934082031,441.51436861612706,438.7300465624046,438.77891210166564,52680200
2023-07-18,443.7222595214844,444.3768012972551,439.6776600270388,440.11730077703953,80744400
2023-07-19,444.7090148925781,445.91064799435,443.6441098923527,444.52339143853806,65891700
2023-07-20,441.7585754394531,444.6112911566319,441.0356398008323,443.70273207335373,70591600
2023-07-21,441.7585754394531,443.70273207335373,441.7488261836865,443.49755048868747,71245400
2023-07-24,443.7320556640625,444.5526925899651,441.87582114974117,442.92116799428237,54023400
2023-07-25,444.9434814453125,446.21350843314684,443.4096580635545,443.4585236026188,55191200
2023-07-26,445.0118713378906,446.45774269927045,442.9309566740242,443.99583186815164,71052900
2023-07-27,442.0614318847656,448.8512668295463,441.14309372438333,448.44093347127927,92194400
2023-07-28,446.3893737792969,447.2295390407471,442.061449370216,445.3733343206396,80011800
2023-07-31,447.23931884765625,447.60078668465394,445.5394003667837,446.8680719401756,62040400
2023-08-01,445.9595031738281,446.7117462287747,444.9922994583383,445.75432158355653,55291500
2023-08-02,439.7558288574219,443.0676837995684,438.99380676163474,442.8039172405704,93933400
2023-08-03,438.49554443359375,440.4006145506753,437.05942245059424,437.71399402436066,64276100
2023-08-04,436.5123291015625,442.4619687698737,435.9847661800375,440.33221857285656,100052300
2023-08-07,440.3224792480469,440.47879530609856,437.6651658896473,438.3685732437601,58357500
2023-08-08,438.40765380859375,440.31272406281704,435.00784667378764,437.75308218770624,71361300
2023-08-09,435.4767761230469,438.847275715875,434.7049749469342,438.6811805966212,78789600
2023-08-10,435.63311767578125,441.28968391802465,434.4510128886992,437.86056933276336,93005500
2023-08-11,435.3791198730469,436.404938461979,433.13213978837064,433.7378459078447,68664600
2023-08-14,437.7823486328125,437.7823486328125,434.13833340587485,434.45096548852365,47867400
2023-08-15,432.68267822265625,436.34625154711455,432.10624978308044,435.9847539351431,75707500
2023-08-16,429.5076599121094,433.9430053620364,429.4001795715276,432.26264489725725,80107200
2023-08-17,426.23486328125,431.2563865579149,425.7073002754339,430.99261996212766,95711300
2023-08-18,426.4399719238281,427.48531875841724,423.03041559493624,423.3821043537296,98758400
2023-08-21,429.2144775390625,429.9667205284757,425.28713766880645,427.4657235243968,68719000
2023-08-22,428.05194091796875,431.01210724576634,427.4853213095629,431.01210724576634,65062900
2023-08-23,432.8194885253906,433.4447527592997,428.9800703719316,429.12660735980415,68441000
2023-08-24,426.82098388671875,434.9589887513952,426.7916466768767,434.44120488622656,88517300
2023-08-25,429.83001708984375,431.129351475143,424.9745594365849,428.56973935869985,102325100
2023-08-28,432.5556640625,433.1808983985004,429.8299571958669,432.0476294868743,61595400
2023-08-29,438.8081970214844,439.09152172911735,432.26260023499714,432.4482236833527,83081900
2023-08-30,440.6155700683594,441.26036260850424,438.43695420457783,439.1501406082771,69053900
2023-08-31,439.97076416015625,442.39358837943115,439.7851407157134,441.2407910612769,66084600
2023-09-01,440.7914123535156,443.2142664491309,439.31620383015326,442.725789964758,58875700
2023-09-05,438.8863220214844,440.6643834985176,438.8179579756271,440.34200215187354,55166200
2023-09-06,435.9359130859375,438.1731435177293,433.58145307942056,438.06566319807405,70758500
2023-09-07,434.5975036621094,435.28135280377876,432.54589660862825,432.89758534190344,70355400
2023-09-08,435.2521057128906,436.80545746187676,434.2849317481469,434.6463996010616,61659700
2023-09-11,438.1145935058594,438.4271958132665,436.18021579418746,437.90941190551837,60180100
2023-09-12,435.71124267578125,438.1927115512002,435.12509474903834,436.6491389870466,67565400
2023-09-13,436.21923828125,437.391563844118,434.8221730095013,435.9359135991734,60199300
2023-09-14,439.98046875,440.6838759906283,437.40132874385284,438.7202210468102,83430800
2023-09-15,434.6795349121094,438.70899068528865,434.23837327815903,438.3756585887244,111761400
2023-09-18,434.9344177246094,436.24814880807725,433.8853836029361,434.36576954377193,55752200
2023-09-19,434.0324401855469,434.6010883699413,431.3167456810257,434.00302941183014,66514600
2023-09-20,430.0422058105469,435.72850770017635,429.8363004909828,435.3069433362331,82562600
2023-09-21,422.934326171875,427.4245402914484,422.777458746294,427.1598433404442,103976100
2023-09-22,421.9833679199219,425.5912292061107,421.56177359401596,423.97357677415033,100829700
2023-09-25,423.7579040527344,423.79709847386374,420.31669371638657,420.75788526903824,70874500
2023-09-26,417.5323181152344,421.3950924504434,416.68915944297646,420.6793904313852,96168400
2023-09-27,417.6990051269531,419.2872767272579,414.0127250278903,418.7186285208834,104705800
2023-09-28,420.1205749511719,421.8166760173577,416.5421245318838,417.1401834888594,92258300
2023-09-29,419.1009826660156,423.38532158430377,417.5617490282726,423.2088569418552,115078500
2023-10-02,418.934326171875,420.1990493555368,416.1401828253966,418.2578484168517,83798600
2023-10-03,413.326416015625,418.9931211100854,411.9440498179188,416.7284017851677,103760600
2023-10-04,416.33624267578125,417.0911391343346,412.31660079435824,413.7970128576621,87453000
2023-10-05,416.17938232421875,417.0323246811002,412.91466676522356,416.0421121006544,70142700
2023-10-06,421.1205749511719,422.679405697232,412.35580591151177,413.6989476909811,113202700
2023-10-09,423.8166809082031,424.39511271261716,418.64017552152256,419.19898019803634,80374400
2023-10-10,426.0226135253906,428.6500758108276,424.05200185161056,424.45396905428936,78607300
2023-10-11,427.76776123046875,428.0226446624374,424.68929356030554,427.1010969939239,62451700
2023-10-12,425.15985107421875,428.76771235904323,422.7774885888105,428.38537229171556,81154200
2023-10-13,423.04217529296875,427.89516238865644,421.4539336745702,426.67944726394114,95143100
2023-10-16,427.4931640625,428.5716088851418,425.07157747323214,425.3166772093143,75433200
2023-10-17,427.47357177734375,429.5520428410279,423.97356999956037,424.3264992869723,75324700
2023-10-18,421.7774353027344,426.6500194127167,420.6793932361585,425.6794340001902,93559800
2023-10-19,418.071533203125,424.33629709672346,417.38527186327997,422.50295577657073,121323000
2023-10-20,412.93426513671875,418.1794058713674,412.826405686557,417.630384814372,123845800
2023-10-23,412.21856689453125,416.1303793610577,409.61070188998167,411.3852217369332,92035100
2023-10-24,415.3264465332031,416.49312377432966,412.49307897063755,414.36564471127423,78564200
2023-10-25,409.3655700683594,413.6499386170089,408.84595982104696,413.6205278452516,94223200
2023-10-26,404.4635925292969,409.1498985183066,403.5322314377385,408.2871725369038,115156800
2023-10-27,402.6302490234375,406.4734262191426,401.1890613149734,406.0714590439217,107367700
2023-10-30,407.44403076171875,408.5126621179571,404.140090805768,405.4538219203933,86562700
2023-10-31,410.00286865234375,410.32638715377004,406.09105634595556,408.02244354863467,79665200
2023-11-01,414.3754577636719,415.19898935884856,410.4440480777059,410.9832854960481,98068100
2023-11-02,422.3167419433594,422.47360939565095,418.1990535990749,418.21865081083365,94938900
2023-11-03,426.1696472167969,427.738291613609,424.52258406387557,424.6500407220308,100110800
2023-11-06,427.1500549316406,427.6010301071179,425.17944331101864,426.93436594868996,67831700
2023-11-07,428.36572265625,429.0127895786735,425.9931738600998,427.1500374853103,64256100
2023-11-08,428.6794738769531,429.50300546800065,426.3461194092833,428.97358161682587,61746000
2023-11-09,425.3363037109375,429.87555592291034,424.904925752171,429.8363315850034,83174400
2023-11-10,431.9736022949219,432.28733716521367,425.3264980675604,427.4343799178175,89462200
2023-11-13,431.5618591308594,432.67949848696634,429.82656358769646,430.62068442265274,52236100
2023-11-14,439.9344482421875,441.23836573046316,437.34618055499016,437.5716830930029,97176900
2023-11-15,440.8658447265625,442.532535106178,440.0030887615571,441.2874091441976,77327600
2023-11-16,441.4050598144531,441.7285783252467,439.33640233227624,440.41484723392745,66665800
2023-11-17,441.9540710449219,442.57172719847307,440.48347255338206,441.4148336463822,83133200
2023-11-20,445.3560485839844,446.2089909063294,441.6893360671345,441.69914963110705,69936200
2023-11-21,444.3854675292969,445.22862627210776,443.10114716472856,444.29723520494537,49244600
2023-11-22,446.1011657714844,447.4345240400002,444.99333997526907,446.0619713513844,59394900
2023-11-24,446.37567138671875,446.57176316267487,445.8168666721121,446.15019875571403,29737400
2023-11-27,445.5717468261719,446.56192946772256,445.17956329193873,445.7383979007583,50506000
2023-11-28,446.012939453125,447.3266706098767,444.61097597085313,445.1795942640064,62115000
2023-11-29,445.69915771484375,449.33645940551764,445.2972204695323,448.1893794555403,63146000
2023-11-30,447.4541015625,447.80706076370257,444.4540829895932,446.5521512294108,79752700
2023-12-01,450.1011962890625,450.64040378256834,446.23842175479484,446.8364507959776,89097900
2023-12-04,447.7384033203125,450.1207656118408,445.4344597810272,446.6697720445167,72430900
2023-12-05,447.65020751953125,448.6207929946436,445.954106409832,446.33647639663644,69793500
2023-12-06,445.8462829589844,449.84629793106757,445.4050914173305,449.81688715625097,69124700
2023-12-07,449.2482604980469,449.90511109651214,447.34628397693746,447.9541265914232,66995400
2023-12-08,451.17962646484375,451.71883394074496,448.2482131441039,448.4933128912231,83080900
2023-12-11,452.9345397949219,453.1110343596532,450.46394500212847,450.6796339862187,65002200
2023-12-12,455.003173828125,455.10121971026973,451.5717773888773,452.5815871442226,68327600
2023-12-13,461.27777099609375,461.5326843332345,455.02282002630005,455.38556290182754,93278000
2023-12-14,462.7581481933594,464.4444356942921,460.0522373403874,463.23853413603206,119026000
2023-12-15,461.9961853027344,463.3448027683504,460.12588091693294,462.1536887302671,141319300
2023-12-18,464.594970703125,465.5891979977767,462.54748612125485,463.62045011337096,70375300
2023-12-19,467.42010498046875,467.4988717162607,465.0674669508934,465.14620364597755,55761800
2023-12-20,460.9429626464844,468.46356412089403,460.5098356984561,466.55387622478094,102921000
2023-12-21,465.3135681152344,465.5891916136435,461.5138691292639,463.96495059871324,86667500
2023-12-22,466.24871826171875,467.9516960202922,464.3292070719011,466.4554283810848,67126600
2023-12-26,468.21746826171875,469.13292883513145,466.5834038825501,466.6621706221802,55387000
2023-12-27,469.06402587890625,469.2116759586534,467.46934493622075,468.01073857552973,68000300
2023-12-28,469.2412109375,470.08775809747596,468.81793735751205,469.42824438739393,77158100
2023-12-29,467.8827819824219,469.5759063860518,465.90418072054433,469.04433603914117,122234100
